polygon
1
  -8.9644658   37.0255177
  -8.9641951   37.0254649
  -8.9639026   37.0253392
  -8.9633062   37.0249432
  -8.9632783   37.0249108
  -8.9632619   37.0248494
  -8.9633196   37.0246178
  -8.9634445   37.024325
  -8.9634679   37.0240517
  -8.9635683   37.0238155
  -8.963689    37.0236408
  -8.9638086   37.0233543
  -8.9638349   37.0232042
  -8.9638431   37.0229236
  -8.9639306   37.0225349
  -8.9639078   37.022423
  -8.9638252   37.0223065
  -8.9637707   37.0222687
  -8.9635528   37.0222374
  -8.9631599   37.0222454
  -8.9630377   37.0222857
  -8.9627912   37.0224835
  -8.9626512   37.0225383
  -8.9623447   37.0225249
  -8.9622259   37.0224284
  -8.9620292   37.022327
  -8.9618577   37.0222006
  -8.9617756   37.0221643
  -8.9616068   37.0221286
  -8.9614006   37.0221184
  -8.9607571   37.0223123
  -8.9606246   37.0223027
  -8.960544    37.0222665
  -8.9604875   37.022184
  -8.9604639   37.0219707
  -8.9603682   37.0217386
  -8.9603399   37.0215426
  -8.9603007   37.0214493
  -8.9602561   37.0214115
  -8.9601676   37.0213858
  -8.9599625   37.0214714
  -8.9597298   37.0214916
  -8.959654    37.0214527
  -8.9595911   37.0213767
  -8.9595574   37.0212875
  -8.9595925   37.0207528
  -8.9595421   37.0206294
  -8.9593083   37.0203336
  -8.9592182   37.0201738
  -8.9591993   37.0200003
  -8.9592192   37.0198528
  -8.9593229   37.0196074
  -8.9594378   37.0194445
  -8.959499    37.019394
  -8.95981     37.019247
  -8.9599749   37.0190299
  -8.9602361   37.0188439
  -8.9602675   37.0187199
  -8.960217    37.0185782
  -8.9601436   37.0184577
  -8.9600192   37.0183621
  -8.9601129   37.0182152
  -8.9600605   37.0181844
  -8.9599488   37.0181681
  -8.9596075   37.0182418
  -8.9594674   37.0183099
  -8.9592973   37.0184872
  -8.9590606   37.01864
  -8.9588264   37.0190315
  -8.958787    37.0190287
  -8.9585703   37.0189273
  -8.9585532   37.018876
  -8.9585821   37.018486
  -8.9587147   37.0182824
  -8.9587159   37.0182107
  -8.9586552   37.0181534
  -8.9584641   37.0181143
  -8.9583844   37.0180322
  -8.958279    37.0178475
  -8.9581642   37.0175802
  -8.9581143   37.0175665
  -8.9579382   37.0175771
  -8.9578985   37.01754
  -8.9576957   37.0171925
  -8.9576137   37.0168549
  -8.957354    37.0166549
  -8.9573307   37.0166078
  -8.9573382   37.0163919
  -8.9572523   37.0163188
  -8.9570738   37.0162201
  -8.9569789   37.0162221
  -8.9567408   37.016283
  -8.9566834   37.0162649
  -8.9566297   37.0161456
  -8.956693    37.0159478
  -8.9566919   37.0158115
  -8.9566184   37.0157547
  -8.9563243   37.0156355
  -8.9562185   37.0155524
  -8.9562971   37.015409
  -8.9563265   37.0152368
  -8.9564471   37.0151512
  -8.9567735   37.0150345
  -8.9568751   37.0149155
  -8.9568785   37.0148552
  -8.9568613   37.014844
  -8.9567787   37.0148546
  -8.9567158   37.0147813
  -8.9566093   37.0147702
  -8.9564629   37.0146936
  -8.9562729   37.0146607
  -8.9562272   37.0146742
  -8.9561646   37.0147865
  -8.9561188   37.0149341
  -8.9560414   37.0153334
  -8.9560533   37.015382
  -8.9561554   37.0154471
  -8.9561576   37.015501
  -8.9560703   37.0156017
  -8.9559283   37.0156225
  -8.955926    37.015408
  -8.9560104   37.0150429
  -8.9558583   37.0149386
  -8.9557311   37.014808
  -8.955667    37.0147807
  -8.9555426   37.0147671
  -8.9555031   37.014741
  -8.9554276   37.0149008
  -8.9553854   37.014934
  -8.9553412   37.0149303
  -8.955331    37.0148975
  -8.9554725   37.0146715
  -8.9554817   37.0146108
  -8.9553115   37.0144502
  -8.9552331   37.0144626
  -8.9551412   37.0145803
  -8.9550869   37.0146149
  -8.9550689   37.0146163
  -8.9550505   37.0145823
  -8.9551573   37.0144697
  -8.9551599   37.0144105
  -8.9551385   37.0143935
  -8.9549863   37.0145432
  -8.954949    37.0145632
  -8.9549129   37.0145516
  -8.954906    37.014528
  -8.9550246   37.0144509
  -8.9550584   37.0144059
  -8.954968    37.0143565
  -8.9548918   37.0144189
  -8.9547823   37.0144197
  -8.9547592   37.014404
  -8.9547818   37.0143723
  -8.9548844   37.0143347
  -8.9548349   37.0142943
  -8.9548233   37.0139876
  -8.9547754   37.013938
  -8.9547167   37.0139542
  -8.9546793   37.0141268
  -8.9546485   37.0141573
  -8.9546322   37.0141521
  -8.9546295   37.0140574
  -8.9545867   37.0140301
  -8.9545168   37.0140661
  -8.954338    37.0142318
  -8.9542793   37.0142454
  -8.9542315   37.0142101
  -8.9542385   37.0140996
  -8.9541972   37.0140604
  -8.9541579   37.0140685
  -8.9539551   37.0142559
  -8.9538541   37.0143078
  -8.9535313   37.0143736
  -8.9532741   37.0143712
  -8.9532968   37.0142901
  -8.9532164   37.0141926
  -8.9532819   37.0141202
  -8.9532885   37.014083
  -8.9533367   37.0140446
  -8.9533364   37.0140018
  -8.9533122   37.0139824
  -8.953237    37.0139832
  -8.9532005   37.013966
  -8.9531729   37.0139003
  -8.9532286   37.0138348
  -8.9531583   37.0138072
  -8.9530365   37.0137951
  -8.9530537   37.0136924
  -8.9529967   37.0135974
  -8.9530358   37.0135663
  -8.9530983   37.0135548
  -8.9532473   37.0135827
  -8.9532953   37.0135415
  -8.9533498   37.0135296
  -8.953367    37.0135029
  -8.9533382   37.0134488
  -8.9532172   37.0134132
  -8.9531945   37.0133811
  -8.953327    37.0131832
  -8.9533041   37.0129437
  -8.9534477   37.0128325
  -8.953435    37.0126549
  -8.9531956   37.0123973
  -8.9531548   37.0123113
  -8.9531736   37.0122881
  -8.9533046   37.0123233
  -8.9533843   37.0122871
  -8.9534216   37.0122035
  -8.9533975   37.0121032
  -8.9534123   37.0120315
  -8.9533476   37.0119127
  -8.9533714   37.0118339
  -8.9533559   37.0118001
  -8.9532634   37.0117646
  -8.9530693   37.0117314
  -8.9529542   37.0116427
  -8.9529511   37.0116094
  -8.9529927   37.0115418
  -8.9529277   37.0114262
  -8.9529277   37.0113777
  -8.952957    37.0113171
  -8.9531184   37.0112212
  -8.9530891   37.0111987
  -8.9530081   37.0112211
  -8.9529209   37.0110825
  -8.9530695   37.0109054
  -8.9530361   37.0108313
  -8.9527012   37.0105847
  -8.9526551   37.0105217
  -8.9526477   37.0103717
  -8.9525459   37.0102699
  -8.9525135   37.0101596
  -8.9525155   37.01005
  -8.952579    37.0097305
  -8.9525911   37.0094692
  -8.9525767   37.0093677
  -8.9525261   37.0092629
  -8.9524187   37.0091559
  -8.9522711   37.009123
  -8.9521626   37.009186
  -8.9518112   37.0094671
  -8.9516985   37.0094816
  -8.9510722   37.0091773
  -8.9510328   37.0091278
  -8.9510262   37.0090437
  -8.9509943   37.0090232
  -8.9507984   37.0090123
  -8.950663    37.0089353
  -8.9504405   37.008909
  -8.9500467   37.0087537
  -8.949522    37.0087283
  -8.949426    37.0087037
  -8.949336    37.0086346
  -8.9491528   37.0083706
  -8.9491261   37.0082938
  -8.9491754   37.0080204
  -8.9492314   37.007905
  -8.9492087   37.0077801
  -8.9491377   37.0076808
  -8.94898     37.007541
  -8.948916    37.0074856
  -8.9487666   37.0073696
  -8.9487458   37.0071557
  -8.9488127   37.0069512
  -8.9487903   37.0067516
  -8.948752    37.006707
  -8.9485662   37.0066517
  -8.9485001   37.0065716
  -8.9484426   37.0064094
  -8.9483657   37.0058667
  -8.9482684   37.0055901
  -8.9481985   37.0055205
  -8.9479495   37.0053897
  -8.9478419   37.0052621
  -8.9477999   37.0050446
  -8.9478163   37.0047466
  -8.9478002   37.0045302
  -8.9476771   37.0041913
  -8.9476761   37.0039933
  -8.9477284   37.0038593
  -8.9479184   37.0036517
  -8.9480188   37.0033771
  -8.9482208   37.0030747
  -8.9483906   37.0029635
  -8.9487327   37.0028427
  -8.9488491   37.0027598
  -8.9488996   37.0025615
  -8.9489729   37.0019877
  -8.9489602   37.0017084
  -8.9490261   37.0015329
  -8.9492316   37.0012533
  -8.9493419   37.0011357
  -8.949405    37.0010447
  -8.9495943   37.0008261
  -8.9497507   37.0005441
  -8.9498015   37.0004271
  -8.9498678   37.0003003
  -8.949939    37.0001715
  -8.950012    37.0000617
  -8.9500613   37.0000098
  -8.9501775   36.9999193
  -8.9502552   36.9998705
  -8.9502832   36.9998674
  -8.9503425   36.9998606
  -8.9503814   36.9998227
  -8.9504387   36.9997663
  -8.9505004   36.9997273
  -8.9506312   36.999602
  -8.9506715   36.999566
  -8.9507066   36.9995365
  -8.9507649   36.9995137
  -8.9508204   36.9994948
  -8.9508683   36.9994524
  -8.9509589   36.9993396
  -8.9509878   36.9992987
  -8.9510746   36.9991968
  -8.9511134   36.9991563
  -8.9511703   36.9991423
  -8.9512258   36.9991199
  -8.9512547   36.9990851
  -8.9513131   36.9989567
  -8.9514074   36.9987837
  -8.9514743   36.9986825
  -8.951553    36.9985905
  -8.9516047   36.9985458
  -8.9516701   36.9984822
  -8.9516805   36.9984409
  -8.9516948   36.9983936
  -8.9516966   36.9983338
  -8.9516843   36.998163
  -8.9516682   36.998102
  -8.9516227   36.9980695
  -8.951553    36.9980335
  -8.9514994   36.998018
  -8.951388    36.9979922
  -8.9512144   36.9979521
  -8.9510034   36.9978953
  -8.9508764   36.9978388
  -8.9507915   36.9977995
  -8.9506516   36.9977127
  -8.950552    36.99764
  -8.9504496   36.9975423
  -8.9503635   36.9974334
  -8.9503192   36.9973708
  -8.9502472   36.9972186
  -8.9502052   36.9970993
  -8.9502007   36.9970072
  -8.9502235   36.9969285
  -8.950286    36.9968414
  -8.9503534   36.9967219
  -8.9504061   36.996562
  -8.9505108   36.9964229
  -8.9505554   36.9963502
  -8.950562    36.9962972
  -8.9505558   36.9961862
  -8.9505464   36.9960904
  -8.9505193   36.9960007
  -8.9504786   36.9958977
  -8.950433    36.9958545
  -8.9503866   36.9957954
  -8.9503738   36.9957477
  -8.9503937   36.9956936
  -8.9504492   36.9956087
  -8.9505302   36.9954584
  -8.9506022   36.9952367
  -8.9506094   36.9951618
  -8.9505881   36.9951096
  -8.9505885   36.9950571
  -8.9505942   36.9949867
  -8.9506237   36.9948918
  -8.9506261   36.9948001
  -8.9506165   36.9946918
  -8.9506046   36.994588
  -8.9505655   36.9944721
  -8.9505113   36.9943752
  -8.9504148   36.9942536
  -8.9502643   36.9940981
  -8.9501636   36.9940536
  -8.9500575   36.9940262
  -8.9499961   36.9939829
  -8.9498957   36.9938606
  -8.9498494   36.9937963
  -8.9498231   36.9937434
  -8.9497842   36.9937228
  -8.9497456   36.993731
  -8.9496857   36.9937502
  -8.9496297   36.9937581
  -8.9495355   36.993714
  -8.9494632   36.9937146
  -8.9493493   36.9937351
  -8.9492933   36.9937554
  -8.9491199   36.9938789
  -8.94907     36.9938957
  -8.949055    36.9938849
  -8.9490763   36.9938162
  -8.9490891   36.993744
  -8.9490636   36.9936963
  -8.9489919   36.9936248
  -8.9489069   36.9935578
  -8.9488201   36.9935042
  -8.9487798   36.9935049
  -8.948744    36.9935168
  -8.9486491   36.9935824
  -8.9485819   36.9936253
  -8.9485558   36.9936296
  -8.9485118   36.9936185
  -8.9484485   36.9935795
  -8.9483887   36.9935659
  -8.9482317   36.9935969
  -8.948173    36.9935914
  -8.9478404   36.9937627
  -8.9478231   36.9937481
  -8.9478759   36.9937074
  -8.948041    36.9935608
  -8.9480564   36.9935195
  -8.9480256   36.993499
  -8.94795     36.9935322
  -8.9478677   36.9935856
  -8.9478235   36.9936545
  -8.9477429   36.993779
  -8.9477066   36.9937942
  -8.9476618   36.9937984
  -8.9476115   36.9938218
  -8.9475634   36.9938344
  -8.9475015   36.9938541
  -8.9474555   36.9938725
  -8.9474126   36.9938896
  -8.947388    36.9938955
  -8.9473574   36.9938919
  -8.9473386   36.9938673
  -8.9472878   36.9938223
  -8.9472506   36.9937962
  -8.9472129   36.9937877
  -8.9471379   36.9937784
  -8.9470443   36.993788
  -8.9469567   36.9937977
  -8.9468589   36.9938327
  -8.9467001   36.9938885
  -8.9466424   36.993932
  -8.9465366   36.9940325
  -8.9465107   36.994122
  -8.9465376   36.9942417
  -8.9463917   36.994408
  -8.9464154   36.9945355
  -8.9464097   36.9946162
  -8.9464471   36.994686
  -8.9464364   36.9947416
  -8.9464019   36.9948001
  -8.9464236   36.9948876
  -8.9464618   36.9949197
  -8.9465256   36.9949274
  -8.9466131   36.9949172
  -8.9466995   36.9949123
  -8.9467428   36.9949217
  -8.9469586   36.995229
  -8.9469746   36.9953263
  -8.9469643   36.9954134
  -8.9468451   36.9956943
  -8.946998    36.9960851
  -8.9469962   36.996147
  -8.9469497   36.9962574
  -8.947009    36.9964137
  -8.947006    36.9966997
  -8.9469817   36.9968336
  -8.9470511   36.9970356
  -8.947217    36.9973576
  -8.9472554   36.9975255
  -8.9472258   36.9978586
  -8.947145    36.9981839
  -8.9472401   36.9983994
  -8.947265    36.9988574
  -8.9473111   36.9993249
  -8.9472039   36.9998
  -8.9470125   37.000189
  -8.9469169   37.0002565
  -8.9468485   37.0001448
  -8.9468117   37.0001264
  -8.9467258   37.0002017
  -8.9466694   37.0003004
  -8.9466711   37.0004645
  -8.9466296   37.000586
  -8.946197    37.0012385
  -8.9458137   37.0016018
  -8.9454926   37.0018933
  -8.9453833   37.0019773
  -8.9453393   37.0020689
  -8.945243    37.0020787
  -8.9450565   37.00214
  -8.9449369   37.0022676
  -8.9447888   37.0023461
  -8.9447619   37.0023889
  -8.9446869   37.0024435
  -8.9446673   37.0024326
  -8.944652    37.0024285
  -8.9446439   37.0024135
  -8.9446252   37.0024221
  -8.9446305   37.0024379
  -8.9446136   37.0024647
  -8.9445742   37.0024928
  -8.9444688   37.0025471
  -8.9443717   37.0025859
  -8.9442824   37.0026339
  -8.9442175   37.0026856
  -8.9440785   37.0027518
  -8.943982    37.0028138
  -8.9439055   37.0028439
  -8.9438291   37.00286
  -8.9437509   37.002896
  -8.9436884   37.0029251
  -8.9435872   37.0028751
  -8.9432803   37.0030212
  -8.943118    37.0031439
  -8.9430654   37.0031943
  -8.943048    37.0032175
  -8.943059    37.0032563
  -8.9430913   37.0032718
  -8.9431968   37.0033026
  -8.943268    37.0033414
  -8.9432688   37.0033917
  -8.9432111   37.0035128
  -8.9431866   37.0035574
  -8.943089    37.0036315
  -8.942935    37.003734
  -8.9428873   37.0038443
  -8.9427626   37.0039397
  -8.9427426   37.0040113
  -8.9427485   37.0040928
  -8.9427261   37.0042148
  -8.9426819   37.0042774
  -8.9425858   37.0043579
  -8.9424929   37.0044095
  -8.9423421   37.0044831
  -8.9423039   37.0045099
  -8.9422275   37.0045683
  -8.9421386   37.0046104
  -8.9420661   37.0046351
  -8.9419331   37.0046472
  -8.941783    37.0046803
  -8.9416493   37.0047229
  -8.9415044   37.0047739
  -8.9413904   37.0047923
  -8.9412851   37.0048018
  -8.9411948   37.004806
  -8.9411349   37.0048192
  -8.9410763   37.004847
  -8.9410038   37.0048975
  -8.9409103   37.0049706
  -8.9408557   37.0050022
  -8.9407549   37.0050511
  -8.9406495   37.0050879
  -8.9404901   37.0051331
  -8.9403676   37.0051726
  -8.9401661   37.0052289
  -8.9400542   37.0052636
  -8.9399587   37.0052993
  -8.9398592   37.0053298
  -8.9397697   37.0053451
  -8.9396998   37.0053667
  -8.9395708   37.0053951
  -8.9394792   37.0054171
  -8.9392862   37.005444
  -8.938984    37.0054876
  -8.9387297   37.0055208
  -8.9386046   37.0055297
  -8.9384261   37.0055507
  -8.9382872   37.0055786
  -8.9380283   37.0056207
  -8.9377913   37.0056622
  -8.9375245   37.0056948
  -8.9372861   37.005729
  -8.9371379   37.0057317
  -8.9368258   37.0057238
  -8.9366473   37.0056943
  -8.9364108   37.0056202
  -8.9362199   37.0055734
  -8.9360493   37.0055239
  -8.9357733   37.0054319
  -8.9355468   37.0053809
  -8.9353782   37.0053456
  -8.9351943   37.0053106
  -8.9348331   37.005313
  -8.9346654   37.0053004
  -8.9345595   37.0052613
  -8.9343356   37.0050728
  -8.934072    37.0047853
  -8.9339614   37.0045927
  -8.9338163   37.0044005
  -8.9337033   37.0042224
  -8.9336969   37.0040368
  -8.9336537   37.0039043
  -8.9335396   37.0038214
  -8.933522    37.0037536
  -8.9335572   37.0036705
  -8.9335643   37.0036166
  -8.9335443   37.0035772
  -8.9335035   37.0035509
  -8.933444    37.0035396
  -8.9333164   37.0035359
  -8.9332341   37.0035259
  -8.9331488   37.0035002
  -8.9330689   37.0034689
  -8.932971    37.0034095
  -8.9326647   37.0032444
  -8.9325645   37.0031837
  -8.9324517   37.0030887
  -8.9323021   37.0029792
  -8.932176    37.0028741
  -8.9321564   37.002831
  -8.9321572   37.0027866
  -8.9321854   37.0026602
  -8.9321995   37.002492
  -8.9321909   37.0024138
  -8.9321588   37.0023225
  -8.9320961   37.0021642
  -8.9320484   37.002081
  -8.9319802   37.0019828
  -8.9319152   37.0018596
  -8.9318064   37.001742
  -8.9316763   37.0016176
  -8.9315228   37.0015031
  -8.9314038   37.0014305
  -8.9313035   37.001393
  -8.9312354   37.0013874
  -8.9311947   37.0013911
  -8.9311579   37.0014074
  -8.9310545   37.0014781
  -8.9308767   37.0015963
  -8.9308399   37.0016344
  -8.9307569   37.0017358
  -8.9306002   37.0020072
  -8.9305462   37.0021129
  -8.9304953   37.0021705
  -8.9304365   37.0022649
  -8.9303966   37.0023619
  -8.9303774   37.0024477
  -8.930363    37.002494
  -8.9303606   37.0025677
  -8.9303645   37.0026252
  -8.9303841   37.0027165
  -8.9303911   37.0027772
  -8.9302821   37.0027658
  -8.930281    37.0028137
  -8.9303615   37.0028903
  -8.93033     37.0029267
  -8.9301895   37.0030538
  -8.9301252   37.0030378
  -8.9301024   37.0030571
  -8.9301415   37.0030921
  -8.930128    37.0031031
  -8.9300865   37.0031425
  -8.9298789   37.003347
  -8.9297105   37.0035265
  -8.9295844   37.0036372
  -8.9293988   37.0037979
  -8.9292289   37.0039111
  -8.929145    37.0039637
  -8.9290471   37.00403
  -8.9289774   37.0040869
  -8.9289101   37.0041551
  -8.9288467   37.0042226
  -8.9287769   37.0042971
  -8.9286814   37.0044397
  -8.9285287   37.0046079
  -8.9284872   37.0046479
  -8.9284002   37.0046898
  -8.9283564   37.0047186
  -8.9283243   37.0047499
  -8.9282593   37.0048481
  -8.9282506   37.0048768
  -8.9282483   37.0049269
  -8.9282083   37.0050251
  -8.9281151   37.0052283
  -8.9279577   37.0055379
  -8.9278277   37.0057068
  -8.9275935   37.0059301
  -8.9274283   37.0060139
  -8.927274    37.0060933
  -8.9269591   37.0062334
  -8.9267359   37.0063135
  -8.9266412   37.0063535
  -8.9265581   37.0064086
  -8.9265307   37.0064561
  -8.9265182   37.0065274
  -8.9264751   37.0066913
  -8.9264508   37.0067382
  -8.9263992   37.0068088
  -8.9260123   37.0071947
  -8.9257757   37.0074712
  -8.9256081   37.0076582
  -8.9253418   37.0079158
  -8.9252643   37.0080109
  -8.9252168   37.0080737
  -8.9251138   37.008259
  -8.9249759   37.0084956
  -8.924895    37.0086535
  -8.9248923   37.0087423
  -8.9249119   37.0087792
  -8.9249811   37.0088292
  -8.9250726   37.0088688
  -8.9251927   37.0089132
  -8.9253108   37.0089343
  -8.9254092   37.0089577
  -8.9255033   37.0089791
  -8.9248961   37.010426
  -8.9243407   37.0114784
  -8.9242083   37.0118241
  -8.9242032   37.0119301
  -8.9243928   37.0119985
  -8.9244652   37.0120119
  -8.9245008   37.0120149
  -8.9279072   37.0111121
  -8.9287069   37.0109097
  -8.9294939   37.0107013
  -8.9297935   37.0106355
  -8.9300039   37.0105851
  -8.930097    37.010601
  -8.9301989   37.0107249
  -8.9302266   37.0108814
  -8.930262    37.0111689
  -8.9302663   37.0114263
  -8.9302152   37.0120634
  -8.9301121   37.0127347
  -8.9300779   37.0128924
  -8.9299834   37.0130609
  -8.9299258   37.0131429
  -8.9298799   37.013181
  -8.9298134   37.0133357
  -8.9296462   37.0136523
  -8.929459    37.0138655
  -8.9291821   37.0141467
  -8.9289838   37.0142935
  -8.9288424   37.0144086
  -8.9287181   37.0145435
  -8.9285822   37.0145615
  -8.9284843   37.0145704
  -8.9284965   37.0147181
  -8.928504    37.0147528
  -8.9284378   37.014864
  -8.9282838   37.0150435
  -8.9281295   37.0152045
  -8.9279837   37.015369
  -8.927853    37.0155706
  -8.9277533   37.0156997
  -8.9276037   37.0158722
  -8.9275207   37.0159553
  -8.9275838   37.0160526
  -8.9276464   37.0160834
  -8.9277175   37.0161318
  -8.9277715   37.0161917
  -8.9277965   37.0162727
  -8.9278136   37.0165335
  -8.927811    37.016746
  -8.9277583   37.0169132
  -8.927678    37.0170405
  -8.9276661   37.0170804
  -8.927649    37.0171204
  -8.9276358   37.0172056
  -8.9276108   37.0173686
  -8.9275858   37.0175358
  -8.9275489   37.0176231
  -8.9274949   37.0177314
  -8.9274042   37.017882
  -8.92738     37.0179467
  -8.9273658   37.0180675
  -8.9272675   37.0183998
  -8.9271871   37.0184992
  -8.9270758   37.0186324
  -8.9270312   37.0187112
  -8.9268511   37.01893
  -8.9268056   37.0189769
  -8.9267344   37.0190063
  -8.9266232   37.0190382
  -8.9265229   37.019087
  -8.9263992   37.0191539
  -8.9262637   37.0192327
  -8.9261219   37.019339
  -8.9259606   37.019424
  -8.9258172   37.0195272
  -8.9256723   37.0196517
  -8.9255016   37.0198324
  -8.9252925   37.0200487
  -8.9251797   37.0201382
  -8.925085    37.0201938
  -8.9250231   37.020222
  -8.9249354   37.0202295
  -8.9248915   37.0202413
  -8.9248038   37.0202732
  -8.9246996   37.0203476
  -8.9245986   37.0204389
  -8.9244952   37.020524
  -8.924384    37.020599
  -8.9242736   37.0206459
  -8.9242054   37.0206634
  -8.9241341   37.0207016
  -8.9240684   37.0207322
  -8.9239752   37.020766
  -8.9238906   37.0207847
  -8.9238099   37.0208048
  -8.9237465   37.0208391
  -8.9236713   37.0208698
  -8.9235622   37.0208918
  -8.9233922   37.0209288
  -8.9232636   37.0209967
  -8.9231617   37.0210277
  -8.9230467   37.0210727
  -8.9229652   37.0210909
  -8.9229298   37.0210901
  -8.9229019   37.0210814
  -8.9228334   37.0210451
  -8.9227156   37.0209615
  -8.9226736   37.0209434
  -8.9226273   37.0209312
  -8.9224278   37.0210083
  -8.9223022   37.0210369
  -8.9221636   37.0210767
  -8.9220279   37.0211352
  -8.9219114   37.021182
  -8.9218117   37.021239
  -8.9217196   37.0213293
  -8.9216009   37.021419
  -8.9213779   37.021468
  -8.9211525   37.0215199
  -8.9209777   37.021657
  -8.9209428   37.0217554
  -8.9209033   37.0218619
  -8.9208623   37.0219252
  -8.920798    37.0219888
  -8.9205965   37.0221007
  -8.9205123   37.0221308
  -8.9204203   37.0221268
  -8.9202879   37.0221158
  -8.9200674   37.0220882
  -8.9200046   37.0220571
  -8.9199802   37.0220223
  -8.9199708   37.0219706
  -8.9199401   37.0219304
  -8.9198609   37.0218851
  -8.9197892   37.0218717
  -8.9197501   37.0218769
  -8.9197193   37.0218933
  -8.9196336   37.0219423
  -8.9195479   37.0220018
  -8.9194613   37.0220665
  -8.919343    37.0221342
  -8.9192602   37.0221848
  -8.9190245   37.0223119
  -8.9188829   37.0223855
  -8.9187293   37.0224591
  -8.9186147   37.0224934
  -8.918515    37.0225097
  -8.918325    37.0225112
  -8.9181583   37.0225067
  -8.9180102   37.0224971
  -8.917837    37.0224621
  -8.9176321   37.0224175
  -8.9174942   37.0224078
  -8.9173788   37.0223692
  -8.9172607   37.0223298
  -8.9170705   37.0222896
  -8.9168729   37.0223095
  -8.9165199   37.0223934
  -8.9164036   37.0224101
  -8.9162769   37.022405
  -8.9161317   37.022344
  -8.9158654   37.0222668
  -8.9157826   37.0222064
  -8.9157367   37.0221342
  -8.9156725   37.0221229
  -8.9156111   37.0221454
  -8.9155485   37.0221578
  -8.9154776   37.0221582
  -8.9152943   37.0221281
  -8.9150322   37.0220798
  -8.9148995   37.022071
  -8.9148587   37.022066
  -8.9148211   37.0220507
  -8.9147835   37.0220066
  -8.9147166   37.0219378
  -8.9146958   37.0219366
  -8.9146371   37.02195
  -8.9145776   37.0219519
  -8.9145368   37.0219816
  -8.914522    37.0219997
  -8.9144918   37.0220588
  -8.9144503   37.0221251
  -8.9144201   37.0221682
  -8.9144021   37.022172
  -8.9143919   37.0221737
  -8.9143814   37.0221667
  -8.9143645   37.0221532
  -8.914361    37.0221242
  -8.9143653   37.0221001
  -8.9143606   37.0220563
  -8.9143465   37.022046
  -8.9143252   37.0220534
  -8.914298    37.02206
  -8.9142587   37.0220596
  -8.9142161   37.0220477
  -8.9141762   37.022018
  -8.9141391   37.0219955
  -8.9140743   37.02198
  -8.9140173   37.0219738
  -8.9139154   37.0219791
  -8.9138218   37.02198
  -8.913742    37.0219645
  -8.9136484   37.0219685
  -8.9136007   37.0219602
  -8.913481    37.0218982
  -8.9133481   37.0218603
  -8.9132473   37.021717
  -8.913147    37.0216747
  -8.9131224   37.0216928
  -8.9131404   37.0218289
  -8.9131099   37.0219288
  -8.9131396   37.0220291
  -8.91314     37.0220735
  -8.9131035   37.0220503
  -8.9129739   37.0219187
  -8.9129291   37.021923
  -8.9128669   37.0220103
  -8.9128415   37.0220157
  -8.9128233   37.0219513
  -8.9128316   37.0218907
  -8.9128232   37.0218365
  -8.9127668   37.021801
  -8.9127357   37.0218012
  -8.9126111   37.0219241
  -8.9128612   37.0222551
  -8.9128482   37.0222811
  -8.9128229   37.0222923
  -8.9127193   37.02227
  -8.9126759   37.0222873
  -8.9126685   37.0224252
  -8.9126316   37.0224695
  -8.9121492   37.0226406
  -8.9121512   37.0227131
  -8.9121489   37.0227889
  -8.912101    37.0227805
  -8.9119343   37.022698
  -8.9118058   37.0226982
  -8.911695    37.0226855
  -8.9115486   37.0226972
  -8.9115339   37.0227324
  -8.9115669   37.0227821
  -8.9117808   37.0227757
  -8.9118671   37.0227901
  -8.9118827   37.022843
  -8.9118643   37.0228751
  -8.9116668   37.0229643
  -8.911576    37.0230689
  -8.9115458   37.0231591
  -8.9114171   37.02322
  -8.911368    37.023259
  -8.9113068   37.0233163
  -8.9112475   37.0233683
  -8.9111553   37.0234199
  -8.9110697   37.0234467
  -8.9109558   37.0234877
  -8.9109122   37.0235136
  -8.9108701   37.023534
  -8.9107898   37.0235929
  -8.9107312   37.0236533
  -8.9106857   37.0237353
  -8.9106653   37.0238163
  -8.9106396   37.0238652
  -8.9105385   37.0239221
  -8.9104361   37.0239972
  -8.9103848   37.024034
  -8.9103136   37.024106
  -8.9102089   37.0241965
  -8.9100831   37.0242759
  -8.909987    37.0243174
  -8.9098487   37.0243621
  -8.9097808   37.024371
  -8.9096366   37.0243716
  -8.9095049   37.0243942
  -8.9094166   37.024433
  -8.9093703   37.0244559
  -8.9092186   37.0245185
  -8.9090267   37.0245595
  -8.9090083   37.0245398
  -8.9090419   37.0244226
  -8.9091507   37.024193
  -8.9092371   37.0239523
  -8.9094215   37.0234141
  -8.9093779   37.0233192
  -8.9094154   37.0232443
  -8.9093323   37.0231522
  -8.909233    37.0231466
  -8.9091847   37.0230794
  -8.9092169   37.0229809
  -8.9091821   37.0228374
  -8.9093001   37.0227389
  -8.9093564   37.0225933
  -8.9093332   37.0224223
  -8.9091587   37.0222253
  -8.9090579   37.0221487
  -8.9089204   37.0221716
  -8.9088852   37.0221741
  -8.9088314   37.0221953
  -8.9087605   37.0222449
  -8.9086719   37.0223328
  -8.9085534   37.0224783
  -8.9084548   37.0225911
  -8.9083286   37.0227153
  -8.9082206   37.0228099
  -8.9081663   37.0228648
  -8.9081104   37.0229333
  -8.9080832   37.0229819
  -8.9080622   37.0230204
  -8.9080334   37.0230885
  -8.9079946   37.0231685
  -8.9079653   37.0232158
  -8.9079265   37.0232636
  -8.9078889   37.0232998
  -8.9078113   37.0233648
  -8.9077532   37.023406
  -8.9077105   37.0234289
  -8.9076668   37.0234462
  -8.9076053   37.0234643
  -8.907556    37.0234661
  -8.9074774   37.023455
  -8.9074381   37.0234431
  -8.9073849   37.0234312
  -8.9073472   37.0234316
  -8.9073262   37.0234466
  -8.9072963   37.0234705
  -8.907257    37.0235143
  -8.9071983   37.0235859
  -8.9071484   37.0236376
  -8.9071191   37.0236567
  -8.907098    37.0236606
  -8.9070941   37.0236483
  -8.907098    37.0236116
  -8.9071174   37.0235629
  -8.9071495   37.0234993
  -8.9071927   37.0234267
  -8.9072509   37.0232981
  -8.9073295   37.0231676
  -8.907401    37.0230834
  -8.907396    37.0230233
  -8.9073212   37.0229678
  -8.9073085   37.0229452
  -8.9072847   37.0229275
  -8.9072525   37.022905
  -8.9071744   37.0228767
  -8.9071163   37.0228754
  -8.9070842   37.0228882
  -8.9070742   37.0229032
  -8.9070615   37.0229421
  -8.9070493   37.0229939
  -8.9070438   37.0230438
  -8.907046    37.0230637
  -8.9070105   37.023092
  -8.9069596   37.0231022
  -8.9069164   37.0231018
  -8.9068798   37.0230898
  -8.9068676   37.0231208
  -8.9068681   37.0231429
  -8.9068632   37.0231694
  -8.9068604   37.0231902
  -8.9068366   37.0232229
  -8.9068001   37.0232468
  -8.9067453   37.0232486
  -8.9066877   37.023253
  -8.9066533   37.02326
  -8.9066378   37.0232746
  -8.9066328   37.0233109
  -8.9066367   37.0233622
  -8.9066323   37.02339
  -8.9066118   37.0234254
  -8.9066085   37.0234533
  -8.9066157   37.0234948
  -8.9066212   37.0235107
  -8.9066395   37.0235528
  -8.9066544   37.0235943
  -8.9066489   37.0236315
  -8.906614    37.0236796
  -8.9065902   37.0237075
  -8.9065625   37.0237137
  -8.9065542   37.0237137
  -8.9065402   37.0237144
  -8.9065315   37.0237088
  -8.9065099   37.0236965
  -8.9064844   37.023669
  -8.90648     37.0236496
  -8.9064789   37.0235908
  -8.9064672   37.023524
  -8.9064512   37.0235191
  -8.9064124   37.023539
  -8.9064024   37.0235523
  -8.9063875   37.0235912
  -8.906382    37.0236151
  -8.9063626   37.0236774
  -8.9063637   37.023727
  -8.9063437   37.0237575
  -8.9062839   37.0237858
  -8.9062308   37.0238079
  -8.9062042   37.0238119
  -8.9061228   37.0238154
  -8.9060569   37.0238282
  -8.9059461   37.0238733
  -8.9059223   37.0238981
  -8.905919    37.0239175
  -8.9059217   37.0239343
  -8.9059278   37.0239516
  -8.9059306   37.0239662
  -8.9059566   37.0240006
  -8.9059876   37.0240555
  -8.9060126   37.024086
  -8.9060325   37.0241337
  -8.9060414   37.0241501
  -8.9060447   37.0241824
  -8.906032    37.0242045
  -8.9059921   37.0242151
  -8.9059483   37.0242213
  -8.9059062   37.0242107
  -8.9058558   37.0242036
  -8.9058066   37.024216
  -8.9057739   37.024239
  -8.9057501   37.0242681
  -8.9057274   37.0242903
  -8.9056925   37.0242982
  -8.9056365   37.0243057
  -8.9055817   37.0243265
  -8.9055557   37.0243438
  -8.9055147   37.0243831
  -8.9055053   37.0244127
  -8.9055031   37.024453
  -8.9055009   37.0245069
  -8.9055036   37.0245631
  -8.9055219   37.0246179
  -8.9055601   37.0247297
  -8.9055917   37.0248354
  -8.9055956   37.0248628
  -8.9055889   37.0249009
  -8.9055612   37.0249376
  -8.9055158   37.0249862
  -8.9054637   37.025045
  -8.9054261   37.0250777
  -8.9053978   37.025106
  -8.9053884   37.025125
  -8.9053702   37.0251741
  -8.9053247   37.0252559
  -8.9052766   37.0253571
  -8.9052284   37.0254358
  -8.905219    37.0254473
  -8.9051708   37.0254686
  -8.9051364   37.0254871
  -8.9051104   37.0255115
  -8.9050966   37.0255278
  -8.9050894   37.025568
  -8.9050805   37.0256613
  -8.9050561   37.0256954
  -8.9050229   37.0257255
  -8.9050058   37.0257453
  -8.9050046   37.0257803
  -8.9050118   37.0258386
  -8.9050268   37.025901
  -8.90506     37.0259837
  -8.90506     37.0260593
  -8.9050456   37.0260792
  -8.905008    37.0261176
  -8.9049592   37.0261512
  -8.9049183   37.0261711
  -8.9048994   37.0261923
  -8.9048773   37.0262193
  -8.9048641   37.026235
  -8.904854    37.0262352
  -8.9048363   37.0262167
  -8.9048186   37.0261937
  -8.9047815   37.0261773
  -8.9047543   37.0261804
  -8.9047444   37.0261954
  -8.9047399   37.0262153
  -8.904751    37.0262383
  -8.9047687   37.0262684
  -8.9047948   37.0263321
  -8.9048119   37.0263754
  -8.9048119   37.0264174
  -8.904797    37.0264948
  -8.9047864   37.0265881
  -8.9047737   37.0266601
  -8.9047737   37.0267587
  -8.9047715   37.0268471
  -8.9047615   37.0268905
  -8.9047338   37.0269736
  -8.9047239   37.0270443
  -8.9047205   37.0271129
  -8.9047106   37.0272322
  -8.90472     37.0272994
  -8.90471     37.0273724
  -8.9046785   37.0274343
  -8.9046552   37.0274706
  -8.9046253   37.0274865
  -8.9046098   37.0274772
  -8.9045793   37.0274568
  -8.9045262   37.0274241
  -8.9044785   37.027421
  -8.9044248   37.0274277
  -8.90438     37.0274462
  -8.9043301   37.0274781
  -8.9043008   37.0275422
  -8.9042864   37.0276368
  -8.9042886   37.0277071
  -8.9042747   37.0277929
  -8.9042587   37.0278167
  -8.9042188   37.0278751
  -8.9041911   37.027906
  -8.9041629   37.0279511
  -8.9041451   37.0279976
  -8.9041324   37.0280701
  -8.9041341   37.0281276
  -8.9041429   37.0282102
  -8.9041468   37.0282323
  -8.9041872   37.0283371
  -8.9042061   37.0284185
  -8.9042188   37.0285025
  -8.9041817   37.0285856
  -8.9041363   37.0286625
  -8.9040903   37.028716
  -8.90401     37.0287739
  -8.9039131   37.0288513
  -8.9038765   37.0289189
  -8.9038439   37.0289968
  -8.9038079   37.0290396
  -8.9037497   37.0290984
  -8.9036949   37.0291683
  -8.903639    37.0291962
  -8.9035681   37.0292452
  -8.9035537   37.0292647
  -8.9035288   37.0292815
  -8.9034451   37.0293314
  -8.9033776   37.0293792
  -8.9033377   37.0294146
  -8.9032939   37.0294641
  -8.9032541   37.029488
  -8.9032075   37.0295052
  -8.9031339   37.0295224
  -8.9030519   37.0295463
  -8.9029816   37.0295852
  -8.9029157   37.0296591
  -8.9028719   37.0297316
  -8.9028326   37.0297758
  -8.9027512   37.0298434
  -8.9026731   37.0298775
  -8.9026117   37.0298969
  -8.9025745   37.0298947
  -8.9025325   37.0298775
  -8.9024865   37.0298487
  -8.902399    37.0297868
  -8.9023652   37.0297762
  -8.9023126   37.0297842
  -8.9022334   37.0298063
  -8.9020761   37.0299027
  -8.9020407   37.0299274
  -8.901951    37.0300136
  -8.9019161   37.0300596
  -8.901915    37.0301003
  -8.90192     37.03016
  -8.9019183   37.0302488
  -8.9019056   37.0302944
  -8.9018801   37.0303342
  -8.9018408   37.0303748
  -8.9017765   37.0304045
  -8.901699    37.0304133
  -8.9015882   37.0304102
  -8.9015057   37.0303806
  -8.9014381   37.0303359
  -8.9013828   37.0302846
  -8.9013451   37.0302413
  -8.9012886   37.0302223
  -8.9012504   37.0302289
  -8.9012188   37.0302519
  -8.9011967   37.0303023
  -8.9012194   37.0303488
  -8.9012786   37.0304531
  -8.9013556   37.0305981
  -8.901365    37.0306388
  -8.9013634   37.0307599
  -8.9013429   37.0308687
  -8.901215    37.0312471
  -8.901159    37.0314142
  -8.9011108   37.0315124
  -8.9010544   37.0316534
  -8.9010112   37.0317228
  -8.9009259   37.0318594
  -8.9008522   37.0320208
  -8.9008107   37.0321008
  -8.9007309   37.0321769
  -8.9006855   37.0322242
  -8.9005454   37.0323816
  -8.9004812   37.0324753
  -8.9004828   37.0325014
  -8.9005033   37.0325491
  -8.9005509   37.0326013
  -8.9006479   37.032657
  -8.9007204   37.0327091
  -8.9008079   37.0327768
  -8.9008085   37.0328263
  -8.9007847   37.0328745
  -8.9007259   37.0329253
  -8.9006218   37.0329925
  -8.9005377   37.0330451
  -8.9004701   37.0330743
  -8.9003416   37.0331367
  -8.9003206   37.0331278
  -8.9003078   37.0331106
  -8.9002995   37.0330646
  -8.9002774   37.0329594
  -8.900274    37.0329271
  -8.9002608   37.0328679
  -8.9002242   37.0328144
  -8.9001755   37.0327644
  -8.9001173   37.0327591
  -8.900016    37.0327728
  -8.8999024   37.0327976
  -8.8998205   37.0328749
  -8.8997573   37.0329607
  -8.8997081   37.0330297
  -8.899641    37.0330748
  -8.8995469   37.0330973
  -8.8994505   37.0331013
  -8.899373    37.0331048
  -8.8992811   37.0330854
  -8.8991393   37.0330336
  -8.8990573   37.0330062
  -8.8989361   37.0329682
  -8.8987134   37.0329015
  -8.8985451   37.0328608
  -8.8984626   37.0328515
  -8.8983889   37.0328519
  -8.8983296   37.032859
  -8.8982743   37.032871
  -8.8982067   37.032901
  -8.8981679   37.0329461
  -8.8981563   37.0330023
  -8.8981524   37.0331079
  -8.8981552   37.0331672
  -8.8981591   37.0332918
  -8.8981646   37.033378
  -8.8981735   37.0334492
  -8.8981635   37.0334996
  -8.8981397   37.0336062
  -8.8981137   37.0336623
  -8.8980782   37.0337242
  -8.8980212   37.0337949
  -8.8979364   37.0339143
  -8.8979132   37.033962
  -8.8978694   37.0340116
  -8.8977254   37.0341716
  -8.8976158   37.0342768
  -8.8974491   37.0344183
  -8.8973887   37.0345133
  -8.8973189   37.0346376
  -8.8972636   37.0347432
  -8.8972414   37.0347874
  -8.8972054   37.0348449
  -8.897139    37.0349589
  -8.8971041   37.0350151
  -8.8970708   37.0350788
  -8.8969833   37.0351627
  -8.8969174   37.0352277
  -8.8968665   37.0352719
  -8.8968504   37.0353073
  -8.8968488   37.0353586
  -8.8968427   37.0354585
  -8.8968593   37.03552
  -8.8968892   37.0355615
  -8.8969307   37.0356057
  -8.8969723   37.0356477
  -8.8969784   37.0356676
  -8.8969828   37.0357052
  -8.8969396   37.0357534
  -8.8969025   37.0357666
  -8.8968587   37.0357666
  -8.8968172   37.0357383
  -8.8967374   37.0357025
  -8.8966184   37.0356583
  -8.8965287   37.0356468
  -8.8964705   37.0356583
  -8.8964107   37.0356932
  -8.8963886   37.0357167
  -8.8963708   37.0357688
  -8.8963725   37.0358493
  -8.8963686   37.0358917
  -8.896347    37.0359426
  -8.8963303   37.0359786
  -8.8962605   37.0360895
  -8.8961875   37.0361669
  -8.8961236   37.0362122
  -8.8960348   37.0362359
  -8.8959883   37.0362219
  -8.8959576   37.0361963
  -8.8959481   37.036165
  -8.8959433   37.0360163
  -8.895915    37.0359246
  -8.8958696   37.0358709
  -8.8957794   37.0358195
  -8.8956806   37.0357164
  -8.8956627   37.0357152
  -8.8956432   37.0357206
  -8.8955969   37.0357727
  -8.8956132   37.0358289
  -8.8955974   37.0359405
  -8.8955983   37.0359766
  -8.8955909   37.0359947
  -8.895549    37.036075
  -8.895535    37.0361657
  -8.8955359   37.0362416
  -8.8955108   37.0363077
  -8.895481    37.036365
  -8.895454    37.0364074
  -8.8954596   37.0364416
  -8.8954726   37.0364899
  -8.8954698   37.0365063
  -8.895453    37.0365449
  -8.8954456   37.0366599
  -8.8954487   37.03688
  -8.8954519   37.0369563
  -8.8954503   37.0370038
  -8.895419    37.0370438
  -8.8953783   37.037075
  -8.8953328   37.0371138
  -8.8953172   37.0371863
  -8.8952921   37.0372451
  -8.8952592   37.0373089
  -8.8952326   37.0373501
  -8.8951856   37.0373914
  -8.8951433   37.0374602
  -8.895148    37.0375639
  -8.8951652   37.0376727
  -8.8952154   37.0377152
  -8.895289    37.0377878
  -8.8953172   37.037894
  -8.8952561   37.0380228
  -8.8951684   37.0381354
  -8.8951527   37.0381866
  -8.8951527   37.0383092
  -8.895112    37.0384192
  -8.895054    37.0385092
  -8.8950211   37.0386255
  -8.8950149   37.0389156
  -8.8949694   37.0390794
  -8.8949538   37.0392181
  -8.8949459   37.0394345
  -8.8949506   37.0395857
  -8.8949177   37.0397208
  -8.8949177   37.0399083
  -8.8949177   37.0401934
  -8.8949083   37.0405272
  -8.8948817   37.0407348
  -8.8948786   37.0408798
  -8.8949193   37.0410486
  -8.8949961   37.0411836
  -8.8951449   37.0413037
  -8.8953046   37.0414075
  -8.8953595   37.0415012
  -8.8953817   37.0416154
  -8.8953442   37.0417075
  -8.8952887   37.0418174
  -8.8952488   37.0418742
  -8.895137    37.0419537
  -8.8949929   37.0420921
  -8.8948218   37.0421888
  -8.8946889   37.0422782
  -8.8945671   37.0423763
  -8.8943699   37.0424638
  -8.8942869   37.0425081
  -8.8941971   37.0425558
  -8.89401     37.0426
  -8.8939313   37.0425982
  -8.893835    37.0425717
  -8.8937704   37.0425452
  -8.8935692   37.0424548
  -8.8935025   37.0424227
  -8.8932546   37.0421406
  -8.8931033   37.0419987
  -8.8930544   37.041773
  -8.8929624   37.0416876
  -8.8926195   37.0415351
  -8.892404    37.0413674
  -8.8923501   37.0413798
  -8.8922242   37.0414705
  -8.8921836   37.0414549
  -8.8921671   37.0413431
  -8.8921719   37.0412232
  -8.8921836   37.0411361
  -8.8921987   37.0409654
  -8.8921652   37.0408932
  -8.8920986   37.0408149
  -8.8920598   37.0408001
  -8.8920246   37.0408052
  -8.8919116   37.0408909
  -8.891828    37.0409236
  -8.8917887   37.0410032
  -8.8918126   37.0410882
  -8.8918979   37.041222
  -8.8919438   37.0412959
  -8.8919385   37.0413885
  -8.8919157   37.0414187
  -8.8918781   37.0414096
  -8.8918116   37.0413549
  -8.8917387   37.041311
  -8.8916992   37.0412912
  -8.8916416   37.0412918
  -8.8916126   37.0413231
  -8.8915239   37.0413727
  -8.8914129   37.0413081
  -8.891299    37.041244
  -8.8912657   37.0412393
  -8.8912273   37.0412537
  -8.8911529   37.0413086
  -8.8911078   37.0413728
  -8.8909866   37.0415674
  -8.890916    37.0417631
  -8.890876    37.0420074
  -8.8908609   37.0420523
  -8.8908291   37.0420773
  -8.8905464   37.0420288
  -8.8903006   37.0421498
  -8.890101    37.0421065
  -8.8899898   37.0421086
  -8.8898791   37.042101
  -8.8898025   37.0420541
  -8.8898009   37.0419989
  -8.8898193   37.0419013
  -8.8900075   37.0417018
  -8.8900353   37.0416263
  -8.8900212   37.0415488
  -8.8899764   37.0414956
  -8.8899129   37.0414622
  -8.8898282   37.0414703
  -8.8897314   37.0415145
  -8.8896234   37.0415187
  -8.8895142   37.0415497
  -8.8893757   37.0416319
  -8.8892208   37.0416407
  -8.8891287   37.0416669
  -8.8890519   37.0415355
  -8.888958    37.0414637
  -8.8889022   37.0414608
  -8.8888645   37.0414903
  -8.8888405   37.0415548
  -8.8888425   37.0416347
  -8.8888767   37.0417099
  -8.8888609   37.0417384
  -8.8885132   37.0417945
  -8.8884805   37.0417786
  -8.8884622   37.0417384
  -8.8884331   37.041516
  -8.8883218   37.0414187
  -8.8882442   37.0414065
  -8.8881782   37.0414365
  -8.8880848   37.0416032
  -8.8880118   37.0416939
  -8.8879812   37.0417042
  -8.8879448   37.0417019
  -8.8879219   37.0416791
  -8.8878666   37.0414679
  -8.8877735   37.0414386
  -8.8875298   37.0414346
  -8.8874703   37.0414599
  -8.8874168   37.0415357
  -8.8872878   37.0415536
  -8.887242    37.0415904
  -8.8872064   37.0418312
  -8.8869837   37.0418635
  -8.8869011   37.0418934
  -8.8867999   37.0419941
  -8.8867121   37.0421247
  -8.8866746   37.042124
  -8.8865446   37.0420539
  -8.8864407   37.0420336
  -8.8862855   37.0420476
  -8.886149    37.0421212
  -8.8859988   37.0423947
  -8.8858618   37.0425678
  -8.8858371   37.0427346
  -8.8858416   37.0429334
  -8.8859081   37.0431587
  -8.8858225   37.0431466
  -8.8857893   37.0431537
  -8.885772    37.0432731
  -8.8856952   37.0433509
  -8.8855229   37.0436037
  -8.8853838   37.0437203
  -8.8851646   37.0438317
  -8.8850499   37.0438166
  -8.8849806   37.0437951
  -8.8848942   37.0437244
  -8.8848408   37.0436247
  -8.884778    37.043431
  -8.8847119   37.0433133
  -8.8846014   37.043203
  -8.884516    37.0431565
  -8.8844003   37.0431337
  -8.8843274   37.0431413
  -8.8841381   37.0432785
  -8.8839353   37.0432139
  -8.88368     37.0432886
  -8.883575    37.0432864
  -8.8834803   37.0432371
  -8.8834729   37.0431054
  -8.883392    37.0429598
  -8.8830656   37.0428152
  -8.8829899   37.0427974
  -8.8829074   37.0428094
  -8.8828072   37.042915
  -8.8827572   37.0429334
  -8.882728    37.0429199
  -8.882702    37.0428132
  -8.8825878   37.0427845
  -8.8824835   37.042788
  -8.8822378   37.0428716
  -8.8821955   37.0428385
  -8.8821486   37.0426943
  -8.8820367   37.0427291
  -8.8819547   37.0426747
  -8.8819142   37.042671
  -8.8818082   37.0427419
  -8.8817475   37.0428934
  -8.881664    37.0430412
  -8.8816246   37.0430321
  -8.8815363   37.0429345
  -8.8814533   37.0428838
  -8.8814104   37.0428748
  -8.8813711   37.0428977
  -8.8813271   37.0430749
  -8.8813402   37.0432002
  -8.8812971   37.0432723
  -8.88132     37.0433486
  -8.8812674   37.0434567
  -8.8812429   37.0435162
  -8.8812096   37.0437791
  -8.8811324   37.0439282
  -8.881044    37.0440018
  -8.8809347   37.0440028
  -8.8807455   37.0439482
  -8.8805912   37.0438173
  -8.8805585   37.0438121
  -8.8804339   37.0439213
  -8.8804096   37.0440782
  -8.8803131   37.0440595
  -8.8802079   37.0440837
  -8.8801377   37.0440208
  -8.8800818   37.0439441
  -8.8800029   37.0438998
  -8.87993     37.043928
  -8.8798031   37.0440411
  -8.8796888   37.0439963
  -8.8795786   37.0440296
  -8.8795888   37.0441627
  -8.8796538   37.0443397
  -8.8796214   37.0443858
  -8.8795579   37.0443794
  -8.8794524   37.0442691
  -8.8794032   37.0442651
  -8.8793576   37.0442882
  -8.8793554   37.0444052
  -8.8793818   37.0444707
  -8.879374    37.0445379
  -8.879353    37.044613
  -8.8793353   37.0446961
  -8.8793541   37.0448473
  -8.8793718   37.0449658
  -8.8793851   37.0450922
  -8.8793685   37.0452345
  -8.8793697   37.0453933
  -8.8793803   37.0455492
  -8.8793816   37.0457024
  -8.8792854   37.0458693
  -8.8791237   37.0460699
  -8.8788696   37.0462881
  -8.878809    37.0463203
  -8.8787775   37.0463136
  -8.8786574   37.046176
  -8.8783155   37.0459046
  -8.8782549   37.0458933
  -8.8781473   37.0459007
  -8.8779656   37.045793
  -8.8779459   37.0457546
  -8.8779796   37.0456891
  -8.8780192   37.0455158
  -8.8780085   37.0453834
  -8.8779669   37.0453325
  -8.8777116   37.0452107
  -8.8775689   37.0452255
  -8.8774263   37.0452791
  -8.8773805   37.0452704
  -8.8772206   37.0450935
  -8.8769826   37.0451267
  -8.8769574   37.0451114
  -8.8769501   37.0450748
  -8.8769982   37.0449863
  -8.877017    37.0448858
  -8.8770093   37.0448041
  -8.8769674   37.044733
  -8.8769792   37.044575
  -8.8769543   37.0445631
  -8.8768246   37.0446224
  -8.876757    37.0446162
  -8.8767997   37.044491
  -8.8767753   37.0444474
  -8.87662     37.0445001
  -8.876454    37.0446199
  -8.8764398   37.0446636
  -8.8764673   37.0447763
  -8.8762987   37.0449476
  -8.8762156   37.0449836
  -8.8761618   37.0449767
  -8.8760604   37.0449242
  -8.8760232   37.0448564
  -8.8760185   37.0447144
  -8.8760453   37.0445225
  -8.8760213   37.0443717
  -8.8759195   37.0444025
  -8.8758305   37.0444725
  -8.8756691   37.0447077
  -8.875606    37.0447214
  -8.8755488   37.0446921
  -8.8755344   37.0446639
  -8.8755581   37.0445963
  -8.8755604   37.0444381
  -8.8757431   37.0441871
  -8.8758445   37.0439648
  -8.8758367   37.0437716
  -8.8758039   37.0436684
  -8.8757477   37.0436037
  -8.875638    37.0436067
  -8.8754256   37.0437046
  -8.8752582   37.0438742
  -8.8751387   37.0440853
  -8.8749203   37.0441228
  -8.8747148   37.0441968
  -8.8744777   37.0443562
  -8.8743798   37.0444514
  -8.8741753   37.0445505
  -8.8741542   37.0445395
  -8.8741333   37.0444318
  -8.874101    37.0444324
  -8.8738843   37.0446295
  -8.8737588   37.0447104
  -8.8737068   37.0447933
  -8.8737097   37.0448932
  -8.8735644   37.0452199
  -8.8735497   37.0453829
  -8.8735441   37.045498
  -8.8734926   37.045574
  -8.8734393   37.0456488
  -8.8733359   37.0458979
  -8.8732509   37.0460146
  -8.87318     37.0460319
  -8.8730537   37.0460045
  -8.8728268   37.0458899
  -8.8727531   37.0458742
  -8.8726068   37.0458702
  -8.8723526   37.0458812
  -8.8722406   37.0459054
  -8.872186    37.0459375
  -8.8720536   37.0460473
  -8.871916    37.0461704
  -8.8718442   37.046255
  -8.8717322   37.0464595
  -8.8717085   37.0464905
  -8.8716769   37.046501
  -8.8716328   37.0465015
  -8.8715741   37.046491
  -8.8713595   37.0463964
  -8.8708721   37.0461803
  -8.8706231   37.0460878
  -8.8705053   37.0460505
  -8.870475    37.0460337
  -8.8704137   37.045978
  -8.8703492   37.0459049
  -8.870282    37.0458129
  -8.870203    37.0457719
  -8.8701213   37.045754
  -8.8700344   37.0457414
  -8.8698612   37.0457414
  -8.8697966   37.0457225
  -8.8696912   37.0456825
  -8.8695352   37.0455774
  -8.869387    37.0454633
  -8.8692757   37.0454202
  -8.8691736   37.0453976
  -8.8691123   37.0453945
  -8.8689964   37.0454202
  -8.8688878   37.0454197
  -8.8688384   37.0454034
  -8.8687929   37.0453803
  -8.8687396   37.0453435
  -8.8687251   37.0453072
  -8.8687012   37.0451864
  -8.8686902   37.0451406
  -8.8686395   37.0450591
  -8.8685677   37.0449976
  -8.8684854   37.0449613
  -8.8683563   37.0448962
  -8.8681883   37.0448168
  -8.8680599   37.0447605
  -8.867975    37.0447006
  -8.8679025   37.0446339
  -8.8678353   37.0445634
  -8.867809    37.0445282
  -8.8677767   37.0444993
  -8.8677293   37.044462
  -8.8676681   37.0444183
  -8.8675805   37.0443258
  -8.8675186   37.0442696
  -8.8673974   37.0442002
  -8.8672341   37.0441145
  -8.8671359   37.0440688
  -8.8670628   37.0440609
  -8.8669983   37.0440519
  -8.8669489   37.0440151
  -8.8669127   37.0439494
  -8.8668995   37.0439074
  -8.86686     37.0438685
  -8.8668284   37.0438643
  -8.8667875   37.0438822
  -8.8666927   37.0438695
  -8.8666354   37.0438464
  -8.8665511   37.0437912
  -8.8665063   37.0437344
  -8.8664326   37.0436729
  -8.8663029   37.0436112
  -8.8662725   37.0435535
  -8.8662713   37.043393
  -8.866264    37.0433169
  -8.866194    37.0431205
  -8.8661992   37.0430121
  -8.8661037   37.042914
  -8.8660679   37.0428607
  -8.8660394   37.042699
  -8.8660538   37.0426587
  -8.8660841   37.0426489
  -8.8662217   37.0426849
  -8.8662742   37.0426866
  -8.8663132   37.0426726
  -8.866331    37.0426505
  -8.866331    37.0425895
  -8.8662962   37.0424503
  -8.8662561   37.0424088
  -8.8661776   37.0423702
  -8.866       37.0424548
  -8.8661441   37.0423079
  -8.8660533   37.0421812
  -8.8658808   37.042069
  -8.8657973   37.0419544
  -8.8657594   37.0419474
  -8.8656848   37.0419769
  -8.8656333   37.0421559
  -8.8655849   37.04215
  -8.8656094   37.0419441
  -8.8655635   37.0418916
  -8.8655036   37.041735
  -8.8654737   37.0417029
  -8.8654333   37.0417
  -8.8653733   37.0417413
  -8.8653381   37.0417859
  -8.8653027   37.0418535
  -8.8652454   37.0419639
  -8.8652282   37.0419777
  -8.8652161   37.0419777
  -8.8652045   37.0419725
  -8.8651784   37.0419372
  -8.865156    37.0418974
  -8.8651062   37.0418614
  -8.8650606   37.0418509
  -8.865044    37.0418526
  -8.8650294   37.0418569
  -8.865003    37.0418802
  -8.8649926   37.041945
  -8.8649865   37.0419777
  -8.8649548   37.0420115
  -8.8649101   37.0420316
  -8.864865    37.0420442
  -8.8648119   37.0420513
  -8.8647912   37.0420418
  -8.8647709   37.0420074
  -8.8647476   37.0419836
  -8.864668    37.0419394
  -8.8645984   37.0418535
  -8.8645459   37.041851
  -8.8645107   37.0418805
  -8.8645092   37.0419305
  -8.8644912   37.0419766
  -8.8644443   37.0420157
  -8.8644019   37.0420733
  -8.8643827   37.0421737
  -8.8643731   37.0421895
  -8.8643494   37.0422079
  -8.8643238   37.0422063
  -8.8642777   37.0421327
  -8.8641502   37.0420024
  -8.8641408   37.0419182
  -8.8641166   37.0418474
  -8.864091    37.0418304
  -8.864053    37.0418373
  -8.8639568   37.0418905
  -8.8638973   37.0419545
  -8.8637521   37.0421706
  -8.8636994   37.0422489
  -8.8636717   37.0423241
  -8.86365     37.0423976
  -8.8636481   37.0425272
  -8.8635639   37.0427102
  -8.8635749   37.0427698
  -8.8635993   37.0428182
  -8.8636441   37.0429044
  -8.8636573   37.042948
  -8.8636306   37.0429741
  -8.8635123   37.0430124
  -8.863097    37.0430824
  -8.8627121   37.0432301
  -8.8625657   37.043304
  -8.8625019   37.0433578
  -8.8624468   37.0434264
  -8.8624079   37.0435073
  -8.8623638   37.0435562
  -8.8622903   37.0435998
  -8.8620685   37.0436982
  -8.8619792   37.0437381
  -8.8618824   37.0437623
  -8.8617856   37.0437733
  -8.8616736   37.0437854
  -8.8616005   37.0438044
  -8.8615709   37.0438401
  -8.8615788   37.0438748
  -8.8616216   37.0438953
  -8.8616993   37.0439074
  -8.861773    37.0439153
  -8.8618073   37.0439279
  -8.8617888   37.0439458
  -8.8617427   37.0439652
  -8.8617144   37.0439694
  -8.8616519   37.0439805
  -8.8615662   37.0439883
  -8.8614905   37.0439899
  -8.8614266   37.0439752
  -8.8613436   37.0439642
  -8.8612942   37.0439747
  -8.8612659   37.0440004
  -8.8612106   37.0440709
  -8.8611224   37.0441471
  -8.8610486   37.0441912
  -8.8609195   37.0442738
  -8.8608484   37.0443316
  -8.8607977   37.0443857
  -8.8607766   37.0444304
  -8.8607687   37.0444993
  -8.8607489   37.0445398
  -8.8607219   37.0445597
  -8.8606976   37.0445902
  -8.8605276   37.044689
  -8.8604216   37.0447684
  -8.8603432   37.0448226
  -8.8603209   37.0448578
  -8.8603209   37.0449135
  -8.8603255   37.0449929
  -8.8602853   37.0450381
  -8.8602286   37.0450933
  -8.8601641   37.0451343
  -8.8599481   37.0452272
  -8.8597847   37.0453497
  -8.8595773   37.0455764
  -8.8594559   37.0457293
  -8.8592752   37.0458849
  -8.8591696   37.046061
  -8.8591328   37.0461246
  -8.859088    37.0462171
  -8.8589945   37.0463359
  -8.8589219   37.0464506
  -8.85889     37.0465477
  -8.8588937   37.0466986
  -8.8588832   37.0468547
  -8.8588687   37.0469909
  -8.8588338   37.047096
  -8.8588015   37.0472648
  -8.8587778   37.0474061
  -8.8587225   37.047454
  -8.8586526   37.0474797
  -8.8586103   37.0475103
  -8.8585232   37.0476388
  -8.8585008   37.047707
  -8.8585366   37.0478512
  -8.8584723   37.0479529
  -8.8584357   37.0480275
  -8.8583941   37.0480675
  -8.8583432   37.0480887
  -8.8582374   37.0481358
  -8.8581572   37.048138
  -8.8580394   37.0481049
  -8.8579631   37.0481048
  -8.8578654   37.0481193
  -8.8577858   37.0481542
  -8.8577173   37.0482153
  -8.8576058   37.0484367
  -8.8573888   37.0486161
  -8.8573202   37.048618
  -8.8572513   37.0486053
  -8.8571887   37.0486108
  -8.8571465   37.048623
  -8.8571177   37.0486522
  -8.8570712   37.0486893
  -8.857038    37.0487105
  -8.8570114   37.0487026
  -8.8569926   37.0486805
  -8.8569394   37.0486371
  -8.8568652   37.0486318
  -8.8568134   37.0486436
  -8.8567631   37.0486787
  -8.8567345   37.0487229
  -8.8567212   37.0487786
  -8.8567201   37.0488148
  -8.8566581   37.0488794
  -8.8566002   37.0489497
  -8.856591    37.0489928
  -8.8566042   37.0490393
  -8.8566127   37.049126
  -8.8565661   37.0492144
  -8.8564066   37.0494071
  -8.8563701   37.0494637
  -8.8563701   37.0495609
  -8.8563789   37.04969
  -8.8563747   37.0497583
  -8.8563136   37.0498387
  -8.856261    37.0500037
  -8.8560282   37.0503958
  -8.8559625   37.050559
  -8.8559647   37.0505846
  -8.856009    37.0507119
  -8.8560987   37.0510708
  -8.856112    37.0512644
  -8.8560965   37.0514721
  -8.8560411   37.0517534
  -8.8560278   37.0519371
  -8.8559935   37.0522093
  -8.8559869   37.0523393
  -8.8559603   37.0523685
  -8.8559115   37.0523879
  -8.8558163   37.0524277
  -8.8557842   37.0524577
  -8.8557675   37.0524966
  -8.8557797   37.0525399
  -8.8558495   37.0526027
  -8.8559636   37.0527547
  -8.8559904   37.0528754
  -8.8559755   37.0529975
  -8.8557668   37.0534254
  -8.8557664   37.0535273
  -8.8557388   37.0536117
  -8.8556212   37.0538207
  -8.8555493   37.0539136
  -8.8554618   37.0540268
  -8.8553577   37.0541814
  -8.8553212   37.0542725
  -8.8552669   37.054406
  -8.8551196   37.054573
  -8.8549858   37.0546663
  -8.8548681   37.0547157
  -8.8547926   37.0547662
  -8.8545877   37.0548563
  -8.8544452   37.0549245
  -8.85437     37.0549563
  -8.8542369   37.0550138
  -8.8541523   37.0550376
  -8.8540332   37.0550726
  -8.8537951   37.0551439
  -8.8536385   37.0551864
  -8.8535234   37.0552095
  -8.8534098   37.0552439
  -8.8533323   37.0552639
  -8.8532477   37.0552801
  -8.8532148   37.055292
  -8.8530676   37.055347
  -8.8529908   37.0553851
  -8.852889    37.0554101
  -8.8526987   37.0554976
  -8.8526102   37.0555226
  -8.8525131   37.0555583
  -8.8524715   37.0555783
  -8.8522272   37.055652
  -8.8521669   37.0556695
  -8.8521199   37.0556683
  -8.8520964   37.0556676
  -8.8520651   37.0556901
  -8.8520055   37.0557245
  -8.8518912   37.0557608
  -8.8517789   37.0558025
  -8.8516213   37.0558885
  -8.8513665   37.0559976
  -8.8508121   37.056229
  -8.8505639   37.0563946
  -8.8504243   37.0564695
  -8.8502598   37.056557
  -8.8501266   37.0566008
  -8.8499998   37.0566489
  -8.8498032   37.0566983
  -8.8495933   37.0567446
  -8.8492871   37.0568164
  -8.8491547   37.0568371
  -8.8489996   37.0568758
  -8.8489417   37.0568952
  -8.8487936   37.0569408
  -8.8486871   37.0569814
  -8.8485963   37.0569958
  -8.8485031   37.0570314
  -8.8483488   37.0571052
  -8.8482274   37.0571527
  -8.8481099   37.0572008
  -8.8480151   37.0572189
  -8.8479235   37.0572258
  -8.8478452   37.0572377
  -8.8477301   37.0572608
  -8.8476212   37.0572939
  -8.8475444   37.0573364
  -8.8474763   37.0573833
  -8.8474113   37.0574233
  -8.8473291   37.0575015
  -8.8472507   37.0575671
  -8.8471192   37.0576752
  -8.8469727   37.0578083
  -8.8468764   37.0579158
  -8.8467644   37.0580208
  -8.8466633   37.058109
  -8.8465498   37.0581996
  -8.8462287   37.0583752
  -8.845982    37.0585315
  -8.845877    37.0585852
  -8.845736    37.0586565
  -8.8455214   37.058719
  -8.8453946   37.0587446
  -8.8452097   37.058764
  -8.8450539   37.0588077
  -8.8448393   37.0588615
  -8.8446584   37.0589159
  -8.8444453   37.0589627
  -8.8443098   37.0589952
  -8.8441798   37.059039
  -8.8439864   37.0590815
  -8.8437373   37.0591271
  -8.8434609   37.0591821
  -8.8432165   37.0592359
  -8.8429948   37.0592952
  -8.8428116   37.0593559
  -8.8426643   37.0594221
  -8.842586    37.0594571
  -8.8424521   37.0594871
  -8.8423511   37.0595071
  -8.8422649   37.0595121
  -8.8421623   37.0595309
  -8.8420699   37.0595359
  -8.8419822   37.0595634
  -8.8418905   37.0595946
  -8.8417801   37.0596446
  -8.841654    37.0597134
  -8.8415091   37.0597996
  -8.8414488   37.0598246
  -8.8412945   37.0599021
  -8.8412013   37.0599702
  -8.8411167   37.0600346
  -8.8410611   37.0600777
  -8.8408512   37.0601715
  -8.8408136   37.0601983
  -8.8406178   37.0602827
  -8.840462    37.0603602
  -8.840292    37.0604283
  -8.8401299   37.060479
  -8.8399764   37.0605258
  -8.8397837   37.0605821
  -8.839606    37.0606133
  -8.839454    37.0606352
  -8.8392801   37.0606277
  -8.8391697   37.0606177
  -8.8389528   37.0606152
  -8.8387875   37.0606115
  -8.8383513   37.0606102
  -8.8381163   37.060604
  -8.8379879   37.0606183
  -8.8376495   37.0606715
  -8.8375759   37.0606946
  -8.8374067   37.0607671
  -8.8372344   37.0608533
  -8.8369846   37.0609677
  -8.8368444   37.0610383
  -8.8367261   37.0610827
  -8.8366815   37.0610915
  -8.836553    37.0610921
  -8.8364129   37.0611052
  -8.8362366   37.0611202
  -8.8361176   37.0611421
  -8.836015    37.0611502
  -8.8358591   37.0611415
  -8.8356954   37.0611358
  -8.8355936   37.0611515
  -8.8354268   37.0612165
  -8.835249    37.0612915
  -8.8351057   37.0613527
  -8.8349859   37.0614171
  -8.8348794   37.061444
  -8.8347963   37.0614777
  -8.8346828   37.0615321
  -8.8346593   37.0615333
  -8.8346311   37.0615177
  -8.8345833   37.0614827
  -8.8345418   37.0614608
  -8.8344925   37.0614408
  -8.8344509   37.061444
  -8.834418    37.061479
  -8.834375    37.0615396
  -8.8343108   37.0615502
  -8.8342222   37.0615552
  -8.8341766   37.0615564
  -8.8341468   37.0615357
  -8.8339838   37.0614395
  -8.8339192   37.0614358
  -8.8338471   37.0614429
  -8.8336436   37.0615973
  -8.833418    37.0616867
  -8.8330568   37.0618001
  -8.8327195   37.0618553
  -8.8322419   37.0619657
  -8.8317632   37.0621358
  -8.8311072   37.0624018
  -8.8307153   37.0625422
  -8.8299087   37.0628699
  -8.8291785   37.0631999
  -8.8288507   37.0632713
  -8.8285191   37.0633307
  -8.8277852   37.0635269
  -8.8271034   37.0638064
  -8.8268799   37.0639402
  -8.8266936   37.0641215
  -8.8263508   37.0642493
  -8.8257063   37.0644039
  -8.8251922   37.0644901
  -8.8244657   37.0646299
  -8.8235678   37.0647755
  -8.8225172   37.0648706
  -8.8213213   37.0650044
  -8.8203341   37.0650758
  -8.8201263   37.0650773
  -8.8196431   37.065122
  -8.8192533   37.0651766
  -8.818679    37.0652039
  -8.8177227   37.065225
  -8.8174171   37.0651724
  -8.8170404   37.0651787
  -8.816445    37.0651955
  -8.8156021   37.065206
  -8.8152859   37.065206
  -8.8150278   37.0651703
  -8.814767    37.0650988
  -8.814651    37.0650295
  -8.8145272   37.0648676
  -8.8144587   37.0647625
  -8.814385    37.0647331
  -8.8142849   37.064773
  -8.8141874   37.0648319
  -8.8140004   37.0649033
  -8.8137949   37.0650063
  -8.8136105   37.0650988
  -8.8133602   37.0651871
  -8.8131258   37.0651808
  -8.8128623   37.0651745
  -8.8127043   37.0651871
  -8.8125409   37.0652039
  -8.8121881   37.065168
  -8.812053    37.0651453
  -8.811862    37.0651132
  -8.8115963   37.065216
  -8.8113592   37.0652504
  -8.8111698   37.0653592
  -8.8110663   37.0654021
  -8.8109699   37.0654206
  -8.8108572   37.0654243
  -8.810698    37.0654251
  -8.8105611   37.0654414
  -8.8104605   37.0654689
  -8.8102667   37.065515
  -8.8101354   37.0655752
  -8.8099873   37.0656309
  -8.8098468   37.0657012
  -8.8095703   37.0658312
  -8.8094755   37.0658862
  -8.8093228   37.0659525
  -8.8092014   37.0660143
  -8.8090691   37.0660724
  -8.8089782   37.0661237
  -8.8088811   37.0661518
  -8.8087754   37.0661593
  -8.8086203   37.0661618
  -8.8085005   37.0661474
  -8.8083329   37.0661437
  -8.8082498   37.0661281
  -8.8081653   37.0660949
  -8.8080846   37.0660274
  -8.808011    37.0660006
  -8.8078802   37.0660037
  -8.8077762   37.065998
  -8.8076194   37.0659418
  -8.8074298   37.0658843
  -8.8072873   37.0658456
  -8.8070429   37.0658518
  -8.8067845   37.0658593
  -8.8065934   37.0658418
  -8.8064352   37.0657918
  -8.8062597   37.0657831
  -8.8061094   37.0657956
  -8.8059465   37.0658131
  -8.8057366   37.0658306
  -8.8055768   37.0658618
  -8.8052729   37.0659231
  -8.8049346   37.0659418
  -8.804579    37.0659643
  -8.8042086   37.065933
  -8.8039681   37.0659456
  -8.8037128   37.0659531
  -8.8034418   37.0659543
  -8.8032303   37.0659831
  -8.8029645   37.0660042
  -8.8025613   37.0659918
  -8.8023376   37.06599
  -8.8020718   37.0659441
  -8.8019256   37.0659229
  -8.8017195   37.0659211
  -8.8015667   37.0658981
  -8.8013452   37.0658486
  -8.8010904   37.0658009
  -8.8008379   37.0658133
  -8.800654    37.0658027
  -8.8004657   37.0657779
  -8.8002144   37.0657555
  -8.7996374   37.0657344
  -8.7994698   37.0657216
  -8.7992335   37.065678
  -8.7990017   37.0656748
  -8.7987962   37.065679
  -8.7986913   37.0656666
  -8.7983568   37.0656666
  -8.7981508   37.0656489
  -8.7978473   37.065656
  -8.7975793   37.0656365
  -8.7966976   37.0655976
  -8.796516    37.0655534
  -8.7963986   37.0655322
  -8.7961128   37.0654562
  -8.7958935   37.0654509
  -8.7956942   37.0654438
  -8.7950252   37.0652582
  -8.7945356   37.0651363
  -8.7942476   37.0651027
  -8.7940704   37.0650444
  -8.7938129   37.0649839
  -8.7935169   37.0649464
  -8.7934168   37.0649212
  -8.7932548   37.0648581
  -8.7931679   37.0648224
  -8.7929427   37.0647877
  -8.7928202   37.0647688
  -8.7927108   37.0647289
  -8.7926094   37.0646637
  -8.7925475   37.064587
  -8.7924856   37.0644766
  -8.792479    37.0644325
  -8.7925119   37.0643705
  -8.7925448   37.0643287
  -8.7925945   37.0642517
  -8.7926474   37.0641779
  -8.7927143   37.0640974
  -8.7928066   37.0639387
  -8.7928378   37.0637795
  -8.7928825   37.0635775
  -8.7928862   37.063466
  -8.7928675   37.0633945
  -8.7928429   37.0633473
  -8.7928834   37.0633168
  -8.7929073   37.0632745
  -8.7929181   37.0631853
  -8.7928876   37.063118
  -8.7928499   37.0631036
  -8.7928178   37.0631082
  -8.7927175   37.0631815
  -8.7926893   37.0631739
  -8.792672    37.0631533
  -8.7926885   37.0631264
  -8.7927323   37.0631033
  -8.7927684   37.0630595
  -8.7928122   37.0630076
  -8.7928013   37.0629858
  -8.7927762   37.0629758
  -8.7927198   37.063002
  -8.7926368   37.063032
  -8.7925812   37.0630408
  -8.7924958   37.0630289
  -8.7923478   37.0629995
  -8.7922173   37.0629725
  -8.7918774   37.0628823
  -8.7918171   37.0628516
  -8.7917793   37.0628059
  -8.7917733   37.0627156
  -8.7917709   37.0626771
  -8.7917375   37.0626441
  -8.791693    37.0626308
  -8.79168     37.0626224
  -8.7916356   37.062613
  -8.7915871   37.0626111
  -8.7915194   37.0626189
  -8.7914609   37.0626317
  -8.791444    37.0626318
  -8.7914416   37.0626264
  -8.7914341   37.0626093
  -8.7914428   37.0625867
  -8.7914551   37.0625678
  -8.7914602   37.0625481
  -8.7914544   37.0625388
  -8.7914358   37.0625384
  -8.7914043   37.0625513
  -8.7913804   37.0625546
  -8.7913722   37.0625501
  -8.791378    37.0625394
  -8.7913976   37.0625232
  -8.7914222   37.062513
  -8.7914495   37.0625027
  -8.7914522   37.0624802
  -8.7914284   37.0624676
  -8.7913461   37.0624639
  -8.7912733   37.0624498
  -8.7911773   37.062496
  -8.7910375   37.0625889
  -8.7909381   37.062617
  -8.7909482   37.0625902
  -8.79102     37.0625175
  -8.7910363   37.0624976
  -8.7910508   37.0624699
  -8.7910488   37.0624387
  -8.7910175   37.0624177
  -8.7909443   37.0624514
  -8.7908876   37.0624571
  -8.7908662   37.0624446
  -8.7908557   37.0624063
  -8.790757    37.0624108
  -8.7906713   37.0624506
  -8.7902531   37.06251
  -8.7900973   37.0624912
  -8.7900768   37.0624983
  -8.7900659   37.0625132
  -8.790061    37.0625374
  -8.7900384   37.0625458
  -8.7897718   37.0625661
  -8.7894838   37.0625961
  -8.7892102   37.0626359
  -8.7888525   37.062696
  -8.788354    37.0627879
  -8.7880727   37.0628401
  -8.7878323   37.0629338
  -8.7875964   37.0630389
  -8.7874148   37.063153
  -8.7872431   37.0632369
  -8.7871645   37.063282
  -8.7870925   37.063335
  -8.7870061   37.063396
  -8.7869163   37.0634526
  -8.7868455   37.0634888
  -8.7866904   37.063556
  -8.7866007   37.0636046
  -8.7865065   37.0636514
  -8.7864434   37.0636727
  -8.7863781   37.063678
  -8.7863061   37.0636912
  -8.7861964   37.063746
  -8.7860901   37.0638238
  -8.7860779   37.0638724
  -8.786089    37.0639511
  -8.786077    37.0640645
  -8.7857781   37.0646154
  -8.7858943   37.0651447
  -8.7858278   37.0654433
  -8.7856085   37.0657599
  -8.7852812   37.0663513
  -8.7850721   37.0667165
  -8.7848498   37.0671286
  -8.7847815   37.0674558
  -8.7845927   37.0676673
  -8.7843135   37.0678953
  -8.784198    37.0679798
  -8.7839806   37.0681387
  -8.783771    37.0682685
  -8.7835472   37.0683642
  -8.7833377   37.0684205
  -8.7830187   37.0684841
  -8.7825358   37.0685725
  -8.7821791   37.0686449
  -8.7819642   37.068698
  -8.781612    37.0688129
  -8.7813462   37.0688924
  -8.7810139   37.0689631
  -8.7807281   37.0689861
  -8.7804823   37.0690179
  -8.7801699   37.0690674
  -8.7798443   37.069101
  -8.7795585   37.0690656
  -8.779492    37.0690426
  -8.7794477   37.068949
  -8.7793215   37.0688571
  -8.7792129   37.0688058
  -8.7790712   37.068827
  -8.7789493   37.0688624
  -8.7788408   37.0688836
  -8.778648    37.0688871
  -8.7784753   37.0688747
  -8.7782803   37.0688571
  -8.7782249   37.0688747
  -8.7780699   37.0689331
  -8.777906    37.0690091
  -8.7778279   37.06905
  -8.7777287   37.0690674
  -8.7776955   37.0690957
  -8.7776047   37.0691699
  -8.7775028   37.0692777
  -8.777361    37.0693661
  -8.7771949   37.0694386
  -8.7771151   37.0694545
  -8.7770309   37.0694739
  -8.7770044   37.0695093
  -8.7770464   37.069587
  -8.777093    37.0696542
  -8.7771284   37.0697461
  -8.7771018   37.0698716
  -8.7769689   37.0699953
  -8.776949    37.0700413
  -8.7769157   37.0701597
  -8.7768958   37.0702552
  -8.7768138   37.0703771
  -8.7767252   37.0705097
  -8.7765237   37.0706988
  -8.776404    37.070789
  -8.7762556   37.0708491
  -8.7759809   37.0709162
  -8.7757638   37.0709869
  -8.7756354   37.0710629
  -8.7754537   37.0711142
  -8.7752211   37.0711672
  -8.7749464   37.0712096
  -8.7747626   37.0712149
  -8.774417    37.0712114
  -8.7742508   37.0711955
  -8.7740138   37.0712591
  -8.7737585   37.0713275
  -8.7736944   37.071331
  -8.7735824   37.071334
  -8.7734749   37.0713376
  -8.7729621   37.0713112
  -8.7726123   37.0712568
  -8.7724527   37.0712717
  -8.7723446   37.0712438
  -8.7722629   37.0712281
  -8.7721879   37.0712233
  -8.7719203   37.0712579
  -8.7714371   37.0713557
  -8.7712642   37.071399
  -8.7709741   37.0715113
  -8.7707788   37.0715647
  -8.7704059   37.0716262
  -8.7700361   37.0717431
  -8.7695682   37.0717646
  -8.769131    37.0717089
  -8.7683415   37.0716541
  -8.7681539   37.0716849
  -8.767893    37.0716563
  -8.7676358   37.0717143
  -8.7675201   37.0717142
  -8.7673819   37.0718094
  -8.7673762   37.0718841
  -8.7672918   37.0720575
  -8.767253    37.0721062
  -8.7672081   37.072138
  -8.7671173   37.0721495
  -8.7669943   37.0721565
  -8.7669495   37.072149
  -8.766924    37.0721362
  -8.7669194   37.0721079
  -8.7668769   37.0720925
  -8.7668542   37.0721
  -8.7668193   37.0720907
  -8.7668038   37.0720602
  -8.7667839   37.0720306
  -8.7667418   37.0719904
  -8.7666659   37.0719573
  -8.7665823   37.0719334
  -8.7664832   37.0719157
  -8.766409    37.0719016
  -8.7662927   37.0718866
  -8.7660152   37.0718548
  -8.7659366   37.0718375
  -8.7658286   37.0718013
  -8.7657306   37.0717986
  -8.7656331   37.0718017
  -8.7655184   37.0717986
  -8.7654309   37.0717964
  -8.7653542   37.0718087
  -8.7652709   37.0717788
  -8.765152    37.0717014
  -8.7650724   37.0717229
  -8.7650165   37.0717186
  -8.7649783   37.0717032
  -8.7649302   37.0716581
  -8.7648746   37.0716479
  -8.7648223   37.0716055
  -8.7647723   37.0715751
  -8.7647425   37.0715081
  -8.7647402   37.071345
  -8.7647046   37.0713316
  -8.7646454   37.0713611
  -8.7645022   37.0714997
  -8.7644705   37.0715624
  -8.7644862   37.0716242
  -8.76439     37.071678
  -8.7642985   37.0717165
  -8.7642026   37.0719505
  -8.7641615   37.0719782
  -8.7640896   37.0720266
  -8.7640516   37.0720892
  -8.7640315   37.0721608
  -8.7639786   37.0722215
  -8.7639232   37.0722585
  -8.7638405   37.0722877
  -8.7638188   37.0723304
  -8.7637489   37.0723737
  -8.7636515   37.0724754
  -8.7634423   37.0725604
  -8.7633374   37.0726854
  -8.7633038   37.0728246
  -8.7632678   37.0728722
  -8.763213    37.0728897
  -8.763179    37.0728884
  -8.7630858   37.0728849
  -8.7629991   37.0729479
  -8.7627612   37.0729503
  -8.7623873   37.0729681
  -8.762337    37.0729344
  -8.7622234   37.072931
  -8.76203     37.0728811
  -8.7615716   37.0728401
  -8.7614237   37.0727825
  -8.7612232   37.0726161
  -8.7609372   37.0725266
  -8.760479    37.072612
  -8.7603065   37.0726895
  -8.7602737   37.0727615
  -8.7601761   37.0728446
  -8.7595354   37.0728835
  -8.759412    37.0728067
  -8.7594021   37.0727606
  -8.7593278   37.0726634
  -8.7592802   37.0725229
  -8.7592275   37.0725347
  -8.7591955   37.0724931
  -8.7591941   37.072488
  -8.7591773   37.0724262
  -8.759226    37.0723582
  -8.7589389   37.0724119
  -8.7588058   37.0724031
  -8.7586932   37.0723528
  -8.7585803   37.0723726
  -8.7584882   37.0723444
  -8.7584053   37.072546
  -8.7584166   37.0726149
  -8.758454    37.0727118
  -8.7585288   37.0727887
  -8.7585154   37.0728414
  -8.758441    37.0730043
  -8.7584652   37.0730521
  -8.7584386   37.0731036
  -8.7584846   37.0731788
  -8.758496    37.0732299
  -8.7584254   37.0733101
  -8.7584165   37.0733701
  -8.7583947   37.0734154
  -8.7583091   37.0735049
  -8.7582122   37.0735874
  -8.7580839   37.0736577
  -8.7579559   37.0736818
  -8.757872    37.0737149
  -8.7578554   37.0737215
  -8.7577424   37.073743
  -8.7575732   37.0737652
  -8.7574174   37.0737744
  -8.7573572   37.0737663
  -8.7573166   37.0737356
  -8.7572761   37.07372
  -8.7570384   37.0737043
  -8.7568069   37.0736734
  -8.756763    37.073629
  -8.7567275   37.0736249
  -8.7566887   37.0736628
  -8.7566679   37.0736685
  -8.7565676   37.0735618
  -8.7562157   37.0734456
  -8.7561092   37.0734653
  -8.7559826   37.0734461
  -8.7558772   37.0733967
  -8.7557882   37.0734126
  -8.7557008   37.0733932
  -8.7556527   37.0733885
  -8.7556037   37.0733736
  -8.7555211   37.0733748
  -8.755453    37.0733469
  -8.7553387   37.0733385
  -8.7552646   37.0732952
  -8.7551489   37.0732834
  -8.7550236   37.0732562
  -8.754977    37.0732267
  -8.7548851   37.0732792
  -8.7547663   37.0733039
  -8.7546483   37.0733479
  -8.7545382   37.0733509
  -8.7545288   37.0733673
  -8.7545422   37.0733836
  -8.7546421   37.0734027
  -8.7546534   37.073425
  -8.7545524   37.07352
  -8.7545423   37.0735652
  -8.7545735   37.07359
  -8.7546503   37.0736076
  -8.7546588   37.0736254
  -8.7546284   37.0736539
  -8.754531    37.0736678
  -8.7544844   37.0736995
  -8.7544591   37.0737442
  -8.7544292   37.0738292
  -8.7544284   37.0739568
  -8.7544014   37.0740234
  -8.7543668   37.0740768
  -8.7543089   37.0741458
  -8.7542003   37.0742427
  -8.7537951   37.0745555
  -8.7537184   37.0746076
  -8.7536033   37.0746824
  -8.7534117   37.0747693
  -8.7531123   37.074869
  -8.7528894   37.0749333
  -8.7527885   37.0749328
  -8.7526567   37.0748645
  -8.752575    37.0748731
  -8.7524749   37.0749131
  -8.7523935   37.074906
  -8.7523283   37.0749287
  -8.7522251   37.0749136
  -8.752196    37.0748832
  -8.7521399   37.0748753
  -8.7518613   37.0748827
  -8.7517898   37.0749039
  -8.7515295   37.0748815
  -8.7513775   37.0749239
  -8.7512507   37.0749288
  -8.7510886   37.0749862
  -8.7508919   37.0750096
  -8.7508105   37.0750812
  -8.7507204   37.0751275
  -8.750644    37.0752731
  -8.7501785   37.0754327
  -8.7499887   37.0755495
  -8.7497661   37.0755954
  -8.7497015   37.0756493
  -8.7496107   37.0756885
  -8.7493785   37.0758664
  -8.7492563   37.0759147
  -8.7490069   37.0760646
  -8.7488678   37.0761603
  -8.7487965   37.0762003
  -8.7487293   37.0762106
  -8.7484539   37.0762179
  -8.7483298   37.0763224
  -8.7480744   37.0766344
  -8.7480103   37.0767577
  -8.7478974   37.0768556
  -8.7477076   37.0769113
  -8.7475715   37.0769268
  -8.7474384   37.0769365
  -8.7473361   37.0769236
  -8.7470172   37.076688
  -8.7469724   37.0766719
  -8.7469027   37.076682
  -8.7468526   37.0766802
  -8.7467994   37.0766355
  -8.7467137   37.0766107
  -8.7466893   37.0765806
  -8.7466222   37.0765501
  -8.7465509   37.076461
  -8.74645     37.0764429
  -8.7464409   37.0764139
  -8.7463962   37.0763934
  -8.7463078   37.0763774
  -8.7462335   37.0763854
  -8.7461851   37.0763601
  -8.7461285   37.0763593
  -8.7458159   37.0764566
  -8.7457278   37.0765487
  -8.7454615   37.0766871
  -8.7453996   37.0768017
  -8.7453296   37.0768736
  -8.7451652   37.0769889
  -8.7450519   37.0770014
  -8.7449474   37.0770848
  -8.744872    37.0771984
  -8.7447217   37.077217
  -8.7446203   37.077301
  -8.7445483   37.0773393
  -8.7444618   37.0773922
  -8.744284    37.0774601
  -8.744089    37.0776743
  -8.743987    37.077721
  -8.7439415   37.0777768
  -8.7439023   37.0778468
  -8.7438733   37.0779017
  -8.7438287   37.0779274
  -8.7437151   37.0779661
  -8.743618    37.0780111
  -8.7435616   37.0780505
  -8.7434911   37.0780879
  -8.7434308   37.0781092
  -8.7433791   37.0781229
  -8.7433306   37.0781129
  -8.7432992   37.0780829
  -8.7432765   37.0780473
  -8.7432608   37.0780269
  -8.7432361   37.0779788
  -8.7432166   37.0779268
  -8.7432303   37.0779178
  -8.743245    37.0779227
  -8.7432768   37.0779282
  -8.7433156   37.0779271
  -8.7433411   37.0779209
  -8.7433452   37.0779068
  -8.74333     37.0778966
  -8.7432865   37.0778935
  -8.7432707   37.0778863
  -8.7432688   37.0778681
  -8.743261    37.0778584
  -8.7432505   37.077858
  -8.7432461   37.0778502
  -8.7432423   37.0778345
  -8.7432555   37.0777818
  -8.74326     37.077708
  -8.7431995   37.0775817
  -8.7431401   37.0775746
  -8.7431173   37.0775227
  -8.7430616   37.0775273
  -8.7430212   37.0775841
  -8.7428678   37.0776983
  -8.7427974   37.0777939
  -8.7426952   37.0779328
  -8.7426944   37.078006
  -8.7427575   37.0782306
  -8.7427327   37.078361
  -8.7427123   37.0784477
  -8.7427117   37.0784807
  -8.7427183   37.0785099
  -8.7427072   37.0785444
  -8.7427078   37.0785784
  -8.7427227   37.0785978
  -8.7427438   37.0786217
  -8.7427399   37.0786376
  -8.7427117   37.0786248
  -8.7426834   37.0786186
  -8.742664    37.0786274
  -8.7426652   37.0786584
  -8.7426801   37.0786827
  -8.7426884   37.0786999
  -8.7426784   37.0787092
  -8.742653    37.0786906
  -8.7426436   37.0786645
  -8.7426042   37.078642
  -8.7425672   37.0786017
  -8.7425411   37.0785841
  -8.7425023   37.0785771
  -8.7424763   37.0785961
  -8.7424681   37.0786269
  -8.7424712   37.078669
  -8.7424666   37.0786756
  -8.7424375   37.0786787
  -8.7424249   37.0786946
  -8.7424287   37.0787158
  -8.7424436   37.0787527
  -8.7424575   37.0787871
  -8.7424605   37.0788077
  -8.7424497   37.0788103
  -8.7424309   37.0787949
  -8.7424168   37.0787635
  -8.7423905   37.0787295
  -8.7423722   37.0786975
  -8.7423433   37.0786853
  -8.7423229   37.078704
  -8.7423138   37.0787309
  -8.7423181   37.0787453
  -8.7423304   37.0787652
  -8.7423488   37.0788051
  -8.7423856   37.0788319
  -8.7423977   37.0788668
  -8.7424182   37.0789192
  -8.7424112   37.0789749
  -8.7424023   37.0790195
  -8.7423884   37.079031
  -8.7423348   37.0790459
  -8.7423181   37.0790537
  -8.7422966   37.0790719
  -8.7422771   37.0790801
  -8.7422361   37.0790734
  -8.7422049   37.0790634
  -8.7421723   37.0790643
  -8.7421206   37.0791033
  -8.7421113   37.0791169
  -8.7420838   37.0791659
  -8.7420666   37.0792183
  -8.742041    37.0792618
  -8.7420191   37.0793037
  -8.7419595   37.0793609
  -8.7418938   37.0794193
  -8.741816    37.0794698
  -8.7417741   37.079507
  -8.7417723   37.0795378
  -8.741762    37.079575
  -8.7417392   37.0795872
  -8.7416842   37.079598
  -8.7416107   37.0796125
  -8.7415706   37.0796203
  -8.741518    37.0796478
  -8.7414765   37.0796507
  -8.741443    37.0796582
  -8.7414053   37.0796957
  -8.7413555   37.079728
  -8.7412991   37.0797288
  -8.7412465   37.0797306
  -8.7412293   37.0797514
  -8.7412134   37.0797707
  -8.7411841   37.0797875
  -8.7411259   37.0798023
  -8.7410928   37.0798023
  -8.7410374   37.0798001
  -8.740982    37.0798124
  -8.7409291   37.079806
  -8.7408848   37.0798286
  -8.7408805   37.0798539
  -8.7408684   37.0798778
  -8.7408056   37.0799154
  -8.7407932   37.0799944
  -8.7407198   37.0800538
  -8.7407396   37.0802131
  -8.7407179   37.0802832
  -8.7406568   37.0803118
  -8.7406104   37.0803091
  -8.7405187   37.0802336
  -8.7404461   37.0802086
  -8.7403208   37.0802862
  -8.7402993   37.0803299
  -8.7403012   37.0803861
  -8.7403819   37.080481
  -8.740391    37.080508
  -8.7403989   37.0805502
  -8.7403552   37.0805842
  -8.7403212   37.0805766
  -8.7402862   37.0805565
  -8.7402134   37.0805165
  -8.7401236   37.0804455
  -8.740086    37.0804395
  -8.7400624   37.0804548
  -8.7400495   37.0804809
  -8.740063    37.080505
  -8.7400839   37.080566
  -8.7400663   37.0805697
  -8.7400439   37.0805697
  -8.7400221   37.0805678
  -8.7400022   37.0805768
  -8.7399941   37.0806138
  -8.7399906   37.0807215
  -8.7399892   37.0807617
  -8.7399806   37.0808045
  -8.7399467   37.0808216
  -8.7398806   37.0808301
  -8.7396456   37.080815
  -8.7395808   37.0808406
  -8.7395644   37.0808618
  -8.7394755   37.0809231
  -8.7394291   37.081074
  -8.7394009   37.0810915
  -8.7394012   37.0811192
  -8.7394193   37.0811549
  -8.73946     37.0811927
  -8.7394582   37.0812195
  -8.7394138   37.0812156
  -8.7393421   37.0811859
  -8.739298    37.0811596
  -8.739274    37.0811791
  -8.7392935   37.0812352
  -8.7393141   37.0812611
  -8.7393011   37.0812914
  -8.7392727   37.0813005
  -8.7392119   37.0812547
  -8.7391406   37.0812232
  -8.7390404   37.0812371
  -8.7390033   37.0812582
  -8.7390039   37.0813341
  -8.7389537   37.081321
  -8.7388938   37.0812602
  -8.7388511   37.0812619
  -8.738781    37.0813367
  -8.7387928   37.0814186
  -8.7387625   37.0814166
  -8.738739    37.0814248
  -8.7387152   37.0814503
  -8.7387229   37.0815143
  -8.7387607   37.0815781
  -8.7387294   37.0816096
  -8.7386866   37.0816038
  -8.7386298   37.0815496
  -8.7385801   37.0815284
  -8.7385366   37.081531
  -8.738416    37.0815901
  -8.7383671   37.0815922
  -8.7383084   37.0816055
  -8.7382957   37.0816383
  -8.7383166   37.0817097
  -8.7383885   37.0818756
  -8.7383647   37.0819323
  -8.7383142   37.0819681
  -8.7382476   37.0820088
  -8.7381481   37.0820794
  -8.7380706   37.0821356
  -8.7379986   37.0821687
  -8.7379336   37.0822012
  -8.7378889   37.0822393
  -8.7378529   37.0822549
  -8.7377232   37.0822572
  -8.7375455   37.0823102
  -8.7374707   37.0823299
  -8.7373242   37.0823362
  -8.7372496   37.0823504
  -8.7371785   37.0823811
  -8.7371276   37.0823949
  -8.7370822   37.082388
  -8.7370814   37.0823518
  -8.737094    37.0823012
  -8.7370846   37.0822574
  -8.7370799   37.0821925
  -8.7370384   37.08218
  -8.7369945   37.0822068
  -8.7369655   37.0822399
  -8.7369185   37.0822581
  -8.7368551   37.0822668
  -8.7367916   37.0823074
  -8.7366718   37.0824036
  -8.7365896   37.0824567
  -8.7365277   37.0824705
  -8.7364635   37.0824705
  -8.73644     37.0824792
  -8.7363651   37.0825266
  -8.7362881   37.0825392
  -8.7362099   37.0825645
  -8.7358943   37.0826811
  -8.7357575   37.0828277
  -8.7357434   37.082867
  -8.7358196   37.082931
  -8.7358219   37.0829717
  -8.7357634   37.083019
  -8.7356596   37.0830303
  -8.7355958   37.0829984
  -8.7355859   37.0829625
  -8.7355371   37.0829607
  -8.7354498   37.0830378
  -8.7353132   37.0831472
  -8.7352249   37.0832483
  -8.7351288   37.0833084
  -8.7351143   37.0833516
  -8.7351389   37.0834194
  -8.7351334   37.083467
  -8.7351152   37.083487
  -8.7350221   37.0835428
  -8.7349503   37.0835766
  -8.7348889   37.0835881
  -8.7348013   37.0835907
  -8.7347492   37.0835803
  -8.734737    37.083542
  -8.734737    37.0835053
  -8.7347105   37.0834796
  -8.7346602   37.0834577
  -8.7346034   37.0834536
  -8.7345657   37.0834677
  -8.7345619   37.0834852
  -8.7345876   37.0835209
  -8.7346257   37.0835513
  -8.7346192   37.0835662
  -8.7345708   37.083555
  -8.7345475   37.0835543
  -8.7345051   37.0835532
  -8.7344516   37.0835684
  -8.734425    37.0835903
  -8.7343864   37.0836338
  -8.7343701   37.0836431
  -8.7343184   37.0836539
  -8.7342709   37.0836453
  -8.7342029   37.083626
  -8.7341382   37.0835937
  -8.7340851   37.0835376
  -8.7340348   37.0835012
  -8.7340339   37.0834755
  -8.7340315   37.0834324
  -8.7340245   37.0833927
  -8.7340104   37.0833599
  -8.7339917   37.0833407
  -8.7339545   37.0833409
  -8.7339256   37.0833717
  -8.7339012   37.0833986
  -8.7338602   37.0834229
  -8.7338048   37.083437
  -8.7337622   37.0834596
  -8.7337279   37.083479
  -8.7336703   37.0834759
  -8.7336232   37.0834817
  -8.7334798   37.0835541
  -8.7333834   37.0836142
  -8.7333419   37.0836571
  -8.7332532   37.083722
  -8.7331458   37.0837861
  -8.7331115   37.0838082
  -8.7329625   37.0839354
  -8.732901    37.083984
  -8.732736    37.0840578
  -8.7327089   37.0840728
  -8.7326917   37.0841117
  -8.7326662   37.084136
  -8.7326274   37.0841594
  -8.732587    37.0841514
  -8.7325505   37.0841435
  -8.7325316   37.0841572
  -8.7325239   37.0841819
  -8.7324895   37.084231
  -8.7323611   37.0843427
  -8.732263    37.0844284
  -8.7322204   37.0844563
  -8.7320897   37.0844969
  -8.7320039   37.0845376
  -8.7319728   37.0845968
  -8.7319507   37.0846215
  -8.7319302   37.0846334
  -8.7318959   37.0846348
  -8.7318372   37.0846334
  -8.7317702   37.0846551
  -8.7316954   37.0846887
  -8.7316406   37.0846816
  -8.7315796   37.0846847
  -8.7315049   37.084705
  -8.7314174   37.0847417
  -8.7313199   37.0847505
  -8.7312656   37.0847585
  -8.731187    37.0848106
  -8.7310541   37.0848402
  -8.7309876   37.0848733
  -8.7309577   37.0849087
  -8.7309177   37.0849555
  -8.7308924   37.0849714
  -8.7307811   37.0849277
  -8.7307091   37.0849272
  -8.7306343   37.0848999
  -8.7305887   37.0848568
  -8.730571    37.0848326
  -8.730523    37.0848196
  -8.7305097   37.0848106
  -8.730503    37.0847695
  -8.7304128   37.0847159
  -8.7304612   37.0846595
  -8.730377    37.0845522
  -8.7303724   37.0844331
  -8.7302844   37.0843516
  -8.7302476   37.0843305
  -8.7301351   37.084266
  -8.7300135   37.084149
  -8.7299636   37.0841596
  -8.72984     37.0842388
  -8.729737    37.0842433
  -8.7297158   37.0842633
  -8.7296987   37.084299
  -8.7296865   37.0843245
  -8.7296621   37.084525
  -8.7296437   37.0845454
  -8.7294614   37.0847478
  -8.729497    37.0847923
  -8.7295179   37.084825
  -8.7295162   37.0848414
  -8.7294923   37.0848788
  -8.7294757   37.0848908
  -8.7294479   37.0848954
  -8.729377    37.0848853
  -8.7293548   37.0848929
  -8.7293418   37.0849061
  -8.7293419   37.0849181
  -8.7293703   37.0849805
  -8.7293595   37.0850059
  -8.7293375   37.0850174
  -8.7292837   37.0850266
  -8.7292556   37.0850552
  -8.7292102   37.0851134
  -8.7291897   37.0851165
  -8.7291729   37.0851076
  -8.7291392   37.0850676
  -8.729128    37.0850677
  -8.7291128   37.0850727
  -8.7290817   37.0850828
  -8.7290245   37.0851337
  -8.7289584   37.0852413
  -8.7289312   37.0852691
  -8.7288684   37.0853201
  -8.7288519   37.0853396
  -8.7288466   37.0853842
  -8.7288865   37.0855041
  -8.7288812   37.0855265
  -8.7288682   37.0855369
  -8.7287107   37.0855899
  -8.7286571   37.0856199
  -8.7285722   37.0856918
  -8.7285079   37.0857875
  -8.7283843   37.085888
  -8.7283128   37.0859718
  -8.728152    37.0861093
  -8.7279334   37.0862198
  -8.7277925   37.0862859
  -8.7274658   37.0863679
  -8.7269389   37.0864614
  -8.7266735   37.086501
  -8.7263595   37.0865123
  -8.7259791   37.0865442
  -8.7256449   37.0865588
  -8.7255817   37.0865607
  -8.7252193   37.0865446
  -8.7251153   37.0865436
  -8.7247223   37.086513
  -8.7245923   37.086518
  -8.7243471   37.0865149
  -8.7238325   37.0865234
  -8.7236179   37.0865185
  -8.7233037   37.0864925
  -8.7230407   37.0864793
  -8.7229489   37.0864781
  -8.722813    37.0864616
  -8.7227015   37.0864426
  -8.7224689   37.0864359
  -8.722333    37.0864264
  -8.7219997   37.0864236
  -8.7218767   37.0864179
  -8.7216406   37.0863925
  -8.7212876   37.0863324
  -8.7211117   37.0863107
  -8.7209635   37.0862871
  -8.7208138   37.0862597
  -8.7206219   37.0861965
  -8.7205321   37.086162
  -8.7204067   37.0861234
  -8.7203608   37.0861205
  -8.7203412   37.0861152
  -8.7203255   37.0861058
  -8.7202782   37.0860471
  -8.720231    37.0860082
  -8.7199397   37.08593
  -8.7198065   37.0858829
  -8.7196549   37.0858127
  -8.719497    37.0857698
  -8.7192295   37.085692
  -8.7190591   37.0856284
  -8.7189799   37.0855875
  -8.7188791   37.0855445
  -8.7187713   37.0854902
  -8.7185961   37.0854159
  -8.718556    37.0854067
  -8.7184593   37.0854009
  -8.7182823   37.0854186
  -8.7181515   37.0854393
  -8.7180009   37.0854569
  -8.7178182   37.0854516
  -8.71759     37.0854313
  -8.7174039   37.0853854
  -8.7172311   37.0853209
  -8.7170958   37.0852639
  -8.7170699   37.0852467
  -8.7170538   37.0852276
  -8.7170041   37.0851345
  -8.7169873   37.0850933
  -8.7169363   37.0849686
  -8.716919    37.0848774
  -8.7168545   37.0846657
  -8.7168487   37.0846301
  -8.7168531   37.084558
  -8.7168836   37.0844777
  -8.7169114   37.0844207
  -8.7169208   37.0843815
  -8.7169181   37.0843452
  -8.716905    37.0843065
  -8.7168816   37.0842784
  -8.7168527   37.0842693
  -8.7168083   37.0842685
  -8.7167696   37.0842775
  -8.7166809   37.0843375
  -8.7165703   37.0844244
  -8.7164923   37.0844743
  -8.7164466   37.0844907
  -8.7164279   37.0844758
  -8.7164204   37.084467
  -8.7163997   37.0844429
  -8.7163405   37.0843363
  -8.7163066   37.084315
  -8.7162945   37.0843149
  -8.7162644   37.0843146
  -8.7162084   37.0843429
  -8.7160223   37.0844791
  -8.7159872   37.0844941
  -8.715917    37.0845131
  -8.7158198   37.0845278
  -8.7157875   37.0845447
  -8.7157553   37.0845728
  -8.7157311   37.0846112
  -8.7156845   37.0847775
  -8.7156819   37.0847869
  -8.7156674   37.0848022
  -8.7156572   37.0848067
  -8.7153822   37.0849284
  -8.7153164   37.0849488
  -8.7152481   37.0849609
  -8.715051    37.0849658
  -8.7150033   37.0849707
  -8.714848    37.0849868
  -8.7147396   37.084974
  -8.7145731   37.0849396
  -8.7144526   37.0849207
  -8.7142585   37.0848903
  -8.7140111   37.084822
  -8.7137706   37.084762
  -8.7135912   37.0847248
  -8.7133552   37.0846908
  -8.712891    37.0845809
  -8.7128235   37.0845567
  -8.7126677   37.0845109
  -8.7124873   37.0844435
  -8.7122305   37.0843476
  -8.712036    37.0842877
  -8.7118084   37.0842306
  -8.7117526   37.0842107
  -8.7117219   37.0841957
  -8.7115344   37.0840698
  -8.7114891   37.0840494
  -8.7114006   37.0840358
  -8.7112164   37.0840264
  -8.7109433   37.0840444
  -8.7108325   37.0840439
  -8.7107572   37.084036
  -8.71044     37.0839787
  -8.7101107   37.0839559
  -8.7100004   37.0839564
  -8.7097065   37.0839902
  -8.7095425   37.0840315
  -8.7091419   37.0841721
  -8.7089551   37.0841934
  -8.7088334   37.0842404
  -8.7086895   37.0842874
  -8.7085244   37.0843774
  -8.7084515   37.0844093
  -8.7083306   37.0844418
  -8.7082561   37.08445
  -8.7080295   37.0844594
  -8.7075742   37.08447
  -8.7072508   37.0844732
  -8.707026    37.0845024
  -8.706675    37.0845572
  -8.7064918   37.0845629
  -8.7062683   37.0845663
  -8.7059714   37.0845765
  -8.7058612   37.0845762
  -8.7057389   37.084574
  -8.7055535   37.0845593
  -8.7054384   37.0845383
  -8.7052754   37.0845018
  -8.7051453   37.0844651
  -8.7049155   37.0843874
  -8.7047891   37.0843222
  -8.7046563   37.0842726
  -8.7042856   37.0841891
  -8.7042316   37.0841786
  -8.7041681   37.084174
  -8.703619    37.0841747
  -8.7031732   37.0841819
  -8.7031156   37.0841783
  -8.7029077   37.0841783
  -8.7021873   37.0841348
  -8.7020038   37.0841327
  -8.7018613   37.0841471
  -8.7017709   37.0841671
  -8.7017306   37.084184
  -8.7016843   37.0841969
  -8.7015731   37.084222
  -8.7014081   37.0842531
  -8.701353    37.0842533
  -8.7011163   37.0842436
  -8.7009549   37.0842504
  -8.7008862   37.0842457
  -8.7007453   37.084218
  -8.7006202   37.0842005
  -8.7004873   37.0842039
  -8.7003605   37.0841921
  -8.7003065   37.0841915
  -8.7002574   37.0841993
  -8.7001636   37.0842476
  -8.7000471   37.084295
  -8.6999831   37.0843145
  -8.6999209   37.0843286
  -8.6997741   37.0843522
  -8.6995274   37.0843747
  -8.6992272   37.0844552
  -8.6990417   37.0844937
  -8.6987878   37.084573
  -8.6984306   37.0846697
  -8.6980407   37.0847492
  -8.6977549   37.0847845
  -8.6974869   37.084781
  -8.6969818   37.0847828
  -8.6965211   37.0847898
  -8.6960691   37.0847898
  -8.695584    37.0848057
  -8.695285    37.0848411
  -8.6950369   37.0849153
  -8.6948619   37.0849453
  -8.6946093   37.0849365
  -8.6943103   37.0849453
  -8.6939691   37.0849984
  -8.6937432   37.0850443
  -8.6934906   37.0851221
  -8.6932625   37.085138
  -8.6930742   37.0851358
  -8.6928596   37.0851469
  -8.6926647   37.0851942
  -8.692421    37.0852636
  -8.6921602   37.085293
  -8.6918507   37.0853224
  -8.6915095   37.085377
  -8.6912184   37.0853802
  -8.6910261   37.0853865
  -8.6908114   37.0853949
  -8.6905546   37.0853728
  -8.690411    37.0853728
  -8.6900593   37.0853623
  -8.6898459   37.0853812
  -8.6895166   37.0853949
  -8.6892585   37.0853833
  -8.6889608   37.0853739
  -8.6887658   37.0853613
  -8.6881613   37.0853476
  -8.687828    37.0853571
  -8.687392    37.0853697
  -8.6869231   37.0853686
  -8.6865464   37.0853571
  -8.6862527   37.0853718
  -8.6859774   37.0853602
  -8.685598    37.085314
  -8.6853214   37.085232
  -8.6851041   37.0851795
  -8.6848775   37.0851522
  -8.6845614   37.0850933
  -8.6843625   37.0850461
  -8.6841966   37.0849883
  -8.6840727   37.0849494
  -8.683808    37.0848496
  -8.6836592   37.0847823
  -8.6833984   37.084714
  -8.6832653   37.0846604
  -8.6830954   37.0845774
  -8.6829123   37.0845112
  -8.6826541   37.0843988
  -8.6824605   37.0843378
  -8.6822313   37.0842212
  -8.6820917   37.0841424
  -8.6819639   37.0840751
  -8.6817861   37.0840089
  -8.6816755   37.0839165
  -8.6815767   37.0838902
  -8.6814726   37.0838755
  -8.6812092   37.0839102
  -8.6811065   37.0839291
  -8.6809379   37.0839354
  -8.6806692   37.0839417
  -8.6803781   37.08399
  -8.6802029   37.0840089
  -8.6799381   37.0840037
  -8.679784    37.0840047
  -8.6796102   37.0840131
  -8.6794455   37.0840194
  -8.6793125   37.0840268
  -8.6791017   37.0840163
  -8.6788818   37.0839953
  -8.6787079   37.0839617
  -8.6785893   37.0839196
  -8.678455    37.0838324
  -8.6782772   37.0837326
  -8.6781191   37.0836674
  -8.6779426   37.0836033
  -8.6778267   37.0835582
  -8.6777187   37.0835151
  -8.6775804   37.0834058
  -8.6775079   37.0833701
  -8.6774105   37.0833659
  -8.6772722   37.0833606
  -8.6771721   37.083327
  -8.6770785   37.0832828
  -8.6770008   37.0832209
  -8.6768507   37.0831809
  -8.6767124   37.0831526
  -8.676603    37.0831389
  -8.6764384   37.0831399
  -8.6763989   37.0831378
  -8.6764041   37.0831011
  -8.6764608   37.0830443
  -8.6765187   37.0830012
  -8.6765122   37.0829582
  -8.676474    37.082913
  -8.6763844   37.0828279
  -8.6763725   37.0827406
  -8.6763976   37.0825935
  -8.6763686   37.0824054
  -8.6763343   37.0822257
  -8.6762751   37.0821039
  -8.6762092   37.0819914
  -8.6761078   37.0819263
  -8.6759524   37.0818811
  -8.6758391   37.0819
  -8.6757574   37.0819462
  -8.6756784   37.0819767
  -8.6756152   37.081963
  -8.6755388   37.08192
  -8.6753438   37.0818716
  -8.6752938   37.0818496
  -8.6752595   37.081797
  -8.6752042   37.0817781
  -8.6751449   37.081776
  -8.6751001   37.081735
  -8.6749987   37.0816457
  -8.6748973   37.0815679
  -8.6747432   37.081425
  -8.6746339   37.0813326
  -8.6745245   37.0812874
  -8.6744416   37.0812916
  -8.6743349   37.081341
  -8.6742216   37.0814103
  -8.6741544   37.081465
  -8.6740648   37.0815627
  -8.6740253   37.0816205
  -8.6739173   37.0816699
  -8.6738317   37.0817245
  -8.67375     37.0818096
  -8.6737329   37.0818947
  -8.6737619   37.0819641
  -8.6737764   37.0820093
  -8.6737672   37.0820324
  -8.6737237   37.0820208
  -8.6736763   37.0818853
  -8.6736341   37.0818212
  -8.6735907   37.0818327
  -8.6735446   37.0818632
  -8.6734497   37.0818695
  -8.6734194   37.0818916
  -8.6734105   37.0819051
  -8.6733928   37.0819011
  -8.6733891   37.0818788
  -8.6733849   37.0817981
  -8.6733863   37.0817562
  -8.673356    37.081738
  -8.6732657   37.0817298
  -8.673241    37.0817331
  -8.6732098   37.0817495
  -8.6731702   37.0817933
  -8.6731334   37.0818438
  -8.6730906   37.0818836
  -8.6730505   37.0819371
  -8.6730272   37.0819583
  -8.6730035   37.0819999
  -8.6730077   37.0820411
  -8.6730203   37.0820564
  -8.673064    37.0820697
  -8.6730952   37.0820772
  -8.6730505   37.0821017
  -8.672983    37.0821269
  -8.6729164   37.0821236
  -8.6728447   37.0821258
  -8.6727967   37.0821314
  -8.6727045   37.0821437
  -8.6726319   37.0821388
  -8.6725951   37.0821299
  -8.6725872   37.0821214
  -8.6726077   37.0821058
  -8.6726468   37.0820768
  -8.6726528   37.0820255
  -8.6726393   37.0819794
  -8.6726416   37.0818795
  -8.6726412   37.0818279
  -8.6726384   37.0818078
  -8.67261     37.0817844
  -8.6725406   37.0817692
  -8.6724875   37.0817588
  -8.6724139   37.0817316
  -8.6723334   37.0817038
  -8.6722859   37.0816793
  -8.6722505   37.0816629
  -8.6722295   37.0816406
  -8.6722276   37.0816176
  -8.6722267   37.0815875
  -8.6722444   37.0815396
  -8.6722584   37.0815102
  -8.6722696   37.0814697
  -8.6723017   37.0814344
  -8.6723622   37.0814043
  -8.6723869   37.0813913
  -8.6724242   37.0813456
  -8.6724433   37.0812929
  -8.6724591   37.0812442
  -8.6724512   37.0812078
  -8.6724125   37.0811981
  -8.6723962   37.0811989
  -8.6723613   37.0812201
  -8.6723212   37.0812271
  -8.6722961   37.0812119
  -8.6722477   37.0811799
  -8.6722076   37.0811539
  -8.672182    37.0811216
  -8.6721499   37.0810815
  -8.6721154   37.0810146
  -8.672107    37.0809771
  -8.6721061   37.0809188
  -8.6720945   37.0808612
  -8.6720656   37.080817
  -8.6720293   37.0807765
  -8.6720036   37.080769
  -8.6719762   37.080775
  -8.6719059   37.0808021
  -8.6718495   37.0808192
  -8.6718127   37.0808244
  -8.6717713   37.0808225
  -8.6717186   37.0808144
  -8.6716753   37.080817
  -8.671626    37.0808329
  -8.6715789   37.0808716
  -8.6715529   37.0809046
  -8.6715417   37.0809437
  -8.6715491   37.0809767
  -8.6715771   37.0810042
  -8.6716055   37.0810269
  -8.6716013   37.0810551
  -8.6715766   37.0810908
  -8.6715491   37.0811038
  -8.6715095   37.0811093
  -8.6714523   37.0811194
  -8.6714239   37.0811183
  -8.6714155   37.0811079
  -8.671436    37.0810711
  -8.6714802   37.0809659
  -8.671483    37.0809303
  -8.671476    37.0808905
  -8.6714541   37.0808519
  -8.671443    37.0808207
  -8.6714131   37.080795
  -8.6713927   37.0807709
  -8.6713889   37.0807393
  -8.6714057   37.0807219
  -8.6714346   37.0806973
  -8.6714569   37.0806721
  -8.6714835   37.0806423
  -8.6714863   37.0806178
  -8.6714816   37.0805699
  -8.6714644   37.0805138
  -8.6714336   37.0804863
  -8.6713871   37.0804703
  -8.6713624   37.0804603
  -8.6713549   37.0804454
  -8.6713619   37.0804365
  -8.6713824   37.080438
  -8.6714267   37.080461
  -8.6714495   37.0804714
  -8.6714704   37.0804703
  -8.6714867   37.080454
  -8.6714867   37.0804235
  -8.6714797   37.0803589
  -8.6714946   37.0803143
  -8.6715193   37.0802742
  -8.6715501   37.0802392
  -8.6715608   37.080198
  -8.6715519   37.0801534
  -8.6715421   37.0801204
  -8.6715282   37.0800561
  -8.6715035   37.0800286
  -8.67147     37.0800252
  -8.6713996   37.0800382
  -8.6713484   37.0800546
  -8.6712953   37.0800557
  -8.6712357   37.0800587
  -8.671164    37.0800475
  -8.6711118   37.0800353
  -8.6710569   37.0800304
  -8.6709982   37.0800379
  -8.6709614   37.0800579
  -8.6709475   37.0800899
  -8.6709475   37.080117
  -8.670967    37.080153
  -8.6709903   37.0801727
  -8.6709917   37.0801839
  -8.6709731   37.080185
  -8.6709367   37.0801772
  -8.6708962   37.08014
  -8.6708622   37.0801029
  -8.6708101   37.0800739
  -8.6707812   37.0800683
  -8.6707626   37.0800639
  -8.6707402   37.0800301
  -8.6707109   37.0799691
  -8.6707048   37.0799495
  -8.6706885   37.0799268
  -8.6706606   37.0799138
  -8.6705907   37.0799104
  -8.6704971   37.0799134
  -8.6704534   37.0799223
  -8.6704063   37.0799186
  -8.67037     37.0799078
  -8.6703234   37.0798625
  -8.6702778   37.079832
  -8.6702508   37.0798213
  -8.6702098   37.0798183
  -8.6701516   37.079819
  -8.6700864   37.0798127
  -8.670044    37.079799
  -8.6700058   37.0797733
  -8.6699923   37.0797585
  -8.670011    37.0797514
  -8.6700701   37.0797384
  -8.670139    37.0797221
  -8.6701833   37.0797039
  -8.6702326   37.0796794
  -8.6702573   37.0796589
  -8.6702699   37.0796277
  -8.6702661   37.0795932
  -8.6702443   37.0795356
  -8.670214    37.0795066
  -8.6701502   37.0794776
  -8.6700841   37.0794627
  -8.6700054   37.0794501
  -8.6699169   37.0794497
  -8.669848    37.0794509
  -8.6697469   37.0794557
  -8.6696733   37.0794512
  -8.6696421   37.079446
  -8.6695858   37.0794122
  -8.669569    37.0793836
  -8.6695611   37.0793316
  -8.6695178   37.0792982
  -8.6694852   37.0792829
  -8.669468    37.0792476
  -8.6694349   37.0792213
  -8.669392    37.0792012
  -8.6693529   37.0791674
  -8.6693185   37.0791432
  -8.6692658   37.0791195
  -8.6692304   37.0791098
  -8.6691834   37.0791031
  -8.6691667   37.0791068
  -8.6691485   37.0791187
  -8.6691466   37.0791451
  -8.6691569   37.079167
  -8.6691909   37.079206
  -8.6692514   37.079271
  -8.6692961   37.0793383
  -8.6693185   37.0793643
  -8.6693115   37.0793858
  -8.6692961   37.0794011
  -8.6692682   37.0794037
  -8.6692332   37.0793962
  -8.669149    37.0793832
  -8.6691168   37.0793832
  -8.6690926   37.079374
  -8.669081    37.0793309
  -8.6690763   37.0793034
  -8.6690553   37.0792432
  -8.6690516   37.0792079
  -8.6690553   37.0791804
  -8.6690684   37.0791403
  -8.6690734   37.0790874
  -8.6690706   37.0790664
  -8.6690629   37.0790445
  -8.6690189   37.079011
  -8.6689756   37.0789262
  -8.6689354   37.0788957
  -8.6688966   37.078873
  -8.66884     37.078865
  -8.6687939   37.0788934
  -8.668774    37.079019
  -8.6687223   37.0790723
  -8.6683647   37.0791459
  -8.6682776   37.0791971
  -8.6681874   37.0792993
  -8.6681412   37.079326
  -8.6680375   37.07928
  -8.6679645   37.0792198
  -8.667921    37.0791259
  -8.6678055   37.0790244
  -8.6677199   37.0789771
  -8.66762     37.0788738
  -8.6675525   37.0788774
  -8.6675268   37.0789097
  -8.6675223   37.0789499
  -8.6675751   37.0790436
  -8.6676076   37.079114
  -8.6676349   37.079185
  -8.6676205   37.0792134
  -8.6675758   37.0792476
  -8.6675335   37.0792691
  -8.6675174   37.079312
  -8.667509    37.0793576
  -8.6675059   37.0794093
  -8.6675574   37.079493
  -8.6675651   37.0795553
  -8.6675498   37.0796073
  -8.6675223   37.0796721
  -8.6675167   37.079735
  -8.6675466   37.0797692
  -8.6675846   37.0797861
  -8.6676216   37.0797844
  -8.6676596   37.0797631
  -8.6676905   37.0797338
  -8.6677598   37.0797182
  -8.667799    37.0797366
  -8.6678291   37.0797366
  -8.6678444   37.0797113
  -8.6678636   37.079675
  -8.6679176   37.07965
  -8.6679583   37.0796569
  -8.667994    37.079675
  -8.6680206   37.0796572
  -8.6680711   37.0796135
  -8.6680919   37.0795526
  -8.6681126   37.0794895
  -8.6681369   37.079426
  -8.6681769   37.0794064
  -8.6682148   37.079402
  -8.6682705   37.0794129
  -8.6683061   37.0794601
  -8.6683116   37.0794932
  -8.6683171   37.0795273
  -8.6683178   37.0796051
  -8.6683315   37.0796572
  -8.6683539   37.0796825
  -8.6683742   37.0797144
  -8.6683758   37.0797535
  -8.6683523   37.0797844
  -8.6683241   37.0798291
  -8.6683112   37.0798834
  -8.6683026   37.0799303
  -8.6682881   37.0799481
  -8.6682368   37.0799528
  -8.6681827   37.0799618
  -8.6681138   37.0800031
  -8.6680418   37.0800378
  -8.6680022   37.0800359
  -8.6679501   37.0800234
  -8.6679074   37.0800156
  -8.6678463   37.0800206
  -8.6677837   37.0800409
  -8.6677692   37.0800756
  -8.6677539   37.0800684
  -8.6677391   37.0800587
  -8.6677093   37.0800231
  -8.667712    37.0799884
  -8.6677394   37.0799653
  -8.6677508   37.0799359
  -8.6677398   37.0798928
  -8.6677038   37.0798637
  -8.6676427   37.0798553
  -8.6676086   37.0798744
  -8.6676      37.0799159
  -8.6675855   37.0799609
  -8.6675852   37.0799984
  -8.6676051   37.0800256
  -8.6676263   37.0800587
  -8.6676396   37.0801155
  -8.6676419   37.0801846
  -8.6676533   37.0802303
  -8.6676979   37.0802725
  -8.6678274   37.0803279
  -8.6680825   37.0803948
  -8.668087    37.0804175
  -8.6680588   37.0804328
  -8.6679437   37.0804169
  -8.6678376   37.0804317
  -8.6677906   37.0804774
  -8.6677978   37.0805234
  -8.6678674   37.0805417
  -8.6681013   37.0805165
  -8.6681653   37.0805973
  -8.6681397   37.0806304
  -8.6681444   37.0806655
  -8.6681762   37.080679
  -8.668258    37.0806552
  -8.66829     37.0806681
  -8.6682988   37.0807039
  -8.6682857   37.0807467
  -8.6682673   37.0807814
  -8.6682936   37.0808166
  -8.6683549   37.0808439
  -8.6684003   37.0808739
  -8.6684464   37.0809159
  -8.6684451   37.0809569
  -8.6684293   37.0810068
  -8.6683983   37.0810252
  -8.6683654   37.0810467
  -8.6683529   37.0810635
  -8.6683299   37.0810846
  -8.6683042   37.0810956
  -8.6682752   37.0810846
  -8.6682502   37.0810525
  -8.6682265   37.0810247
  -8.6681751   37.0810126
  -8.6681191   37.0810341
  -8.6680697   37.081063
  -8.6680355   37.0810804
  -8.6679861   37.0810919
  -8.6679696   37.0811161
  -8.6679492   37.0811439
  -8.6679255   37.0811749
  -8.6679202   37.0812154
  -8.6679282   37.0812671
  -8.6679567   37.0812914
  -8.6680065   37.0813088
  -8.6681051   37.0813086
  -8.6681418   37.0813312
  -8.6681689   37.0813704
  -8.6681729   37.0814706
  -8.6683183   37.0815511
  -8.6683508   37.0816984
  -8.6683107   37.0818131
  -8.6683292   37.0818673
  -8.6682634   37.0818862
  -8.6680728   37.0820202
  -8.6680372   37.0820667
  -8.6680205   37.0821701
  -8.6680207   37.0822151
  -8.6680184   37.0822478
  -8.6680075   37.0823034
  -8.6680075   37.082332
  -8.6680341   37.0823491
  -8.668062    37.0823603
  -8.6681272   37.0823874
  -8.6681738   37.08241
  -8.6681943   37.0824297
  -8.6681906   37.0824732
  -8.6681752   37.0824992
  -8.668157    37.082546
  -8.6681361   37.0826114
  -8.6681226   37.0826563
  -8.6681077   37.0827028
  -8.6680797   37.0827254
  -8.6680611   37.0827607
  -8.6680457   37.0828113
  -8.6680299   37.0828388
  -8.6679936   37.0828428
  -8.6679577   37.0828354
  -8.667906    37.0828131
  -8.6678334   37.0827998
  -8.6677728   37.0827916
  -8.6677435   37.0827975
  -8.6677216   37.0828128
  -8.6676951   37.082844
  -8.6676597   37.0829153
  -8.6676247   37.082961
  -8.6676015   37.0829762
  -8.6675358   37.0830052
  -8.6674953   37.083023
  -8.6674673   37.0830513
  -8.6674236   37.0830955
  -8.6673759   37.08312
  -8.6673146   37.0831581
  -8.667284    37.0831851
  -8.6672603   37.0832072
  -8.6672086   37.083239
  -8.6671579   37.0832878
  -8.667148    37.0833307
  -8.6671549   37.0833824
  -8.6671539   37.0834373
  -8.6671632   37.0834673
  -8.6671925   37.0835461
  -8.6672063   37.0836635
  -8.6671948   37.0836969
  -8.6671757   37.0837113
  -8.6671464   37.0837121
  -8.6670854   37.0836898
  -8.6670252   37.0836664
  -8.6669672   37.083649
  -8.6669333   37.0836585
  -8.6669093   37.0836871
  -8.6668819   37.0837068
  -8.6667667   37.0837323
  -8.6667627   37.0837581
  -8.6667654   37.0838025
  -8.666796    37.0838726
  -8.6668197   37.0839262
  -8.6668424   37.0839538
  -8.6668846   37.0839708
  -8.6669224   37.0839845
  -8.6669445   37.083985
  -8.6669791   37.0839777
  -8.6670275   37.0839543
  -8.6670706   37.0839417
  -8.6671009   37.0839412
  -8.6671233   37.0839517
  -8.6671625   37.083968
  -8.6672027   37.0839793
  -8.6672359   37.083989
  -8.6672755   37.0840321
  -8.6672876   37.0840638
  -8.6672531   37.0841219
  -8.6672152   37.0841836
  -8.6671862   37.0842322
  -8.6671424   37.0842622
  -8.6671164   37.0842764
  -8.6670808   37.0842963
  -8.6670449   37.0843042
  -8.6669893   37.0843289
  -8.6669521   37.084352
  -8.6669271   37.084361
  -8.666908    37.084352
  -8.6668938   37.0843331
  -8.6668714   37.0842719
  -8.6668507   37.0842167
  -8.6668191   37.0841634
  -8.6667917   37.0841208
  -8.6667492   37.0840967
  -8.6667008   37.0840904
  -8.6666518   37.0841035
  -8.6666155   37.0841132
  -8.6665918   37.0841101
  -8.6665701   37.084092
  -8.6665368   37.0840297
  -8.666497    37.0839953
  -8.6664496   37.0839806
  -8.6663653   37.08398
  -8.666278    37.0840018
  -8.666227    37.084026
  -8.6662085   37.0840638
  -8.6662      37.0841264
  -8.6661845   37.0842096
  -8.6661845   37.0842451
  -8.6662013   37.0842672
  -8.6662207   37.0843068
  -8.6662609   37.0843328
  -8.666279    37.0843539
  -8.6662925   37.0843919
  -8.6662932   37.0844342
  -8.6662866   37.0845055
  -8.6662991   37.0845528
  -8.6663318   37.0845906
  -8.6663883   37.0846454
  -8.6664171   37.084654
  -8.666468    37.0846566
  -8.6665419   37.0846734
  -8.6665863   37.0846831
  -8.6665946   37.0847088
  -8.6666142   37.084743
  -8.6666544   37.0847633
  -8.6666774   37.084766
  -8.6667302   37.084764
  -8.6667679   37.0847688
  -8.6668324   37.084781
  -8.6668731   37.0847852
  -8.6668969   37.0847611
  -8.666913    37.0847426
  -8.6669277   37.0847165
  -8.6669302   37.084694
  -8.6669404   37.0846732
  -8.6669595   37.0846626
  -8.6669775   37.0846661
  -8.6670138   37.0846891
  -8.6670448   37.0847037
  -8.6670778   37.0847068
  -8.667103    37.0847125
  -8.6671306   37.084739
  -8.6671434   37.0847702
  -8.6671401   37.0848185
  -8.6671414   37.0848749
  -8.6671251   37.0849065
  -8.6670822   37.0849469
  -8.6670542   37.084961
  -8.6670279   37.0849593
  -8.6669725   37.0849537
  -8.6668817   37.0849524
  -8.6667997   37.0849637
  -8.6667186   37.0849776
  -8.666658    37.0849939
  -8.6666062   37.0850215
  -8.6665829   37.0850558
  -8.6665685   37.085111
  -8.6665705   37.0851554
  -8.6665669   37.0852226
  -8.6665735   37.0852539
  -8.6665957   37.0853016
  -8.6666062   37.0853237
  -8.6666322   37.0853684
  -8.6666582   37.0854041
  -8.6666848   37.0854101
  -8.6667289   37.0854035
  -8.6667582   37.0853964
  -8.6667826   37.0854039
  -8.6667981   37.0854359
  -8.6668202   37.0854514
  -8.6668737   37.085447
  -8.6669039   37.0854541
  -8.6669185   37.0855002
  -8.666931    37.0855093
  -8.6669628   37.0855199
  -8.6670091   37.085519
  -8.667052    37.0855152
  -8.6670567   37.08553
  -8.6670401   37.0855398
  -8.6670227   37.08554
  -8.6669584   37.0855413
  -8.6669028   37.0855424
  -8.6668731   37.0855497
  -8.6668097   37.0855877
  -8.666769    37.0856065
  -8.6667302   37.0856109
  -8.6666694   37.0856069
  -8.6666307   37.0855934
  -8.6665863   37.0855466
  -8.6665309   37.0855004
  -8.6665082   37.0854927
  -8.666445    37.0854923
  -8.6664151   37.0854954
  -8.6663993   37.0855161
  -8.6663847   37.0855292
  -8.6663766   37.0855484
  -8.6663783   37.0855837
  -8.6663957   37.085608
  -8.6664304   37.0856089
  -8.6664625   37.0856027
  -8.6665184   37.0856012
  -8.6665436   37.0855999
  -8.6665442   37.085614
  -8.6665281   37.085631
  -8.6665312   37.0856584
  -8.6665533   37.0856705
  -8.6666361   37.0856871
  -8.6667109   37.0856928
  -8.6668144   37.0857141
  -8.6669191   37.0857501
  -8.6669988   37.0857898
  -8.6670116   37.085826
  -8.6670077   37.0858503
  -8.66699     37.0858844
  -8.6669639   37.0859418
  -8.6669529   37.0859765
  -8.6669501   37.0860105
  -8.6669628   37.0860458
  -8.6669648   37.086079
  -8.6669399   37.086128
  -8.666916    37.0861415
  -8.6669016   37.0861404
  -8.6668872   37.0861214
  -8.6668831   37.0860905
  -8.6668753   37.0860726
  -8.666864    37.0860679
  -8.6668377   37.0860628
  -8.6667865   37.0860538
  -8.666715    37.0860427
  -8.6666649   37.0860335
  -8.6666322   37.0860478
  -8.6666162   37.086073
  -8.6666173   37.0861
  -8.6666391   37.0861322
  -8.666679    37.0861651
  -8.6666959   37.0861907
  -8.6667189   37.0862148
  -8.666766    37.0862484
  -8.6668463   37.0863023
  -8.6668651   37.0863405
  -8.666887    37.0864156
  -8.6669061   37.0864476
  -8.6669354   37.0864655
  -8.6669625   37.0864906
  -8.6669916   37.0865417
  -8.6670116   37.0865649
  -8.6670375   37.0865773
  -8.6670739   37.0865641
  -8.6671138   37.0865579
  -8.6671738   37.0865666
  -8.6672123   37.0865762
  -8.667255    37.0866027
  -8.6673425   37.0866489
  -8.6673707   37.0866621
  -8.6673965   37.0866688
  -8.6674131   37.0866593
  -8.6674347   37.0866363
  -8.6674471   37.0866268
  -8.6674593   37.0866305
  -8.667456    37.0866559
  -8.667451    37.0866716
  -8.6674591   37.0866809
  -8.6674898   37.0866787
  -8.6675103   37.0866754
  -8.667525    37.0866886
  -8.6675396   37.0866888
  -8.6675967   37.0866668
  -8.6676285   37.0866453
  -8.6676529   37.0866427
  -8.6677022   37.0866562
  -8.6677634   37.0866805
  -8.6678115   37.086722
  -8.6678113   37.0867615
  -8.6678129   37.0868055
  -8.6678232   37.0868276
  -8.6678556   37.086853
  -8.6678543   37.086872
  -8.6678409   37.0869253
  -8.6678204   37.0869393
  -8.6677936   37.086948
  -8.667816    37.0869058
  -8.6678138   37.0868787
  -8.6678174   37.0868669
  -8.6677911   37.0868621
  -8.6677523   37.0869036
  -8.6677289   37.0869452
  -8.667731    37.0869645
  -8.6677489   37.0869725
  -8.6677856   37.0869612
  -8.6677956   37.0869967
  -8.6677696   37.0870059
  -8.6677426   37.0870081
  -8.6677197   37.0870286
  -8.6677118   37.0870572
  -8.6677104   37.087111
  -8.6676881   37.0871415
  -8.6676799   37.0871736
  -8.6676877   37.0872144
  -8.6677246   37.0872395
  -8.6677414   37.0872334
  -8.6678375   37.0871794
  -8.6679199   37.0871553
  -8.6679399   37.0871361
  -8.6679587   37.0871296
  -8.6679787   37.0871542
  -8.66801     37.0871945
  -8.668012    37.0872117
  -8.6679799   37.087222
  -8.6679298   37.0872309
  -8.6678738   37.0872449
  -8.6678405   37.0872558
  -8.6678099   37.0872768
  -8.6678078   37.0873135
  -8.6678629   37.0873627
  -8.6679147   37.0873604
  -8.6679674   37.0873473
  -8.6680284   37.087346
  -8.668066    37.0873332
  -8.6680655   37.0873018
  -8.6680804   37.0872797
  -8.668128    37.0872612
  -8.6681646   37.0872382
  -8.6681552   37.0872099
  -8.6681397   37.0871954
  -8.6681308   37.0871675
  -8.6681646   37.0871653
  -8.6682189   37.0871799
  -8.6682477   37.0871927
  -8.668313    37.0872197
  -8.6683485   37.0872387
  -8.6683894   37.0872952
  -8.6684481   37.087403
  -8.6684769   37.08746
  -8.6684465   37.0874905
  -8.6684238   37.0875254
  -8.6683944   37.0875735
  -8.6683856   37.0876
  -8.6683861   37.0876433
  -8.6684083   37.0876791
  -8.6684448   37.0877361
  -8.6684908   37.0877706
  -8.6685196   37.0877785
  -8.6685467   37.08779
  -8.668575    37.0878231
  -8.6685816   37.0878748
  -8.6685512   37.0879663
  -8.6685307   37.0880586
  -8.6685185   37.0881659
  -8.6685019   37.0882008
  -8.6684792   37.0882079
  -8.6684271   37.0882102
  -8.6683663   37.0882465
  -8.6683508   37.0882951
  -8.6683516   37.0883154
  -8.6683694   37.0883312
  -8.6684122   37.088368
  -8.6684504   37.0884168
  -8.6684405   37.0884615
  -8.6683773   37.0884967
  -8.6683325   37.088523
  -8.6683179   37.0885405
  -8.668314    37.0885591
  -8.6683081   37.0885776
  -8.6683351   37.0886286
  -8.668314    37.0886606
  -8.6682791   37.0887121
  -8.6682758   37.0887342
  -8.6683127   37.088741
  -8.6683351   37.088742
  -8.6683318   37.0887646
  -8.6683094   37.0887825
  -8.6683114   37.0888072
  -8.6683463   37.0888329
  -8.6683832   37.0888282
  -8.6684095   37.0887877
  -8.6684326   37.088731
  -8.6684425   37.0886732
  -8.6684747   37.0886695
  -8.6685419   37.0886711
  -8.6685597   37.0887231
  -8.668559    37.0887809
  -8.6685406   37.0888471
  -8.668509    37.0888991
  -8.668463    37.088941
  -8.6683772   37.0889953
  -8.668341    37.0890238
  -8.6683157   37.0890578
  -8.6683119   37.0890976
  -8.6683324   37.0891224
  -8.6683378   37.0891887
  -8.6683612   37.0892085
  -8.6683889   37.0891988
  -8.6684561   37.089164
  -8.6684947   37.0891736
  -8.6685182   37.089191
  -8.6684897   37.0892328
  -8.6684551   37.0892612
  -8.6683834   37.0893084
  -8.6683793   37.0893311
  -8.6684798   37.0893844
  -8.6687304   37.0892934
  -8.6689229   37.0893232
  -8.668945    37.0894001
  -8.6689572   37.0894778
  -8.6688243   37.0895392
  -8.6688092   37.0895673
  -8.6689606   37.0897055
  -8.668979    37.0897553
  -8.6690036   37.089779
  -8.6691309   37.0897905
  -8.6691877   37.0898269
  -8.6692076   37.089866
  -8.6691587   37.0899035
  -8.6691309   37.0899317
  -8.6691473   37.0899784
  -8.6692042   37.0900277
  -8.6692898   37.0900381
  -8.669319    37.0900079
  -8.6693237   37.0899851
  -8.6693276   37.0899317
  -8.669347    37.0898893
  -8.6693686   37.0898858
  -8.6694068   37.0898964
  -8.6694539   37.0899441
  -8.6694644   37.0899688
  -8.669466    37.0900704
  -8.6694616   37.0901406
  -8.6694442   37.0901699
  -8.6693738   37.0901992
  -8.6693146   37.0903253
  -8.6692523   37.0903567
  -8.6691723   37.0903653
  -8.6691322   37.0904078
  -8.6691424   37.0904401
  -8.6692225   37.0904913
  -8.669232    37.0905382
  -8.6692298   37.0905745
  -8.669249    37.0906037
  -8.6692617   37.0906394
  -8.6692966   37.0907085
  -8.6693217   37.0907482
  -8.6693478   37.0907661
  -8.6693646   37.0907705
  -8.6694056   37.0907746
  -8.669427    37.0907601
  -8.6694577   37.0907345
  -8.669474    37.0907141
  -8.6694954   37.0907085
  -8.6695033   37.0907211
  -8.6695094   37.0907482
  -8.6695196   37.0908106
  -8.6694978   37.0908664
  -8.6694307   37.0909637
  -8.6693459   37.0910766
  -8.6692682   37.0912308
  -8.669223    37.0913199
  -8.6690917   37.0915714
  -8.6690451   37.0916531
  -8.6689999   37.0917352
  -8.6689973   37.0917684
  -8.6689937   37.0918018
  -8.6689824   37.0918027
  -8.6689671   37.0917915
  -8.6689452   37.0917799
  -8.6689162   37.0917852
  -8.668897    37.091808
  -8.6689056   37.0918246
  -8.6689279   37.0918436
  -8.6689593   37.0918864
  -8.6689542   37.0919155
  -8.6689326   37.091952
  -8.6688755   37.0920648
  -8.6687905   37.0921869
  -8.6687588   37.0922294
  -8.668722    37.0922944
  -8.6686902   37.0923347
  -8.6686609   37.0923515
  -8.6686409   37.0923512
  -8.6685798   37.0923147
  -8.6685477   37.0923069
  -8.6685015   37.0923175
  -8.668476    37.092345
  -8.6684768   37.0923643
  -8.6685007   37.09239
  -8.6685622   37.0924365
  -8.6685735   37.0924477
  -8.6685724   37.0924659
  -8.6685344   37.0925127
  -8.6684212   37.0926121
  -8.6683084   37.0927054
  -8.6682626   37.0927448
  -8.6682058   37.0927776
  -8.6681565   37.0927782
  -8.6681169   37.0927585
  -8.6680653   37.0927289
  -8.6680234   37.0926995
  -8.6679858   37.0926992
  -8.6679764   37.0927079
  -8.6679701   37.0927392
  -8.6679701   37.092792
  -8.6679713   37.0928316
  -8.6679583   37.0928535
  -8.6679223   37.0928847
  -8.6678871   37.0929175
  -8.6678828   37.0929575
  -8.6679004   37.0929956
  -8.6678953   37.0930206
  -8.6678809   37.0930414
  -8.667861    37.0930618
  -8.6678513   37.0930763
  -8.6678428   37.0931425
  -8.6678469   37.093155
  -8.6678511   37.0931676
  -8.6679416   37.0932794
  -8.6679429   37.0933425
  -8.6679682   37.0933797
  -8.668001    37.0933986
  -8.6680346   37.0934142
  -8.6680774   37.0934503
  -8.6680895   37.0934863
  -8.6680979   37.093571
  -8.6680774   37.0936639
  -8.6680113   37.093889
  -8.6679652   37.0939722
  -8.6679531   37.0940242
  -8.667927    37.0941386
  -8.6678823   37.0942311
  -8.6678296   37.0943266
  -8.6677575   37.0944569
  -8.6677104   37.0944809
  -8.6676652   37.0944553
  -8.6675955   37.0944422
  -8.667558    37.0944411
  -8.6675272   37.0944561
  -8.6674872   37.0944697
  -8.6674734   37.0944827
  -8.6674559   37.0945399
  -8.6674241   37.0945667
  -8.6674096   37.0945935
  -8.6674167   37.0946264
  -8.667439    37.0946389
  -8.6674829   37.0946457
  -8.6675364   37.0946612
  -8.6675645   37.0946807
  -8.6675838   37.094714
  -8.6676167   37.0947823
  -8.6676628   37.094828
  -8.6676719   37.0949016
  -8.6676686   37.0949557
  -8.6676192   37.0950398
  -8.6675758   37.0951212
  -8.667527    37.0951784
  -8.6674355   37.0951974
  -8.6673655   37.0952393
  -8.6673322   37.0952411
  -8.667237    37.0952762
  -8.6672273   37.0953593
  -8.667217    37.0954319
  -8.6671744   37.0954772
  -8.6671515   37.0955645
  -8.667111    37.0956012
  -8.6670297   37.0956603
  -8.6669422   37.095693
  -8.666946    37.0957117
  -8.6669954   37.0957424
  -8.6669781   37.0957591
  -8.6669177   37.0957433
  -8.6668374   37.0957312
  -8.6667809   37.0957316
  -8.666694    37.0957411
  -8.6666156   37.0957479
  -8.666586    37.0957621
  -8.6665313   37.0957884
  -8.6664569   37.0958052
  -8.6664161   37.0958199
  -8.6663825   37.0958582
  -8.6663671   37.0958977
  -8.6663382   37.095948
  -8.6663374   37.0959911
  -8.6663772   37.0960137
  -8.6663991   37.0960129
  -8.6664499   37.0960112
  -8.6664992   37.0960002
  -8.6666513   37.0959348
  -8.6667182   37.0958974
  -8.666758    37.0959961
  -8.6667679   37.0960033
  -8.6668371   37.0960145
  -8.6668713   37.0960352
  -8.6668866   37.0960373
  -8.6669152   37.0960307
  -8.666935    37.0960168
  -8.6669574   37.0960015
  -8.6669765   37.0959971
  -8.6669858   37.0960149
  -8.6669848   37.0960394
  -8.6670081   37.0960543
  -8.6670575   37.0960565
  -8.6671092   37.0960342
  -8.6671371   37.0960097
  -8.6671404   37.0959919
  -8.6671343   37.0959766
  -8.6671083   37.0959499
  -8.6671078   37.0959198
  -8.667111    37.0958964
  -8.6670831   37.0958689
  -8.6670696   37.0958511
  -8.6670389   37.0957995
  -8.6670185   37.0957836
  -8.6670411   37.0957664
  -8.6670621   37.0957749
  -8.6671222   37.0958084
  -8.6671553   37.0958422
  -8.6671702   37.0958979
  -8.6671646   37.0959993
  -8.6671711   37.0960179
  -8.6672745   37.0960538
  -8.6673067   37.096088
  -8.6673311   37.0961183
  -8.6673307   37.0961329
  -8.6673146   37.0961405
  -8.6672589   37.096148
  -8.6672308   37.0961682
  -8.6672033   37.0961942
  -8.6671786   37.0962113
  -8.6671563   37.0962132
  -8.6670997   37.0962105
  -8.6670536   37.0962078
  -8.6670225   37.0962375
  -8.66702     37.0962808
  -8.6670299   37.096311
  -8.6670534   37.0963482
  -8.6670922   37.0963667
  -8.6671505   37.0963701
  -8.667189    37.0963648
  -8.6672182   37.0963567
  -8.6672547   37.0963438
  -8.667314    37.0963178
  -8.6673499   37.0963044
  -8.6673861   37.0963115
  -8.6674246   37.0963315
  -8.6674618   37.0963769
  -8.6674681   37.0964216
  -8.6674869   37.0965122
  -8.6674971   37.096596
  -8.6674902   37.096623
  -8.6674727   37.0966328
  -8.6674342   37.0966383
  -8.6674039   37.0966488
  -8.6673598   37.0966621
  -8.6673208   37.0966822
  -8.6672993   37.0967011
  -8.667296    37.0967427
  -8.6673123   37.0967538
  -8.6673375   37.0967609
  -8.6674223   37.0967637
  -8.6674927   37.096766
  -8.6676742   37.0968171
  -8.6677191   37.0969004
  -8.6677488   37.0970462
  -8.6676221   37.0970829
  -8.6675172   37.097082
  -8.6673911   37.0970927
  -8.6673628   37.097095
  -8.6673564   37.0971353
  -8.6673663   37.0971569
  -8.6673939   37.0971906
  -8.6674528   37.0972097
  -8.6674587   37.0972664
  -8.6674901   37.0972931
  -8.6675071   37.0972916
  -8.6675554   37.0972661
  -8.6676861   37.0972218
  -8.6677379   37.0972026
  -8.6678312   37.0971999
  -8.6679185   37.0971994
  -8.6679497   37.0971809
  -8.6679888   37.0971669
  -8.6680433   37.0971838
  -8.6680577   37.0972324
  -8.6680671   37.0973544
  -8.6680796   37.0973894
  -8.6681289   37.0973731
  -8.6681686   37.0973393
  -8.6681917   37.0973508
  -8.6682117   37.0974214
  -8.6682117   37.0975928
  -8.6681652   37.0979321
  -8.6681031   37.0981768
  -8.6679802   37.0984515
  -8.6678993   37.0984515
  -8.6676955   37.0984895
  -8.6674496   37.0985089
  -8.6672768   37.0985072
  -8.66699     37.0985681
  -8.6667999   37.0985972
  -8.6666403   37.098625
  -8.6665713   37.0986592
  -8.6665414   37.0986945
  -8.6665572   37.0987579
  -8.6667702   37.0987315
  -8.6668023   37.0988437
  -8.6671946   37.0988048
  -8.6671637   37.0986884
  -8.6671651   37.0986717
  -8.667666    37.0985842
  -8.6678546   37.0985545
  -8.6679603   37.0986189
  -8.6680535   37.0989006
  -8.6680582   37.0991505
  -8.6680493   37.0992174
  -8.6678613   37.0995073
  -8.6673689   37.1000759
  -8.6670669   37.1001475
  -8.6668319   37.1002206
  -8.6667185   37.1002278
  -8.6666179   37.1001894
  -8.6665157   37.1000165
  -8.6664113   37.0998794
  -8.6661707   37.0995513
  -8.6660272   37.0994241
  -8.6658875   37.099333
  -8.6657391   37.0992742
  -8.6654799   37.0992489
  -8.6654291   37.0993376
  -8.665459    37.0994081
  -8.6656851   37.0994974
  -8.6658847   37.0996141
  -8.6660637   37.0998309
  -8.6663579   37.100293
  -8.6665073   37.1004127
  -8.666705    37.100442
  -8.6668863   37.1004296
  -8.6671548   37.1003191
  -8.6673556   37.1002736
  -8.6675344   37.1003044
  -8.6676605   37.1003654
  -8.6679501   37.1005787
  -8.6689454   37.1012952
  -8.668832    37.1017537
  -8.6685953   37.1022209
  -8.6683537   37.1026496
  -8.6680372   37.1031317
  -8.6671605   37.1042434
  -8.6660433   37.105371
  -8.6657135   37.1057136
  -8.6655213   37.1059156
  -8.6653361   37.1061308
  -8.6647683   37.1066815
  -8.6647535   37.1066958
  -8.6644568   37.1069977
  -8.6641701   37.1072345
  -8.6635938   37.107733
  -8.663139    37.108047
  -8.6627677   37.108337
  -8.6623398   37.1086234
  -8.6618656   37.1089919
  -8.661293    37.1093928
  -8.6608478   37.1097438
  -8.6600496   37.1102619
  -8.65906     37.1109707
  -8.6578544   37.1116712
  -8.6568298   37.1122074
  -8.6557224   37.1127777
  -8.6543243   37.1134854
  -8.6536542   37.1137794
  -8.6530876   37.1140745
  -8.6516895   37.1147781
  -8.6505437   37.1153375
  -8.6490427   37.1159984
  -8.6479034   37.1163775
  -8.6471778   37.1165628
  -8.6465111   37.1167531
  -8.6461461   37.1168843
  -8.6455311   37.1170619
  -8.6450039   37.1172539
  -8.6443857   37.117436
  -8.643333    37.1177899
  -8.6429807   37.1179259
  -8.6426493   37.1180353
  -8.6424039   37.1181054
  -8.6418628   37.1182616
  -8.6416479   37.1183005
  -8.6410631   37.1184806
  -8.6401127   37.1187368
  -8.6399621   37.118758
  -8.6393795   37.1188781
  -8.6391779   37.1189293
  -8.6386684   37.1190017
  -8.638582    37.1190282
  -8.6377447   37.1191819
  -8.637213    37.1192402
  -8.6359969   37.1194521
  -8.6349025   37.1196606
  -8.6335756   37.119839
  -8.6312629   37.1202364
  -8.6302019   37.1202364
  -8.6285582   37.1204484
  -8.6283189   37.1204219
  -8.6270673   37.1206038
  -8.6265135   37.1206462
  -8.6258733   37.1206639
  -8.6257094   37.1206762
  -8.62551     37.1207416
  -8.6247148   37.120897
  -8.6238442   37.1210313
  -8.6236382   37.1211054
  -8.6234056   37.121139
  -8.6230755   37.1212256
  -8.6229271   37.1212238
  -8.6223622   37.1214216
  -8.6205213   37.1214896
  -8.6203817   37.1212562
  -8.6203162   37.121044
  -8.6203149   37.1209444
  -8.6202343   37.1201781
  -8.6200048   37.118988
  -8.6199782   37.1185978
  -8.6199132   37.1184737
  -8.6198416   37.1184225
  -8.6197335   37.1184044
  -8.6196432   37.1184178
  -8.6195573   37.1184848
  -8.6195349   37.1185886
  -8.6196563   37.1189988
  -8.6198393   37.1202539
  -8.6199081   37.1206455
  -8.619155    37.1205473
  -8.618424    37.1204074
  -8.6181055   37.1186256
  -8.6179213   37.1185846
  -8.6177787   37.1186233
  -8.6177557   37.1187569
  -8.6178697   37.1192078
  -8.6179922   37.1197854
  -8.6180892   37.1204362
  -8.6181896   37.1208086
  -8.6182558   37.1212343
  -8.6182895   37.121533
  -8.618141    37.1219023
  -8.6179839   37.1221763
  -8.6171459   37.1223831
  -8.6161055   37.1225437
  -8.6153643   37.1226823
  -8.6146099   37.1227792
  -8.6137615   37.1228398
  -8.6132726   37.1228828
  -8.6127334   37.1229041
  -8.6122347   37.122844
  -8.6117797   37.1228436
  -8.6112426   37.1228263
  -8.6107458   37.1228341
  -8.610216    37.1228708
  -8.6096867   37.122875
  -8.6091461   37.1229157
  -8.6081247   37.1229402
  -8.6076045   37.122985
  -8.6071373   37.1230328
  -8.6065799   37.1230533
  -8.6060307   37.1230457
  -8.6055583   37.1230711
  -8.6050396   37.1230942
  -8.6047933   37.1230656
  -8.6042804   37.1229831
  -8.6039236   37.1229918
  -8.6034517   37.1230366
  -8.6032241   37.1230399
  -8.6028944   37.1230781
  -8.6023582   37.1230941
  -8.6013764   37.1229814
  -8.6008517   37.122871
  -8.6005255   37.1228191
  -8.6002385   37.1227511
  -8.5997331   37.12271
  -8.5994503   37.1226436
  -8.5993702   37.1226531
  -8.5991199   37.1226831
  -8.598824    37.1226568
  -8.5987302   37.1226496
  -8.5985636   37.1226354
  -8.5980188   37.1225465
  -8.5977966   37.1225249
  -8.5976905   37.1225331
  -8.5972139   37.1224671
  -8.5966388   37.1224156
  -8.5960946   37.1223881
  -8.5955006   37.1223291
  -8.5950243   37.12224
  -8.5939936   37.1221525
  -8.5935054   37.1221269
  -8.5929825   37.122111
  -8.5924718   37.1220565
  -8.5919485   37.1219834
  -8.5909809   37.1217847
  -8.5904946   37.1216705
  -8.5899782   37.1215591
  -8.5894597   37.121427
  -8.5889398   37.1212631
  -8.5884987   37.121146
  -8.5880069   37.1209827
  -8.587025    37.1207069
  -8.586833    37.1206575
  -8.5864659   37.1205365
  -8.58608     37.1204218
  -8.585621    37.1203008
  -8.5851493   37.1201963
  -8.5846779   37.1201103
  -8.5841693   37.1200005
  -8.5835575   37.1198048
  -8.5833417   37.1197419
  -8.5828649   37.1196542
  -8.5823852   37.1194973
  -8.5818924   37.1193548
  -8.5814562   37.1192184
  -8.5811496   37.1191651
  -8.5806489   37.1191557
  -8.5801058   37.119141
  -8.5798934   37.1190417
  -8.5799568   37.119007
  -8.5799542   37.118983
  -8.57987     37.1188935
  -8.5798711   37.1188737
  -8.5798609   37.1188321
  -8.5798184   37.1187716
  -8.5798345   37.1187692
  -8.5798238   37.1187392
  -8.579816    37.1186963
  -8.5797602   37.1186524
  -8.5797235   37.118642
  -8.579699    37.1186519
  -8.5797003   37.1186861
  -8.5696911   37.1160034
  -8.569681    37.1159839
  -8.5696348   37.1159967
  -8.569627    37.1160495
  -8.5695962   37.116136
  -8.5696035   37.1161845
  -8.5695206   37.1161879
  -8.5694376   37.1162204
  -8.5693925   37.116277
  -8.5693451   37.1162793
  -8.5692992   37.1162249
  -8.5692227   37.1161925
  -8.5691409   37.1162014
  -8.5690297   37.1161254
  -8.5689643   37.1160777
  -8.5688961   37.1159995
  -8.5688626   37.1159308
  -8.5688929   37.1158939
  -8.5689445   37.115844
  -8.5689287   37.1158002
  -8.5689675   37.1157155
  -8.5689521   37.1156803
  -8.5688845   37.1156278
  -8.5688016   37.1156273
  -8.5687508   37.1156499
  -8.5685297   37.1159308
  -8.5683174   37.1160222
  -8.5680555   37.1159963
  -8.5680019   37.1159719
  -8.567913    37.1159378
  -8.5678012   37.1158355
  -8.5677709   37.1157638
  -8.5677728   37.1155478
  -8.5679103   37.1152956
  -8.56802     37.1151535
  -8.5680356   37.1151226
  -8.5679977   37.1150237
  -8.5679686   37.1149296
  -8.5677453   37.1147444
  -8.5675415   37.1146421
  -8.5672666   37.1144484
  -8.5671561   37.1144307
  -8.567022    37.1144832
  -8.5669017   37.1142604
  -8.5667852   37.1142562
  -8.5667463   37.1142075
  -8.5667015   37.1142114
  -8.5666984   37.1143125
  -8.5667614   37.1143601
  -8.5667611   37.1144817
  -8.5669379   37.114612
  -8.5670534   37.1146505
  -8.5672066   37.114811
  -8.5671037   37.1149376
  -8.5670636   37.1151476
  -8.566877    37.1153506
  -8.5665869   37.1154453
  -8.5660529   37.1154346
  -8.5658913   37.1154141
  -8.5658487   37.1154703
  -8.565904    37.1155514
  -8.5662094   37.1157118
  -8.5661943   37.1157652
  -8.5661106   37.1158324
  -8.5661758   37.1159342
  -8.5663109   37.1160167
  -8.5664027   37.1161946
  -8.5663183   37.1163089
  -8.5663142   37.1163571
  -8.5665742   37.1165393
  -8.5665733   37.1168379
  -8.5664049   37.1168138
  -8.5664166   37.1168528
  -8.5665524   37.1169249
  -8.5665017   37.1171971
  -8.566413    37.1174623
  -8.5663127   37.1176032
  -8.5662226   37.1176705
  -8.56614     37.1176189
  -8.5661262   37.1176301
  -8.5661075   37.1176465
  -8.566127    37.1177304
  -8.5659444   37.1178875
  -8.5660157   37.1181148
  -8.5658556   37.118236
  -8.5657633   37.1182595
  -8.5657133   37.1183875
  -8.5655782   37.1184662
  -8.5655699   37.1185284
  -8.5655504   37.1186806
  -8.5654784   37.1187851
  -8.5654006   37.1188365
  -8.5652116   37.1189141
  -8.5644024   37.1193308
  -8.5640121   37.119477
  -8.5635898   37.1195435
  -8.5631105   37.1196028
  -8.5627999   37.1196541
  -8.5623112   37.1197793
  -8.5618081   37.1197973
  -8.5612593   37.1197026
  -8.5612246   37.1196948
  -8.560718    37.1197132
  -8.5601758   37.1197151
  -8.5597609   37.1197088
  -8.5593246   37.1197069
  -8.5588331   37.11966
  -8.5583271   37.1195999
  -8.5579406   37.119514
  -8.5575177   37.1193398
  -8.5575379   37.119211
  -8.557337    37.1190203
  -8.5569796   37.1188686
  -8.5563016   37.1189516
  -8.5553867   37.1187977
  -8.555203    37.1187838
  -8.5546686   37.1188566
  -8.5543115   37.1187638
  -8.5541725   37.1187313
  -8.5540751   37.1185789
  -8.5537897   37.1186268
  -8.5537062   37.1186079
  -8.5535441   37.118654
  -8.5533535   37.1187173
  -8.5533049   37.118685
  -8.5532773   37.1186534
  -8.5531464   37.1186347
  -8.5529522   37.1187967
  -8.5525546   37.1187915
  -8.5521509   37.1187096
  -8.5519522   37.1186593
  -8.5518048   37.1186209
  -8.551273    37.1185165
  -8.5507585   37.1183736
  -8.5506234   37.1182237
  -8.5504114   37.1181871
  -8.5503072   37.1181586
  -8.5502154   37.1180973
  -8.5497911   37.1180585
  -8.5492501   37.1180627
  -8.5489226   37.1180284
  -8.548402    37.1179438
  -8.5483019   37.1178981
  -8.5481192   37.1178941
  -8.5478158   37.117817
  -8.5475676   37.1178527
  -8.5474181   37.1178512
  -8.5471573   37.1178101
  -8.5470011   37.1177373
  -8.546776    37.1177977
  -8.546478    37.1177475
  -8.5459489   37.1176353
  -8.5451839   37.1173541
  -8.5449825   37.117305
  -8.5444433   37.1173507
  -8.5441203   37.1172885
  -8.5438591   37.1173634
  -8.5436442   37.117329
  -8.5433306   37.117165
  -8.5433078   37.1169694
  -8.5431687   37.1170143
  -8.5432538   37.1168404
  -8.5432395   37.1167945
  -8.5430409   37.1167893
  -8.5428092   37.1169124
  -8.5427378   37.1168948
  -8.5427337   37.1168806
  -8.5430286   37.1165299
  -8.5430022   37.1164466
  -8.5430983   37.1162355
  -8.5430166   37.1161685
  -8.5429803   37.1162235
  -8.5429398   37.1163301
  -8.5427891   37.1162858
  -8.542637    37.1165987
  -8.5426544   37.1166446
  -8.542576    37.1166525
  -8.5425171   37.1167113
  -8.5423845   37.1168897
  -8.5423906   37.1169598
  -8.5424883   37.117032
  -8.542626    37.1170739
  -8.5426297   37.117138
  -8.5425914   37.1172926
  -8.5426598   37.1174575
  -8.5427658   37.1175732
  -8.5427189   37.1176523
  -8.5426675   37.1176966
  -8.5422107   37.1179396
  -8.5420603   37.1179717
  -8.5415815   37.1180317
  -8.5414832   37.1180308
  -8.5411663   37.1180829
  -8.5408587   37.1180688
  -8.5405724   37.1181045
  -8.5401476   37.1180607
  -8.5400368   37.1180638
  -8.5398384   37.1180693
  -8.5396931   37.1180956
  -8.5389434   37.1180943
  -8.538087    37.1179611
  -8.5379868   37.1179515
  -8.5374744   37.1178657
  -8.5370225   37.1178257
  -8.5367581   37.117785
  -8.5365105   37.1178281
  -8.5362005   37.1177888
  -8.5360206   37.117749
  -8.535534    37.1177003
  -8.5354018   37.1176985
  -8.5349169   37.1175627
  -8.5347113   37.1174972
  -8.5345339   37.1174569
  -8.5343457   37.1173672
  -8.5342049   37.1173638
  -8.5340308   37.117426
  -8.5338999   37.1173969
  -8.5336653   37.1171933
  -8.5335113   37.1171419
  -8.5333713   37.1170474
  -8.5333115   37.1170337
  -8.5329798   37.1168833
  -8.5325429   37.1166135
  -8.5320608   37.1164228
  -8.5319741   37.1163746
  -8.531638    37.1163272
  -8.5311418   37.116125
  -8.5309225   37.1160455
  -8.5307627   37.115972
  -8.5305984   37.1159983
  -8.5303705   37.1159565
  -8.5298442   37.1158693
  -8.5295708   37.1157953
  -8.5295123   37.115739
  -8.5294999   37.115682
  -8.5295199   37.1152369
  -8.529523    37.1148065
  -8.5295323   37.11468
  -8.5295566   37.1146108
  -8.5295368   37.1145034
  -8.5295473   37.1144371
  -8.5295302   37.1142692
  -8.5296003   37.1139911
  -8.5295468   37.1136097
  -8.5295454   37.1131604
  -8.5295667   37.1130095
  -8.529581    37.1127954
  -8.5296016   37.1127608
  -8.5295599   37.1125684
  -8.5296146   37.1124535
  -8.5295927   37.1120778
  -8.5296124   37.1120037
  -8.5295864   37.1117615
  -8.5296568   37.1117181
  -8.5296396   37.111529
  -8.5296595   37.1109009
  -8.5296283   37.1107877
  -8.5296632   37.1106448
  -8.5296279   37.1105397
  -8.5296721   37.110282
  -8.5296659   37.1099885
  -8.529678    37.1098479
  -8.5296574   37.1097414
  -8.5297017   37.109385
  -8.5297182   37.1088862
  -8.5297041   37.1088585
  -8.5296554   37.1088246
  -8.529667    37.1087197
  -8.5294499   37.108665
  -8.5292466   37.1086297
  -8.5278757   37.1084236
  -8.526707    37.1082912
  -8.5266202   37.1082925
  -8.5265181   37.1083041
  -8.5264218   37.1083231
  -8.5263116   37.1083596
  -8.5261714   37.1083887
  -8.5260548   37.1084244
  -8.5259261   37.1084458
  -8.5258233   37.1084769
  -8.5257158   37.1084933
  -8.525693    37.1085012
  -8.5256418   37.1085431
  -8.5255599   37.1085557
  -8.5253225   37.108619
  -8.52509     37.1086726
  -8.5249375   37.1087106
  -8.5247699   37.1087499
  -8.524654    37.1087833
  -8.5246161   37.1087908
  -8.5245324   37.1087924
  -8.52449     37.1088
  -8.5242381   37.1088743
  -8.5240335   37.1089203
  -8.5238878   37.1089481
  -8.5237221   37.1089946
  -8.523506    37.1090376
  -8.5233152   37.1090825
  -8.5232974   37.1090909
  -8.5232573   37.1091415
  -8.5231259   37.1091825
  -8.5226752   37.1092899
  -8.5222817   37.1093911
  -8.5221041   37.1094287
  -8.5219635   37.1094696
  -8.5218531   37.1094904
  -8.521741    37.1095185
  -8.5216091   37.1095364
  -8.5215702   37.10955
  -8.5215336   37.1095696
  -8.5214908   37.1095858
  -8.5213421   37.1096133
  -8.5212371   37.1096532
  -8.5212089   37.1096572
  -8.5211317   37.1096523
  -8.5210915   37.1096537
  -8.5208439   37.109711
  -8.5208      37.1097268
  -8.5207249   37.109774
  -8.520686    37.1097889
  -8.520572    37.1098027
  -8.5203026   37.1098774
  -8.5201249   37.1099124
  -8.5199021   37.1099653
  -8.5198799   37.1099692
  -8.5198508   37.109975
  -8.5198418   37.1099632
  -8.5198085   37.1099399
  -8.5197642   37.1099041
  -8.5197463   37.1098527
  -8.5197309   37.1098149
  -8.5196593   37.109706
  -8.5196477   37.1096732
  -8.5196369   37.1096448
  -8.5196507   37.1096231
  -8.5196406   37.1094991
  -8.5197216   37.1093578
  -8.5197713   37.1092073
  -8.5198289   37.1089842
  -8.5196992   37.1088046
  -8.5194751   37.108682
  -8.5193668   37.1085951
  -8.5192559   37.1084517
  -8.5190891   37.1083149
  -8.5189558   37.1081248
  -8.5189193   37.1078584
  -8.5189152   37.1077992
  -8.5189159   37.1077321
  -8.5189089   37.1076835
  -8.5189098   37.1074707
  -8.5189244   37.1073284
  -8.5189343   37.1072945
  -8.5189832   37.1072786
  -8.5190408   37.1072672
  -8.5192354   37.1072286
  -8.5193439   37.1072427
  -8.519513    37.1072142
  -8.5196244   37.1072108
  -8.5197755   37.1071496
  -8.5198906   37.10715
  -8.5199702   37.1071041
  -8.5200757   37.1070803
  -8.5202025   37.1070207
  -8.5204214   37.1069695
  -8.5204763   37.106911
  -8.5205646   37.1067516
  -8.5205803   37.106626
  -8.5205342   37.1065448
  -8.5201756   37.106336
  -8.5201406   37.1061625
  -8.5201566   37.1059291
  -8.5200555   37.1057453
  -8.5199228   37.1056166
  -8.5197686   37.1056026
  -8.5194068   37.105173
  -8.5193086   37.1051598
  -8.5189809   37.1051891
  -8.5187799   37.1052418
  -8.5182704   37.1054362
  -8.5178195   37.1055334
  -8.517743    37.1055681
  -8.5176812   37.1056106
  -8.517697    37.1056552
  -8.5176695   37.1056685
  -8.5176355   37.1056741
  -8.5175787   37.1056822
  -8.5174922   37.1057106
  -8.5174665   37.1057325
  -8.5174704   37.1058595
  -8.5174431   37.1058591
  -8.517418    37.1058746
  -8.5173737   37.1058362
  -8.5172623   37.1057865
  -8.5171851   37.1057819
  -8.5167177   37.1058533
  -8.5166625   37.1058822
  -8.5165794   37.106069
  -8.516561    37.1061057
  -8.5164802   37.1060849
  -8.516297    37.1060161
  -8.5157691   37.1058212
  -8.5155156   37.1057086
  -8.5153694   37.1056448
  -8.515269    37.1056007
  -8.5152581   37.1055821
  -8.5152767   37.1055068
  -8.5152654   37.1054827
  -8.5152553   37.1054476
  -8.515197    37.1054324
  -8.515164    37.1054247
  -8.5151026   37.1054197
  -8.5149294   37.1054312
  -8.5148712   37.1054452
  -8.5148495   37.1054431
  -8.5148293   37.1054362
  -8.5147124   37.105383
  -8.5144892   37.1052633
  -8.5140847   37.1050771
  -8.5138829   37.1049741
  -8.5137507   37.1049145
  -8.5136556   37.1048629
  -8.5135497   37.1048119
  -8.5135189   37.1047885
  -8.5134952   37.104756
  -8.5134436   37.1047063
  -8.5134462   37.1046999
  -8.5134724   37.1046825
  -8.5134689   37.1046577
  -8.5134909   37.1046126
  -8.51348     37.104592
  -8.5134633   37.1045831
  -8.5134492   37.1045806
  -8.5133698   37.1045787
  -8.5133579   37.104573
  -8.5133625   37.1045629
  -8.5133941   37.1045497
  -8.5134071   37.1045374
  -8.5134206   37.1045164
  -8.5134214   37.1044947
  -8.5134177   37.1044882
  -8.5134046   37.1044768
  -8.5133694   37.1044674
  -8.5132665   37.1044582
  -8.5132624   37.1044496
  -8.5132663   37.1044435
  -8.5133216   37.1044141
  -8.5133229   37.1044022
  -8.5133057   37.1043848
  -8.5132696   37.1043663
  -8.5131891   37.1043369
  -8.5131874   37.1042827
  -8.5129913   37.1042798
  -8.5129406   37.104264
  -8.5129528   37.1042419
  -8.5130347   37.1042062
  -8.5129798   37.1041277
  -8.5129683   37.1040641
  -8.5128006   37.1040087
  -8.5126817   37.1039973
  -8.5125738   37.1039223
  -8.512369    37.1039161
  -8.5124888   37.1038788
  -8.5124883   37.1038585
  -8.5123902   37.1038637
  -8.5123807   37.1038239
  -8.5123436   37.1038056
  -8.5121222   37.1038188
  -8.5120215   37.1037776
  -8.5119017   37.1037596
  -8.5118758   37.103742
  -8.5118855   37.1036934
  -8.5118604   37.1036456
  -8.5117862   37.1035915
  -8.5114111   37.1035416
  -8.5113342   37.1035405
  -8.5112303   37.1035592
  -8.5111333   37.1035667
  -8.5109744   37.1035671
  -8.5108944   37.1035712
  -8.5107999   37.1036065
  -8.5106038   37.1036935
  -8.5105591   37.1037076
  -8.5105239   37.103707
  -8.5104579   37.1036883
  -8.5103582   37.1036507
  -8.5100091   37.1035318
  -8.5099786   37.1035188
  -8.5099504   37.1035004
  -8.5099146   37.1034877
  -8.5097768   37.1034514
  -8.5097676   37.1034446
  -8.5097635   37.1034338
  -8.5097633   37.1033958
  -8.5097547   37.1033802
  -8.5097456   37.1033791
  -8.5097379   37.1033842
  -8.5096931   37.1034362
  -8.5096868   37.1034383
  -8.5096801   37.1034374
  -8.5096701   37.103428
  -8.5096634   37.1033733
  -8.5096507   37.103365
  -8.5096357   37.1033658
  -8.5096277   37.1033703
  -8.5095992   37.1034005
  -8.5095862   37.1034058
  -8.5095683   37.1034021
  -8.5095274   37.1033846
  -8.5094891   37.1033807
  -8.5094668   37.1033665
  -8.5094345   37.1033459
  -8.5093418   37.1033552
  -8.5092167   37.1033308
  -8.5091946   37.1033166
  -8.5092024   37.1032744
  -8.509198    37.1032647
  -8.5091809   37.1032531
  -8.509164    37.1032509
  -8.5091382   37.1032626
  -8.5091034   37.1032695
  -8.5090714   37.1032681
  -8.5089471   37.1032196
  -8.5088041   37.1031632
  -8.5083189   37.1029906
  -8.5081103   37.1028957
  -8.5079721   37.102791
  -8.5078865   37.1027447
  -8.5078795   37.1027394
  -8.507862    37.1027049
  -8.507845    37.1027001
  -8.5078137   37.1026979
  -8.5077658   37.1026774
  -8.5077202   37.1026734
  -8.5076575   37.1026366
  -8.5076017   37.1026361
  -8.5075132   37.1025848
  -8.5075082   37.1025786
  -8.5075075   37.1025675
  -8.5075194   37.1025038
  -8.5075155   37.1024773
  -8.5075065   37.1024634
  -8.5074957   37.1024556
  -8.507453    37.1024372
  -8.5071377   37.1023478
  -8.5070531   37.1023158
  -8.5070036   37.1023018
  -8.5069402   37.1022937
  -8.506881    37.1022912
  -8.5067555   37.1023101
  -8.5067125   37.1023118
  -8.5066932   37.102307
  -8.5066349   37.1022707
  -8.5065536   37.1022383
  -8.5064974   37.1021993
  -8.5064526   37.1021762
  -8.5063801   37.1021272
  -8.5062299   37.1020045
  -8.5062112   37.1019729
  -8.5061886   37.1019452
  -8.5061856   37.1019144
  -8.5062209   37.1018615
  -8.5062254   37.1018362
  -8.506217    37.1018255
  -8.5061731   37.1018104
  -8.5061658   37.1018046
  -8.5061474   37.1017725
  -8.5061167   37.1017406
  -8.5061072   37.1017008
  -8.5060882   37.1016659
  -8.5060824   37.1016195
  -8.5060847   37.1016127
  -8.5061136   37.1015848
  -8.5061211   37.1015727
  -8.5061224   37.101555
  -8.506112    37.1015453
  -8.5060806   37.1015429
  -8.5060726   37.1015392
  -8.5060637   37.1015314
  -8.5060552   37.1015084
  -8.5060701   37.1014259
  -8.5060854   37.1013901
  -8.5061017   37.1013727
  -8.5061537   37.1013383
  -8.5062067   37.1012838
  -8.5062123   37.101271
  -8.5062122   37.1012545
  -8.5061943   37.1012358
  -8.5061388   37.1012046
  -8.5060266   37.10117
  -8.5059909   37.1011659
  -8.5059273   37.101168
  -8.5058457   37.1011638
  -8.5057869   37.10115
  -8.5057147   37.1011413
  -8.5055398   37.1011063
  -8.5054222   37.1010606
  -8.5053699   37.1010348
  -8.5052456   37.1009423
  -8.5051653   37.1009199
  -8.5050719   37.1009208
  -8.5050147   37.1008803
  -8.5049454   37.1008463
  -8.5049023   37.1008318
  -8.5047753   37.1008082
  -8.5045656   37.1007515
  -8.504489    37.1007138
  -8.504416    37.1006607
  -8.5043167   37.1006129
  -8.5042383   37.1005891
  -8.5041422   37.1005696
  -8.5040661   37.100563
  -8.503989    37.1005661
  -8.5039827   37.1005773
  -8.504003    37.1005982
  -8.5040058   37.1006084
  -8.5039909   37.100619
  -8.5039759   37.1006216
  -8.5037458   37.1006114
  -8.5035944   37.1005996
  -8.5034653   37.1005977
  -8.5032709   37.1006028
  -8.5032089   37.1006008
  -8.5031498   37.1005935
  -8.5029148   37.1005457
  -8.5027323   37.1005036
  -8.5025843   37.1004796
  -8.5024132   37.1004411
  -8.5023366   37.1004285
  -8.5022412   37.1004224
  -8.5021953   37.1004256
  -8.5021245   37.1004383
  -8.5018277   37.1005182
  -8.5017386   37.1005333
  -8.5017004   37.1005345
  -8.5016594   37.1005324
  -8.5016016   37.1005234
  -8.5015574   37.1005122
  -8.5014318   37.1004605
  -8.5013396   37.1004376
  -8.5012696   37.1004304
  -8.5011653   37.1004303
  -8.5011215   37.1004389
  -8.5010981   37.1004474
  -8.5010685   37.1004618
  -8.5010221   37.1004937
  -8.5009928   37.100526
  -8.5008782   37.1006819
  -8.500809    37.1007603
  -8.500789    37.1007779
  -8.500751    37.1007999
  -8.5006508   37.1008334
  -8.5005933   37.1008435
  -8.5005194   37.1007913
  -8.5004858   37.1007787
  -8.5004609   37.1007755
  -8.5004342   37.1007763
  -8.5004197   37.1007814
  -8.5003938   37.1008288
  -8.5003744   37.1008412
  -8.5003544   37.100838
  -8.5003075   37.1008066
  -8.5002558   37.1007942
  -8.5000679   37.1007867
  -8.4999459   37.1007896
  -8.4999079   37.1007992
  -8.4998687   37.1008366
  -8.4998448   37.1008512
  -8.4998194   37.10086
  -8.4997824   37.1008605
  -8.499725    37.1008451
  -8.4996788   37.1008438
  -8.4996471   37.1008464
  -8.4995489   37.1008646
  -8.4994403   37.100889
  -8.4993561   37.1009155
  -8.499315    37.1009385
  -8.4992799   37.1009705
  -8.4992579   37.1010105
  -8.4992458   37.1010214
  -8.4992173   37.1010371
  -8.4991687   37.1010497
  -8.499033    37.1010527
  -8.4989432   37.1010366
  -8.4988815   37.1010155
  -8.4988325   37.1009825
  -8.4987935   37.1009391
  -8.4987388   37.1008653
  -8.4987197   37.1008356
  -8.4987151   37.1008204
  -8.4987151   37.1008088
  -8.4987335   37.1007484
  -8.4987396   37.1006925
  -8.4987307   37.1006152
  -8.4987063   37.1005606
  -8.4986767   37.1005164
  -8.4985998   37.100431
  -8.4985522   37.1003701
  -8.4985326   37.1003524
  -8.4984655   37.1003116
  -8.4984104   37.1002919
  -8.4983701   37.1002837
  -8.4983384   37.1002856
  -8.4983086   37.1002941
  -8.4982765   37.100313
  -8.498236    37.1003468
  -8.4982144   37.1003709
  -8.4981607   37.1004464
  -8.4980991   37.100548
  -8.4980849   37.1005842
  -8.4980758   37.1006284
  -8.4980764   37.100643
  -8.4980828   37.1006576
  -8.4981416   37.1007441
  -8.4981542   37.1007778
  -8.4981555   37.1007883
  -8.4981481   37.1008175
  -8.4981377   37.100839
  -8.498122    37.1008572
  -8.498087    37.1008794
  -8.4980506   37.1008901
  -8.4979697   37.1008933
  -8.4978917   37.1009055
  -8.4978064   37.1009083
  -8.497774    37.1009038
  -8.4977159   37.100891
  -8.4976632   37.1008625
  -8.4976329   37.100841
  -8.4975602   37.100775
  -8.4974646   37.1007026
  -8.4974104   37.1006494
  -8.4973895   37.1006078
  -8.497385    37.1005852
  -8.4973854   37.1005404
  -8.4973726   37.100488
  -8.497358    37.1004448
  -8.4973131   37.1003416
  -8.4972747   37.1002082
  -8.4972677   37.1001982
  -8.497252    37.1001857
  -8.4972213   37.1001807
  -8.4971341   37.1001876
  -8.4970908   37.1001817
  -8.4970701   37.1001872
  -8.4970119   37.1002176
  -8.4969749   37.1002323
  -8.4969519   37.1002495
  -8.4969287   37.1002747
  -8.4969182   37.1002973
  -8.496914    37.1003266
  -8.4969122   37.1003592
  -8.4969213   37.1004604
  -8.4969216   37.1005277
  -8.4969193   37.1005663
  -8.4969081   37.1006096
  -8.4968653   37.1006809
  -8.4968241   37.1007319
  -8.4967861   37.1007692
  -8.496742    37.1008035
  -8.4966962   37.1008351
  -8.4966473   37.1008609
  -8.4965691   37.1008938
  -8.4964046   37.100948
  -8.4963231   37.1009663
  -8.4962284   37.1009822
  -8.496131    37.1009939
  -8.4959544   37.101022
  -8.4957119   37.1010821
  -8.4956219   37.1011114
  -8.4954271   37.1011668
  -8.4951292   37.1012302
  -8.4950409   37.1012435
  -8.494913    37.1012515
  -8.4946013   37.1012811
  -8.4944953   37.1012879
  -8.4944697   37.1012995
  -8.494434    37.1013283
  -8.4944134   37.1013344
  -8.4943964   37.1013309
  -8.494387    37.1013245
  -8.4943585   37.1012819
  -8.4943507   37.1012801
  -8.4943422   37.1012839
  -8.4943263   37.1013146
  -8.4943112   37.1013196
  -8.494303    37.1013161
  -8.4943012   37.101311
  -8.4943086   37.1012883
  -8.4943073   37.1012796
  -8.4943009   37.1012759
  -8.4942597   37.1012907
  -8.494213    37.1012867
  -8.4942119   37.1012755
  -8.4942338   37.1012466
  -8.4942347   37.1012348
  -8.4942283   37.1012311
  -8.4942005   37.101233
  -8.4941645   37.101261
  -8.4941088   37.1012671
  -8.4940523   37.1012944
  -8.4940357   37.101297
  -8.4939936   37.1012753
  -8.4939663   37.1012546
  -8.4939315   37.1012547
  -8.4939183   37.1012512
  -8.4939069   37.1012398
  -8.4939015   37.101212
  -8.4938696   37.1012102
  -8.4938707   37.1012353
  -8.4938575   37.1012463
  -8.4938271   37.1012288
  -8.4937765   37.1012191
  -8.4936511   37.1012171
  -8.4936338   37.1012125
  -8.493624    37.1011999
  -8.4936269   37.101092
  -8.4937141   37.1008918
  -8.4937669   37.1007497
  -8.4937794   37.1006932
  -8.4937861   37.1006496
  -8.4937858   37.1006088
  -8.4937704   37.1004516
  -8.493776    37.1003994
  -8.4937748   37.1003419
  -8.4937667   37.1002893
  -8.493765    37.1002348
  -8.49375     37.1001738
  -8.4937315   37.1001199
  -8.4937104   37.1000859
  -8.4936567   37.100041
  -8.4936053   37.1000204
  -8.4935405   37.1000041
  -8.4934866   37.099998
  -8.4934479   37.1000067
  -8.4933938   37.1000292
  -8.4933698   37.1000517
  -8.4933553   37.1000736
  -8.4933482   37.1001349
  -8.4933036   37.1001922
  -8.493281    37.1002045
  -8.4932536   37.1002105
  -8.4931978   37.1002083
  -8.4931742   37.1002166
  -8.4931519   37.1002362
  -8.4931301   37.1002676
  -8.493077    37.1003184
  -8.4930434   37.1003456
  -8.4930057   37.1003657
  -8.492929    37.1003903
  -8.4928561   37.1003963
  -8.4927802   37.1003946
  -8.4927316   37.1003861
  -8.4926861   37.1003698
  -8.4926551   37.1003527
  -8.4926315   37.1003335
  -8.4925858   37.1002638
  -8.4925484   37.1002295
  -8.4925394   37.1001977
  -8.4925602   37.1001416
  -8.492628    37.100001
  -8.4926396   37.0999558
  -8.4926317   37.0999362
  -8.4925354   37.099866
  -8.4925153   37.0998598
  -8.4924776   37.0998697
  -8.4923207   37.0999337
  -8.4922488   37.0999375
  -8.4922153   37.0999309
  -8.4921752   37.0999158
  -8.4919613   37.0998035
  -8.4918518   37.0997563
  -8.4917968   37.0997392
  -8.4917586   37.0997366
  -8.4916768   37.099742
  -8.4915976   37.0997555
  -8.4915276   37.0997816
  -8.4914916   37.0998049
  -8.491475    37.0998202
  -8.4914639   37.0998485
  -8.4914636   37.099867
  -8.491477    37.0999202
  -8.4914756   37.0999351
  -8.4914479   37.099965
  -8.4914191   37.0999824
  -8.491381    37.0999884
  -8.4913427   37.0999857
  -8.491224    37.0999512
  -8.4911098   37.0999256
  -8.4908694   37.0999499
  -8.4907799   37.0999428
  -8.490723    37.0999307
  -8.4906886   37.0999135
  -8.4906715   37.0999031
  -8.4906585   37.0998815
  -8.4906659   37.099865
  -8.490833    37.0997944
  -8.490877    37.0997722
  -8.4909063   37.0997466
  -8.490917    37.0997255
  -8.4909179   37.099707
  -8.4909007   37.0996776
  -8.4908554   37.0996354
  -8.490818    37.0996163
  -8.4907487   37.0996001
  -8.4906167   37.0995773
  -8.4905618   37.0995633
  -8.4905056   37.0995553
  -8.4902743   37.0995415
  -8.4902361   37.0995361
  -8.4901319   37.0995106
  -8.4898071   37.0994033
  -8.4897472   37.0993878
  -8.4896194   37.0993782
  -8.4895783   37.0993815
  -8.4894718   37.0994214
  -8.4894006   37.0994773
  -8.4893679   37.0995181
  -8.4892859   37.0996569
  -8.4892601   37.0996934
  -8.4891578   37.0998087
  -8.4891223   37.099837
  -8.4890555   37.0998811
  -8.4889617   37.0999315
  -8.4889232   37.0999422
  -8.4888845   37.0999443
  -8.4887082   37.0999448
  -8.4885956   37.0999323
  -8.4884031   37.0999297
  -8.4883291   37.0999198
  -8.4883129   37.0999116
  -8.488303    37.0998995
  -8.4882714   37.0997313
  -8.4882506   37.0996726
  -8.488233    37.0996375
  -8.4882      37.0996026
  -8.4881745   37.0995842
  -8.488118    37.099562
  -8.4880935   37.0995586
  -8.48807     37.099563
  -8.4879991   37.0995926
  -8.4879742   37.0995985
  -8.4879457   37.0996006
  -8.487909    37.0995964
  -8.48781     37.0995716
  -8.4877684   37.0995536
  -8.4877365   37.0995287
  -8.4877148   37.099504
  -8.4877009   37.0994766
  -8.4876864   37.0993985
  -8.4876953   37.099317
  -8.4876862   37.0992339
  -8.4876875   37.0992044
  -8.4877123   37.0991675
  -8.4877125   37.0990847
  -8.4876627   37.0990506
  -8.487579    37.0990293
  -8.4875045   37.09903
  -8.4874605   37.0990451
  -8.4874568   37.0990761
  -8.487475    37.0991242
  -8.4874692   37.0991324
  -8.4874373   37.0991344
  -8.4874064   37.0991294
  -8.4873893   37.0991366
  -8.4873546   37.0991775
  -8.4873431   37.0992026
  -8.487332    37.0992442
  -8.48728     37.0993287
  -8.4872059   37.0993972
  -8.4870734   37.0994806
  -8.4868265   37.0995963
  -8.4866502   37.0996659
  -8.4865397   37.0996988
  -8.4864857   37.0997177
  -8.4864323   37.0997364
  -8.4863334   37.0997771
  -8.4862055   37.0998399
  -8.4860921   37.0998904
  -8.48603     37.0999141
  -8.4859337   37.099934
  -8.4858719   37.0999331
  -8.4858285   37.0999281
  -8.4857255   37.0999076
  -8.4855788   37.0998689
  -8.4854754   37.0998375
  -8.4854435   37.099825
  -8.4854292   37.0998156
  -8.4854262   37.0997988
  -8.4854324   37.0997696
  -8.4854668   37.0996848
  -8.4855945   37.0994715
  -8.4856148   37.0994157
  -8.4856063   37.0993746
  -8.4855606   37.0992459
  -8.485549    37.0991495
  -8.4855326   37.0990919
  -8.4855137   37.0990555
  -8.4854823   37.0990204
  -8.4854562   37.0990031
  -8.485395    37.0989793
  -8.4853133   37.0989603
  -8.4852805   37.0989463
  -8.4852588   37.0989315
  -8.4852306   37.0988986
  -8.485212    37.0988848
  -8.4851832   37.0988705
  -8.4851542   37.0988616
  -8.4851262   37.0988667
  -8.4850339   37.0988973
  -8.4849982   37.0989139
  -8.4849752   37.09893
  -8.4849262   37.0989854
  -8.4849071   37.0989976
  -8.4848905   37.0990032
  -8.4848117   37.0990035
  -8.4846      37.0989896
  -8.4844414   37.0989859
  -8.4843889   37.0989762
  -8.4843324   37.0989457
  -8.4843064   37.098927
  -8.4842878   37.0989047
  -8.4842784   37.0988851
  -8.4842802   37.0988702
  -8.4842861   37.0988627
  -8.4843863   37.0988181
  -8.4844091   37.0987984
  -8.4844164   37.0987827
  -8.4843998   37.0987094
  -8.4844032   37.0986816
  -8.4844133   37.0986604
  -8.4844304   37.0986431
  -8.4844484   37.0986156
  -8.4844498   37.0986026
  -8.4844404   37.098574
  -8.4844256   37.0985619
  -8.484377    37.0985361
  -8.4843215   37.0985159
  -8.4842578   37.0985043
  -8.4842073   37.0985032
  -8.4841769   37.0985077
  -8.4839609   37.0985959
  -8.4839462   37.0986085
  -8.4839157   37.0986474
  -8.4838949   37.0986623
  -8.4838782   37.0986655
  -8.4838301   37.0986555
  -8.4837769   37.0986329
  -8.4837452   37.0986032
  -8.4836984   37.0985386
  -8.4836618   37.0984794
  -8.4836298   37.0984386
  -8.4835713   37.0983938
  -8.4835081   37.0983551
  -8.4834457   37.0983283
  -8.4833741   37.0983135
  -8.4833082   37.0983169
  -8.4832812   37.0983252
  -8.4832622   37.0983383
  -8.4832325   37.0983677
  -8.4831299   37.0984946
  -8.4831134   37.0985113
  -8.483046    37.0985553
  -8.4829775   37.0985819
  -8.4828362   37.0986186
  -8.4827334   37.0986405
  -8.4825851   37.098659
  -8.4825519   37.0986705
  -8.4825316   37.098686
  -8.4825092   37.0987288
  -8.4824621   37.0987931
  -8.482455    37.0988146
  -8.4824541   37.0988353
  -8.4824635   37.0988624
  -8.4824915   37.0989166
  -8.4824608   37.098963
  -8.4824599   37.0989927
  -8.4824477   37.0990266
  -8.4824324   37.099049
  -8.4824189   37.0990605
  -8.4823943   37.0990672
  -8.482352    37.0990706
  -8.4822789   37.0990634
  -8.4822303   37.0990512
  -8.4819141   37.098941
  -8.4818635   37.0989156
  -8.4817941   37.0988604
  -8.4816938   37.0987692
  -8.4816174   37.0987124
  -8.4815946   37.0986888
  -8.4815611   37.0986122
  -8.481539    37.098493
  -8.4815357   37.098427
  -8.4815557   37.0983008
  -8.4815822   37.0982437
  -8.4816178   37.0981829
  -8.481666    37.0981284
  -8.4817368   37.098058
  -8.4818169   37.0980073
  -8.4818984   37.0980194
  -8.4819385   37.0980209
  -8.4819818   37.0980159
  -8.4820291   37.0979984
  -8.4820743   37.0979628
  -8.4821314   37.0979025
  -8.4821701   37.097832
  -8.4822058   37.0977342
  -8.4822119   37.0976859
  -8.4822113   37.0976481
  -8.4822019   37.0976191
  -8.4821735   37.0975996
  -8.4821445   37.0975896
  -8.4821025   37.097587
  -8.4819059   37.0976446
  -8.481854    37.097657
  -8.4817764   37.0976697
  -8.4816738   37.0976955
  -8.4815332   37.0977356
  -8.4813498   37.0978099
  -8.4812979   37.0978265
  -8.4812372   37.0978414
  -8.4811452   37.097857
  -8.4811144   37.0978703
  -8.4810947   37.0978966
  -8.4810997   37.0979291
  -8.4811751   37.098081
  -8.4811778   37.0981219
  -8.481142    37.0981885
  -8.4810931   37.0982501
  -8.4810499   37.09829
  -8.4810316   37.098302
  -8.4809387   37.0983394
  -8.4807619   37.0983952
  -8.4806534   37.0984399
  -8.4805691   37.0984668
  -8.4805499   37.0984711
  -8.4805235   37.0984712
  -8.4804709   37.0984659
  -8.4804023   37.0984526
  -8.4803724   37.0984426
  -8.4803235   37.0984169
  -8.480223    37.0983562
  -8.4801319   37.0982893
  -8.4801064   37.0982648
  -8.480006    37.0981228
  -8.4799322   37.098028
  -8.4799038   37.0980026
  -8.4798766   37.0979872
  -8.4798294   37.0979715
  -8.4798056   37.0979704
  -8.4797869   37.0979736
  -8.4797353   37.0979992
  -8.4796726   37.0980638
  -8.4796254   37.0980988
  -8.4795374   37.0981304
  -8.4794041   37.0981701
  -8.479314    37.0982153
  -8.4792857   37.09824
  -8.4792211   37.0983576
  -8.4791914   37.0983882
  -8.4791645   37.0983987
  -8.4791544   37.0983991
  -8.4791442   37.0983922
  -8.4791398   37.0983872
  -8.4791382   37.098359
  -8.479132    37.098347
  -8.4791242   37.098342
  -8.4791069   37.0983478
  -8.4790929   37.0983633
  -8.4790771   37.0983722
  -8.4790543   37.0983699
  -8.4790293   37.0983589
  -8.4790047   37.098357
  -8.47895     37.0983301
  -8.4789494   37.0983285
  -8.4789309   37.0982731
  -8.4789155   37.0982666
  -8.4788465   37.098256
  -8.4788247   37.0982413
  -8.4788231   37.0981965
  -8.4787959   37.0981718
  -8.4787717   37.098158
  -8.4787605   37.0981542
  -8.4787504   37.0981557
  -8.4787402   37.098164
  -8.478728    37.0982252
  -8.4787242   37.0982343
  -8.478713    37.0982373
  -8.4786982   37.098229
  -8.478664    37.0981892
  -8.4786477   37.0981893
  -8.4786076   37.0981814
  -8.4784584   37.0980597
  -8.4783463   37.0979759
  -8.478289    37.0979482
  -8.4780618   37.0978558
  -8.478005    37.0978401
  -8.4779176   37.0978353
  -8.4778809   37.0978385
  -8.4778371   37.0978582
  -8.477795    37.0978703
  -8.4777116   37.0978802
  -8.4776771   37.0978785
  -8.4775715   37.097854
  -8.4775165   37.0978349
  -8.4774452   37.0978034
  -8.4773963   37.0977761
  -8.4773685   37.0977544
  -8.4773478   37.0977262
  -8.4773296   37.0976865
  -8.4773139   37.0976164
  -8.4773299   37.0975847
  -8.4773683   37.0975355
  -8.4773826   37.0974956
  -8.4773678   37.0974414
  -8.4773366   37.0973566
  -8.4773356   37.0973311
  -8.4773483   37.0972926
  -8.4773902   37.0972615
  -8.4774894   37.0972491
  -8.4775185   37.0972401
  -8.4775364   37.0972235
  -8.4775585   37.0971918
  -8.4775584   37.0971664
  -8.4775393   37.0971053
  -8.4775273   37.0970774
  -8.4774971   37.0970385
  -8.4774922   37.0970242
  -8.4774993   37.0969958
  -8.4775333   37.0969382
  -8.4775349   37.0968959
  -8.4775175   37.0968599
  -8.4775055   37.0968487
  -8.4774747   37.0968355
  -8.4773988   37.0968158
  -8.4773678   37.0968041
  -8.4773352   37.0967688
  -8.4772645   37.096713
  -8.4772482   37.0967058
  -8.477191    37.096707
  -8.4771772   37.096712
  -8.477114    37.0967598
  -8.4770612   37.096779
  -8.477048    37.0967813
  -8.4769329   37.0967791
  -8.4768983   37.0967822
  -8.4768689   37.0967964
  -8.4767853   37.0969032
  -8.4767685   37.0969176
  -8.4767548   37.0969217
  -8.4766523   37.0969012
  -8.4766386   37.0968904
  -8.4766141   37.0968506
  -8.4765955   37.0968361
  -8.4765789   37.0968317
  -8.4765454   37.0968357
  -8.4765192   37.096846
  -8.4765      37.0968652
  -8.4764569   37.0969305
  -8.476399    37.0969827
  -8.4763557   37.0969892
  -8.4763183   37.0969882
  -8.4762886   37.0969945
  -8.4762631   37.097009
  -8.4762084   37.0970562
  -8.4761868   37.0970672
  -8.4761087   37.097078
  -8.4760298   37.0970765
  -8.4759428   37.0970485
  -8.4758803   37.0970149
  -8.4756914   37.0968776
  -8.4756135   37.0968289
  -8.4755844   37.0968026
  -8.4755162   37.0967761
  -8.4754894   37.0967615
  -8.4754772   37.0967505
  -8.4754509   37.0966903
  -8.4754428   37.0966649
  -8.4754454   37.0966405
  -8.4754711   37.0966047
  -8.4755212   37.0965497
  -8.4755315   37.0965323
  -8.4755443   37.0965102
  -8.4755913   37.0963894
  -8.4756532   37.0963413
  -8.4756961   37.0963167
  -8.475768    37.0962859
  -8.4758118   37.0962622
  -8.4758586   37.0962214
  -8.4758695   37.0961858
  -8.4758618   37.0961548
  -8.4758551   37.0960623
  -8.4758411   37.0960316
  -8.4758244   37.0960158
  -8.475799    37.0960066
  -8.4757338   37.0960052
  -8.4755666   37.0960187
  -8.4754889   37.0960286
  -8.4753788   37.0960277
  -8.475334    37.0960193
  -8.4752312   37.0959845
  -8.4751319   37.0959414
  -8.4750925   37.0959124
  -8.4750687   37.095889
  -8.4749966   37.0958376
  -8.4749906   37.0957921
  -8.4749807   37.0957775
  -8.4749533   37.0957586
  -8.4749319   37.095758
  -8.4748671   37.0957706
  -8.4747149   37.0957695
  -8.4746108   37.095784
  -8.4745804   37.0957837
  -8.4744802   37.0957496
  -8.474334    37.0956765
  -8.474295    37.0956613
  -8.4742542   37.0956531
  -8.4741581   37.0956417
  -8.4741279   37.0956411
  -8.4740665   37.0956236
  -8.474023    37.0956243
  -8.4739693   37.0956505
  -8.4739511   37.0956531
  -8.4738774   37.0956529
  -8.4738256   37.0956443
  -8.4737725   37.0956317
  -8.4737254   37.0956119
  -8.4736018   37.0955494
  -8.473567    37.095538
  -8.4735346   37.0955429
  -8.4735228   37.0955553
  -8.4735201   37.095567
  -8.4735377   37.0956036
  -8.4736128   37.0956861
  -8.4736375   37.095725
  -8.4736515   37.095763
  -8.4736476   37.0957863
  -8.4736233   37.0958171
  -8.4735592   37.0958809
  -8.4735471   37.0959127
  -8.4735437   37.0959345
  -8.4735307   37.0959511
  -8.4734578   37.0959982
  -8.4734156   37.0960135
  -8.4733382   37.0960333
  -8.4733051   37.096047
  -8.4732228   37.0961102
  -8.4731646   37.0961492
  -8.4731261   37.0961665
  -8.4730823   37.0961841
  -8.4730405   37.0961953
  -8.4729583   37.0962022
  -8.472911    37.0961932
  -8.4728811   37.0961782
  -8.472831    37.096168
  -8.4727515   37.0961667
  -8.4726447   37.096159
  -8.4725687   37.0961456
  -8.4723751   37.09612
  -8.4723253   37.0961197
  -8.4722199   37.0961112
  -8.4721861   37.096104
  -8.4720507   37.0960492
  -8.4719532   37.0959895
  -8.4718735   37.09593
  -8.4718672   37.0959208
  -8.4718695   37.0959126
  -8.4719175   37.09587
  -8.4719175   37.0958581
  -8.4719239   37.0958433
  -8.4719547   37.095807
  -8.4719641   37.0957852
  -8.4719605   37.0957611
  -8.4719089   37.0957712
  -8.4718982   37.0957679
  -8.4718881   37.0957408
  -8.471879    37.0957375
  -8.4718014   37.0957496
  -8.4717937   37.095743
  -8.4717609   37.0957056
  -8.4718118   37.0956821
  -8.47182     37.0956698
  -8.4718206   37.095655
  -8.4717998   37.0956205
  -8.4717877   37.095584
  -8.4717704   37.0955702
  -8.471742    37.095567
  -8.4717301   37.0955622
  -8.4717218   37.0955547
  -8.4717003   37.0955031
  -8.4716931   37.0954979
  -8.4716735   37.0954936
  -8.4716687   37.0954874
  -8.4716851   37.0954385
  -8.4716797   37.0954301
  -8.4716525   37.0954329
  -8.47164     37.095429
  -8.4716305   37.0954215
  -8.4716255   37.0953832
  -8.4716203   37.0953744
  -8.4715823   37.0953588
  -8.4715513   37.0953142
  -8.471486    37.0952756
  -8.4714373   37.0952591
  -8.471423    37.0952472
  -8.4714087   37.0952178
  -8.4714062   37.0951831
  -8.47142     37.095101
  -8.4714211   37.0950829
  -8.4714157   37.0950701
  -8.4713872   37.0950447
  -8.4712992   37.094986
  -8.4712688   37.0949538
  -8.4712514   37.094904
  -8.4712506   37.0948669
  -8.4712464   37.0948546
  -8.4711756   37.0947557
  -8.4710909   37.0946262
  -8.4710489   37.0945262
  -8.4710405   37.0944963
  -8.4710403   37.094471
  -8.4710147   37.0944127
  -8.470945    37.0943459
  -8.4708891   37.0943064
  -8.4707924   37.0942933
  -8.4706397   37.0943086
  -8.4705065   37.0943312
  -8.4704021   37.0943334
  -8.4703186   37.0943284
  -8.4702199   37.0943082
  -8.4701695   37.0943069
  -8.4701292   37.0943118
  -8.470049    37.0943386
  -8.4699956   37.0943402
  -8.4699434   37.0943351
  -8.4698839   37.0943172
  -8.4696724   37.0941897
  -8.469629    37.0941498
  -8.4696072   37.0941218
  -8.4695541   37.0940927
  -8.4694474   37.0940676
  -8.469374    37.0940452
  -8.4693025   37.0940374
  -8.4692426   37.0940362
  -8.4691998   37.0940298
  -8.4691398   37.0940086
  -8.4690248   37.0939516
  -8.4688251   37.0938222
  -8.4687299   37.0937253
  -8.4686731   37.0936775
  -8.4686531   37.0936669
  -8.4686129   37.0936017
  -8.4686074   37.0935141
  -8.4685973   37.0934848
  -8.4685806   37.0934649
  -8.4685006   37.0934424
  -8.4684474   37.0934333
  -8.4682794   37.093435
  -8.4682383   37.0934261
  -8.4682183   37.0934128
  -8.4681714   37.093349
  -8.4681364   37.0932763
  -8.4681112   37.0932417
  -8.4680412   37.0932046
  -8.4679514   37.0931862
  -8.4678199   37.0931892
  -8.4677585   37.0932213
  -8.4676971   37.0932389
  -8.4676304   37.093227
  -8.4675071   37.0931541
  -8.467451    37.093129
  -8.4673978   37.0931252
  -8.4672981   37.0931535
  -8.4672581   37.0931456
  -8.4671502   37.0930954
  -8.4671107   37.0930927
  -8.4670559   37.0930942
  -8.466878    37.0931108
  -8.4664142   37.0931801
  -8.4662578   37.0931804
  -8.4662294   37.0931698
  -8.4662178   37.0931525
  -8.4662208   37.093094
  -8.4662161   37.0930716
  -8.4661843   37.0930237
  -8.4661307   37.0928825
  -8.466045    37.0927401
  -8.4660299   37.0927055
  -8.4659999   37.0926802
  -8.4659397   37.0926404
  -8.4658983   37.0925907
  -8.4658749   37.0925521
  -8.4658595   37.0924641
  -8.4658495   37.0924482
  -8.4658311   37.0924349
  -8.4657945   37.0924364
  -8.4656118   37.0924955
  -8.4653298   37.0924831
  -8.4653066   37.0924858
  -8.465157    37.092521
  -8.4651337   37.0925197
  -8.4651314   37.0925181
  -8.465107    37.0925011
  -8.4650552   37.0924281
  -8.4649918   37.0923896
  -8.4649601   37.0923763
  -8.4649035   37.0923725
  -8.4648436   37.0923633
  -8.464764    37.092406
  -8.4645588   37.0924665
  -8.4643877   37.0925056
  -8.4643378   37.0925245
  -8.464323    37.0925446
  -8.4643149   37.0926032
  -8.4643152   37.0926752
  -8.4642922   37.0927326
  -8.4642444   37.0927937
  -8.464208    37.092823
  -8.4641448   37.0928393
  -8.4640421   37.0928495
  -8.4639919   37.0928623
  -8.4639111   37.092867
  -8.4635801   37.0928341
  -8.4635535   37.0928395
  -8.4634174   37.0929038
  -8.4633658   37.0929093
  -8.4632926   37.0929015
  -8.4631327   37.0928473
  -8.4631159   37.0928327
  -8.4630975   37.0928007
  -8.463089    37.0927688
  -8.4630673   37.0927449
  -8.4629719   37.0926039
  -8.4629222   37.0925084
  -8.4628119   37.0923873
  -8.4627819   37.0923621
  -8.4627102   37.0923263
  -8.4626569   37.0923144
  -8.4625737   37.0923134
  -8.4625227   37.092306
  -8.4623644   37.0922558
  -8.462243    37.0922415
  -8.4621764   37.092247
  -8.4620784   37.0922739
  -8.4620585   37.0922927
  -8.4620471   37.0923487
  -8.4619414   37.0925263
  -8.4619215   37.0925411
  -8.4618127   37.0925692
  -8.4616349   37.0925897
  -8.4616083   37.0926004
  -8.4615574   37.0926044
  -8.4612857   37.0926254
  -8.4612325   37.0926401
  -8.4611072   37.0927042
  -8.4610341   37.0927537
  -8.4609135   37.0928747
  -8.4607113   37.0930287
  -8.4605405   37.093185
  -8.4604795   37.0932329
  -8.4604081   37.0932664
  -8.4603634   37.0932918
  -8.4603268   37.0932959
  -8.4602818   37.0932827
  -8.4602051   37.0932256
  -8.4601816   37.0931897
  -8.4601366   37.0931511
  -8.4601347   37.0931165
  -8.460073    37.0930647
  -8.4600379   37.0930487
  -8.4599963   37.0930422
  -8.4599417   37.0930164
  -8.4599409   37.0930154
  -8.4599217   37.0929938
  -8.4598849   37.0929665
  -8.4597902   37.0929066
  -8.4597103   37.0928432
  -8.4595098   37.0926721
  -8.4594927   37.092648
  -8.4594861   37.0926249
  -8.4594867   37.0925979
  -8.4594961   37.0925546
  -8.4595107   37.0925189
  -8.4595404   37.0924904
  -8.459596    37.0924653
  -8.4597153   37.0924373
  -8.4599128   37.0923677
  -8.4599956   37.0923314
  -8.460017    37.0923158
  -8.4600364   37.0922906
  -8.4600452   37.092264
  -8.4600557   37.0921958
  -8.4600622   37.092067
  -8.4600634   37.091917
  -8.4600521   37.0918654
  -8.460037    37.0918227
  -8.4600124   37.0917801
  -8.459993    37.0917554
  -8.459969    37.0917418
  -8.4599314   37.091735
  -8.4598095   37.0917387
  -8.4597592   37.0917362
  -8.4596343   37.0917091
  -8.4595494   37.0916789
  -8.4594874   37.0916623
  -8.4593422   37.0916335
  -8.4592124   37.0916295
  -8.4591861   37.091626
  -8.4591621   37.0916148
  -8.4591021   37.0915574
  -8.4590752   37.0915453
  -8.4590219   37.0915339
  -8.4588986   37.0915187
  -8.4588585   37.0915092
  -8.4587993   37.0914875
  -8.4586978   37.0914416
  -8.4586503   37.0914317
  -8.4585956   37.0914233
  -8.4585444   37.0914238
  -8.4584829   37.0914309
  -8.4584051   37.0914543
  -8.4583783   37.091459
  -8.4583449   37.0914555
  -8.4583175   37.0914462
  -8.4582514   37.091381
  -8.4582076   37.0913556
  -8.4580431   37.0912795
  -8.4579432   37.0912405
  -8.4578875   37.0912264
  -8.4578346   37.0912226
  -8.4577741   37.0912253
  -8.4577246   37.0912306
  -8.4576715   37.0912424
  -8.4576305   37.0912657
  -8.457545    37.0913353
  -8.4573977   37.0914266
  -8.4573221   37.0914674
  -8.4572404   37.0914917
  -8.4572082   37.0914931
  -8.4570522   37.0914644
  -8.4570163   37.0914655
  -8.4569718   37.091458
  -8.4568406   37.0914223
  -8.4566514   37.0913854
  -8.4566109   37.0913713
  -8.4565796   37.0913541
  -8.456232    37.0913137
  -8.4559663   37.0912999
  -8.4559048   37.091292
  -8.455833    37.091276
  -8.455688    37.0912348
  -8.4554385   37.0911572
  -8.455215    37.0910791
  -8.4550636   37.0910353
  -8.4549025   37.0909776
  -8.4547842   37.0909472
  -8.4546089   37.0909159
  -8.4545638   37.0909022
  -8.4545102   37.0908766
  -8.454489    37.0908496
  -8.4544999   37.0907801
  -8.4545331   37.090642
  -8.4545336   37.0905704
  -8.4545243   37.090532
  -8.4545026   37.0904706
  -8.4544564   37.090402
  -8.4544124   37.0903127
  -8.454387    37.0902753
  -8.4543721   37.0902621
  -8.4543404   37.0902466
  -8.4542545   37.0902396
  -8.4542243   37.0902321
  -8.454187    37.0902169
  -8.4540262   37.0901001
  -8.4539603   37.0900419
  -8.4536941   37.0898648
  -8.4535381   37.0897484
  -8.4534698   37.0897052
  -8.4534385   37.0896898
  -8.4534128   37.0896806
  -8.4533587   37.0896728
  -8.4532896   37.0896704
  -8.4532198   37.0896765
  -8.4531631   37.0896889
  -8.4530929   37.0896974
  -8.453024    37.0897105
  -8.4528544   37.0897575
  -8.452807    37.0897649
  -8.4527467   37.0897673
  -8.4526356   37.0897623
  -8.452478    37.0897383
  -8.4523365   37.0897291
  -8.4519874   37.089682
  -8.4515719   37.0896099
  -8.451534    37.0895977
  -8.4514152   37.0895383
  -8.4514028   37.089525
  -8.4514007   37.0895169
  -8.4513987   37.0895093
  -8.4514071   37.0894829
  -8.4514388   37.0894201
  -8.4514718   37.0893668
  -8.4515193   37.0892718
  -8.4515893   37.0891545
  -8.4516549   37.0890574
  -8.4517293   37.088914
  -8.4518303   37.0887596
  -8.451845    37.0887129
  -8.4518433   37.0886961
  -8.4518266   37.0886557
  -8.4518081   37.0886283
  -8.451736    37.0885425
  -8.4515693   37.0883872
  -8.4515241   37.0883509
  -8.4514268   37.0882578
  -8.4512295   37.0881057
  -8.451203    37.0880777
  -8.4511671   37.0880148
  -8.4511409   37.0879902
  -8.4510557   37.0879509
  -8.4509239   37.0878973
  -8.4508937   37.0878901
  -8.4507252   37.0878237
  -8.4506325   37.0877911
  -8.4505517   37.08776
  -8.4504724   37.0877208
  -8.4504147   37.0877015
  -8.4503797   37.0876973
  -8.4503643   37.0877007
  -8.4500551   37.0878562
  -8.4500303   37.0878701
  -8.4499873   37.0879038
  -8.4499554   37.087922
  -8.4499127   37.0879382
  -8.4498718   37.0879469
  -8.449808    37.0879504
  -8.4497617   37.0879477
  -8.4497273   37.0879387
  -8.4497082   37.0879279
  -8.4496964   37.0879184
  -8.4496921   37.087907
  -8.4497151   37.087835
  -8.4497143   37.0877955
  -8.4497053   37.0877803
  -8.4496928   37.0877751
  -8.4496555   37.0877761
  -8.4496004   37.0877868
  -8.4495205   37.0878076
  -8.4494786   37.0878267
  -8.4494254   37.0878792
  -8.4493924   37.0879439
  -8.4493847   37.0879515
  -8.4493753   37.0879501
  -8.4493711   37.0879373
  -8.4493709   37.0879059
  -8.4494115   37.0876812
  -8.4494112   37.0876052
  -8.4493515   37.0875214
  -8.4493313   37.0875019
  -8.4493147   37.0874892
  -8.4492394   37.0874547
  -8.4491781   37.0874407
  -8.4491416   37.0874404
  -8.4490881   37.0874414
  -8.4489312   37.0874619
  -8.4488672   37.0874606
  -8.4487611   37.0874533
  -8.4486407   37.0874308
  -8.4485251   37.0873988
  -8.4482492   37.0873369
  -8.4480696   37.0872761
  -8.4477932   37.0871987
  -8.4477249   37.0871741
  -8.4476774   37.0871486
  -8.447628    37.0871142
  -8.4475631   37.0870597
  -8.4475376   37.0870437
  -8.4474853   37.0870212
  -8.4473306   37.0869922
  -8.4472626   37.0869929
  -8.4472348   37.087002
  -8.4472004   37.0870064
  -8.4471618   37.0870032
  -8.4470568   37.0869703
  -8.4469862   37.08694
  -8.4468752   37.0869117
  -8.446817    37.0869067
  -8.4467909   37.0869077
  -8.4467716   37.086913
  -8.4467089   37.0869488
  -8.446671    37.0869579
  -8.4466022   37.0869628
  -8.4465565   37.0869615
  -8.4465081   37.0869527
  -8.4461927   37.0868756
  -8.4461274   37.0868649
  -8.446106    37.0868659
  -8.4460664   37.0868826
  -8.4460374   37.0868998
  -8.4459889   37.0869403
  -8.445943    37.0869631
  -8.4458642   37.0869658
  -8.4458315   37.086963
  -8.4456872   37.0869362
  -8.4456267   37.0869203
  -8.4455905   37.0869063
  -8.4455199   37.0868583
  -8.4454912   37.086807
  -8.4454797   37.0867494
  -8.4454583   37.086699
  -8.4454255   37.0866596
  -8.4454017   37.0866463
  -8.4453821   37.0866388
  -8.4452417   37.0866373
  -8.4451492   37.0866127
  -8.4450155   37.0865376
  -8.4449721   37.0865191
  -8.4448921   37.0864937
  -8.44485     37.0864923
  -8.4447777   37.0864964
  -8.4446211   37.0865557
  -8.44458     37.0865644
  -8.4445269   37.0865683
  -8.4444557   37.0865673
  -8.4444272   37.0865636
  -8.4443394   37.0865439
  -8.4442588   37.0865146
  -8.4441894   37.0865068
  -8.4441467   37.0865073
  -8.4441126   37.0865112
  -8.4440527   37.0865261
  -8.4438916   37.0865831
  -8.4438142   37.0866023
  -8.4437401   37.0866074
  -8.443711    37.0866027
  -8.4435628   37.0865624
  -8.4434216   37.086511
  -8.4433342   37.0864689
  -8.4432599   37.0864263
  -8.4431851   37.086374
  -8.443122    37.0863199
  -8.4429016   37.0860514
  -8.4428599   37.0860069
  -8.4428082   37.0859657
  -8.4427904   37.0859577
  -8.4426767   37.0859248
  -8.4426114   37.0859007
  -8.4425894   37.0858999
  -8.4425394   37.0859027
  -8.4425112   37.0859043
  -8.4424696   37.0859106
  -8.4423952   37.0859335
  -8.4422668   37.0859869
  -8.4422135   37.0860023
  -8.4421868   37.0860154
  -8.4420875   37.0860807
  -8.4417281   37.0862743
  -8.4416342   37.0863359
  -8.4414723   37.0864645
  -8.4414185   37.0864998
  -8.4413312   37.0865474
  -8.4410986   37.0866387
  -8.4410655   37.0866583
  -8.4410496   37.086673
  -8.4410157   37.086768
  -8.4410082   37.0868326
  -8.4410299   37.0870461
  -8.4410776   37.0872758
  -8.4410809   37.0873417
  -8.4410959   37.0873916
  -8.4410991   37.0874209
  -8.4410759   37.0874166
  -8.4410647   37.0874186
  -8.4410457   37.0874377
  -8.4409686   37.0875484
  -8.4409532   37.0875593
  -8.4409135   37.0875633
  -8.4408521   37.08762
  -8.4408349   37.0876313
  -8.4407751   37.0876532
  -8.4407077   37.0876861
  -8.4406763   37.0876918
  -8.4405822   37.0877226
  -8.440569    37.0876852
  -8.4405544   37.0875855
  -8.4405328   37.0873768
  -8.4404989   37.0872284
  -8.4404821   37.0871885
  -8.4404756   37.0871804
  -8.4403823   37.0871189
  -8.4403286   37.0870773
  -8.4402967   37.0870393
  -8.4402527   37.0869516
  -8.4402039   37.0867743
  -8.4401747   37.0867184
  -8.4401551   37.0866999
  -8.4401409   37.0866886
  -8.440104    37.0866705
  -8.439951    37.0866164
  -8.4398495   37.0865897
  -8.4398352   37.0865831
  -8.4398026   37.086553
  -8.4397769   37.0865088
  -8.439768    37.0864824
  -8.4397666   37.0864358
  -8.4397829   37.0863637
  -8.4397668   37.086321
  -8.4396706   37.0861551
  -8.4395517   37.0859048
  -8.439516    37.0858613
  -8.4394862   37.0858399
  -8.4394607   37.0858381
  -8.4394459   37.0858448
  -8.4392866   37.0860037
  -8.4392453   37.0860517
  -8.4392181   37.0860912
  -8.4392088   37.0861264
  -8.4392043   37.0861749
  -8.439205    37.086316
  -8.4391934   37.0863463
  -8.4391688   37.0863734
  -8.439122    37.0863944
  -8.4390609   37.0864028
  -8.4389179   37.0864095
  -8.4388326   37.0864262
  -8.4387415   37.0864473
  -8.4386273   37.0864924
  -8.4385753   37.0865092
  -8.438522    37.0865094
  -8.4384764   37.0864886
  -8.4384386   37.0864501
  -8.4384202   37.0864157
  -8.4383967   37.0863929
  -8.4382938   37.0863619
  -8.438173    37.0863008
  -8.4381222   37.0862813
  -8.4380882   37.0862626
  -8.438053    37.0862283
  -8.4379806   37.0861143
  -8.4379403   37.08606
  -8.4379103   37.086034
  -8.4378654   37.0860304
  -8.4377321   37.0860532
  -8.4376951   37.0860512
  -8.4376743   37.0860424
  -8.4376524   37.086015
  -8.4376177   37.0859593
  -8.4375184   37.085847
  -8.4374909   37.0858006
  -8.4374007   37.0856806
  -8.4373278   37.0856134
  -8.4373011   37.0855942
  -8.4372828   37.0855858
  -8.4372294   37.0855704
  -8.4370826   37.0855599
  -8.4370532   37.0855479
  -8.4369221   37.0854192
  -8.4368354   37.0853542
  -8.4368016   37.0853366
  -8.4367775   37.0853301
  -8.4367016   37.0853277
  -8.4366723   37.0853319
  -8.4366164   37.0853556
  -8.436369    37.0855244
  -8.4363146   37.0855678
  -8.4362738   37.085611
  -8.4362674   37.0856309
  -8.4363251   37.0857446
  -8.4363876   37.0859273
  -8.4364047   37.0859678
  -8.4364197   37.0859844
  -8.436447    37.0859906
  -8.4365893   37.0860047
  -8.4366954   37.0860211
  -8.4367923   37.0860567
  -8.4368307   37.0860728
  -8.4368588   37.0860911
  -8.4369026   37.0861499
  -8.4369169   37.0861753
  -8.4369164   37.0861826
  -8.4369041   37.0861858
  -8.4368512   37.0861677
  -8.4368194   37.0861621
  -8.436794    37.0861689
  -8.4367466   37.0861898
  -8.4366699   37.086187
  -8.4366331   37.0862005
  -8.4365671   37.0862408
  -8.4365463   37.0862486
  -8.4365174   37.0862545
  -8.436357    37.0862704
  -8.4362057   37.086275
  -8.4361445   37.0862673
  -8.436069    37.0862315
  -8.4360266   37.0861983
  -8.4359777   37.0861495
  -8.435883    37.0860251
  -8.43577     37.0858968
  -8.4357237   37.0858153
  -8.4357039   37.0857689
  -8.4356889   37.0857471
  -8.4356661   37.0857294
  -8.4356413   37.0857242
  -8.4355719   37.0857229
  -8.4353817   37.0857411
  -8.4353459   37.0857406
  -8.435286    37.0857335
  -8.435178    37.0857041
  -8.4351158   37.0856819
  -8.4350252   37.0856321
  -8.4349329   37.0855876
  -8.4348918   37.085572
  -8.4348735   37.0855695
  -8.4348567   37.0855706
  -8.4348333   37.0855821
  -8.4348061   37.085602
  -8.4347156   37.0856975
  -8.4346278   37.0858238
  -8.4345452   37.0859907
  -8.4344993   37.0860433
  -8.4344662   37.0860664
  -8.4344052   37.0861019
  -8.4342815   37.0861601
  -8.4341925   37.0861884
  -8.4340933   37.0862094
  -8.4339853   37.0862145
  -8.4338481   37.086185
  -8.4337937   37.0861623
  -8.4336784   37.0861047
  -8.4336231   37.0860596
  -8.4336034   37.0860347
  -8.4335576   37.0859576
  -8.4335354   37.0859073
  -8.4334773   37.0856684
  -8.4333898   37.0855541
  -8.4333402   37.0855146
  -8.433303    37.0854954
  -8.4332842   37.0854949
  -8.4332556   37.0855075
  -8.4331749   37.0855802
  -8.4331185   37.0856095
  -8.4327618   37.085684
  -8.4324368   37.0857771
  -8.4323725   37.0857846
  -8.4322828   37.0857759
  -8.4322158   37.0857609
  -8.4321247   37.0857581
  -8.4320413   37.0857742
  -8.4320349   37.085781
  -8.432035    37.0857966
  -8.4320829   37.0858998
  -8.4320961   37.0859569
  -8.432088    37.086032
  -8.4320546   37.0861498
  -8.4320005   37.0862987
  -8.4319669   37.086353
  -8.431908    37.0863844
  -8.4316696   37.0864692
  -8.4315272   37.0864957
  -8.4313949   37.086509
  -8.431289    37.0865369
  -8.4312596   37.086538
  -8.4312388   37.0865345
  -8.4312068   37.0865168
  -8.4311355   37.0864231
  -8.4310256   37.0862462
  -8.4310283   37.0862328
  -8.4310177   37.0861999
  -8.4309888   37.0861348
  -8.4309581   37.0860934
  -8.4309419   37.086083
  -8.4309204   37.0860866
  -8.4309028   37.0860971
  -8.4308368   37.0861943
  -8.4308251   37.0861953
  -8.4308057   37.0861907
  -8.4307874   37.0861762
  -8.4307723   37.0861554
  -8.4307422   37.0860325
  -8.4306981   37.0859216
  -8.430666    37.0858624
  -8.4306359   37.0858256
  -8.4306137   37.08581
  -8.4305508   37.0857942
  -8.4305195   37.0857942
  -8.4304936   37.0857979
  -8.4304467   37.0858142
  -8.4304086   37.0858341
  -8.430369    37.0858697
  -8.4303264   37.0859129
  -8.430252    37.0860174
  -8.4302007   37.0860624
  -8.4300437   37.0861331
  -8.4300047   37.0861425
  -8.4299689   37.0861415
  -8.4299189   37.0861161
  -8.4298882   37.0860901
  -8.4298535   37.0860532
  -8.4298293   37.0860198
  -8.4298078   37.0859878
  -8.4297959   37.085946
  -8.4297421   37.0858207
  -8.4296919   37.085738
  -8.4296851   37.0857281
  -8.4296559   37.0856855
  -8.4296485   37.0856777
  -8.429629    37.0856573
  -8.4296096   37.0856451
  -8.4295823   37.0856452
  -8.4295543   37.0856536
  -8.4294163   37.0857264
  -8.4293354   37.0857755
  -8.429186    37.0858583
  -8.4290732   37.0859075
  -8.429027    37.0859191
  -8.4288302   37.0859398
  -8.4286656   37.0859424
  -8.4285927   37.0859233
  -8.4285194   37.0858802
  -8.4284214   37.0857971
  -8.4283595   37.0857291
  -8.4283308   37.0857151
  -8.42825     37.0856903
  -8.4282031   37.0856836
  -8.4281719   37.0856858
  -8.4281394   37.0856946
  -8.428024    37.0857553
  -8.4279692   37.085774
  -8.4279142   37.0858024
  -8.4278038   37.0859388
  -8.4277767   37.0859537
  -8.4276978   37.0859748
  -8.4276268   37.0859898
  -8.4275929   37.085993
  -8.4275451   37.0859922
  -8.4274368   37.0859689
  -8.4273813   37.0859691
  -8.4272784   37.085987
  -8.4271837   37.0860122
  -8.4271208   37.0860336
  -8.4270745   37.0860619
  -8.4270473   37.0860847
  -8.4269254   37.0862848
  -8.4268965   37.0863763
  -8.4268825   37.0865284
  -8.4268721   37.0865751
  -8.4268503   37.0866045
  -8.4268257   37.0866215
  -8.4266806   37.0866729
  -8.4266627   37.0866751
  -8.4266481   37.0866697
  -8.4266387   37.0866608
  -8.4266486   37.0864629
  -8.4266465   37.0864214
  -8.4266317   37.0863721
  -8.4266049   37.0863338
  -8.4265843   37.0863259
  -8.4265717   37.0863264
  -8.4265558   37.0863382
  -8.4265348   37.0863751
  -8.4265033   37.0864607
  -8.4264903   37.0865252
  -8.4264765   37.0865671
  -8.426406    37.0867171
  -8.4263823   37.0867875
  -8.4263609   37.086898
  -8.4263639   37.0869672
  -8.4263526   37.0869861
  -8.4263407   37.0869953
  -8.4263181   37.0870032
  -8.4261935   37.087018
  -8.4260836   37.0870417
  -8.4259197   37.0870624
  -8.4256464   37.0870865
  -8.4253865   37.0871334
  -8.4252943   37.0871437
  -8.4252697   37.0871449
  -8.4251928   37.087127
  -8.4251668   37.0871303
  -8.4251423   37.0871404
  -8.4251098   37.0871458
  -8.4250573   37.0871428
  -8.4250122   37.0871205
  -8.4249605   37.0870713
  -8.4248932   37.0870305
  -8.4246451   37.0868896
  -8.4246012   37.0868748
  -8.4245547   37.0868686
  -8.4245354   37.0868691
  -8.4245012   37.0868766
  -8.424386    37.0869238
  -8.4243442   37.0869372
  -8.4242618   37.0869549
  -8.4241836   37.0869519
  -8.424117    37.0869287
  -8.4240293   37.0868654
  -8.4239828   37.0868155
  -8.4239654   37.0867895
  -8.4238946   37.0866257
  -8.4238772   37.0865992
  -8.4238625   37.0865844
  -8.4238519   37.0865822
  -8.4238127   37.0865903
  -8.4237556   37.0866086
  -8.4237213   37.0866235
  -8.4234801   37.0867486
  -8.4234278   37.0867832
  -8.4231698   37.0869343
  -8.4229645   37.0870438
  -8.4228923   37.0870919
  -8.4228408   37.0871371
  -8.4228316   37.0871584
  -8.4228175   37.0872739
  -8.4228108   37.0872858
  -8.422797    37.0873101
  -8.4227442   37.0873553
  -8.4227051   37.0873825
  -8.4225904   37.0874402
  -8.4225396   37.0874706
  -8.4224912   37.0874889
  -8.4224719   37.0874905
  -8.4224613   37.08749
  -8.4224519   37.0874852
  -8.4224445   37.0874608
  -8.4224432   37.0874442
  -8.422472    37.0873422
  -8.4224745   37.0873177
  -8.4224717   37.0872783
  -8.4224505   37.0872524
  -8.4224325   37.0872513
  -8.4223569   37.0872781
  -8.4222715   37.0873224
  -8.4222059   37.0873514
  -8.42219     37.0873636
  -8.4221768   37.0873881
  -8.4221527   37.0874763
  -8.4221434   37.0874907
  -8.4221341   37.0874992
  -8.422095    37.0875004
  -8.422063    37.0874915
  -8.421986    37.0874602
  -8.4217934   37.087406
  -8.4216859   37.0873653
  -8.4213692   37.0872854
  -8.4213127   37.0872674
  -8.4212356   37.0872351
  -8.4212036   37.0872166
  -8.4211557   37.0871732
  -8.4211465   37.0871573
  -8.421145    37.0871296
  -8.4211684   37.0869744
  -8.4212145   37.0868318
  -8.4212815   37.0866803
  -8.4212923   37.0866276
  -8.4212922   37.0865821
  -8.421261    37.0865295
  -8.42124     37.0865039
  -8.421168    37.0864849
  -8.4209368   37.0864497
  -8.4208531   37.0864415
  -8.4207858   37.0864285
  -8.4206961   37.0864
  -8.4206541   37.0863773
  -8.4205759   37.0863116
  -8.4205239   37.0862614
  -8.4204769   37.0862083
  -8.4204565   37.0861927
  -8.4204165   37.0861738
  -8.4203884   37.0861704
  -8.4203128   37.0861829
  -8.4200712   37.0862678
  -8.4200144   37.0862829
  -8.4199846   37.086285
  -8.4199369   37.0862727
  -8.4199029   37.086251
  -8.4198572   37.0862328
  -8.4194378   37.0862407
  -8.4193163   37.0862471
  -8.4190711   37.0862477
  -8.4189957   37.0862696
  -8.4189744   37.086271
  -8.4188682   37.0862596
  -8.4188154   37.0862584
  -8.4187963   37.0862721
  -8.4187743   37.086298
  -8.4187489   37.0863409
  -8.4187019   37.0864525
  -8.418676    37.0865601
  -8.4186736   37.0866119
  -8.4186358   37.0867262
  -8.4185818   37.0868296
  -8.4185016   37.0869291
  -8.4184449   37.0869817
  -8.4183376   37.0870963
  -8.4182936   37.0871581
  -8.4182674   37.0872058
  -8.418249    37.0872602
  -8.418241    37.0873724
  -8.4182333   37.0873772
  -8.4182232   37.0873785
  -8.418196    37.0873527
  -8.4181729   37.0873141
  -8.4181395   37.0872399
  -8.4180806   37.0871525
  -8.4180566   37.0871085
  -8.4180267   37.0870317
  -8.4180009   37.0869399
  -8.4179727   37.0868795
  -8.4179334   37.0868461
  -8.4178865   37.0868238
  -8.4178543   37.0868036
  -8.4178372   37.086788
  -8.4178192   37.0867587
  -8.4178014   37.0867064
  -8.4177725   37.0866773
  -8.4177528   37.0866495
  -8.417728    37.086591
  -8.4177177   37.0865753
  -8.4176956   37.0865658
  -8.4176693   37.0865665
  -8.417615    37.0865851
  -8.4175709   37.0866071
  -8.4175311   37.086633
  -8.4174989   37.0866705
  -8.4174728   37.0867176
  -8.4174406   37.0867556
  -8.4173975   37.086789
  -8.417328    37.0868326
  -8.417301    37.086862
  -8.4172764   37.0869002
  -8.4172646   37.0869328
  -8.4172626   37.0870554
  -8.4172474   37.0870696
  -8.4172287   37.0870792
  -8.4171625   37.0870821
  -8.4171057   37.0870708
  -8.416929    37.0870106
  -8.4167665   37.0869436
  -8.41673     37.0869342
  -8.4166928   37.0869302
  -8.4166647   37.0869364
  -8.4166385   37.0869535
  -8.4166113   37.0869828
  -8.4166021   37.0869985
  -8.4166021   37.0870156
  -8.4166389   37.0870677
  -8.4166535   37.0871059
  -8.4166708   37.0871787
  -8.4166877   37.0872003
  -8.4167236   37.0872323
  -8.4167755   37.0872695
  -8.416808    37.0872987
  -8.4168242   37.0873205
  -8.4168242   37.0873369
  -8.4168183   37.0873492
  -8.4168014   37.0873601
  -8.4167529   37.0873677
  -8.416713    37.0873589
  -8.4166883   37.0873474
  -8.4165973   37.0872919
  -8.4165777   37.0872905
  -8.4165676   37.087294
  -8.4164838   37.0873785
  -8.4164508   37.0874017
  -8.4164239   37.0874153
  -8.4163874   37.0874249
  -8.4163687   37.0874277
  -8.4163355   37.0874216
  -8.4163202   37.0874135
  -8.4163091   37.0873931
  -8.4163011   37.0872985
  -8.4162658   37.0871496
  -8.4162545   37.0871258
  -8.4162181   37.0870817
  -8.4162052   37.0870722
  -8.4161729   37.0870663
  -8.4161449   37.0870664
  -8.4161262   37.0870706
  -8.4161033   37.0870816
  -8.4160788   37.0871006
  -8.4160695   37.0871177
  -8.4160705   37.0871497
  -8.4160663   37.0871633
  -8.4160707   37.0872
  -8.4160499   37.0873101
  -8.4160518   37.0873548
  -8.4160613   37.0873936
  -8.41611     37.0874921
  -8.4161161   37.0875221
  -8.4161069   37.0875615
  -8.4160934   37.0875914
  -8.4160689   37.0876188
  -8.4160429   37.0876364
  -8.4159987   37.0876515
  -8.4159496   37.0876801
  -8.4159275   37.0876985
  -8.4158632   37.0877695
  -8.4158268   37.0877913
  -8.4157521   37.0878125
  -8.4156514   37.087859
  -8.415609    37.0878727
  -8.4155703   37.0878776
  -8.4155072   37.0878772
  -8.415474    37.0878847
  -8.4154647   37.0878922
  -8.4154512   37.0879249
  -8.4154386   37.0879356
  -8.4152887   37.0880196
  -8.4152236   37.0880761
  -8.4152041   37.0881116
  -8.4151949   37.0881382
  -8.4151991   37.0881618
  -8.4152085   37.0881823
  -8.4152265   37.0881993
  -8.4152597   37.0882149
  -8.4153013   37.0882159
  -8.4153455   37.0882131
  -8.4157239   37.088121
  -8.415774    37.0881161
  -8.4158072   37.088118
  -8.4158259   37.0881276
  -8.415837    37.0881446
  -8.4158363   37.0881684
  -8.4158178   37.0881964
  -8.4158077   37.0882359
  -8.4157891   37.0882745
  -8.4157171   37.0883612
  -8.4156324   37.0884485
  -8.4155783   37.0884983
  -8.415558    37.0885228
  -8.4155497   37.0885412
  -8.4155582   37.0885784
  -8.4155762   37.0885941
  -8.4156145   37.0886137
  -8.4156383   37.0886225
  -8.4156834   37.0886306
  -8.4156953   37.0886388
  -8.4157013   37.0886612
  -8.4156989   37.0886782
  -8.4156785   37.0887088
  -8.4156523   37.0887334
  -8.4155524   37.0887839
  -8.4153753   37.0888931
  -8.4150756   37.0890555
  -8.4148949   37.0891479
  -8.4148263   37.0891759
  -8.4147363   37.089204
  -8.4147151   37.0892068
  -8.4146259   37.0891967
  -8.4145766   37.0891982
  -8.4145231   37.0892059
  -8.4144704   37.0892292
  -8.4144476   37.0892327
  -8.4144348   37.0892301
  -8.4144153   37.0892137
  -8.4143871   37.089167
  -8.4143408   37.0890228
  -8.4143108   37.0889591
  -8.4142792   37.0889291
  -8.4142538   37.0889292
  -8.4142257   37.0889427
  -8.4141606   37.0890082
  -8.4141277   37.0890538
  -8.4140931   37.0891274
  -8.4140984   37.0891499
  -8.4141265   37.0891803
  -8.4142714   37.089291
  -8.4142781   37.0893019
  -8.4142765   37.0893182
  -8.4142631   37.0893338
  -8.4141817   37.0893809
  -8.4141173   37.089413
  -8.4140676   37.0894299
  -8.4140201   37.0894403
  -8.4138543   37.0894515
  -8.4137009   37.0894723
  -8.413637    37.0894378
  -8.4136267   37.0894364
  -8.4136149   37.0894385
  -8.4135624   37.0894733
  -8.4134472   37.0894926
  -8.4132763   37.0894814
  -8.4132145   37.0894856
  -8.4130032   37.0895052
  -8.4127877   37.0895357
  -8.4124985   37.0895628
  -8.4123399   37.0895864
  -8.4120026   37.0895949
  -8.4118552   37.0896142
  -8.4117595   37.0896225
  -8.4115605   37.0896314
  -8.4115336   37.0896283
  -8.4115193   37.0896217
  -8.4115076   37.0896064
  -8.4114948   37.0895759
  -8.4114853   37.0895195
  -8.411474    37.0892835
  -8.4114635   37.0892509
  -8.4114558   37.0892407
  -8.4114474   37.0892351
  -8.4114288   37.0892316
  -8.411404    37.0892365
  -8.4113322   37.0892728
  -8.4112327   37.0893501
  -8.4112074   37.0893581
  -8.4111536   37.0893622
  -8.411059    37.0893615
  -8.4110528   37.0893184
  -8.4110444   37.0892932
  -8.4110301   37.0892707
  -8.411015    37.0892718
  -8.4109738   37.0892903
  -8.4109337   37.0893235
  -8.410876    37.089393
  -8.4106588   37.0894085
  -8.4102438   37.0894684
  -8.4098514   37.0895396
  -8.4098276   37.0895365
  -8.4098183   37.0895251
  -8.4098087   37.0894731
  -8.4097779   37.0894298
  -8.409758    37.0894184
  -8.4097349   37.0894189
  -8.4097151   37.0894294
  -8.4096803   37.08947
  -8.4096456   37.0894692
  -8.4095757   37.0894556
  -8.409551    37.0894568
  -8.4094783   37.0894825
  -8.4094355   37.089479
  -8.409322    37.0894459
  -8.4090969   37.0893355
  -8.4090517   37.089303
  -8.4090237   37.0892623
  -8.4089965   37.0891825
  -8.4089717   37.0891544
  -8.4089385   37.089139
  -8.4088989   37.089137
  -8.4087164   37.0891887
  -8.4086499   37.0891972
  -8.408585    37.0892
  -8.4084486   37.0892398
  -8.4083832   37.0892392
  -8.4083022   37.0892235
  -8.4081728   37.0891816
  -8.4081421   37.0891788
  -8.4081184   37.0891847
  -8.4080795   37.0892209
  -8.4079893   37.0892233
  -8.4079762   37.0892344
  -8.4079725   37.0892582
  -8.4079802   37.0892859
  -8.408004    37.0893332
  -8.4080344   37.0893716
  -8.4080867   37.0894104
  -8.4082069   37.0894754
  -8.4082432   37.0894877
  -8.4082471   37.0894951
  -8.408241    37.089504
  -8.4082202   37.0895152
  -8.4081966   37.0895188
  -8.4080908   37.0894855
  -8.4080606   37.089493
  -8.4078417   37.089602
  -8.4076447   37.0896803
  -8.4075089   37.0897172
  -8.4074021   37.089752
  -8.407245    37.0897961
  -8.4071343   37.0898212
  -8.4068617   37.0898677
  -8.4066256   37.0899005
  -8.4063132   37.089932
  -8.4061998   37.0899381
  -8.4060997   37.0899366
  -8.4060765   37.0899256
  -8.4060556   37.0899071
  -8.4060452   37.0898805
  -8.4060348   37.0897394
  -8.4060253   37.0897006
  -8.4060004   37.0896473
  -8.4059772   37.0896106
  -8.4059496   37.0895983
  -8.4059177   37.0895957
  -8.405866    37.0896011
  -8.4058358   37.0896188
  -8.4058151   37.0896462
  -8.4058001   37.0897174
  -8.4057885   37.089728
  -8.4057414   37.0897258
  -8.4056596   37.0896953
  -8.4055824   37.0896731
  -8.4053895   37.0896445
  -8.4053571   37.0896339
  -8.4053319   37.0896205
  -8.4053059   37.089603
  -8.4053026   37.0895876
  -8.4053151   37.0895051
  -8.40531     37.0894882
  -8.4052028   37.0892994
  -8.4051746   37.0892837
  -8.4050948   37.0892964
  -8.4049185   37.0892996
  -8.4048026   37.0893324
  -8.4047136   37.0893516
  -8.4046401   37.0893543
  -8.4044349   37.0893508
  -8.404353    37.0893561
  -8.4042956   37.0893724
  -8.4041795   37.0894262
  -8.4041226   37.0894637
  -8.4040902   37.0894765
  -8.4039874   37.0895069
  -8.4039702   37.089522
  -8.4039611   37.0895435
  -8.4039582   37.0896132
  -8.403949    37.089618
  -8.4038934   37.0896221
  -8.4038538   37.0896701
  -8.4038304   37.0897211
  -8.4038183   37.0897709
  -8.4038238   37.0898086
  -8.4038198   37.0898188
  -8.4038088   37.0898258
  -8.403793    37.0898243
  -8.4037459   37.0898032
  -8.403604    37.0897925
  -8.4034038   37.0897576
  -8.4033462   37.0897423
  -8.4033028   37.0897231
  -8.4032698   37.089699
  -8.4032538   37.0896807
  -8.4031536   37.089514
  -8.4030573   37.0893928
  -8.4030491   37.0893928
  -8.4030384   37.0894682
  -8.403002    37.0895159
  -8.4029202   37.0896097
  -8.4028576   37.0896658
  -8.4028138   37.08969
  -8.4026907   37.0897936
  -8.402674    37.0898332
  -8.4026712   37.0898573
  -8.4026883   37.0899083
  -8.4027141   37.0899654
  -8.4027109   37.0899807
  -8.4027001   37.0900001
  -8.4026638   37.090041
  -8.4026574   37.0900402
  -8.4026487   37.09003
  -8.4026252   37.089969
  -8.4026017   37.0898884
  -8.4025383   37.0897454
  -8.4024989   37.0896887
  -8.4024779   37.0896666
  -8.4024252   37.0896338
  -8.402397    37.089628
  -8.4023837   37.0896302
  -8.4023378   37.0896977
  -8.4022936   37.0897897
  -8.4022678   37.0898291
  -8.4022465   37.0898532
  -8.4021963   37.0898662
  -8.4021913   37.0898819
  -8.4021816   37.0899815
  -8.4021642   37.0900261
  -8.4021643   37.0900484
  -8.4021758   37.0900784
  -8.4022507   37.0902166
  -8.4022682   37.0902539
  -8.4022697   37.0902707
  -8.4023099   37.0903108
  -8.4023845   37.0903545
  -8.4024016   37.0903721
  -8.4023303   37.0904189
  -8.4021873   37.0905025
  -8.4020815   37.0905519
  -8.4020428   37.0905637
  -8.4019919   37.0904623
  -8.4019711   37.0903792
  -8.401961    37.0903561
  -8.4019408   37.0903346
  -8.4019275   37.0903314
  -8.4019116   37.0903321
  -8.4018861   37.0903413
  -8.4018679   37.0903534
  -8.4018324   37.0904002
  -8.4017654   37.0904527
  -8.4016768   37.09053
  -8.4016363   37.0905667
  -8.4016127   37.0905948
  -8.4015347   37.0907011
  -8.4015207   37.0907367
  -8.4015041   37.0908132
  -8.4014981   37.090818
  -8.4014762   37.0908122
  -8.4014384   37.0907844
  -8.4013383   37.0907596
  -8.4012724   37.0907485
  -8.4012349   37.0907351
  -8.4011836   37.0907086
  -8.4011161   37.0906956
  -8.4010614   37.0906947
  -8.4009693   37.09068
  -8.400914    37.0906633
  -8.4008626   37.0906536
  -8.4007067   37.090639
  -8.400654    37.0906286
  -8.4006338   37.0906171
  -8.4006193   37.0905825
  -8.400615    37.0905545
  -8.4006229   37.0905174
  -8.4006478   37.0904532
  -8.4006715   37.0904068
  -8.4007149   37.0902747
  -8.4007279   37.0902481
  -8.4007458   37.0902365
  -8.4007617   37.0902325
  -8.400821    37.0902711
  -8.400948    37.0903228
  -8.4009712   37.0903227
  -8.4009983   37.0903108
  -8.4010134   37.0902991
  -8.4010521   37.0902285
  -8.4010505   37.0902054
  -8.401044    37.0901915
  -8.401023    37.0901846
  -8.4009675   37.0901767
  -8.400935    37.0901773
  -8.4009141   37.0901624
  -8.4008903   37.0901548
  -8.4008823   37.0901578
  -8.4008824   37.0901682
  -8.4008737   37.0901688
  -8.400738    37.0901298
  -8.4007177   37.0901154
  -8.400709    37.0900928
  -8.4007067   37.0900483
  -8.4007143   37.0899493
  -8.4007092   37.0899383
  -8.400694    37.0899308
  -8.4006566   37.0899216
  -8.4005689   37.0899104
  -8.4004621   37.0899095
  -8.4004225   37.0899188
  -8.4003901   37.0899368
  -8.4002798   37.0900771
  -8.4002719   37.0900928
  -8.400272    37.0901032
  -8.400285    37.0901246
  -8.4002593   37.0901882
  -8.4002516   37.0902518
  -8.4002793   37.0903371
  -8.400323    37.0904405
  -8.4003384   37.0905125
  -8.4003446   37.0905462
  -8.4003441   37.0905884
  -8.4003315   37.0906335
  -8.4000719   37.0907498
  -8.3998539   37.0908753
  -8.3998046   37.0909
  -8.3997117   37.0909355
  -8.3995522   37.0909754
  -8.3995404   37.0909329
  -8.399504    37.0908605
  -8.3994039   37.0907491
  -8.3993431   37.0906638
  -8.3992984   37.090613
  -8.3992634   37.0905848
  -8.3991821   37.0905005
  -8.3990856   37.0904272
  -8.3990574   37.0904153
  -8.3990314   37.0904149
  -8.3990001   37.0904228
  -8.398853    37.0904812
  -8.3988441   37.0904902
  -8.3988327   37.0905315
  -8.3988176   37.0905604
  -8.3988058   37.0905676
  -8.3987426   37.0905597
  -8.3987011   37.0905644
  -8.3986579   37.0905804
  -8.3985911   37.0906253
  -8.3985547   37.0906404
  -8.3985121   37.0906508
  -8.3984746   37.0906551
  -8.39841     37.0906491
  -8.3983301   37.0906143
  -8.3982548   37.0905637
  -8.3982422   37.090551
  -8.3982384   37.0905195
  -8.398229    37.0905073
  -8.3982038   37.0904896
  -8.3981092   37.0904499
  -8.3980156   37.0903996
  -8.3979683   37.0903832
  -8.3978849   37.090363
  -8.3978509   37.0903471
  -8.3978238   37.0903295
  -8.3977722   37.0902767
  -8.3977447   37.0902608
  -8.397719    37.0902586
  -8.3976578   37.0902658
  -8.3975476   37.0902877
  -8.3974759   37.0902939
  -8.3974558   37.0903026
  -8.3974442   37.0903125
  -8.3974323   37.0903279
  -8.3974281   37.0903469
  -8.3974278   37.0903604
  -8.3974453   37.0904028
  -8.3974523   37.0905242
  -8.3974474   37.0905658
  -8.3974378   37.0905882
  -8.3974054   37.0906304
  -8.3973628   37.0906703
  -8.3973437   37.0906807
  -8.3972609   37.0907087
  -8.3972337   37.0907168
  -8.3971999   37.0907195
  -8.3971778   37.0907164
  -8.3971551   37.0907063
  -8.3971391   37.0906913
  -8.3971083   37.0906198
  -8.3970934   37.0906001
  -8.3970703   37.0905805
  -8.396985    37.0905426
  -8.3969531   37.0905344
  -8.3968962   37.0905296
  -8.3967717   37.0905264
  -8.3967377   37.0905185
  -8.3966889   37.0904992
  -8.3966386   37.0904694
  -8.3965892   37.0904521
  -8.3965245   37.0904319
  -8.3964996   37.0904354
  -8.3964213   37.0905342
  -8.396361    37.0905855
  -8.3963273   37.0906551
  -8.3963074   37.0907452
  -8.3963079   37.0907768
  -8.396347    37.09086
  -8.3963533   37.0909013
  -8.3963501   37.090921
  -8.3963318   37.090955
  -8.3963236   37.0909628
  -8.3963156   37.0909637
  -8.3962817   37.0909536
  -8.3962062   37.0909561
  -8.396165    37.0909653
  -8.3961219   37.0909828
  -8.3960963   37.0909985
  -8.3960224   37.0910557
  -8.3959486   37.0910972
  -8.3958526   37.091138
  -8.3957338   37.091201
  -8.3956871   37.0912305
  -8.3956716   37.091245
  -8.3956595   37.0912653
  -8.3956469   37.0912902
  -8.3956453   37.0913426
  -8.3956795   37.0914301
  -8.3956883   37.0914658
  -8.3956866   37.0915006
  -8.3956914   37.0915215
  -8.39571     37.0915576
  -8.3957625   37.0916279
  -8.3958154   37.0917116
  -8.3958166   37.0917259
  -8.3958113   37.0917398
  -8.3957684   37.0917705
  -8.3957479   37.0917801
  -8.3956956   37.0917915
  -8.3956415   37.0918104
  -8.3956132   37.0918279
  -8.3955871   37.0918384
  -8.3955061   37.0918591
  -8.3953709   37.0919127
  -8.3953526   37.0919167
  -8.3953384   37.0919145
  -8.3953153   37.0918971
  -8.3953029   37.0918818
  -8.3952534   37.0917444
  -8.3952417   37.0916843
  -8.3952198   37.0916326
  -8.3952039   37.0915728
  -8.3951701   37.0915064
  -8.3951574   37.0914723
  -8.3951172   37.0914373
  -8.3950745   37.0913892
  -8.3950614   37.0913809
  -8.3949369   37.0913198
  -8.3948112   37.0912816
  -8.3948028   37.091283
  -8.3947837   37.091351
  -8.3947706   37.0915025
  -8.3947816   37.0915922
  -8.3947925   37.0916346
  -8.3947963   37.0916763
  -8.3948068   37.0917109
  -8.3948111   37.0917662
  -8.3948253   37.0918168
  -8.3948272   37.0918413
  -8.3947957   37.091906
  -8.3947051   37.0920454
  -8.3946417   37.0921563
  -8.3945831   37.0922946
  -8.3945767   37.0923226
  -8.3945736   37.0923819
  -8.3945828   37.0924131
  -8.3945834   37.0924843
  -8.3945279   37.092588
  -8.394523    37.0926359
  -8.394526    37.0926628
  -8.39452     37.0926848
  -8.3944992   37.0927204
  -8.3943916   37.0927963
  -8.3943103   37.0928382
  -8.3942205   37.0928955
  -8.3941503   37.092933
  -8.3941294   37.0929394
  -8.3940285   37.0929893
  -8.3939593   37.0930079
  -8.3939311   37.0930094
  -8.3938828   37.0930095
  -8.3937172   37.0929977
  -8.3936894   37.0929915
  -8.3935981   37.0929513
  -8.3935559   37.0929378
  -8.3935367   37.0929289
  -8.393522    37.0929165
  -8.3934973   37.0928902
  -8.3934616   37.0928381
  -8.393431    37.0926615
  -8.3933878   37.0925305
  -8.3933721   37.0924887
  -8.393313    37.0923986
  -8.3932952   37.0923494
  -8.3932615   37.0923055
  -8.3932319   37.0922844
  -8.3931744   37.0922188
  -8.3931481   37.0921982
  -8.3931275   37.0921887
  -8.3931026   37.0921815
  -8.3930892   37.0921816
  -8.3930733   37.0921859
  -8.3930572   37.0921972
  -8.3930353   37.0922528
  -8.3930418   37.0924325
  -8.3930884   37.0926591
  -8.3931178   37.0927058
  -8.3931737   37.0927611
  -8.3931879   37.092788
  -8.3931862   37.0928561
  -8.3931813   37.0928772
  -8.3931669   37.0929116
  -8.3931324   37.0929682
  -8.3930239   37.093085
  -8.3929789   37.0931219
  -8.3929293   37.0931607
  -8.3928179   37.0932252
  -8.3927971   37.0932336
  -8.3927005   37.0932706
  -8.3925977   37.0933038
  -8.3924996   37.0933289
  -8.3924263   37.0933521
  -8.3923354   37.0933678
  -8.3922408   37.0933903
  -8.3921793   37.0933994
  -8.3920402   37.0934139
  -8.3920089   37.0934128
  -8.3919843   37.0934066
  -8.3919692   37.0933971
  -8.3919492   37.0933627
  -8.3919303   37.0932957
  -8.3919033   37.0932338
  -8.3918367   37.0929985
  -8.3918105   37.0929007
  -8.3917993   37.0928258
  -8.3917826   37.0927769
  -8.3917558   37.0927274
  -8.3917453   37.0927184
  -8.3917236   37.092721
  -8.3917039   37.0927483
  -8.3917006   37.0928253
  -8.3917058   37.0928728
  -8.3917339   37.0929812
  -8.391744    37.0930016
  -8.3917553   37.0930128
  -8.3917864   37.0930281
  -8.3917892   37.0930334
  -8.3918048   37.0931535
  -8.3918031   37.0931626
  -8.3917972   37.0931633
  -8.3917016   37.0931338
  -8.3916673   37.093137
  -8.3916551   37.0931351
  -8.3916026   37.093113
  -8.3915452   37.0931002
  -8.391505    37.0930754
  -8.3914645   37.0930296
  -8.3914444   37.0929761
  -8.3914118   37.0929255
  -8.3913457   37.0928718
  -8.3913017   37.0928223
  -8.3912488   37.0927462
  -8.3911956   37.0927016
  -8.3911431   37.0926376
  -8.3910601   37.0925018
  -8.3910341   37.0924767
  -8.3909943   37.0924675
  -8.3909721   37.0924699
  -8.3909306   37.0924899
  -8.3908831   37.0925545
  -8.3908699   37.0925866
  -8.3908599   37.0926376
  -8.390872    37.0926913
  -8.3908685   37.0927127
  -8.3907881   37.0928154
  -8.390762    37.0928732
  -8.3907521   37.0929543
  -8.3907471   37.092967
  -8.3907279   37.0932393
  -8.3907208   37.0932826
  -8.3907098   37.0933236
  -8.3906563   37.0934511
  -8.3905569   37.0936427
  -8.3905409   37.0936825
  -8.3905184   37.0937585
  -8.3905005   37.0937975
  -8.3904851   37.0939341
  -8.3904885   37.093957
  -8.390503    37.0939917
  -8.3905458   37.0940619
  -8.3906576   37.094201
  -8.3906679   37.0942545
  -8.3906737   37.0942658
  -8.3906805   37.0942715
  -8.3907064   37.0942763
  -8.3907122   37.0942815
  -8.3907216   37.0943118
  -8.3907237   37.0943684
  -8.3907317   37.0943872
  -8.3907535   37.0944117
  -8.390791    37.0944244
  -8.3908276   37.0944252
  -8.3908377   37.094438
  -8.3908422   37.0944764
  -8.3908292   37.0944935
  -8.3908253   37.0945079
  -8.3908248   37.0945652
  -8.3908438   37.0946002
  -8.3909034   37.0946791
  -8.3909059   37.0946933
  -8.3909009   37.0947147
  -8.3909484   37.0947648
  -8.391011    37.0948187
  -8.3910662   37.0948577
  -8.3910785   37.0948611
  -8.3911058   37.0948586
  -8.3911156   37.0948611
  -8.391134    37.0948758
  -8.3909132   37.0950504
  -8.3908981   37.095048
  -8.3908497   37.0950231
  -8.3908137   37.0950121
  -8.3907697   37.0950063
  -8.3906959   37.0950124
  -8.3906515   37.0950209
  -8.3906105   37.095035
  -8.3904885   37.0951014
  -8.3904434   37.0951162
  -8.3903906   37.0951175
  -8.3903074   37.0951123
  -8.3902674   37.0951136
  -8.3902138   37.0951219
  -8.3901881   37.0951307
  -8.3900579   37.0951921
  -8.3900053   37.0952231
  -8.3899747   37.0952506
  -8.3899523   37.0952833
  -8.3899393   37.0953527
  -8.3899493   37.095502
  -8.3899374   37.0955202
  -8.3899295   37.0955436
  -8.3899099   37.0955675
  -8.3898821   37.095592
  -8.3898095   37.0956291
  -8.3896807   37.0956788
  -8.3895309   37.0957293
  -8.3892903   37.0958215
  -8.3890612   37.0958898
  -8.3890042   37.0959149
  -8.3888518   37.0959725
  -8.3884699   37.0960977
  -8.3882842   37.0961691
  -8.3882227   37.0961893
  -8.3881576   37.0962044
  -8.388064    37.0962196
  -8.3878897   37.0962364
  -8.3877059   37.0962332
  -8.3876149   37.0962548
  -8.3874673   37.096308
  -8.3874066   37.0963245
  -8.3873781   37.0963282
  -8.3871955   37.0963356
  -8.3869947   37.096336
  -8.3867856   37.0963329
  -8.3866714   37.0963245
  -8.3866267   37.0963237
  -8.3866071   37.0963233
  -8.3865741   37.0963155
  -8.3865427   37.0962891
  -8.3865239   37.0962505
  -8.3865168   37.0962167
  -8.3865184   37.0961409
  -8.3865448   37.0960385
  -8.3865507   37.0959445
  -8.3865353   37.0956625
  -8.3865067   37.0953526
  -8.3865031   37.0953461
  -8.3864959   37.0953433
  -8.3864335   37.0953334
  -8.3863969   37.0953192
  -8.3863665   37.0953178
  -8.3863442   37.0953293
  -8.3863355   37.0953593
  -8.3863427   37.0954036
  -8.3863378   37.095546
  -8.3863443   37.0956225
  -8.3863378   37.0957201
  -8.386246    37.0959901
  -8.3862389   37.096023
  -8.3862357   37.0961106
  -8.3862393   37.0961487
  -8.3862637   37.0962415
  -8.3862915   37.0962971
  -8.3863309   37.0963607
  -8.3863919   37.0964256
  -8.3864098   37.096471
  -8.3864171   37.0965118
  -8.3864243   37.0965296
  -8.3864441   37.0965546
  -8.3864503   37.0965724
  -8.386454    37.0965932
  -8.3864513   37.0966118
  -8.3864434   37.0966318
  -8.3864195   37.0966538
  -8.3863767   37.0966746
  -8.3858931   37.0968541
  -8.3855222   37.0969644
  -8.3853984   37.096994
  -8.3851487   37.0970417
  -8.3850087   37.0970781
  -8.384895    37.0970926
  -8.3848441   37.097091
  -8.3848342   37.0970849
  -8.384814    37.0970263
  -8.384793    37.0968782
  -8.3847551   37.0967294
  -8.3847556   37.0966057
  -8.3847525   37.0965963
  -8.3847126   37.0965506
  -8.3846992   37.0965241
  -8.3846924   37.0964874
  -8.3846954   37.096446
  -8.3846924   37.0964177
  -8.3846863   37.0964135
  -8.3846493   37.0964053
  -8.3845873   37.0963574
  -8.3845431   37.0963303
  -8.3845234   37.0963261
  -8.3845025   37.0963285
  -8.3844476   37.0963519
  -8.3844259   37.096367
  -8.3843705   37.0964214
  -8.3843612   37.0964392
  -8.384359    37.0964625
  -8.3843671   37.0964822
  -8.3843935   37.096505
  -8.3844967   37.0965733
  -8.384508    37.0965987
  -8.3845063   37.0966336
  -8.384473    37.0966823
  -8.3844388   37.0967087
  -8.3843805   37.0967373
  -8.3843243   37.0967507
  -8.3843092   37.0967625
  -8.3842963   37.0967809
  -8.3842839   37.0968119
  -8.384277    37.0968605
  -8.3842576   37.0969058
  -8.3842484   37.0969513
  -8.3842097   37.0969931
  -8.3841907   37.097031
  -8.3841707   37.0970514
  -8.3841448   37.0970633
  -8.3840959   37.0970684
  -8.3840571   37.0970641
  -8.384003    37.0970468
  -8.3839348   37.0970112
  -8.3839222   37.0969926
  -8.3839062   37.0969513
  -8.3838901   37.0969381
  -8.3838726   37.0969338
  -8.3838566   37.0969371
  -8.3838339   37.0969521
  -8.3837955   37.0970112
  -8.3837768   37.0970172
  -8.3837483   37.0970159
  -8.3837375   37.0970073
  -8.3837263   37.0969806
  -8.383715    37.0969666
  -8.383658    37.0969546
  -8.3836127   37.0969085
  -8.3835909   37.0969055
  -8.3835461   37.0969468
  -8.3835252   37.0969569
  -8.383457    37.0969581
  -8.3834177   37.0969638
  -8.3833821   37.0969754
  -8.3833602   37.0969937
  -8.3833387   37.0970191
  -8.3833284   37.0970409
  -8.3833263   37.0970569
  -8.3833314   37.0971266
  -8.3833517   37.0971683
  -8.3833669   37.0971883
  -8.38345     37.0972622
  -8.3835023   37.0973017
  -8.3835541   37.097333
  -8.3835832   37.0973583
  -8.3835883   37.0973751
  -8.383586    37.097383
  -8.3835554   37.0974129
  -8.3835176   37.0974313
  -8.3834747   37.0974403
  -8.3834475   37.0974404
  -8.383427    37.0974321
  -8.3834118   37.0974186
  -8.3833889   37.09737
  -8.3833674   37.097349
  -8.3833295   37.0973222
  -8.3833099   37.09723
  -8.3832983   37.0972139
  -8.3832733   37.0972039
  -8.3832519   37.0972047
  -8.3832175   37.0972212
  -8.3831848   37.0972301
  -8.383166    37.0972688
  -8.3831211   37.0973007
  -8.3831045   37.0973037
  -8.3830594   37.0972955
  -8.3830313   37.0972977
  -8.3830041   37.0973146
  -8.3829851   37.0973325
  -8.3829368   37.0973893
  -8.3829244   37.0974179
  -8.3829195   37.0974451
  -8.3829299   37.0975015
  -8.3829614   37.0975673
  -8.3829619   37.0975813
  -8.3829396   37.0975957
  -8.3829182   37.097601
  -8.3828282   37.0975927
  -8.3827962   37.0976178
  -8.382785    37.0976312
  -8.3827692   37.097666
  -8.3827689   37.097705
  -8.3828158   37.0977983
  -8.3828276   37.0978598
  -8.3828176   37.097909
  -8.3827892   37.097977
  -8.3827724   37.0980022
  -8.382743    37.0980292
  -8.3827083   37.0980425
  -8.3826691   37.0980522
  -8.3824619   37.0980851
  -8.382423    37.0980994
  -8.3823697   37.0981323
  -8.3823318   37.0981353
  -8.3822556   37.098117
  -8.3821782   37.0980639
  -8.3821495   37.098026
  -8.3820791   37.0978866
  -8.3820625   37.0978708
  -8.3820419   37.0978677
  -8.3820237   37.0978716
  -8.3819594   37.0979111
  -8.3819313   37.0979187
  -8.3819031   37.0979145
  -8.3818579   37.0978731
  -8.3818445   37.0978742
  -8.381821    37.0979107
  -8.3818211   37.0979483
  -8.3819056   37.0981042
  -8.3819374   37.098137
  -8.3819637   37.0981725
  -8.3819854   37.0982295
  -8.3819945   37.0982889
  -8.3819897   37.0983085
  -8.3819635   37.0983315
  -8.3819264   37.0983519
  -8.3818744   37.0983729
  -8.3814975   37.0985002
  -8.381389    37.0985314
  -8.3810809   37.0986078
  -8.3809083   37.0986435
  -8.3808223   37.0986518
  -8.3807167   37.0986544
  -8.3805459   37.0986487
  -8.3803097   37.0986563
  -8.3800676   37.0986491
  -8.3798281   37.0986546
  -8.3796745   37.0986774
  -8.3796063   37.0987014
  -8.3795247   37.0987227
  -8.3794672   37.0987515
  -8.3794468   37.0987579
  -8.3794191   37.0987598
  -8.3794031   37.0987569
  -8.3793513   37.0987177
  -8.3792167   37.0985824
  -8.3791689   37.0985216
  -8.379142    37.0984766
  -8.3790241   37.0982189
  -8.378987    37.0981479
  -8.3789267   37.0979959
  -8.3789133   37.097972
  -8.3789065   37.0979674
  -8.3788789   37.0979617
  -8.3788601   37.0979621
  -8.3787866   37.0979734
  -8.3787215   37.0979778
  -8.3786626   37.0979939
  -8.3785949   37.0980295
  -8.3785699   37.0980359
  -8.3785516   37.0980322
  -8.3785221   37.0980058
  -8.3785112   37.0980003
  -8.3784988   37.0979998
  -8.3784838   37.0980074
  -8.3784491   37.0980592
  -8.3784389   37.0980671
  -8.3783469   37.0980822
  -8.3782782   37.0980895
  -8.3781962   37.0980915
  -8.3781814   37.0980854
  -8.3781608   37.0980612
  -8.3781476   37.0980576
  -8.3781271   37.0980598
  -8.378063    37.09808
  -8.3780376   37.0980786
  -8.3780067   37.0980697
  -8.3779942   37.0980695
  -8.3779685   37.0980797
  -8.3779342   37.0981023
  -8.377808    37.0982068
  -8.3777584   37.0982575
  -8.3777385   37.098293
  -8.377739    37.0983335
  -8.377757    37.0984006
  -8.377775    37.0984364
  -8.3778074   37.0984821
  -8.3778095   37.0984996
  -8.3777574   37.0986085
  -8.3776535   37.098882
  -8.3776603   37.0988971
  -8.3776884   37.0989302
  -8.3777979   37.0990413
  -8.3778544   37.0991107
  -8.37787     37.0991423
  -8.3778714   37.0991516
  -8.3778639   37.0991724
  -8.3778447   37.0991888
  -8.3778105   37.0992
  -8.3777308   37.0992097
  -8.3776916   37.099201
  -8.3776338   37.0991547
  -8.377569    37.0990566
  -8.3775207   37.0989989
  -8.3775041   37.0989895
  -8.3774937   37.0989905
  -8.3774761   37.0990101
  -8.3774553   37.0990659
  -8.3774533   37.0991408
  -8.3774639   37.0992075
  -8.3775187   37.099342
  -8.3775486   37.0993877
  -8.3776186   37.0994321
  -8.377633    37.099465
  -8.3776537   37.0994917
  -8.3777674   37.0995707
  -8.377775    37.099587
  -8.3777729   37.0996217
  -8.3777347   37.0996724
  -8.377677    37.0997156
  -8.3776063   37.0997576
  -8.3774491   37.0998294
  -8.3773196   37.099871
  -8.3771467   37.0999165
  -8.3770742   37.099924
  -8.3768891   37.0999634
  -8.3768047   37.0999767
  -8.3766938   37.0999715
  -8.3765887   37.0999735
  -8.3763444   37.099993
  -8.3762735   37.099994
  -8.3761762   37.0999767
  -8.3760371   37.0999347
  -8.3759796   37.0999258
  -8.3759512   37.0999251
  -8.3759048   37.0999311
  -8.3758117   37.0999649
  -8.375733    37.0999823
  -8.3756919   37.1000108
  -8.3756705   37.1000212
  -8.3756068   37.1000428
  -8.3755758   37.1000443
  -8.3755333   37.100034
  -8.3754942   37.100038
  -8.3754775   37.1000456
  -8.3754685   37.1000562
  -8.3754645   37.1001048
  -8.3754592   37.1001206
  -8.3753863   37.1002514
  -8.3753864   37.1003009
  -8.3754076   37.1003555
  -8.3754032   37.1003735
  -8.3753738   37.1004127
  -8.3753505   37.1004263
  -8.375325    37.1004293
  -8.3753092   37.100425
  -8.37528     37.1004075
  -8.3752617   37.100401
  -8.3751899   37.1003997
  -8.3751687   37.1004041
  -8.3751219   37.1004296
  -8.3750664   37.1004456
  -8.3750472   37.1004585
  -8.3750339   37.1004919
  -8.3750335   37.1005055
  -8.3750511   37.1005475
  -8.3750531   37.1005572
  -8.3750493   37.100563
  -8.3748197   37.1006493
  -8.3747936   37.1006684
  -8.374778    37.1006746
  -8.3747625   37.1006715
  -8.3747344   37.1006414
  -8.3747144   37.1006272
  -8.3746933   37.1006211
  -8.3746603   37.1006205
  -8.3746258   37.1006314
  -8.3745474   37.1007069
  -8.374538    37.1007098
  -8.3745297   37.1007081
  -8.3745149   37.1006894
  -8.3745102   37.1006675
  -8.3745188   37.1006448
  -8.3745347   37.1005716
  -8.3745333   37.1005497
  -8.374504    37.1005005
  -8.3744672   37.1004664
  -8.374451    37.1004621
  -8.3744336   37.1004661
  -8.3744224   37.100477
  -8.374394    37.1005636
  -8.3743704   37.1006068
  -8.3743598   37.1006095
  -8.3743541   37.1006054
  -8.3743505   37.1005867
  -8.3743522   37.1005597
  -8.3743436   37.1005389
  -8.3743198   37.100512
  -8.3743002   37.1005115
  -8.374292    37.100522
  -8.3742836   37.1005552
  -8.3742581   37.1005981
  -8.3742243   37.1006328
  -8.3742081   37.1006437
  -8.3741759   37.1006563
  -8.3740943   37.1006791
  -8.3739048   37.1007046
  -8.373804    37.1007226
  -8.3736924   37.100748
  -8.3734172   37.1007848
  -8.3733136   37.1007933
  -8.3732925   37.1007919
  -8.3732673   37.1007811
  -8.3732141   37.1007364
  -8.3731564   37.1006509
  -8.373138    37.1006319
  -8.3731159   37.100618
  -8.3731002   37.1006189
  -8.3730859   37.1006338
  -8.373077    37.1006695
  -8.3730769   37.1007182
  -8.3730689   37.100746
  -8.3730559   37.1007575
  -8.3730358   37.1007626
  -8.3730106   37.100759
  -8.3729778   37.1007404
  -8.3729085   37.1006648
  -8.3728802   37.1006415
  -8.3728537   37.1006347
  -8.3728317   37.1006351
  -8.3727805   37.1006439
  -8.3727608   37.1006525
  -8.3726379   37.10073
  -8.3726196   37.1007459
  -8.3725924   37.1007929
  -8.3725845   37.1008437
  -8.3725847   37.1009183
  -8.3725943   37.1009431
  -8.37261     37.1009481
  -8.3726212   37.1009478
  -8.3727066   37.1009355
  -8.3727294   37.1009376
  -8.3727443   37.1009477
  -8.3727602   37.1009717
  -8.372762    37.1009868
  -8.372749    37.1010031
  -8.3726734   37.1010276
  -8.3725323   37.1010854
  -8.37248     37.1010912
  -8.3724561   37.1010729
  -8.3724334   37.1010169
  -8.3724158   37.1009967
  -8.37232     37.1009514
  -8.3722593   37.1009395
  -8.3722469   37.1009512
  -8.3722434   37.1009689
  -8.3722628   37.1010346
  -8.3723466   37.1010942
  -8.3723644   37.1011226
  -8.3723571   37.10121
  -8.3723523   37.101224
  -8.3723393   37.1012392
  -8.3722895   37.1012518
  -8.372263    37.1012627
  -8.3722068   37.1012966
  -8.3721597   37.1013179
  -8.372079    37.1013388
  -8.3720508   37.1013407
  -8.3720131   37.1013375
  -8.3719461   37.1013125
  -8.3719251   37.1013108
  -8.3719064   37.1013209
  -8.3718925   37.1013339
  -8.371873    37.101376
  -8.371858    37.1013982
  -8.3718501   37.1013993
  -8.3717584   37.1013148
  -8.3717462   37.101309
  -8.3717265   37.1013093
  -8.3717175   37.1013149
  -8.3717095   37.1013291
  -8.3717223   37.1013992
  -8.3717169   37.1014089
  -8.371707    37.1014144
  -8.3716173   37.1014372
  -8.3715786   37.1014552
  -8.3715243   37.1014721
  -8.3714084   37.1015399
  -8.37121     37.1016278
  -8.3711594   37.1016456
  -8.3711208   37.1016542
  -8.3708559   37.1016893
  -8.3707563   37.1016898
  -8.3706378   37.1016802
  -8.3704941   37.1016557
  -8.3703726   37.1016449
  -8.3702714   37.1016062
  -8.370218    37.1016008
  -8.3701135   37.101601
  -8.3700352   37.101585
  -8.3700128   37.1015836
  -8.3699578   37.1015992
  -8.3698259   37.1016127
  -8.3695604   37.1016639
  -8.3694053   37.1016803
  -8.3693615   37.1016815
  -8.3684978   37.1016239
  -8.367429    37.101635
  -8.3666527   37.1016005
  -8.3655388   37.1014945
  -8.3626235   37.1009505
  -8.3599452   37.1006041
  -8.3588991   37.1004168
  -8.3581331   37.10022
  -8.3559944   37.0997645
  -8.3553638   37.0995944
  -8.3532809   37.0989401
  -8.3526957   37.098842
  -8.3522566   37.0987437
  -8.3521328   37.0986629
  -8.3520771   37.0986457
  -8.3505115   37.0981611
  -8.3499821   37.0979548
  -8.3478423   37.0970121
  -8.3467161   37.0965637
  -8.3451054   37.0957825
  -8.3428085   37.0950292
  -8.3423244   37.0948408
  -8.3415246   37.0944006
  -8.3399252   37.0936284
  -8.3394633   37.0933496
  -8.3387538   37.0930087
  -8.33783     37.0925142
  -8.3369067   37.0921559
  -8.3358593   37.0916525
  -8.3340239   37.0909258
  -8.3331229   37.0904493
  -8.3320194   37.0899919
  -8.3315575   37.089731
  -8.3307131   37.0893178
  -8.3295553   37.0886238
  -8.329426    37.0885231
  -8.3293374   37.0884443
  -8.3292716   37.0883615
  -8.329231    37.0882625
  -8.329193    37.0881958
  -8.3291474   37.0881433
  -8.329115    37.0881162
  -8.3290843   37.0880959
  -8.3289831   37.0880424
  -8.328802    37.0879533
  -8.3286907   37.0878889
  -8.3285994   37.0878281
  -8.3284619   37.0877217
  -8.3281686   37.0875409
  -8.3280356   37.0874434
  -8.3277386   37.0872483
  -8.3276201   37.0871735
  -8.3274877   37.0871035
  -8.3273205   37.0870054
  -8.3270791   37.0868369
  -8.3268358   37.0866753
  -8.3266631   37.0865262
  -8.3264038   37.0863528
  -8.3263118   37.0862744
  -8.3262458   37.0862286
  -8.3257464   37.0859597
  -8.3255944   37.0858853
  -8.3254183   37.0858119
  -8.3252725   37.0857427
  -8.3247764   37.0854509
  -8.3245913   37.0853334
  -8.3243777   37.0851858
  -8.3242524   37.0851054
  -8.3239406   37.0849154
  -8.3238589   37.0848769
  -8.323671    37.0847572
  -8.3236047   37.0847189
  -8.3232108   37.0845231
  -8.3230074   37.0844069
  -8.3225897   37.0841071
  -8.3223797   37.0839343
  -8.3220232   37.0836571
  -8.3217528   37.083488
  -8.3216091   37.0833765
  -8.3214537   37.0832663
  -8.3212697   37.0831085
  -8.321161    37.0830311
  -8.3210018   37.0829252
  -8.3208706   37.0828159
  -8.3207852   37.0827599
  -8.3206962   37.0827101
  -8.320529    37.082627
  -8.3202777   37.0825166
  -8.3200743   37.0823988
  -8.3196663   37.0821764
  -8.3195361   37.0821145
  -8.3193511   37.0820342
  -8.3191717   37.0819481
  -8.3190286   37.0818886
  -8.3190145   37.0818827
  -8.3189297   37.0818351
  -8.318805    37.0817573
  -8.3185027   37.0815568
  -8.3179757   37.0811668
  -8.3178606   37.0810752
  -8.3177404   37.0809647
  -8.3174212   37.0807001
  -8.3173266   37.0806284
  -8.3171469   37.0805183
  -8.3168636   37.0803589
  -8.3167177   37.0802665
  -8.3165302   37.080136
  -8.3163467   37.080018
  -8.3162066   37.0799168
  -8.3158346   37.0796734
  -8.3156593   37.0795358
  -8.3153374   37.0793085
  -8.3152177   37.0792303
  -8.3150315   37.0791212
  -8.3149122   37.0790466
  -8.3147562   37.0789434
  -8.3146863   37.0788857
  -8.3146454   37.0788577
  -8.3145731   37.0788208
  -8.314363    37.0787567
  -8.3143218   37.0787399
  -8.3142851   37.0787193
  -8.3139625   37.0784775
  -8.3136015   37.0782251
  -8.3133436   37.0780257
  -8.3132899   37.0779931
  -8.3132082   37.0779621
  -8.3131576   37.0779324
  -8.3130076   37.077803
  -8.3128346   37.0776829
  -8.3127764   37.0776534
  -8.3126608   37.077625
  -8.3124257   37.0775583
  -8.3122896   37.0775051
  -8.31224     37.0774771
  -8.3121722   37.0773979
  -8.3121601   37.0773892
  -8.3121207   37.0773866
  -8.3120462   37.0773638
  -8.3119872   37.0773353
  -8.3118992   37.0772826
  -8.311862    37.0772538
  -8.3118236   37.0772143
  -8.3118058   37.0771809
  -8.3117936   37.0771704
  -8.3117531   37.0771588
  -8.3115303   37.0771105
  -8.3114547   37.0770879
  -8.3113848   37.0770571
  -8.3111476   37.0769313
  -8.3110056   37.0768447
  -8.3109385   37.0767951
  -8.3108087   37.0766879
  -8.3107524   37.076651
  -8.3106798   37.07661
  -8.3106572   37.0765884
  -8.3106403   37.0765644
  -8.310633    37.0765213
  -8.3106225   37.0765028
  -8.3105852   37.0764777
  -8.3105452   37.0764624
  -8.3105254   37.0764444
  -8.3104895   37.0764205
  -8.3104797   37.076416
  -8.3104603   37.0764152
  -8.3104325   37.0764025
  -8.310314    37.0762993
  -8.310253    37.0762617
  -8.3101918   37.0762381
  -8.3101356   37.0762297
  -8.3100689   37.0762308
  -8.309993    37.0762524
  -8.3099376   37.0762537
  -8.3099043   37.0762469
  -8.3098645   37.0762327
  -8.309788    37.0761961
  -8.3096807   37.0761289
  -8.3095876   37.0760532
  -8.3095454   37.0759954
  -8.3095313   37.0759272
  -8.3095198   37.0758998
  -8.309493    37.0758929
  -8.3094342   37.075891
  -8.3093974   37.0758778
  -8.3093696   37.0758578
  -8.3093495   37.0758371
  -8.309316    37.0757692
  -8.3093037   37.0757603
  -8.3092423   37.0757372
  -8.3092298   37.075716
  -8.3092288   37.0756831
  -8.3092232   37.0756639
  -8.3092072   37.0756433
  -8.3091698   37.0756251
  -8.3091109   37.0756145
  -8.3090627   37.0755979
  -8.3089147   37.0755356
  -8.3089046   37.075531
  -8.3088827   37.0755205
  -8.30887     37.0755092
  -8.3088436   37.0754658
  -8.3088362   37.0754351
  -8.3088547   37.0754132
  -8.3089497   37.0753476
  -8.3089503   37.0753286
  -8.3089275   37.0752839
  -8.3089304   37.075267
  -8.3090138   37.0752323
  -8.3090405   37.0751942
  -8.3090437   37.0751813
  -8.3090353   37.0751637
  -8.3089927   37.0751304
  -8.3088929   37.0751177
  -8.3088392   37.075119
  -8.3088112   37.0751252
  -8.3086797   37.0752036
  -8.3086315   37.0752504
  -8.3085371   37.0753129
  -8.308515    37.0753221
  -8.308498    37.0753242
  -8.3084823   37.0753168
  -8.3084759   37.0753058
  -8.3084753   37.075294
  -8.3084809   37.0752858
  -8.3085395   37.0752192
  -8.3086052   37.0751642
  -8.3086468   37.0751201
  -8.3087193   37.075061
  -8.3087258   37.0750368
  -8.3087233   37.0750299
  -8.3087102   37.0750228
  -8.3086784   37.0750242
  -8.3085631   37.0750464
  -8.3084715   37.0750883
  -8.3083746   37.0751449
  -8.3083551   37.0751503
  -8.308311    37.075154
  -8.3082994   37.0751456
  -8.3083035   37.0751356
  -8.3083593   37.075105
  -8.30837     37.0750885
  -8.308366    37.0750762
  -8.3083597   37.0750726
  -8.3082026   37.0750945
  -8.3081813   37.0751002
  -8.3081665   37.0751194
  -8.3081633   37.075137
  -8.3081538   37.0751558
  -8.3081124   37.0752099
  -8.3081029   37.0752417
  -8.3081009   37.0752747
  -8.3081049   37.0753008
  -8.3081177   37.0753264
  -8.3081486   37.0753592
  -8.3081471   37.0753668
  -8.3081407   37.075372
  -8.30808     37.0753698
  -8.308068    37.0753668
  -8.308051    37.0753537
  -8.3080439   37.0753252
  -8.3080478   37.075271
  -8.3080411   37.0752181
  -8.3080278   37.0752024
  -8.3080143   37.0751939
  -8.3079803   37.0751893
  -8.3079648   37.075196
  -8.3079469   37.0752207
  -8.3079133   37.075302
  -8.3078925   37.0753198
  -8.3078728   37.0753287
  -8.307835    37.0753367
  -8.307711    37.0753501
  -8.307594    37.0753369
  -8.3075624   37.0753419
  -8.3074872   37.0753642
  -8.3073989   37.0753842
  -8.30735     37.0753907
  -8.3072742   37.0753908
  -8.3071418   37.075372
  -8.3069899   37.0753427
  -8.3069456   37.0753298
  -8.3067543   37.0752615
  -8.3067138   37.0752545
  -8.3065512   37.0752427
  -8.3064707   37.0752475
  -8.3063524   37.0752676
  -8.3062657   37.0752897
  -8.3062204   37.0752947
  -8.3061284   37.0752944
  -8.3060099   37.0752745
  -8.3059774   37.0752725
  -8.3059647   37.075268
  -8.3059468   37.0752541
  -8.3058988   37.0752044
  -8.3058766   37.0751936
  -8.3058535   37.0751917
  -8.3057211   37.0751967
  -8.3056302   37.0751881
  -8.3055815   37.0751797
  -8.3054501   37.0751379
  -8.3054343   37.0751287
  -8.3054063   37.0751029
  -8.3053948   37.0750777
  -8.3053782   37.0750198
  -8.3053702   37.0750086
  -8.3053564   37.0750019
  -8.3053086   37.0749911
  -8.30528     37.0749896
  -8.3052294   37.0749982
  -8.3051881   37.0750151
  -8.305129    37.0750198
  -8.3049952   37.074996
  -8.3049511   37.0749585
  -8.3049238   37.0749272
  -8.3049232   37.0749138
  -8.3049297   37.0749015
  -8.3050009   37.0748675
  -8.3051052   37.0748655
  -8.3051431   37.0748587
  -8.3051515   37.0748544
  -8.3051574   37.074836
  -8.3051471   37.0748072
  -8.3051315   37.0747984
  -8.3051068   37.0747964
  -8.3050203   37.0748075
  -8.3049411   37.0748106
  -8.304892    37.0748053
  -8.3048658   37.0747959
  -8.3048582   37.0747866
  -8.3048866   37.0747436
  -8.3048894   37.0747196
  -8.3048723   37.0746829
  -8.3048508   37.0746594
  -8.3048291   37.0746483
  -8.3048044   37.0746447
  -8.3047805   37.0746472
  -8.3047127   37.0746643
  -8.3046902   37.0746606
  -8.3045587   37.0745758
  -8.3045486   37.0745562
  -8.3045408   37.0745145
  -8.3045284   37.0744943
  -8.3044474   37.0744799
  -8.3044265   37.0744729
  -8.3043835   37.0744461
  -8.3042955   37.0743754
  -8.3042712   37.0743679
  -8.3041905   37.074364
  -8.304094    37.0743869
  -8.3040267   37.0744181
  -8.3039846   37.0744461
  -8.3039724   37.0744634
  -8.3039732   37.0744784
  -8.3039778   37.0744834
  -8.3040009   37.074494
  -8.3040607   37.0745079
  -8.304066    37.0745115
  -8.3040671   37.0745208
  -8.3040453   37.0745632
  -8.3040572   37.0745989
  -8.3040567   37.0746256
  -8.3040495   37.0746471
  -8.3040326   37.0746654
  -8.3040068   37.0746805
  -8.3039925   37.074685
  -8.3039717   37.0746818
  -8.3039463   37.0746647
  -8.3039355   37.0746459
  -8.3039344   37.07458
  -8.3039236   37.0745457
  -8.303893    37.0744973
  -8.3038889   37.0744423
  -8.303876    37.0743795
  -8.3038753   37.0743424
  -8.3038615   37.0743115
  -8.3038243   37.0742906
  -8.3037657   37.0742717
  -8.3037294   37.0742542
  -8.3036535   37.0741971
  -8.3036018   37.07415
  -8.3035725   37.0741478
  -8.3035005   37.0741716
  -8.303452    37.0741701
  -8.3033618   37.0741359
  -8.303272    37.0740857
  -8.3032609   37.0740665
  -8.3032618   37.0740418
  -8.3032677   37.0740243
  -8.3033047   37.0739626
  -8.3033148   37.0739283
  -8.3033162   37.073891
  -8.303313    37.0738829
  -8.3033034   37.0738758
  -8.3032813   37.073874
  -8.3032602   37.0738808
  -8.3032087   37.073917
  -8.3031834   37.0739299
  -8.303163    37.0739343
  -8.3031391   37.0739328
  -8.303071    37.0739058
  -8.3030303   37.0738846
  -8.3029692   37.0738407
  -8.3029462   37.0738175
  -8.3029338   37.0737875
  -8.3029405   37.073763
  -8.3029607   37.0737514
  -8.3030301   37.0737327
  -8.3030451   37.0737219
  -8.3030618   37.0736906
  -8.3030722   37.0736175
  -8.3030663   37.0736083
  -8.3030532   37.0735994
  -8.3029572   37.0735634
  -8.3029389   37.0735478
  -8.3029147   37.0735182
  -8.302846    37.0733901
  -8.3028114   37.0733115
  -8.3028071   37.0732846
  -8.3028097   37.0732466
  -8.3028374   37.0731584
  -8.3028396   37.0731372
  -8.3028225   37.0730945
  -8.3027878   37.0730415
  -8.3027557   37.073015
  -8.3026732   37.0729621
  -8.3025312   37.0729295
  -8.3024948   37.0729087
  -8.3024824   37.0728931
  -8.3024789   37.0728752
  -8.3025034   37.0728328
  -8.3025038   37.072822
  -8.3024941   37.0728125
  -8.3024775   37.0728095
  -8.3024224   37.0728234
  -8.3023698   37.072831
  -8.3023544   37.0728257
  -8.3023381   37.0728015
  -8.3023312   37.0727508
  -8.302299    37.0726951
  -8.3022769   37.0726681
  -8.3022479   37.0726468
  -8.3021923   37.072619
  -8.3021597   37.0726045
  -8.3021215   37.0725952
  -8.3020526   37.0725965
  -8.3019839   37.0726145
  -8.3019366   37.0726353
  -8.3019026   37.0726599
  -8.3018723   37.0726959
  -8.3018601   37.0727242
  -8.301861    37.0727344
  -8.3018877   37.0727754
  -8.3018909   37.0727868
  -8.3018864   37.0728091
  -8.3018787   37.0728236
  -8.3018547   37.0728451
  -8.3018136   37.0728657
  -8.3017714   37.0728791
  -8.3016591   37.072901
  -8.3016046   37.0729035
  -8.3015508   37.0728972
  -8.301501    37.0728864
  -8.3014682   37.0728715
  -8.3014354   37.072847
  -8.3013632   37.072772
  -8.301288    37.0727193
  -8.3012572   37.0726918
  -8.3012187   37.072633
  -8.3011812   37.0725547
  -8.3011681   37.0725373
  -8.3011494   37.0725239
  -8.3011297   37.072521
  -8.30108     37.0725304
  -8.3010319   37.0725298
  -8.3008573   37.0725618
  -8.3008137   37.0725724
  -8.3007874   37.0725827
  -8.3007617   37.0726059
  -8.3007457   37.0726274
  -8.3007451   37.072649
  -8.300754    37.0726727
  -8.3007714   37.0726981
  -8.3008031   37.0727282
  -8.300804    37.0727351
  -8.3007804   37.0727877
  -8.3007735   37.0728272
  -8.3007767   37.0728488
  -8.3008019   37.0729099
  -8.3007821   37.0729443
  -8.300757    37.0729684
  -8.3007372   37.0729801
  -8.3007046   37.0729866
  -8.3006595   37.0729846
  -8.300632    37.0729794
  -8.3003556   37.0728349
  -8.3003205   37.0728227
  -8.3002964   37.0728236
  -8.3001784   37.072855
  -8.3000167   37.0729149
  -8.2999598   37.0729399
  -8.2999255   37.0729624
  -8.2998926   37.0729937
  -8.2997831   37.0731234
  -8.2997291   37.073156
  -8.2996682   37.0731834
  -8.2996348   37.0731931
  -8.2994369   37.0732265
  -8.2993462   37.0732294
  -8.299276    37.0732238
  -8.2991459   37.0731994
  -8.2989922   37.0731601
  -8.2988768   37.073109
  -8.2987475   37.0730036
  -8.2985974   37.0728929
  -8.2984628   37.0727837
  -8.2984313   37.0727477
  -8.2984267   37.0727211
  -8.2984354   37.0726889
  -8.2984748   37.0726047
  -8.2984668   37.0725455
  -8.2984745   37.0724821
  -8.2985018   37.0723615
  -8.2985039   37.0723429
  -8.2984999   37.0723326
  -8.2984876   37.0723272
  -8.2984178   37.0723432
  -8.2983717   37.0723452
  -8.2983444   37.0723408
  -8.2983211   37.0723309
  -8.2982923   37.0723084
  -8.2982854   37.0722639
  -8.29826     37.072208
  -8.2982299   37.0721868
  -8.2982084   37.0721786
  -8.2981652   37.0721774
  -8.298119    37.0721819
  -8.2981019   37.0721784
  -8.2980633   37.0721515
  -8.2980112   37.0720952
  -8.2979992   37.0720871
  -8.2979921   37.0720873
  -8.2979162   37.072106
  -8.2978526   37.0721328
  -8.2977974   37.0721684
  -8.2977326   37.0722288
  -8.2976975   37.0722747
  -8.2976694   37.0723203
  -8.2976314   37.0724089
  -8.2976179   37.0724511
  -8.2976089   37.0725025
  -8.2976102   37.0725979
  -8.2976057   37.0726261
  -8.2975833   37.0726751
  -8.2975509   37.0727254
  -8.2974982   37.0727767
  -8.2973943   37.0728478
  -8.2972511   37.072955
  -8.2971691   37.0729903
  -8.2970696   37.0730183
  -8.2970174   37.0730367
  -8.2970055   37.0730448
  -8.2969477   37.0731554
  -8.2969388   37.0731938
  -8.2969312   37.0732753
  -8.29692     37.0732956
  -8.2969027   37.0733095
  -8.2967306   37.0733336
  -8.296655    37.0733317
  -8.2966186   37.073318
  -8.296541    37.0732749
  -8.2965018   37.0732573
  -8.2964371   37.0732401
  -8.2964109   37.0732378
  -8.2963983   37.0732403
  -8.2963816   37.07325
  -8.2963732   37.0732612
  -8.2963547   37.07331
  -8.2963434   37.0733652
  -8.2963179   37.0733947
  -8.2963006   37.0734061
  -8.2962833   37.0734118
  -8.2961992   37.0734153
  -8.2961766   37.0734196
  -8.2961599   37.0734276
  -8.2961257   37.0734587
  -8.2960988   37.0735008
  -8.296072    37.0735165
  -8.2960606   37.0735377
  -8.2960518   37.0735692
  -8.296024    37.0736034
  -8.2960044   37.073614
  -8.2958989   37.0736536
  -8.2958381   37.0736706
  -8.2956951   37.073684
  -8.2956009   37.0736842
  -8.2955764   37.0736783
  -8.2955409   37.0736541
  -8.2955214   37.0736462
  -8.2954698   37.0736475
  -8.2953634   37.0736405
  -8.2952545   37.0736485
  -8.2950987   37.0736337
  -8.2950431   37.0736442
  -8.2948616   37.073662
  -8.2947851   37.0736765
  -8.2946713   37.0736714
  -8.294564    37.0736836
  -8.2944662   37.0737012
  -8.2942084   37.0737099
  -8.2939573   37.0736863
  -8.2938763   37.0736749
  -8.2938176   37.0736617
  -8.2937824   37.0736433
  -8.2936496   37.0735569
  -8.2935753   37.073498
  -8.29354     37.0734606
  -8.293472    37.0733713
  -8.2934209   37.0732903
  -8.2934027   37.0732509
  -8.2933945   37.0732096
  -8.2933919   37.0730998
  -8.2933808   37.0729542
  -8.2933236   37.0728263
  -8.2932739   37.0727765
  -8.2932455   37.0727543
  -8.2932092   37.0727412
  -8.2931528   37.0727307
  -8.2930135   37.0727269
  -8.2929703   37.072734
  -8.2928898   37.0727684
  -8.2927134   37.0728693
  -8.2925129   37.0729467
  -8.2924344   37.0729683
  -8.2923522   37.072985
  -8.2921349   37.0730169
  -8.2921075   37.0730162
  -8.2920491   37.0730063
  -8.2920198   37.0729932
  -8.2920026   37.0729737
  -8.2919851   37.0729439
  -8.291939    37.0728359
  -8.2919245   37.072815
  -8.2919124   37.072806
  -8.2918517   37.0728069
  -8.2917748   37.0728232
  -8.29171     37.0728411
  -8.2916139   37.0729018
  -8.2915492   37.072932
  -8.2914079   37.072966
  -8.2912673   37.0730746
  -8.2911733   37.0731274
  -8.2911094   37.0731701
  -8.2910842   37.0731794
  -8.291059    37.0731802
  -8.2910363   37.0731681
  -8.2909304   37.0730416
  -8.2908799   37.0730015
  -8.2908451   37.0729861
  -8.2907774   37.0729649
  -8.2907413   37.0729563
  -8.2907023   37.0729528
  -8.2906486   37.0729533
  -8.290592    37.0729593
  -8.2905481   37.0729686
  -8.2905058   37.0729827
  -8.2904437   37.0730131
  -8.2903025   37.073103
  -8.2901677   37.0731687
  -8.2900504   37.0732096
  -8.2900091   37.0732193
  -8.2898391   37.0732324
  -8.2897269   37.0732267
  -8.2897029   37.0732215
  -8.2895299   37.0731531
  -8.2893836   37.0731391
  -8.2893632   37.0731258
  -8.2893395   37.0730887
  -8.2892714   37.0727956
  -8.289268    37.0726042
  -8.2892574   37.0725399
  -8.2892563   37.0724394
  -8.2892455   37.0723748
  -8.2892281   37.0723398
  -8.2892017   37.0723169
  -8.2891675   37.0723039
  -8.2891137   37.0722959
  -8.2890705   37.0722948
  -8.2890155   37.0723006
  -8.2889082   37.0722974
  -8.2888733   37.072306
  -8.2888125   37.0723327
  -8.2887154   37.0723074
  -8.2886602   37.072309
  -8.2886251   37.0723205
  -8.2885323   37.0723716
  -8.2884776   37.0724049
  -8.2884485   37.0724308
  -8.2884225   37.072465
  -8.2884056   37.0724979
  -8.2884012   37.0725172
  -8.2884041   37.0725385
  -8.2884178   37.0725803
  -8.288435    37.0726155
  -8.2885194   37.0727292
  -8.2885263   37.0728375
  -8.2885073   37.0729439
  -8.2884871   37.0730025
  -8.2884636   37.0730467
  -8.2884557   37.0730762
  -8.2884385   37.0730967
  -8.288385    37.0731327
  -8.2883304   37.0731651
  -8.2882954   37.0731802
  -8.2881832   37.0732124
  -8.2881117   37.0732273
  -8.2880343   37.073229
  -8.2879555   37.073238
  -8.2878105   37.0732397
  -8.2876252   37.0732225
  -8.2875026   37.0731859
  -8.2874362   37.0731713
  -8.2871854   37.0730269
  -8.2871793   37.0730196
  -8.2871755   37.0730026
  -8.2871957   37.0729676
  -8.2872482   37.0729301
  -8.2873939   37.0728396
  -8.2874426   37.0727938
  -8.2875053   37.0727214
  -8.2875271   37.0726923
  -8.2875711   37.0725869
  -8.2875695   37.0725706
  -8.2875472   37.0725542
  -8.2875205   37.0725451
  -8.2874593   37.0725341
  -8.2874356   37.0725332
  -8.2873459   37.0725455
  -8.2870178   37.0725652
  -8.2868839   37.0725967
  -8.2867731   37.072641
  -8.2866079   37.0727435
  -8.2865625   37.0727544
  -8.286534    37.0727559
  -8.2865018   37.0727461
  -8.2864663   37.072725
  -8.2864355   37.072695
  -8.2864068   37.0726531
  -8.2864033   37.0726156
  -8.2864439   37.0725196
  -8.2864941   37.0724382
  -8.2864939   37.0723266
  -8.2864319   37.0720392
  -8.2864303   37.0719866
  -8.2864365   37.0719269
  -8.2864311   37.0718688
  -8.2864176   37.0718457
  -8.2864069   37.0718365
  -8.2863669   37.0718259
  -8.2863439   37.071824
  -8.2863203   37.0718383
  -8.2862938   37.0718728
  -8.2861934   37.072159
  -8.2861499   37.0722673
  -8.286126    37.0723105
  -8.2860783   37.0723753
  -8.2860106   37.0724536
  -8.2858752   37.0725467
  -8.2858398   37.0725751
  -8.2857896   37.0726377
  -8.2857704   37.0726718
  -8.2857626   37.0727018
  -8.2857575   37.0727748
  -8.2857754   37.0728005
  -8.2858069   37.0728632
  -8.2858258   37.0729108
  -8.2858369   37.0729568
  -8.2858381   37.0730509
  -8.2858237   37.0730935
  -8.285791    37.0731319
  -8.2857358   37.0731741
  -8.2856543   37.0732059
  -8.285587    37.073242
  -8.2855654   37.0732672
  -8.2855476   37.0733072
  -8.285528    37.0733246
  -8.2854857   37.0733442
  -8.2854165   37.0733665
  -8.2853346   37.073385
  -8.2851409   37.07341
  -8.2850875   37.0734108
  -8.285066    37.0734036
  -8.2850165   37.0733358
  -8.2850068   37.0733164
  -8.2849966   37.07322
  -8.2849988   37.0731744
  -8.2849877   37.0731342
  -8.2849947   37.0730562
  -8.2850531   37.0729013
  -8.2850557   37.0728842
  -8.2850511   37.0728497
  -8.2850303   37.0728275
  -8.2849695   37.0727939
  -8.2848688   37.0727257
  -8.2848136   37.0727071
  -8.2847839   37.0727172
  -8.2847572   37.0727398
  -8.2847222   37.072782
  -8.2846918   37.0728311
  -8.2845868   37.0732088
  -8.2845635   37.0732622
  -8.2845606   37.0733551
  -8.2845543   37.0733678
  -8.2845142   37.0734074
  -8.2844963   37.0734117
  -8.2844402   37.0734125
  -8.2841493   37.0734005
  -8.2838428   37.0733804
  -8.2837974   37.0733653
  -8.2837043   37.0733632
  -8.2836592   37.0733546
  -8.283538    37.0733079
  -8.2835268   37.0732908
  -8.2835249   37.0732566
  -8.2835311   37.073228
  -8.2835785   37.0731118
  -8.2836248   37.0730762
  -8.2836472   37.0730169
  -8.2836719   37.07299
  -8.2836864   37.0729668
  -8.2836738   37.0729055
  -8.2836253   37.0727952
  -8.283612    37.0727767
  -8.2835534   37.0727332
  -8.2835062   37.0727232
  -8.2834817   37.0727219
  -8.2834477   37.0727318
  -8.2834132   37.0727534
  -8.28336     37.0728064
  -8.2833191   37.0728618
  -8.2833238   37.0728868
  -8.2833455   37.0729066
  -8.2834604   37.0729194
  -8.2834531   37.0729273
  -8.2834025   37.0729463
  -8.2833381   37.072963
  -8.2832866   37.0729833
  -8.283194    37.0729995
  -8.2831593   37.0730108
  -8.2831286   37.0730325
  -8.2831019   37.0730738
  -8.2830862   37.0731257
  -8.2830828   37.0731585
  -8.2830854   37.0731825
  -8.2831728   37.0733515
  -8.2831688   37.0734005
  -8.2831435   37.0734331
  -8.2831171   37.0734538
  -8.2829529   37.0735257
  -8.2828516   37.0735782
  -8.282803    37.0735913
  -8.2827834   37.0735911
  -8.2827643   37.0735833
  -8.2827076   37.0735941
  -8.2826738   37.0736045
  -8.2825844   37.0736425
  -8.2825499   37.0736623
  -8.2824624   37.0737357
  -8.2824546   37.0737602
  -8.2824535   37.073815
  -8.2824273   37.0738712
  -8.2824188   37.0739202
  -8.2824229   37.0739429
  -8.2824439   37.0739993
  -8.2824764   37.0740639
  -8.2824771   37.0740997
  -8.2824686   37.0741158
  -8.282434    37.074134
  -8.2823629   37.0741342
  -8.2823168   37.0741301
  -8.2822776   37.0741327
  -8.2822289   37.0741439
  -8.282201    37.0741547
  -8.2821501   37.0741626
  -8.2821126   37.0741721
  -8.2820801   37.0741803
  -8.2819742   37.0742185
  -8.2817157   37.074337
  -8.2815945   37.0743805
  -8.2814559   37.0744139
  -8.2810881   37.0745125
  -8.2809794   37.0745268
  -8.2808163   37.0745634
  -8.2807477   37.0745745
  -8.2807057   37.0745762
  -8.2805848   37.0745713
  -8.2805672   37.0745633
  -8.2805228   37.0745262
  -8.2804699   37.0745249
  -8.2804569   37.0745321
  -8.2804367   37.0745359
  -8.2804078   37.0745053
  -8.2803944   37.074501
  -8.2803754   37.0745055
  -8.2802972   37.074546
  -8.2802626   37.0745545
  -8.2802173   37.0745583
  -8.2800408   37.0745659
  -8.2798652   37.0745669
  -8.2797859   37.0745739
  -8.2796251   37.074574
  -8.2795469   37.0745694
  -8.279449    37.074555
  -8.2793805   37.0745408
  -8.2793078   37.0745108
  -8.2792518   37.0744668
  -8.2792109   37.0744287
  -8.2791839   37.074394
  -8.279151    37.0743203
  -8.2790918   37.0742432
  -8.2790658   37.0741892
  -8.2790075   37.0741069
  -8.278994    37.0740956
  -8.2789527   37.0740847
  -8.2789442   37.0740763
  -8.2789058   37.0739606
  -8.278866    37.0739174
  -8.2788481   37.0739061
  -8.2788206   37.0738986
  -8.2787931   37.0739022
  -8.278772    37.0739118
  -8.2787211   37.0739597
  -8.2787074   37.0739937
  -8.2787002   37.0740777
  -8.2786651   37.0741047
  -8.2786496   37.0741121
  -8.2786037   37.0741298
  -8.278471    37.0741549
  -8.2784361   37.0741646
  -8.2783589   37.0741591
  -8.2782906   37.0741656
  -8.2782518   37.0741775
  -8.2782147   37.0742004
  -8.2781862   37.0742109
  -8.2781433   37.0742135
  -8.2780755   37.0742072
  -8.2780397   37.074215
  -8.2780119   37.0742461
  -8.2779917   37.0742866
  -8.2779764   37.074334
  -8.2779678   37.0743902
  -8.277926    37.0745096
  -8.2778914   37.0745726
  -8.2778908   37.0745993
  -8.2779055   37.0746329
  -8.2779322   37.0746721
  -8.277923    37.0747154
  -8.2779264   37.0747356
  -8.2779469   37.0747658
  -8.2779869   37.0748103
  -8.2780201   37.0748242
  -8.2780981   37.0748344
  -8.2782059   37.0748285
  -8.2782099   37.0748359
  -8.2782094   37.0748517
  -8.2782246   37.0748908
  -8.2782679   37.0749334
  -8.2782729   37.0749549
  -8.2782706   37.0750328
  -8.2782358   37.0750971
  -8.2781665   37.0751482
  -8.2780392   37.0752167
  -8.2779913   37.0752634
  -8.2778823   37.0753867
  -8.2778682   37.0753967
  -8.2778147   37.0754161
  -8.2777918   37.07543
  -8.2777831   37.0754472
  -8.2778195   37.0754845
  -8.2778236   37.0754964
  -8.2778229   37.075513
  -8.2778122   37.0755223
  -8.2777539   37.075546
  -8.2776789   37.0755831
  -8.2776276   37.0755915
  -8.2775943   37.0755971
  -8.2775422   37.0755887
  -8.2775005   37.0755632
  -8.277445    37.0755507
  -8.277382    37.0755481
  -8.2773129   37.075538
  -8.277293    37.0755416
  -8.2772854   37.0755467
  -8.2772687   37.0755656
  -8.277254    37.0755921
  -8.2772537   37.0756078
  -8.2772631   37.0756372
  -8.277295    37.0756743
  -8.2773066   37.0756824
  -8.2773554   37.0756794
  -8.2773706   37.0756842
  -8.2773933   37.0757231
  -8.277375    37.0757858
  -8.2773474   37.0758505
  -8.2773273   37.0758856
  -8.277296    37.0759236
  -8.2772538   37.0759609
  -8.2771887   37.0760042
  -8.2770519   37.0760547
  -8.2769785   37.0760657
  -8.2768519   37.0760555
  -8.2768133   37.0760605
  -8.276719    37.0761234
  -8.2766794   37.0761426
  -8.276649    37.0761634
  -8.2765016   37.0762955
  -8.276464    37.0763459
  -8.276338    37.0764285
  -8.2763017   37.0764782
  -8.2762878   37.0765065
  -8.2762032   37.0765896
  -8.2761567   37.076626
  -8.2760921   37.0766854
  -8.2760753   37.0767168
  -8.2760529   37.0767249
  -8.2760325   37.0767613
  -8.2759941   37.0768154
  -8.2759845   37.0768238
  -8.2759602   37.076835
  -8.2759484   37.0768471
  -8.2759292   37.0769146
  -8.2759152   37.0769437
  -8.2758861   37.0769771
  -8.2758299   37.0770655
  -8.2757971   37.0771024
  -8.2757038   37.077131
  -8.2756817   37.0771348
  -8.2756391   37.0771267
  -8.275575    37.0771021
  -8.275475    37.0770846
  -8.2753893   37.0770576
  -8.275333    37.0770471
  -8.2752918   37.0770467
  -8.2751146   37.077071
  -8.2750755   37.0770676
  -8.274973    37.0770476
  -8.2748654   37.077059
  -8.2748367   37.0770556
  -8.2747864   37.0770416
  -8.2747492   37.07704
  -8.2747145   37.0770434
  -8.2746922   37.0770522
  -8.2746783   37.0770656
  -8.2746777   37.0770743
  -8.2746899   37.0770869
  -8.2747164   37.0770959
  -8.2748505   37.0771031
  -8.2749511   37.0771162
  -8.2750316   37.0771203
  -8.2750647   37.0771289
  -8.2751369   37.0771562
  -8.2752132   37.0771692
  -8.2753927   37.0771777
  -8.275489    37.0771759
  -8.2755944   37.0771787
  -8.2756077   37.077185
  -8.2756137   37.0771932
  -8.2756185   37.0772117
  -8.2756159   37.07723
  -8.2756091   37.0772406
  -8.2755635   37.077267
  -8.2754541   37.0773067
  -8.2752136   37.0773691
  -8.2751453   37.0773952
  -8.2750628   37.077446
  -8.2749295   37.0775168
  -8.2748487   37.0775835
  -8.2747156   37.0776359
  -8.2745524   37.0776648
  -8.2743483   37.077665
  -8.2742935   37.0776575
  -8.2741598   37.0776248
  -8.2740572   37.0776207
  -8.2739503   37.0775732
  -8.2739331   37.0775686
  -8.273854    37.077574
  -8.2737914   37.0775861
  -8.2737446   37.0775822
  -8.2736968   37.0775723
  -8.273649    37.0775722
  -8.2734387   37.0775947
  -8.2733018   37.077628
  -8.2731312   37.0776298
  -8.2729105   37.0776478
  -8.2727699   37.0776363
  -8.2726871   37.0776412
  -8.2726183   37.0776545
  -8.2724778   37.0776933
  -8.2723374   37.0777222
  -8.2720487   37.0777646
  -8.2718978   37.0777928
  -8.2717869   37.0778046
  -8.2716108   37.0778097
  -8.2715907   37.0778028
  -8.27155     37.0777716
  -8.2714889   37.0777673
  -8.2713807   37.0777986
  -8.2712472   37.0778609
  -8.2712255   37.0778677
  -8.2711199   37.0778805
  -8.2710788   37.0778761
  -8.271047    37.0778536
  -8.271019    37.0778216
  -8.2710051   37.0777885
  -8.2710086   37.0777581
  -8.2710194   37.0777457
  -8.2711288   37.0777041
  -8.2712273   37.0776518
  -8.2712359   37.0776376
  -8.2712345   37.0776187
  -8.2712161   37.0776162
  -8.2711833   37.0776233
  -8.2711332   37.0776541
  -8.271074    37.0776815
  -8.270923    37.0777105
  -8.2707876   37.0777553
  -8.2707425   37.0777754
  -8.2707077   37.0777993
  -8.2706693   37.0778137
  -8.2706459   37.0778169
  -8.2705656   37.0778166
  -8.2705471   37.0778098
  -8.2705287   37.0777924
  -8.2705024   37.0777802
  -8.2704821   37.0777756
  -8.2704277   37.0777728
  -8.2702992   37.0778245
  -8.2701301   37.0779073
  -8.2700853   37.0779365
  -8.2700317   37.0779879
  -8.2700037   37.0780017
  -8.2699482   37.0780163
  -8.2699179   37.0780165
  -8.2699148   37.0780108
  -8.2699193   37.0779949
  -8.2699374   37.0779697
  -8.2699354   37.0779601
  -8.2699292   37.0779576
  -8.2699225   37.07796
  -8.2699007   37.0779924
  -8.2698339   37.078062
  -8.2698266   37.0780754
  -8.2698156   37.0780844
  -8.269766    37.0781091
  -8.2697582   37.0781219
  -8.2697735   37.0781563
  -8.2697793   37.0781806
  -8.2697816   37.0782307
  -8.2697728   37.0782806
  -8.2697962   37.0783351
  -8.2697997   37.0784379
  -8.2697891   37.0785122
  -8.269775    37.0785743
  -8.2697659   37.0785962
  -8.2697379   37.0786192
  -8.2696871   37.078649
  -8.2696382   37.0786652
  -8.2695554   37.0787004
  -8.2694935   37.0787332
  -8.2694289   37.0787422
  -8.2693708   37.0787685
  -8.2692553   37.0787852
  -8.2691917   37.0787905
  -8.2690379   37.0788206
  -8.2689681   37.0788267
  -8.2689008   37.0788275
  -8.2688381   37.0788436
  -8.2688299   37.0788328
  -8.268858    37.0788062
  -8.2688946   37.078783
  -8.2689073   37.0787636
  -8.2689127   37.078729
  -8.2688759   37.0787318
  -8.268841    37.0787464
  -8.2687409   37.0788055
  -8.2686479   37.078868
  -8.2686095   37.0788836
  -8.2685695   37.0788863
  -8.2685296   37.0788798
  -8.2685119   37.0788769
  -8.2684632   37.0788831
  -8.2684448   37.0788889
  -8.2684081   37.0789328
  -8.268393    37.0789709
  -8.2683452   37.0789921
  -8.2682031   37.0790716
  -8.2681721   37.0790815
  -8.26814     37.0790791
  -8.2681091   37.0790691
  -8.2680616   37.07904
  -8.2679913   37.0790046
  -8.2678871   37.0789384
  -8.2678553   37.078928
  -8.2677839   37.0789139
  -8.2677205   37.0789101
  -8.2676594   37.0789125
  -8.2673813   37.0789592
  -8.2673507   37.0789592
  -8.2673297   37.0789643
  -8.2672729   37.0789636
  -8.2672347   37.0789517
  -8.2672267   37.0789526
  -8.267194    37.07898
  -8.2671782   37.0789849
  -8.26715     37.0789738
  -8.267143    37.0789597
  -8.267143    37.0789401
  -8.2671529   37.078928
  -8.2671685   37.078924
  -8.2671749   37.0789172
  -8.2671695   37.0789127
  -8.267138    37.0789172
  -8.2671092   37.0789268
  -8.2670825   37.0789539
  -8.2669693   37.0790393
  -8.2669446   37.0790851
  -8.2669216   37.0791002
  -8.2668515   37.079104
  -8.2668026   37.0791115
  -8.2667733   37.0791078
  -8.2665116   37.0791129
  -8.2664807   37.0791041
  -8.2664453   37.0790814
  -8.2664059   37.0790306
  -8.2664048   37.0789801
  -8.2664224   37.0789543
  -8.2664368   37.0789203
  -8.2664333   37.078913
  -8.266414    37.0789026
  -8.2663818   37.0789012
  -8.2663436   37.0789241
  -8.2663194   37.0789547
  -8.2663149   37.0789662
  -8.266326    37.0789874
  -8.2663593   37.079007
  -8.2663673   37.079017
  -8.2663623   37.0790482
  -8.2663561   37.0790574
  -8.2663455   37.0790637
  -8.2663204   37.0790677
  -8.2662409   37.079062
  -8.2661964   37.0790643
  -8.2660873   37.0791074
  -8.2660316   37.0791193
  -8.2659355   37.0791472
  -8.2658887   37.0791546
  -8.2658468   37.0791522
  -8.2658183   37.0791288
  -8.2657739   37.0791127
  -8.265736    37.0791152
  -8.2656704   37.079128
  -8.265534    37.0791176
  -8.2652338   37.0791178
  -8.2651987   37.0791229
  -8.2651736   37.0791208
  -8.2651581   37.0791143
  -8.2651516   37.0791048
  -8.2651517   37.0790731
  -8.265177    37.0790381
  -8.2651767   37.0790133
  -8.2651235   37.0789446
  -8.2650999   37.0789269
  -8.2650638   37.0789136
  -8.2650033   37.0789031
  -8.2649615   37.0789044
  -8.2649283   37.0789182
  -8.2648942   37.0789529
  -8.2648827   37.0789823
  -8.2648458   37.0790482
  -8.2648425   37.0790852
  -8.2648319   37.0791025
  -8.2648172   37.0791027
  -8.264719    37.0790806
  -8.2646444   37.0790879
  -8.26462     37.0790946
  -8.2645304   37.0791312
  -8.2644337   37.0791482
  -8.2644216   37.0791539
  -8.2644122   37.0791955
  -8.2643986   37.0793062
  -8.2643901   37.0793329
  -8.2643882   37.0793939
  -8.2644057   37.0794347
  -8.2644477   37.0794906
  -8.264452    37.0795186
  -8.2644395   37.0795618
  -8.2644221   37.0795835
  -8.2643954   37.0796053
  -8.2643329   37.0796367
  -8.2642316   37.0796479
  -8.2641371   37.0796363
  -8.2640928   37.0796231
  -8.2639995   37.0795753
  -8.2639058   37.0795561
  -8.263674    37.0796019
  -8.2635229   37.07961
  -8.2634915   37.0796235
  -8.2634071   37.079689
  -8.2633711   37.0797268
  -8.2633001   37.0797911
  -8.2632203   37.0798469
  -8.263068    37.0799216
  -8.2630269   37.079939
  -8.2629854   37.0799505
  -8.2629236   37.079995
  -8.2628315   37.0800214
  -8.262807    37.080025
  -8.2626939   37.0800198
  -8.2625995   37.08002
  -8.2624608   37.0800362
  -8.2623459   37.0800213
  -8.2622947   37.0800076
  -8.2622701   37.079997
  -8.2622475   37.0799736
  -8.2622275   37.0799598
  -8.2621519   37.0799149
  -8.2620999   37.0798956
  -8.2620368   37.079851
  -8.2620142   37.0797991
  -8.262007    37.0797538
  -8.2619959   37.07974
  -8.2619747   37.0797328
  -8.2619342   37.0797311
  -8.2618822   37.0797401
  -8.2618471   37.0797516
  -8.2618265   37.0797643
  -8.2617609   37.0797863
  -8.2617019   37.0797992
  -8.2615967   37.0798015
  -8.2615272   37.0798421
  -8.2615111   37.0798641
  -8.2615083   37.0798995
  -8.261525    37.0799321
  -8.2616141   37.080026
  -8.2616293   37.0800512
  -8.2616264   37.0800691
  -8.261599    37.0801112
  -8.261545    37.0801609
  -8.2615416   37.0801685
  -8.2614999   37.0802102
  -8.2614789   37.0802532
  -8.2614791   37.0802857
  -8.2614724   37.0803196
  -8.2614103   37.0803448
  -8.2613121   37.0803485
  -8.2612489   37.0803412
  -8.2608835   37.0802989
  -8.2604236   37.0802135
  -8.2598489   37.0801271
  -8.2589292   37.0801774
  -8.2584619   37.0801435
  -8.2583658   37.0801844
  -8.2582594   37.0803287
  -8.2582887   37.0804779
  -8.2582206   37.0811263
  -8.2581243   37.0819154
  -8.2581277   37.083508
  -8.2581052   37.0835644
  -8.2580609   37.0835924
  -8.2580367   37.0836245
  -8.2580186   37.0836539
  -8.2579979   37.0836625
  -8.2579603   37.0836513
  -8.2579362   37.0836384
  -8.257916    37.0836491
  -8.2579073   37.0836732
  -8.2578953   37.0836957
  -8.2578611   37.0836978
  -8.2578262   37.0836909
  -8.2577853   37.0836828
  -8.2577571   37.0836646
  -8.257735    37.0836689
  -8.2577363   37.0836893
  -8.2576995   37.0836759
  -8.2576625   37.0836491
  -8.2576381   37.0836493
  -8.257623    37.083659
  -8.2575914   37.0837059
  -8.2575066   37.0837738
  -8.2574606   37.0837977
  -8.2574258   37.0838081
  -8.2573692   37.0838115
  -8.2573603   37.0838309
  -8.2573434   37.0838436
  -8.2573247   37.0838486
  -8.257297    37.083853
  -8.2572606   37.0838502
  -8.2570988   37.0838214
  -8.2570131   37.0838158
  -8.2569978   37.0838211
  -8.2569652   37.0838543
  -8.256916    37.0838716
  -8.2568962   37.083888
  -8.2568603   37.0838784
  -8.2567874   37.0839162
  -8.2567712   37.083918
  -8.2567439   37.0839077
  -8.2567191   37.0839044
  -8.2566739   37.0839303
  -8.2566404   37.0839351
  -8.2565733   37.0839168
  -8.2565631   37.0839358
  -8.2565693   37.0839696
  -8.2565593   37.0839808
  -8.2565565   37.0839942
  -8.2565623   37.0840104
  -8.2565704   37.0840166
  -8.2565706   37.0840321
  -8.2565479   37.0840567
  -8.2565293   37.0840565
  -8.2565178   37.0840614
  -8.2565139   37.0840762
  -8.2565265   37.0841018
  -8.2565202   37.0841189
  -8.2565048   37.0841286
  -8.2564372   37.084154
  -8.2564206   37.0841526
  -8.2563896   37.0841372
  -8.2563558   37.084139
  -8.2563395   37.084159
  -8.2563393   37.0841916
  -8.2563125   37.0842166
  -8.2562738   37.084214
  -8.2562152   37.0841623
  -8.2561882   37.0841527
  -8.2561535   37.0841425
  -8.2561035   37.0841507
  -8.2560712   37.0841746
  -8.2560403   37.0842085
  -8.2560323   37.0842335
  -8.256038    37.0842687
  -8.2560617   37.0843151
  -8.2560677   37.0843567
  -8.2561023   37.0843982
  -8.2561026   37.0844272
  -8.2560797   37.0844604
  -8.2560513   37.0845512
  -8.2560174   37.084579
  -8.255985    37.084593
  -8.2559724   37.0846044
  -8.2559593   37.0846476
  -8.255958    37.0846804
  -8.2559464   37.0846999
  -8.2559301   37.0847098
  -8.2559053   37.0847145
  -8.2558495   37.0847102
  -8.2558053   37.0847194
  -8.2557685   37.0847139
  -8.2556572   37.0846209
  -8.2556163   37.0846108
  -8.2556171   37.0845716
  -8.2556124   37.0845666
  -8.2555831   37.0845616
  -8.2555696   37.0845636
  -8.2555387   37.0845807
  -8.2555135   37.0846019
  -8.2555156   37.0846571
  -8.2555094   37.084682
  -8.2555201   37.0847032
  -8.2555093   37.0847102
  -8.255481    37.0846991
  -8.2554588   37.0846782
  -8.2554201   37.0846536
  -8.2553753   37.0846473
  -8.25533     37.0846316
  -8.2553207   37.0846377
  -8.2553064   37.0846648
  -8.2552774   37.0846786
  -8.2552554   37.0846822
  -8.2552103   37.0847247
  -8.2551956   37.084727
  -8.2551807   37.0847391
  -8.2551618   37.0847399
  -8.2551514   37.084736
  -8.2551254   37.0847122
  -8.2551184   37.0847136
  -8.2550813   37.0847514
  -8.2550749   37.084804
  -8.2550617   37.0848438
  -8.255063    37.084874
  -8.255075    37.0849021
  -8.2551111   37.084934
  -8.2551204   37.0849477
  -8.2551168   37.0849764
  -8.2550929   37.0849866
  -8.2551315   37.0850148
  -8.2551293   37.0850472
  -8.2551173   37.0850898
  -8.2551128   37.0850985
  -8.2550883   37.0851084
  -8.2550944   37.0851183
  -8.2551145   37.0851245
  -8.2551343   37.0851293
  -8.2551393   37.085137
  -8.2551309   37.0851531
  -8.2551373   37.0851761
  -8.2551443   37.0851809
  -8.2551487   37.0852002
  -8.2551701   37.0852058
  -8.2551789   37.0852184
  -8.2551795   37.0852272
  -8.2551742   37.0852454
  -8.2551752   37.0852625
  -8.2551956   37.0852769
  -8.255203    37.0852959
  -8.2552263   37.0853163
  -8.2552265   37.0853689
  -8.2552359   37.0853818
  -8.2552607   37.0853914
  -8.2552888   37.0853866
  -8.255315    37.0853721
  -8.2553793   37.0853614
  -8.255437    37.0853604
  -8.2554692   37.085377
  -8.2555074   37.0854192
  -8.255551    37.0854545
  -8.2555899   37.0854952
  -8.2553814   37.0857835
  -8.2551011   37.0859782
  -8.2550112   37.0860231
  -8.2549489   37.0860478
  -8.2549207   37.0860675
  -8.2546511   37.0861638
  -8.254407    37.0862446
  -8.2542555   37.0863002
  -8.2541864   37.0863184
  -8.2538082   37.0864463
  -8.2536279   37.0864976
  -8.2535782   37.0865003
  -8.2535534   37.0865105
  -8.2534864   37.0865137
  -8.25331     37.086565
  -8.2531498   37.0865709
  -8.25307     37.0865853
  -8.2529835   37.0866137
  -8.2525925   37.086641
  -8.2523438   37.0866511
  -8.2520903   37.0866688
  -8.2518603   37.0866683
  -8.2518073   37.0866367
  -8.2517155   37.0865864
  -8.251633    37.0865907
  -8.2515592   37.0866083
  -8.2514385   37.0866126
  -8.2513326   37.0866223
  -8.2511046   37.0866811
  -8.2510362   37.0866971
  -8.2508243   37.0867121
  -8.2506218   37.0867271
  -8.2501028   37.0867335
  -8.2500491   37.0867234
  -8.2497206   37.0867223
  -8.2496662   37.0867298
  -8.2496066   37.0867378
  -8.2495623   37.0867565
  -8.2495227   37.0867597
  -8.2494892   37.0867458
  -8.2494396   37.0867234
  -8.2494161   37.0866971
  -8.2494007   37.0866618
  -8.2493853   37.0866324
  -8.2493504   37.0866132
  -8.2493182   37.0866078
  -8.2492539   37.0866126
  -8.2492069   37.0865944
  -8.2491486   37.0865768
  -8.2490621   37.0865714
  -8.2490312   37.0865768
  -8.2490078   37.086588
  -8.2489213   37.086565
  -8.2488341   37.0865495
  -8.2487141   37.0865377
  -8.2486544   37.0865163
  -8.2486007   37.0864853
  -8.2485645   37.0864735
  -8.2485129   37.0864677
  -8.2484653   37.0864527
  -8.248542    37.0861155
  -8.248633    37.0854078
  -8.2485595   37.085409
  -8.2484679   37.0861048
  -8.2483883   37.086378
  -8.2483343   37.0863587
  -8.2482338   37.0863538
  -8.2480778   37.0863285
  -8.2479711   37.0863092
  -8.2478393   37.0863062
  -8.2477501   37.086299
  -8.2476572   37.0862857
  -8.2475761   37.0862672
  -8.2474509   37.0862468
  -8.2473414   37.0862377
  -8.2471892   37.0862263
  -8.2470802   37.0862233
  -8.2469422   37.0862063
  -8.2468511   37.086195
  -8.2467691   37.0861931
  -8.2466558   37.0861692
  -8.2464974   37.0861375
  -8.246341    37.0861261
  -8.2462992   37.0861174
  -8.2462447   37.0861053
  -8.2461418   37.0861015
  -8.246037    37.0860974
  -8.2459365   37.0860769
  -8.2458806   37.0860561
  -8.2458327   37.0860368
  -8.2457895   37.08603
  -8.24567     37.08603
  -8.2456027   37.0860266
  -8.2454932   37.0860051
  -8.245405    37.0859741
  -8.2453433   37.08594
  -8.2452879   37.085915
  -8.2452201   37.0858977
  -8.2451328   37.0858848
  -8.2450612   37.0858772
  -8.2450038   37.0858716
  -8.2449555   37.0858519
  -8.2448938   37.0858262
  -8.2448355   37.0858125
  -8.2447525   37.0858012
  -8.2446743   37.0858004
  -8.2446236   37.0857891
  -8.2445577   37.0857732
  -8.2445107   37.0857596
  -8.2444733   37.0857554
  -8.2444021   37.0857335
  -8.2443196   37.0857255
  -8.2442362   37.0857218
  -8.2441233   37.0857176
  -8.2440679   37.0857138
  -8.2440067   37.0856987
  -8.2439617   37.0856919
  -8.243892    37.0856847
  -8.2438626   37.0856662
  -8.2438322   37.0856503
  -8.2437592   37.0856227
  -8.2436928   37.0856121
  -8.24358     37.0855932
  -8.2435297   37.0855894
  -8.2434263   37.0855663
  -8.2433272   37.0855463
  -8.2431333   37.0855001
  -8.2430565   37.0854827
  -8.2429882   37.0854744
  -8.2428678   37.0854426
  -8.2427787   37.0854313
  -8.2427327   37.0854169
  -8.2426796   37.0853897
  -8.2426302   37.085387
  -8.2425966   37.0853832
  -8.2425335   37.0853624
  -8.2424686   37.0853511
  -8.2423723   37.0853208
  -8.2423287   37.0853064
  -8.242286    37.0852834
  -8.2422528   37.0852694
  -8.2422154   37.0852667
  -8.2421556   37.0852614
  -8.2421134   37.0852497
  -8.2420247   37.0852145
  -8.2419963   37.0852047
  -8.2419688   37.0851896
  -8.241882    37.0851688
  -8.2417474   37.0851377
  -8.2416767   37.0851298
  -8.2416483   37.0851256
  -8.2415918   37.0850999
  -8.2415373   37.0850753
  -8.2414738   37.0850545
  -8.241433    37.0850504
  -8.2413965   37.085039
  -8.2412974   37.0849929
  -8.241249    37.0849789
  -8.2411428   37.0849634
  -8.2411092   37.0849535
  -8.2410309   37.0849274
  -8.2409655   37.0849153
  -8.2409005   37.084887
  -8.2408427   37.0848665
  -8.2407943   37.0848567
  -8.2406943   37.0848314
  -8.2406189   37.0848053
  -8.2404757   37.084761
  -8.2403894   37.0847432
  -8.2403372   37.0847323
  -8.2402879   37.0847134
  -8.2402358   37.0846944
  -8.2401903   37.0846816
  -8.2401305   37.0846585
  -8.2400703   37.084649
  -8.2399968   37.084646
  -8.2399077   37.0846135
  -8.2398773   37.0846108
  -8.239846    37.0845942
  -8.2397958   37.0845836
  -8.2396502   37.0845367
  -8.2394511   37.0844773
  -8.2392419   37.0843899
  -8.2391111   37.08434
  -8.2390836   37.0843355
  -8.2390011   37.0843075
  -8.2388266   37.0842606
  -8.2387962   37.0842511
  -8.2387512   37.0842269
  -8.2387033   37.0842122
  -8.2386469   37.0841883
  -8.2384681   37.0841293
  -8.2383316   37.0840824
  -8.2382576   37.0840601
  -8.2381585   37.0840174
  -8.2380732   37.083978
  -8.2379949   37.0839587
  -8.2379323   37.0839485
  -8.2378726   37.0839413
  -8.2377891   37.0839217
  -8.2377157   37.0839088
  -8.2376559   37.083899
  -8.2375725   37.0838736
  -8.2374625   37.083846
  -8.2373686   37.0838222
  -8.2372884   37.0837915
  -8.2371732   37.0837458
  -8.2370755   37.0837454
  -8.23703     37.0837378
  -8.2369793   37.0837083
  -8.2369224   37.0837004
  -8.2368717   37.0836928
  -8.23681     37.0836777
  -8.2366962   37.0836444
  -8.2366071   37.0836217
  -8.2364701   37.0835922
  -8.2362515   37.0835309
  -8.2361993   37.0835139
  -8.2361614   37.083498
  -8.2361448   37.0834886
  -8.2361306   37.0834651
  -8.2361045   37.0834488
  -8.2360286   37.0833993
  -8.235994    37.0833883
  -8.235902    37.0833777
  -8.2357873   37.0833679
  -8.2357223   37.083366
  -8.2356403   37.0833815
  -8.2355222   37.0833792
  -8.235242    37.0833826
  -8.2351429   37.083377
  -8.2350827   37.0833641
  -8.2350372   37.0833516
  -8.2349044   37.0833501
  -8.2347868   37.083346
  -8.2346982   37.0833369
  -8.2345692   37.0833089
  -8.2344876   37.0832764
  -8.2343326   37.0832007
  -8.2342439   37.0831557
  -8.2341477   37.0831228
  -8.2341339   37.0831058
  -8.2341149   37.08308
  -8.2340855   37.0830679
  -8.234059    37.0830638
  -8.2340514   37.0830517
  -8.2340519   37.0830331
  -8.234068    37.0830093
  -8.2340595   37.0829654
  -8.2340704   37.0829499
  -8.2340713   37.0829268
  -8.2340543   37.0828905
  -8.2340405   37.0828746
  -8.23404     37.0828304
  -8.2340481   37.0828198
  -8.2340965   37.0827876
  -8.2341349   37.0827634
  -8.2341586   37.0827479
  -8.2341856   37.082726
  -8.2342069   37.0826829
  -8.2342046   37.082659
  -8.2341823   37.082625
  -8.2341387   37.0825872
  -8.2341206   37.0825652
  -8.2340898   37.0825418
  -8.23405     37.0825051
  -8.2340139   37.082482
  -8.2339805   37.0824671
  -8.2339527   37.0824593
  -8.2339215   37.0824563
  -8.2338821   37.0824658
  -8.2338372   37.082503
  -8.233794    37.0825489
  -8.2337838   37.0825732
  -8.2337871   37.0826209
  -8.2338066   37.0826712
  -8.2337819   37.0826898
  -8.2337799   37.0827096
  -8.2338127   37.0827822
  -8.2338307   37.0828393
  -8.2338137   37.0828663
  -8.2337781   37.0828811
  -8.2337123   37.0828396
  -8.2336358   37.0828014
  -8.2335055   37.0827543
  -8.2334552   37.0827159
  -8.2334386   37.0826954
  -8.2333821   37.0826646
  -8.2333501   37.0826582
  -8.2332978   37.0826617
  -8.2332733   37.0826744
  -8.2332493   37.0827133
  -8.2332414   37.0827821
  -8.2332229   37.0828226
  -8.2331782   37.0828636
  -8.2331228   37.0829024
  -8.2330477   37.0829115
  -8.232992    37.0829378
  -8.2329614   37.0829415
  -8.2328983   37.0829296
  -8.2327291   37.0829148
  -8.2326578   37.0829239
  -8.2326243   37.082922
  -8.2325853   37.0829131
  -8.2324717   37.0828677
  -8.2323885   37.0828028
  -8.2323456   37.0827543
  -8.2323363   37.0827362
  -8.2323532   37.0826869
  -8.232347    37.082661
  -8.2322814   37.0826324
  -8.2322596   37.0826319
  -8.2321488   37.0826574
  -8.2321164   37.0826769
  -8.2320988   37.0827175
  -8.2320583   37.0827564
  -8.2320364   37.0827734
  -8.232017    37.0827762
  -8.2319971   37.0827587
  -8.2319953   37.0827429
  -8.2320127   37.0827378
  -8.2320361   37.0827225
  -8.2320683   37.0826849
  -8.2320733   37.0826443
  -8.2320667   37.082636
  -8.2320332   37.0826162
  -8.2320114   37.0826127
  -8.231987    37.0826182
  -8.2319674   37.082634
  -8.2318968   37.0826355
  -8.2318831   37.0826316
  -8.2318522   37.0826102
  -8.2318281   37.0826034
  -8.2317669   37.0826185
  -8.2317146   37.0826255
  -8.2316739   37.0826546
  -8.231661    37.0826751
  -8.2316619   37.0826931
  -8.2316682   37.0826997
  -8.2317185   37.0827218
  -8.2317505   37.0827291
  -8.2318133   37.0827265
  -8.2318339   37.0827316
  -8.2318437   37.0827442
  -8.2318477   37.082764
  -8.2318171   37.0828089
  -8.231791    37.0828149
  -8.2317498   37.0828134
  -8.2316058   37.0827816
  -8.2315868   37.0827902
  -8.2315718   37.0828139
  -8.2315538   37.082863
  -8.2315296   37.0828787
  -8.2315062   37.0828848
  -8.2314667   37.0828887
  -8.2314157   37.0828836
  -8.2313371   37.0828724
  -8.2313044   37.0828788
  -8.2312697   37.0828947
  -8.2312574   37.0829179
  -8.2312757   37.0829319
  -8.2313172   37.0829392
  -8.2313403   37.0829437
  -8.2313806   37.0829485
  -8.2314065   37.0829567
  -8.2314312   37.0829675
  -8.2314512   37.0829685
  -8.2314723   37.0829602
  -8.2315126   37.0829469
  -8.2315366   37.0829531
  -8.2315628   37.0829916
  -8.2315662   37.0830122
  -8.2315956   37.0830444
  -8.231615    37.0830579
  -8.2316158   37.0830778
  -8.2316032   37.0830923
  -8.23158     37.0831012
  -8.2314082   37.0832612
  -8.2313461   37.08333
  -8.2311894   37.0834223
  -8.2310744   37.0834858
  -8.2308866   37.08356
  -8.2307734   37.0835798
  -8.23075     37.0835791
  -8.2306525   37.0835556
  -8.2305655   37.0835414
  -8.2305266   37.08354
  -8.2305203   37.083545
  -8.2305174   37.0835855
  -8.2305392   37.0836244
  -8.2305452   37.0836479
  -8.2305295   37.0836607
  -8.2304832   37.0836632
  -8.2304426   37.0836571
  -8.2303685   37.0836005
  -8.2303124   37.083586
  -8.230269    37.0835149
  -8.2302506   37.0834975
  -8.2301643   37.0834896
  -8.2301082   37.0834939
  -8.2300908   37.083505
  -8.2300851   37.0835335
  -8.2299978   37.0836036
  -8.2300026   37.0836424
  -8.2300241   37.0836794
  -8.2300434   37.083735
  -8.23004     37.0837617
  -8.2300051   37.0837825
  -8.2299887   37.0837779
  -8.2299781   37.0837642
  -8.2299862   37.0837191
  -8.2299809   37.0836907
  -8.2299684   37.0836813
  -8.2299048   37.0836565
  -8.2298776   37.0835738
  -8.2298543   37.0835629
  -8.2297881   37.0835703
  -8.2297737   37.083585
  -8.2297645   37.0836188
  -8.2297841   37.0837214
  -8.2297385   37.0836743
  -8.2297234   37.0836683
  -8.2296548   37.0836557
  -8.2296344   37.0836662
  -8.2296294   37.0836808
  -8.2296334   37.0837152
  -8.2296442   37.0837358
  -8.2296603   37.0837486
  -8.2297601   37.0838032
  -8.2297792   37.0838175
  -8.2297928   37.0838353
  -8.2297924   37.0838595
  -8.2297108   37.0838617
  -8.2296739   37.0838758
  -8.2296538   37.0839328
  -8.229647    37.083965
  -8.2296556   37.0839724
  -8.2297139   37.0839924
  -8.2297332   37.0840035
  -8.2298018   37.0840695
  -8.2298021   37.0840845
  -8.2297545   37.0841162
  -8.2297294   37.0841595
  -8.2297199   37.0842025
  -8.2296709   37.084238
  -8.2294998   37.0842538
  -8.2294673   37.0842616
  -8.2294536   37.084271
  -8.2294407   37.0842927
  -8.2294554   37.0843191
  -8.2294533   37.0843254
  -8.2294219   37.0843432
  -8.2293842   37.0843555
  -8.2293509   37.0844152
  -8.2293361   37.0844671
  -8.229276    37.0844959
  -8.2292566   37.0845123
  -8.229249    37.0845242
  -8.2292486   37.0845482
  -8.229209    37.0846406
  -8.2291894   37.0846545
  -8.2291527   37.0846575
  -8.2291409   37.0846635
  -8.2291309   37.0847254
  -8.229024    37.0847217
  -8.2289821   37.0847388
  -8.2289553   37.0847778
  -8.2289245   37.0848548
  -8.2289265   37.0848711
  -8.2289551   37.0849002
  -8.2289584   37.0849271
  -8.2289537   37.0849497
  -8.2289423   37.0849667
  -8.2288996   37.0850016
  -8.2288842   37.0850465
  -8.2288632   37.0850704
  -8.2287973   37.0851158
  -8.2287151   37.0851506
  -8.2287091   37.0851512
  -8.228669    37.0851255
  -8.2285989   37.0851084
  -8.2285629   37.085105
  -8.2285223   37.0851181
  -8.2284898   37.0851387
  -8.2284905   37.0851505
  -8.2284832   37.0851581
  -8.2284053   37.0851798
  -8.228371    37.0851982
  -8.2283488   37.0852174
  -8.2283352   37.0852396
  -8.2283341   37.0852574
  -8.2283415   37.0852736
  -8.2283644   37.0853052
  -8.2283663   37.0853394
  -8.2283132   37.0853639
  -8.2282743   37.0853844
  -8.2282435   37.0854131
  -8.228225    37.0854229
  -8.2281885   37.0854188
  -8.2281368   37.0854006
  -8.2281047   37.085395
  -8.2280614   37.0853931
  -8.2280485   37.0853998
  -8.2280246   37.0854246
  -8.2279961   37.0854257
  -8.2279634   37.0854539
  -8.2279349   37.0854926
  -8.2279279   37.0855479
  -8.2278503   37.0855829
  -8.2276906   37.085639
  -8.227543    37.0856899
  -8.2273867   37.0857281
  -8.2271299   37.0858146
  -8.2269465   37.0858299
  -8.2266833   37.0858261
  -8.2266196   37.0858439
  -8.2264234   37.0858273
  -8.2261953   37.0858286
  -8.2259035   37.0857955
  -8.2254521   37.0857217
  -8.2253501   37.0857217
  -8.2250008   37.0856899
  -8.2245861   37.0856327
  -8.2243963   37.0856009
  -8.2242161   37.0855525
  -8.2240534   37.0855067
  -8.2239584   37.0854726
  -8.2238659   37.0854375
  -8.2237983   37.0853934
  -8.2237611   37.0853637
  -8.2237577   37.0853259
  -8.223667    37.0852985
  -8.2235519   37.0852551
  -8.2235012   37.0852416
  -8.2233858   37.0852234
  -8.2232268   37.0852061
  -8.2231356   37.0851995
  -8.2230604   37.0851711
  -8.2229688   37.085174
  -8.2228586   37.0851673
  -8.2227343   37.0851695
  -8.2226101   37.085137
  -8.2225105   37.0851007
  -8.2223702   37.085056
  -8.2222099   37.0850326
  -8.2220724   37.0850455
  -8.2219179   37.085019
  -8.2217936   37.0849789
  -8.2216248   37.0849214
  -8.2214835   37.0848805
  -8.2214039   37.0848639
  -8.2212872   37.0848261
  -8.2211355   37.084789
  -8.2209022   37.0847452
  -8.2207654   37.0847174
  -8.2205603   37.0846757
  -8.2204691   37.0846382
  -8.2203095   37.0845954
  -8.2201163   37.0845698
  -8.2198817   37.0845355
  -8.2196966   37.0845302
  -8.2195625   37.0845227
  -8.2194605   37.084528
  -8.2193653   37.0844842
  -8.2193278   37.0844349
  -8.2192755   37.0843772
  -8.2191776   37.0843387
  -8.2190877   37.0842937
  -8.2189912   37.0842713
  -8.2189456   37.0842531
  -8.218853    37.0842167
  -8.2187055   37.0842188
  -8.2185526   37.0842317
  -8.2184882   37.0842552
  -8.2184118   37.0842766
  -8.2183622   37.0843226
  -8.2183394   37.08439
  -8.2183662   37.084436
  -8.2184266   37.0844735
  -8.2185003   37.084513
  -8.2185565   37.0845363
  -8.2186066   37.0845821
  -8.2186297   37.084611
  -8.2186276   37.0846257
  -8.2185657   37.0846782
  -8.2185567   37.0846911
  -8.218561    37.0847375
  -8.218629    37.0848045
  -8.2186307   37.0848186
  -8.2186245   37.0848356
  -8.2185949   37.0848882
  -8.2185415   37.0849328
  -8.2184705   37.0849785
  -8.2183492   37.0850468
  -8.21827     37.085083
  -8.2182031   37.0851079
  -8.2180705   37.0851397
  -8.2180115   37.0851337
  -8.2179846   37.0851154
  -8.2179376   37.0850992
  -8.2178351   37.0850872
  -8.2177495   37.085094
  -8.2176649   37.085116
  -8.2176354   37.0851345
  -8.2176089   37.085161
  -8.217583    37.0851788
  -8.2175013   37.0852094
  -8.2174655   37.0852155
  -8.2174356   37.0852146
  -8.2173464   37.0851914
  -8.217304    37.0851845
  -8.2172798   37.0851849
  -8.2172453   37.0852045
  -8.2172191   37.0852316
  -8.2171912   37.0852711
  -8.2171749   37.085284
  -8.2171576   37.0852906
  -8.2170714   37.0853018
  -8.2170113   37.0853006
  -8.2169576   37.0852913
  -8.2168845   37.085269
  -8.2168469   37.0852673
  -8.2168037   37.0852846
  -8.2167726   37.08531
  -8.2166948   37.0853331
  -8.2166493   37.0853571
  -8.216639    37.0853723
  -8.2165982   37.0854766
  -8.2165967   37.0855165
  -8.2166071   37.0855878
  -8.2166171   37.0856045
  -8.2166756   37.0856626
  -8.2167093   37.0856869
  -8.2167291   37.0857207
  -8.2167328   37.0857433
  -8.2167301   37.0858081
  -8.216758    37.0858326
  -8.2167607   37.0858497
  -8.2167561   37.0858624
  -8.216736    37.0858801
  -8.2167326   37.0859011
  -8.2167994   37.0860205
  -8.2168071   37.0860879
  -8.2168044   37.0861527
  -8.2167827   37.0862296
  -8.2167535   37.0862682
  -8.2167306   37.0863243
  -8.2166814   37.0863624
  -8.2166713   37.0863892
  -8.2166663   37.0864306
  -8.2166501   37.0864554
  -8.2165962   37.0864796
  -8.2165468   37.0865118
  -8.2164299   37.0865257
  -8.2163927   37.0865352
  -8.2163426   37.0865656
  -8.2163045   37.0866044
  -8.2162892   37.0866376
  -8.2162832   37.0866982
  -8.216291    37.086811
  -8.2162829   37.0868289
  -8.2162689   37.0868452
  -8.2161354   37.0869345
  -8.2159076   37.0870892
  -8.2155129   37.0872646
  -8.2152039   37.0873744
  -8.2150291   37.0874194
  -8.214728    37.0875156
  -8.2144618   37.0875957
  -8.2142878   37.0876311
  -8.2141209   37.087669
  -8.2139667   37.0877153
  -8.2138449   37.0877495
  -8.2135675   37.0878152
  -8.2134829   37.0878467
  -8.2132089   37.087915
  -8.2130894   37.0879411
  -8.2129258   37.0879672
  -8.2127048   37.0879663
  -8.2125266   37.0879753
  -8.2123936   37.0879888
  -8.2122079   37.0880253
  -8.2120436   37.088059
  -8.2119537   37.0880703
  -8.2117546   37.0880708
  -8.2116701   37.0880783
  -8.211564    37.088093
  -8.2115145   37.0880981
  -8.2114776   37.088105
  -8.2114481   37.088113
  -8.2114327   37.088113
  -8.2113925   37.0880644
  -8.2113267   37.0880457
  -8.2112677   37.088044
  -8.2112416   37.0880617
  -8.2112047   37.0880884
  -8.2111678   37.0881061
  -8.2111149   37.0881098
  -8.2110853   37.0881029
  -8.2110612   37.0880788
  -8.2110116   37.0880467
  -8.2109687   37.0880499
  -8.2109036   37.0880804
  -8.2108567   37.0880772
  -8.2108149   37.0880741
  -8.2107538   37.0880907
  -8.2107459   37.0880887
  -8.2107351   37.0880772
  -8.210744    37.0880447
  -8.2107541   37.0880259
  -8.2107917   37.0879869
  -8.2107976   37.0879451
  -8.2108318   37.0878721
  -8.2108286   37.0878504
  -8.2108084   37.0878272
  -8.2107912   37.087791
  -8.2107765   37.0877753
  -8.2107486   37.0877705
  -8.2107101   37.0877836
  -8.2106478   37.0878494
  -8.2106152   37.0878691
  -8.2105865   37.0878701
  -8.2104979   37.0878568
  -8.2104583   37.0878698
  -8.2104349   37.0878569
  -8.2104266   37.087845
  -8.2104117   37.0878406
  -8.2103509   37.0878619
  -8.2103171   37.0878642
  -8.2102842   37.0878548
  -8.2102435   37.0878296
  -8.210146    37.087784
  -8.2099645   37.0877161
  -8.2099347   37.0877109
  -8.2099084   37.0877232
  -8.2098488   37.0877243
  -8.2098348   37.087713
  -8.2098272   37.0876924
  -8.2098069   37.0876648
  -8.209799    37.0876599
  -8.2097819   37.0876589
  -8.2097489   37.0876691
  -8.2097221   37.0876889
  -8.209713    37.0877049
  -8.2097182   37.0877266
  -8.2097131   37.0877438
  -8.2096551   37.0877885
  -8.2096409   37.0878157
  -8.2096088   37.0878298
  -8.2095765   37.0878296
  -8.2095175   37.0878132
  -8.2094893   37.0877812
  -8.2094623   37.0877661
  -8.209393    37.0877636
  -8.2093572   37.0877664
  -8.2093491   37.0877693
  -8.2093197   37.0878032
  -8.2093116   37.0878067
  -8.2092868   37.0878052
  -8.2092672   37.0877948
  -8.2092267   37.0877543
  -8.2092003   37.0877479
  -8.2091378   37.0877664
  -8.2089965   37.0877804
  -8.2089786   37.0877864
  -8.2089724   37.0878011
  -8.2089768   37.0878267
  -8.2089719   37.0878499
  -8.2089546   37.0878975
  -8.2089355   37.0879086
  -8.208848    37.087926
  -8.2088356   37.0879436
  -8.2087775   37.0879788
  -8.2086827   37.0879854
  -8.2086339   37.0880015
  -8.2085636   37.0879803
  -8.2084967   37.0879767
  -8.2082159   37.0880573
  -8.2082055   37.0880553
  -8.2081675   37.0880126
  -8.2081337   37.0880111
  -8.2079876   37.0880973
  -8.2079719   37.0881117
  -8.2079663   37.0881386
  -8.2079776   37.0882235
  -8.2079696   37.0882435
  -8.2079593   37.0882531
  -8.2078761   37.088288
  -8.2075749   37.0883706
  -8.207494    37.0883875
  -8.2074199   37.0883919
  -8.2073371   37.0883566
  -8.2071993   37.0883703
  -8.2071632   37.0883703
  -8.2070557   37.0883492
  -8.2069824   37.08832
  -8.2069742   37.0883205
  -8.2069605   37.0883325
  -8.2069452   37.0883634
  -8.206919    37.0883799
  -8.2068397   37.088459
  -8.2067826   37.0886069
  -8.2067586   37.0887118
  -8.2067385   37.0887357
  -8.2066813   37.0887792
  -8.2066503   37.0887947
  -8.2066061   37.0888057
  -8.2064088   37.0888249
  -8.2062071   37.0888581
  -8.2061797   37.0888684
  -8.2061362   37.0888948
  -8.2060086   37.0889595
  -8.2059843   37.0889669
  -8.2058682   37.0889799
  -8.2058206   37.0889928
  -8.2057586   37.0889915
  -8.2056829   37.089
  -8.2053879   37.089014
  -8.2052669   37.089003
  -8.205145    37.0889996
  -8.2049764   37.0889783
  -8.2049172   37.0889746
  -8.2048743   37.0889588
  -8.2048355   37.0889546
  -8.2048015   37.088955
  -8.2046991   37.0889732
  -8.2045328   37.0889804
  -8.204186    37.0889598
  -8.2039788   37.0889561
  -8.2038032   37.0889849
  -8.2035229   37.0890277
  -8.2031661   37.0890502
  -8.2029744   37.0890641
  -8.2026659   37.089062
  -8.2025412   37.0890844
  -8.2023038   37.0890887
  -8.2021898   37.089109
  -8.202112    37.0890973
  -8.2018666   37.0890951
  -8.201585    37.0890855
  -8.2013248   37.0890448
  -8.2012188   37.0890438
  -8.2011344   37.0890256
  -8.2009815   37.0890202
  -8.2008125   37.0889839
  -8.200665    37.0889582
  -8.2005952   37.0889539
  -8.2003579   37.088894
  -8.2000615   37.0888202
  -8.1997517   37.0887624
  -8.1995814   37.0887218
  -8.1993078   37.0886704
  -8.1992032   37.088648
  -8.1990382   37.0886009
  -8.1989282   37.0885517
  -8.1988277   37.0885142
  -8.1987821   37.0884886
  -8.1986868   37.0885057
  -8.1985688   37.0885174
  -8.1984706   37.0885238
  -8.1982897   37.0885142
  -8.1982676   37.0885063
  -8.198229    37.0884812
  -8.1982016   37.0884694
  -8.1980956   37.0884876
  -8.1980475   37.0884853
  -8.1980041   37.0884734
  -8.1979756   37.0884598
  -8.197976    37.0884402
  -8.1980078   37.088427
  -8.1980669   37.0884255
  -8.1980777   37.0883996
  -8.1980798   37.0883778
  -8.198076    37.0883713
  -8.1980211   37.0883474
  -8.1980129   37.0883366
  -8.198006    37.088311
  -8.1979946   37.0882999
  -8.1979358   37.0882771
  -8.197868    37.0882339
  -8.1978498   37.0882324
  -8.197831    37.0882387
  -8.1977942   37.0882694
  -8.1977626   37.0882856
  -8.1976523   37.0883105
  -8.1975994   37.0883471
  -8.1975663   37.0883528
  -8.1975376   37.0883502
  -8.1973942   37.0882979
  -8.1973137   37.0882884
  -8.1972194   37.0882561
  -8.1971459   37.0882216
  -8.1971164   37.0881933
  -8.1970565   37.0881508
  -8.1969999   37.0881443
  -8.1969553   37.0881496
  -8.1969315   37.0881437
  -8.1969138   37.088134
  -8.1968673   37.0880949
  -8.1968067   37.088027
  -8.1967443   37.0879821
  -8.1966709   37.0879525
  -8.1966281   37.0879476
  -8.1965894   37.0879582
  -8.1965459   37.087979
  -8.1964032   37.0881
  -8.1963106   37.0881373
  -8.1962612   37.0881621
  -8.1961524   37.0881951
  -8.1960564   37.0882058
  -8.1959119   37.0882133
  -8.1958257   37.0882255
  -8.195726    37.0882467
  -8.195628    37.0882424
  -8.195475    37.0882516
  -8.1953464   37.0882814
  -8.1952581   37.0883117
  -8.1951146   37.0883374
  -8.1949244   37.0883784
  -8.1947829   37.0884244
  -8.1946585   37.0884567
  -8.1944735   37.0884939
  -8.1943975   37.0885323
  -8.1943777   37.088538
  -8.194281    37.0885411
  -8.1942239   37.0885476
  -8.1940043   37.088553
  -8.1937693   37.0885781
  -8.1937133   37.0885747
  -8.1936865   37.0885627
  -8.193637    37.0885495
  -8.1936002   37.0885595
  -8.1935755   37.0885787
  -8.1935484   37.0885872
  -8.1934756   37.0885394
  -8.1934474   37.0885414
  -8.1934173   37.0885872
  -8.1934139   37.0886139
  -8.1934065   37.0886152
  -8.193393    37.0886035
  -8.1933973   37.0885668
  -8.1933846   37.0885593
  -8.1933634   37.0885592
  -8.1933146   37.0885946
  -8.1932202   37.0886119
  -8.1931752   37.0886327
  -8.1930942   37.0886886
  -8.1930297   37.0887397
  -8.1929833   37.0887597
  -8.192931    37.0887896
  -8.1929286   37.0888215
  -8.1929326   37.0888267
  -8.1929716   37.0888252
  -8.1930039   37.0888094
  -8.1930131   37.0888101
  -8.1930292   37.088822
  -8.1930404   37.088845
  -8.1930326   37.0888936
  -8.1929833   37.0889288
  -8.1929424   37.0889342
  -8.1929279   37.0889399
  -8.1929093   37.0889631
  -8.1929079   37.088977
  -8.1929135   37.0889863
  -8.192982    37.0890265
  -8.1929964   37.0890451
  -8.1929948   37.0890667
  -8.1929722   37.0890937
  -8.1929492   37.0891022
  -8.1929424   37.0890991
  -8.1929349   37.089075
  -8.1929168   37.08905
  -8.1928848   37.0890484
  -8.1928413   37.0890697
  -8.192805    37.0890967
  -8.1927749   37.0891306
  -8.1927698   37.0891429
  -8.192769    37.0892071
  -8.1927527   37.0892239
  -8.1927386   37.0892266
  -8.192679    37.0892236
  -8.1926534   37.0892321
  -8.1926067   37.089259
  -8.1925505   37.0893349
  -8.1924859   37.0893707
  -8.1923731   37.0894132
  -8.192319    37.0894278
  -8.1922321   37.0894468
  -8.192046    37.089471
  -8.1919181   37.0895096
  -8.1917801   37.0895279
  -8.1916919   37.0895239
  -8.1916586   37.089515
  -8.1914663   37.089494
  -8.1913697   37.0894943
  -8.1911878   37.0894819
  -8.1910169   37.0894776
  -8.1908612   37.0894893
  -8.1907135   37.0895019
  -8.1905477   37.0895159
  -8.1903752   37.0895258
  -8.1901626   37.0895536
  -8.1899613   37.0895739
  -8.1897217   37.0896
  -8.1894516   37.0896139
  -8.1892661   37.0896148
  -8.1891228   37.0896085
  -8.188983    37.0895982
  -8.188886    37.0895829
  -8.1887749   37.0895451
  -8.1887231   37.0895186
  -8.1886722   37.0894956
  -8.1886318   37.0894773
  -8.1886006   37.0894744
  -8.1885279   37.0894814
  -8.1884557   37.0894586
  -8.1883989   37.0894585
  -8.1883144   37.0894745
  -8.1882319   37.089478
  -8.1881808   37.0894892
  -8.1881213   37.08952
  -8.1880321   37.0895436
  -8.1879658   37.0895547
  -8.1877987   37.089561
  -8.1877045   37.0895546
  -8.1875781   37.0895283
  -8.1875248   37.0895245
  -8.1874546   37.0895283
  -8.1874019   37.0895497
  -8.187244    37.0896878
  -8.1872115   37.0897492
  -8.1872049   37.0898149
  -8.1871941   37.0898327
  -8.1871424   37.0898635
  -8.1869719   37.0899313
  -8.1868989   37.0899553
  -8.186857    37.0899643
  -8.1866887   37.0899634
  -8.1866693   37.0899698
  -8.186624    37.0899972
  -8.1864946   37.0900001
  -8.186438    37.0900122
  -8.1863908   37.090033
  -8.1863197   37.0900483
  -8.1862307   37.0900471
  -8.1861912   37.090042
  -8.1861268   37.0900394
  -8.1860448   37.0900361
  -8.1859779   37.0900267
  -8.1859517   37.0900297
  -8.1858939   37.0900503
  -8.1858889   37.0900532
  -8.1858297   37.0900879
  -8.1856988   37.090138
  -8.185651    37.0901607
  -8.1854582   37.0902835
  -8.1854204   37.0903119
  -8.1853418   37.0903583
  -8.1852343   37.0904347
  -8.1851433   37.0904881
  -8.185034    37.0905271
  -8.1848828   37.0905269
  -8.1847481   37.0905526
  -8.1845101   37.0905325
  -8.1841725   37.0905171
  -8.1837505   37.0904618
  -8.1834372   37.0904468
  -8.1823404   37.0903048
  -8.1811144   37.090099
  -8.1791825   37.0897196
  -8.1771577   37.0891068
  -8.1758343   37.0886683
  -8.1744783   37.0882028
  -8.1734711   37.0876847
  -8.1728633   37.0875222
  -8.1711299   37.0868067
  -8.1698105   37.0864217
  -8.1695584   37.0863841
  -8.1690617   37.0863101
  -8.1680355   37.0859468
  -8.1674458   37.0857077
  -8.1665016   37.0854088
  -8.1651464   37.0850397
  -8.1644315   37.0847904
  -8.1631969   37.0844956
  -8.1604905   37.0837351
  -8.1544784   37.0820279
  -8.1514531   37.0809516
  -8.1487553   37.0801918
  -8.1466547   37.0796969
  -8.1459624   37.0795025
  -8.1454402   37.0794115
  -8.1448486   37.0792096
  -8.1440714   37.0789117
  -8.1431281   37.0786105
  -8.1408114   37.0779499
  -8.1399773   37.0777107
  -8.1378948   37.0771544
  -8.1364902   37.0766519
  -8.1341936   37.0759887
  -8.1313866   37.0751394
  -8.1291932   37.0744802
  -8.1272193   37.0738464
  -8.1264085   37.0737122
  -8.1257488   37.0735357
  -8.1253673   37.0727386
  -8.1248789   37.0710303
  -8.1246826   37.0703675
  -8.1244566   37.0695474
  -8.1243376   37.0694091
  -8.1242365   37.0693757
  -8.1241528   37.0694217
  -8.1241193   37.0694434
  -8.124125    37.069632
  -8.1242073   37.0697283
  -8.1251242   37.0726013
  -8.1222394   37.0722783
  -8.1229928   37.0705327
  -8.1231371   37.0704814
  -8.1231732   37.0702916
  -8.1230221   37.0702061
  -8.1228992   37.0702502
  -8.1224702   37.0711949
  -8.1220516   37.0722078
  -8.1217894   37.0724368
  -8.1216193   37.0725889
  -8.1214343   37.0727499
  -8.1213402   37.0727919
  -8.1210596   37.0727588
  -8.1207055   37.072643
  -8.1203562   37.0724725
  -8.1201904   37.0723554
  -8.1201936   37.0721263
  -8.1207629   37.0709493
  -8.1207342   37.0708526
  -8.1205859   37.0707775
  -8.1205205   37.0707648
  -8.1203626   37.0707928
  -8.1196497   37.0722625
  -8.1194009   37.0722892
  -8.1190166   37.0722294
  -8.1187167   37.0721378
  -8.1183483   37.0719393
  -8.1181298   37.0717662
  -8.1181521   37.0716364
  -8.1187837   37.0703677
  -8.1187901   37.0703092
  -8.1186832   37.0702087
  -8.118562    37.0701998
  -8.1184456   37.0702596
  -8.1176545   37.071723
  -8.1176115   37.0717611
  -8.1172271   37.0717306
  -8.1167471   37.0716161
  -8.1164568   37.0715003
  -8.1162064   37.0713399
  -8.1161187   37.0711911
  -8.1167375   37.0699249
  -8.1167439   37.0698358
  -8.1166099   37.069748
  -8.1164472   37.0697442
  -8.1163819   37.0698053
  -8.1156323   37.071256
  -8.1155127   37.0712916
  -8.1153165   37.0712865
  -8.1149768   37.0712254
  -8.1146498   37.0711096
  -8.1142033   37.0708437
  -8.1140948   37.0706973
  -8.114838    37.0692734
  -8.1148221   37.0691512
  -8.1147727   37.0690837
  -8.1146945   37.0690354
  -8.1145047   37.0690634
  -8.1137886   37.0704912
  -8.1136882   37.0705319
  -8.1135255   37.0705357
  -8.1130183   37.0704021
  -8.1124378   37.070131
  -8.1122831   37.0700216
  -8.1122289   37.0699325
  -8.1127924   37.0687205
  -8.1127789   37.0686431
  -8.1126887   37.0685567
  -8.1125466   37.0685567
  -8.1124383   37.0686251
  -8.1118068   37.070036
  -8.111579    37.0700774
  -8.1111505   37.070045
  -8.1121361   37.0673131
  -8.1121203   37.0670738
  -8.1114843   37.0659094
  -8.1114595   37.0657852
  -8.1105399   37.0650133
  -8.1104242   37.0649753
  -8.1102744   37.0650198
  -8.1102      37.0650959
  -8.1102082   37.0652011
  -8.1103159   37.065346
  -8.1105632   37.0654317
  -8.111049    37.065859
  -8.1110399   37.0659795
  -8.1112204   37.0661703
  -8.1116264   37.066856
  -8.1117594   37.0671242
  -8.1117888   37.0673671
  -8.1117031   37.0676173
  -8.1116151   37.0677505
  -8.1114279   37.0678638
  -8.1112114   37.0678674
  -8.1104197   37.0676155
  -8.1091971   37.0671113
  -8.1098159   37.0667626
  -8.1099961   37.0667244
  -8.1102385   37.0665322
  -8.1101827   37.0664101
  -8.1100854   37.0663503
  -8.1099562   37.066335
  -8.1096999   37.0665067
  -8.1089435   37.0669293
  -8.1088334   37.0670744
  -8.1085176   37.0678468
  -8.1084258   37.0680272
  -8.1081274   37.0680402
  -8.1074668   37.0680249
  -8.1068372   37.0678904
  -8.1066054   37.0677916
  -8.1065228   37.0676986
  -8.1067569   37.0672688
  -8.1067458   37.0672192
  -8.1066979   37.067201
  -8.1066403   37.0672337
  -8.106396    37.0676538
  -8.1061836   37.0677405
  -8.1058915   37.0677054
  -8.1053646   37.0675456
  -8.1040396   37.0670096
  -8.1035205   37.0666494
  -8.1034564   37.0665689
  -8.1034719   37.0665442
  -8.1036959   37.0661511
  -8.1037004   37.0661014
  -8.1036495   37.0660835
  -8.1035981   37.0661246
  -8.1033114   37.0665762
  -8.1031834   37.0666081
  -8.1030411   37.0666186
  -8.1027286   37.0665631
  -8.1021372   37.0663373
  -8.1015509   37.0660666
  -8.1007453   37.0655895
  -8.1004539   37.0653975
  -8.1006315   37.0650899
  -8.1006267   37.0650557
  -8.1005924   37.0650421
  -8.1005424   37.0650693
  -8.1002721   37.0655398
  -8.1000722   37.0655371
  -8.0998524   37.065518
  -8.0993816   37.065374
  -8.0986734   37.0650694
  -8.0979561   37.0647283
  -8.0973812   37.0644092
  -8.0973516   37.064348
  -8.0975344   37.0640741
  -8.0975455   37.0640468
  -8.0975345   37.0640195
  -8.0974852   37.0640022
  -8.097453    37.0640122
  -8.0974257   37.0640487
  -8.0971435   37.0644684
  -8.0970651   37.0644556
  -8.0969105   37.0644365
  -8.0964606   37.0642729
  -8.0955937   37.0638772
  -8.094587    37.0633245
  -8.0944755   37.0632343
  -8.0944198   37.0631395
  -8.0946723   37.0628339
  -8.0946841   37.0627819
  -8.0946712   37.0627458
  -8.0946355   37.0627447
  -8.0945685   37.0627655
  -8.0942296   37.063164
  -8.0940381   37.0630966
  -8.093822    37.0630226
  -8.0935511   37.0629214
  -8.0932492   37.0627987
  -8.092804    37.0625471
  -8.0924768   37.0623542
  -8.091713    37.0618645
  -8.0915924   37.0617974
  -8.0917846   37.0615834
  -8.0918593   37.0615147
  -8.0919123   37.0614577
  -8.0919461   37.0614108
  -8.0919717   37.0613538
  -8.0919566   37.0613073
  -8.091905    37.0612872
  -8.0917989   37.0613066
  -8.091661    37.0614413
  -8.0915463   37.0615622
  -8.0912261   37.0619938
  -8.0911128   37.0619625
  -8.0910043   37.0619479
  -8.0909415   37.0619583
  -8.0908862   37.0619919
  -8.0908032   37.0620991
  -8.090732    37.0622532
  -8.0904674   37.0622
  -8.0901802   37.0620949
  -8.0896613   37.0618384
  -8.088733    37.0613538
  -8.0882      37.0610869
  -8.0874886   37.0607307
  -8.0864038   37.0601349
  -8.0862305   37.0600397
  -8.084789    37.0592439
  -8.0831477   37.0583992
  -8.082607    37.0581151
  -8.0822162   37.0579098
  -8.0815308   37.0575497
  -8.0799224   37.0566731
  -8.0794717   37.0564274
  -8.0777885   37.0555165
  -8.0765296   37.0547903
  -8.075179    37.0540588
  -8.0735979   37.0531114
  -8.0722063   37.0522537
  -8.0712249   37.0517244
  -8.0698268   37.0508848
  -8.0678541   37.0497647
  -8.0666475   37.0489931
  -8.0659521   37.0485936
  -8.0648688   37.0480171
  -8.0614873   37.0460088
  -8.0599194   37.0450465
  -8.059481    37.0448033
  -8.0581138   37.0440449
  -8.0558256   37.042763
  -8.0534692   37.041329
  -8.0507879   37.0397427
  -8.0481355   37.0382401
  -8.0469727   37.0375594
  -8.0457466   37.0368416
  -8.0432823   37.0353059
  -8.0406886   37.0337965
  -8.0379202   37.0320371
  -8.0348859   37.0302044
  -8.0306724   37.0278325
  -8.0292337   37.0270579
  -8.0280979   37.0264464
  -8.0272237   37.0259757
  -8.0214383   37.0227172
  -8.0203071   37.0220384
  -8.018186    37.0207655
  -8.0152661   37.0192017
  -8.0137603   37.0182878
  -8.0119478   37.0172908
  -8.0091269   37.015705
  -8.007285    37.0146825
  -8.0041163   37.012749
  -8.0001449   37.010481
  -7.9965348   37.0083258
  -7.9953339   37.0076198
  -7.9950458   37.0074504
  -7.9934875   37.0064386
  -7.9891027   37.003541
  -7.9859552   37.0014835
  -7.9844317   37.0005201
  -7.9829232   36.999494
  -7.9799259   36.997365
  -7.9783443   36.9961972
  -7.9775103   36.9955984
  -7.9769062   36.9952639
  -7.9755729   36.9945013
  -7.974265    36.9935856
  -7.9697641   36.9901679
  -7.9677438   36.9883472
  -7.9672769   36.9879772
  -7.9666448   36.9875981
  -7.9666102   36.9875864
  -7.9654995   36.9872246
  -7.9647329   36.9867691
  -7.9642156   36.9864618
  -7.9632859   36.9859094
  -7.9614413   36.9848136
  -7.959933    36.983823
  -7.9589614   36.9836921
  -7.9573016   36.9830311
  -7.9565301   36.982447
  -7.9561139   36.9821484
  -7.9554774   36.9819551
  -7.9543689   36.9811969
  -7.9530336   36.9803595
  -7.9526364   36.9801039
  -7.9523527   36.9798964
  -7.9516372   36.9795378
  -7.9494602   36.9785182
  -7.9482957   36.9779591
  -7.9470275   36.9772909
  -7.9462897   36.9767778
  -7.9446598   36.9757597
  -7.9433746   36.9752166
  -7.941859    36.9747569
  -7.9412491   36.9744652
  -7.9405423   36.9741848
  -7.9392979   36.9738157
  -7.9383545   36.9735904
  -7.9376929   36.9733842
  -7.9354348   36.972664
  -7.9337284   36.971762
  -7.9316967   36.9710083
  -7.9302829   36.9704306
  -7.9286828   36.9699828
  -7.9274266   36.969488
  -7.9258729   36.9689879
  -7.9245175   36.9686693
  -7.9230098   36.9681258
  -7.9214975   36.967624
  -7.9192134   36.9670543
  -7.90856     36.9641401
  -7.8968635   36.9609574
  -7.8960469   36.9608012
  -7.8953726   36.9606722
  -7.8922248   36.9600702
  -7.8897839   36.9599679
  -7.8890986   36.9599682
  -7.8872816   36.9606534
  -7.8863181   36.9612628
  -7.8850133   36.9617105
  -7.8835838   36.9620554
  -7.8818582   36.9622373
  -7.8772991   36.9635601
  -7.8757172   36.9637648
  -7.8731024   36.9641718
  -7.872417    36.9642964
  -7.8720463   36.9643225
  -7.8717882   36.964304
  -7.8713616   36.964231
  -7.8709212   36.9641092
  -7.8709625   36.9639849
  -7.8709309   36.9639001
  -7.870862    36.963864
  -7.8707699   36.9638911
  -7.8699012   36.9635454
  -7.8689873   36.9631817
  -7.8688036   36.9631576
  -7.8687247   36.963542
  -7.8661527   36.9688619
  -7.8661459   36.9690116
  -7.8667127   36.9712158
  -7.8666081   36.9713933
  -7.8661923   36.9720988
  -7.8661021   36.9722519
  -7.8660918   36.9723867
  -7.8660708   36.9726628
  -7.8660205   36.9727296
  -7.8658888   36.9728285
  -7.8654936   36.9730664
  -7.8653988   36.9731695
  -7.8652723   36.9734052
  -7.8651222   36.9734894
  -7.8650507   36.973529
  -7.8635753   36.9742322
  -7.8618974   36.9750765
  -7.861797    36.9749526
  -7.8617449   36.9749352
  -7.8617073   36.9749535
  -7.8616949   36.9750005
  -7.8617111   36.9750187
  -7.8619646   36.9752744
  -7.8611127   36.9757539
  -7.8599694   36.9762716
  -7.8589696   36.9768132
  -7.8544057   36.9791591
  -7.8523429   36.9801607
  -7.8504977   36.9809229
  -7.8488129   36.9817475
  -7.8474619   36.9822222
  -7.8463945   36.9828207
  -7.843012    36.9840748
  -7.8381275   36.9862243
  -7.8336706   36.9880241
  -7.8314367   36.9892219
  -7.8289122   36.9901844
  -7.8254567   36.991305
  -7.8241705   36.9918723
  -7.8236864   36.9921887
  -7.822701    36.9927223
  -7.8216612   36.9931989
  -7.8207502   36.9935601
  -7.8199931   36.9938762
  -7.818248    36.9946797
  -7.8174691   36.9950948
  -7.8167273   36.9955155
  -7.8155303   36.9961893
  -7.8148297   36.9966127
  -7.8121214   36.9977542
  -7.8103671   36.9984798
  -7.8080331   36.9991909
  -7.8068957   36.9996952
  -7.8059453   37.0002843
  -7.8035003   37.0015415
  -7.8000974   37.0038349
  -7.7969946   37.0069852
  -7.7946771   37.0089049
  -7.7925956   37.0118093
  -7.7927647   37.012517
  -7.7925276   37.0134323
  -7.7920888   37.0141571
  -7.7915559   37.0147141
  -7.7907728   37.0156753
  -7.7900457   37.0164662
  -7.7886357   37.0175133
  -7.7876572   37.0180172
  -7.7865473   37.0185444
  -7.7853546   37.0187127
  -7.7848411   37.0190943
  -7.7839438   37.0195679
  -7.7830007   37.0202144
  -7.7815667   37.0213402
  -7.7800247   37.0224818
  -7.7790341   37.0232137
  -7.7781012   37.0237361
  -7.7757897   37.0249379
  -7.7752091   37.0254305
  -7.7742097   37.0261986
  -7.773193    37.0267181
  -7.7719204   37.0274642
  -7.7716105   37.0276851
  -7.7714051   37.0279711
  -7.7703973   37.0285634
  -7.7697994   37.0290032
  -7.7682603   37.0296917
  -7.766994    37.0304363
  -7.7667125   37.0305797
  -7.7662284   37.0307494
  -7.7649897   37.0313349
  -7.7628065   37.0325936
  -7.7620067   37.033203
  -7.7611226   37.0338098
  -7.7598439   37.0345334
  -7.7557672   37.0367531
  -7.7533234   37.0380825
  -7.7524514   37.0385734
  -7.7513622   37.0390946
  -7.750479    37.0396107
  -7.7481068   37.0408327
  -7.746186    37.0419403
  -7.7435781   37.0434791
  -7.7419078   37.044435
  -7.7396175   37.0456776
  -7.7388352   37.0460024
  -7.7377994   37.0464964
  -7.7366422   37.0471466
  -7.735052    37.0480987
  -7.7332836   37.048909
  -7.731289    37.0499104
  -7.7310731   37.0500674
  -7.7309493   37.0502398
  -7.7308936   37.0504592
  -7.7291662   37.0526937
  -7.7287559   37.0532245
  -7.7282438   37.0532758
  -7.7273555   37.0534497
  -7.7255442   37.0536733
  -7.7253847   37.0537435
  -7.7252748   37.0537919
  -7.7245831   37.0541961
  -7.7240508   37.0543552
  -7.7236411   37.054394
  -7.7226976   37.0545716
  -7.7215078   37.0548967
  -7.7210336   37.0551406
  -7.7204515   37.0555901
  -7.7201037   37.0558407
  -7.7191658   37.0563747
  -7.7181068   37.0568624
  -7.7169635   37.0573754
  -7.7157991   37.0578968
  -7.7145421   37.0585192
  -7.7120954   37.0600668
  -7.7078525   37.0626424
  -7.7061995   37.0637157
  -7.7046368   37.0646276
  -7.7030752   37.0656117
  -7.7011411   37.0666717
  -7.6989878   37.0679287
  -7.6972539   37.0688223
  -7.6944453   37.0699732
  -7.6920899   37.0710517
  -7.6896493   37.0723236
  -7.6874085   37.0734028
  -7.6858618   37.0741635
  -7.6828866   37.0757589
  -7.6798771   37.0771639
  -7.678063    37.0779724
  -7.676509    37.0786985
  -7.6752436   37.0792294
  -7.6733393   37.0802558
  -7.6710382   37.0813167
  -7.6689972   37.0822037
  -7.6669689   37.0831865
  -7.6639658   37.0846562
  -7.6625077   37.0853279
  -7.6607838   37.086136
  -7.6593175   37.0868922
  -7.6584105   37.08736
  -7.6542112   37.0897079
  -7.6531986   37.090274
  -7.6511651   37.0913189
  -7.650848    37.0917247
  -7.6500993   37.0921958
  -7.6489959   37.0926996
  -7.6468882   37.0941132
  -7.6443974   37.0955389
  -7.6418769   37.097148
  -7.6408272   37.0977302
  -7.6403765   37.0979802
  -7.6388693   37.0990091
  -7.6380529   37.0994928
  -7.6364534   37.1003752
  -7.6336189   37.1022506
  -7.6316111   37.103446
  -7.6283382   37.1054573
  -7.627249    37.1062071
  -7.6250467   37.107366
  -7.6195497   37.1102597
  -7.6164577   37.111776
  -7.6163462   37.1117773
  -7.6160972   37.1114375
  -7.6159873   37.1114251
  -7.6158702   37.1114861
  -7.6158765   37.1115677
  -7.6158092   37.1123188
  -7.6157347   37.1131498
  -7.6157541   37.1132376
  -7.6159208   37.1134618
  -7.6166007   37.1141561
  -7.617084    37.1147142
  -7.6169997   37.1148646
  -7.6168919   37.1149571
  -7.6155703   37.1155915
  -7.6156035   37.1156278
  -7.6161836   37.1153653
  -7.6164073   37.1152912
  -7.6170659   37.1149722
  -7.6171366   37.1150323
  -7.6173926   37.1151311
  -7.6176326   37.1152296
  -7.6177669   37.1153451
  -7.617867    37.11553
  -7.6178265   37.1157961
  -7.6175021   37.1162873
  -7.6171242   37.1167337
  -7.6168713   37.1169227
  -7.6167022   37.1168378
  -7.6166697   37.1168911
  -7.6169661   37.1170614
  -7.6165762   37.1175214
  -7.6160072   37.1180277
  -7.6158428   37.1179073
  -7.6157306   37.1178806
  -7.6157042   37.1179563
  -7.6157569   37.1180235
  -7.6159703   37.1181096
  -7.6156941   37.1184092
  -7.6143233   37.1192246
  -7.6135252   37.1197576
  -7.6118428   37.121043
  -7.610855    37.1216922
  -7.6079499   37.1234694
  -7.6074446   37.1238436
  -7.6070097   37.1241656
  -7.6059729   37.1248628
  -7.6047493   37.1255848
  -7.6039712   37.126029
  -7.6020558   37.1272342
  -7.5976868   37.1296994
  -7.5952784   37.1309774
  -7.594013    37.1316091
  -7.5937812   37.1318359
  -7.5925904   37.1323525
  -7.5923165   37.1325836
  -7.5918107   37.1328188
  -7.5885283   37.1343729
  -7.5872111   37.1351752
  -7.5856639   37.1358369
  -7.5832806   37.1367671
  -7.5790894   37.1388144
  -7.5746876   37.1406838
  -7.5702461   37.1424049
  -7.5657932   37.1439501
  -7.5621509   37.1456437
  -7.554815    37.1484755
  -7.5466367   37.1517326
  -7.5451141   37.1525036
  -7.5439971   37.1528395
  -7.5430699   37.1529277
  -7.5403066   37.1531625
  -7.5387442   37.1537256
  -7.5376752   37.1543499
  -7.5378907   37.1544436
  -7.5387969   37.1545444
  -7.5392342   37.1546536
  -7.5389339   37.1549349
  -7.5394819   37.1551659
  -7.5384545   37.1556152
  -7.5372111   37.1559217
  -7.5360238   37.1563822
  -7.5329539   37.1573494
  -7.5303513   37.1584286
  -7.5290795   37.1588827
  -7.5261415   37.1599318
  -7.5234703   37.1609311
  -7.5210572   37.1619305
  -7.5146833   37.1643147
  -7.5120194   37.1652347
  -7.5089312   37.1662273
  -7.5085912   37.1663277
  -7.5068335   37.166847
  -7.5066716   37.1668956
  -7.5031508   37.1679514
  -7.5003042   37.1687322
  -7.4979549   37.1692726
  -7.4951027   37.1700374
  -7.4916514   37.1708695
  -7.4878998   37.1717768
  -7.4864609   37.1720249
  -7.4854901   37.1722746
  -7.4834879   37.1727013
  -7.4818694   37.172979
  -7.4793753   37.1734875
  -7.4774736   37.1739132
  -7.477104    37.1740034
  -7.474492    37.1744946
  -7.472522    37.1748634
  -7.4697978   37.1753516
  -7.4691271   37.1754276
  -7.4650298   37.1759867
  -7.4620554   37.1762919
  -7.4606965   37.176414
  -7.4590027   37.176549
  -7.4581387   37.1766213
  -7.4535601   37.1767679
  -7.4531      37.1768126
  -7.4514355   37.1768323
  -7.4482501   37.1767059
  -7.4474558   37.1767019
  -7.4466414   37.1766563
  -7.4450206   37.1765826
  -7.4436486   37.1765251
  -7.4426322   37.1764825
  -7.4420542   37.1764123
  -7.4374903   37.1759624
  -7.4292334   37.174839
  -7.4247033   37.1739533
  -7.4240474   37.173802
  -7.4224144   37.173313
  -7.4218986   37.1730241
  -7.4218001   37.1729399
  -7.421777    37.1728833
  -7.4220434   37.1722391
  -7.4220464   37.1722139
  -7.4220415   37.1721922
  -7.4220105   37.1721721
  -7.4219666   37.1721746
  -7.4219448   37.1721897
  -7.4219291   37.1722133
  -7.4217529   37.1727413
  -7.421661    37.1727925
  -7.4215267   37.1728168
  -7.421336    37.1728224
  -7.4206627   37.1727597
  -7.4199647   37.1726522
  -7.41842     37.1725029
  -7.4171943   37.1723011
  -7.4167207   37.1722042
  -7.4162801   37.172174
  -7.415533    37.1719903
  -7.4139775   37.1716759
  -7.413143    37.1714426
  -7.412039    37.1711355
  -7.4109769   37.170874
  -7.4105059   37.1707368
  -7.4093075   37.1704713
  -7.4084764   37.1701961
  -7.4078862   37.1700067
  -7.4037636   37.1686263
  -7.403179    37.1684529
  -7.4028639   37.1683117
  -7.4027839   37.1682358
  -7.399846    37.1632218
  -7.3997762   37.1631779
  -7.3996884   37.1631845
  -7.39963     37.1632044
  -7.3948663   37.1661936
  -7.4058035   37.1800134
  -7.4063935   37.1811789
  -7.4065287   37.1814121
  -7.40728     37.1827074
  -7.4084301   37.1881648
  -7.4090855   37.1929777
  -7.4111418   37.2031548
  -7.4120637   37.2063802
  -7.4131071   37.2087102
  -7.4136404   37.21056
  -7.4135721   37.2126171
  -7.4130665   37.2168456
  -7.4125712   37.2214909
  -7.413186    37.2244573
  -7.4139259   37.2265884
  -7.4160898   37.2309294
  -7.4170709   37.2325218
  -7.4178138   37.2341457
  -7.419368    37.2373556
  -7.4194612   37.237577
  -7.419461    37.2375986
  -7.4194603   37.2376621
  -7.4194599   37.2377064
  -7.419561    37.238103
  -7.4205505   37.2392131
  -7.4222164   37.2403196
  -7.4264615   37.2426293
  -7.4292734   37.2441213
  -7.4309679   37.2451731
  -7.4322089   37.2464827
  -7.4330464   37.2480706
  -7.4335324   37.2497363
  -7.43362     37.2510992
  -7.4335661   37.2542245
  -7.4330431   37.2562771
  -7.4319486   37.2594063
  -7.4318928   37.2594781
  -7.429179    37.2629708
  -7.4284261   37.2639139
  -7.4261158   37.2668239
  -7.4241365   37.268709
  -7.4229616   37.2700183
  -7.422271    37.2713689
  -7.4217985   37.2726824
  -7.4216912   37.2737849
  -7.4220445   37.2748516
  -7.4236193   37.2773771
  -7.4258242   37.2798868
  -7.429138    37.2830033
  -7.4313448   37.2853389
  -7.4332573   37.2880794
  -7.4346137   37.2907196
  -7.4352943   37.2931044
  -7.4358348   37.2975401
  -7.4369709   37.3004499
  -7.4379233   37.3022749
  -7.4399784   37.3053837
  -7.4410997   37.3073065
  -7.4415479   37.3086252
  -7.4421779   37.3112999
  -7.4422067   37.3134295
  -7.4419678   37.3151464
  -7.4418437   37.3160402
  -7.441338    37.3183213
  -7.4407145   37.3202534
  -7.4393545   37.3231873
  -7.4390494   37.324734
  -7.4390293   37.3269211
  -7.4394683   37.3292851
  -7.4400285   37.3315914
  -7.4413611   37.334309
  -7.4427455   37.3366786
  -7.4440038   37.3395507
  -7.4448073   37.3418393
  -7.4449652   37.3431176
  -7.4449738   37.3448403
  -7.4446593   37.347432
  -7.4441156   37.3485515
  -7.4427672   37.3501695
  -7.4410794   37.3518047
  -7.4386836   37.3539392
  -7.4377975   37.3553857
  -7.4371511   37.3571045
  -7.4367458   37.3589797
  -7.436336    37.3613579
  -7.4363587   37.3641452
  -7.4366127   37.368134
  -7.4370819   37.3702988
  -7.4375199   37.3723201
  -7.4377129   37.3750696
  -7.4382251   37.377376
  -7.4386884   37.3790745
  -7.4391397   37.3807685
  -7.4396899   37.3842364
  -7.4396572   37.3851653
  -7.43943     37.3861124
  -7.4395654   37.3872164
  -7.4404766   37.3910154
  -7.4411919   37.3923745
  -7.4423634   37.3942201
  -7.4438985   37.3961452
  -7.446566    37.3989092
  -7.4490219   37.4009944
  -7.4511209   37.402284
  -7.4549392   37.4039511
  -7.4565589   37.4045991
  -7.4599184   37.4060702
  -7.4610288   37.4066957
  -7.4617987   37.4074356
  -7.4623979   37.4082713
  -7.4627068   37.4089891
  -7.4628669   37.410074
  -7.462687    37.411215
  -7.462365    37.411968
  -7.461972    37.4124883
  -7.4613359   37.4130654
  -7.460287    37.4136788
  -7.4594122   37.4141057
  -7.4576732   37.4144321
  -7.4561595   37.4145421
  -7.4542246   37.4145904
  -7.451918    37.4145968
  -7.4506274   37.4147083
  -7.4490612   37.4151342
  -7.4479417   37.4155036
  -7.4473681   37.4158563
  -7.4466661   37.4166634
  -7.4461387   37.4174119
  -7.4458102   37.4180628
  -7.445556    37.4187537
  -7.4455004   37.4194062
  -7.4455949   37.419921
  -7.4460355   37.4205566
  -7.4469451   37.4214323
  -7.4483014   37.4222908
  -7.4500284   37.4233096
  -7.4519801   37.4241716
  -7.4540284   37.4253108
  -7.4555056   37.4265457
  -7.4564385   37.4276195
  -7.4574901   37.4292869
  -7.4587224   37.4329338
  -7.4592223   37.4352907
  -7.459281    37.4370317
  -7.4592307   37.43988
  -7.4589413   37.441718
  -7.4585827   37.4429821
  -7.4580243   37.4443834
  -7.4573616   37.4463379
  -7.4570803   37.4472859
  -7.4566236   37.4483711
  -7.4563677   37.44924
  -7.4562104   37.4501887
  -7.4563014   37.4510991
  -7.4566623   37.4523673
  -7.4572485   37.4533993
  -7.4583267   37.4549087
  -7.4599017   37.4563618
  -7.4632033   37.4589917
  -7.4641879   37.4599072
  -7.4652206   37.4609813
  -7.4661764   37.4623316
  -7.4669083   37.4637403
  -7.468247    37.466695
  -7.4688015   37.468538
  -7.4692338   37.4701625
  -7.4695925   37.4717074
  -7.4695532   37.4733292
  -7.4693925   37.4746734
  -7.4694334   37.4756627
  -7.4694184   37.4773638
  -7.469309    37.4785105
  -7.4689518   37.4795966
  -7.4684996   37.4802269
  -7.4679736   37.480758
  -7.465801    37.4822097
  -7.4646519   37.483034
  -7.4639249   37.4838409
  -7.4635964   37.4844721
  -7.4633605   37.485267
  -7.4633151   37.48542
  -7.4633612   37.4858159
  -7.4637954   37.4872226
  -7.4642827   37.4882542
  -7.4647475   37.4890284
  -7.4654597   37.4899027
  -7.4666661   37.4910173
  -7.470767    37.4932953
  -7.4718795   37.4938356
  -7.4734646   37.4942598
  -7.4785718   37.4950793
  -7.4796613   37.4954217
  -7.4810221   37.4959635
  -7.4827019   37.496922
  -7.48413     37.498275
  -7.4853818   37.4999831
  -7.4862374   37.5015306
  -7.4877835   37.503636
  -7.4887193   37.5050163
  -7.4895929   37.5061655
  -7.4903165   37.50735
  -7.4908788   37.5088772
  -7.491004    37.5093936
  -7.4911284   37.5103457
  -7.4911308   37.5114113
  -7.4907981   37.5140005
  -7.4907088   37.5144005
  -7.4906596   37.5149075
  -7.4904071   37.5164024
  -7.4903009   37.5173906
  -7.4902689   37.5183789
  -7.4903244   37.5188743
  -7.4904337   37.5193581
  -7.4907505   37.5203615
  -7.4910462   37.5209339
  -7.4913198   37.5213307
  -7.4921647   37.5221693
  -7.49284     37.5226847
  -7.4936936   37.523113
  -7.4943151   37.5233181
  -7.4946736   37.5233749
  -7.4952919   37.523418
  -7.4960501   37.5234272
  -7.4974427   37.5232389
  -7.4992491   37.5227667
  -7.50098     37.5222717
  -7.5018591   37.5221159
  -7.5022219   37.5221077
  -7.5033588   37.5221725
  -7.5051461   37.5223555
  -7.5078941   37.5229211
  -7.5085051   37.5230165
  -7.5089852   37.5231505
  -7.5101524   37.523612
  -7.5112651   37.5243775
  -7.5117213   37.5248842
  -7.51202     37.52531
  -7.5124177   37.5260679
  -7.513667    37.5253275
  -7.5138286   37.525153
  -7.5139689   37.5251219
  -7.5141689   37.5251309
  -7.5143584   37.5252037
  -7.5147651   37.5256123
  -7.5151705   37.5261804
  -7.5154263   37.5267079
  -7.5154541   37.5269792
  -7.515398    37.5277202
  -7.5155024   37.5284063
  -7.5156014   37.5285344
  -7.5158506   37.5286474
  -7.5161008   37.5286168
  -7.5165027   37.5284035
  -7.5175894   37.5276598
  -7.5178707   37.5274939
  -7.5180815   37.5274072
  -7.5188756   37.5269411
  -7.5191581   37.5266635
  -7.519349    37.5265689
  -7.5194999   37.5264501
  -7.5198814   37.5262926
  -7.5201319   37.5262381
  -7.5206624   37.526201
  -7.5211822   37.5262515
  -7.5214617   37.5263247
  -7.5217904   37.5265018
  -7.5222769   37.5269507
  -7.523654    37.5285919
  -7.5238925   37.5287924
  -7.5241916   37.5289136
  -7.5244715   37.5289389
  -7.5253421   37.5289274
  -7.5256427   37.5288652
  -7.5258435   37.5287626
  -7.5260146   37.5286359
  -7.5260866   37.5284131
  -7.5260681   37.5282137
  -7.5259704   37.5279342
  -7.5255968   37.5271112
  -7.52556     37.5267124
  -7.5255815   37.5265291
  -7.5256527   37.526386
  -7.5259143   37.526212
  -7.526536    37.5260238
  -7.5271085   37.5257478
  -7.5272493   37.5256528
  -7.5275114   37.525399
  -7.5279655   37.5249151
  -7.5281665   37.5248045
  -7.5283973   37.5247101
  -7.529089    37.5245222
  -7.5306366   37.5236453
  -7.5313488   37.5233937
  -7.5320607   37.52319
  -7.5327018   37.5230737
  -7.5331733   37.5229246
  -7.5355458   37.5226974
  -7.5358756   37.522731
  -7.536335    37.5228369
  -7.5369051   37.5228318
  -7.5384739   37.523047
  -7.5388727   37.5232243
  -7.5389919   37.5233366
  -7.5397283   37.5238106
  -7.5402467   37.5240364
  -7.5407664   37.5240867
  -7.5413467   37.5240817
  -7.5416865   37.5241232
  -7.5423658   37.523972
  -7.5425165   37.523877
  -7.5426678   37.5237263
  -7.5427691   37.5235674
  -7.5428823   37.5231693
  -7.5429149   37.5228268
  -7.54285     37.5221807
  -7.5427523   37.5218933
  -7.5427877   37.5211999
  -7.5427596   37.5209607
  -7.5427303   37.5208728
  -7.5425417   37.5206726
  -7.5425326   37.5205689
  -7.5427141   37.5203864
  -7.5428947   37.5203235
  -7.5434558   37.5202068
  -7.5437361   37.5201763
  -7.544116    37.5201941
  -7.5450044   37.5204377
  -7.5453441   37.5204951
  -7.545684    37.5205127
  -7.5458637   37.5205615
  -7.5461026   37.5207061
  -7.5462309   37.5209172
  -7.5462395   37.5211006
  -7.5462172   37.5213955
  -7.5459745   37.5217371
  -7.5459634   37.5218726
  -7.5459912   37.5221597
  -7.5460689   37.522447
  -7.5460164   37.5227656
  -7.546045    37.5229491
  -7.5460175   37.5238976
  -7.5460838   37.5243603
  -7.5461628   37.5245043
  -7.5465511   37.5247452
  -7.5472858   37.5254663
  -7.5475244   37.5256508
  -7.5477035   37.5257713
  -7.5481525   37.525917
  -7.5485822   37.525967
  -7.5487725   37.525944
  -7.5490835   37.5258339
  -7.5493764   37.5254686
  -7.5496316   37.5248162
  -7.549695    37.5243701
  -7.5497964   37.5241953
  -7.5501488   37.523902
  -7.5502799   37.5237671
  -7.5504926   37.5234334
  -7.5507948   37.5231718
  -7.5509959   37.5230453
  -7.5515274   37.5228565
  -7.5520081   37.5227951
  -7.5522679   37.5228283
  -7.5531967   37.5230242
  -7.5538054   37.5232185
  -7.5539649   37.523291
  -7.5542732   37.5235156
  -7.5544707   37.5238594
  -7.5547777   37.5242595
  -7.5551263   37.5244605
  -7.5554455   37.5245657
  -7.5557264   37.5244794
  -7.5560077   37.5243134
  -7.5565335   37.5235825
  -7.5569969   37.5231464
  -7.5575199   37.5227822
  -7.5580004   37.5227446
  -7.5584204   37.5227547
  -7.5587001   37.5228038
  -7.560028    37.5231531
  -7.5602678   37.5231702
  -7.5608283   37.523133
  -7.5613599   37.5229522
  -7.5616211   37.522802
  -7.5623755   37.5222635
  -7.5630174   37.5220434
  -7.5637281   37.5219831
  -7.5641783   37.5219772
  -7.564738    37.5220198
  -7.5648675   37.5221001
  -7.5649168   37.522196
  -7.5649349   37.5224512
  -7.5646815   37.5228804
  -7.5645308   37.5229675
  -7.5642688   37.5232292
  -7.5640769   37.5234516
  -7.5638038   37.5238615
  -7.5637416   37.5241403
  -7.5637491   37.5244751
  -7.5637965   37.5248182
  -7.563897    37.5251588
  -7.5638133   37.5252488
  -7.5635282   37.5259011
  -7.5634969   37.5260604
  -7.5635262   37.5261721
  -7.5636253   37.5262842
  -7.5638147   37.5263808
  -7.5641739   37.526502
  -7.5651227   37.5267058
  -7.5655316   37.5268672
  -7.5658207   37.5270042
  -7.5666267   37.527574
  -7.5670055   37.5277512
  -7.5671753   37.5277839
  -7.5674953   37.5277854
  -7.5678456   37.5277632
  -7.5681363   37.5277008
  -7.5683469   37.5276301
  -7.5688702   37.52721
  -7.5691409   37.5271396
  -7.5695902   37.5272533
  -7.5699983   37.5275342
  -7.5703757   37.5278867
  -7.571152    37.5284246
  -7.5715208   37.5286097
  -7.5724993   37.5288614
  -7.572949    37.5289337
  -7.5736379   37.5290964
  -7.5741379   37.5291307
  -7.5744283   37.5290921
  -7.5747092   37.5289818
  -7.5749606   37.5288156
  -7.5753537   37.5284237
  -7.5756152   37.5282335
  -7.5758172   37.5279873
  -7.5759796   37.5276692
  -7.5760128   37.527239
  -7.5759765   37.5267287
  -7.5761226   37.5259162
  -7.5762755   37.5255422
  -7.5764376   37.525272
  -7.5766293   37.5250417
  -7.5767412   37.5248031
  -7.576915    37.5242937
  -7.57724     37.523632
  -7.5774245   37.5230429
  -7.5776275   37.5226373
  -7.5777633   37.5218726
  -7.5779901   37.5209569
  -7.5788255   37.5189105
  -7.5789696   37.5183531
  -7.5791067   37.5174051
  -7.5791883   37.5171904
  -7.5793702   37.516936
  -7.5798632   37.5165398
  -7.5800841   37.5164212
  -7.5805857   37.5162323
  -7.5808067   37.5160977
  -7.5814311   37.5155187
  -7.583108    37.5143068
  -7.584163    37.5136301
  -7.5844387   37.5135556
  -7.5849737   37.513586
  -7.5853438   37.5135638
  -7.585925    37.513415
  -7.5860851   37.5134157
  -7.5866382   37.5136934
  -7.5868324   37.5138218
  -7.5869913   37.513978
  -7.5874113   37.5146575
  -7.5875371   37.5159279
  -7.5876452   37.5161915
  -7.5877592   37.5163275
  -7.5879035   37.5164159
  -7.5882133   37.5164651
  -7.5888185   37.516436
  -7.5908977   37.5159234
  -7.591429    37.5157744
  -7.5919707   37.5155617
  -7.5932014   37.5148187
  -7.5940067   37.514081
  -7.594624    37.5137808
  -7.5958069   37.5134115
  -7.5961332   37.5132336
  -7.5966463   37.5128174
  -7.5967726   37.5126387
  -7.5969002   37.5122885
  -7.5969062   37.5121411
  -7.5968427   37.5119295
  -7.5965851   37.5115855
  -7.5961037   37.5110732
  -7.5956758   37.5107683
  -7.5943637   37.5102541
  -7.5941875   37.510161
  -7.5940438   37.5100374
  -7.5939695   37.5099238
  -7.593917    37.5097264
  -7.5939473   37.5094372
  -7.5940745   37.5089767
  -7.5941556   37.5088174
  -7.5943468   37.5085962
  -7.5944531   37.5083875
  -7.5951739   37.5080014
  -7.595691    37.5078911
  -7.5959348   37.507755
  -7.5961345   37.5076139
  -7.5963342   37.5074204
  -7.5964778   37.5071571
  -7.596529    37.5069684
  -7.5965403   37.5066043
  -7.5964887   37.5063416
  -7.596107    37.5056733
  -7.5956491   37.5050831
  -7.5955645   37.5049276
  -7.5955272   37.5047282
  -7.5956222   37.5045096
  -7.5957986   37.5042576
  -7.596189    37.5038409
  -7.5971709   37.5030199
  -7.59815     37.502353
  -7.5988936   37.5020072
  -7.5995384   37.5017491
  -7.5997378   37.501555
  -7.5998776   37.5012754
  -7.6000237   37.5010721
  -7.600159    37.500947
  -7.6003783   37.5008327
  -7.6006182   37.5007724
  -7.6009083   37.5007604
  -7.6011935   37.5008486
  -7.601693    37.5013334
  -7.6020128   37.5017726
  -7.6022107   37.5019313
  -7.6024512   37.5020383
  -7.6027428   37.5020357
  -7.6035976   37.5018545
  -7.6038828   37.5017622
  -7.6046308   37.5014103
  -7.6048984   37.5013605
  -7.605077    37.5013649
  -7.6053232   37.5014052
  -7.6055174   37.5014781
  -7.6065377   37.5019265
  -7.6072856   37.5022157
  -7.6074482   37.5023128
  -7.6082022   37.5024583
  -7.6085589   37.5024885
  -7.6089526   37.5024839
  -7.6094626   37.5024071
  -7.6099783   37.50229
  -7.6101585   37.5021434
  -7.6103341   37.5018115
  -7.6104984   37.5010619
  -7.6107473   37.5003218
  -7.6109667   37.4999321
  -7.6110676   37.499843
  -7.6114093   37.499684
  -7.6119697   37.499471
  -7.6123148   37.4994629
  -7.613048    37.4996192
  -7.613815    37.4998801
  -7.6145084   37.5000213
  -7.615012    37.4999962
  -7.6153501   37.4998464
  -7.6156143   37.499577
  -7.6157855   37.4992583
  -7.6159534   37.4987465
  -7.6159817   37.4983409
  -7.6157247   37.4972311
  -7.6153426   37.4966687
  -7.6150866   37.4961515
  -7.6146208   37.4956644
  -7.6143783   37.4952915
  -7.6143482   37.4951892
  -7.6143606   37.4949645
  -7.6145442   37.4944833
  -7.6146632   37.494293
  -7.6150343   37.4938486
  -7.6159533   37.4930831
  -7.6162134   37.4929233
  -7.6173763   37.4923991
  -7.6181354   37.4920142
  -7.6190829   37.4913005
  -7.6194446   37.490957
  -7.6198026   37.4904347
  -7.6199118   37.4902035
  -7.6202152   37.4898788
  -7.6206729   37.4897833
  -7.6210997   37.4898044
  -7.6215595   37.4899134
  -7.6218989   37.4901053
  -7.6219893   37.4902645
  -7.622026    37.4904104
  -7.6220854   37.4919541
  -7.6223519   37.4923284
  -7.6225595   37.4925051
  -7.6229245   37.4927339
  -7.6232209   37.4928834
  -7.6234832   37.4929617
  -7.6240543   37.4930676
  -7.6258372   37.4931958
  -7.6267236   37.4932221
  -7.627345    37.4931701
  -7.6278156   37.4932365
  -7.6285346   37.4935601
  -7.6297071   37.4941672
  -7.6303521   37.4944058
  -7.6309418   37.4946822
  -7.6311109   37.4948055
  -7.6312514   37.4950143
  -7.6313353   37.4953964
  -7.631299    37.495843
  -7.6313494   37.4960799
  -7.6314189   37.496166
  -7.6317208   37.4963704
  -7.6331135   37.4969466
  -7.6334662   37.4971699
  -7.6336843   37.4975525
  -7.6339352   37.4986637
  -7.6340842   37.498926
  -7.6342392   37.4990939
  -7.6345873   37.4993399
  -7.6360157   37.4997735
  -7.6368473   37.5001317
  -7.6377851   37.5002583
  -7.6391286   37.5002533
  -7.6400383   37.5001885
  -7.6414769   37.5001569
  -7.6417193   37.5001192
  -7.6419943   37.5000303
  -7.6423883   37.499858
  -7.6428262   37.4995638
  -7.6431733   37.4991664
  -7.6434628   37.4981951
  -7.6437755   37.4975583
  -7.6450597   37.495857
  -7.6455383   37.4953085
  -7.6461134   37.4948737
  -7.6469772   37.4944398
  -7.6473495   37.4942912
  -7.6478152   37.4941559
  -7.6479768   37.4941308
  -7.6481327   37.4941571
  -7.6483099   37.4942265
  -7.6486689   37.4944381
  -7.6488464   37.4945992
  -7.6491131   37.4949735
  -7.6495545   37.4958032
  -7.6497233   37.4963251
  -7.6500155   37.4968925
  -7.6503019   37.4975542
  -7.6504625   37.4976707
  -7.6508375   37.497826
  -7.651473    37.4978884
  -7.6522341   37.4978658
  -7.6531514   37.4977759
  -7.6535114   37.4978631
  -7.6536511   37.4979399
  -7.6537443   37.4980754
  -7.6537645   37.4982842
  -7.653555    37.4986245
  -7.6531628   37.4989401
  -7.6527614   37.4991987
  -7.6524733   37.4994432
  -7.6520014   37.5000859
  -7.6516359   37.5004397
  -7.6512156   37.5007336
  -7.6508011   37.5009657
  -7.6506764   37.501096
  -7.6506329   37.5013853
  -7.6506969   37.5016761
  -7.6509459   37.5020929
  -7.6512293   37.5023675
  -7.6513865   37.5024421
  -7.6517034   37.5025259
  -7.6522182   37.5025775
  -7.6525787   37.5025283
  -7.6529975   37.5024059
  -7.6536492   37.5021141
  -7.6541669   37.501976
  -7.654654    37.5016957
  -7.6552631   37.5012876
  -7.6561588   37.5005316
  -7.6565476   37.5002954
  -7.6568127   37.5002275
  -7.6571892   37.5001797
  -7.6577356   37.5002604
  -7.6580139   37.5003411
  -7.6582546   37.5004329
  -7.65911     37.5009079
  -7.6592259   37.5010005
  -7.6594487   37.5012881
  -7.659507    37.5017912
  -7.6592822   37.5026733
  -7.6592596   37.5034121
  -7.6592845   37.50353
  -7.6595035   37.5039541
  -7.6598097   37.5042986
  -7.660489    37.5048796
  -7.6609506   37.5053656
  -7.6615402   37.5056391
  -7.6620827   37.5057746
  -7.6623475   37.5057626
  -7.6629516   37.5056708
  -7.6632198   37.5055744
  -7.6636927   37.5053364
  -7.6643978   37.5046868
  -7.665028    37.5039455
  -7.6653602   37.5037133
  -7.6657268   37.5035617
  -7.66822     37.5028031
  -7.6690565   37.5024865
  -7.6697462   37.5023989
  -7.6700723   37.502455
  -7.6702642   37.5025461
  -7.6707318   37.502856
  -7.6711517   37.5033327
  -7.6714528   37.503823
  -7.6717816   37.5042164
  -7.6721954   37.5046015
  -7.6724466   37.5047649
  -7.6732165   37.5051282
  -7.6741764   37.5055014
  -7.6749486   37.5058841
  -7.6752277   37.5059582
  -7.6754417   37.505957
  -7.6756331   37.5059066
  -7.6760274   37.5057193
  -7.6775063   37.5047073
  -7.6777634   37.5043144
  -7.6778679   37.5039006
  -7.6777406   37.5033245
  -7.6777709   37.5030618
  -7.6781097   37.5027218
  -7.6785393   37.502561
  -7.67909     37.5024293
  -7.6805285   37.5021424
  -7.681417    37.5019985
  -7.6821002   37.5019198
  -7.6835786   37.5019397
  -7.6837005   37.5019401
  -7.6846192   37.5019583
  -7.6851163   37.5020419
  -7.6855184   37.5021898
  -7.6860865   37.5025651
  -7.6865164   37.5027734
  -7.6869335   37.5028992
  -7.6872807   37.5029358
  -7.6875641   37.5028457
  -7.6877813   37.5027212
  -7.6882729   37.5022655
  -7.6884675   37.5019948
  -7.6887793   37.5017124
  -7.6890913   37.5015259
  -7.6893579   37.5014441
  -7.6897086   37.5014068
  -7.689949    37.5014395
  -7.6901181   37.5015026
  -7.6906248   37.5015396
  -7.691548    37.5015115
  -7.6928877   37.5012564
  -7.6934177   37.501121
  -7.6937854   37.501068
  -7.6955106   37.5010136
  -7.6965177   37.5010447
  -7.6973086   37.5011951
  -7.6979287   37.5013494
  -7.6981052   37.5013501
  -7.698342    37.5012715
  -7.6989051   37.5008945
  -7.6994464   37.5003552
  -7.6996858   37.5000519
  -7.7000037   37.4997327
  -7.7002008   37.4996177
  -7.7005627   37.4994836
  -7.7012703   37.4992714
  -7.7017755   37.4991586
  -7.7030987   37.4990317
  -7.7045792   37.4990199
  -7.7050911   37.4989235
  -7.7059447   37.4986401
  -7.706514    37.4985863
  -7.7076413   37.498668
  -7.7083584   37.4988255
  -7.708733    37.4990149
  -7.7088888   37.4991358
  -7.7094499   37.499663
  -7.7104712   37.500709
  -7.7108792   37.5010609
  -7.7112167   37.5013026
  -7.7117505   37.5016177
  -7.7121745   37.5017892
  -7.7127014   37.5018146
  -7.712998    37.5017763
  -7.7131993   37.5016983
  -7.7133976   37.5015651
  -7.7136112   37.5013316
  -7.7140385   37.5005673
  -7.7141529   37.5004838
  -7.714856    37.5002395
  -7.7151785   37.5000886
  -7.7154244   37.4999102
  -7.715582    37.4997347
  -7.7157226   37.4994545
  -7.715753    37.499233
  -7.7157082   37.498753
  -7.7156456   37.4985604
  -7.715678    37.4983607
  -7.7161528   37.497176
  -7.7163029   37.4968897
  -7.7164441   37.4967169
  -7.7166849   37.4965775
  -7.7169897   37.496551
  -7.7174492   37.4966834
  -7.7182373   37.4972117
  -7.7183785   37.4972805
  -7.7185759   37.4973179
  -7.7188398   37.4972695
  -7.7189331   37.4972231
  -7.719189    37.4970094
  -7.7193561   37.4967771
  -7.7194033   37.4965647
  -7.7194267   37.4963068
  -7.7194084   37.4960185
  -7.7193387   37.4957322
  -7.7193401   37.495488
  -7.7193639   37.4953562
  -7.7194774   37.4951126
  -7.7200701   37.4941338
  -7.7212464   37.4931151
  -7.7220537   37.4930339
  -7.7225713   37.4929175
  -7.7229974   37.4926853
  -7.723521    37.4923054
  -7.7236926   37.4922605
  -7.7238953   37.4922737
  -7.7242011   37.4923403
  -7.7248896   37.492619
  -7.7256233   37.4929935
  -7.7259206   37.4933039
  -7.725948    37.4934981
  -7.7258714   37.493754
  -7.7254447   37.4943528
  -7.7250444   37.4947611
  -7.7249127   37.495043
  -7.7249877   37.4953264
  -7.7250784   37.4954567
  -7.7253196   37.4957039
  -7.7257207   37.4960014
  -7.7262743   37.4962117
  -7.7270616   37.4962008
  -7.7277644   37.4962588
  -7.7288404   37.496547
  -7.7304716   37.4969149
  -7.7307533   37.4969424
  -7.7313781   37.4969378
  -7.731665    37.4968943
  -7.7319787   37.4967774
  -7.7321273   37.4966757
  -7.7321905   37.496583
  -7.7322633   37.4962836
  -7.7322758   37.4959564
  -7.7322404   37.4956477
  -7.7319356   37.4938757
  -7.7319474   37.4934997
  -7.7320055   37.4932499
  -7.7326499   37.4920192
  -7.7330944   37.4910288
  -7.7332048   37.4908986
  -7.7334227   37.4907614
  -7.7337523   37.4906051
  -7.7343181   37.4904291
  -7.7351066   37.4903371
  -7.7354108   37.4902701
  -7.7358784   37.490129
  -7.7364903   37.4898725
  -7.736842    37.4898318
  -7.7376736   37.4898505
  -7.7377616   37.489878
  -7.7381392   37.4901297
  -7.7384136   37.4904506
  -7.7388396   37.4910506
  -7.7391032   37.4913118
  -7.7395856   37.4916275
  -7.7398071   37.491723
  -7.7404392   37.4919021
  -7.7409571   37.4919469
  -7.7416121   37.4918992
  -7.7422612   37.4918061
  -7.7426803   37.4916849
  -7.7436138   37.4913006
  -7.7441363   37.4909992
  -7.7443652   37.4907994
  -7.7447837   37.4902657
  -7.7450077   37.4898011
  -7.7450949   37.4894589
  -7.7450776   37.489139
  -7.745001    37.4889495
  -7.7447992   37.4886997
  -7.7444305   37.4884903
  -7.7437024   37.4882457
  -7.7432664   37.4881345
  -7.7428315   37.4880666
  -7.7421937   37.487885
  -7.7419188   37.487754
  -7.741814    37.4876641
  -7.7416742   37.4874165
  -7.7417021   37.4873008
  -7.7419244   37.4870816
  -7.742033    37.4870156
  -7.7425281   37.4868834
  -7.742794    37.4868532
  -7.7436691   37.4868488
  -7.7442018   37.4869088
  -7.744481    37.4868734
  -7.7448357   37.4867008
  -7.7451864   37.4863495
  -7.7459458   37.4850936
  -7.7464796   37.4843899
  -7.7468274   37.4838138
  -7.7471287   37.4834567
  -7.7479833   37.4828558
  -7.7482953   37.4826758
  -7.7500386   37.4820955
  -7.7505983   37.4818184
  -7.7511941   37.4815021
  -7.7522454   37.4808174
  -7.7531095   37.4803895
  -7.7539974   37.4798867
  -7.754164    37.4798374
  -7.754351    37.4798281
  -7.7549928   37.4799831
  -7.7551857   37.4800726
  -7.7553286   37.4801907
  -7.7555528   37.4805369
  -7.7555861   37.4806756
  -7.7555333   37.4809956
  -7.7553616   37.4814878
  -7.7553198   37.4817796
  -7.7553166   37.4819073
  -7.7553977   37.4820422
  -7.755882    37.4824985
  -7.7571603   37.4833643
  -7.7584131   37.4838919
  -7.7596228   37.4842719
  -7.7600133   37.4845121
  -7.7601017   37.4846741
  -7.7603015   37.4854036
  -7.7603608   37.4862238
  -7.7604578   37.4864689
  -7.7606325   37.4866529
  -7.760788    37.4867441
  -7.7614957   37.4870404
  -7.7622932   37.4872103
  -7.7629596   37.4874677
  -7.763302    37.4875518
  -7.7636895   37.4876926
  -7.7641428   37.4877629
  -7.7645998   37.4877803
  -7.7652548   37.4877204
  -7.7656011   37.4876454
  -7.7658632   37.487535
  -7.7661551   37.4873338
  -7.7662662   37.4868468
  -7.7662242   37.4866982
  -7.765617    37.4859938
  -7.7654224   37.4858108
  -7.7651564   37.4856253
  -7.7649295   37.4853973
  -7.7646778   37.4849114
  -7.7646472   37.4844447
  -7.7647396   37.4839763
  -7.7647982   37.4837398
  -7.765004    37.4834319
  -7.7650841   37.4832167
  -7.7650718   37.4830772
  -7.7648735   37.4827887
  -7.7646208   37.4826715
  -7.763572    37.4823773
  -7.7625081   37.4821263
  -7.762232    37.4819971
  -7.7619007   37.4817131
  -7.7616817   37.4813352
  -7.7616641   37.4810491
  -7.7617031   37.4807575
  -7.7618657   37.4803783
  -7.7621875   37.4800041
  -7.76298     37.4792807
  -7.7632039   37.4791179
  -7.7634769   37.4789871
  -7.7637631   37.4789247
  -7.7646172   37.4788862
  -7.7650788   37.4789717
  -7.7660644   37.4794363
  -7.7675718   37.4803173
  -7.7678858   37.4805678
  -7.7682095   37.4807077
  -7.7685486   37.4807546
  -7.7690816   37.4807597
  -7.7698807   37.4806016
  -7.7712366   37.4800887
  -7.7716785   37.4799768
  -7.7727581   37.4795803
  -7.7737066   37.4790195
  -7.7747765   37.478227
  -7.7758897   37.4773328
  -7.7760182   37.477174
  -7.7766705   37.4766751
  -7.7767312   37.4765285
  -7.7767725   37.4762694
  -7.7766329   37.4752067
  -7.7767264   37.4746582
  -7.7769577   37.4739428
  -7.7773118   37.4731597
  -7.7774744   37.4729603
  -7.7777763   37.4727168
  -7.7780298   37.4725534
  -7.778504    37.4723387
  -7.7793053   37.4721222
  -7.780603    37.4721355
  -7.7809976   37.4720681
  -7.7814236   37.4719394
  -7.782       37.471632
  -7.7823459   37.4713553
  -7.7824975   37.4711666
  -7.7825962   37.4709056
  -7.7827586   37.4706171
  -7.7829947   37.4703308
  -7.7831401   37.470231
  -7.7837446   37.4699523
  -7.7846261   37.4696432
  -7.78517     37.4695579
  -7.7853775   37.4694963
  -7.7861305   37.4691853
  -7.7868028   37.4688342
  -7.7876536   37.4684627
  -7.7879522   37.4684477
  -7.7883735   37.4685754
  -7.789915    37.4692688
  -7.7903518   37.4695132
  -7.7905322   37.469661
  -7.7906288   37.4698545
  -7.7907871   37.4704802
  -7.7908716   37.4706226
  -7.7910705   37.4708369
  -7.7913592   37.4710727
  -7.7917433   37.4712858
  -7.792079    37.47139
  -7.7924642   37.4714658
  -7.7932064   37.4715492
  -7.7935294   37.4715085
  -7.7939927   37.4712976
  -7.7943684   37.4710452
  -7.794831    37.4706395
  -7.7949924   37.4704089
  -7.79507     37.470221
  -7.7954875   37.4695197
  -7.7958208   37.4690393
  -7.7958609   37.468809
  -7.7958574   37.4682768
  -7.795967    37.4676419
  -7.79605     37.4665884
  -7.7961281   37.466427
  -7.7962637   37.4662842
  -7.7965493   37.4660936
  -7.7970928   37.4658582
  -7.7974391   37.465787
  -7.7977966   37.4657789
  -7.7979781   37.4658028
  -7.798566    37.4657219
  -7.7988235   37.4656293
  -7.7993158   37.4653239
  -7.799909    37.4647615
  -7.8000838   37.4644389
  -7.8001802   37.4642033
  -7.8001525   37.463612
  -7.8002337   37.4631409
  -7.8003256   37.4629016
  -7.8004753   37.4627117
  -7.8006823   37.4625859
  -7.8011037   37.4624976
  -7.8016568   37.4624497
  -7.8021228   37.4623651
  -7.8028809   37.4623581
  -7.8035366   37.4621427
  -7.803839    37.4619838
  -7.8041094   37.461771
  -7.8043394   37.4614646
  -7.8044339   37.4612549
  -7.804536    37.4608009
  -7.8047743   37.4604361
  -7.8049761   37.4602508
  -7.805345    37.4600176
  -7.8056628   37.4598936
  -7.8064045   37.4597055
  -7.8074537   37.4596535
  -7.8084567   37.4594914
  -7.8090302   37.4593019
  -7.8093803   37.4591343
  -7.8095921   37.4589575
  -7.8097918   37.4586951
  -7.8098476   37.4585656
  -7.8099144   37.4583337
  -7.8099459   37.4576303
  -7.8100174   37.4573208
  -7.8103286   37.4569013
  -7.8107194   37.4566026
  -7.812045    37.4559022
  -7.813265    37.4554792
  -7.8143256   37.4551802
  -7.8154107   37.454961
  -7.8167656   37.4547557
  -7.8169136   37.4546458
  -7.817086    37.4544102
  -7.8171899   37.4542308
  -7.8172769   37.4539706
  -7.8174516   37.4537026
  -7.8177673   37.4534355
  -7.8182722   37.4532928
  -7.8189208   37.4532338
  -7.8191214   37.4531831
  -7.8194568   37.4530393
  -7.8197398   37.4528447
  -7.820178    37.4526349
  -7.8204991   37.4525893
  -7.8209545   37.4526229
  -7.8212874   37.4527103
  -7.8215736   37.452818
  -7.8222623   37.4531882
  -7.8224564   37.4533343
  -7.82309     37.4539783
  -7.8232598   37.4542151
  -7.8233727   37.4547881
  -7.8233638   37.4550821
  -7.8232327   37.4556225
  -7.8227639   37.4569523
  -7.8225631   37.4573612
  -7.8223581   37.4576839
  -7.8217219   37.4583316
  -7.8212874   37.4588377
  -7.8211476   37.4590503
  -7.820713    37.4602277
  -7.8205872   37.4607025
  -7.8205536   37.4612384
  -7.8205893   37.4613529
  -7.8208365   37.4616376
  -7.8210315   37.4617973
  -7.8215015   37.462079
  -7.8221575   37.4622403
  -7.8228953   37.4622986
  -7.8236464   37.4621796
  -7.8242238   37.4619387
  -7.8246745   37.4615373
  -7.825205    37.4608498
  -7.8259528   37.4601256
  -7.8260711   37.4598939
  -7.8260986   37.4595318
  -7.8260034   37.4589071
  -7.8257352   37.457821
  -7.8257047   37.4577015
  -7.8255871   37.4574087
  -7.8255445   37.457025
  -7.8255687   37.4566646
  -7.8256982   37.4560716
  -7.8256899   37.4555999
  -7.8258136   37.454199
  -7.825862    37.4539054
  -7.8259674   37.4536912
  -7.8269941   37.4527218
  -7.8278141   37.4520028
  -7.828693    37.4511106
  -7.8290291   37.4508435
  -7.8292982   37.4506932
  -7.8295412   37.4505877
  -7.8300232   37.4504501
  -7.8306515   37.450096
  -7.8313251   37.4495013
  -7.8314744   37.44933
  -7.8318747   37.4490249
  -7.832338    37.4485386
  -7.8324988   37.4484376
  -7.8328643   37.4483313
  -7.8335255   37.4482305
  -7.8343474   37.4482951
  -7.8361618   37.4486546
  -7.8365322   37.4487452
  -7.8368569   37.4488955
  -7.8377039   37.449007
  -7.8393767   37.4493606
  -7.839846    37.4492373
  -7.8405358   37.4489465
  -7.841138    37.4484994
  -7.8416069   37.4480496
  -7.8418499   37.4479044
  -7.8422494   37.4477744
  -7.8425446   37.4477301
  -7.8433792   37.4476497
  -7.8438402   37.4476375
  -7.8449813   37.4477927
  -7.8452145   37.4478542
  -7.847206    37.4490778
  -7.8476755   37.4493212
  -7.8481265   37.4494867
  -7.8491374   37.4496553
  -7.849499    37.4496774
  -7.8508701   37.4495008
  -7.8513006   37.4494115
  -7.8518394   37.4494395
  -7.8522031   37.4493691
  -7.8524455   37.4492772
  -7.8533117   37.4488132
  -7.8540254   37.4483778
  -7.8548861   37.4476864
  -7.8553075   37.4472564
  -7.8563112   37.4463711
  -7.8569562   37.4453745
  -7.8571659   37.4446808
  -7.8572003   37.4443722
  -7.8571828   37.4442155
  -7.856958    37.4434713
  -7.8564257   37.4426075
  -7.856039    37.4418511
  -7.85575     37.4414131
  -7.8556349   37.4409695
  -7.855539    37.4402447
  -7.8553994   37.4397093
  -7.8553652   37.4388445
  -7.8554893   37.4379468
  -7.8556746   37.4375391
  -7.8557719   37.4373983
  -7.8559927   37.4372533
  -7.8565352   37.4371281
  -7.857107    37.4371647
  -7.8586421   37.4376684
  -7.8589206   37.4376799
  -7.859312    37.4376356
  -7.8596933   37.4374504
  -7.8599622   37.4372379
  -7.8602641   37.436903
  -7.8605268   37.4364299
  -7.8608271   37.4361824
  -7.8611201   37.4358111
  -7.8613344   37.4356603
  -7.8615376   37.4355951
  -7.8618293   37.435573
  -7.8623509   37.4356152
  -7.8628297   37.4357201
  -7.8632442   37.4358639
  -7.8639385   37.4362148
  -7.864088    37.4362458
  -7.8643883   37.436405
  -7.8646517   37.436498
  -7.8649259   37.4366744
  -7.8650594   37.4368357
  -7.8651386   37.4370013
  -7.8654059   37.4377892
  -7.8657697   37.4383817
  -7.8660091   37.4386268
  -7.8662015   37.4388836
  -7.8664903   37.4393821
  -7.8668215   37.439793
  -7.8669781   37.4399098
  -7.8672635   37.4400081
  -7.8675037   37.440025
  -7.8676883   37.4399844
  -7.8678937   37.4398692
  -7.8682697   37.4395579
  -7.8686211   37.439193
  -7.8690189   37.4389937
  -7.8693162   37.4389133
  -7.8699883   37.4388571
  -7.871875    37.4385814
  -7.8720679   37.4385119
  -7.8724107   37.438287
  -7.8726999   37.4380157
  -7.8731594   37.437488
  -7.8738936   37.4365704
  -7.8743937   37.4358441
  -7.8750021   37.4348453
  -7.8751846   37.4343954
  -7.8753737   37.4331608
  -7.8755629   37.4327737
  -7.8757199   37.4325936
  -7.8759765   37.4324082
  -7.8762645   37.4322665
  -7.8765656   37.43218
  -7.8773073   37.4320451
  -7.8777839   37.4320457
  -7.8782569   37.431998
  -7.8795169   37.4320757
  -7.8799426   37.4320694
  -7.8804309   37.4321403
  -7.8811873   37.4323863
  -7.8825016   37.4330178
  -7.8828382   37.4332088
  -7.8834138   37.4334177
  -7.8836273   37.4334575
  -7.8844959   37.4334125
  -7.8847995   37.4333556
  -7.885953    37.4330179
  -7.8863032   37.4329612
  -7.8868959   37.4329241
  -7.8874465   37.4330989
  -7.8880858   37.4334155
  -7.8887712   37.4336284
  -7.8893465   37.4338935
  -7.8895883   37.4340476
  -7.8906054   37.4345643
  -7.8912055   37.4346335
  -7.8915281   37.4345956
  -7.8918364   37.4345599
  -7.892065    37.4344875
  -7.8922481   37.4343785
  -7.8927288   37.4340151
  -7.8929464   37.433806
  -7.8932107   37.4332675
  -7.893315    37.432803
  -7.893293    37.4325388
  -7.8930227   37.4313723
  -7.892968    37.4306161
  -7.8930614   37.4299742
  -7.8935201   37.4293283
  -7.8942986   37.4286376
  -7.8947108   37.4283106
  -7.8953168   37.4279747
  -7.8959804   37.4275388
  -7.8963696   37.4271934
  -7.8964957   37.4270388
  -7.8967784   37.4265257
  -7.8968382   37.4260943
  -7.8967231   37.4255111
  -7.8964326   37.4249624
  -7.8962143   37.4246822
  -7.8957335   37.4242382
  -7.8952671   37.4238757
  -7.8948878   37.4236768
  -7.8944496   37.4236408
  -7.894157    37.4237452
  -7.8938787   37.4239313
  -7.8935557   37.4244203
  -7.8934817   37.4247
  -7.8932864   37.4263904
  -7.8930517   37.4266581
  -7.892832    37.4268092
  -7.8923642   37.4268666
  -7.8921452   37.4268312
  -7.8919848   37.4267492
  -7.8916932   37.4265388
  -7.8914746   37.4263284
  -7.8911979   37.4260246
  -7.8910091   37.4256861
  -7.8908937   37.42497
  -7.8908953   37.4244953
  -7.8910525   37.4238174
  -7.8913295   37.4231645
  -7.8915216   37.4225066
  -7.8915725   37.4222195
  -7.8915587   37.4218373
  -7.8913353   37.4213741
  -7.8911509   37.4211502
  -7.8907013   37.4204439
  -7.8901994   37.4195293
  -7.8897617   37.418835
  -7.8890898   37.4179284
  -7.8887363   37.4175009
  -7.888198    37.4169652
  -7.8880637   37.4167774
  -7.8880095   37.4165881
  -7.8879953   37.4163327
  -7.8880315   37.4159458
  -7.8883005   37.4153162
  -7.8884915   37.4150093
  -7.8885868   37.4149258
  -7.888812    37.4148185
  -7.8891721   37.4147754
  -7.889392    37.4147838
  -7.8898517   37.4148725
  -7.8904508   37.4150732
  -7.8910151   37.4154075
  -7.891044    37.4154264
  -7.8913963   37.4156345
  -7.8919652   37.4159109
  -7.8926195   37.4160838
  -7.8934968   37.4162531
  -7.8941361   37.4164706
  -7.8958702   37.4174475
  -7.8964541   37.4177399
  -7.897474    37.4180997
  -7.8979584   37.4182335
  -7.8983432   37.4182583
  -7.8992332   37.4181842
  -7.9001907   37.4181661
  -7.9009908   37.41806
  -7.9013726   37.4179651
  -7.901743    37.4178302
  -7.9020083   37.417695
  -7.9027797   37.4171739
  -7.9029954   37.4169549
  -7.9032015   37.4165467
  -7.9032472   37.4163235
  -7.9032484   37.4159285
  -7.9031794   37.4156172
  -7.9028764   37.4149646
  -7.9027072   37.414717
  -7.9022237   37.4142612
  -7.9018702   37.4137897
  -7.9016867   37.4133746
  -7.9016875   37.4131107
  -7.9017228   37.4130151
  -7.9020087   37.4126726
  -7.9024198   37.4123023
  -7.9028504   37.4120599
  -7.9035411   37.4117421
  -7.9038661   37.411541
  -7.9042531   37.4109052
  -7.9046148   37.409523
  -7.9044513   37.4090397
  -7.9042599   37.4086662
  -7.9043712   37.4082713
  -7.9044553   37.4077447
  -7.9052007   37.4061943
  -7.9054489   37.4058879
  -7.9058207   37.4055159
  -7.9065089   37.4049473
  -7.9072655   37.4044885
  -7.9077605   37.4042484
  -7.9081999   37.4042163
  -7.908653    37.4042281
  -7.9090234   37.4043274
  -7.9095582   37.4045806
  -7.9100787   37.404998
  -7.9103114   37.4052724
  -7.9102545   37.405908
  -7.9100592   37.4069597
  -7.9093196   37.4088181
  -7.9090962   37.4095801
  -7.909055    37.4099089
  -7.9090944   37.410198
  -7.9092043   37.4104229
  -7.9093745   37.4106478
  -7.9094548   37.4107042
  -7.9096556   37.4108089
  -7.9098164   37.4108493
  -7.9100273   37.4108978
  -7.9102786   37.4109063
  -7.9116058   37.4109168
  -7.9128328   37.4107747
  -7.9135644   37.4105353
  -7.913937    37.4103835
  -7.9149638   37.4099199
  -7.9160307   37.4095046
  -7.9163631   37.4093287
  -7.916665    37.4092089
  -7.9175511   37.408737
  -7.9178634   37.4085209
  -7.9182022   37.4081686
  -7.9188164   37.4078647
  -7.9190682   37.4077047
  -7.9194003   37.4075849
  -7.9200945   37.4074016
  -7.9204163   37.4074022
  -7.9214313   37.4075404
  -7.9217527   37.4076372
  -7.9218531   37.4077177
  -7.9220432   37.4080551
  -7.9221431   37.408288
  -7.9222027   37.4085449
  -7.9222318   37.4088659
  -7.9222109   37.4091547
  -7.9217646   37.4105596
  -7.9215121   37.4109764
  -7.9210782   37.4115374
  -7.9209468   37.4117699
  -7.9209056   37.4121068
  -7.9209755   37.4123076
  -7.9210555   37.4124682
  -7.9212259   37.4126612
  -7.9218882   37.4131277
  -7.9224303   37.4133614
  -7.923023    37.4135551
  -7.9235997   37.4136949
  -7.9240622   37.4137438
  -7.9245448   37.4137286
  -7.9250379   37.4135931
  -7.9254204   37.4134333
  -7.9255413   37.4133292
  -7.9260456   37.4127683
  -7.9261568   37.4125358
  -7.9264918   37.4114299
  -7.926745    37.4107723
  -7.9270603   37.4094007
  -7.9271717   37.4090959
  -7.9272929   37.4089357
  -7.9281236   37.4080884
  -7.9292117   37.4072396
  -7.9297858   37.4069215
  -7.9301486   37.4065851
  -7.9306519   37.4063612
  -7.9319848   37.4060746
  -7.9343495   37.4052922
  -7.9354406   37.4051978
  -7.9358529   37.4051102
  -7.9363764   37.4048784
  -7.9370912   37.4044864
  -7.9377353   37.4041824
  -7.9387518   37.4038069
  -7.9395061   37.4036557
  -7.9400994   37.4035924
  -7.9409239   37.4035777
  -7.9415375   37.4034182
  -7.9419194   37.403467
  -7.942592    37.4038774
  -7.9427023   37.4039899
  -7.9428021   37.4041987
  -7.9428419   37.4043753
  -7.9428208   37.4047685
  -7.94275     37.4049529
  -7.9424375   37.4053055
  -7.9413605   37.4057933
  -7.9409271   37.4062018
  -7.9407154   37.4064582
  -7.9403824   37.4069605
  -7.9399479   37.4077863
  -7.9398463   37.4082195
  -7.9399557   37.4086691
  -7.9400955   37.4090465
  -7.9402352   37.4093757
  -7.9404956   37.4098095
  -7.9407263   37.4100345
  -7.9410976   37.4103
  -7.9414893   37.4104691
  -7.9418914   37.4104617
  -7.9425678   37.4102987
  -7.9435871   37.4098797
  -7.9447619   37.4095181
  -7.9458656   37.4089271
  -7.9462015   37.4087077
  -7.9467296   37.4083069
  -7.9468859   37.408116
  -7.9473898   37.4077821
  -7.9490403   37.4071754
  -7.9497658   37.4067376
  -7.950397    37.4064602
  -7.9508803   37.406279
  -7.9514037   37.4061619
  -7.9521155   37.4058525
  -7.9523842   37.4056709
  -7.9527877   37.4052218
  -7.953043    37.4050081
  -7.9538328   37.4040671
  -7.9543028   37.4038644
  -7.955067    37.4040047
  -7.955335    37.4041122
  -7.9555493   37.4042731
  -7.95575     37.4044661
  -7.9565119   37.4056129
  -7.956845    37.4065449
  -7.9569204   37.4087133
  -7.9568929   37.4090237
  -7.9570397   37.4093451
  -7.9572536   37.4096131
  -7.9575925   37.4098813
  -7.9578873   37.4099567
  -7.9595104   37.4100341
  -7.9599526   37.4101282
  -7.9603562   37.4102494
  -7.9608109   37.4103571
  -7.9614282   37.4102831
  -7.9621126   37.4101556
  -7.9623542   37.4100703
  -7.963093    37.409611
  -7.9639524   37.4092375
  -7.9642344   37.4091416
  -7.9647578   37.4090246
  -7.9652542   37.4090145
  -7.9657113   37.4085548
  -7.9659668   37.4082446
  -7.9661073   37.4078152
  -7.9662016   37.4076869
  -7.9663494   37.4075693
  -7.9668461   37.407388
  -7.9669805   37.4073025
  -7.9671743   37.4070887
  -7.967524    37.4066609
  -7.968291    37.4055271
  -7.9689098   37.4047249
  -7.9692864   37.4042972
  -7.9696224   37.4039872
  -7.9701597   37.4036132
  -7.9706705   37.4030999
  -7.9711006   37.4027365
  -7.9713558   37.4025441
  -7.9717989   37.4023091
  -7.9720002   37.402288
  -7.9733144   37.4024183
  -7.9745842   37.4024575
  -7.9750073   37.4025444
  -7.9753318   37.4026626
  -7.9755677   37.4027886
  -7.9761526   37.4032036
  -7.9767539   37.4042965
  -7.9768605   37.4046179
  -7.9770877   37.4050357
  -7.9776091   37.4058395
  -7.9778232   37.4060645
  -7.9780108   37.4061933
  -7.978252    37.4063328
  -7.9786004   37.4064617
  -7.9788552   37.4065263
  -7.9794856   37.4065592
  -7.9806793   37.4066786
  -7.9811888   37.4067541
  -7.9817922   37.4068941
  -7.9821676   37.4069375
  -7.9832275   37.4068745
  -7.983402    37.4068105
  -7.9838586   37.406522
  -7.984476    37.4063728
  -7.9845969   37.4062766
  -7.9847045   37.4061268
  -7.9848122   37.4059022
  -7.9848396   37.405656
  -7.98484     37.4054311
  -7.9847604   37.4049813
  -7.9846088   37.4045445
  -7.9842404   37.4038586
  -7.9840343   37.40365
  -7.9832094   37.403059
  -7.9824168   37.402573
  -7.9821891   37.4022689
  -7.9817136   37.400854
  -7.9816921   37.4007065
  -7.9816924   37.4005676
  -7.9818456   37.4001079
  -7.9818195   37.3996056
  -7.9821361   37.3989638
  -7.9823982   37.3983307
  -7.9834905   37.3973299
  -7.9840021   37.3970009
  -7.984285    37.3968798
  -7.9847091   37.3967501
  -7.9859384   37.3962397
  -7.9862538   37.3961533
  -7.9867866   37.3960672
  -7.9871779   37.3960764
  -7.9878733   37.3961988
  -7.9881994   37.3962251
  -7.9889931   37.3960874
  -7.9894826   37.3958884
  -7.9899132   37.3958628
  -7.9908695   37.3959594
  -7.991804    37.3961705
  -7.9922166   37.3963618
  -7.9925643   37.3964664
  -7.9929448   37.3964668
  -7.9944776   37.3963558
  -7.9950972   37.3963652
  -7.9962815   37.3966009
  -7.996803    37.3967316
  -7.997255    37.3969144
  -7.9975373   37.3970708
  -7.9978196   37.3972794
  -7.9988506   37.3981309
  -7.9992853   37.3982009
  -7.999568    37.3981926
  -7.9998508   37.3980713
  -8.0000249   37.3979501
  -8.000254    37.3975158
  -8.0003755   37.3963965
  -8.000376    37.3960927
  -8.0002683   37.395546
  -8.0001827   37.3948343
  -8.0001512   37.3941854
  -8.0000542   37.3937601
  -8.000088    37.3930486
  -8.000295    37.3927364
  -8.0004911   37.3925457
  -8.0007523   37.3923379
  -8.0010786   37.392182
  -8.0013072   37.3920175
  -8.0015902   37.3917834
  -8.0019823   37.3913066
  -8.0024503   37.39096
  -8.0033654   37.389794
  -8.003594    37.38956
  -8.0040191   37.3888924
  -8.0040521   37.388658
  -8.0039874   37.3883022
  -8.0040096   37.3880766
  -8.0048603   37.3863154
  -8.0048933   37.3860638
  -8.0048502   37.3858815
  -8.0046551   37.3855602
  -8.0044707   37.3853691
  -8.0039171   37.3849694
  -8.0036564   37.3848737
  -8.0030261   37.3848556
  -8.0021782   37.3849849
  -8.0008627   37.3852524
  -8.000504    37.385252
  -8.0000152   37.385156
  -7.9998088   37.3850864
  -7.9994615   37.3848083
  -7.9992774   37.3844523
  -7.9992233   37.3842259
  -7.9991496   37.3829242
  -7.9992371   37.3826119
  -7.9994664   37.3820915
  -7.9996516   37.381788
  -7.9999022   37.3814759
  -8.000207    37.3811379
  -8.0004464   37.3809299
  -8.0009796   37.3806355
  -8.0014688   37.3804798
  -8.0019189   37.3803954
  -8.0024192   37.3802137
  -8.0031367   37.380015
  -8.003865    37.3799724
  -8.0049956   37.3797394
  -8.0057132   37.3794624
  -8.0063335   37.3790205
  -8.0065296   37.3787083
  -8.006617    37.3784221
  -8.0067267   37.3778106
  -8.0067382   37.3774288
  -8.0066735   37.3771076
  -8.0065143   37.3767578
  -8.0062017   37.3763297
  -8.0059291   37.3761759
  -8.005707    37.3760061
  -8.0052527   37.3755616
  -8.0049704   37.375379
  -8.0047749   37.3753702
  -8.004325    37.3755328
  -8.0041629   37.3757183
  -8.0036965   37.3765493
  -8.0035242   37.3767186
  -8.0031195   37.376912
  -8.0026847   37.3769438
  -8.0022096   37.3768787
  -8.0013813   37.3764741
  -8.0011087   37.3762558
  -8.0007658   37.3757387
  -8.0006069   37.3753373
  -8.0003801   37.3741718
  -8.0001524   37.3734574
  -7.9999247   37.3728804
  -7.9999331   37.3721583
  -8.0001273   37.3715587
  -8.0002708   37.3713132
  -8.0005287   37.371045
  -8.0006365   37.3708223
  -8.0008884   37.3698852
  -8.0009317   37.3696454
  -8.0009035   37.3694511
  -8.0008751   37.3693425
  -8.0007751   37.3691882
  -8.000461    37.3688679
  -8.0000182   37.368559
  -7.999768    37.368433
  -7.9994606   37.3683127
  -7.9992533   37.3682725
  -7.9988915   37.3682663
  -7.9987411   37.3683176
  -7.9985192   37.3684545
  -7.998297    37.3686998
  -7.9981607   37.368927
  -7.9978805   37.3695265
  -7.997284    37.3703141
  -7.9965888   37.3710217
  -7.9962308   37.371244
  -7.9959728   37.3714495
  -7.9955505   37.3716203
  -7.9951425   37.3717455
  -7.994613    37.3718134
  -7.994148    37.3718187
  -7.9938619   37.3717823
  -7.9934901   37.3716734
  -7.99334     37.3715646
  -7.9932188   37.3713817
  -7.993205    37.3711646
  -7.9932705   37.3705306
  -7.9934358   37.370148
  -7.9939233   37.3695785
  -7.9945037   37.3690022
  -7.9948619   37.3687741
  -7.9951914   37.3684774
  -7.9954354   37.3680779
  -7.9954859   37.3678295
  -7.9954724   37.3674296
  -7.9953514   37.3670524
  -7.9951806   37.3665837
  -7.9950522   37.3663608
  -7.9949094   37.3662293
  -7.9946379   37.3660576
  -7.994259    37.3659772
  -7.9933857   37.3662503
  -7.9931135   37.3664386
  -7.9928702   37.3665239
  -7.9925266   37.3667063
  -7.9920702   37.3668395
  -7.9915191   37.3669131
  -7.9912402   37.3668899
  -7.9909614   37.3668382
  -7.9905254   37.3666434
  -7.990404    37.3665519
  -7.9901613   37.3663002
  -7.9898689   37.3658201
  -7.9897551   37.3655514
  -7.9897274   37.3650373
  -7.9897713   37.364498
  -7.9900161   37.36367
  -7.9905071   37.3630366
  -7.990765    37.3628255
  -7.9911876   37.3625518
  -7.9916458   37.3623124
  -7.9920465   37.3621701
  -7.9922541   37.3621075
  -7.9927048   37.362068
  -7.9933956   37.3621294
  -7.9938029   37.3622613
  -7.9944246   37.3626333
  -7.9951385   37.3634282
  -7.9952956   37.3635369
  -7.9958244   37.3638002
  -7.9973115   37.3641847
  -7.9977905   37.3643737
  -7.9980406   37.3644026
  -7.9982266   37.3643914
  -7.9983197   37.3643458
  -7.9985634   37.3641062
  -7.9998014   37.3625224
  -8.0005752   37.3617407
  -8.0011054   37.3612614
  -8.0013778   37.3608824
  -8.001715    37.3603001
  -8.0018085   37.3599517
  -8.0017521   37.3595232
  -8.0016168   37.3591747
  -8.001296    37.3585402
  -8.0012252   37.3582031
  -8.0012611   37.3580831
  -8.001365    37.3579404
  -8.0015583   37.3578264
  -8.0016728   37.3578037
  -8.0018945   37.3578268
  -8.0032383   37.3582756
  -8.004254    37.3581738
  -8.0048547   37.358243
  -8.0050191   37.3582946
  -8.0051906   37.3583805
  -8.0053477   37.3585235
  -8.0058333   37.3590324
  -8.0061616   37.3594384
  -8.0062826   37.3598269
  -8.0061533   37.3600781
  -8.0058455   37.3602777
  -8.0055806   37.3603917
  -8.0053302   37.3604434
  -8.0046358   37.3607968
  -8.0044926   37.3609109
  -8.0041271   37.361339
  -8.0039764   37.3615559
  -8.0039118   37.3617329
  -8.0040753   37.3623615
  -8.004175    37.3626072
  -8.004675    37.3629619
  -8.0053898   37.3632483
  -8.0056115   37.3632486
  -8.005819    37.363203
  -8.0061984   37.3630549
  -8.0064132   37.3629295
  -8.0067428   37.3625471
  -8.0070122   37.3613775
  -8.0069843   37.361029
  -8.0071564   37.3607721
  -8.0072996   37.3606523
  -8.0074786   37.3605496
  -8.0076933   37.3604756
  -8.0083296   37.3605791
  -8.0090804   37.360757
  -8.0097309   37.3609919
  -8.0102743   37.3610039
  -8.0106304   37.3609413
  -8.0107879   37.3608673
  -8.0109099   37.3607531
  -8.0111177   37.3604735
  -8.0113977   37.3598054
  -8.0114909   37.3596684
  -8.0115126   37.3595428
  -8.0116417   37.3593715
  -8.0117777   37.3592631
  -8.0119638   37.3591719
  -8.0121927   37.3591835
  -8.0124072   37.3592523
  -8.0126143   37.3593668
  -8.0127644   37.3594812
  -8.0131499   37.3599329
  -8.0135069   37.360276
  -8.0136782   37.3604246
  -8.0139999   37.3606192
  -8.0146046   37.3607512
  -8.0150625   37.3606831
  -8.0155635   37.3604379
  -8.0156711   37.3603295
  -8.0157856   37.3601868
  -8.0160225   37.3596443
  -8.0162447   37.3594047
  -8.0169175   37.3590277
  -8.0172327   37.3588053
  -8.017555    37.3585029
  -8.0177197   37.3584002
  -8.0182778   37.3582123
  -8.0183996   37.3580638
  -8.0184214   37.3578125
  -8.0182717   37.357561
  -8.018136    37.3574352
  -8.0179788   37.3573208
  -8.0171925   37.3570544
  -8.0169709   37.3569171
  -8.0160496   37.3560428
  -8.0159355   37.355877
  -8.0158356   37.3557169
  -8.0157075   37.3552769
  -8.015715    37.3550256
  -8.0157583   37.3548771
  -8.0158586   37.3547116
  -8.016145    37.3544548
  -8.0163885   37.3543237
  -8.0165815   37.3542953
  -8.0169748   37.3543414
  -8.017908    37.3548506
  -8.0183438   37.3552052
  -8.0185081   37.3552625
  -8.0189157   37.35532
  -8.0191733   37.3552746
  -8.0195383   37.3550921
  -8.0195957   37.3550065
  -8.0196316   37.3548512
  -8.0196391   37.3546284
  -8.0195753   37.3542399
  -8.0194754   37.3541141
  -8.0193114   37.3537883
  -8.0193475   37.3535313
  -8.0196914   37.3530975
  -8.0199708   37.3528121
  -8.0201427   37.3526866
  -8.0203002   37.3526011
  -8.020479    37.3525727
  -8.0206505   37.3526414
  -8.0211792   37.3530075
  -8.0213722   37.353082
  -8.021558    37.3531049
  -8.0217941   37.3530595
  -8.0220496   37.3528827
  -8.022479    37.3527003
  -8.0229869   37.3526208
  -8.0232229   37.352621
  -8.0236162   37.3526785
  -8.0240166   37.3526675
  -8.0242668   37.3527534
  -8.0244097   37.3528678
  -8.0247314   37.3530051
  -8.0251031   37.3531026
  -8.0251888   37.3531655
  -8.0251887   37.353234
  -8.024895    37.3536108
  -8.024823    37.3538735
  -8.0250444   37.3541765
  -8.0253017   37.3543195
  -8.0263599   37.3545375
  -8.0265099   37.3546119
  -8.0268244   37.3547036
  -8.0273322   37.3547155
  -8.0275683   37.3546301
  -8.0281802   37.3542804
  -8.0284382   37.3539436
  -8.0284885   37.3537208
  -8.028675    37.3533668
  -8.0289471   37.3531158
  -8.0292691   37.3529619
  -8.0299345   37.3527967
  -8.0302565   37.35262
  -8.0303783   37.3525115
  -8.0304787   37.3522888
  -8.0304358   37.3521985
  -8.0301645   37.3519812
  -8.0295783   37.3517465
  -8.0291281   37.351489
  -8.0289636   37.3514261
  -8.0283774   37.3513284
  -8.0281772   37.3512198
  -8.0279845   37.3510482
  -8.0278132   37.3507567
  -8.0275712   37.3499396
  -8.027598    37.3497619
  -8.0280137   37.3491854
  -8.0281181   37.3490998
  -8.0290481   37.3488435
  -8.0295344   37.3488896
  -8.0303492   37.3491931
  -8.0306778   37.3493647
  -8.0317677   37.3498227
  -8.0322966   37.3500175
  -8.0324182   37.3500176
  -8.032733    37.3499265
  -8.0330978   37.3498868
  -8.033248    37.3498412
  -8.0334127   37.3497442
  -8.0335129   37.3496186
  -8.033764    37.3490761
  -8.0338286   37.3488248
  -8.0337218   37.3484135
  -8.0338011   37.3480537
  -8.0339014   37.3479052
  -8.0341233   37.3477854
  -8.0343665   37.3476999
  -8.0346097   37.3476658
  -8.0352391   37.3476778
  -8.0357122   37.3477362
  -8.0360783   37.3477747
  -8.0368343   37.3478898
  -8.0370413   37.34789
  -8.03732     37.347744
  -8.0377663   37.3473691
  -8.037862    37.3472357
  -8.0380057   37.3469306
  -8.0380459   37.3467399
  -8.0380699   37.3465656
  -8.0380065   37.3463621
  -8.0378555   37.3461648
  -8.0376249   37.3460438
  -8.0366462   37.3456551
  -8.0365259   37.3453717
  -8.036462    37.3449711
  -8.0363188   37.3448623
  -8.0358912   37.3447643
  -8.0353803   37.3445869
  -8.0351196   37.3443695
  -8.0350721   37.3442168
  -8.0350945   37.343963
  -8.0353887   37.3436486
  -8.0353661   37.3434635
  -8.0352867   37.343368
  -8.0351435   37.3432916
  -8.034658    37.343304
  -8.0338061   37.3433859
  -8.0334242   37.3433092
  -8.0332016   37.3431564
  -8.0328757   37.3428446
  -8.0328364   37.3425013
  -8.0330761   37.3420847
  -8.0340301   37.3413703
  -8.0343262   37.3414348
  -8.0344296   37.3415366
  -8.0345311   37.3418627
  -8.0344376   37.342143
  -8.0344876   37.3422289
  -8.0349677   37.3422636
  -8.0353617   37.3423955
  -8.0358289   37.3426569
  -8.03598     37.3427588
  -8.036075    37.3431276
  -8.0361861   37.3433313
  -8.0362576   37.3434266
  -8.0364009   37.3434904
  -8.0367113   37.3434525
  -8.0375874   37.3431035
  -8.037823    37.3429511
  -8.0378337   37.3426379
  -8.0377551   37.3424547
  -8.0369464   37.3416187
  -8.0367824   37.3409892
  -8.0366159   37.3408963
  -8.0363214   37.3408261
  -8.036234    37.3407763
  -8.0361386   37.3406555
  -8.0360356   37.3402866
  -8.0360518   37.340045
  -8.0361956   37.3396953
  -8.0362117   37.339511
  -8.0361721   37.3393646
  -8.0360608   37.3392565
  -8.0358539   37.3391863
  -8.0349701   37.3394972
  -8.0345563   37.3394778
  -8.0344051   37.3394394
  -8.0343256   37.3393694
  -8.0342463   37.3391024
  -8.0343187   37.3385365
  -8.034502    37.3383256
  -8.0346533   37.3382494
  -8.0348205   37.3382113
  -8.0350832   37.338237
  -8.035282    37.3383452
  -8.0357117   37.3384664
  -8.0360619   37.3384482
  -8.0362483   37.3383511
  -8.0363488   37.3381967
  -8.0364783   37.3378249
  -8.036622    37.3375504
  -8.0368829   37.3373801
  -8.0371776   37.3372976
  -8.0376073   37.3373934
  -8.0378537   37.3375526
  -8.0379888   37.3377307
  -8.038187    37.3383221
  -8.0384013   37.3387929
  -8.0386317   37.3391555
  -8.0387828   37.3392891
  -8.0389577   37.3393592
  -8.0400032   37.3394809
  -8.0406396   37.3394131
  -8.0416716   37.3393682
  -8.0419438   37.3393913
  -8.0421157   37.3395001
  -8.0422395   37.3397434
  -8.0422709   37.3399787
  -8.0422465   37.3403475
  -8.0422782   37.3405064
  -8.0423576   37.3406497
  -8.0424054   37.3406878
  -8.0424769   37.3406879
  -8.0425963   37.3406562
  -8.0427398   37.3405481
  -8.0428833   37.3403067
  -8.0429953   37.3398871
  -8.0439364   37.3382931
  -8.0439686   37.3379434
  -8.043937    37.3377907
  -8.0438098   37.3376634
  -8.0431655   37.3373132
  -8.0430225   37.3371097
  -8.0430385   37.3370016
  -8.0432616   37.3368491
  -8.0438282   37.336723
  -8.0443646   37.336653
  -8.0449395   37.3367007
  -8.0453883   37.3365651
  -8.0459216   37.3364511
  -8.0467574   37.3363882
  -8.0474656   37.3365032
  -8.0477679   37.3366433
  -8.0479906   37.336777
  -8.0481575   37.3369869
  -8.048244    37.3373382
  -8.0483353   37.3374069
  -8.0485231   37.3374132
  -8.0487492   37.3373257
  -8.0490235   37.337107
  -8.0496731   37.3367336
  -8.0498722   37.3365684
  -8.0499839   37.3364096
  -8.0499805   37.3363088
  -8.0497814   37.3361212
  -8.0489805   37.3356253
  -8.0487415   37.3355261
  -8.0484272   37.3354304
  -8.0476923   37.3353131
  -8.0466555   37.335195
  -8.0459295   37.3350707
  -8.0457039   37.3349573
  -8.0456464   37.3348511
  -8.0456465   37.3347875
  -8.0457441   37.3346177
  -8.0464176   37.334185
  -8.0465638   37.3340648
  -8.0467102   37.333842
  -8.0465159   37.3334881
  -8.0463034   37.3333606
  -8.0459361   37.3331976
  -8.0454891   37.3330876
  -8.0451059   37.332935
  -8.0450929   37.3327864
  -8.045217    37.3325707
  -8.0459614   37.3320795
  -8.0461387   37.3319417
  -8.0463161   37.3317438
  -8.0466042   37.3316204
  -8.0470484   37.3316608
  -8.0472776   37.3317468
  -8.0474279   37.33193
  -8.0475087   37.3322187
  -8.0477168   37.3325681
  -8.0478446   37.332647
  -8.0479862   37.3326365
  -8.04828     37.3323998
  -8.048673    37.3321983
  -8.0490107   37.3313529
  -8.049188    37.3311266
  -8.0493135   37.3308214
  -8.0494355   37.3306784
  -8.049715    37.3305985
  -8.0502813   37.33037
  -8.0505035   37.3302672
  -8.0507688   37.3300957
  -8.0511561   37.3297241
  -8.0515654   37.3289749
  -8.0517096   37.3287768
  -8.0521971   37.3283952
  -8.053322    37.3277574
  -8.0535084   37.3277117
  -8.0539526   37.327672
  -8.0544954   37.3278226
  -8.0546106   37.327805
  -8.0547303   37.3276424
  -8.0548769   37.3271685
  -8.0551117   37.3269246
  -8.0553287   37.3267867
  -8.056179    37.326364
  -8.0566309   37.3260706
  -8.0568215   37.325823
  -8.0569498   37.3253624
  -8.0570791   37.3250879
  -8.0571455   37.3250201
  -8.0575131   37.3248753
  -8.0576415   37.3247869
  -8.0576551   37.3245004
  -8.057551    37.3242488
  -8.0574613   37.3238459
  -8.0574525   37.3236373
  -8.057489    37.323256
  -8.0576872   37.3230332
  -8.0580384   37.3229542
  -8.0586686   37.3228683
  -8.0590647   37.3229045
  -8.0594337   37.3230198
  -8.0597216   37.3231999
  -8.0599464   37.3233871
  -8.0600722   37.3236749
  -8.060526    37.3242661
  -8.0611203   37.3246842
  -8.0616826   37.3247551
  -8.0622318   37.3247554
  -8.062799    37.3247053
  -8.0635194   37.3244611
  -8.0638617   37.3241664
  -8.0637628   37.3239936
  -8.0631689   37.3237703
  -8.0624939   37.32359
  -8.0622511   37.3234173
  -8.0622331   37.3233454
  -8.0622872   37.3232519
  -8.0625214   37.3230721
  -8.0627195   37.3230316
  -8.0628844   37.322923
  -8.0630206   37.3227686
  -8.0630781   37.3225569
  -8.0630264   37.3221444
  -8.0630537   37.3218424
  -8.0631708   37.3215157
  -8.0635945   37.3208542
  -8.0639641   37.3203364
  -8.0642434   37.3200128
  -8.064523    37.3195525
  -8.0647211   37.3193944
  -8.0652525   37.3191213
  -8.0656938   37.3189634
  -8.0658468   37.3189368
  -8.0665483   37.3192588
  -8.0674366   37.3195499
  -8.0688043   37.3202944
  -8.069499    37.3205237
  -8.0700434   37.3206384
  -8.0703155   37.3207701
  -8.0708225   37.3211245
  -8.0710113   37.3213187
  -8.0712811   37.3216498
  -8.0717755   37.3224559
  -8.0719375   37.3226142
  -8.0725402   37.3230102
  -8.073544    37.323422
  -8.0741515   37.3237298
  -8.0744079   37.3238057
  -8.0747202   37.3237523
  -8.0749042   37.3237569
  -8.075272    37.3238774
  -8.0753947   37.3239889
  -8.0754615   37.3241404
  -8.0754836   37.3243364
  -8.0753661   37.324984
  -8.0754495   37.325376
  -8.0757223   37.3258841
  -8.0759785   37.3261426
  -8.0763573   37.3264101
  -8.076887    37.3265485
  -8.0773218   37.3265888
  -8.0776342   37.3266815
  -8.0779623   37.3269418
  -8.0786068   37.3273369
  -8.0791583   37.3276003
  -8.0802256   37.3280242
  -8.0807557   37.3281789
  -8.0809634   37.3282934
  -8.0812643   37.3283565
  -8.0821097   37.3284084
  -8.0824106   37.3284886
  -8.0826397   37.3286031
  -8.0829187   37.3288269
  -8.0839079   37.3287181
  -8.0846172   37.3286898
  -8.0848608   37.3286899
  -8.0852049   37.32877
  -8.0855486   37.3287703
  -8.0861935   37.3286389
  -8.0867453   37.3283874
  -8.0870249   37.3281701
  -8.0873833   37.3279528
  -8.0879351   37.3277127
  -8.0884081   37.3275813
  -8.0891745   37.3275328
  -8.089282    37.3274728
  -8.0895905   37.3270782
  -8.0897143   37.3270329
  -8.0899875   37.3270562
  -8.0903784   37.3271342
  -8.0907544   37.3272974
  -8.0911573   37.3275379
  -8.0915657   37.327568
  -8.0918181   37.3277269
  -8.0921298   37.3277656
  -8.0929357   37.3279333
  -8.0933997   37.3281723
  -8.0942017   37.3288786
  -8.0943539   37.3289379
  -8.0946709   37.3290195
  -8.0948482   37.3290239
  -8.0952597   37.3288929
  -8.0958746   37.3289083
  -8.0960144   37.3288182
  -8.0963314   37.3287797
  -8.0966217   37.3286983
  -8.0967399   37.3286297
  -8.0973588   37.3284291
  -8.097514    37.3280577
  -8.0977988   37.3280836
  -8.0983952   37.3282211
  -8.0985671   37.3282211
  -8.0988251   37.3281482
  -8.0991089   37.327993
  -8.0996148   37.3278305
  -8.1001963   37.3277145
  -8.1005718   37.3274278
  -8.1006616   37.3272687
  -8.1008477   37.3270969
  -8.1013755   37.3271234
  -8.1024658   37.3270633
  -8.1025914   37.3269319
  -8.102628    37.3263561
  -8.1034915   37.326339
  -8.1038045   37.3262874
  -8.1042362   37.3263823
  -8.1046139   37.3265807
  -8.1054234   37.3265724
  -8.1059738   37.3267277
  -8.1070425   37.3266935
  -8.1067292   37.3274783
  -8.1067399   37.3277457
  -8.1069878   37.3285997
  -8.1070849   37.328824
  -8.1072359   37.3290914
  -8.1073836   37.3291434
  -8.1076772   37.3291206
  -8.108594    37.328887
  -8.1089939   37.328817
  -8.1092865   37.3288014
  -8.1100179   37.3288717
  -8.1108078   37.3288562
  -8.1106421   37.3285912
  -8.1119054   37.3282942
  -8.1121637   37.328233
  -8.1128852   37.3280694
  -8.1132653   37.328506
  -8.1155132   37.3292776
  -8.1162442   37.3294588
  -8.118932    37.330273
  -8.1227611   37.3316875
  -8.1236308   37.3315513
  -8.1296796   37.330435
  -8.1302022   37.3307291
  -8.1329649   37.3324468
  -8.1338607   37.3322977
  -8.1359726   37.3322167
  -8.1374929   37.3327792
  -8.1377436   37.3327537
  -8.1386504   37.3327792
  -8.1389758   37.3328133
  -8.1405383   37.3322549
  -8.1409864   37.3323487
  -8.1422132   37.3322974
  -8.1435679   37.3316494
  -8.1437921   37.331756
  -8.1447944   37.3321224
  -8.1458453   37.3320413
  -8.1464161   37.3319518
  -8.1479847   37.3319391
  -8.1482202   37.3318046
  -8.1495505   37.3327191
  -8.1499993   37.3326921
  -8.150959    37.3329744
  -8.1513461   37.3331806
  -8.1525863   37.3333822
  -8.1530018   37.3341066
  -8.153361    37.3343934
  -8.1541748   37.3344964
  -8.1543599   37.3343485
  -8.1548256   37.3340928
  -8.1553867   37.3338416
  -8.1557065   37.3337788
  -8.1563405   37.3337158
  -8.1568288   37.3337247
  -8.1573563   37.3338098
  -8.158052    37.3336168
  -8.1583945   37.3339306
  -8.1589669   37.3342892
  -8.1596348   37.3346208
  -8.1606507   37.3350062
  -8.1617843   37.3350418
  -8.1623175   37.3354297
  -8.1624916   37.3356719
  -8.1627779   37.3359801
  -8.1628061   37.336173
  -8.1629519   37.336146
  -8.1629743   37.3361909
  -8.1635242   37.3361458
  -8.163395    37.3358903
  -8.1637541   37.3357736
  -8.1641637   37.3356794
  -8.1644444   37.335648
  -8.1653594   37.3363983
  -8.1662462   37.3365998
  -8.1668299   37.3366759
  -8.1675316   37.3373141
  -8.1683118   37.3376859
  -8.168772    37.3378517
  -8.1695183   37.3377035
  -8.1709211   37.3373264
  -8.1717631   37.3377408
  -8.1723636   37.3378192
  -8.1729975   37.3372629
  -8.1733572   37.3384464
  -8.1750524   37.3392394
  -8.1747382   37.3393999
  -8.1747162   37.3402384
  -8.1748958   37.3403028
  -8.1749632   37.3403611
  -8.1759237   37.3406986
  -8.1761963   37.3408422
  -8.176409    37.3408813
  -8.177532    37.3409332
  -8.1786172   37.3411506
  -8.179462    37.3408235
  -8.1797782   37.3407799
  -8.1803671   37.3410628
  -8.1812073   37.3420204
  -8.1814037   37.3420421
  -8.1825474   37.3427531
  -8.1837063   37.342364
  -8.1851177   37.3416087
  -8.1866968   37.3417528
  -8.1872019   37.3410797
  -8.187239    37.3410992
  -8.1872712   37.3411219
  -8.1874957   37.3412774
  -8.1876505   37.3413438
  -8.1884849   37.3416096
  -8.1884752   37.3418075
  -8.1885254   37.3420385
  -8.1886715   37.3423638
  -8.1890882   37.3427498
  -8.1895985   37.3428645
  -8.1901148   37.3431085
  -8.1905192   37.3431943
  -8.1910216   37.3431737
  -8.1915732   37.343308
  -8.1918424   37.3432758
  -8.1921293   37.3433415
  -8.1929682   37.343794
  -8.1931711   37.3440011
  -8.193424    37.344195
  -8.1935641   37.3443741
  -8.1938385   37.344524
  -8.1947704   37.3451425
  -8.1949937   37.345215
  -8.1954953   37.3455223
  -8.1957609   37.3456346
  -8.1960961   37.3459402
  -8.196162    37.3460278
  -8.1962079   37.3461905
  -8.1967009   37.3465499
  -8.1968787   37.3472977
  -8.1969561   37.3473844
  -8.1974804   37.3477103
  -8.1976791   37.3478998
  -8.1977082   37.3479999
  -8.1977836   37.3480642
  -8.198219    37.348124
  -8.1986863   37.348304
  -8.1987895   37.3484598
  -8.199057    37.3486067
  -8.1991337   37.3487395
  -8.1992104   37.3490088
  -8.1993681   37.3492575
  -8.1997147   37.3496187
  -8.1999876   37.3497859
  -8.2000522   37.3500584
  -8.2001777   37.3503338
  -8.2003719   37.3504569
  -8.2006249   37.3505284
  -8.2008513   37.3506443
  -8.2010456   37.3507962
  -8.2010893   37.3508512
  -8.2011352   37.3513751
  -8.2010652   37.3515021
  -8.200759    37.3518371
  -8.2005904   37.3519335
  -8.1998202   37.3522435
  -8.1997406   37.3523272
  -8.199711    37.352453
  -8.199828    37.3526396
  -8.1997918   37.3527062
  -8.1996843   37.3527833
  -8.1992081   37.353021
  -8.1987554   37.35302
  -8.1986748   37.3530415
  -8.1986103   37.3531309
  -8.1985585   37.353305
  -8.198593    37.3535397
  -8.1991761   37.3543923
  -8.2001657   37.3547138
  -8.200428    37.3547181
  -8.2006311   37.3547698
  -8.2011053   37.3550361
  -8.2011535   37.3550331
  -8.2013104   37.3549002
  -8.202362    37.3544466
  -8.2027023   37.3544271
  -8.2031057   37.3545276
  -8.2034051   37.3545326
  -8.2036592   37.3544999
  -8.2041837   37.3543277
  -8.2045535   37.354084
  -8.2052977   37.3538844
  -8.2055462   37.3538702
  -8.2059004   37.353907
  -8.2063085   37.354063
  -8.2078026   37.3545086
  -8.2082187   37.3549483
  -8.2084202   37.3551141
  -8.2086122   37.355191
  -8.2092422   37.3552991
  -8.2095746   37.3554959
  -8.2097114   37.3556523
  -8.2098105   37.3559811
  -8.2101481   37.35644
  -8.2102455   37.3564671
  -8.2104709   37.3563955
  -8.2106297   37.3564309
  -8.2108042   37.3565878
  -8.210837    37.3567673
  -8.2108979   37.3568591
  -8.211529    37.3570507
  -8.2122354   37.3571619
  -8.2123728   37.3572127
  -8.2124513   37.3572803
  -8.2126116   37.3575348
  -8.2127922   37.3577001
  -8.2133997   37.3580629
  -8.2136368   37.3581705
  -8.214376    37.3586423
  -8.2146521   37.3587388
  -8.2148113   37.358711
  -8.2150661   37.3585857
  -8.2152011   37.3585856
  -8.2154238   37.3587796
  -8.2155223   37.358964
  -8.2155657   37.359159
  -8.2155335   37.3593555
  -8.2155728   37.3597669
  -8.2156356   37.3598566
  -8.2157328   37.3598703
  -8.2164044   37.3596094
  -8.2166074   37.3595757
  -8.2166571   37.3595947
  -8.2167826   37.3597661
  -8.2171159   37.3604405
  -8.2173096   37.3605492
  -8.2174316   37.3605448
  -8.2175557   37.3604766
  -8.2176876   37.3604955
  -8.2178996   37.3607696
  -8.2182422   37.360948
  -8.2183601   37.3610427
  -8.2183788   37.3612074
  -8.2182292   37.3615043
  -8.2182855   37.361625
  -8.218607    37.3616977
  -8.2188786   37.3618437
  -8.2190998   37.3620616
  -8.2197813   37.3624577
  -8.2199509   37.362645
  -8.2202372   37.3628747
  -8.2204731   37.3629566
  -8.220882    37.3630395
  -8.2210143   37.3631305
  -8.2210378   37.3632236
  -8.2209161   37.3633748
  -8.220893    37.3634899
  -8.2209164   37.3636142
  -8.2207972   37.3637768
  -8.2207973   37.3638417
  -8.2210104   37.3642718
  -8.2208336   37.3646436
  -8.2210832   37.3649603
  -8.2212867   37.3650851
  -8.2216825   37.3652042
  -8.2218917   37.3651868
  -8.2221808   37.3650817
  -8.2225419   37.365154
  -8.2228447   37.3653274
  -8.2232767   37.3656776
  -8.2241829   37.3660862
  -8.2244763   37.3662668
  -8.2247891   37.3666307
  -8.2248212   37.3669935
  -8.2247072   37.3673237
  -8.2247305   37.3673889
  -8.2249273   37.3676045
  -8.2251578   37.3679967
  -8.2253404   37.3681017
  -8.2257058   37.3684167
  -8.2259413   37.3686982
  -8.2259626   37.3688046
  -8.2260942   37.3688354
  -8.2262609   37.3688156
  -8.2264205   37.3686811
  -8.226473    37.3684974
  -8.2267729   37.3682576
  -8.2271045   37.368246
  -8.2281175   37.3683896
  -8.2286195   37.368378
  -8.228809    37.3683484
  -8.2294545   37.3680479
  -8.2298437   37.3678083
  -8.2300525   37.3676316
  -8.2300944   37.3674942
  -8.230168    37.3674296
  -8.23057     37.3674573
  -8.2308403   37.367606
  -8.2314524   37.3680205
  -8.2315008   37.3682013
  -8.2314436   37.3686649
  -8.231529    37.368943
  -8.2317335   37.3691439
  -8.2320596   37.3693819
  -8.2322041   37.3694599
  -8.232599    37.3695621
  -8.2329061   37.37
  -8.2329902   37.3703677
  -8.2332224   37.3706124
  -8.2334645   37.3706894
  -8.2338462   37.3707461
  -8.2350402   37.3707489
  -8.2351704   37.3709064
  -8.2352381   37.3711293
  -8.2353347   37.371283
  -8.2359533   37.3717462
  -8.2364288   37.3719871
  -8.2365743   37.3722144
  -8.2367171   37.3723131
  -8.2371877   37.3725575
  -8.2379415   37.3727621
  -8.2382933   37.3729337
  -8.238781    37.3732005
  -8.2393112   37.3736777
  -8.2394733   37.373859
  -8.2396302   37.3741813
  -8.2396377   37.3743525
  -8.2395493   37.3749044
  -8.2393554   37.375369
  -8.2393283   37.3755433
  -8.2393705   37.3757364
  -8.2394798   37.3759484
  -8.239744    37.3762196
  -8.2398969   37.3763313
  -8.2406234   37.3767561
  -8.2409527   37.3768995
  -8.2419756   37.3772703
  -8.242303    37.3774587
  -8.2430165   37.3776657
  -8.2432567   37.3777106
  -8.2436004   37.3777058
  -8.2441526   37.3775414
  -8.2446113   37.3774986
  -8.2447879   37.3774751
  -8.2450452   37.3774819
  -8.2456339   37.3775756
  -8.2459117   37.3776737
  -8.2461328   37.3778756
  -8.2462973   37.3782219
  -8.246444    37.3784031
  -8.2465195   37.3785618
  -8.2465739   37.3789437
  -8.2469856   37.3797816
  -8.2471585   37.3799724
  -8.2472445   37.3801443
  -8.2472931   37.3803342
  -8.2473129   37.3806628
  -8.2473698   37.3807397
  -8.2475672   37.3808346
  -8.2476671   37.3809209
  -8.2479169   37.3816544
  -8.2480724   37.3823867
  -8.2483695   37.3831371
  -8.2484267   37.383381
  -8.2485295   37.3846286
  -8.2485811   37.3847235
  -8.248728    37.3847875
  -8.2493401   37.3847066
  -8.2499031   37.3847908
  -8.2499952   37.3846735
  -8.2500955   37.3844491
  -8.2502145   37.3844199
  -8.2504783   37.3844454
  -8.2511067   37.3846144
  -8.2512666   37.3846885
  -8.2513997   37.3848012
  -8.2517073   37.385354
  -8.252579    37.3862041
  -8.2528984   37.3862395
  -8.2532579   37.3862284
  -8.2536026   37.3862709
  -8.254354    37.3862695
  -8.2549291   37.3861058
  -8.2553055   37.3860754
  -8.2555424   37.3862468
  -8.2556879   37.3864011
  -8.2558982   37.3867657
  -8.2560224   37.3870831
  -8.2562757   37.3874304
  -8.2566256   37.3875598
  -8.2572118   37.3876354
  -8.2573517   37.3876867
  -8.2579219   37.3877848
  -8.2583468   37.3878058
  -8.2586105   37.3878871
  -8.2586966   37.3879642
  -8.2587942   37.3880017
  -8.2591046   37.3880383
  -8.2597952   37.3879449
  -8.2600678   37.3878469
  -8.2602614   37.3878338
  -8.2607508   37.3878719
  -8.2609229   37.3878546
  -8.2617566   37.3876593
  -8.2622918   37.3874455
  -8.2627821   37.3871593
  -8.262834    37.3869127
  -8.262909    37.3867539
  -8.2627903   37.3864966
  -8.2628646   37.3859515
  -8.2630404   37.3855395
  -8.2632123   37.3848912
  -8.2633679   37.3846765
  -8.2636153   37.3844246
  -8.2636793   37.3843715
  -8.2638136   37.3842812
  -8.2640608   37.3842037
  -8.2643929   37.3842557
  -8.2646823   37.3842161
  -8.2652571   37.3842335
  -8.2655294   37.384167
  -8.265805    37.3840267
  -8.266388    37.383933
  -8.2668829   37.3839574
  -8.2672406   37.3840531
  -8.2674532   37.3847205
  -8.2675341   37.3848406
  -8.267965    37.3852478
  -8.2680448   37.3853679
  -8.2681377   37.3857024
  -8.2683237   37.3859085
  -8.2685058   37.386283
  -8.2685237   37.386501
  -8.2685914   37.3866717
  -8.2687253   37.3868485
  -8.2688899   37.3870097
  -8.2693023   37.3872287
  -8.2696363   37.3875888
  -8.2698302   37.3877302
  -8.2702332   37.3879331
  -8.2706774   37.3879807
  -8.2709722   37.3880806
  -8.2716896   37.3882435
  -8.2719404   37.3882462
  -8.2721675   37.3882079
  -8.2724875   37.3880875
  -8.2727213   37.3880374
  -8.2730857   37.3877106
  -8.2733274   37.3875412
  -8.2736062   37.3873973
  -8.2739001   37.3871418
  -8.2743007   37.3869582
  -8.2744609   37.3868401
  -8.2746153   37.3867756
  -8.2747612   37.3867692
  -8.274868    37.3869111
  -8.2752618   37.3869378
  -8.2756141   37.3871584
  -8.2753246   37.3872922
  -8.2751167   37.3874592
  -8.2749636   37.3875866
  -8.2747887   37.3877673
  -8.2746668   37.3879641
  -8.2745661   37.3882319
  -8.2745683   37.3883198
  -8.2746845   37.3886194
  -8.2748788   37.3889321
  -8.2751991   37.3893217
  -8.2754277   37.3896877
  -8.2754881   37.3899048
  -8.2754858   37.3901076
  -8.2754857   37.3902709
  -8.2757562   37.3910562
  -8.2757788   37.3912582
  -8.2757319   37.3915487
  -8.2757672   37.3917937
  -8.2757486   37.3919933
  -8.275604    37.3925188
  -8.275614    37.3927637
  -8.2755701   37.3930997
  -8.2753364   37.3933854
  -8.2746787   37.3936893
  -8.2738476   37.3941752
  -8.2734653   37.3944939
  -8.2734024   37.3947011
  -8.2734152   37.3947971
  -8.273488    37.394898
  -8.2737131   37.3950821
  -8.2740646   37.3951752
  -8.2745302   37.3952112
  -8.2746595   37.3953227
  -8.2747458   37.3954813
  -8.2747733   37.3957817
  -8.2745983   37.3962353
  -8.2746718   37.3965837
  -8.2746606   37.3968939
  -8.274822    37.3973514
  -8.2750758   37.3976036
  -8.2751965   37.3978308
  -8.2752517   37.3985884
  -8.2752302   37.3989193
  -8.2754223   37.39957
  -8.2757244   37.4002817
  -8.2757523   37.4005244
  -8.2756185   37.40093
  -8.2755231   37.4010772
  -8.2754634   37.4014194
  -8.2754852   37.4015652
  -8.2757256   37.4022209
  -8.2757727   37.4025026
  -8.2757292   37.4026717
  -8.275639    37.402804
  -8.2754829   37.4029364
  -8.2745798   37.4034888
  -8.2742949   37.4035706
  -8.2738485   37.4036055
  -8.2734719   37.4035888
  -8.2731332   37.4036879
  -8.2730419   37.4037523
  -8.2727084   37.4037785
  -8.2725902   37.4038258
  -8.2721208   37.4041564
  -8.2717256   37.4046103
  -8.2712587   37.4049192
  -8.2710648   37.4051509
  -8.2708754   37.4053154
  -8.270466    37.4055498
  -8.2697775   37.4058109
  -8.2693074   37.4059452
  -8.2684831   37.4063023
  -8.267993    37.4063557
  -8.2671404   37.4067009
  -8.2653944   37.4070916
  -8.2649911   37.4073211
  -8.2648183   37.4074592
  -8.2646264   37.4079838
  -8.264689    37.4081936
  -8.2647774   37.4083195
  -8.2650387   37.4085556
  -8.2655628   37.4087229
  -8.265959    37.4087908
  -8.2662613   37.4089272
  -8.2663495   37.4089847
  -8.2663997   37.4090733
  -8.2664425   37.4092591
  -8.2666536   37.4093536
  -8.2668189   37.4094493
  -8.2669328   37.4095603
  -8.2670341   37.4097483
  -8.2688085   37.4106135
  -8.2696948   37.4107144
  -8.2706836   37.410907
  -8.270931    37.4110619
  -8.2712131   37.4115748
  -8.2716392   37.4116014
  -8.2723809   37.4117875
  -8.2731857   37.4115554
  -8.2738413   37.4113066
  -8.2743062   37.4115371
  -8.2746343   37.4115639
  -8.2755725   37.4120658
  -8.2765822   37.4120305
  -8.2770134   37.4124718
  -8.2772101   37.412842
  -8.2773216   37.4132531
  -8.2773814   37.4133278
  -8.2784304   37.4137853
  -8.2785332   37.4140944
  -8.278453    37.4144582
  -8.2785306   37.4149169
  -8.2784842   37.4151854
  -8.2782549   37.4155493
  -8.2780751   37.4156688
  -8.27797     37.4158623
  -8.2778475   37.416413
  -8.2778777   37.4165965
  -8.2791189   37.4172848
  -8.2793963   37.4175088
  -8.2796261   37.4177725
  -8.2796741   37.4179706
  -8.2795475   37.4185995
  -8.2794118   37.4189293
  -8.2791993   37.4191947
  -8.2788153   37.4193543
  -8.2781565   37.4197941
  -8.2779906   37.4199438
  -8.2779313   37.4201308
  -8.2779531   37.4203789
  -8.2780857   37.4206438
  -8.278312    37.420878
  -8.2784708   37.4214827
  -8.2788722   37.421907
  -8.2791452   37.42208
  -8.2789589   37.4226648
  -8.2788825   37.422811
  -8.2784868   37.4231479
  -8.2783688   37.4237972
  -8.2779869   37.4241579
  -8.2775693   37.424641
  -8.2776341   37.4250793
  -8.2778522   37.4255039
  -8.2783859   37.4260605
  -8.2786313   37.4262174
  -8.2789744   37.4262875
  -8.2792526   37.4268819
  -8.2794405   37.4270754
  -8.2795898   37.4271703
  -8.2806731   37.4276278
  -8.2810483   37.4277327
  -8.2812023   37.4280519
  -8.2814415   37.4283473
  -8.2818215   37.4286969
  -8.281932    37.428906
  -8.2824219   37.4293126
  -8.2828684   37.4296542
  -8.2831778   37.4297666
  -8.2833483   37.4298945
  -8.2839941   37.4301486
  -8.2844117   37.430258
  -8.2846635   37.4305323
  -8.2848344   37.4308617
  -8.2849277   37.4309295
  -8.2854629   37.4310871
  -8.28567     37.4312969
  -8.2858282   37.4313807
  -8.286112    37.4314547
  -8.2868699   37.4314634
  -8.2871216   37.4314367
  -8.2877865   37.4318726
  -8.2884552   37.4318847
  -8.2895839   37.4316001
  -8.2900957   37.4315593
  -8.2903392   37.4317464
  -8.2905501   37.4317946
  -8.2907081   37.4317847
  -8.2909064   37.4316714
  -8.2920391   37.4299346
  -8.2923234   37.4302646
  -8.2934149   37.4312197
  -8.2939796   37.4310627
  -8.2943199   37.4305031
  -8.2952439   37.430893
  -8.2955399   37.4309516
  -8.2957703   37.4311151
  -8.2958535   37.4315933
  -8.2960929   37.4321139
  -8.295865    37.4333428
  -8.2967786   37.4334889
  -8.2969685   37.4333109
  -8.2971425   37.4332977
  -8.2972893   37.4333235
  -8.2980051   37.4335877
  -8.2980852   37.4335925
  -8.2983717   37.4335431
  -8.298752    37.4334212
  -8.299233    37.4333522
  -8.2996271   37.4333549
  -8.3006365   37.4335397
  -8.3009761   37.4338366
  -8.301972    37.4342806
  -8.3020577   37.4338522
  -8.302303    37.433299
  -8.3023453   37.4329181
  -8.3023179   37.4326539
  -8.3024218   37.432291
  -8.3027955   37.4316777
  -8.303135    37.4318303
  -8.3036097   37.4319707
  -8.3042515   37.431605
  -8.3045472   37.4315158
  -8.3056334   37.4314214
  -8.3060902   37.431598
  -8.3067816   37.4317401
  -8.3071048   37.431875
  -8.3073216   37.4319008
  -8.3080635   37.4317385
  -8.3086811   37.4324266
  -8.3090327   37.4324139
  -8.3092649   37.4322868
  -8.3095517   37.4320279
  -8.3098566   37.4316445
  -8.3102331   37.4318074
  -8.3103588   37.4319462
  -8.3104958   37.4325154
  -8.3104959   37.4330165
  -8.3107257   37.4332088
  -8.3109675   37.4332743
  -8.3113711   37.4332664
  -8.3117593   37.4331975
  -8.3120315   37.4331922
  -8.3125092   37.43345
  -8.3127845   37.4334837
  -8.31346     37.4333803
  -8.3137789   37.4337187
  -8.3139908   37.434094
  -8.3141134   37.4342133
  -8.3138881   37.4346233
  -8.3137152   37.4351942
  -8.3137099   37.4355478
  -8.3136378   37.4361015
  -8.3137487   37.436433
  -8.31389     37.4366864
  -8.3140035   37.4368106
  -8.3145578   37.4371194
  -8.3152532   37.437611
  -8.3153145   37.4376865
  -8.3152816   37.4379791
  -8.3154909   37.438244
  -8.3162203   37.4386374
  -8.3163636   37.4388488
  -8.3166291   37.4389399
  -8.3176677   37.4391288
  -8.3175923   37.4393737
  -8.3181471   37.4393903
  -8.3196811   37.4392159
  -8.319841    37.4386097
  -8.3194831   37.438402
  -8.3191278   37.4383125
  -8.3194287   37.4377272
  -8.3196521   37.4375329
  -8.319875    37.4370902
  -8.3199074   37.4368611
  -8.3198115   37.436694
  -8.3197436   37.436449
  -8.3197873   37.436267
  -8.3199935   37.4360011
  -8.3206553   37.4361419
  -8.3208759   37.4355766
  -8.320885    37.4355036
  -8.3207012   37.4350293
  -8.3201144   37.4348282
  -8.3207521   37.4341999
  -8.3210098   37.4334576
  -8.3209988   37.4331422
  -8.3211813   37.4324139
  -8.3215345   37.4316204
  -8.3216324   37.4311506
  -8.3215147   37.4303159
  -8.3215345   37.4302365
  -8.3213772   37.430075
  -8.321747    37.4297285
  -8.3216808   37.4296623
  -8.3218318   37.429313
  -8.321373    37.4290973
  -8.3221479   37.4283466
  -8.3230273   37.4275689
  -8.3235129   37.4269495
  -8.324213    37.4265383
  -8.3246062   37.4262499
  -8.3259673   37.4256709
  -8.3267663   37.4254959
  -8.3270311   37.4254919
  -8.32725     37.4255255
  -8.3275235   37.4254958
  -8.3279323   37.4254031
  -8.3281429   37.4251683
  -8.3283502   37.4247703
  -8.3284918   37.4246321
  -8.3285577   37.4243854
  -8.3287566   37.4241846
  -8.3287947   37.4240548
  -8.3287968   37.4237424
  -8.3290313   37.4234977
  -8.3291095   37.4232174
  -8.3299992   37.423458
  -8.3303887   37.4235912
  -8.3310197   37.4236909
  -8.3314909   37.423888
  -8.331366    37.4240022
  -8.3313913   37.4242602
  -8.3313552   37.4244894
  -8.3313565   37.4250134
  -8.3314614   37.4255173
  -8.3312941   37.4257055
  -8.3310895   37.4264894
  -8.3311062   37.4266313
  -8.3312763   37.4270895
  -8.3314593   37.4274138
  -8.3320533   37.4279168
  -8.3323716   37.42809
  -8.3325596   37.4281533
  -8.3322865   37.4288118
  -8.3318876   37.4292774
  -8.3323571   37.429825
  -8.3325803   37.4298311
  -8.3327851   37.4300952
  -8.3330838   37.4302377
  -8.3335223   37.4303187
  -8.3344138   37.430906
  -8.3351254   37.4308063
  -8.3352472   37.4314466
  -8.3352974   37.4315585
  -8.3357666   37.4319038
  -8.3359576   37.4321126
  -8.3361207   37.4323911
  -8.3362916   37.4332372
  -8.3363856   37.4333839
  -8.3366633   37.4328699
  -8.3369997   37.4325963
  -8.3373957   37.4320014
  -8.3376657   37.4314933
  -8.3379131   37.4308263
  -8.3385644   37.4304488
  -8.3387488   37.4302467
  -8.3392375   37.4300773
  -8.3396038   37.4298795
  -8.3397268   37.4297692
  -8.3399365   37.4293744
  -8.3402929   37.428871
  -8.340461    37.4287881
  -8.3409761   37.4287186
  -8.3416885   37.4285202
  -8.3423737   37.4275674
  -8.3427029   37.4267525
  -8.3428379   37.4260013
  -8.3429773   37.425675
  -8.3435604   37.4257834
  -8.3439952   37.4259922
  -8.3447265   37.4259453
  -8.3454122   37.4259714
  -8.3460716   37.426113
  -8.3462966   37.4262068
  -8.3467398   37.4266495
  -8.3466681   37.4267419
  -8.3466098   37.427339
  -8.3466646   37.427503
  -8.346782    37.4276189
  -8.347271    37.4277662
  -8.3477406   37.4281162
  -8.3482665   37.4282132
  -8.3489768   37.4287952
  -8.3497083   37.4288371
  -8.349909    37.4290829
  -8.3501009   37.4292443
  -8.3509224   37.429371
  -8.352312    37.4293232
  -8.3525133   37.4294169
  -8.3531024   37.4291812
  -8.3535021   37.4291463
  -8.3537133   37.4290747
  -8.3540292   37.4290838
  -8.3543622   37.4290525
  -8.354518    37.4290051
  -8.3548341   37.4290418
  -8.3551967   37.4291754
  -8.3563461   37.4291746
  -8.3565758   37.4291499
  -8.3572858   37.4286271
  -8.357376    37.4286058
  -8.3575053   37.4286218
  -8.3575031   37.4289324
  -8.3576242   37.4292651
  -8.3576687   37.4297745
  -8.3578278   37.4305236
  -8.3578482   37.4309702
  -8.3576096   37.4314202
  -8.3575299   37.4315338
  -8.3573361   37.4317012
  -8.357181    37.4327797
  -8.3572694   37.4328265
  -8.3584338   37.4321054
  -8.3588577   37.4322327
  -8.3592459   37.4320956
  -8.3594329   37.4319465
  -8.3596149   37.4317387
  -8.3599252   37.43135
  -8.3600987   37.4310691
  -8.3615926   37.4312698
  -8.3618997   37.4307801
  -8.3620935   37.4306126
  -8.362733    37.4305045
  -8.3629846   37.4305259
  -8.3642296   37.4302743
  -8.3649939   37.4310779
  -8.3654859   37.4312592
  -8.3657571   37.4314956
  -8.3660624   37.431653
  -8.3662644   37.4316921
  -8.3665544   37.4318556
  -8.3666535   37.4318493
  -8.3670408   37.4314627
  -8.3671127   37.4312803
  -8.3675637   37.4305503
  -8.367681    37.4303009
  -8.3677862   37.4298207
  -8.3679      37.4296808
  -8.3682738   37.4286046
  -8.3684851   37.4283314
  -8.3684667   37.4281057
  -8.3691412   37.4276868
  -8.3692717   37.427568
  -8.3694467   37.4272832
  -8.3696595   37.4271126
  -8.3709644   37.4264971
  -8.3710954   37.4264044
  -8.3722096   37.4261965
  -8.3724848   37.4262931
  -8.3731673   37.4264052
  -8.3739095   37.4263015
  -8.3743863   37.4264476
  -8.3747323   37.4262296
  -8.3748941   37.4261726
  -8.3753891   37.4263369
  -8.3764355   37.4264593
  -8.376985    37.4263609
  -8.3779265   37.427265
  -8.3782392   37.4269601
  -8.3786373   37.4265184
  -8.379004    37.4263664
  -8.3792618   37.4262081
  -8.379555    37.4257763
  -8.3800746   37.4254952
  -8.3801479   37.4256881
  -8.380488    37.426035
  -8.3805452   37.4262376
  -8.3807886   37.4266233
  -8.3810153   37.4268385
  -8.3815974   37.4271559
  -8.3818686   37.4274128
  -8.382784    37.4276056
  -8.382902    37.4274814
  -8.383858    37.427748
  -8.3845759   37.4284245
  -8.3848129   37.4285012
  -8.3854913   37.4286027
  -8.3855602   37.4283022
  -8.3857383   37.4279537
  -8.3858655   37.4273698
  -8.3861814   37.4269228
  -8.3863361   37.4265149
  -8.3862335   37.4260264
  -8.3862611   37.4258107
  -8.3864014   37.4255337
  -8.3866913   37.4253432
  -8.3868772   37.4248715
  -8.3883094   37.4254995
  -8.3887094   37.4256338
  -8.3891178   37.425884
  -8.3893481   37.4259736
  -8.3897115   37.4260179
  -8.390078    37.4258304
  -8.3901911   37.4258495
  -8.3905757   37.4261994
  -8.3908279   37.4267782
  -8.3913003   37.4268673
  -8.3916639   37.4269952
  -8.3926771   37.427067
  -8.3928307   37.4271471
  -8.3932468   37.4272621
  -8.3940909   37.4274758
  -8.3942968   37.4274947
  -8.3944675   37.4266801
  -8.3948294   37.4263027
  -8.3949378   37.4261448
  -8.3950456   37.4258163
  -8.3951865   37.425713
  -8.3957592   37.4256216
  -8.3962122   37.4259167
  -8.3967134   37.4261408
  -8.3978492   37.4255172
  -8.3983816   37.4254355
  -8.3987741   37.4257597
  -8.3995424   37.4261828
  -8.4004826   37.4261613
  -8.4006103   37.425762
  -8.4007507   37.4255364
  -8.4008907   37.4251885
  -8.400914    37.424931
  -8.4008444   37.4246447
  -8.4009123   37.424445
  -8.4010569   37.424258
  -8.4011977   37.4241418
  -8.4014841   37.424109
  -8.402021    37.4241721
  -8.4024607   37.4241261
  -8.4025534   37.4241001
  -8.4031252   37.4237512
  -8.4035285   37.4236892
  -8.4036497   37.4237275
  -8.4038688   37.4240521
  -8.4039335   37.4241002
  -8.4042729   37.4242281
  -8.404862    37.4241946
  -8.404995    37.4241525
  -8.4054581   37.4238811
  -8.4055629   37.4238679
  -8.4063193   37.4243586
  -8.4068075   37.4243285
  -8.4071117   37.4236552
  -8.4070941   37.4232529
  -8.407024    37.4228444
  -8.4070516   37.4226362
  -8.4069485   37.4220593
  -8.4071193   37.4214311
  -8.4071235   37.421285
  -8.4071626   37.4211381
  -8.407452    37.4207064
  -8.4075837   37.4203006
  -8.4077281   37.4200524
  -8.4079291   37.4198524
  -8.408109    37.4193886
  -8.4080992   37.4190643
  -8.4088671   37.4192517
  -8.4092668   37.4193086
  -8.4111224   37.4191756
  -8.4116457   37.4190444
  -8.4121559   37.419474
  -8.4124432   37.4195106
  -8.4132967   37.4199685
  -8.4139497   37.4197613
  -8.4143774   37.4197165
  -8.4146115   37.4196314
  -8.4148751   37.4196265
  -8.4152466   37.4196857
  -8.415498    37.4196484
  -8.4162752   37.4199508
  -8.4167697   37.4198381
  -8.4173622   37.4197531
  -8.4176618   37.4195779
  -8.4184504   37.4189645
  -8.4183393   37.4177497
  -8.4182903   37.4175953
  -8.4183219   37.4174064
  -8.4184072   37.417226
  -8.4184812   37.4168568
  -8.4184591   37.4167023
  -8.4184964   37.4166207
  -8.4186466   37.4164916
  -8.4192585   37.4161254
  -8.4194564   37.4158288
  -8.4195851   37.415717
  -8.4198957   37.4153386
  -8.420078    37.4151794
  -8.4199537   37.4150526
  -8.4198991   37.414851
  -8.419864    37.4141045
  -8.419959    37.4136451
  -8.4199423   37.4134949
  -8.4197903   37.4131349
  -8.4192887   37.4127799
  -8.4191105   37.412613
  -8.41904     37.412463
  -8.4190501   37.412287
  -8.4189848   37.4120984
  -8.4183749   37.411572
  -8.4182828   37.4113877
  -8.418309    37.4111946
  -8.4184196   37.4109422
  -8.4187216   37.410582
  -8.4189198   37.410132
  -8.4194857   37.409368
  -8.4200919   37.4094652
  -8.4202037   37.4099458
  -8.4205887   37.4102757
  -8.420794    37.4103451
  -8.4216828   37.4098385
  -8.4218748   37.4098414
  -8.4227409   37.4101104
  -8.4234167   37.410425
  -8.4238773   37.4107249
  -8.4240365   37.4107579
  -8.4243195   37.4107531
  -8.4249054   37.4104904
  -8.4250623   37.4103875
  -8.4250983   37.410216
  -8.42473     37.4098684
  -8.4245312   37.4095825
  -8.424569    37.4093605
  -8.4248864   37.4085904
  -8.424817    37.408362
  -8.4247611   37.4083102
  -8.4245664   37.4082564
  -8.4232585   37.4076802
  -8.423362    37.407347
  -8.4234622   37.4071891
  -8.4239288   37.4068275
  -8.4241688   37.4062894
  -8.4242394   37.4060418
  -8.4242306   37.4055716
  -8.4237514   37.4047553
  -8.4236089   37.4044209
  -8.4235838   37.4042054
  -8.4237985   37.4033745
  -8.4236841   37.4030143
  -8.4236589   37.4027408
  -8.4236102   37.4026669
  -8.4225978   37.402273
  -8.4223952   37.4021536
  -8.4225068   37.4015121
  -8.4225429   37.4008604
  -8.4224902   37.400586
  -8.4224983   37.3999225
  -8.4226787   37.3997106
  -8.4229129   37.3995879
  -8.4230194   37.3992399
  -8.4229061   37.3989462
  -8.4227502   37.3987761
  -8.4227762   37.398263
  -8.422999    37.397876
  -8.4228822   37.3975138
  -8.4222237   37.3959833
  -8.4217154   37.3955758
  -8.4216252   37.3953117
  -8.4216281   37.395014
  -8.4218977   37.3947269
  -8.4219742   37.3945015
  -8.4219654   37.3943325
  -8.4218058   37.3941044
  -8.421796    37.3936997
  -8.4223408   37.393056
  -8.422611    37.3929282
  -8.4225778   37.3927496
  -8.4223149   37.3926425
  -8.4222795   37.3924639
  -8.4228614   37.3921273
  -8.4230555   37.3917824
  -8.4233335   37.3911939
  -8.4232266   37.3908996
  -8.4232075   37.3907139
  -8.4235037   37.3904348
  -8.4240854   37.3903206
  -8.4246003   37.3903096
  -8.425794    37.3905042
  -8.4260511   37.3900901
  -8.4263205   37.389031
  -8.4261946   37.3887125
  -8.4263215   37.3883106
  -8.4262978   37.3876695
  -8.4271945   37.3873799
  -8.4277275   37.3870349
  -8.4277051   37.3867002
  -8.4278652   37.3860432
  -8.4279053   37.3855348
  -8.4284354   37.3850131
  -8.4293455   37.3851109
  -8.4293701   37.3845582
  -8.4294865   37.3844215
  -8.429954    37.3836018
  -8.430174    37.3834006
  -8.4305946   37.3836828
  -8.4311482   37.3839581
  -8.431366    37.3839512
  -8.431712    37.3837411
  -8.4318773   37.383731
  -8.4322814   37.3839102
  -8.4325607   37.3841831
  -8.4328882   37.384385
  -8.4332797   37.384458
  -8.4338365   37.3844985
  -8.4341716   37.3845974
  -8.4343415   37.3850335
  -8.434759    37.3847864
  -8.4355317   37.3848224
  -8.4360541   37.3850117
  -8.436299    37.3850489
  -8.4366214   37.3850031
  -8.4370733   37.3850276
  -8.4376712   37.3852803
  -8.4382915   37.3853914
  -8.4385074   37.3856065
  -8.4386772   37.3856994
  -8.4397283   37.3859702
  -8.4409385   37.3863565
  -8.4410682   37.386517
  -8.4410625   37.3870996
  -8.441575    37.3879136
  -8.4417801   37.3883385
  -8.4423128   37.3875013
  -8.4424656   37.3873689
  -8.4425904   37.3873107
  -8.4424579   37.3869955
  -8.4426844   37.3863502
  -8.4427425   37.38553
  -8.4426175   37.385407
  -8.4429594   37.3851184
  -8.4432597   37.3844799
  -8.4434115   37.3843285
  -8.4439679   37.3842717
  -8.4444389   37.3834114
  -8.4442398   37.3831376
  -8.44421     37.382733
  -8.4442888   37.3821088
  -8.4447527   37.3821526
  -8.4451649   37.3823446
  -8.4454643   37.3825756
  -8.4454858   37.3828973
  -8.4459232   37.3833242
  -8.4459599   37.38344
  -8.445855    37.3843961
  -8.4459603   37.3846644
  -8.446301    37.3849453
  -8.4463351   37.385399
  -8.4467966   37.3858161
  -8.4468582   37.3860638
  -8.4468565   37.3864223
  -8.4473297   37.3861016
  -8.4474271   37.3859128
  -8.4477133   37.3857214
  -8.4482051   37.3852457
  -8.4483532   37.384696
  -8.4483777   37.3838809
  -8.4484015   37.3837875
  -8.4486539   37.3833878
  -8.4487613   37.3830431
  -8.4494038   37.3833375
  -8.4496332   37.3833602
  -8.4508035   37.3830527
  -8.4507394   37.3825637
  -8.4508581   37.3820066
  -8.4506754   37.3817174
  -8.4504527   37.3815153
  -8.4504553   37.3811709
  -8.4506988   37.3805781
  -8.4514153   37.3802479
  -8.4514351   37.3801738
  -8.451223    37.3795951
  -8.4512222   37.3794084
  -8.4512854   37.3791089
  -8.4512561   37.378858
  -8.4512871   37.3785521
  -8.4511694   37.3783819
  -8.4508622   37.3782186
  -8.4505069   37.3781101
  -8.4503897   37.3780461
  -8.4504375   37.3779011
  -8.4505417   37.3777496
  -8.4509837   37.3773686
  -8.451225    37.3772264
  -8.4512056   37.3771415
  -8.451011    37.3769167
  -8.4509212   37.3766498
  -8.4510173   37.3764983
  -8.451341    37.3765565
  -8.4513851   37.3764856
  -8.451755    37.3762207
  -8.4520126   37.376117
  -8.4522699   37.3759232
  -8.4527315   37.3754264
  -8.4532866   37.3750805
  -8.4535921   37.3748512
  -8.4539954   37.3744393
  -8.4544367   37.3737787
  -8.454543    37.373719
  -8.4549803   37.374133
  -8.4559701   37.3745615
  -8.456103    37.3746636
  -8.4561525   37.3747606
  -8.4564277   37.3749851
  -8.4566898   37.3749812
  -8.4576378   37.3750526
  -8.4578759   37.3751034
  -8.4584333   37.3753079
  -8.4588253   37.375487
  -8.4592417   37.3757466
  -8.460175    37.375213
  -8.4604951   37.3750693
  -8.4607534   37.3756697
  -8.4617086   37.3766781
  -8.4646543   37.3771149
  -8.4651307   37.377612
  -8.4662379   37.3779533
  -8.4664907   37.3779729
  -8.4673779   37.3781607
  -8.4681379   37.3784324
  -8.4690607   37.3788448
  -8.4699926   37.3787118
  -8.4709573   37.3788196
  -8.4714744   37.3790557
  -8.4716857   37.3791213
  -8.4720256   37.3792943
  -8.4731825   37.3800652
  -8.4737246   37.3802626
  -8.4753329   37.3811368
  -8.4761231   37.3811001
  -8.4764299   37.3811635
  -8.477188    37.3811452
  -8.4776557   37.3821423
  -8.4787997   37.3826267
  -8.4788716   37.3831358
  -8.4793414   37.3835238
  -8.4805832   37.3837179
  -8.4809791   37.3839024
  -8.4810767   37.3840867
  -8.4811346   37.3841311
  -8.4820255   37.3837466
  -8.4825243   37.3834747
  -8.4842707   37.3831821
  -8.4845603   37.3831238
  -8.4848077   37.3830303
  -8.4859533   37.3828436
  -8.4864567   37.382946
  -8.4868015   37.3830694
  -8.4875521   37.383728
  -8.487817    37.3840448
  -8.4887058   37.3843468
  -8.489104    37.3844099
  -8.4897279   37.3844338
  -8.4903611   37.3845601
  -8.4907772   37.3845594
  -8.4914545   37.3845101
  -8.4917073   37.3845308
  -8.4920306   37.3846585
  -8.4922572   37.3848038
  -8.4926892   37.3851844
  -8.4929212   37.3853467
  -8.4932175   37.3854574
  -8.4937608   37.3858548
  -8.494181    37.386008
  -8.4945412   37.3859983
  -8.494973    37.3859085
  -8.4960076   37.3855095
  -8.4965121   37.3855787
  -8.4971615   37.3855767
  -8.4973509   37.3855458
  -8.4979614   37.3852332
  -8.4989367   37.3848542
  -8.5000775   37.3849876
  -8.5004271   37.3850036
  -8.5019963   37.3847885
  -8.5025387   37.3846323
  -8.5026838   37.3846147
  -8.5029584   37.3846782
  -8.5032117   37.3848019
  -8.5036055   37.3850366
  -8.5039136   37.3853575
  -8.5042964   37.3855709
  -8.5051475   37.3858514
  -8.5054758   37.3859019
  -8.5057501   37.3859053
  -8.507442    37.3855997
  -8.5080649   37.3853101
  -8.5084076   37.3850129
  -8.5087936   37.3847843
  -8.5092659   37.3845854
  -8.5095669   37.3845629
  -8.5096092   37.3844126
  -8.5103866   37.383951
  -8.5104335   37.3836591
  -8.5103293   37.3832517
  -8.5103496   37.3830028
  -8.5104722   37.3827835
  -8.5105158   37.3823844
  -8.5110081   37.3819022
  -8.5111674   37.3814855
  -8.5113115   37.3812704
  -8.5117411   37.379744
  -8.5121387   37.3796655
  -8.5129225   37.3794227
  -8.5145648   37.3787994
  -8.5150845   37.3787177
  -8.5154854   37.3790239
  -8.5156799   37.3792035
  -8.5162388   37.3801929
  -8.5163639   37.3804715
  -8.5166398   37.3807924
  -8.5168565   37.3811092
  -8.5168741   37.381401
  -8.5177453   37.3814067
  -8.5182249   37.3816111
  -8.5185855   37.3816743
  -8.5197252   37.3816019
  -8.5200529   37.3815494
  -8.5203326   37.381557
  -8.5207043   37.3816931
  -8.5213629   37.3821802
  -8.5218047   37.3823589
  -8.5225481   37.3826054
  -8.5230494   37.3828312
  -8.524101    37.3834199
  -8.5246965   37.3839221
  -8.5250956   37.3841482
  -8.5258457   37.3846521
  -8.5266184   37.3853532
  -8.5267532   37.38543
  -8.5270701   37.3853517
  -8.5272584   37.3853726
  -8.5275007   37.3854233
  -8.5278402   37.3855509
  -8.5284131   37.3860939
  -8.5286182   37.3862391
  -8.5289959   37.386491
  -8.5295242   37.3867253
  -8.5300262   37.387084
  -8.5306435   37.3878844
  -8.530837    37.3880375
  -8.5311242   37.3881584
  -8.5317005   37.3883004
  -8.5320345   37.3884194
  -8.5325329   37.3887241
  -8.5330579   37.3892216
  -8.5347179   37.3893844
  -8.5350462   37.3894434
  -8.5352506   37.389447
  -8.5356106   37.3893857
  -8.5359495   37.3893974
  -8.536111    37.3894269
  -8.5362512   37.3895037
  -8.5364348   37.3896361
  -8.5368677   37.3901366
  -8.537419    37.390654
  -8.5382674   37.3913949
  -8.5394046   37.3918458
  -8.5394855   37.3919013
  -8.5396861   37.3921882
  -8.5398754   37.3923892
  -8.5399842   37.3926162
  -8.5401828   37.3935467
  -8.5406524   37.3938541
  -8.5408366   37.3941066
  -8.5412141   37.3942812
  -8.5416613   37.3944428
  -8.542038    37.3944758
  -8.5423496   37.3944103
  -8.5425002   37.3944141
  -8.5427101   37.3944348
  -8.5430118   37.3945368
  -8.5434563   37.3951746
  -8.5436074   37.3952642
  -8.543909    37.3953361
  -8.5440438   37.3954
  -8.5448056   37.3960324
  -8.5448815   37.3961351
  -8.5452408   37.3969277
  -8.5453381   37.3970132
  -8.5456833   37.3972051
  -8.5460607   37.3973583
  -8.54632     37.3975634
  -8.5464385   37.3976101
  -8.5467992   37.3976604
  -8.5473433   37.3978301
  -8.5478279   37.3979228
  -8.5485894   37.3984823
  -8.550206    37.3990258
  -8.550514    37.3992865
  -8.5511536   37.4001725
  -8.5513428   37.4003392
  -8.5515479   37.4004629
  -8.5516183   37.4005528
  -8.5517153   37.4005782
  -8.5518019   37.4006852
  -8.5520821   37.4007829
  -8.5523793   37.4010264
  -8.5526114   37.4011672
  -8.5532856   37.4014909
  -8.5537336   37.4017854
  -8.5542511   37.4019767
  -8.5551037   37.4024714
  -8.5555412   37.4027831
  -8.5557622   37.4028681
  -8.5558864   37.4029535
  -8.5562595   37.4033083
  -8.5565565   37.4035089
  -8.5569449   37.4037135
  -8.557678    37.4039812
  -8.5578399   37.404075
  -8.557975    37.4041947
  -8.5582732   37.4046142
  -8.5586185   37.4047888
  -8.5590019   37.4050535
  -8.5594117   37.4052237
  -8.5595252   37.4053348
  -8.5596503   37.4055747
  -8.5606231   37.4063693
  -8.5611992   37.4064616
  -8.5618513   37.4066824
  -8.5625856   37.4067196
  -8.5634164   37.4066381
  -8.5635966   37.4071052
  -8.5639962   37.4073783
  -8.5643592   37.4078233
  -8.564613    37.4079983
  -8.5650622   37.4084773
  -8.5655109   37.4088618
  -8.5658452   37.4090022
  -8.5664769   37.4093904
  -8.5669621   37.409586
  -8.5675664   37.4098884
  -8.5681971   37.4101221
  -8.5691982   37.4108771
  -8.570837    37.4114632
  -8.5726682   37.4118297
  -8.5730386   37.4119594
  -8.5731894   37.4119846
  -8.5736119   37.4116204
  -8.5747564   37.4110667
  -8.5753238   37.4105925
  -8.5757192   37.4101362
  -8.5758959   37.4100068
  -8.5763974   37.4102109
  -8.5765912   37.4102273
  -8.5768052   37.4100292
  -8.5767344   37.4098792
  -8.5762522   37.4094669
  -8.5761231   37.4093065
  -8.5760851   37.4083326
  -8.5761541   37.4081693
  -8.5763196   37.4079498
  -8.5765548   37.4077129
  -8.5767908   37.4075876
  -8.5769466   37.4075484
  -8.5776407   37.4075887
  -8.5783126   37.4075046
  -8.578853    37.4070048
  -8.5799557   37.4061038
  -8.5803076   37.4062237
  -8.5808202   37.4060845
  -8.5814259   37.4056766
  -8.5818864   37.405323
  -8.5822014   37.4045466
  -8.5827499   37.4042895
  -8.5834921   37.4044729
  -8.5838826   37.4046071
  -8.5844116   37.4039402
  -8.5848555   37.403518
  -8.5854756   37.4038955
  -8.5864324   37.4045418
  -8.586788    37.4046477
  -8.5869791   37.4042179
  -8.5871979   37.4039338
  -8.5876098   37.4035546
  -8.5895551   37.4023671
  -8.5897975   37.4024219
  -8.5899732   37.4025152
  -8.590829    37.4030917
  -8.591163    37.4031805
  -8.5916177   37.4027668
  -8.5922449   37.4024253
  -8.5924006   37.402369
  -8.5926267   37.402411
  -8.5930139   37.4023837
  -8.5932296   37.402473
  -8.5942449   37.403147
  -8.5946791   37.402905
  -8.5950657   37.4027834
  -8.5952479   37.402684
  -8.5956174   37.4024079
  -8.5965418   37.4022841
  -8.5974066   37.4020919
  -8.597697    37.4020908
  -8.5979727   37.4023043
  -8.5984801   37.4025984
  -8.5990728   37.4027634
  -8.6005477   37.4020667
  -8.6013043   37.4017762
  -8.601648    37.4015908
  -8.6020613   37.4014561
  -8.6022424   37.4012661
  -8.6026714   37.4010262
  -8.6027662   37.4007405
  -8.6030255   37.4009111
  -8.6031763   37.4009492
  -8.6037785   37.4009082
  -8.6040696   37.4010186
  -8.6049656   37.4015042
  -8.6051593   37.4015163
  -8.6054601   37.4014593
  -8.6058628   37.4013461
  -8.6062921   37.401177
  -8.6066801   37.4012956
  -8.6073584   37.4013873
  -8.6077614   37.4013213
  -8.6087063   37.4018968
  -8.6090198   37.4021402
  -8.6099327   37.4027501
  -8.6102402   37.4028862
  -8.6109438   37.4027289
  -8.6113315   37.4028002
  -8.6123315   37.4027233
  -8.6128863   37.4026309
  -8.6147526   37.4017694
  -8.6154072   37.4015135
  -8.6159305   37.4017517
  -8.6166088   37.401839
  -8.618712    37.400767
  -8.6193666   37.4007678
  -8.6200004   37.4008719
  -8.620476    37.4009864
  -8.6208777   37.4011344
  -8.621203    37.4007082
  -8.6220205   37.3998724
  -8.6222028   37.3997772
  -8.6228798   37.3996629
  -8.6233947   37.3994419
  -8.6237151   37.3990887
  -8.6238958   37.3987575
  -8.6249298   37.39732
  -8.6248102   37.3971102
  -8.6249586   37.3967792
  -8.6253261   37.3962284
  -8.6253651   37.3956061
  -8.625445    37.3954941
  -8.625627    37.3953647
  -8.625648    37.395283
  -8.6256043   37.3951802
  -8.6254316   37.3950908
  -8.6253341   37.3949797
  -8.6253654   37.3948337
  -8.6259436   37.3944365
  -8.6257921   37.3942955
  -8.6256395   37.3939786
  -8.6256116   37.3938371
  -8.6258918   37.393085
  -8.6261102   37.3927665
  -8.6264784   37.3923316
  -8.6268988   37.391639
  -8.627128    37.3913291
  -8.6276352   37.3907691
  -8.6275957   37.3904775
  -8.6276267   37.3902928
  -8.6277649   37.3900477
  -8.6278485   37.389674
  -8.6282287   37.3894278
  -8.6285184   37.389315
  -8.6290204   37.3894465
  -8.6295948   37.3894307
  -8.6301381   37.3894584
  -8.6304592   37.3892253
  -8.6311592   37.3885401
  -8.6314522   37.3881184
  -8.6318644   37.3878248
  -8.632599    37.3871151
  -8.6329529   37.3868738
  -8.6333326   37.3866917
  -8.6339165   37.3865576
  -8.6342359   37.3860016
  -8.6343059   37.3857043
  -8.6342121   37.3855832
  -8.6341003   37.385332
  -8.6343285   37.3851296
  -8.6349824   37.3844323
  -8.6350795   37.3842034
  -8.6351681   37.3837375
  -8.6356915   37.3830267
  -8.6356323   37.3827437
  -8.6357714   37.3824435
  -8.6361326   37.381928
  -8.6359736   37.3814738
  -8.6358837   37.3808949
  -8.635851    37.3808306
  -8.6356328   37.3806914
  -8.635892    37.3804251
  -8.636105    37.3802738
  -8.6359642   37.3798501
  -8.6359885   37.3794681
  -8.6360197   37.3793135
  -8.6361797   37.379059
  -8.6362407   37.3788218
  -8.6364016   37.3785578
  -8.636473    37.3781975
  -8.6363559   37.3780647
  -8.6365162   37.3778678
  -8.6372025   37.3772892
  -8.6376307   37.3770228
  -8.6378674   37.3769584
  -8.6380045   37.3768197
  -8.6381718   37.3765298
  -8.6383269   37.3763473
  -8.6389246   37.3757264
  -8.6391947   37.3755131
  -8.6398192   37.3753587
  -8.6399848   37.3753652
  -8.6405193   37.375509
  -8.6411377   37.3758409
  -8.6418672   37.3762959
  -8.6421897   37.3763963
  -8.6425984   37.3764107
  -8.6427684   37.3763711
  -8.6430625   37.3762352
  -8.6433592   37.3760515
  -8.643499    37.3760165
  -8.6436828   37.3760011
  -8.6440141   37.3760288
  -8.6442297   37.376133
  -8.6443383   37.3762417
  -8.6447861   37.376814
  -8.6448214   37.3768649
  -8.644993    37.3770541
  -8.6449723   37.377148
  -8.6445792   37.3778132
  -8.6441793   37.3783837
  -8.6440926   37.3786358
  -8.6441011   37.3789419
  -8.6441708   37.3791693
  -8.6444229   37.3794559
  -8.6447272   37.3796343
  -8.6449853   37.3797051
  -8.6451898   37.3797042
  -8.6455905   37.3795709
  -8.6460571   37.379309
  -8.6466683   37.3791312
  -8.6469277   37.37909
  -8.6473683   37.3791258
  -8.6476487   37.3791186
  -8.6479522   37.3791712
  -8.6483092   37.3793015
  -8.6483934   37.3794329
  -8.6483339   37.3795891
  -8.6481383   37.3797996
  -8.6477686   37.380023
  -8.6474879   37.3802465
  -8.6473697   37.3804382
  -8.6470594   37.3813316
  -8.647033    37.3815494
  -8.6468095   37.3823255
  -8.6466657   37.3825486
  -8.6464319   37.3827526
  -8.6463584   37.3828678
  -8.646194    37.3832549
  -8.6461944   37.3833999
  -8.6462971   37.3834753
  -8.64677     37.3836289
  -8.6471525   37.3836445
  -8.6476786   37.3837229
  -8.6480395   37.3838883
  -8.6482692   37.3841484
  -8.6484898   37.3846822
  -8.6488408   37.3849675
  -8.6497142   37.385346
  -8.6502101   37.3854693
  -8.6508182   37.3855787
  -8.6514241   37.3855651
  -8.6521979   37.385431
  -8.6524636   37.3852988
  -8.652761    37.3849161
  -8.6532556   37.3845
  -8.653505    37.3844029
  -8.6537322   37.38439
  -8.6539625   37.3844475
  -8.6540841   37.3845018
  -8.654154    37.3845778
  -8.654277    37.3849042
  -8.6543351   37.3854029
  -8.6540136   37.3861973
  -8.6538224   37.3864751
  -8.6537911   37.3874341
  -8.6539028   37.3882366
  -8.6541198   37.3889189
  -8.6541827   37.3892541
  -8.6542753   37.3894756
  -8.654819    37.3903002
  -8.6551773   37.3906043
  -8.6556865   37.3909336
  -8.6558762   37.3911747
  -8.6559322   37.3914316
  -8.6558675   37.392023
  -8.6560247   37.3923069
  -8.6564025   37.3926739
  -8.6574768   37.3934753
  -8.6576609   37.3937921
  -8.6577433   37.3942021
  -8.6577651   37.3946095
  -8.657892    37.3948726
  -8.6585401   37.395317
  -8.6592632   37.3957422
  -8.6595819   37.396075
  -8.659636    37.3962215
  -8.6596177   37.396328
  -8.6592201   37.3972143
  -8.6591677   37.3973998
  -8.6591991   37.3977676
  -8.6592746   37.3979361
  -8.6594531   37.3980775
  -8.6595687   37.3981282
  -8.6598761   37.3981743
  -8.6606746   37.3981423
  -8.6609652   37.3981827
  -8.6616124   37.3984549
  -8.662099    37.3987182
  -8.6626176   37.3994707
  -8.6632638   37.4002567
  -8.6639219   37.4007056
  -8.664326    37.4007831
  -8.6649439   37.4007686
  -8.6655788   37.4006856
  -8.6660656   37.4005591
  -8.6665334   37.4003705
  -8.6669519   37.4001302
  -8.6677839   37.3996084
  -8.6681401   37.3992823
  -8.6683173   37.399176
  -8.6698137   37.3985069
  -8.6700976   37.398443
  -8.670199    37.3984523
  -8.6704048   37.398551
  -8.6704994   37.3986425
  -8.6706996   37.3989875
  -8.6708989   37.3998836
  -8.670895    37.4007275
  -8.6709944   37.4011187
  -8.6713219   37.4016231
  -8.6714836   37.4017612
  -8.6716821   37.4018462
  -8.6718994   37.4018218
  -8.6723114   37.4016889
  -8.6725327   37.4015276
  -8.6730497   37.4009432
  -8.6734052   37.4003327
  -8.6737027   37.3994259
  -8.6738786   37.3992368
  -8.6739946   37.3991521
  -8.6743333   37.3990264
  -8.6747941   37.3989842
  -8.6751086   37.3990469
  -8.6753885   37.3992099
  -8.6756538   37.3994651
  -8.6758126   37.3996967
  -8.6759066   37.4000808
  -8.6758129   37.4004419
  -8.6754806   37.4011625
  -8.6753524   37.401323
  -8.6751696   37.4014609
  -8.6751018   37.4016271
  -8.6752449   37.4018267
  -8.675426    37.4019894
  -8.6755157   37.4019459
  -8.6763515   37.4024673
  -8.6769608   37.4027354
  -8.677043    37.4027386
  -8.6771523   37.402684
  -8.677343    37.4025022
  -8.677651    37.4021619
  -8.6777501   37.4019808
  -8.6778121   37.4017206
  -8.6778443   37.3996315
  -8.6779089   37.3994444
  -8.6784466   37.3989117
  -8.6791228   37.3984159
  -8.679911    37.3980155
  -8.6802923   37.397863
  -8.6806818   37.3975311
  -8.6810409   37.3972905
  -8.6814733   37.3971066
  -8.6817166   37.3971119
  -8.6818811   37.3971463
  -8.6820427   37.3972081
  -8.6821284   37.3973143
  -8.6821726   37.3974619
  -8.6821896   37.3979086
  -8.6819764   37.3994039
  -8.6821428   37.3998425
  -8.6822272   37.3999602
  -8.6827205   37.4002936
  -8.6827477   37.4003096
  -8.6831087   37.4006414
  -8.6832232   37.4006876
  -8.6834786   37.4007127
  -8.6839583   37.4006931
  -8.684346    37.4003972
  -8.6845484   37.4001628
  -8.6849202   37.3998299
  -8.6849792   37.3995311
  -8.6849295   37.3992436
  -8.6850568   37.3989661
  -8.6851982   37.3987646
  -8.6852643   37.3985091
  -8.6858451   37.397791
  -8.6860775   37.3976036
  -8.6863248   37.3974639
  -8.6866179   37.397167
  -8.686803    37.3968719
  -8.6870401   37.3965785
  -8.6872256   37.3962339
  -8.6873156   37.3956941
  -8.6873533   37.3956276
  -8.6874624   37.3955182
  -8.6876908   37.3954615
  -8.6883852   37.3955763
  -8.6888682   37.3955939
  -8.6891179   37.395632
  -8.6894278   37.3957675
  -8.6900243   37.3961614
  -8.6902183   37.3962357
  -8.6904835   37.3962327
  -8.6913052   37.3960055
  -8.6914488   37.3960391
  -8.6919286   37.3966113
  -8.6924997   37.3971696
  -8.6926473   37.3974051
  -8.6927833   37.3974421
  -8.6931085   37.3974273
  -8.6933385   37.3974891
  -8.6936121   37.3976366
  -8.6936631   37.3977508
  -8.6937569   37.397819
  -8.6940221   37.3978076
  -8.6941267   37.3977604
  -8.6941913   37.3977655
  -8.6942356   37.3977975
  -8.6943154   37.3980225
  -8.6943668   37.3980787
  -8.694486    37.3981291
  -8.6946317   37.3980989
  -8.6947906   37.3979571
  -8.6949428   37.3979364
  -8.6953892   37.3979615
  -8.6955237   37.3980088
  -8.6959196   37.3983694
  -8.695971    37.3985408
  -8.6959204   37.3989433
  -8.6960975   37.3991337
  -8.69663     37.3994509
  -8.6970748   37.3995949
  -8.6975535   37.3996491
  -8.6983329   37.3996776
  -8.6987264   37.3996327
  -8.6990076   37.3995644
  -8.6994914   37.39935
  -8.6997648   37.3991555
  -8.6999056   37.3989026
  -8.6999282   37.3987602
  -8.6997777   37.3981544
  -8.6997526   37.3979958
  -8.6997824   37.3978937
  -8.7000739   37.397377
  -8.7002119   37.3972341
  -8.7004319   37.3971444
  -8.701279    37.3969203
  -8.7018827   37.3968504
  -8.7027334   37.396653
  -8.7030705   37.3966842
  -8.7039962   37.3966944
  -8.7049854   37.3966324
  -8.7053429   37.3966507
  -8.7057993   37.396764
  -8.7058983   37.3968413
  -8.7059316   37.3972008
  -8.7060006   37.3973454
  -8.7061856   37.3975672
  -8.7063237   37.3978829
  -8.7064181   37.3982313
  -8.7063853   37.3983899
  -8.7062047   37.3987369
  -8.7059223   37.3991033
  -8.7057407   37.3992536
  -8.7056711   37.3995286
  -8.7056693   37.3997595
  -8.7058401   37.4000598
  -8.7059845   37.400185
  -8.7063226   37.4003207
  -8.7067247   37.4003874
  -8.7071048   37.4003913
  -8.7073843   37.4003613
  -8.7081415   37.3999686
  -8.7086026   37.3997855
  -8.7086415   37.3997029
  -8.7086474   37.399537
  -8.7087039   37.399428
  -8.7088111   37.399376
  -8.7090479   37.3993977
  -8.7094494   37.3993786
  -8.7097205   37.3991942
  -8.7104654   37.3990704
  -8.7110011   37.3987989
  -8.711543    37.39839
  -8.711686    37.3983378
  -8.7119584   37.3983136
  -8.712138    37.3983528
  -8.712231    37.3983294
  -8.7122374   37.3982321
  -8.7121794   37.3981409
  -8.7122285   37.398009
  -8.7124065   37.3978423
  -8.7129034   37.3971704
  -8.7131601   37.3969918
  -8.7138612   37.3967709
  -8.714055    37.3967871
  -8.7142566   37.3968949
  -8.7148125   37.3973727
  -8.7149994   37.3979654
  -8.715439    37.3984499
  -8.7155754   37.3986984
  -8.7158392   37.3993873
  -8.7159047   37.3995014
  -8.7160196   37.3995295
  -8.7171942   37.3993292
  -8.7175444   37.3991787
  -8.718194    37.3987921
  -8.7186637   37.3982677
  -8.7188026   37.3981389
  -8.7189178   37.3980958
  -8.7199036   37.3981567
  -8.7201914   37.3982396
  -8.7203048   37.3983753
  -8.7203898   37.3985629
  -8.7204878   37.3986641
  -8.7210435   37.398932
  -8.7211048   37.3990524
  -8.7210992   37.3992045
  -8.7209268   37.3995772
  -8.7206259   37.4000382
  -8.7205838   37.4003015
  -8.7206334   37.4005091
  -8.720646    37.4009495
  -8.7206928   37.4010739
  -8.7207493   37.4011654
  -8.7210757   37.4014527
  -8.7212513   37.4015134
  -8.7213612   37.4014984
  -8.7215799   37.4012918
  -8.7221303   37.4013393
  -8.7223941   37.4013329
  -8.7225691   37.401236
  -8.7229604   37.4013217
  -8.7231029   37.4012775
  -8.7232511   37.4011654
  -8.7235395   37.4004646
  -8.7235434   37.4000734
  -8.7233673   37.399699
  -8.72334     37.3993044
  -8.7232234   37.3990648
  -8.7229523   37.3987326
  -8.7226829   37.3984931
  -8.7226126   37.3983206
  -8.7226358   37.3981766
  -8.7228752   37.3977435
  -8.7229841   37.3976029
  -8.7231301   37.3974887
  -8.7233902   37.3974193
  -8.7242672   37.3968704
  -8.7245699   37.3967932
  -8.725008    37.3968676
  -8.7253931   37.3969921
  -8.7256384   37.3971987
  -8.725704    37.3973071
  -8.7259437   37.3974243
  -8.7263588   37.397551
  -8.7267883   37.3978262
  -8.7272451   37.3979803
  -8.7273252   37.3981287
  -8.7273556   37.3983402
  -8.7272562   37.3985423
  -8.7269647   37.3988619
  -8.7268985   37.399323
  -8.7267452   37.3995248
  -8.7266697   37.3997108
  -8.7266917   37.3999377
  -8.7269541   37.4003747
  -8.7269712   37.4006248
  -8.7269072   37.4009854
  -8.7269758   37.4011697
  -8.7270926   37.4012992
  -8.7272989   37.4014494
  -8.7274996   37.4015532
  -8.7278529   37.4016648
  -8.7281909   37.4018353
  -8.7283279   37.4018723
  -8.7286955   37.4017865
  -8.7290007   37.4017976
  -8.7291212   37.4017466
  -8.7292884   37.4015988
  -8.7296973   37.401433
  -8.7297097   37.4010133
  -8.7298332   37.4006684
  -8.7294497   37.4001605
  -8.7294051   37.3997291
  -8.7293594   37.3995854
  -8.7292411   37.3994548
  -8.7286994   37.3990098
  -8.7285107   37.3986909
  -8.7285377   37.3985212
  -8.7289659   37.3979208
  -8.7290661   37.3977988
  -8.7294925   37.3974864
  -8.7298984   37.3971389
  -8.7301271   37.3969043
  -8.7306465   37.3965914
  -8.730775    37.3964693
  -8.7311274   37.3960005
  -8.7312239   37.3959295
  -8.7319629   37.3957467
  -8.7326437   37.3953691
  -8.7333097   37.3951865
  -8.733504    37.3951855
  -8.7336059   37.3952778
  -8.7338679   37.3957384
  -8.7339355   37.3961157
  -8.7339033   37.3965735
  -8.7343907   37.3974464
  -8.7344464   37.3976948
  -8.7345329   37.3978672
  -8.7346313   37.3980426
  -8.7348354   37.3982687
  -8.7349106   37.3987883
  -8.7349199   37.3992056
  -8.7349995   37.3995379
  -8.7355033   37.4003094
  -8.7359796   37.4006366
  -8.7364202   37.4010234
  -8.7372126   37.4015258
  -8.7375653   37.4016103
  -8.7379313   37.4018389
  -8.7384058   37.4019867
  -8.7384507   37.4020409
  -8.7383992   37.4026648
  -8.7383156   37.4028476
  -8.7380821   37.4029991
  -8.7378582   37.4033073
  -8.7375963   37.4034558
  -8.7372668   37.4037482
  -8.7372032   37.4038687
  -8.7372704   37.4046986
  -8.7370384   37.4055379
  -8.7369878   37.4057941
  -8.7369784   37.4061204
  -8.737024    37.406589
  -8.7373029   37.4076603
  -8.737194    37.408056
  -8.7374152   37.408922
  -8.7374249   37.4091427
  -8.7373397   37.4092576
  -8.7364191   37.4098344
  -8.7363165   37.4099639
  -8.7362923   37.4101294
  -8.736356    37.4104356
  -8.7364131   37.410528
  -8.7366598   37.4107566
  -8.7370804   37.4110327
  -8.7375767   37.4111915
  -8.7385268   37.4113238
  -8.7388057   37.4113899
  -8.7389643   37.4114863
  -8.7391394   37.4118516
  -8.7394363   37.4121991
  -8.7394187   37.4124726
  -8.7389836   37.4135475
  -8.7389843   37.4136362
  -8.7391759   37.413974
  -8.7391869   37.4140869
  -8.7391726   37.4142079
  -8.7390411   37.4143578
  -8.7390522   37.4144666
  -8.7394366   37.4146784
  -8.7398678   37.4150029
  -8.7400522   37.4150947
  -8.7402768   37.4151177
  -8.7405983   37.4150916
  -8.7408301   37.4151556
  -8.7421864   37.4158699
  -8.7429794   37.4161198
  -8.7431628   37.4160866
  -8.744061    37.415528
  -8.7447026   37.4153081
  -8.7450836   37.4151451
  -8.7452765   37.4149745
  -8.7455204   37.4148522
  -8.7460559   37.4148131
  -8.7465816   37.4148306
  -8.7470906   37.4149688
  -8.7475027   37.4151484
  -8.7481424   37.4155183
  -8.7482869   37.4156491
  -8.7486475   37.4158818
  -8.7489981   37.4164471
  -8.7492524   37.4170515
  -8.7493262   37.4173029
  -8.7493652   37.4176632
  -8.749383    37.4183125
  -8.7493175   37.4186633
  -8.7491817   37.418906
  -8.7492792   37.4195951
  -8.7491159   37.4202009
  -8.7491024   37.4204348
  -8.7490573   37.4205197
  -8.748779    37.4208196
  -8.7482358   37.4211839
  -8.748054    37.4213717
  -8.7479182   37.4214411
  -8.7475331   37.4215513
  -8.7474873   37.4215903
  -8.7472611   37.4220667
  -8.747112    37.42223
  -8.7463751   37.4225368
  -8.746131    37.4226981
  -8.7455221   37.4229293
  -8.7453144   37.4230443
  -8.7447388   37.4231879
  -8.7441864   37.4235396
  -8.7441286   37.4236029
  -8.7441079   37.4237122
  -8.7441688   37.4240222
  -8.7448403   37.4243316
  -8.7449763   37.4244595
  -8.7451007   37.4246528
  -8.7455708   37.4247256
  -8.7463603   37.4252258
  -8.7466216   37.4252826
  -8.7468635   37.4252183
  -8.7472999   37.4249178
  -8.7475553   37.4246303
  -8.7479704   37.4239757
  -8.7481438   37.4237953
  -8.7484278   37.4236266
  -8.7484519   37.4235562
  -8.7484077   37.4234205
  -8.7484243   37.4231901
  -8.7485146   37.4229762
  -8.7487128   37.4228248
  -8.7488878   37.4228336
  -8.7493929   37.4230589
  -8.7497558   37.4231564
  -8.7500719   37.4231572
  -8.7506419   37.4230544
  -8.7512865   37.4230972
  -8.7515386   37.4231564
  -8.751858    37.4231838
  -8.7519291   37.4232416
  -8.7520512   37.4235418
  -8.7523608   37.4238699
  -8.7524008   37.4241568
  -8.7521903   37.42473
  -8.751789    37.4252285
  -8.7513216   37.4254831
  -8.7512118   37.4255734
  -8.7511389   37.4256611
  -8.751091    37.425802
  -8.7510469   37.4260471
  -8.7510602   37.4261708
  -8.7511974   37.4264294
  -8.7513773   37.4266588
  -8.7513872   37.4267413
  -8.7513826   37.4272966
  -8.7513031   37.4277141
  -8.7511452   37.4279113
  -8.7503822   37.4284832
  -8.7495901   37.4290022
  -8.748827    37.4294446
  -8.7487316   37.4296296
  -8.7488431   37.4301054
  -8.7489084   37.4302303
  -8.7489415   37.4302937
  -8.7488787   37.4305085
  -8.7489242   37.4308001
  -8.7490592   37.4309698
  -8.7492802   37.4313518
  -8.7495924   37.4316412
  -8.7496834   37.4318783
  -8.7501405   37.4321454
  -8.7504212   37.4322555
  -8.7507337   37.4323054
  -8.7516841   37.4322123
  -8.7531795   37.431945
  -8.7533474   37.4318325
  -8.7534716   37.431633
  -8.7534982   37.4314842
  -8.7533122   37.4311247
  -8.7531144   37.4306237
  -8.7531188   37.4305078
  -8.7531772   37.4304131
  -8.7533059   37.4303567
  -8.7535098   37.4303353
  -8.7543171   37.4303041
  -8.7551666   37.430231
  -8.755581    37.4302374
  -8.7562596   37.4303111
  -8.7571356   37.4301863
  -8.7572211   37.4301086
  -8.757247    37.4299883
  -8.7572139   37.4298941
  -8.7570616   37.4296932
  -8.7570502   37.4296203
  -8.7571703   37.4293391
  -8.7572461   37.4292331
  -8.7575194   37.4290725
  -8.7578794   37.429041
  -8.7582358   37.4291936
  -8.7584512   37.4293246
  -8.7587346   37.4295647
  -8.7589608   37.4298815
  -8.7593176   37.4305058
  -8.7596354   37.4308566
  -8.7597529   37.4309342
  -8.7599609   37.4310056
  -8.7601107   37.4310115
  -8.760289    37.4309608
  -8.7606468   37.4305991
  -8.7610273   37.4304044
  -8.7613198   37.4303934
  -8.7615171   37.4304227
  -8.7617507   37.4305084
  -8.7618797   37.4306229
  -8.7619794   37.4308213
  -8.7619015   37.4318974
  -8.7618312   37.4322245
  -8.7616325   37.4324135
  -8.761274    37.4325548
  -8.7608343   37.4326638
  -8.7606661   37.432757
  -8.7605643   37.4329139
  -8.7605608   37.4331217
  -8.7606951   37.4332602
  -8.7608955   37.4333719
  -8.7624184   37.4336841
  -8.7636509   37.4342495
  -8.7646117   37.4346444
  -8.7652151   37.4348263
  -8.7664292   37.4349922
  -8.7666606   37.4349521
  -8.7667703   37.4348023
  -8.7667852   37.4346563
  -8.7666253   37.434198
  -8.7666625   37.4341377
  -8.766743    37.4341073
  -8.7669932   37.4342379
  -8.7675417   37.4344021
  -8.7678325   37.4344583
  -8.768245    37.4346474
  -8.7687681   37.4350726
  -8.7689354   37.4352737
  -8.768935    37.4353912
  -8.7686891   37.4357342
  -8.7682138   37.4360739
  -8.7682274   37.4363143
  -8.7684197   37.436512
  -8.768706    37.4365661
  -8.7692931   37.4365519
  -8.770514    37.4363463
  -8.7719392   37.4360315
  -8.7724584   37.4359968
  -8.7726609   37.4360227
  -8.7736614   37.4362681
  -8.774044    37.4362759
  -8.775053    37.4360788
  -8.7762825   37.4357699
  -8.7771901   37.4356195
  -8.7776071   37.4354898
  -8.778516    37.4350962
  -8.7790912   37.43479
  -8.7801755   37.4341441
  -8.7806717   37.433962
  -8.7810534   37.433864
  -8.7817323   37.4339538
  -8.7822941   37.4341695
  -8.7826912   37.4342861
  -8.7830492   37.4343406
  -8.7842489   37.4343311
  -8.7847537   37.434434
  -8.7849322   37.4345584
  -8.78504     37.4348011
  -8.7855639   37.4356758
  -8.7857802   37.4358614
  -8.78607     37.4359262
  -8.7863755   37.4358198
  -8.7866479   37.4355823
  -8.7869467   37.4351422
  -8.7876067   37.434485
  -8.7881209   37.4342191
  -8.7884562   37.4341534
  -8.7886708   37.4341398
  -8.788786    37.4341614
  -8.7888609   37.4341855
  -8.789062    37.4344375
  -8.7892997   37.4349377
  -8.7897208   37.4354196
  -8.7898334   37.4354977
  -8.7901737   37.4356384
  -8.7913989   37.4359364
  -8.7920976   37.4361538
  -8.7928466   37.4364494
  -8.7932222   37.4366981
  -8.7934199   37.4368985
  -8.7937489   37.4375309
  -8.7939972   37.4378146
  -8.7941541   37.4379613
  -8.7948552   37.4384514
  -8.7952491   37.4390268
  -8.7954722   37.4392886
  -8.796322    37.4400729
  -8.796446    37.4403745
  -8.7964622   37.4408022
  -8.7963367   37.4413757
  -8.7962971   37.4417426
  -8.7961585   37.4420551
  -8.7960824   37.4423872
  -8.7961814   37.4427747
  -8.7963222   37.4429475
  -8.7970222   37.4426663
  -8.7972021   37.4425535
  -8.797325    37.4424418
  -8.7978465   37.4415994
  -8.7980058   37.4413965
  -8.7982145   37.4411852
  -8.7985116   37.4411338
  -8.7988037   37.441113
  -8.7989496   37.4410685
  -8.799111    37.4409554
  -8.7992792   37.4408859
  -8.7993092   37.4408378
  -8.7993186   37.4407239
  -8.7993685   37.440664
  -8.7994728   37.4405592
  -8.7996002   37.440458
  -8.7996908   37.4404064
  -8.7997766   37.4403755
  -8.7998336   37.4403627
  -8.79987     37.4403726
  -8.7998866   37.4403771
  -8.7999771   37.4404474
  -8.8000803   37.4405166
  -8.80014     37.44054
  -8.8001917   37.4405469
  -8.800254    37.4405496
  -8.8002956   37.4405602
  -8.8003271   37.4405826
  -8.8003593   37.4406087
  -8.8003828   37.4406087
  -8.8004002   37.4405938
  -8.8004022   37.4405725
  -8.8003828   37.4405459
  -8.8003392   37.4405208
  -8.8003197   37.4404979
  -8.8003077   37.4404569
  -8.8003097   37.4403957
  -8.8003043   37.4403095
  -8.8002909   37.4402781
  -8.8002145   37.4401583
  -8.8001474   37.4400704
  -8.8000891   37.4400092
  -8.8000354   37.4399432
  -8.8000032   37.4398798
  -8.8000133   37.439825
  -8.8000227   37.4398037
  -8.8000669   37.4398122
  -8.8001031   37.4398692
  -8.800127    37.4399016
  -8.8001823   37.4399341
  -8.8003858   37.4399257
  -8.8004681   37.43989
  -8.8004877   37.4398234
  -8.8004116   37.4397428
  -8.8003861   37.4396781
  -8.8003111   37.4396082
  -8.800367    37.4394445
  -8.8004671   37.4392678
  -8.8005976   37.4391234
  -8.8008381   37.4389604
  -8.8009788   37.4387588
  -8.8011338   37.4388342
  -8.8013065   37.4388717
  -8.8014379   37.4389438
  -8.8015625   37.4390023
  -8.8016184   37.4391019
  -8.8017095   37.4391206
  -8.8017921   37.4391741
  -8.8020299   37.4392116
  -8.8022145   37.4392229
  -8.8022612   37.4392054
  -8.8023256   37.4390942
  -8.8024163   37.4390675
  -8.8024273   37.4390471
  -8.8023945   37.4390142
  -8.8022694   37.4389672
  -8.8023065   37.4387951
  -8.802296    37.4387352
  -8.8022439   37.4386764
  -8.8021669   37.4386558
  -8.8020916   37.4386356
  -8.802029    37.4385404
  -8.8018847   37.4384561
  -8.801943    37.4384615
  -8.8021029   37.4385658
  -8.8021419   37.4385564
  -8.802145    37.438525
  -8.8021121   37.4384997
  -8.8020761   37.4384614
  -8.8019964   37.4384124
  -8.8019424   37.4383853
  -8.8018769   37.4383823
  -8.8018248   37.4383522
  -8.8018087   37.4383206
  -8.8018039   37.4382739
  -8.8017859   37.4382453
  -8.8017906   37.4382159
  -8.8018124   37.4381978
  -8.8018684   37.4381933
  -8.8019585   37.4382039
  -8.8020078   37.4382061
  -8.8020666   37.4381971
  -8.802096    37.4382001
  -8.8021519   37.4382039
  -8.8022373   37.4381963
  -8.8023283   37.4381798
  -8.8023901   37.4381579
  -8.8024439   37.438094
  -8.8024782   37.4379913
  -8.8024809   37.4378075
  -8.8025111   37.4377698
  -8.8028295   37.4375608
  -8.8029902   37.437418
  -8.8031289   37.4373771
  -8.803243    37.4373188
  -8.8034411   37.4373074
  -8.8034604   37.4372882
  -8.8034692   37.4371424
  -8.8035601   37.4370062
  -8.8036699   37.4369698
  -8.8037384   37.436995
  -8.8042846   37.4373493
  -8.8048007   37.4376014
  -8.8048777   37.4376131
  -8.8050511   37.4377135
  -8.8050881   37.4377025
  -8.8049037   37.4374947
  -8.8048568   37.4374072
  -8.8049845   37.4373477
  -8.8049461   37.4372
  -8.804959    37.437129
  -8.8048933   37.4370659
  -8.8048457   37.4369817
  -8.8047986   37.4369577
  -8.8045733   37.4369298
  -8.8044634   37.4368683
  -8.804207    37.4367757
  -8.8043689   37.4367075
  -8.8042965   37.4366639
  -8.8041461   37.4366295
  -8.8041142   37.4366019
  -8.8040738   37.43633
  -8.8039895   37.4362015
  -8.8039864   37.436159
  -8.8040015   37.4361318
  -8.8042172   37.4361022
  -8.8042215   37.4360806
  -8.8039693   37.4359543
  -8.8039398   37.4358944
  -8.803953    37.4358511
  -8.8040469   37.4357506
  -8.8041012   37.4357611
  -8.8043457   37.4357163
  -8.8045165   37.4357912
  -8.8046313   37.435866
  -8.8047133   37.4359526
  -8.8048312   37.4359777
  -8.8049622   37.436047
  -8.8051063   37.4360926
  -8.8051086   37.4360411
  -8.8051451   37.4360345
  -8.805182    37.4360678
  -8.8052013   37.4361242
  -8.8052352   37.4361233
  -8.8052559   37.4360446
  -8.8052012   37.4359076
  -8.8049606   37.4356518
  -8.8048692   37.4355195
  -8.8048774   37.4354884
  -8.8049424   37.4355134
  -8.8049841   37.4354917
  -8.8049146   37.4353171
  -8.804814    37.4348398
  -8.804854    37.4347295
  -8.8049873   37.434663
  -8.805139    37.434455
  -8.8052825   37.4344284
  -8.8054072   37.4345023
  -8.8054463   37.4345721
  -8.8054489   37.4346685
  -8.8056407   37.4349631
  -8.805748    37.4350718
  -8.8058722   37.4350904
  -8.8059516   37.4350749
  -8.8058615   37.4349926
  -8.8057504   37.4348473
  -8.8056758   37.4344923
  -8.8056063   37.434317
  -8.8056077   37.434267
  -8.8056434   37.4342732
  -8.8056851   37.4343809
  -8.8058199   37.4345301
  -8.80593     37.4345594
  -8.8059691   37.4345378
  -8.8059345   37.4344659
  -8.8056874   37.4342004
  -8.805675    37.4340019
  -8.8056393   37.4339071
  -8.8056388   37.433758
  -8.8056631   37.4336843
  -8.8056934   37.4336692
  -8.8057221   37.4336797
  -8.8057908   37.4337728
  -8.8058436   37.4336897
  -8.8058229   37.4336663
  -8.8057476   37.4336438
  -8.8056506   37.4335662
  -8.8057681   37.4333445
  -8.8057554   37.4332258
  -8.8058119   37.4329519
  -8.8057426   37.432791
  -8.8058275   37.4326926
  -8.8061106   37.4326052
  -8.8061818   37.432602
  -8.8062963   37.4326278
  -8.8063065   37.4327106
  -8.8064093   37.4327771
  -8.8065549   37.432687
  -8.8065764   37.4326018
  -8.806513    37.4323992
  -8.8065958   37.4321638
  -8.8066819   37.4321018
  -8.8068642   37.4320298
  -8.8069454   37.4319341
  -8.8070518   37.4318556
  -8.8070512   37.4318256
  -8.8070197   37.4318047
  -8.8068887   37.4318873
  -8.8067846   37.4319179
  -8.8067532   37.4318988
  -8.8068357   37.4315163
  -8.8069233   37.4314167
  -8.8068968   37.4313489
  -8.8068291   37.43127
  -8.8068297   37.4312414
  -8.8068546   37.4312256
  -8.8069262   37.4312466
  -8.807076    37.43133
  -8.8071275   37.4313149
  -8.8072388   37.4312213
  -8.8072302   37.431171
  -8.8071768   37.4311029
  -8.8071802   37.431078
  -8.8072608   37.4310068
  -8.8072577   37.4309654
  -8.807229    37.4309377
  -8.8070726   37.4308704
  -8.8069108   37.430762
  -8.8068886   37.4307672
  -8.8068615   37.430825
  -8.8067859   37.4308165
  -8.8068109   37.430871
  -8.8067924   37.4308918
  -8.8066426   37.430812
  -8.8065827   37.4307204
  -8.8065293   37.4305496
  -8.8065258   37.4304497
  -8.8065562   37.4303445
  -8.806683    37.4302352
  -8.8073046   37.4298901
  -8.8074114   37.4298516
  -8.807524    37.4298532
  -8.8075774   37.4298372
  -8.8075524   37.4297279
  -8.8075628   37.4296836
  -8.8077839   37.4296223
  -8.8078723   37.4295311
  -8.807873    37.4295025
  -8.8078451   37.4294841
  -8.8077092   37.4294591
  -8.8077356   37.4294175
  -8.8077936   37.4294222
  -8.8078774   37.4294786
  -8.8080304   37.429517
  -8.8082738   37.4296439
  -8.8085174   37.4299039
  -8.8085579   37.4299351
  -8.8086518   37.4299589
  -8.8087789   37.4300817
  -8.8088396   37.4300864
  -8.8088848   37.430055
  -8.8088358   37.4299616
  -8.8086028   37.4297651
  -8.8086149   37.4297257
  -8.8086584   37.4296959
  -8.8086572   37.4296634
  -8.8083958   37.4294849
  -8.8083777   37.4294514
  -8.8084173   37.4294373
  -8.8085799   37.4295024
  -8.8087694   37.4296263
  -8.8089225   37.4297654
  -8.8089595   37.429767
  -8.8089598   37.4297517
  -8.8083088   37.4291643
  -8.8083262   37.4289885
  -8.8083662   37.4289718
  -8.8086648   37.429224
  -8.8088434   37.4294115
  -8.8088803   37.4294292
  -8.8088799   37.4293999
  -8.8086848   37.4291795
  -8.8085066   37.429032
  -8.8083198   37.4288376
  -8.807903    37.4285652
  -8.8079045   37.4285416
  -8.8079632   37.4285105
  -8.8079133   37.4284366
  -8.8079326   37.4283916
  -8.8079816   37.4283762
  -8.808038    37.4283917
  -8.8080762   37.4283708
  -8.8081889   37.4284016
  -8.8082148   37.4283942
  -8.808211    37.4283693
  -8.8081661   37.4283402
  -8.8080292   37.4283053
  -8.8079442   37.4282192
  -8.807641    37.4280674
  -8.8076084   37.4280333
  -8.807663    37.4277677
  -8.8077141   37.427706
  -8.8077322   37.4276259
  -8.8079346   37.4277883
  -8.8079792   37.4277774
  -8.8079033   37.427682
  -8.8079073   37.4276213
  -8.8077845   37.4274986
  -8.8077219   37.4274868
  -8.8076255   37.4275203
  -8.8073488   37.4273239
  -8.8072802   37.4272461
  -8.8073095   37.4271195
  -8.8072888   37.4270024
  -8.8073733   37.4269607
  -8.8076229   37.4271065
  -8.8077939   37.4272497
  -8.8078688   37.4272351
  -8.8078634   37.4271386
  -8.8077005   37.4269218
  -8.8075995   37.4269075
  -8.8075059   37.4268244
  -8.8073346   37.4267418
  -8.8072598   37.4266698
  -8.8072397   37.4266156
  -8.8072703   37.426534
  -8.8074173   37.4263882
  -8.8074866   37.4263492
  -8.807551    37.4263374
  -8.8076728   37.4263682
  -8.8078407   37.4264714
  -8.8080368   37.4265311
  -8.8081565   37.4266304
  -8.808185    37.4266256
  -8.8081668   37.426581
  -8.8080418   37.426498
  -8.8079754   37.4264697
  -8.8078986   37.4264666
  -8.8077736   37.4262701
  -8.8076112   37.4261892
  -8.8076014   37.4261007
  -8.807669    37.4259488
  -8.8077283   37.4258913
  -8.8077711   37.4258853
  -8.8079203   37.4259726
  -8.8081203   37.4261502
  -8.8082763   37.4262129
  -8.808296    37.4263136
  -8.8083738   37.4263332
  -8.8084421   37.4263821
  -8.8085858   37.426562
  -8.8086504   37.4265959
  -8.8087111   37.426692
  -8.8087657   37.4267138
  -8.8087942   37.4266944
  -8.8087842   37.4265837
  -8.8087077   37.426415
  -8.8086247   37.4263148
  -8.8085034   37.4262538
  -8.8085296   37.4262228
  -8.8086078   37.4262072
  -8.8086418   37.4261794
  -8.8086579   37.4260895
  -8.8086237   37.4259786
  -8.8086085   37.4259292
  -8.8084082   37.4257543
  -8.8083249   37.425749
  -8.8082606   37.4257981
  -8.8082324   37.4257965
  -8.8081217   37.4255777
  -8.8079495   37.4255231
  -8.807874    37.4254171
  -8.8078899   37.425337
  -8.8079748   37.4252396
  -8.8080088   37.4251525
  -8.8080588   37.4251482
  -8.8081336   37.4252521
  -8.8082051   37.4253004
  -8.8083227   37.4253369
  -8.8084436   37.4254869
  -8.8085022   37.4254761
  -8.8084887   37.4254338
  -8.8083129   37.4253073
  -8.8082638   37.4251536
  -8.8081304   37.4250592
  -8.8080891   37.4249742
  -8.8079682   37.4248265
  -8.807996    37.4248078
  -8.8080623   37.4249024
  -8.8080862   37.4249092
  -8.8080367   37.4247852
  -8.808041    37.4247016
  -8.8080501   37.4246679
  -8.8081075   37.4246868
  -8.8081211   37.4246768
  -8.8079695   37.4244875
  -8.8079771   37.4244413
  -8.8080039   37.4244433
  -8.8080717   37.4244991
  -8.8081968   37.4246784
  -8.8082477   37.4246938
  -8.8083751   37.4246913
  -8.8084881   37.4247766
  -8.8085619   37.4247645
  -8.8085702   37.4247239
  -8.808526    37.4246681
  -8.8084437   37.4246141
  -8.8080188   37.4243809
  -8.8078623   37.4242126
  -8.8076371   37.4241109
  -8.8075011   37.4239849
  -8.8074312   37.4239575
  -8.8072355   37.4239366
  -8.8071706   37.4236573
  -8.807178    37.4235883
  -8.8071945   37.4235743
  -8.8072135   37.4235853
  -8.8072717   37.4236991
  -8.8073198   37.4237284
  -8.8073798   37.4237176
  -8.8073977   37.423616
  -8.8073631   37.4235559
  -8.8072538   37.4234983
  -8.8072388   37.4233575
  -8.8070434   37.4233026
  -8.8069806   37.4231593
  -8.8069469   37.4229569
  -8.8069702   37.4228131
  -8.8072522   37.4221359
  -8.8072928   37.4221415
  -8.8074267   37.4222473
  -8.8075726   37.4223027
  -8.8076401   37.4223087
  -8.8076954   37.422291
  -8.8078728   37.4222071
  -8.8081182   37.4219793
  -8.8081458   37.4219125
  -8.8081634   37.4216895
  -8.8082573   37.4217475
  -8.8083274   37.4217233
  -8.80812     37.4215421
  -8.8080808   37.4214675
  -8.8081161   37.4214462
  -8.8081116   37.4214245
  -8.8080346   37.4213237
  -8.8080307   37.4212017
  -8.8080575   37.4211366
  -8.8080918   37.4211362
  -8.8081106   37.4210669
  -8.808089    37.4210102
  -8.8080993   37.4209435
  -8.8080461   37.4208297
  -8.8080464   37.4207811
  -8.8080578   37.4207636
  -8.8080782   37.4207699
  -8.8081881   37.4208736
  -8.8082165   37.4208519
  -8.8082119   37.4208166
  -8.8080793   37.4206576
  -8.8081033   37.4206195
  -8.8082511   37.420645
  -8.8083637   37.4206891
  -8.8083966   37.4206749
  -8.8081242   37.420351
  -8.8081067   37.4202451
  -8.8080691   37.4201731
  -8.807917    37.4200217
  -8.8078844   37.4199396
  -8.8080644   37.4198958
  -8.8083575   37.4199659
  -8.8086155   37.4199995
  -8.808569    37.4198986
  -8.8084425   37.4198279
  -8.8085733   37.4198142
  -8.8085931   37.4197983
  -8.8085511   37.4197416
  -8.808497    37.419693
  -8.8084043   37.4195776
  -8.8082167   37.4194171
  -8.8081261   37.4193651
  -8.8080471   37.4192219
  -8.8078387   37.4191663
  -8.8076838   37.4190937
  -8.8075848   37.4190068
  -8.8075463   37.418915
  -8.8075113   37.4188897
  -8.8072843   37.4188647
  -8.8072122   37.4188155
  -8.8071859   37.418771
  -8.8071607   37.4186849
  -8.8071418   37.4186103
  -8.8071884   37.4185
  -8.8072873   37.4183593
  -8.8074811   37.4181993
  -8.8077845   37.4180317
  -8.8078447   37.4180151
  -8.8080936   37.4180225
  -8.8081037   37.418132
  -8.8084191   37.4182053
  -8.8084511   37.4181972
  -8.8083959   37.4181124
  -8.8084104   37.4180829
  -8.808434    37.4180809
  -8.8085827   37.4182015
  -8.8087526   37.4182637
  -8.8090814   37.4183209
  -8.8091803   37.4183228
  -8.8092404   37.4183094
  -8.8091489   37.4182099
  -8.808945    37.4181259
  -8.8089291   37.4181027
  -8.8090416   37.4181003
  -8.809       37.4180357
  -8.8090871   37.4180207
  -8.8090364   37.4179226
  -8.8091348   37.4179396
  -8.8093157   37.4176819
  -8.8092221   37.417564
  -8.8088381   37.4173313
  -8.8087622   37.417206
  -8.8087739   37.4170459
  -8.8087637   37.4169925
  -8.8087242   37.4169069
  -8.8087149   37.4168553
  -8.8087372   37.4168281
  -8.8087729   37.4168123
  -8.8088685   37.4168233
  -8.8089497   37.4168469
  -8.8090916   37.4169204
  -8.8091613   37.4169308
  -8.8091702   37.4169033
  -8.8090994   37.4167424
  -8.8091278   37.4167074
  -8.8092662   37.4167718
  -8.8092826   37.4167426
  -8.8092574   37.416687
  -8.8090971   37.4165243
  -8.8090762   37.4164609
  -8.8091259   37.4163619
  -8.8092037   37.4163346
  -8.8092025   37.4162797
  -8.8091483   37.4162329
  -8.8089898   37.4161596
  -8.8088424   37.4160486
  -8.8086452   37.4159967
  -8.8086096   37.4159618
  -8.808562    37.4158453
  -8.8083548   37.4156509
  -8.8080054   37.4153765
  -8.8079891   37.4153224
  -8.8080044   37.415261
  -8.8080915   37.4151684
  -8.8080953   37.41508
  -8.8081288   37.4150491
  -8.8082343   37.4149945
  -8.8085067   37.4149352
  -8.8085718   37.4149024
  -8.8085395   37.4148268
  -8.8083513   37.4145833
  -8.8083301   37.4145347
  -8.8083265   37.4144688
  -8.808352    37.4144608
  -8.8084163   37.4144693
  -8.8084381   37.4144555
  -8.808412    37.4143086
  -8.8084297   37.4142669
  -8.8084691   37.4142731
  -8.8085724   37.414342
  -8.8086085   37.4143445
  -8.8086432   37.414309
  -8.8086404   37.414254
  -8.8085869   37.414191
  -8.8084725   37.4141474
  -8.8084294   37.4141124
  -8.808388    37.414027
  -8.8083941   37.4139591
  -8.808521    37.4137577
  -8.8086165   37.4137318
  -8.8087584   37.4135962
  -8.8089539   37.4135021
  -8.808956    37.4133652
  -8.8091179   37.4131948
  -8.8091918   37.4131429
  -8.8093338   37.4127632
  -8.8095288   37.4125068
  -8.8098526   37.4121622
  -8.8103661   37.4117218
  -8.8109301   37.4111618
  -8.8109335   37.4110524
  -8.8109482   37.4110257
  -8.8109754   37.411002
  -8.8110251   37.4108901
  -8.8110527   37.4108892
  -8.8110902   37.4109082
  -8.8111138   37.4108977
  -8.8111149   37.4108654
  -8.8110963   37.4108374
  -8.8110718   37.4108347
  -8.8110288   37.410854
  -8.8110151   37.4108424
  -8.8109667   37.4107188
  -8.8109588   37.4105977
  -8.8110072   37.410457
  -8.8110852   37.4103663
  -8.8111799   37.4103604
  -8.8112535   37.4103898
  -8.8113457   37.4104911
  -8.8113668   37.4104559
  -8.8113504   37.4103874
  -8.8113978   37.4103826
  -8.811309    37.4102965
  -8.81134     37.4102349
  -8.8112778   37.4102114
  -8.8112726   37.4101378
  -8.8111587   37.4101331
  -8.8111268   37.4101034
  -8.8111226   37.4100124
  -8.8111758   37.4099038
  -8.8112875   37.4097858
  -8.8115372   37.4096056
  -8.8116688   37.4095769
  -8.8119012   37.4095855
  -8.8119292   37.4095691
  -8.8119377   37.4095068
  -8.8118348   37.4094794
  -8.8118008   37.4094494
  -8.8119121   37.4094276
  -8.8119151   37.4093739
  -8.8118843   37.4093308
  -8.8118074   37.4093077
  -8.8117208   37.4093435
  -8.8116843   37.409303
  -8.8117132   37.409246
  -8.8117083   37.4092052
  -8.8115796   37.4091906
  -8.8115455   37.4091665
  -8.8115706   37.409068
  -8.8115576   37.4089949
  -8.8115769   37.4088793
  -8.8116436   37.4087643
  -8.8116604   37.408646
  -8.8116941   37.4086179
  -8.8117898   37.4086046
  -8.8118037   37.4085887
  -8.8117248   37.4085184
  -8.8117119   37.4084628
  -8.8117625   37.4083263
  -8.8117652   37.408125
  -8.8118433   37.4077482
  -8.8119373   37.4075974
  -8.8119988   37.4075411
  -8.8120197   37.4074085
  -8.8122044   37.4070855
  -8.812495    37.40669
  -8.8125912   37.4065902
  -8.8126762   37.4064978
  -8.812826    37.4063855
  -8.8129068   37.4063421
  -8.8129588   37.4063283
  -8.8130107   37.4063292
  -8.8130816   37.4063565
  -8.8133516   37.4065705
  -8.8136276   37.4066646
  -8.8138      37.4067991
  -8.8140106   37.4068882
  -8.8139673   37.4068343
  -8.8138721   37.4067825
  -8.8138627   37.4067501
  -8.8139281   37.4067533
  -8.8139974   37.406678
  -8.8140466   37.4065017
  -8.8141697   37.4065227
  -8.8141234   37.406279
  -8.8142638   37.4060934
  -8.8142418   37.4059029
  -8.8143401   37.4058112
  -8.8143953   37.40581
  -8.8145763   37.4058613
  -8.8145837   37.405808
  -8.8146917   37.405783
  -8.8146824   37.4057569
  -8.8146303   37.4057301
  -8.814474    37.4057193
  -8.814462    37.4057049
  -8.8144149   37.4054763
  -8.814419    37.4053073
  -8.8144626   37.4052056
  -8.8147919   37.4049061
  -8.8149195   37.4048247
  -8.8150318   37.4048863
  -8.8150196   37.4047871
  -8.8150918   37.4047975
  -8.8150261   37.404632
  -8.8150752   37.4045868
  -8.8150625   37.4045481
  -8.8150182   37.4045167
  -8.8149024   37.4044984
  -8.8149719   37.4043725
  -8.8149572   37.4042544
  -8.8149729   37.4041235
  -8.8150949   37.4040125
  -8.8155412   37.4037469
  -8.8155932   37.4036382
  -8.8156038   37.4034698
  -8.8157297   37.4033171
  -8.8157446   37.4032106
  -8.8158388   37.4031556
  -8.8160221   37.4031013
  -8.8160635   37.403056
  -8.8160674   37.4029946
  -8.8160239   37.4029304
  -8.8158439   37.4028393
  -8.8157777   37.402754
  -8.8157721   37.4026927
  -8.8158029   37.4026799
  -8.8159129   37.4027487
  -8.8159329   37.402717
  -8.8159067   37.4026883
  -8.815769    37.402626
  -8.815723    37.4025766
  -8.8157207   37.4022038
  -8.815467    37.4015662
  -8.8154351   37.401268
  -8.8155102   37.4009945
  -8.815565    37.4009211
  -8.815649    37.4008766
  -8.8158068   37.4008648
  -8.8160118   37.4009782
  -8.8161736   37.4010441
  -8.8163463   37.4010746
  -8.816388    37.4010644
  -8.816347    37.4010285
  -8.8161686   37.4009926
  -8.8161232   37.4009649
  -8.816157    37.4008357
  -8.8162253   37.4007811
  -8.8161277   37.4007128
  -8.8161281   37.4006361
  -8.8159793   37.4006459
  -8.815912    37.4005456
  -8.8158792   37.400535
  -8.8158602   37.4005558
  -8.8158857   37.4006359
  -8.8158261   37.4006481
  -8.8157623   37.4005708
  -8.8157214   37.4004289
  -8.8157403   37.4003917
  -8.8158042   37.4003471
  -8.8159031   37.4003056
  -8.8159677   37.4002204
  -8.8161696   37.40023
  -8.8162911   37.4002034
  -8.8162875   37.4001871
  -8.8160418   37.4000631
  -8.8159711   37.3999787
  -8.8159754   37.399948
  -8.8160972   37.3999545
  -8.8161139   37.39993
  -8.816029    37.3998944
  -8.8159916   37.3998212
  -8.8160469   37.3995099
  -8.8160496   37.3993097
  -8.8160861   37.3992355
  -8.816239    37.3990578
  -8.8163864   37.3985407
  -8.8164628   37.3983959
  -8.8166522   37.3981458
  -8.8166852   37.3979375
  -8.8167294   37.3978362
  -8.8169125   37.3976368
  -8.8172259   37.3974108
  -8.8173435   37.3972984
  -8.8176315   37.3970126
  -8.8177511   37.396804
  -8.8177723   37.3967957
  -8.8178137   37.3968145
  -8.8178812   37.3968246
  -8.8179306   37.3968072
  -8.8179718   37.39676
  -8.8179193   37.3966815
  -8.8180932   37.3967066
  -8.8180851   37.3966805
  -8.8179419   37.3965568
  -8.8179721   37.3965385
  -8.8181326   37.3965791
  -8.8181852   37.3965382
  -8.8181991   37.3964899
  -8.8180821   37.3963381
  -8.8180801   37.396299
  -8.8182209   37.3961588
  -8.8182975   37.3960302
  -8.8183338   37.3959352
  -8.8183721   37.3956707
  -8.8184249   37.3955076
  -8.818596    37.3951212
  -8.818704    37.3949993
  -8.8187511   37.3948442
  -8.8189138   37.3946637
  -8.8190123   37.3945819
  -8.8192358   37.3944983
  -8.8193366   37.3944191
  -8.8194542   37.3942199
  -8.8195314   37.3940263
  -8.8200033   37.393485
  -8.8200454   37.3934108
  -8.8201128   37.3931444
  -8.820104    37.3927997
  -8.8202352   37.392372
  -8.8203044   37.3922318
  -8.8203984   37.3921041
  -8.8206383   37.3919066
  -8.8208271   37.391776
  -8.8213666   37.3914999
  -8.8216076   37.3912161
  -8.8219513   37.3909817
  -8.8221021   37.3908184
  -8.822114    37.3907705
  -8.8220849   37.3906712
  -8.8219582   37.3906259
  -8.8219319   37.3905873
  -8.8219278   37.3905115
  -8.8219786   37.3903936
  -8.8220901   37.3902514
  -8.8225064   37.3899318
  -8.8225798   37.3898438
  -8.8226204   37.389719
  -8.8226551   37.3894464
  -8.8225724   37.3890312
  -8.8226142   37.3889281
  -8.8227124   37.3888075
  -8.8227456   37.3887323
  -8.8225899   37.3886084
  -8.8226702   37.3885043
  -8.822927    37.388361
  -8.8229649   37.3883221
  -8.8230211   37.3879468
  -8.8231925   37.3875713
  -8.823234    37.3873075
  -8.8234472   37.3870922
  -8.8234254   37.3869141
  -8.8233079   37.3868665
  -8.8230875   37.3867086
  -8.8229856   37.3863178
  -8.8231606   37.3859464
  -8.8236163   37.3853782
  -8.8237521   37.3852089
  -8.8241353   37.3848076
  -8.8245917   37.3842901
  -8.8251255   37.3836107
  -8.8255642   37.3830844
  -8.826129    37.382493
  -8.8265662   37.3823077
  -8.826996    37.3823458
  -8.8273821   37.3823122
  -8.8277455   37.3823759
  -8.8279355   37.3823359
  -8.8280321   37.3822875
  -8.8280353   37.3822668
  -8.8279824   37.3822156
  -8.8279947   37.3821578
  -8.8277738   37.38204
  -8.8274136   37.3819472
  -8.8271225   37.3819281
  -8.8270105   37.381872
  -8.8269549   37.3816967
  -8.8269538   37.3815676
  -8.8270374   37.3809857
  -8.8271532   37.3807017
  -8.8272151   37.3805882
  -8.8273265   37.380454
  -8.8277127   37.3801535
  -8.8278754   37.3800831
  -8.8281284   37.3800301
  -8.8281967   37.3799819
  -8.8282053   37.3799349
  -8.8281799   37.3798746
  -8.8280026   37.3798297
  -8.827956    37.3797938
  -8.8279553   37.3797587
  -8.8280233   37.3796839
  -8.828017    37.3796126
  -8.8280446   37.3795628
  -8.8282201   37.3795175
  -8.8286838   37.3794536
  -8.8288601   37.3794134
  -8.8288802   37.379389
  -8.8288673   37.3792708
  -8.8289798   37.3793098
  -8.8290304   37.3792933
  -8.8289171   37.3789817
  -8.8290128   37.3789802
  -8.8291845   37.3790144
  -8.8293163   37.3790028
  -8.8293548   37.3790492
  -8.8295085   37.3789675
  -8.8294196   37.3788664
  -8.8294109   37.3787862
  -8.8295954   37.3787345
  -8.8296612   37.3786565
  -8.8296682   37.3785759
  -8.8296116   37.3785636
  -8.8295184   37.3785876
  -8.8294492   37.3785538
  -8.8293141   37.3784213
  -8.8292349   37.3782766
  -8.8292737   37.378085
  -8.8293093   37.378032
  -8.8293463   37.3780156
  -8.8295212   37.3780281
  -8.8295481   37.3780063
  -8.8295262   37.3779595
  -8.8293167   37.3778494
  -8.8293051   37.3778151
  -8.8293813   37.3777668
  -8.8294802   37.3777428
  -8.8295295   37.3777044
  -8.8295144   37.3776629
  -8.8294364   37.3776355
  -8.8294211   37.3775688
  -8.8295477   37.377257
  -8.8296548   37.3771283
  -8.8299968   37.3768259
  -8.8302289   37.3767061
  -8.8304853   37.3765284
  -8.8308538   37.3764075
  -8.8308992   37.3764478
  -8.8309668   37.3764411
  -8.8310154   37.3763235
  -8.8311439   37.3762358
  -8.8313974   37.3762513
  -8.8317249   37.3763188
  -8.8317827   37.3763582
  -8.8317968   37.3764087
  -8.83172     37.3765229
  -8.8317689   37.3765713
  -8.8319993   37.3766151
  -8.8323622   37.3766306
  -8.8325075   37.3766171
  -8.8326678   37.3766558
  -8.8328127   37.3765972
  -8.8327997   37.3765341
  -8.8327257   37.3764579
  -8.8325641   37.3764101
  -8.8324222   37.3763026
  -8.8324252   37.3762701
  -8.8324792   37.3762608
  -8.8325856   37.376299
  -8.8328122   37.3764248
  -8.8330342   37.3762918
  -8.8330485   37.3762556
  -8.8330324   37.3762214
  -8.8328276   37.3760322
  -8.832753    37.3758915
  -8.8326601   37.3758514
  -8.8323798   37.3758855
  -8.8322936   37.375804
  -8.8322772   37.3757485
  -8.8323153   37.3754816
  -8.8323374   37.3754317
  -8.8324338   37.3753643
  -8.8323445   37.3752269
  -8.8323616   37.3751185
  -8.8324255   37.3750875
  -8.8327128   37.3751878
  -8.8327884   37.3751946
  -8.8330639   37.3751372
  -8.8331323   37.375097
  -8.8331519   37.3750193
  -8.8330097   37.3748871
  -8.8330185   37.3748681
  -8.8332686   37.3748459
  -8.8335369   37.3748632
  -8.8336774   37.3748272
  -8.8337424   37.3747929
  -8.8339938   37.3745782
  -8.8340707   37.3744802
  -8.8341024   37.3743795
  -8.8340632   37.3741759
  -8.8339312   37.3737977
  -8.833944    37.3737137
  -8.8340306   37.3735698
  -8.8340255   37.3735112
  -8.8339845   37.3734645
  -8.8337983   37.3734413
  -8.8336366   37.3733872
  -8.8333105   37.3730931
  -8.8332516   37.3729299
  -8.8332433   37.3727612
  -8.8331642   37.372494
  -8.8331648   37.3721969
  -8.8331949   37.3721606
  -8.8332566   37.3721341
  -8.8334357   37.3721078
  -8.8336893   37.3721153
  -8.8342758   37.3721959
  -8.834806    37.3721612
  -8.8350592   37.3721046
  -8.8352415   37.3719699
  -8.8352781   37.3718972
  -8.8352775   37.3718394
  -8.8351117   37.3717085
  -8.8350506   37.3716835
  -8.8347946   37.3716679
  -8.8347236   37.3716472
  -8.8343057   37.3714331
  -8.8341006   37.3712889
  -8.8340842   37.3712249
  -8.8340967   37.3711163
  -8.8341299   37.3710557
  -8.8342606   37.370929
  -8.8343461   37.3709087
  -8.8344681   37.3709332
  -8.8346237   37.3709331
  -8.8347561   37.3708936
  -8.8347694   37.37087
  -8.8347389   37.3706837
  -8.8345914   37.37045
  -8.8345103   37.3703679
  -8.8342722   37.3702358
  -8.8342412   37.370194
  -8.8342679   37.3700403
  -8.8344127   37.3698832
  -8.8345072   37.3698112
  -8.8348394   37.3696303
  -8.8350155   37.3695667
  -8.8353625   37.3695499
  -8.8354691   37.3694964
  -8.8355486   37.3694253
  -8.8357162   37.3691469
  -8.8359259   37.3690258
  -8.8358613   37.3688668
  -8.8356971   37.3686251
  -8.8357793   37.3684934
  -8.8359079   37.3684036
  -8.8360038   37.368363
  -8.8361058   37.3683521
  -8.8363686   37.3683895
  -8.8364921   37.3683588
  -8.8365965   37.3683016
  -8.8366594   37.3681472
  -8.8366847   37.3679225
  -8.8366648   37.3677989
  -8.8364989   37.3672809
  -8.8365054   37.3671345
  -8.8365433   37.3670111
  -8.8367077   37.3668378
  -8.8368385   37.3665728
  -8.8368505   37.3664232
  -8.8368107   37.3660912
  -8.8368559   37.3659551
  -8.8373425   37.3652264
  -8.8376414   37.364926
  -8.8379396   37.3647069
  -8.838121    37.3645286
  -8.8383589   37.3642258
  -8.8385912   37.3639894
  -8.8387794   37.3637379
  -8.8389487   37.3635645
  -8.8391125   37.363038
  -8.8392424   37.3628279
  -8.8396322   37.362325
  -8.8396765   37.362232
  -8.8397742   37.3621145
  -8.8398185   37.3620151
  -8.839893    37.361942
  -8.8399536   37.3618464
  -8.8399965   37.3617405
  -8.8400883   37.3616384
  -8.8401935   37.3613992
  -8.8402468   37.3613558
  -8.8403732   37.3613004
  -8.8402102   37.3612153
  -8.8401964   37.3611841
  -8.8403567   37.3611011
  -8.8403663   37.3610815
  -8.8402828   37.3610233
  -8.8403994   37.360964
  -8.8404575   37.3609128
  -8.8404996   37.3607219
  -8.8406437   37.3604669
  -8.8407578   37.3601417
  -8.8408492   37.3599925
  -8.8411151   37.3596809
  -8.841153    37.3595762
  -8.841166    37.359408
  -8.8412366   37.3591302
  -8.8413184   37.3589968
  -8.84139     37.3588128
  -8.8416369   37.3585923
  -8.8418102   37.3583371
  -8.8420775   37.3581869
  -8.8421488   37.3581074
  -8.8425694   37.3577353
  -8.8428032   37.3575798
  -8.8428977   37.3575253
  -8.8431231   37.3572284
  -8.8436406   37.3566975
  -8.8437181   37.3566383
  -8.8439513   37.3565392
  -8.8440095   37.3563433
  -8.8440413   37.3562362
  -8.8440894   37.3561459
  -8.8443024   37.3559571
  -8.8444239   37.3558899
  -8.8446043   37.3558692
  -8.8447145   37.355884
  -8.8448829   37.3559066
  -8.8449904   37.3559099
  -8.845083    37.3558859
  -8.8451313   37.3558387
  -8.8453501   37.3557389
  -8.8455962   37.3554286
  -8.8456691   37.3553969
  -8.8457375   37.3553925
  -8.8460014   37.3554183
  -8.8460793   37.3553944
  -8.846152    37.3553392
  -8.8462002   37.3552685
  -8.8462385   37.3551901
  -8.8461984   37.355077
  -8.8458848   37.3549616
  -8.8455435   37.3550183
  -8.8454402   37.3549408
  -8.8452881   37.3548674
  -8.8452292   37.3548248
  -8.8451494   37.3546493
  -8.8450921   37.354561
  -8.8448835   37.3544042
  -8.8447355   37.3542746
  -8.8447289   37.3541567
  -8.8446937   37.3539004
  -8.8446672   37.3537064
  -8.8446658   37.3535874
  -8.8448298   37.3533753
  -8.8448217   37.3530508
  -8.8448847   37.352984
  -8.8449442   37.3525732
  -8.8448843   37.3524406
  -8.8446918   37.3521955
  -8.8446566   37.3521075
  -8.8446558   37.3520119
  -8.8459023   37.350631
  -8.8460423   37.3504503
  -8.8461626   37.3502696
  -8.8463304   37.3499519
  -8.8464161   37.34972
  -8.8463769   37.3495211
  -8.8467542   37.3491971
  -8.8468842   37.3490047
  -8.8469526   37.3490039
  -8.8470499   37.348972
  -8.8475336   37.3490122
  -8.8478858   37.3490726
  -8.8481115   37.3491964
  -8.8484554   37.349421
  -8.8486492   37.3495942
  -8.8486816   37.3496098
  -8.848814    37.3496495
  -8.8490743   37.3498083
  -8.8490992   37.3498668
  -8.8491484   37.3498938
  -8.8492265   37.3499011
  -8.8495      37.3501523
  -8.8496339   37.3501552
  -8.8496481   37.3500902
  -8.8496031   37.349977
  -8.8496421   37.3499691
  -8.8497058   37.3500038
  -8.849789    37.350019
  -8.8498861   37.3499597
  -8.8498953   37.3499127
  -8.8497816   37.349761
  -8.8498338   37.3496003
  -8.849804    37.3495458
  -8.849666    37.3494176
  -8.8496458   37.3493473
  -8.8497455   37.3490419
  -8.8499388   37.3488334
  -8.8502487   37.3485578
  -8.8502868   37.348456
  -8.8503086   37.3481939
  -8.8503326   37.3481351
  -8.8503173   37.3480726
  -8.850082    37.3479802
  -8.8500228   37.3479141
  -8.8499236   37.3477373
  -8.8498248   37.3476128
  -8.8497941   37.3474723
  -8.8499747   37.3474555
  -8.850092    37.34749
  -8.8502338   37.3475009
  -8.8504215   37.3474821
  -8.8506065   37.3474223
  -8.8506479   37.3474182
  -8.850741    37.3474469
  -8.8508037   37.3473741
  -8.8507883   37.3472863
  -8.850805    37.3472529
  -8.8510761   37.3472611
  -8.8511052   37.3472491
  -8.8511511   37.3471954
  -8.8511958   37.3470179
  -8.8513092   37.3468797
  -8.851207    37.3466575
  -8.8511766   37.3465286
  -8.8509314   37.3464152
  -8.8508698   37.3463609
  -8.8508323   37.346279
  -8.8508529   37.3461284
  -8.8510244   37.3459317
  -8.8510463   37.3459316
  -8.8510886   37.3460115
  -8.8511375   37.3460171
  -8.8511639   37.3459758
  -8.8511358   37.3458391
  -8.8509779   37.3456736
  -8.8509989   37.3455718
  -8.8510665   37.3454854
  -8.8510622   37.3452994
  -8.8511364   37.3451327
  -8.8511428   37.3450409
  -8.8511055   37.3449707
  -8.8509555   37.3448462
  -8.850938    37.344815
  -8.8509445   37.3447309
  -8.8513147   37.3443728
  -8.8517301   37.3441082
  -8.8520708   37.3438083
  -8.8525026   37.34353
  -8.852979    37.3430638
  -8.8532152   37.3427449
  -8.8536596   37.342241
  -8.8540998   37.3418196
  -8.8542117   37.341774
  -8.8543556   37.3417626
  -8.8546275   37.3416202
  -8.8547062   37.3416907
  -8.8547901   37.3417659
  -8.8549005   37.3418336
  -8.8549273   37.3418314
  -8.8549269   37.3417865
  -8.8548253   37.3416468
  -8.8547513   37.3415452
  -8.8547287   37.3414768
  -8.8547224   37.3413241
  -8.8547296   37.3412928
  -8.8547599   37.3411616
  -8.8548903   37.3410141
  -8.8551595   37.3408356
  -8.8552683   37.3407313
  -8.8553776   37.3406739
  -8.8554585   37.3407067
  -8.8554852   37.3406987
  -8.8555648   37.3405931
  -8.855633    37.3405887
  -8.855663    37.3406511
  -8.8556402   37.3408271
  -8.8557479   37.3408695
  -8.8558512   37.340949
  -8.8558951   37.3409487
  -8.8564674   37.3408065
  -8.856626    37.3407996
  -8.8567642   37.3407029
  -8.8568045   37.3405756
  -8.8568623   37.3404987
  -8.8568425   37.3404637
  -8.8564854   37.3403935
  -8.8562036   37.3402878
  -8.8561125   37.3402023
  -8.8561      37.3401671
  -8.8561212   37.340081
  -8.8562382   37.3400705
  -8.8564365   37.340126
  -8.8565317   37.3401235
  -8.8566045   37.3400898
  -8.8566792   37.339987
  -8.8567375   37.3399553
  -8.857114    37.3400214
  -8.8572335   37.340005
  -8.8572916   37.3399617
  -8.8573661   37.3398322
  -8.8574999   37.3397923
  -8.8574946   37.3397454
  -8.8573389   37.3395549
  -8.8573531   37.3394981
  -8.8577728   37.3392347
  -8.857838    37.3391581
  -8.8578665   37.3390699
  -8.8578461   37.3389859
  -8.857767    37.3388886
  -8.8576196   37.3387775
  -8.8576144   37.338756
  -8.8577406   37.338677
  -8.857733    37.3386536
  -8.8575338   37.3384944
  -8.8573032   37.3383685
  -8.8572297   37.3383159
  -8.8571974   37.338287
  -8.85715     37.3381798
  -8.8571519   37.3381153
  -8.8572397   37.3381148
  -8.8572961   37.3381378
  -8.8574115   37.3382173
  -8.8574905   37.3383009
  -8.8575345   37.3383104
  -8.8575661   37.3382965
  -8.8576361   37.3382179
  -8.8578569   37.3380738
  -8.8579778   37.3379655
  -8.8581588   37.3377546
  -8.8581731   37.3377095
  -8.8581356   37.337612
  -8.8580532   37.3375132
  -8.8579214   37.3374311
  -8.8579234   37.3373783
  -8.8580938   37.3373265
  -8.8583573   37.3373151
  -8.8584766   37.3372928
  -8.8587263   37.3371231
  -8.8588421   37.3370848
  -8.8589044   37.3370727
  -8.8589488   37.3370253
  -8.8590112   37.3367826
  -8.8590269   37.3367238
  -8.8590687   37.3366811
  -8.8591221   37.3366495
  -8.859446    37.3365658
  -8.859708    37.3363999
  -8.8597752   37.33629
  -8.8597952   37.3360867
  -8.8598547   37.3359279
  -8.8598027   37.3358525
  -8.8597096   37.33581
  -8.85967     37.3357673
  -8.8596422   37.335658
  -8.8596704   37.3355464
  -8.8600031   37.3351253
  -8.8603092   37.3344607
  -8.8606487   37.3339934
  -8.8611925   37.3334368
  -8.8612445   37.333403
  -8.8612895   37.3333737
  -8.8616273   37.3332309
  -8.8617588   37.3331968
  -8.8621037   37.3330313
  -8.8622206   37.3330013
  -8.8623188   37.3330535
  -8.8624052   37.3331643
  -8.8624057   37.3332092
  -8.862348    37.3333054
  -8.8623879   37.3333892
  -8.8624442   37.3334162
  -8.8625591   37.3334253
  -8.8626318   37.3333721
  -8.8627687   37.3331408
  -8.8627779   37.3330918
  -8.8627693   37.3329608
  -8.8626846   37.3327758
  -8.862674    37.3326859
  -8.862821    37.3325902
  -8.8628237   37.3325149
  -8.8628013   37.3324779
  -8.862687    37.3324091
  -8.8626355   37.3323717
  -8.8624414   37.3320038
  -8.8624121   37.3318391
  -8.8625484   37.3316382
  -8.862749    37.3314037
  -8.8628581   37.3312969
  -8.8629099   37.3312632
  -8.8629197   37.331234
  -8.8629173   37.3311287
  -8.862937    37.3310688
  -8.862979    37.331001
  -8.8631573   37.3307489
  -8.8632567   37.3306102
  -8.8633141   37.3304903
  -8.8637383   37.3299376
  -8.8641177   37.3295541
  -8.8644806   37.3292219
  -8.8647035   37.3290439
  -8.8649168   37.3289014
  -8.8650207   37.3287952
  -8.8653121   37.328642
  -8.8656744   37.3285048
  -8.8657445   37.3284399
  -8.8657773   37.3282931
  -8.8658321   37.3282125
  -8.8659728   37.3280697
  -8.8662019   37.3278911
  -8.8662872   37.3277613
  -8.8663114   37.3276433
  -8.8665075   37.3273043
  -8.8665958   37.3271852
  -8.8667808   37.3270764
  -8.8668755   37.327056
  -8.8670893   37.327049
  -8.867203    37.327011
  -8.8673412   37.3269159
  -8.8674855   37.3267208
  -8.8676804   37.3262275
  -8.8678797   37.3258091
  -8.8680737   37.3255993
  -8.8682047   37.3254985
  -8.8685722   37.3251391
  -8.868976    37.3248674
  -8.8693229   37.3245909
  -8.8697681   37.3241682
  -8.8698283   37.3241278
  -8.8701233   37.3240202
  -8.8702261   37.3239653
  -8.8706832   37.323671
  -8.8707715   37.3235876
  -8.8709196   37.3234094
  -8.8710738   37.3231279
  -8.8711946   37.3227272
  -8.8718188   37.3220033
  -8.871945    37.3218875
  -8.8722118   37.3217095
  -8.872392    37.3216031
  -8.8725737   37.3215273
  -8.8728182   37.3213709
  -8.8729036   37.3213418
  -8.8734807   37.3212811
  -8.8736158   37.3212374
  -8.8739637   37.3210695
  -8.8741696   37.3209911
  -8.8745466   37.3208857
  -8.8746782   37.3208592
  -8.8749779   37.3208659
  -8.8752563   37.3208956
  -8.8755851   37.3209734
  -8.8756463   37.3210303
  -8.8757927   37.3214064
  -8.875879    37.3214888
  -8.8760508   37.3215419
  -8.8760971   37.321536
  -8.8761254   37.3215043
  -8.8761598   37.3213813
  -8.8762663   37.3213378
  -8.8764044   37.3216026
  -8.876424    37.3217796
  -8.8764675   37.3218394
  -8.8765321   37.3218817
  -8.8767068   37.321895
  -8.8767852   37.3218745
  -8.8769658   37.3217591
  -8.8774251   37.3213305
  -8.8775349   37.3212555
  -8.8778123   37.3211652
  -8.8779506   37.32109
  -8.8779786   37.3210298
  -8.8778901   37.3207412
  -8.8779428   37.3206666
  -8.8781308   37.3205655
  -8.8781765   37.3204966
  -8.87822     37.3202043
  -8.8781436   37.3200562
  -8.877996    37.3199115
  -8.8777986   37.3197813
  -8.8776691   37.3196678
  -8.8775652   37.3196199
  -8.8774329   37.3195921
  -8.8772821   37.3194817
  -8.8770911   37.3192714
  -8.8770835   37.3192258
  -8.8771192   37.3190738
  -8.8771429   37.3189725
  -8.8772738   37.3190074
  -8.8773592   37.3189811
  -8.8774193   37.318938
  -8.8776552   37.3186222
  -8.8777472   37.3185558
  -8.8779818   37.318476
  -8.8778797   37.3182509
  -8.8778827   37.3181881
  -8.8779218   37.3181823
  -8.8779612   37.3182018
  -8.8780153   37.3182644
  -8.87807     37.3183869
  -8.8781294   37.3186151
  -8.8782888   37.3188655
  -8.8783533   37.3189051
  -8.8784744   37.3188872
  -8.8785307   37.3188068
  -8.8786262   37.318732
  -8.8787035   37.3186058
  -8.8787068   37.3182173
  -8.8785957   37.3181723
  -8.8784814   37.3181587
  -8.8785198   37.3180643
  -8.8785155   37.3179986
  -8.8784066   37.317801
  -8.8783055   37.3176758
  -8.8782482   37.3176505
  -8.8781483   37.3176455
  -8.878088    37.3176686
  -8.8779927   37.3177807
  -8.8779624   37.3179523
  -8.8779375   37.3179724
  -8.8778556   37.3179787
  -8.8778019   37.3179562
  -8.8777113   37.317811
  -8.8776271   37.3175887
  -8.8775587   37.3175234
  -8.8774696   37.3175154
  -8.8771642   37.3176431
  -8.8770394   37.3176496
  -8.876975    37.3176243
  -8.876856    37.3174965
  -8.8767204   37.3171258
  -8.8766191   37.3169808
  -8.876642    37.3167606
  -8.8766094   37.3167151
  -8.8764949   37.3166815
  -8.8764309   37.3166991
  -8.8763317   37.3167626
  -8.8761964   37.3167863
  -8.8761357   37.3167723
  -8.8761176   37.3167468
  -8.8761278   37.3166896
  -8.8762773   37.3166743
  -8.8762876   37.3166257
  -8.8763689   37.3165583
  -8.8763969   37.3164981
  -8.8762648   37.3164819
  -8.8761688   37.316511
  -8.8760202   37.3166262
  -8.8759667   37.3166294
  -8.8757865   37.3164363
  -8.8757169   37.3162567
  -8.8756554   37.3161629
  -8.875647    37.3160257
  -8.8756856   37.3159019
  -8.8758305   37.3158933
  -8.8759878   37.3158722
  -8.8761863   37.3157509
  -8.8762432   37.3157334
  -8.8763787   37.3157354
  -8.8766333   37.3155166
  -8.8766674   37.3153565
  -8.8766689   37.315153
  -8.8766932   37.31509
  -8.8767411   37.3150467
  -8.8768629   37.3150099
  -8.8771583   37.314887
  -8.8773925   37.3147599
  -8.8774447   37.314631
  -8.8774504   37.3144841
  -8.8774286   37.3144356
  -8.8773388   37.314382
  -8.877289    37.3143851
  -8.8771825   37.3144401
  -8.8771409   37.3145631
  -8.877135    37.3146832
  -8.8770923   37.3146978
  -8.8770029   37.3146669
  -8.8768948   37.3145533
  -8.8768412   37.3145422
  -8.8766071   37.3145868
  -8.8761465   37.3147207
  -8.8760499   37.3147722
  -8.8759102   37.3149398
  -8.8757937   37.315003
  -8.8755122   37.3150191
  -8.8753445   37.3150058
  -8.8750982   37.314976
  -8.8750158   37.3149393
  -8.874822    37.3148034
  -8.8747642   37.3147267
  -8.8746656   37.3144959
  -8.8744923   37.314277
  -8.8743868   37.314069
  -8.8743386   37.3138825
  -8.8743451   37.3138025
  -8.8745098   37.313518
  -8.8745406   37.3133864
  -8.8745186   37.3133208
  -8.8741489   37.3127158
  -8.874116    37.3126235
  -8.8741333   37.312572
  -8.874239    37.3124456
  -8.8743843   37.3123532
  -8.8745263   37.3122979
  -8.8745544   37.3122521
  -8.8745434   37.3122207
  -8.8744578   37.3122098
  -8.8740955   37.3123493
  -8.8739855   37.3124129
  -8.873869    37.3125365
  -8.8737728   37.3125371
  -8.8734938   37.3124588
  -8.8733003   37.31236
  -8.873002    37.3121191
  -8.8727317   37.3118464
  -8.8726132   37.3117618
  -8.8724589   37.31159
  -8.8722833   37.3113911
  -8.8722193   37.3113632
  -8.8719661   37.3113297
  -8.871879    37.3111718
  -8.8718959   37.310952
  -8.8719338   37.3107936
  -8.8721671   37.3104062
  -8.8722358   37.3103727
  -8.872377    37.3104318
  -8.8724595   37.3104399
  -8.8725257   37.3104212
  -8.8725571   37.3103844
  -8.8725558   37.3103132
  -8.8724553   37.3101654
  -8.8724288   37.3100853
  -8.8723238   37.3100095
  -8.8723989   37.3098707
  -8.8724501   37.3098544
  -8.8726966   37.3098647
  -8.8727534   37.3098871
  -8.8727926   37.3099232
  -8.8728497   37.3099757
  -8.8728841   37.3099808
  -8.8729113   37.3099596
  -8.8729082   37.309827
  -8.8728393   37.3098048
  -8.8727632   37.3097802
  -8.8726891   37.3096861
  -8.8726383   37.3095566
  -8.872636    37.3094098
  -8.8727227   37.3092641
  -8.8730396   37.308982
  -8.8731184   37.3089681
  -8.8734223   37.3089892
  -8.8737034   37.3091083
  -8.8744344   37.3091104
  -8.8745191   37.3091404
  -8.874534    37.3092046
  -8.8745638   37.3091908
  -8.8745781   37.3091551
  -8.8746474   37.3091307
  -8.8746707   37.3091583
  -8.8746183   37.3092795
  -8.8746584   37.3093122
  -8.8747309   37.3092702
  -8.8748252   37.3091296
  -8.8748528   37.3090544
  -8.8748293   37.3089312
  -8.8748509   37.3089036
  -8.874885    37.3088998
  -8.8749388   37.308923
  -8.8749679   37.3090497
  -8.8749199   37.3091635
  -8.8749175   37.3092778
  -8.8749552   37.3093593
  -8.8750009   37.3094022
  -8.8750155   37.3095604
  -8.8750575   37.309612
  -8.8751013   37.3096157
  -8.875274    37.3095469
  -8.8754084   37.3095347
  -8.8756409   37.3094735
  -8.8756514   37.3094282
  -8.8756306   37.3093516
  -8.8757425   37.309272
  -8.8758035   37.3091059
  -8.8757289   37.3089474
  -8.8755941   37.3088393
  -8.8755795   37.3088013
  -8.8757184   37.3086195
  -8.875851    37.308566
  -8.8758636   37.308494
  -8.875822    37.3084339
  -8.875694    37.3083368
  -8.8754715   37.3083343
  -8.8752956   37.3083609
  -8.8750199   37.308447
  -8.8747805   37.3084812
  -8.8747008   37.3085403
  -8.8746223   37.3085642
  -8.8745678   37.3085303
  -8.8744513   37.3083522
  -8.8743998   37.3082322
  -8.874459    37.3081871
  -8.8745204   37.3081853
  -8.8746236   37.3081844
  -8.874761    37.3081455
  -8.8751111   37.3079383
  -8.8750834   37.3079072
  -8.8749602   37.307863
  -8.8747448   37.3078605
  -8.8745515   37.3077866
  -8.8744987   37.3077429
  -8.8745131   37.3076451
  -8.8746548   37.3075956
  -8.874769    37.3075719
  -8.8749423   37.3076038
  -8.8753048   37.3076266
  -8.875347    37.3075975
  -8.8753309   37.3075571
  -8.8754061   37.3075126
  -8.875376    37.3074207
  -8.8754492   37.3073934
  -8.8754942   37.3073512
  -8.8754925   37.3073041
  -8.8753756   37.3072824
  -8.875185    37.3072753
  -8.8749301   37.3073159
  -8.8749006   37.307293
  -8.8749077   37.3072252
  -8.8749952   37.3071769
  -8.8750743   37.3071674
  -8.8751996   37.3071764
  -8.8753328   37.3072206
  -8.8754333   37.3072228
  -8.8754758   37.3072012
  -8.8756343   37.307125
  -8.8755916   37.3070868
  -8.8756134   37.3070558
  -8.8754941   37.3070197
  -8.8755875   37.3069888
  -8.8755971   37.3069711
  -8.8754511   37.3069078
  -8.8754109   37.3067658
  -8.8753104   37.3065498
  -8.8753459   37.3064718
  -8.8754222   37.306462
  -8.8754584   37.3064772
  -8.875494    37.3065878
  -8.875563    37.3065967
  -8.8756712   37.3065787
  -8.8758313   37.3066543
  -8.8760238   37.3066583
  -8.8760453   37.3066829
  -8.8759678   37.3067145
  -8.8759681   37.3067356
  -8.8760787   37.3067966
  -8.8761935   37.3068304
  -8.8763493   37.3069597
  -8.8766897   37.3070888
  -8.8767663   37.3070776
  -8.8768151   37.3070256
  -8.8769087   37.3069888
  -8.8769675   37.3069294
  -8.8770775   37.3069062
  -8.8770974   37.3068552
  -8.8770784   37.3067367
  -8.877178    37.306644
  -8.8771529   37.3065875
  -8.8767777   37.3063576
  -8.876639    37.3062215
  -8.8764334   37.3060918
  -8.8761679   37.306077
  -8.8760238   37.3061287
  -8.8759613   37.3061787
  -8.87591     37.3062935
  -8.8759073   37.3064507
  -8.8757457   37.3064731
  -8.8756023   37.3063698
  -8.8755686   37.306317
  -8.8757117   37.3061744
  -8.8757051   37.3061114
  -8.8756186   37.3060797
  -8.8752901   37.3060166
  -8.8751267   37.3059385
  -8.8750057   37.30593
  -8.8749341   37.3058756
  -8.8748362   37.3057332
  -8.8748444   37.3057011
  -8.8750127   37.3057125
  -8.8750553   37.3056782
  -8.8751262   37.3056683
  -8.8752134   37.3056623
  -8.8753644   37.3055922
  -8.8755978   37.3055856
  -8.875671    37.3055409
  -8.8756603   37.3054965
  -8.875612    37.3054626
  -8.8751183   37.3053384
  -8.8750524   37.3051976
  -8.8750543   37.3050564
  -8.8751194   37.3050449
  -8.875411    37.3051854
  -8.875483    37.3051715
  -8.8755169   37.3051229
  -8.875346    37.3049958
  -8.8752404   37.3049415
  -8.875201    37.3049395
  -8.875004    37.3050023
  -8.8749413   37.304987
  -8.8748743   37.304933
  -8.8748084   37.3049208
  -8.8747427   37.3049434
  -8.8746823   37.3049951
  -8.8745716   37.3051908
  -8.8745298   37.3052108
  -8.8744699   37.3052038
  -8.874346    37.3050778
  -8.8741982   37.3048346
  -8.8742064   37.3048059
  -8.874277    37.3047617
  -8.8743444   37.304713
  -8.8743404   37.3046161
  -8.8742355   37.3045701
  -8.8740751   37.3045562
  -8.8739532   37.3045254
  -8.8739109   37.3045024
  -8.8739005   37.3044692
  -8.8739459   37.3043965
  -8.8742424   37.3042
  -8.8742835   37.3042271
  -8.8742069   37.3043254
  -8.8742348   37.30439
  -8.8743443   37.3044519
  -8.8745202   37.3045012
  -8.8746538   37.3044817
  -8.8749069   37.3043729
  -8.8751402   37.3043863
  -8.8752612   37.304364
  -8.8753111   37.3043343
  -8.8753068   37.3042765
  -8.8752486   37.3042087
  -8.874658    37.3038032
  -8.874567    37.3037061
  -8.8745535   37.3035727
  -8.8744542   37.3035043
  -8.8743778   37.3034855
  -8.8743143   37.303495
  -8.8742323   37.3036584
  -8.8741099   37.3036749
  -8.8740614   37.3037166
  -8.8740086   37.303702
  -8.8740078   37.3036462
  -8.8740979   37.3035614
  -8.8740718   37.3034781
  -8.8742165   37.3034672
  -8.8742608   37.3033339
  -8.8742496   37.3033009
  -8.8740726   37.3031273
  -8.8741341   37.3031129
  -8.8743079   37.3031948
  -8.8743183   37.3031186
  -8.8742424   37.3030429
  -8.8740599   37.3029294
  -8.8736422   37.3025014
  -8.873492    37.3023905
  -8.8735552   37.3023837
  -8.8737356   37.3024352
  -8.8740662   37.3027396
  -8.8742195   37.3028317
  -8.8743589   37.302874
  -8.8744261   37.3028504
  -8.8744478   37.3027556
  -8.8742238   37.3024664
  -8.8740489   37.3023635
  -8.8739442   37.3023751
  -8.8739101   37.302405
  -8.8739419   37.3024593
  -8.8739679   37.3024651
  -8.874013    37.3024857
  -8.8740993   37.3025355
  -8.8741026   37.3025472
  -8.8740874   37.3025584
  -8.8740446   37.302558
  -8.8740057   37.3025526
  -8.8739645   37.3025185
  -8.8738985   37.302457
  -8.8738658   37.3024064
  -8.8738371   37.3023593
  -8.8738421   37.3022718
  -8.8738072   37.3022305
  -8.8737418   37.3021014
  -8.8737232   37.3020206
  -8.873766    37.3019637
  -8.8738049   37.3019358
  -8.8738399   37.3018982
  -8.8738872   37.3018704
  -8.8739707   37.3018278
  -8.8740254   37.3017614
  -8.8741088   37.3017331
  -8.8741619   37.3017062
  -8.8742249   37.3017136
  -8.8743865   37.3017902
  -8.8745416   37.3019606
  -8.8746837   37.3019032
  -8.8747817   37.3019208
  -8.8754537   37.3025189
  -8.8755201   37.3025178
  -8.8755077   37.3024605
  -8.8750422   37.3020274
  -8.8750519   37.3019994
  -8.8751423   37.3020188
  -8.8753735   37.3022045
  -8.875629    37.3024557
  -8.8756782   37.302656
  -8.8757138   37.3026986
  -8.8757724   37.3027264
  -8.8758547   37.3027334
  -8.8760555   37.3026996
  -8.8762314   37.3025957
  -8.8764195   37.3022501
  -8.8765672   37.3023012
  -8.8766073   37.3022938
  -8.8766259   37.3022618
  -8.8764568   37.3021406
  -8.8764215   37.3021496
  -8.8764024   37.3022177
  -8.8762869   37.3021318
  -8.8762505   37.3020795
  -8.8762562   37.3020348
  -8.8763524   37.3019935
  -8.8764124   37.3019356
  -8.8764679   37.3019268
  -8.876591    37.301948
  -8.876625    37.3019103
  -8.876593    37.3018789
  -8.8764696   37.3018745
  -8.8761832   37.3017324
  -8.8761828   37.3017088
  -8.8762295   37.3016715
  -8.8762163   37.3016505
  -8.8761985   37.3016221
  -8.8762441   37.3015977
  -8.876251    37.3015715
  -8.8762154   37.3014747
  -8.8763209   37.3013631
  -8.8763126   37.3012881
  -8.8761108   37.3009617
  -8.8759553   37.3008418
  -8.8757671   37.3007095
  -8.875593    37.3005118
  -8.8754943   37.3005069
  -8.875387    37.3004675
  -8.87532     37.3004772
  -8.8752173   37.3006749
  -8.8750589   37.3008268
  -8.8748648   37.3009465
  -8.8747674   37.3009506
  -8.8746235   37.3009039
  -8.8745187   37.3008369
  -8.8743906   37.3007253
  -8.8742148   37.3004487
  -8.8741496   37.3004121
  -8.8740072   37.3003723
  -8.8738953   37.3003062
  -8.8737551   37.300196
  -8.8736665   37.3000655
  -8.8735971   37.3000202
  -8.8735271   37.3000018
  -8.8733939   37.3000892
  -8.8732621   37.3001162
  -8.8731937   37.3000827
  -8.8731793   37.3000191
  -8.8731926   37.2999104
  -8.8732984   37.2997111
  -8.8734367   37.299647
  -8.8734945   37.2995511
  -8.8737278   37.2994525
  -8.8741498   37.2991733
  -8.8742882   37.2989338
  -8.8744455   37.2988359
  -8.8744445   37.2987885
  -8.8743866   37.2987581
  -8.8743637   37.2987136
  -8.8744443   37.2986756
  -8.8745405   37.2987153
  -8.8745851   37.2986651
  -8.8745657   37.2985181
  -8.8745846   37.2983991
  -8.8745181   37.298224
  -8.87444     37.2981999
  -8.8742187   37.2982221
  -8.8741746   37.2981949
  -8.874175    37.2981235
  -8.8743719   37.2979724
  -8.8744335   37.2979216
  -8.8744376   37.2978407
  -8.8742755   37.2976783
  -8.8741384   37.2975766
  -8.8741099   37.297509
  -8.8741325   37.2974644
  -8.8744371   37.2971636
  -8.8745396   37.2971175
  -8.8746404   37.2971066
  -8.8751919   37.2971081
  -8.8751918   37.2972107
  -8.8752308   37.2972688
  -8.8752201   37.2974193
  -8.8752894   37.2974717
  -8.875395    37.2975056
  -8.8755252   37.2975283
  -8.875596    37.2975231
  -8.8758709   37.297383
  -8.8758957   37.2973586
  -8.8759219   37.2972298
  -8.875697    37.2969022
  -8.8755992   37.296817
  -8.8755836   37.2967186
  -8.8756226   37.2966915
  -8.8757171   37.2966824
  -8.8758069   37.2967252
  -8.8759058   37.2967945
  -8.875997    37.2968047
  -8.8760002   37.2967413
  -8.8758626   37.2965819
  -8.8758496   37.2965117
  -8.875874    37.2964938
  -8.8759456   37.2964978
  -8.8760602   37.2965485
  -8.8760733   37.2965236
  -8.8760181   37.2964235
  -8.8760383   37.2963921
  -8.876083    37.2963759
  -8.876122    37.2963819
  -8.8762612   37.2964747
  -8.8763851   37.2966053
  -8.8765253   37.296584
  -8.8765671   37.2965382
  -8.8765728   37.2965001
  -8.8765165   37.2964232
  -8.8764204   37.2963423
  -8.8764323   37.2962384
  -8.8763886   37.2961461
  -8.8764225   37.2961315
  -8.8765777   37.2962345
  -8.8766442   37.2962302
  -8.8766507   37.2961952
  -8.8765815   37.2961427
  -8.8765624   37.2960903
  -8.8765858   37.2960644
  -8.876652    37.2960968
  -8.8767101   37.2960865
  -8.8766886   37.2959932
  -8.8767705   37.2959307
  -8.8767742   37.295877
  -8.8767171   37.2958031
  -8.8764029   37.2954404
  -8.8761388   37.2952795
  -8.8760396   37.2951518
  -8.8758621   37.2948141
  -8.8757206   37.2946354
  -8.8756794   37.2946149
  -8.8756521   37.2946291
  -8.8757336   37.2947546
  -8.8757255   37.294797
  -8.8756841   37.2948122
  -8.8755734   37.2947742
  -8.8754796   37.2946776
  -8.8753701   37.294454
  -8.8752828   37.2943996
  -8.8751891   37.2943969
  -8.8751452   37.2944308
  -8.8750532   37.2947757
  -8.8751058   37.29495
  -8.8751032   37.2950287
  -8.8750549   37.2950797
  -8.8749577   37.2951274
  -8.8747503   37.2951641
  -8.8739522   37.2950923
  -8.8733134   37.2951874
  -8.8729935   37.2951298
  -8.8728335   37.2952099
  -8.8724261   37.2952887
  -8.8719795   37.2954415
  -8.8713582   37.2956034
  -8.8712863   37.2956429
  -8.8710438   37.2956697
  -8.8708196   37.2956716
  -8.8706939   37.2956871
  -8.870618    37.2957042
  -8.8705924   37.2957069
  -8.870565    37.2957077
  -8.8704077   37.295727
  -8.8702904   37.2956378
  -8.869954    37.2954496
  -8.8697142   37.2953529
  -8.8696145   37.2952937
  -8.8695087   37.2952291
  -8.8692044   37.2950323
  -8.8691837   37.2950468
  -8.8695966   37.2953292
  -8.8693995   37.2954547
  -8.8692788   37.2955296
  -8.8692109   37.2954891
  -8.8688767   37.2954432
  -8.8686326   37.2954201
  -8.8682585   37.2953846
  -8.8672964   37.2951696
  -8.8669654   37.2950565
  -8.866734    37.2949147
  -8.8663273   37.2945877
  -8.866235    37.2944301
  -8.86589     37.294091
  -8.8657754   37.293934
  -8.8655381   37.2935592
  -8.8653504   37.2931385
  -8.8648169   37.2919068
  -8.8646513   37.2914521
  -8.8645999   37.2912708
  -8.8645486   37.2909403
  -8.8644419   37.2905461
  -8.8644189   37.2900926
  -8.8644043   37.2898058
  -8.8644368   37.2893207
  -8.8644907   37.2890089
  -8.8647388   37.2887513
  -8.8648105   37.2887017
  -8.8648776   37.2886739
  -8.8650455   37.2887187
  -8.8651168   37.2887177
  -8.8652004   37.2886716
  -8.8652467   37.2885962
  -8.8652468   37.2885483
  -8.8652155   37.288512
  -8.8649423   37.2883901
  -8.8648794   37.2882471
  -8.8648108   37.2880914
  -8.8648116   37.2879017
  -8.8647816   37.2876841
  -8.8649003   37.2874259
  -8.8649227   37.2871213
  -8.8649853   37.2870692
  -8.8652699   37.287016
  -8.8653735   37.2869741
  -8.865574    37.2867086
  -8.8656732   37.2864475
  -8.8658785   37.2861887
  -8.8659843   37.286013
  -8.8660854   37.2856895
  -8.8663492   37.2853581
  -8.8667249   37.2847947
  -8.8667512   37.2846832
  -8.8667472   37.2842747
  -8.8668896   37.2839753
  -8.8669474   37.2839545
  -8.8671122   37.2840201
  -8.8671949   37.2840967
  -8.8672609   37.2841948
  -8.8673967   37.2842668
  -8.8674471   37.2842655
  -8.8675258   37.2842265
  -8.86761     37.2841271
  -8.867583    37.2839479
  -8.8676597   37.2835544
  -8.8675856   37.2834761
  -8.867549    37.2832729
  -8.8674106   37.283189
  -8.8671962   37.2830515
  -8.867055    37.2830317
  -8.8668924   37.2830437
  -8.8667171   37.2830991
  -8.8665621   37.2832788
  -8.866492    37.2833268
  -8.8664406   37.2833389
  -8.8658576   37.2829295
  -8.8655656   37.2824551
  -8.8656166   37.2823361
  -8.8658604   37.2823932
  -8.8659039   37.2823843
  -8.8659245   37.2823449
  -8.8659104   37.2821653
  -8.865775    37.2819305
  -8.8659352   37.2816806
  -8.8659365   37.2814716
  -8.8657652   37.2813949
  -8.8657259   37.281297
  -8.8657892   37.2810637
  -8.8659425   37.2807371
  -8.8659737   37.280471
  -8.865958    37.2800809
  -8.8656853   37.2795386
  -8.865532    37.2792754
  -8.8653314   37.2790452
  -8.8653938   37.2788365
  -8.8653858   37.2786788
  -8.8654622   37.2785389
  -8.8656912   37.2782649
  -8.8658159   37.2781507
  -8.8661812   37.2779858
  -8.8663263   37.2778075
  -8.8663726   37.277682
  -8.8663069   37.2775887
  -8.8662237   37.2775463
  -8.8659645   37.2775827
  -8.8657565   37.2775907
  -8.8656879   37.2775471
  -8.8655283   37.2773783
  -8.8653573   37.2772666
  -8.8650174   37.2771412
  -8.8648083   37.2770783
  -8.8644614   37.2769741
  -8.8639192   37.2767303
  -8.8634233   37.276427
  -8.8631518   37.2762349
  -8.8628358   37.2759843
  -8.8624961   37.2755082
  -8.8623577   37.2753787
  -8.8622447   37.275121
  -8.8621896   37.2748758
  -8.8620283   37.2745969
  -8.861908    37.2743889
  -8.8617279   37.2741237
  -8.8614724   37.2738404
  -8.8613364   37.2736254
  -8.8611852   37.2734809
  -8.8611474   37.2733741
  -8.8609389   37.272991
  -8.8609308   37.2727896
  -8.8609762   37.2724246
  -8.8609639   37.2721999
  -8.8609571   37.2721553
  -8.860946    37.2720179
  -8.8608473   37.271935
  -8.8607593   37.2718578
  -8.8607638   37.2717961
  -8.8608112   37.2717286
  -8.8608315   37.2716299
  -8.8607887   37.2714755
  -8.8607954   37.2713445
  -8.8608541   37.2712566
  -8.8609781   37.2711507
  -8.8611518   37.2710394
  -8.8611744   37.2709712
  -8.8611698   37.2709155
  -8.8611089   37.270806
  -8.8609285   37.2705404
  -8.8607774   37.2703609
  -8.8606614   37.2702045
  -8.8604909   37.2700666
  -8.8603126   37.2698557
  -8.8602543   37.2697479
  -8.8602188   37.2696051
  -8.8602111   37.2691361
  -8.8603033   37.2687778
  -8.8603992   37.2683926
  -8.8605056   37.2682801
  -8.8607072   37.2681236
  -8.8610127   37.2676866
  -8.8615367   37.2665567
  -8.8615333   37.2663781
  -8.8616395   37.2660937
  -8.8618204   37.2652994
  -8.861958    37.265105
  -8.8622672   37.2646847
  -8.8623369   37.2645224
  -8.8623393   37.2642469
  -8.8623754   37.2641399
  -8.8625308   37.2639289
  -8.862917    37.2635138
  -8.8631958   37.2630801
  -8.8632924   37.2628319
  -8.8633289   37.2625792
  -8.8634229   37.2623115
  -8.8637398   37.2617189
  -8.8640482   37.26101
  -8.8642799   37.2606725
  -8.8643185   37.2604737
  -8.8642466   37.2601611
  -8.8642326   37.259946
  -8.8642999   37.2597007
  -8.8644977   37.2593994
  -8.864803    37.2590343
  -8.8649918   37.2587511
  -8.8651763   37.2585332
  -8.8657835   37.2571887
  -8.8659339   37.2570159
  -8.8660456   37.2568377
  -8.866051    37.2567373
  -8.8659944   37.2565594
  -8.8660079   37.2563317
  -8.8662278   37.2557448
  -8.8664671   37.2552273
  -8.8665632   37.2547023
  -8.8666257   37.2545789
  -8.8667277   37.254456
  -8.8667743   37.2536655
  -8.8668208   37.2534896
  -8.8669681   37.253284
  -8.8673285   37.2529917
  -8.8674505   37.2528686
  -8.867595    37.2526383
  -8.8676588   37.2524509
  -8.8676865   37.252313
  -8.8677446   37.2520558
  -8.867863    37.2518181
  -8.8679017   37.2515888
  -8.8680067   37.2514057
  -8.8680256   37.2512227
  -8.8681529   37.2508612
  -8.8682423   37.2507321
  -8.8686292   37.250319
  -8.8687672   37.250142
  -8.8692368   37.2491437
  -8.8693412   37.2487441
  -8.8694605   37.248128
  -8.8697805   37.2472056
  -8.8699154   37.2466698
  -8.8700284   37.2464021
  -8.8702059   37.2460925
  -8.8703214   37.2459413
  -8.870436    37.2456765
  -8.8708836   37.2450767
  -8.87138     37.2445404
  -8.8714758   37.2444054
  -8.8721273   37.24329
  -8.8723146   37.242796
  -8.8727039   37.2420624
  -8.8729504   37.2418268
  -8.8736019   37.2409214
  -8.8737305   37.2406594
  -8.8742783   37.2402061
  -8.8747203   37.2395966
  -8.8748795   37.2392684
  -8.8749392   37.2388705
  -8.8749984   37.2387283
  -8.8751906   37.2384219
  -8.8753136   37.2381718
  -8.8754628   37.2376038
  -8.8755396   37.2374365
  -8.8756477   37.237299
  -8.8757906   37.2371757
  -8.8760516   37.2370383
  -8.876276    37.2368518
  -8.8767511   37.2362036
  -8.8768235   37.2358805
  -8.877026    37.2357551
  -8.8773772   37.2354596
  -8.8775892   37.2352493
  -8.8778224   37.2350757
  -8.877844    37.2350224
  -8.8778317   37.2347905
  -8.8785095   37.233893
  -8.8786049   37.233808
  -8.878791    37.2336483
  -8.8789817   37.2334453
  -8.8792158   37.2332971
  -8.8792487   37.2331093
  -8.8793391   37.2330338
  -8.8792874   37.2329694
  -8.879267    37.2328967
  -8.8792874   37.232886
  -8.8793833   37.232947
  -8.8794116   37.2328821
  -8.8794115   37.2327776
  -8.8792414   37.2327142
  -8.8791823   37.2327179
  -8.8791174   37.2327487
  -8.8790854   37.2327375
  -8.8790339   37.2324229
  -8.8791028   37.2323173
  -8.8791883   37.2320083
  -8.8792997   37.2317946
  -8.8793044   37.2317125
  -8.8793425   37.2316845
  -8.8795439   37.2316649
  -8.8798144   37.2319021
  -8.8799044   37.2319126
  -8.8799584   37.2318906
  -8.8800138   37.231793
  -8.8798964   37.2316672
  -8.8798849   37.2316076
  -8.8799409   37.2314932
  -8.880053    37.2313427
  -8.8800253   37.2311117
  -8.8800711   37.2310628
  -8.8803169   37.2309074
  -8.8803477   37.2308316
  -8.8803353   37.2307342
  -8.8803595   37.230684
  -8.8803894   37.2306717
  -8.8804774   37.2306929
  -8.8805619   37.2305908
  -8.8804708   37.2304827
  -8.8805296   37.2304585
  -8.8805528   37.2303954
  -8.8804268   37.2302541
  -8.8804526   37.2301408
  -8.8802494   37.230104
  -8.8802691   37.230033
  -8.8802064   37.2300215
  -8.8801778   37.229971
  -8.8802148   37.2298719
  -8.8802491   37.2297555
  -8.8802883   37.2296342
  -8.8803241   37.2296102
  -8.8804598   37.2296915
  -8.8805354   37.2297037
  -8.8805943   37.2296723
  -8.8806428   37.2295844
  -8.8806394   37.2294791
  -8.8806365   37.2293869
  -8.8804775   37.2291266
  -8.8804859   37.2290227
  -8.880441    37.228826
  -8.8805483   37.2287887
  -8.880656    37.2287293
  -8.8806618   37.2285793
  -8.880787    37.2284702
  -8.8808019   37.2284064
  -8.8808634   37.2282442
  -8.8809613   37.2281375
  -8.8810935   37.2280569
  -8.8814127   37.2278955
  -8.8816208   37.227757
  -8.8816613   37.227688
  -8.8816804   37.2275987
  -8.8816905   37.2273103
  -8.8817207   37.2271995
  -8.881858    37.2270815
  -8.8820016   37.226958
  -8.8821011   37.2268646
  -8.8822374   37.2267309
  -8.8823768   37.2266091
  -8.8826327   37.2264092
  -8.8827168   37.2262789
  -8.8828852   37.226114
  -8.8830259   37.2258161
  -8.8831681   37.2256193
  -8.8830779   37.2254626
  -8.8831803   37.2254188
  -8.8831711   37.2253431
  -8.8832304   37.2252736
  -8.8835038   37.2251102
  -8.8835958   37.2250236
  -8.8836909   37.2247928
  -8.883655    37.2246302
  -8.8836713   37.2245168
  -8.883885    37.2243808
  -8.8838737   37.224232
  -8.8839518   37.2239491
  -8.8839393   37.2236084
  -8.883954    37.2235625
  -8.884011    37.22352
  -8.8842738   37.2234122
  -8.8845604   37.2234504
  -8.884629    37.2234259
  -8.8846204   37.2233918
  -8.8845475   37.2233719
  -8.8846278   37.2233146
  -8.8845284   37.2232454
  -8.884536    37.2231183
  -8.8845031   37.2230692
  -8.884558    37.2230426
  -8.8846379   37.2230669
  -8.8846636   37.223057
  -8.8846615   37.2230321
  -8.8845697   37.2229488
  -8.8846919   37.2227666
  -8.8847303   37.2226344
  -8.8848246   37.2225553
  -8.8849407   37.2225032
  -8.884974    37.2223205
  -8.885249    37.2220839
  -8.8852429   37.2220412
  -8.8851692   37.2220386
  -8.8851872   37.221954
  -8.885243    37.221902
  -8.8853407   37.2218692
  -8.8853834   37.2218176
  -8.8853242   37.2217375
  -8.8853718   37.2216818
  -8.8852772   37.2215439
  -8.8853042   37.2213637
  -8.8851817   37.2211628
  -8.8851715   37.2210653
  -8.8851099   37.2210131
  -8.8851032   37.2209395
  -8.8852231   37.2208534
  -8.8852495   37.2207611
  -8.8854918   37.2203589
  -8.8857012   37.2201195
  -8.8858337   37.2199019
  -8.8859423   37.2198287
  -8.8860227   37.2197056
  -8.8860754   37.2195649
  -8.8863461   37.2192908
  -8.8863766   37.2192165
  -8.8867011   37.2187348
  -8.8868944   37.2185454
  -8.887108    37.2182529
  -8.8871588   37.2182222
  -8.8872495   37.2182044
  -8.8872619   37.218127
  -8.887401    37.2179876
  -8.8874057   37.2178878
  -8.8874437   37.2178251
  -8.8875358   37.2177631
  -8.8879201   37.2176191
  -8.8879094   37.2174536
  -8.8879598   37.2173696
  -8.8881932   37.2171077
  -8.8884845   37.2167045
  -8.8887214   37.2164176
  -8.8888677   37.2161631
  -8.8889758   37.2160512
  -8.88908     37.2159789
  -8.8892179   37.2158065
  -8.8893521   37.2155392
  -8.8896843   37.2152966
  -8.8898039   37.215167
  -8.8899854   37.2149094
  -8.8902481   37.2147468
  -8.890695    37.2142414
  -8.8907535   37.2141162
  -8.8907705   37.2140068
  -8.8908129   37.2138309
  -8.8909506   37.213507
  -8.8910044   37.213388
  -8.8910467   37.2132049
  -8.8911961   37.2130122
  -8.8912484   37.212826
  -8.8915047   37.2123908
  -8.8917627   37.2121549
  -8.8919529   37.2118158
  -8.8922908   37.2113608
  -8.8924503   37.2109992
  -8.8927127   37.2105759
  -8.8931226   37.2100815
  -8.8934625   37.2096233
  -8.893794    37.2092737
  -8.8939202   37.2090825
  -8.8940426   37.208834
  -8.894422    37.2085648
  -8.8945119   37.2084706
  -8.8945715   37.2083758
  -8.8947313   37.2079454
  -8.8948735   37.2076882
  -8.8950476   37.2075242
  -8.89528     37.2072227
  -8.8954281   37.2069315
  -8.8956153   37.2066835
  -8.8957333   37.2064797
  -8.8958816   37.2063144
  -8.8960223   37.2060873
  -8.8963774   37.2057182
  -8.8968641   37.2053355
  -8.8971036   37.2051728
  -8.8972353   37.2050535
  -8.8973227   37.2049744
  -8.8975959   37.2048032
  -8.8978117   37.2045923
  -8.8981443   37.2041341
  -8.8983934   37.2038573
  -8.898591    37.2035276
  -8.89886     37.2031529
  -8.8992257   37.202746
  -8.8995213   37.202346
  -8.8997938   37.2021496
  -8.9000491   37.2018266
  -8.9004956   37.2014126
  -8.9007827   37.2010979
  -8.9011301   37.2007785
  -8.9017764   37.1999753
  -8.9025852   37.1993178
  -8.9032163   37.1987445
  -8.9035165   37.1985547
  -8.9042043   37.1981795
  -8.9048159   37.1980428
  -8.9048926   37.1980387
  -8.9049762   37.1980653
  -8.9049982   37.1980857
  -8.9050436   37.1982982
  -8.9050592   37.198406
  -8.905024    37.1985025
  -8.9049366   37.1986486
  -8.9049944   37.1987752
  -8.9050945   37.1988689
  -8.905218    37.1988829
  -8.9053826   37.1989703
  -8.9055005   37.1990036
  -8.9055598   37.1990042
  -8.9056574   37.1990102
  -8.9057782   37.198999
  -8.90596     37.1989649
  -8.9060428   37.1990364
  -8.9060849   37.198973
  -8.9062261   37.1989606
  -8.9062682   37.1989288
  -8.9062216   37.1988931
  -8.9061755   37.1988133
  -8.9061008   37.1987651
  -8.9060855   37.1986779
  -8.90601     37.1986277
  -8.9059902   37.1985214
  -8.9059127   37.1984388
  -8.90591     37.1983747
  -8.9060439   37.1982828
  -8.9061005   37.1982714
  -8.9066418   37.1984116
  -8.906661    37.1984035
  -8.9066633   37.198359
  -8.9066963   37.1983535
  -8.9067795   37.19838
  -8.9068371   37.1983641
  -8.9071066   37.1982913
  -8.9074012   37.1982732
  -8.9075217   37.1983711
  -8.9076246   37.1983725
  -8.9077843   37.1982846
  -8.9078862   37.1982505
  -8.9082156   37.1980157
  -8.9084513   37.1979537
  -8.9088106   37.198101
  -8.9089158   37.1981985
  -8.9090365   37.1982906
  -8.9091033   37.1983767
  -8.9090887   37.1984853
  -8.9091065   37.1985696
  -8.9092779   37.1986411
  -8.9093691   37.1986791
  -8.9094174   37.1987708
  -8.909499    37.1987838
  -8.9095602   37.1988278
  -8.9096249   37.1989016
  -8.9097098   37.1989123
  -8.9098118   37.1988415
  -8.9098918   37.198847
  -8.9099224   37.1986944
  -8.9099843   37.1986269
  -8.9100647   37.1986017
  -8.9101106   37.1986187
  -8.9102407   37.1985815
  -8.91039     37.1986794
  -8.9103322   37.1987046
  -8.9103024   37.1987418
  -8.9103425   37.1988461
  -8.9104267   37.1989379
  -8.9104849   37.1988986
  -8.9105534   37.1989097
  -8.9106021   37.1988808
  -8.9106447   37.1989056
  -8.9108036   37.1989343
  -8.9108813   37.1989023
  -8.9109551   37.1989228
  -8.9109712   37.1989545
  -8.911042    37.1989902
  -8.9111353   37.199062
  -8.9113132   37.1990638
  -8.9114272   37.1990279
  -8.9115481   37.1989436
  -8.9115788   37.1988236
  -8.911634    37.1986926
  -8.9116087   37.1984715
  -8.9117217   37.1984092
  -8.9117726   37.1983209
  -8.9117973   37.1982937
  -8.9118675   37.1982772
  -8.9119155   37.1983015
  -8.9119906   37.1983652
  -8.9120334   37.198418
  -8.9120887   37.1984054
  -8.9120633   37.1983123
  -8.9120417   37.1982642
  -8.9120827   37.1982223
  -8.9121643   37.1982492
  -8.912183    37.1983433
  -8.9122992   37.1984925
  -8.9123833   37.1986308
  -8.9124486   37.1986357
  -8.9126203   37.1985332
  -8.912755    37.198543
  -8.912863    37.1986131
  -8.9129736   37.1985823
  -8.9130634   37.198487
  -8.9130676   37.1984239
  -8.9131339   37.1983682
  -8.9130497   37.1982706
  -8.9131629   37.1981315
  -8.9131885   37.1980538
  -8.9131778   37.1979931
  -8.9131166   37.1979775
  -8.9131215   37.1978912
  -8.9131278   37.1978666
  -8.9132623   37.1978325
  -8.9133989   37.1978779
  -8.9134656   37.1979
  -8.9134338   37.197966
  -8.9134817   37.1980331
  -8.9135349   37.1980593
  -8.9135773   37.1980356
  -8.9136418   37.1980489
  -8.9137202   37.1980115
  -8.9137325   37.1979665
  -8.9137721   37.1979746
  -8.9138242   37.1979898
  -8.9138686   37.1979873
  -8.913914    37.1979435
  -8.9138561   37.1977959
  -8.9140501   37.1975275
  -8.9141709   37.197364
  -8.9142615   37.1973102
  -8.9142077   37.197248
  -8.9143214   37.1971646
  -8.9143484   37.197095
  -8.914478    37.197057
  -8.9145599   37.1969947
  -8.9146168   37.1968905
  -8.9147654   37.1968868
  -8.9147932   37.1968445
  -8.914705    37.196765
  -8.9147286   37.1967259
  -8.9148533   37.1967644
  -8.914965    37.1967754
  -8.9149489   37.1968676
  -8.915104    37.1968788
  -8.9152638   37.1969394
  -8.9152983   37.1968922
  -8.915534    37.1969408
  -8.9155723   37.1969198
  -8.9156272   37.1969322
  -8.9157178   37.1969879
  -8.9160896   37.1968938
  -8.9163273   37.1969611
  -8.9163828   37.1970289
  -8.9165241   37.1970661
  -8.916573    37.1970612
  -8.916588    37.197039
  -8.9166907   37.1970395
  -8.9167021   37.1969266
  -8.91692     37.1969193
  -8.9168697   37.196854
  -8.9168017   37.1967807
  -8.9169381   37.196719
  -8.9170106   37.1968162
  -8.9171949   37.1968616
  -8.9173293   37.1969365
  -8.9174919   37.1969968
  -8.9176153   37.1970675
  -8.9177589   37.1970432
  -8.9178745   37.1970161
  -8.9179147   37.1969411
  -8.9178976   37.1968026
  -8.9177194   37.1967187
  -8.9176594   37.1965962
  -8.9177643   37.1964905
  -8.9179779   37.1965218
  -8.9181262   37.1964587
  -8.9181874   37.1964244
  -8.9181806   37.1963199
  -8.9178221   37.1961082
  -8.917795    37.1959472
  -8.9177657   37.1958449
  -8.9178046   37.195754
  -8.9178842   37.1957184
  -8.9179871   37.1957255
  -8.9181642   37.1957873
  -8.9182009   37.1957776
  -8.9182078   37.195723
  -8.9181515   37.195636
  -8.9181083   37.1956055
  -8.9179815   37.1955158
  -8.9181922   37.1955059
  -8.9180617   37.1953653
  -8.9182153   37.1953251
  -8.9182197   37.1952946
  -8.9181802   37.195258
  -8.9180519   37.1952157
  -8.9179015   37.1952579
  -8.917918    37.1951885
  -8.9179036   37.1951824
  -8.9176557   37.195207
  -8.9176452   37.195147
  -8.9176006   37.1951477
  -8.9175835   37.1951283
  -8.9175773   37.1950555
  -8.917512    37.195015
  -8.9174863   37.1949259
  -8.9173518   37.194873
  -8.9172491   37.1948921
  -8.9171799   37.1948813
  -8.9170917   37.1947829
  -8.9169584   37.1947042
  -8.9169052   37.1946033
  -8.9167623   37.1945885
  -8.9165516   37.1944896
  -8.916132    37.1944262
  -8.9160881   37.194381
  -8.9160833   37.1943171
  -8.9160778   37.194244
  -8.9159618   37.1942151
  -8.9159621   37.1941825
  -8.9160351   37.1941337
  -8.9160074   37.1940962
  -8.9159513   37.1940927
  -8.9157235   37.1941442
  -8.9154964   37.1940931
  -8.9152851   37.1940871
  -8.9151115   37.1939943
  -8.9149198   37.1938216
  -8.9147916   37.1935351
  -8.9146537   37.1934158
  -8.9146658   37.1933572
  -8.9147516   37.1932902
  -8.9149138   37.193247
  -8.9150428   37.1932126
  -8.9154058   37.1932019
  -8.9154261   37.193185
  -8.9154273   37.1931543
  -8.9153579   37.1930555
  -8.9152882   37.1928443
  -8.9151906   37.1927723
  -8.9151185   37.1926387
  -8.9149841   37.1925935
  -8.9148786   37.1925274
  -8.9147288   37.1925153
  -8.9146928   37.1924708
  -8.9146074   37.1925104
  -8.9145478   37.1925531
  -8.9144636   37.1925672
  -8.9143041   37.1926023
  -8.9142743   37.1926383
  -8.9142475   37.1926705
  -8.9141664   37.1927659
  -8.9139872   37.1928173
  -8.913792    37.1928231
  -8.9137343   37.1927519
  -8.9137677   37.1927078
  -8.9138053   37.1926582
  -8.9138061   37.1925862
  -8.9136525   37.192588
  -8.9135293   37.192687
  -8.9133544   37.1926252
  -8.9132817   37.1925224
  -8.9132483   37.1923593
  -8.9132804   37.1921521
  -8.9134559   37.1920635
  -8.9135428   37.1920454
  -8.9136437   37.1920765
  -8.9136554   37.1920133
  -8.913813    37.1919622
  -8.9138437   37.1919406
  -8.9138303   37.1919257
  -8.9137381   37.1919029
  -8.9136498   37.1918424
  -8.9134543   37.1918115
  -8.9134531   37.1917877
  -8.9135213   37.1917796
  -8.9135645   37.1917539
  -8.9134842   37.1917311
  -8.913408    37.1917357
  -8.913316    37.1917673
  -8.9132833   37.1918011
  -8.9132066   37.1918803
  -8.9131835   37.1918831
  -8.9131415   37.1917598
  -8.9131013   37.1917151
  -8.9131084   37.1916122
  -8.9129054   37.1915374
  -8.9128232   37.1914455
  -8.9128242   37.1914007
  -8.9128248   37.1913769
  -8.9128054   37.1913559
  -8.9126468   37.1913256
  -8.9125024   37.1912337
  -8.9123113   37.1912014
  -8.9120916   37.1912728
  -8.9119628   37.191236
  -8.9117797   37.1912334
  -8.9116721   37.1912049
  -8.9114042   37.1911921
  -8.9112992   37.1911249
  -8.9112397   37.1909746
  -8.9111492   37.1908389
  -8.911154    37.1908072
  -8.9112464   37.1907921
  -8.9114488   37.190759
  -8.9115721   37.1907675
  -8.9116103   37.1907702
  -8.9117      37.1907949
  -8.9117292   37.1907498
  -8.9118433   37.1907418
  -8.9118304   37.1906921
  -8.9117538   37.1906733
  -8.9116785   37.1906135
  -8.911472    37.1905269
  -8.9113606   37.1905123
  -8.9113178   37.1904815
  -8.9113016   37.1904391
  -8.911313    37.1904219
  -8.9113905   37.1904159
  -8.9114018   37.1904292
  -8.9114166   37.1904468
  -8.9115231   37.1904935
  -8.9115668   37.1904977
  -8.9116181   37.1905026
  -8.9116301   37.1904844
  -8.9115959   37.1904522
  -8.9116326   37.1904261
  -8.9118749   37.1903536
  -8.9119101   37.1903498
  -8.9120014   37.1903399
  -8.9120255   37.1903018
  -8.9120047   37.1902062
  -8.911846    37.1901632
  -8.9119195   37.1901208
  -8.9119573   37.1900319
  -8.9118959   37.1899405
  -8.9118681   37.1899288
  -8.9118265   37.189952
  -8.9117941   37.1899429
  -8.911756    37.1898889
  -8.9117248   37.1898935
  -8.9116788   37.1899266
  -8.9117055   37.1900058
  -8.9116699   37.1900213
  -8.9114743   37.1899663
  -8.9112767   37.1899682
  -8.9111868   37.1900256
  -8.9111154   37.190145
  -8.9109545   37.1901784
  -8.9107511   37.1901526
  -8.9105006   37.190117
  -8.9100267   37.1899374
  -8.9097649   37.1898104
  -8.9096148   37.1897062
  -8.9095246   37.1895837
  -8.9094747   37.1895425
  -8.9092781   37.1893803
  -8.9091957   37.1889524
  -8.9093618   37.1887865
  -8.9093891   37.1887046
  -8.9094706   37.1886321
  -8.9095412   37.1885189
  -8.9096281   37.1885203
  -8.9096605   37.1885029
  -8.909671    37.1884172
  -8.9096991   37.1883883
  -8.909882    37.1883565
  -8.9099457   37.1882663
  -8.9101226   37.1881912
  -8.9104415   37.1881419
  -8.9105978   37.1881925
  -8.9106358   37.1882387
  -8.9108803   37.1882609
  -8.9109665   37.1882306
  -8.9110267   37.1881512
  -8.9110833   37.188169
  -8.9111221   37.1881326
  -8.9111157   37.1881012
  -8.9110735   37.188082
  -8.9110743   37.1879844
  -8.9109088   37.1878237
  -8.9107864   37.1878164
  -8.9105221   37.1878978
  -8.910434    37.1879057
  -8.9101106   37.187839
  -8.9099886   37.1877668
  -8.9099221   37.1876968
  -8.9098551   37.187565
  -8.9098234   37.187429
  -8.9098546   37.1871905
  -8.9099539   37.1870605
  -8.910301    37.18676
  -8.9104388   37.1867242
  -8.9104989   37.1867086
  -8.9107285   37.1866168
  -8.9107709   37.1865372
  -8.9108826   37.1864681
  -8.9109857   37.1865082
  -8.9110641   37.1865898
  -8.9112188   37.1865778
  -8.9113061   37.1867732
  -8.911362    37.1867998
  -8.9114467   37.1868085
  -8.9114508   37.1866994
  -8.911511    37.1865908
  -8.911186    37.186464
  -8.9112297   37.1863739
  -8.9112075   37.1862795
  -8.9111452   37.1862276
  -8.910995    37.1861696
  -8.910958    37.1860844
  -8.9109704   37.1860569
  -8.9110182   37.1860626
  -8.9110804   37.1860163
  -8.9110892   37.1858759
  -8.9112442   37.1859304
  -8.9112947   37.1860228
  -8.9113625   37.18603
  -8.9114267   37.1860316
  -8.9114363   37.186011
  -8.9114006   37.1859246
  -8.9114805   37.1859011
  -8.9115033   37.1858684
  -8.9114849   37.1858126
  -8.9114417   37.1856815
  -8.9116286   37.1856684
  -8.9118042   37.1857652
  -8.9119256   37.1857804
  -8.9120643   37.1857212
  -8.9122404   37.185752
  -8.9122973   37.1857437
  -8.9123725   37.1857074
  -8.9124744   37.1856073
  -8.9124885   37.1856694
  -8.9125324   37.1857214
  -8.9126619   37.1857515
  -8.912707    37.1857324
  -8.9127362   37.1856552
  -8.912803    37.1855834
  -8.9127947   37.1855361
  -8.9127302   37.1854425
  -8.9127796   37.1853748
  -8.9127365   37.1852951
  -8.912771    37.1852331
  -8.9128577   37.1851982
  -8.9128459   37.1851631
  -8.9128233   37.1850963
  -8.9128192   37.1850237
  -8.9128175   37.1849932
  -8.9127823   37.1849613
  -8.9127638   37.1849446
  -8.9128007   37.1848984
  -8.9128356   37.1848547
  -8.9128282   37.1847271
  -8.9128986   37.1845981
  -8.9128909   37.1845205
  -8.9128017   37.18445
  -8.9129097   37.1843567
  -8.9128594   37.1842383
  -8.9128591   37.1841616
  -8.9128836   37.1841134
  -8.9127604   37.1840493
  -8.9127688   37.1839735
  -8.9127742   37.1839249
  -8.9127446   37.1838848
  -8.9127394   37.1838157
  -8.9127364   37.183776
  -8.9125283   37.1836021
  -8.9124193   37.1835391
  -8.9123629   37.1831883
  -8.9123859   37.1831793
  -8.9126843   37.183288
  -8.9127067   37.1832962
  -8.9127951   37.183303
  -8.9128437   37.1833067
  -8.9128565   37.1833249
  -8.9129236   37.1834202
  -8.9129892   37.1834606
  -8.9133219   37.1834866
  -8.9134255   37.1834766
  -8.9134853   37.1834499
  -8.9136777   37.1831914
  -8.913593    37.1830366
  -8.9133868   37.1829323
  -8.9132262   37.1829257
  -8.9130319   37.1829787
  -8.9129053   37.1829723
  -8.9127479   37.1829346
  -8.9124846   37.1829326
  -8.912248    37.1829898
  -8.9121297   37.1829984
  -8.9119688   37.1829389
  -8.9117542   37.1829205
  -8.9116881   37.1828762
  -8.9116108   37.1828849
  -8.9115949   37.1828272
  -8.9114969   37.1827354
  -8.9114095   37.1824436
  -8.911414    37.1823774
  -8.9113492   37.1821339
  -8.9112133   37.181943
  -8.9112233   37.1818416
  -8.9111215   37.181581
  -8.9108891   37.1814763
  -8.910723    37.1814546
  -8.9102947   37.1815411
  -8.9102325   37.1814508
  -8.9101817   37.1814216
  -8.9100674   37.1814079
  -8.9100385   37.1813739
  -8.9099516   37.1811293
  -8.9100157   37.1809793
  -8.9100489   37.1809633
  -8.9103551   37.1810084
  -8.9104632   37.1809934
  -8.9105435   37.1808139
  -8.910541    37.1807128
  -8.9105098   37.1806625
  -8.9103746   37.1806295
  -8.9101731   37.1806281
  -8.9100979   37.1806621
  -8.9100219   37.1807634
  -8.9098943   37.1807652
  -8.9098105   37.1807168
  -8.9097215   37.1807092
  -8.9096287   37.1807148
  -8.9094533   37.1807667
  -8.9093819   37.1807667
  -8.9090214   37.180606
  -8.9088695   37.1804173
  -8.9088342   37.1802298
  -8.908916    37.1800186
  -8.9091022   37.1798263
  -8.909161    37.1797115
  -8.909224    37.1796417
  -8.9093731   37.1795634
  -8.9095708   37.1795358
  -8.9096634   37.1793886
  -8.9097408   37.1793186
  -8.9097795   37.1793169
  -8.9098094   37.1793599
  -8.9098242   37.1793485
  -8.9099955   37.1791284
  -8.9099272   37.1790635
  -8.910062    37.1790286
  -8.9100551   37.178957
  -8.9099632   37.178938
  -8.909949    37.1789208
  -8.910012    37.1788857
  -8.9100384   37.1788481
  -8.9100946   37.1786801
  -8.9103072   37.1785036
  -8.910369    37.1783279
  -8.9104762   37.1782296
  -8.9103748   37.1782049
  -8.9102867   37.1781424
  -8.9102763   37.1781228
  -8.9103033   37.178072
  -8.9102459   37.178005
  -8.910308    37.177962
  -8.910332    37.1778692
  -8.9102789   37.177794
  -8.9104119   37.1777471
  -8.9103625   37.1777031
  -8.9103714   37.1776539
  -8.9102895   37.1776336
  -8.910186    37.177417
  -8.9099767   37.1773218
  -8.9098949   37.1771507
  -8.9099191   37.1770359
  -8.9100678   37.1768387
  -8.9103774   37.1766764
  -8.9104301   37.1765709
  -8.9104415   37.1764728
  -8.9105827   37.1764095
  -8.9106263   37.1762552
  -8.910784    37.1761418
  -8.9106835   37.1759992
  -8.9105928   37.1759901
  -8.9105281   37.1758553
  -8.9103885   37.1758154
  -8.9102274   37.1758087
  -8.9102359   37.1757391
  -8.910316    37.1756766
  -8.9103175   37.1755767
  -8.9103816   37.175544
  -8.9105452   37.1754055
  -8.910612    37.1752908
  -8.9106196   37.1748912
  -8.9105732   37.1748634
  -8.9103162   37.1748313
  -8.9101844   37.1748884
  -8.9100355   37.1749224
  -8.9099367   37.1749896
  -8.9099032   37.1749525
  -8.9098382   37.1749558
  -8.9095926   37.1751107
  -8.9094591   37.1751086
  -8.9093993   37.1750809
  -8.909388    37.1750134
  -8.9094263   37.1748373
  -8.909403    37.1748155
  -8.9092575   37.1748777
  -8.9091884   37.174949
  -8.9091527   37.1750429
  -8.9090468   37.1750885
  -8.9086734   37.1750966
  -8.9084912   37.1750353
  -8.9083266   37.1749241
  -8.908216    37.1748631
  -8.9080721   37.1747938
  -8.9080111   37.1747047
  -8.9078986   37.1743084
  -8.907857    37.1742081
  -8.9077464   37.1740429
  -8.9077198   37.1738891
  -8.9078296   37.1736047
  -8.9078837   37.1735172
  -8.9079968   37.1733656
  -8.9081855   37.1733033
  -8.90832     37.1732356
  -8.9085352   37.1729647
  -8.9085624   37.1728985
  -8.9084871   37.1728095
  -8.9083923   37.1727377
  -8.9083287   37.1727155
  -8.9082715   37.1727274
  -8.908199    37.1727832
  -8.9078836   37.1727657
  -8.9075495   37.172887
  -8.9074146   37.1729567
  -8.9073382   37.1729501
  -8.907215    37.1728421
  -8.9070304   37.1727477
  -8.9070094   37.1727009
  -8.9070192   37.1726503
  -8.9070745   37.1726389
  -8.907224    37.1726601
  -8.9074427   37.1727272
  -8.9075932   37.1727257
  -8.9076829   37.1726592
  -8.907686    37.1724624
  -8.9076713   37.1723703
  -8.9076417   37.1723338
  -8.9075327   37.1723183
  -8.907414    37.1723542
  -8.9074408   37.17229
  -8.907415    37.1722449
  -8.9073704   37.1722225
  -8.9072884   37.1722195
  -8.9072434   37.1722373
  -8.9070826   37.172383
  -8.9070582   37.172432
  -8.9069991   37.1722967
  -8.9069973   37.1722336
  -8.9070403   37.1722008
  -8.9072308   37.172165
  -8.9072406   37.1720864
  -8.9072032   37.1720272
  -8.9070387   37.1720238
  -8.9069386   37.1719949
  -8.9067424   37.1720508
  -8.9066073   37.1721219
  -8.9065489   37.1721746
  -8.9065708   37.1722992
  -8.9065109   37.1723411
  -8.90641     37.172336
  -8.9061355   37.1722534
  -8.905941    37.1722607
  -8.9058599   37.1722411
  -8.9057827   37.1721864
  -8.9057186   37.1721043
  -8.9056808   37.1718897
  -8.9055937   37.1717545
  -8.9056122   37.1717007
  -8.9055382   37.171636
  -8.9055234   37.1715926
  -8.9055068   37.1715443
  -8.9053514   37.1715187
  -8.9053469   37.171441
  -8.9052832   37.1713951
  -8.9052112   37.1714054
  -8.9050563   37.1714276
  -8.9050128   37.1713954
  -8.9049806   37.1713122
  -8.9048329   37.1713153
  -8.9045454   37.1711951
  -8.9042693   37.1711468
  -8.9040097   37.1711361
  -8.9038574   37.1710708
  -8.9037546   37.1709983
  -8.9036712   37.1709013
  -8.9036162   37.1708119
  -8.9036076   37.170715
  -8.9035253   37.1706996
  -8.9034447   37.1706562
  -8.9033042   37.1705462
  -8.9031387   37.1702474
  -8.9031029   37.169521
  -8.903017    37.1691711
  -8.9028813   37.1688818
  -8.9029173   37.1687404
  -8.9029391   37.1684472
  -8.9029447   37.1683086
  -8.9029019   37.1679029
  -8.9028925   37.1673637
  -8.9028946   37.1670338
  -8.9029371   37.1667167
  -8.90317     37.1663302
  -8.9032335   37.1660366
  -8.9033401   37.1658363
  -8.9034029   37.1653836
  -8.9034686   37.1652127
  -8.9035525   37.165054
  -8.9036      37.1649242
  -8.903698    37.1647236
  -8.9037412   37.1645787
  -8.9038547   37.1644044
  -8.9039821   37.1641948
  -8.9042144   37.1639216
  -8.9044064   37.1636042
  -8.9050909   37.1629295
  -8.9051167   37.1628561
  -8.9053443   37.1626412
  -8.9054417   37.1624975
  -8.9055988   37.1623814
  -8.9056922   37.1623388
  -8.9057428   37.1623351
  -8.9058152   37.162356
  -8.9059848   37.1624629
  -8.9061533   37.16255
  -8.9062124   37.1625801
  -8.9063348   37.1625447
  -8.9063828   37.1622398
  -8.9065734   37.1620194
  -8.9065484   37.1619677
  -8.9065408   37.1618387
  -8.9066905   37.1617689
  -8.9067287   37.1617097
  -8.9068186   37.1616457
  -8.9067442   37.1615916
  -8.9063919   37.1614778
  -8.9063181   37.1614026
  -8.9063509   37.1612611
  -8.9063258   37.1610956
  -8.9064094   37.161002
  -8.9064341   37.1608514
  -8.9065482   37.1607309
  -8.9066461   37.1603583
  -8.9069627   37.1602664
  -8.9070445   37.1602151
  -8.9071129   37.1602908
  -8.9071412   37.1602924
  -8.9071492   37.1603809
  -8.9071727   37.1603906
  -8.9073156   37.1602037
  -8.9073118   37.1600437
  -8.907431    37.1599878
  -8.9077264   37.1598005
  -8.9077824   37.1598228
  -8.9078987   37.1598209
  -8.9080553   37.1598796
  -8.9082356   37.1598943
  -8.9084468   37.1598058
  -8.9085482   37.1598057
  -8.9087435   37.1597359
  -8.9091394   37.1596977
  -8.9093456   37.15966
  -8.9094253   37.1596006
  -8.9095848   37.1593102
  -8.9096127   37.1591882
  -8.9096066   37.1590997
  -8.9093061   37.1586385
  -8.9091131   37.1584282
  -8.909104    37.1583609
  -8.9093048   37.1582585
  -8.9095492   37.158263
  -8.9097759   37.1582036
  -8.9100252   37.1580823
  -8.9102635   37.1579127
  -8.9104047   37.157716
  -8.9104732   37.1572736
  -8.9105691   37.1570992
  -8.9105669   37.1568828
  -8.9107607   37.1566868
  -8.9107814   37.1566418
  -8.9107502   37.1565493
  -8.9105897   37.1564325
  -8.9103539   37.156307
  -8.9102503   37.1563014
  -8.9099015   37.1563334
  -8.9098402   37.1563193
  -8.9098253   37.1562794
  -8.9099371   37.1561703
  -8.9099311   37.1558775
  -8.9098657   37.1558111
  -8.9097759   37.1557715
  -8.9097074   37.1557324
  -8.9096501   37.1556039
  -8.9095449   37.1555585
  -8.9095123   37.1555439
  -8.9092994   37.155525
  -8.9091885   37.1554696
  -8.9092013   37.1552239
  -8.909143    37.1549902
  -8.9091631   37.1548381
  -8.9092583   37.1545897
  -8.9094006   37.1544222
  -8.9094375   37.154309
  -8.9095432   37.1541119
  -8.9097912   37.1539555
  -8.9098712   37.153844
  -8.9100563   37.1536875
  -8.9101891   37.15347
  -8.9103382   37.1533318
  -8.9104239   37.1532965
  -8.9106198   37.1532916
  -8.910825    37.1533278
  -8.9110639   37.1534502
  -8.9113907   37.15369
  -8.911452    37.1537103
  -8.9116974   37.1537223
  -8.9117694   37.1537694
  -8.9118085   37.1538251
  -8.9118484   37.15384
  -8.9119331   37.1538273
  -8.9120395   37.1537082
  -8.9121307   37.1536583
  -8.9125473   37.1536207
  -8.9126874   37.153589
  -8.9128577   37.1534252
  -8.913077    37.1535543
  -8.9131676   37.153478
  -8.9130623   37.1533747
  -8.9130304   37.1533085
  -8.9130621   37.1529064
  -8.9130192   37.1526843
  -8.91302     37.1525639
  -8.9131027   37.1522428
  -8.9132431   37.1519051
  -8.9133123   37.1516789
  -8.9133929   37.1516494
  -8.9134829   37.1516533
  -8.9135181   37.1516721
  -8.913873    37.1520849
  -8.9139372   37.1521223
  -8.9140625   37.1521506
  -8.9140776   37.1522678
  -8.9141144   37.1523345
  -8.9141564   37.1523197
  -8.914199    37.1522777
  -8.9142391   37.1522208
  -8.9142774   37.1521292
  -8.9142824   37.1521146
  -8.9142766   37.1520398
  -8.9142712   37.1519698
  -8.9142365   37.151934
  -8.9141606   37.1519163
  -8.9141407   37.1518364
  -8.9140442   37.151701
  -8.9140119   37.1514042
  -8.9138526   37.1508416
  -8.9134476   37.150351
  -8.9132345   37.1499756
  -8.9131938   37.1496956
  -8.9132441   37.1494948
  -8.9133166   37.1493618
  -8.9134112   37.1492444
  -8.9142376   37.1486404
  -8.9143585   37.1486274
  -8.914439    37.148648
  -8.9145443   37.1489329
  -8.9145869   37.1489734
  -8.9146562   37.1489892
  -8.9145852   37.1487698
  -8.914713    37.1488222
  -8.9147808   37.1488194
  -8.9147232   37.1486154
  -8.9147272   37.1485244
  -8.9149995   37.1482207
  -8.915173    37.1479382
  -8.9152274   37.1479166
  -8.9153653   37.1479678
  -8.9154463   37.147968
  -8.9155082   37.1479319
  -8.9155728   37.1478413
  -8.9155801   37.1477942
  -8.9155387   37.1477246
  -8.9154501   37.1476631
  -8.915206    37.1475853
  -8.9151544   37.1474723
  -8.9151834   37.1474079
  -8.9154974   37.1470115
  -8.9155924   37.1469494
  -8.9160356   37.1469119
  -8.9163078   37.1469553
  -8.9163713   37.1470585
  -8.9161998   37.1473309
  -8.9162063   37.1473758
  -8.9162323   37.1473918
  -8.9163267   37.1473356
  -8.9165856   37.1470787
  -8.9166512   37.147056
  -8.9166949   37.1470658
  -8.9167757   37.1471438
  -8.9168046   37.1472236
  -8.9167762   37.1476492
  -8.9167994   37.1476909
  -8.9168731   37.1477366
  -8.9169392   37.1477247
  -8.9170165   37.1476561
  -8.9171555   37.1474483
  -8.9172544   37.1473813
  -8.9172708   37.1472866
  -8.9173731   37.1473147
  -8.917426    37.1472951
  -8.917437    37.1472304
  -8.9173893   37.1471348
  -8.9173431   37.146897
  -8.9172676   37.1467346
  -8.9170417   37.1464987
  -8.9168338   37.1463571
  -8.9168333   37.1461855
  -8.916665    37.1461102
  -8.9164291   37.1459049
  -8.9163861   37.1458266
  -8.9163765   37.145741
  -8.9164331   37.1456055
  -8.9166811   37.1452842
  -8.9167856   37.1452045
  -8.9170078   37.1451296
  -8.9172406   37.1450091
  -8.9175896   37.1450172
  -8.9177082   37.1450581
  -8.917749    37.1451701
  -8.9177891   37.1452055
  -8.9180475   37.1452699
  -8.9182302   37.1454234
  -8.9183176   37.1454508
  -8.9184091   37.1454057
  -8.918713    37.1450508
  -8.9188194   37.1450064
  -8.9188465   37.1450267
  -8.9188827   37.145148
  -8.9189253   37.1454116
  -8.9189641   37.1454625
  -8.9190398   37.1455073
  -8.9191619   37.1455174
  -8.9192438   37.1455001
  -8.9192967   37.1454682
  -8.9194588   37.1451848
  -8.9194586   37.1454165
  -8.9194785   37.1454479
  -8.9195166   37.1454496
  -8.919581    37.1453977
  -8.9196617   37.1451864
  -8.919796    37.1450025
  -8.9197968   37.1451392
  -8.9198487   37.1451548
  -8.9200029   37.1450739
  -8.9201145   37.1449795
  -8.9201351   37.1449176
  -8.9200078   37.1446673
  -8.9199352   37.1446632
  -8.919905    37.1446863
  -8.919872    37.144739
  -8.9198613   37.1449059
  -8.9198223   37.1449336
  -8.9198163   37.1448596
  -8.9196715   37.1447712
  -8.919713    37.1446194
  -8.9198616   37.1443813
  -8.9198907   37.1442927
  -8.9199253   37.1439338
  -8.919841    37.1437573
  -8.9197754   37.1436914
  -8.9196912   37.1436647
  -8.9194417   37.1437211
  -8.9193173   37.1437142
  -8.9191502   37.1436775
  -8.918676    37.1434997
  -8.918488    37.1433921
  -8.9183987   37.143262
  -8.9183998   37.1431284
  -8.9182247   37.1429427
  -8.9181369   37.1424246
  -8.9179737   37.1420607
  -8.9179429   37.141948
  -8.9179486   37.141828
  -8.9179789   37.1417331
  -8.9181943   37.1414996
  -8.9182712   37.1414708
  -8.9185108   37.1414629
  -8.9185892   37.1414282
  -8.9186782   37.1413511
  -8.9186742   37.1412034
  -8.9185645   37.1409864
  -8.918483    37.1407606
  -8.9185056   37.1406152
  -8.9186743   37.1402989
  -8.9189163   37.1400323
  -8.9189833   37.1399101
  -8.919008    37.1397732
  -8.9190538   37.1396722
  -8.9192302   37.1395446
  -8.9192882   37.1394705
  -8.9193974   37.1392172
  -8.9194075   37.1389262
  -8.9194401   37.138827
  -8.9197814   37.1383016
  -8.9197914   37.1382409
  -8.919765    37.1382036
  -8.9196077   37.1381732
  -8.9195385   37.1381418
  -8.9195163   37.1381093
  -8.919477    37.137679
  -8.9194882   37.1375514
  -8.919501    37.1373572
  -8.9196932   37.1370837
  -8.9202045   37.1364742
  -8.9205357   37.1361998
  -8.9207657   37.1359713
  -8.9208218   37.1359547
  -8.9211279   37.1359561
  -8.9214373   37.135887
  -8.9216432   37.1357389
  -8.9216536   37.1354746
  -8.9217392   37.1354077
  -8.9220139   37.1352616
  -8.9222214   37.1351815
  -8.9224287   37.1352471
  -8.9227853   37.1350237
  -8.9232064   37.1348786
  -8.9233187   37.1348134
  -8.9236289   37.1344469
  -8.923855    37.1340762
  -8.9238542   37.1339985
  -8.9237166   37.1338141
  -8.9237347   37.133744
  -8.9237839   37.1336919
  -8.9240224   37.1336495
  -8.9241656   37.1334863
  -8.9243812   37.1336474
  -8.9244267   37.1336602
  -8.924571    37.1335241
  -8.9246315   37.1334943
  -8.9248966   37.1334549
  -8.9250703   37.1333787
  -8.9250914   37.1333163
  -8.9250315   37.1331327
  -8.9246604   37.1325895
  -8.9245865   37.1324415
  -8.9245743   37.1322961
  -8.9246572   37.1321377
  -8.9247398   37.132137
  -8.9247912   37.1321904
  -8.9247996   37.1324652
  -8.9248595   37.1325653
  -8.9249809   37.1326976
  -8.9250634   37.1327066
  -8.9251025   37.1326693
  -8.9251433   37.131803
  -8.925134    37.1315969
  -8.9252259   37.1313442
  -8.9252441   37.1311673
  -8.9252336   37.1310565
  -8.9251406   37.1307512
  -8.9251589   37.1305946
  -8.9252148   37.1304668
  -8.925362    37.1303168
  -8.9254583   37.1301026
  -8.9256617   37.1289886
  -8.925988    37.1285501
  -8.9261549   37.1281659
  -8.9263721   37.1273542
  -8.9266251   37.1268559
  -8.9270241   37.1263167
  -8.9274773   37.1258422
  -8.9277589   37.1254848
  -8.9281909   37.1247081
  -8.9285354   37.1242548
  -8.9287877   37.1240021
  -8.9292198   37.1238245
  -8.9293503   37.1236885
  -8.9295205   37.1234147
  -8.9296614   37.1231196
  -8.9296464   37.1229721
  -8.9295404   37.1225999
  -8.9295822   37.1224809
  -8.9296902   37.1223116
  -8.9299427   37.1220432
  -8.9307338   37.12133
  -8.9308877   37.1212362
  -8.931163    37.1211635
  -8.9312228   37.1211177
  -8.9312746   37.1208639
  -8.931245    37.1206121
  -8.931248    37.1203551
  -8.9313436   37.1197793
  -8.9314146   37.1195501
  -8.9315405   37.1193418
  -8.9318321   37.1189759
  -8.9319405   37.1187215
  -8.9322026   37.1182398
  -8.9323127   37.1179946
  -8.9326193   37.1177463
  -8.9326304   37.1173933
  -8.9327524   37.1172604
  -8.9335109   37.1165894
  -8.9341387   37.1159379
  -8.9343849   37.1156105
  -8.9345442   37.1153158
  -8.9346191   37.115017
  -8.934588    37.1147794
  -8.9345236   37.1145746
  -8.9342363   37.1140023
  -8.9342226   37.113903
  -8.9342527   37.1138191
  -8.9345165   37.113408
  -8.9347947   37.1128532
  -8.9350018   37.1126124
  -8.935286    37.1123482
  -8.9356547   37.1121917
  -8.9358181   37.1120985
  -8.9360734   37.1118517
  -8.9364015   37.1116551
  -8.9366922   37.1113943
  -8.9367785   37.1112495
  -8.9369048   37.1109296
  -8.9373177   37.1100546
  -8.9373546   37.1097173
  -8.9374157   37.1094564
  -8.9375888   37.1092682
  -8.9382614   37.1082069
  -8.938383    37.1080903
  -8.9385344   37.1079824
  -8.9386469   37.1079517
  -8.9389161   37.1079207
  -8.9389887   37.1078875
  -8.9390921   37.1078038
  -8.9391578   37.107705
  -8.9392801   37.1074003
  -8.9393316   37.107054
  -8.9396682   37.1069483
  -8.9402698   37.1068743
  -8.9404548   37.1068359
  -8.9407095   37.1066661
  -8.9408208   37.1065513
  -8.9410303   37.1062735
  -8.9412163   37.1058529
  -8.9413658   37.1055983
  -8.9415113   37.1054111
  -8.9416517   37.1052691
  -8.9421239   37.1049113
  -8.9427032   37.1045412
  -8.9430935   37.1041526
  -8.9434709   37.1039001
  -8.9435389   37.1038183
  -8.9437595   37.1033839
  -8.943824    37.1032943
  -8.9439088   37.1032572
  -8.9440791   37.1032539
  -8.9442904   37.1031651
  -8.944564    37.103147
  -8.9446581   37.1030998
  -8.9447243   37.1029771
  -8.9446299   37.1028046
  -8.9447255   37.1025549
  -8.9447801   37.1025424
  -8.9448326   37.1025541
  -8.9450916   37.1026837
  -8.9452251   37.102726
  -8.9453626   37.1027486
  -8.9456212   37.1027541
  -8.9457387   37.1027921
  -8.9458826   37.1028788
  -8.9459777   37.1028936
  -8.9460634   37.1028637
  -8.9461046   37.1027332
  -8.9461458   37.102683
  -8.9463924   37.1025611
  -8.9464713   37.1025035
  -8.9464798   37.1024049
  -8.9463982   37.1023316
  -8.9463501   37.1023256
  -8.9461865   37.1024011
  -8.9461334   37.1024073
  -8.9460367   37.1023653
  -8.9458602   37.1022217
  -8.9455245   37.1021902
  -8.9453299   37.1021281
  -8.9452604   37.1020859
  -8.9452282   37.1020218
  -8.9452425   37.1018881
  -8.9453657   37.1016992
  -8.9456089   37.1015107
  -8.945681    37.101428
  -8.9456915   37.1013639
  -8.9456464   37.1010176
  -8.9460732   37.1003038
  -8.946347    37.1000745
  -8.9467541   37.0998628
  -8.9470647   37.0996006
  -8.9476916   37.0990098
  -8.9478142   37.0987882
  -8.9478459   37.0986405
  -8.9478455   37.0984727
  -8.9478918   37.0983081
  -8.94798     37.0981728
  -8.9482681   37.0978958
  -8.9484036   37.0978214
  -8.9485143   37.0977852
  -8.948629    37.0977763
  -8.9488148   37.0977924
  -8.949193    37.0978758
  -8.9496293   37.0981052
  -8.9501853   37.0982907
  -8.9507064   37.0983921
  -8.9510695   37.0983975
  -8.9513894   37.0984341
  -8.9514805   37.0984189
  -8.9520772   37.0979683
  -8.9522653   37.0978617
  -8.9529006   37.0976827
  -8.9534303   37.097613
  -8.9535897   37.0975343
  -8.9536791   37.0974419
  -8.9536926   37.0973368
  -8.9536693   37.0973075
  -8.9533062   37.0972503
  -8.9532012   37.0972031
  -8.9531453   37.0971503
  -8.9531822   37.096474
  -8.9530688   37.0959467
  -8.9530361   37.0953868
  -8.953048    37.0951177
  -8.9530713   37.0950347
  -8.9532268   37.0949076
  -8.9536547   37.0946346
  -8.9538472   37.0945265
  -8.9542336   37.094421
  -8.9548147   37.0941593
  -8.9551536   37.0941136
  -8.9559565   37.0940851
  -8.9562396   37.0941136
  -8.9563042   37.0941377
  -8.9563651   37.0941605
  -8.9565315   37.0944982
  -8.9566363   37.0946038
  -8.9566937   37.0945923
  -8.9567626   37.0945369
  -8.9567815   37.0944548
  -8.9567583   37.0943611
  -8.9567898   37.0943416
  -8.9569963   37.0945293
  -8.9571438   37.0946274
  -8.9572201   37.0946361
  -8.9574005   37.0946568
  -8.9575365   37.0947156
  -8.9576191   37.0947313
  -8.9577151   37.0947093
  -8.9578581   37.0946415
  -8.9581901   37.0944382
  -8.9583777   37.0942873
  -8.958519    37.0941193
  -8.9585605   37.0940371
  -8.9585857   37.0939126
  -8.9585737   37.0935698
  -8.9585231   37.0933196
  -8.9583921   37.093074
  -8.9583717   37.0930504
  -8.9583386   37.0930483
  -8.9579289   37.0931528
  -8.9578317   37.0931438
  -8.9578621   37.093034
  -8.9578445   37.0929256
  -8.95767     37.0926684
  -8.957611    37.092529
  -8.957738    37.0919717
  -8.957824    37.0918826
  -8.9579834   37.0917695
  -8.9579865   37.0916733
  -8.9579412   37.0916022
  -8.9577406   37.0913986
  -8.9573523   37.0911925
  -8.9573899   37.0911577
  -8.9574782   37.0911365
  -8.9575563   37.0910831
  -8.9575756   37.0910033
  -8.9577092   37.0907796
  -8.9578423   37.0903647
  -8.9579117   37.090242
  -8.9583804   37.0897156
  -8.9588861   37.0893513
  -8.9590608   37.0890844
  -8.9591251   37.0890255
  -8.95918     37.0890019
  -8.9591994   37.0890172
  -8.9593693   37.0893262
  -8.9595603   37.089567
  -8.9596526   37.0895934
  -8.9597424   37.0895894
  -8.9598413   37.089559
  -8.9599014   37.0895074
  -8.9597698   37.0892378
  -8.9594922   37.0889286
  -8.9594201   37.088806
  -8.9592777   37.0883756
  -8.9592484   37.0881949
  -8.9592488   37.087984
  -8.9592984   37.0878882
  -8.9594304   37.087751
  -8.9596059   37.0876622
  -8.9597237   37.0876253
  -8.9598687   37.0876507
  -8.9599996   37.0878081
  -8.9600976   37.0878564
  -8.9601518   37.0878622
  -8.9601161   37.0874376
  -8.9601398   37.0873646
  -8.9601711   37.0873458
  -8.9601944   37.0873576
  -8.9603181   37.087583
  -8.9603763   37.0876059
  -8.9604667   37.0876006
  -8.960537    37.0875731
  -8.9606377   37.0874893
  -8.9607346   37.08737
  -8.9607759   37.0872814
  -8.9607959   37.0871699
  -8.9606872   37.0871135
  -8.9606213   37.0870526
  -8.9605914   37.0869046
  -8.9605563   37.0869009
  -8.9604192   37.0869525
  -8.9603057   37.0869727
  -8.9604201   37.086812
  -8.9604479   37.0867289
  -8.9603923   37.0864868
  -8.960417    37.0862307
  -8.960356    37.0859018
  -8.960392    37.0857825
  -8.9605203   37.0855856
  -8.9605826   37.0855582
  -8.9610853   37.0854795
  -8.9611513   37.0854056
  -8.9612297   37.085149
  -8.9612714   37.0850811
  -8.9613204   37.0850516
  -8.9614476   37.0850243
  -8.9615066   37.0849525
  -8.9615136   37.0848099
  -8.9614723   37.0845502
  -8.9611789   37.0841093
  -8.9611208   37.0839888
  -8.9611077   37.0839019
  -8.9611596   37.0836407
  -8.9611575   37.0835547
  -8.9610457   37.0833647
  -8.9610238   37.0832709
  -8.9610284   37.0829736
  -8.9610674   37.0828138
  -8.9613171   37.082381
  -8.9614372   37.0822232
  -8.961822    37.0819764
  -8.9620262   37.0818182
  -8.9623356   37.0814367
  -8.9624586   37.0813592
  -8.9625249   37.0813449
  -8.9626028   37.0813586
  -8.9630198   37.0815503
  -8.9632448   37.081607
  -8.9634481   37.0816066
  -8.9635732   37.0815881
  -8.9637149   37.0815262
  -8.9637514   37.0814701
  -8.9637396   37.0813884
  -8.9636101   37.0812258
  -8.9630655   37.0807224
  -8.9627297   37.0804548
  -8.9623546   37.0801955
  -8.9621503   37.0800215
  -8.9619334   37.0798002
  -8.9615471   37.0795097
  -8.9612409   37.0791452
  -8.9610249   37.0787728
  -8.9610216   37.0777966
  -8.9611432   37.0764985
  -8.9611599   37.0754653
  -8.9611304   37.0751104
  -8.961073    37.0748124
  -8.9609164   37.0742741
  -8.9608364   37.0738886
  -8.9609115   37.0737425
  -8.9610746   37.0736421
  -8.961247    37.0736033
  -8.9618702   37.0735514
  -8.9620511   37.0734464
  -8.9623717   37.0731651
  -8.9624241   37.0731552
  -8.9625875   37.0731821
  -8.9627214   37.0731797
  -8.9628079   37.0730978
  -8.9628264   37.0730555
  -8.9628218   37.072423
  -8.9628603   37.0723605
  -8.9630537   37.0721719
  -8.9632061   37.0718966
  -8.9631144   37.0717164
  -8.9627675   37.0713395
  -8.9627098   37.0712751
  -8.9626088   37.0711473
  -8.9625631   37.0709729
  -8.9624477   37.070655
  -8.9623916   37.0704837
  -8.9623756   37.0702341
  -8.9625274   37.0699763
  -8.9627488   37.0696629
  -8.9629971   37.0693777
  -8.9631686   37.0692143
  -8.9634336   37.0690069
  -8.963949    37.068658
  -8.9645481   37.0681515
  -8.96495     37.06789
  -8.9657057   37.0676161
  -8.9662533   37.0674586
  -8.9665674   37.0674472
  -8.9669142   37.0674179
  -8.9675016   37.0675985
  -8.9677197   37.0677011
  -8.9679151   37.0678182
  -8.9680076   37.0678691
  -8.9680211   37.067899
  -8.9680037   37.0680041
  -8.9679601   37.0681827
  -8.967907    37.0682841
  -8.9679278   37.068328
  -8.9680416   37.0683703
  -8.9682237   37.0683794
  -8.9683498   37.0683749
  -8.9684304   37.0683953
  -8.968493    37.0684521
  -8.9685461   37.068558
  -8.9685499   37.0686163
  -8.9686542   37.0687396
  -8.9686855   37.0687653
  -8.9687434   37.0687593
  -8.9687879   37.068732
  -8.9688297   37.0686662
  -8.9688515   37.0686624
  -8.9688704   37.0685565
  -8.9688771   37.0685209
  -8.9689179   37.0684884
  -8.9689804   37.0684263
  -8.9689311   37.068328
  -8.9689198   37.0682402
  -8.9689937   37.0681751
  -8.9689861   37.0681191
  -8.9688192   37.0677272
  -8.9687813   37.0675879
  -8.9686941   37.0672883
  -8.9686011   37.0669175
  -8.9685727   37.066633
  -8.9686007   37.0664702
  -8.968682    37.0661695
  -8.9683157   37.0658575
  -8.9682099   37.0657157
  -8.9681921   37.06542
  -8.9682335   37.0653873
  -8.9682226   37.0653392
  -8.968313    37.0650463
  -8.9683807   37.0648967
  -8.9685034   37.0647987
  -8.9685907   37.064729
  -8.9689752   37.0645317
  -8.9692924   37.0644042
  -8.9697198   37.0641613
  -8.9700054   37.0639323
  -8.970146    37.0637754
  -8.9701512   37.0636184
  -8.9701726   37.0635792
  -8.970546    37.0634498
  -8.9706449   37.0632207
  -8.970741    37.0628614
  -8.9708341   37.0627317
  -8.9709441   37.0626494
  -8.9711023   37.0625528
  -8.971234    37.0625171
  -8.9713789   37.0625649
  -8.971527    37.0626775
  -8.9715736   37.0626657
  -8.9715647   37.0625815
  -8.9716608   37.0626421
  -8.9716737   37.0624185
  -8.9717244   37.0623133
  -8.9718704   37.0621003
  -8.9721272   37.0619118
  -8.9722231   37.0616402
  -8.9722698   37.0615742
  -8.9723847   37.0614762
  -8.9725571   37.0614112
  -8.9727806   37.0614072
  -8.9730892   37.0613428
  -8.9732313   37.0612871
  -8.9733592   37.0612668
  -8.9735144   37.0611775
  -8.9737946   37.0611711
  -8.9737879   37.061027
  -8.9737038   37.06065
  -8.9736931   37.0602256
  -8.9737817   37.059749
  -8.9738753   37.0593864
  -8.973941    37.0592289
  -8.9740521   37.059102
  -8.9741054   37.0590727
  -8.9742276   37.0590699
  -8.9745093   37.0591185
  -8.9746611   37.0591208
  -8.9749369   37.0590581
  -8.9749917   37.0591042
  -8.9750511   37.0593115
  -8.9751326   37.0593421
  -8.9753249   37.0591912
  -8.9755094   37.0591239
  -8.9755245   37.0591112
  -8.975507    37.0590864
  -8.975188    37.0588075
  -8.975208    37.0587692
  -8.9752661   37.0587281
  -8.9754954   37.0587255
  -8.9756424   37.0586767
  -8.9757322   37.0586996
  -8.9757809   37.0586775
  -8.9756691   37.058522
  -8.9756455   37.058398
  -8.9756807   37.0583103
  -8.9758011   37.0581437
  -8.9759811   37.0579818
  -8.9762972   37.0579826
  -8.9763971   37.0580512
  -8.9763981   37.0579237
  -8.9764214   37.0579023
  -8.9767842   37.0578609
  -8.9769121   37.0578223
  -8.976955    37.057764
  -8.9770431   37.0575427
  -8.9770799   37.0573235
  -8.9772086   37.0572799
  -8.9772523   37.0572282
  -8.9772629   37.0571725
  -8.977241    37.0570872
  -8.9773129   37.0569079
  -8.9773024   37.0567924
  -8.9774709   37.056676
  -8.977744    37.0565408
  -8.9778849   37.0564278
  -8.9779362   37.0564228
  -8.9780102   37.0564545
  -8.9781869   37.0566052
  -8.9783822   37.0567306
  -8.9785377   37.0567538
  -8.9785445   37.0567073
  -8.9785055   37.0566424
  -8.9782817   37.0564989
  -8.9782899   37.0564427
  -8.9783636   37.0563513
  -8.9787886   37.0567203
  -8.9789779   37.0568558
  -8.979004    37.0568411
  -8.9791312   37.0565404
  -8.9790168   37.0563666
  -8.9786306   37.0560515
  -8.9786281   37.0560313
  -8.9786915   37.0559848
  -8.9786461   37.0558476
  -8.9785167   37.0556637
  -8.9785297   37.0555737
  -8.9787428   37.055345
  -8.9790475   37.0551393
  -8.9792235   37.0550964
  -8.9796155   37.055077
  -8.9797504   37.0553436
  -8.9798067   37.0553866
  -8.9798513   37.0553909
  -8.9799288   37.0552836
  -8.9799696   37.0551774
  -8.9799335   37.0550458
  -8.9799795   37.0549834
  -8.9801686   37.0548454
  -8.9802124   37.0547801
  -8.9801907   37.0546387
  -8.9800327   37.0547315
  -8.9799871   37.0546479
  -8.9798748   37.054533
  -8.9797363   37.05445
  -8.9795032   37.0542581
  -8.9794931   37.0539838
  -8.9795373   37.0538573
  -8.9796426   37.0536671
  -8.9797501   37.0536224
  -8.9800015   37.0536277
  -8.9799515   37.0534367
  -8.9800732   37.0534385
  -8.9800945   37.0534247
  -8.9800678   37.0533684
  -8.9800091   37.0533372
  -8.9794778   37.0531773
  -8.9795316   37.0531105
  -8.9795537   37.0530292
  -8.9795236   37.0526626
  -8.9796173   37.0525619
  -8.9797052   37.0525178
  -8.9797982   37.0524974
  -8.9799602   37.0524963
  -8.9800832   37.0525348
  -8.9802253   37.0526522
  -8.9803769   37.0527446
  -8.9804262   37.0527652
  -8.9805473   37.0527697
  -8.980493    37.0525925
  -8.980458    37.0525441
  -8.9802622   37.0524402
  -8.9802554   37.052414
  -8.9804796   37.0524202
  -8.9808135   37.0523863
  -8.9809495   37.0523971
  -8.9810423   37.0523675
  -8.9810303   37.0523203
  -8.9809294   37.0522132
  -8.9805765   37.0519647
  -8.9800217   37.0517031
  -8.9799193   37.0516235
  -8.9800141   37.0511722
  -8.9802814   37.0507313
  -8.9804852   37.0505168
  -8.9805424   37.0503691
  -8.9805467   37.0501651
  -8.9805674   37.0501204
  -8.9807245   37.0499707
  -8.9810439   37.049766
  -8.9811401   37.0497298
  -8.9813671   37.0496938
  -8.9814784   37.0497035
  -8.9815541   37.0497385
  -8.9817963   37.0497449
  -8.9820303   37.0498288
  -8.982164    37.0499816
  -8.9822099   37.0499786
  -8.982185    37.0498491
  -8.9821133   37.049644
  -8.9821091   37.0495599
  -8.9821407   37.049461
  -8.982173    37.0494187
  -8.9822643   37.0493373
  -8.9823973   37.0492446
  -8.9825617   37.0492188
  -8.9828105   37.0491487
  -8.9831636   37.0491224
  -8.9832827   37.0491035
  -8.9833916   37.0491297
  -8.9834775   37.0492188
  -8.9835642   37.0493566
  -8.983616    37.0494618
  -8.9837496   37.0495287
  -8.9839235   37.0494982
  -8.984095    37.0495419
  -8.984121    37.0495312
  -8.984154    37.04941
  -8.9841847   37.0493756
  -8.9842877   37.0493643
  -8.9842538   37.0492593
  -8.9840849   37.0490855
  -8.9840586   37.0490753
  -8.9839938   37.0491296
  -8.9838975   37.0491461
  -8.9837141   37.0491316
  -8.9837084   37.0490619
  -8.9838138   37.0489784
  -8.983719    37.0488662
  -8.9832105   37.0485661
  -8.9829386   37.0484564
  -8.9826959   37.0482582
  -8.9824384   37.0481009
  -8.982048    37.0479079
  -8.9819008   37.047772
  -8.9818517   37.0477684
  -8.981834    37.0477872
  -8.9818072   37.0478873
  -8.9817716   37.0479178
  -8.9816751   37.0479251
  -8.9816369   37.0478714
  -8.9816931   37.0477789
  -8.9815103   37.0477092
  -8.9814422   37.0476503
  -8.9810372   37.0472998
  -8.980856    37.0471919
  -8.9805157   37.0470484
  -8.9804322   37.0469832
  -8.980157    37.0467684
  -8.9800765   37.0467296
  -8.9800127   37.0467031
  -8.9796281   37.0465598
  -8.9794277   37.0465186
  -8.9793819   37.046327
  -8.9793424   37.0460999
  -8.9793318   37.0458843
  -8.9793818   37.0456934
  -8.9793932   37.045546
  -8.9792996   37.0450432
  -8.979289    37.0446766
  -8.9792145   37.0444468
  -8.9792135   37.0442142
  -8.9793056   37.04396
  -8.9795295   37.0435906
  -8.9797575   37.0433769
  -8.9810412   37.0420876
  -8.9812533   37.0418337
  -8.9812964   37.0417387
  -8.9814515   37.0415653
  -8.981711    37.0412163
  -8.9818925   37.0410179
  -8.9820437   37.0407829
  -8.9821536   37.0405072
  -8.9823464   37.0401313
  -8.9826774   37.0395649
  -8.9827041   37.0393149
  -8.9829166   37.0390151
  -8.9830848   37.0388311
  -8.9833588   37.0382823
  -8.9837783   37.0378664
  -8.9840651   37.0375289
  -8.9843779   37.0371868
  -8.9847126   37.0368625
  -8.9852094   37.0365363
  -8.9854867   37.0364588
  -8.9855668   37.0363118
  -8.9856676   37.0361979
  -8.9857907   37.0360877
  -8.9860977   37.0358885
  -8.98618     37.0357184
  -8.9862224   37.0355669
  -8.9863054   37.0350418
  -8.9863648   37.0349427
  -8.9865565   37.0348243
  -8.9869144   37.0348006
  -8.9873247   37.0346875
  -8.9877041   37.0346741
  -8.988148    37.0345509
  -8.9882914   37.0345234
  -8.988343    37.0344687
  -8.9883648   37.0343949
  -8.9883495   37.0342965
  -8.9883133   37.0342075
  -8.9883259   37.0341546
  -8.988367    37.0341015
  -8.988553    37.0340319
  -8.9887489   37.034012
  -8.9890787   37.0338883
  -8.9893393   37.0337041
  -8.9894755   37.0334372
  -8.9896059   37.0333744
  -8.9898173   37.0333146
  -8.9899545   37.0333045
  -8.9901873   37.0332813
  -8.9902966   37.0332825
  -8.9904      37.0332517
  -8.9905781   37.0331707
  -8.9905849   37.0331316
  -8.9905514   37.0330941
  -8.9904366   37.0330467
  -8.9902756   37.0329813
  -8.9900478   37.0329482
  -8.9895209   37.0329685
  -8.9893391   37.0329747
  -8.9891225   37.0329699
  -8.9889792   37.0329634
  -8.9888238   37.0329588
  -8.9887218   37.0329493
  -8.9887002   37.0328824
  -8.9886747   37.0328193
  -8.9886206   37.0327843
  -8.9882166   37.0326718
  -8.9880596   37.0326605
  -8.9878992   37.0326947
  -8.9877218   37.0327723
  -8.9876106   37.0327983
  -8.9874376   37.0327796
  -8.987417    37.0326976
  -8.9874075   37.0326075
  -8.9875621   37.0325891
  -8.9876705   37.0325284
  -8.9878782   37.0325351
  -8.9879332   37.0324953
  -8.9879531   37.0324379
  -8.9878992   37.0323731
  -8.9876739   37.0322368
  -8.987606    37.0321718
  -8.9875496   37.0321221
  -8.9874891   37.0321212
  -8.9874097   37.0321657
  -8.9873018   37.0322276
  -8.9872732   37.032214
  -8.9870835   37.0320006
  -8.9870472   37.0317723
  -8.9869856   37.0316189
  -8.9868573   37.0314443
  -8.9868331   37.031396
  -8.9867792   37.0310963
  -8.9867713   37.0309124
  -8.9867731   37.0307215
  -8.9867768   37.0306617
  -8.9867701   37.0305766
  -8.9867923   37.0304213
  -8.9868734   37.030287
  -8.9869639   37.0301483
  -8.9870477   37.0301269
  -8.9871664   37.0301135
  -8.9873126   37.0301151
  -8.9874179   37.0301387
  -8.9874769   37.0301742
  -8.9875453   37.0302818
  -8.987554    37.030341
  -8.9875794   37.030463
  -8.9876061   37.0305154
  -8.9876274   37.0305476
  -8.9876492   37.0305551
  -8.9876881   37.0305578
  -8.9877284   37.0305404
  -8.9877687   37.0305124
  -8.9877938   37.0305127
  -8.9878171   37.0305211
  -8.9878379   37.0305438
  -8.9878754   37.030604
  -8.9879261   37.0306456
  -8.9879622   37.0306592
  -8.9880371   37.0306683
  -8.9881139   37.0306812
  -8.9881566   37.0306903
  -8.9882035   37.0307194
  -8.9882135   37.0307444
  -8.9881936   37.0307747
  -8.9881338   37.0308076
  -8.9880627   37.0308175
  -8.9880096   37.0308284
  -8.9879551   37.0308601
  -8.9879043   37.0308935
  -8.9878669   37.0308988
  -8.987818    37.0309045
  -8.9877801   37.0309287
  -8.987773    37.0309632
  -8.9877739   37.0309848
  -8.9878138   37.0309957
  -8.9878826   37.0309969
  -8.9879579   37.03101
  -8.9880309   37.0310415
  -8.9881111   37.0310843
  -8.9881547   37.0310919
  -8.9882618   37.0310919
  -8.9883315   37.0310995
  -8.9884501   37.0311142
  -8.9885411   37.0311013
  -8.9886189   37.0310949
  -8.9887037   37.0310684
  -8.9887602   37.0310427
  -8.9887986   37.0310359
  -8.9888697   37.0310321
  -8.9889275   37.0310313
  -8.9889569   37.0310275
  -8.9890143   37.0310075
  -8.9890309   37.0309893
  -8.9890276   37.0309749
  -8.9890039   37.0309522
  -8.9889536   37.0309348
  -8.9888687   37.0308958
  -8.9887886   37.030867
  -8.9887241   37.0308405
  -8.9886796   37.0308091
  -8.9886625   37.0307766
  -8.9886767   37.0307255
  -8.988727    37.0306679
  -8.9887554   37.0306271
  -8.9887578   37.0305797
  -8.9887308   37.0305127
  -8.9887445   37.030481
  -8.9888009   37.0304529
  -8.9889005   37.0304393
  -8.9889849   37.0304299
  -8.9890854   37.0303916
  -8.9892372   37.0302924
  -8.9894688   37.0301471
  -8.9895653   37.030102
  -8.9897004   37.0300551
  -8.9898015   37.0300316
  -8.9898531   37.0299987
  -8.9899299   37.0299128
  -8.9899712   37.029842
  -8.9900134   37.0297712
  -8.9900717   37.0297008
  -8.990157    37.0296134
  -8.990258    37.0294987
  -8.990331    37.0294082
  -8.9903908   37.0293246
  -8.9904524   37.0292311
  -8.9905183   37.0291516
  -8.9905487   37.0290933
  -8.9905875   37.0290172
  -8.9906117   37.0289805
  -8.9906435   37.0289358
  -8.9907331   37.028851
  -8.9908142   37.0287867
  -8.9908583   37.0287348
  -8.9908848   37.0286958
  -8.9909451   37.0285947
  -8.9909659   37.0285493
  -8.990983    37.0284929
  -8.9910086   37.0284252
  -8.991047    37.0283608
  -8.9910745   37.0283245
  -8.99112     37.0282813
  -8.9911745   37.0282556
  -8.991231    37.0282412
  -8.9913263   37.0282124
  -8.9914534   37.0281742
  -8.9915581   37.0281322
  -8.9916378   37.0280765
  -8.991699    37.0280254
  -8.9917407   37.0279705
  -8.9917739   37.0279104
  -8.9918042   37.0278267
  -8.9918137   37.0277699
  -8.9918294   37.0276931
  -8.9918493   37.0276159
  -8.9918578   37.0275595
  -8.9918606   37.0274531
  -8.9918711   37.0273849
  -8.9918919   37.0273316
  -8.9919389   37.0272411
  -8.9919678   37.0272036
  -8.9920233   37.0271503
  -8.992075    37.0270734
  -8.9921262   37.0269935
  -8.9921907   37.0269284
  -8.9922547   37.0269186
  -8.9923329   37.026908
  -8.9923751   37.0268853
  -8.9924149   37.0268535
  -8.9924429   37.0268118
  -8.9925126   37.0267418
  -8.9925738   37.0266862
  -8.9926724   37.0265859
  -8.9927743   37.0265132
  -8.9928194   37.0264958
  -8.9929379   37.0264874
  -8.9932172   37.0265052
  -8.9934315   37.0264931
  -8.9935183   37.0264534
  -8.9935889   37.0264136
  -8.9936406   37.0263409
  -8.9936672   37.0262879
  -8.9936861   37.0262228
  -8.9937113   37.0261888
  -8.9937715   37.0261596
  -8.9938203   37.0261388
  -8.9938725   37.026096
  -8.9939521   37.0260362
  -8.9940745   37.0259692
  -8.9941598   37.0258674
  -8.9942741   37.0256861
  -8.9943438   37.0255532
  -8.9944481   37.0253707
  -8.9944623   37.0253117
  -8.9944818   37.0252136
  -8.9944789   37.0250944
  -8.9944879   37.0250164
  -8.994515    37.0249157
  -8.9945647   37.0247874
  -8.9946254   37.0246519
  -8.9947065   37.0244815
  -8.9947511   37.0244043
  -8.9947757   37.0243664
  -8.9947866   37.02431
  -8.9947719   37.0242392
  -8.9947539   37.0241915
  -8.9947591   37.0241529
  -8.9947734   37.024117
  -8.9948383   37.0240867
  -8.9949663   37.024078
  -8.9949938   37.0240768
  -8.9950835   37.0240988
  -8.9951968   37.0241404
  -8.9952679   37.024165
  -8.995321    37.0241696
  -8.9954116   37.024165
  -8.9955187   37.0241503
  -8.9955581   37.0241495
  -8.9956216   37.0242188
  -8.9956648   37.0242593
  -8.9957553   37.0243619
  -8.9957994   37.0244209
  -8.9958231   37.0244758
  -8.9958644   37.0245205
  -8.9959123   37.0245659
  -8.9959502   37.0245996
  -8.9959815   37.0246076
  -8.9960242   37.0246064
  -8.9960512   37.0245996
  -8.996092    37.0245523
  -8.9961048   37.0244868
  -8.9960991   37.0244031
  -8.996083    37.0243115
  -8.9960925   37.0242479
  -8.9961152   37.0240927
  -8.9961114   37.0240356
  -8.9961081   37.0239326
  -8.9960901   37.023805
  -8.9960939   37.0237384
  -8.9961      37.0236858
  -8.9961285   37.0236093
  -8.9961693   37.0235624
  -8.9962072   37.0235351
  -8.9962869   37.023523
  -8.9963732   37.0235192
  -8.9964263   37.0235082
  -8.9965054   37.0234776
  -8.996615    37.0234386
  -8.9966851   37.0234038
  -8.9967292   37.0233879
  -8.9968061   37.0233674
  -8.996853    37.0233576
  -8.9969345   37.0233224
  -8.9969767   37.0232898
  -8.9970033   37.0232433
  -8.9970185   37.0231198
  -8.9970303   37.0230078
  -8.9970611   37.0229056
  -8.9971      37.02282
  -8.9971133   37.0227731
  -8.9971157   37.0227065
  -8.99711     37.0226712
  -8.9970849   37.02263
  -8.9970441   37.0225785
  -8.9969872   37.0225058
  -8.9969265   37.0224248
  -8.9968592   37.022376
  -8.9968004   37.0223896
  -8.9967316   37.0223934
  -8.9966951   37.0223707
  -8.996633    37.0223495
  -8.9965249   37.0223419
  -8.9963888   37.0223366
  -8.9963494   37.0223483
  -8.9962745   37.0223816
  -8.9962124   37.0224271
  -8.9961342   37.0225077
  -8.996054    37.0225808
  -8.9959905   37.0226379
  -8.9959265   37.0226849
  -8.99588     37.0227227
  -8.9958103   37.0227451
  -8.9957406   37.0227507
  -8.9956833   37.0227572
  -8.9955889   37.0227723
  -8.9954666   37.0227992
  -8.9953082   37.0228049
  -8.9951679   37.0228049
  -8.9950768   37.022817
  -8.9949858   37.0228412
  -8.9949578   37.0228401
  -8.994908    37.0228287
  -8.9948213   37.0228177
  -8.994689    37.0228071
  -8.9945823   37.0228075
  -8.9944078   37.0228159
  -8.9943205   37.0227401
  -8.9942603   37.0225902
  -8.9942177   37.0225028
  -8.9941793   37.0223813
  -8.9941205   37.0222011
  -8.994083    37.0221159
  -8.9939341   37.0218713
  -8.9938957   37.0217309
  -8.9938933   37.0216593
  -8.9938805   37.0216033
  -8.9938298   37.0215178
  -8.9937805   37.021486
  -8.9937146   37.0214451
  -8.9936326   37.0213803
  -8.993578    37.0213398
  -8.9935116   37.0213024
  -8.993432    37.0212747
  -8.9933196   37.0212335
  -8.9932475   37.0212187
  -8.9931665   37.0211842
  -8.9930233   37.0211293
  -8.9929849   37.0211161
  -8.9929156   37.0211028
  -8.9928545   37.0210869
  -8.992799    37.0210589
  -8.9927246   37.0210048
  -8.9926316   37.0209219
  -8.9925306   37.0207989
  -8.9923813   37.0206448
  -8.9923068   37.020571
  -8.9922713   37.020532
  -8.992129    37.0204297
  -8.9919929   37.0203658
  -8.991927    37.0203468
  -8.9918801   37.0203468
  -8.9918265   37.0203677
  -8.9917767   37.020412
  -8.9917255   37.020496
  -8.9916681   37.0205865
  -8.9915415   37.0207985
  -8.9914119   37.0210262
  -8.9913437   37.0211576
  -8.9912586   37.0213355
  -8.9911458   37.0215561
  -8.991046    37.0217127
  -8.990967    37.0218091
  -8.990843    37.0219536
  -8.9906896   37.0221314
  -8.9905712   37.0223128
  -8.9904658   37.0225262
  -8.9903902   37.0226743
  -8.990238    37.022872
  -8.9900818   37.0230624
  -8.9898771   37.0232983
  -8.9897508   37.0235
  -8.989638    37.0236936
  -8.9895371   37.0239267
  -8.9894514   37.0241325
  -8.9894023   37.0242306
  -8.9893606   37.0243026
  -8.9893685   37.0242239
  -8.9893194   37.0241374
  -8.9892202   37.0240951
  -8.9891108   37.0240469
  -8.989055    37.0240523
  -8.9889963   37.0239641
  -8.988914    37.0238826
  -8.9888221   37.0238331
  -8.9887099   37.0238223
  -8.9885447   37.0238291
  -8.9884759   37.0238372
  -8.9884516   37.0238543
  -8.9884578   37.0239105
  -8.9884522   37.0239466
  -8.9884167   37.0239623
  -8.9883868   37.0239637
  -8.9883507   37.0239357
  -8.988322    37.0239029
  -8.9882977   37.0238727
  -8.9882667   37.0238196
  -8.9882126   37.0237075
  -8.9881799   37.0236346
  -8.9881325   37.0235166
  -8.9881111   37.0234599
  -8.9880891   37.023423
  -8.9881077   37.0233131
  -8.988115    37.0232596
  -8.9881105   37.0231439
  -8.9880631   37.0229697
  -8.9880344   37.0227932
  -8.9879521   37.0226136
  -8.9878754   37.0224654
  -8.9877953   37.0223367
  -8.9877953   37.022085
  -8.9877876   37.0219331
  -8.9877474   37.0218865
  -8.9876414   37.0218365
  -8.9875833   37.021796
  -8.9875201   37.0217523
  -8.9875151   37.0216947
  -8.9875525   37.0214538
  -8.987573    37.0213474
  -8.9875399   37.0212417
  -8.9875105   37.0212057
  -8.9874559   37.0211221
  -8.9873865   37.020946
  -8.9873893   37.0207885
  -8.987404    37.0206494
  -8.9874091   37.0205503
  -8.9873786   37.0204616
  -8.9872833   37.0203905
  -8.9871414   37.0203215
  -8.9871104   37.0203029
  -8.9870949   37.0202617
  -8.9871068   37.0201875
  -8.9871452   37.0200913
  -8.9871571   37.0200459
  -8.9871746   37.0199728
  -8.9871737   37.0198793
  -8.9871528   37.0197722
  -8.9871196   37.0196366
  -8.9870802   37.0195215
  -8.9869954   37.0193262
  -8.9869375   37.019227
  -8.9868157   37.0191074
  -8.9867578   37.01904
  -8.986681    37.0189548
  -8.9866326   37.0188382
  -8.9865814   37.0187322
  -8.9864657   37.0185717
  -8.9864164   37.0185486
  -8.9863197   37.018535
  -8.9862173   37.0185221
  -8.9860841   37.0185883
  -8.9859508   37.0186538
  -8.985919    37.0186652
  -8.9858057   37.0186872
  -8.9857251   37.0187557
  -8.9856635   37.018814
  -8.9856341   37.0188647
  -8.9855615   37.0188946
  -8.985508    37.0189048
  -8.9854364   37.0189692
  -8.9853771   37.0190563
  -8.9853117   37.0191411
  -8.9852434   37.019196
  -8.9851476   37.0192634
  -8.9851054   37.0193065
  -8.9850746   37.0193913
  -8.9850703   37.0194996
  -8.9850433   37.0195897
  -8.9849987   37.0196949
  -8.984985    37.0197937
  -8.9849693   37.0198967
  -8.9849451   37.0200031
  -8.9849148   37.0200622
  -8.9848494   37.0201466
  -8.9847455   37.0202492
  -8.9846241   37.0203574
  -8.9845511   37.0204169
  -8.9845018   37.0204827
  -8.98447     37.0205437
  -8.9844468   37.0206334
  -8.9844435   37.0207572
  -8.9844339   37.0208675
  -8.9844225   37.020981
  -8.9844051   37.0210935
  -8.9843421   37.0212011
  -8.9842616   37.0213349
  -8.9841248   37.0215844
  -8.984035    37.0217322
  -8.9839692   37.0218762
  -8.9839411   37.0220052
  -8.9839485   37.0220636
  -8.9839733   37.0221278
  -8.9840175   37.0221872
  -8.9840578   37.0222536
  -8.9841429   37.02232
  -8.9842355   37.0223446
  -8.984332    37.0223634
  -8.9843823   37.0223784
  -8.9844252   37.0224067
  -8.9844427   37.0224662
  -8.9844916   37.0225524
  -8.9845679   37.0226459
  -8.9846492   37.0227483
  -8.984725    37.0228334
  -8.9848242   37.0229592
  -8.9848745   37.023046
  -8.9848946   37.0231183
  -8.9848986   37.0231707
  -8.9848765   37.0232976
  -8.9848685   37.0234116
  -8.9848711   37.0235241
  -8.9848825   37.0236204
  -8.9849436   37.0237885
  -8.9850046   37.0238581
  -8.9850864   37.0239331
  -8.9851836   37.0239995
  -8.985246    37.0240519
  -8.9852858   37.0241107
  -8.9852943   37.0241611
  -8.9852849   37.0242082
  -8.9852319   37.0242703
  -8.9850971   37.0243383
  -8.9850394   37.0243742
  -8.9849107   37.0244823
  -8.9847457   37.0247409
  -8.9846733   37.0249626
  -8.9846753   37.025144
  -8.9846646   37.0253159
  -8.9846599   37.0253667
  -8.9845601   37.0254786
  -8.9844131   37.0255922
  -8.9843648   37.0256225
  -8.9843297   37.0256808
  -8.984324    37.0257708
  -8.9843259   37.0258943
  -8.9843373   37.0260464
  -8.984416    37.0262024
  -8.9844492   37.0263258
  -8.9844985   37.0265325
  -8.9844843   37.0266604
  -8.984435    37.0267452
  -8.9843183   37.0268262
  -8.9841988   37.0269254
  -8.9841011   37.0270147
  -8.9840063   37.027017
  -8.9839124   37.0270064
  -8.9838138   37.0269981
  -8.9836943   37.026958
  -8.9836289   37.0269156
  -8.9835075   37.0267694
  -8.9834022   37.0266513
  -8.9833216   37.0265605
  -8.9832553   37.0264749
  -8.9832657   37.0263962
  -8.9833027   37.0262183
  -8.9832903   37.0260654
  -8.9832799   37.0259737
  -8.9832382   37.0259192
  -8.9831699   37.0259064
  -8.9830647   37.0259094
  -8.9829613   37.0259457
  -8.9828873   37.0259866
  -8.9828181   37.0260517
  -8.9828124   37.0261093
  -8.9828314   37.0261978
  -8.9828551   37.026266
  -8.9828446   37.0263152
  -8.9827678   37.026375
  -8.9826133   37.0264363
  -8.9825089   37.0264606
  -8.9824046   37.0264742
  -8.9822766   37.0264462
  -8.982122    37.0263909
  -8.9819675   37.0263326
  -8.9818442   37.0262842
  -8.9817503   37.0262751
  -8.981682    37.0262963
  -8.9816346   37.0263591
  -8.9816033   37.0264598
  -8.9816308   37.0265802
  -8.9817019   37.0267263
  -8.9818157   37.0268754
  -8.9818821   37.0269572
  -8.981884    37.0270382
  -8.9818281   37.0271412
  -8.9817892   37.027204
  -8.9817456   37.0273024
  -8.9817057   37.0273274
  -8.9816346   37.0273395
  -8.9815834   37.027385
  -8.9815208   37.0274281
  -8.9814933   37.0274417
  -8.9814544   37.0274273
  -8.9814146   37.027385
  -8.981334    37.0273138
  -8.9813112   37.0273039
  -8.9812686   37.0273176
  -8.9812221   37.027341
  -8.9811842   37.0273365
  -8.9811754   37.0273257
  -8.9809638   37.0271269
  -8.9808995   37.0269342
  -8.9808482   37.026874
  -8.9807938   37.026835
  -8.9805972   37.0268087
  -8.9805455   37.02678
  -8.9802786   37.0264674
  -8.9801833   37.0263036
  -8.9800597   37.0262255
  -8.9800189   37.026235
  -8.9799044   37.0263427
  -8.9797498   37.0264553
  -8.9796536   37.0264837
  -8.9795621   37.0264909
  -8.9794408   37.0264652
  -8.9793903   37.0264385
  -8.9793359   37.0264097
  -8.9792069   37.0263415
  -8.9790633   37.0262655
  -8.9789617   37.0262491
  -8.9787682   37.0262608
  -8.9784233   37.0264344
  -8.9779605   37.0265812
  -8.9777438   37.0266129
  -8.9775533   37.0266906
  -8.9769501   37.0266528
  -8.976535    37.0266847
  -8.9764889   37.0266924
  -8.9763862   37.0267094
  -8.9762389   37.0267579
  -8.9760932   37.0268944
  -8.9759855   37.0269096
  -8.9758467   37.0267804
  -8.975728    37.0266971
  -8.975613    37.0266479
  -8.9755797   37.0266047
  -8.975579    37.026235
  -8.9755493   37.0260654
  -8.9755602   37.0260139
  -8.9756183   37.0259464
  -8.9756735   37.0259091
  -8.9758038   37.0258661
  -8.9758525   37.0258224
  -8.9759374   37.0256692
  -8.976052    37.0255195
  -8.9760599   37.0253495
  -8.9760405   37.0253072
  -8.9760129   37.0252473
  -8.9759458   37.0252399
  -8.9758675   37.0252628
  -8.975333    37.0254825
  -8.9751722   37.0255876
  -8.9751086   37.0256038
  -8.9750903   37.0255816
  -8.9750876   37.0254895
  -8.9751591   37.0252969
  -8.9751374   37.025255
  -8.9748812   37.0252278
  -8.9746936   37.0251226
  -8.9744859   37.0249741
  -8.9744108   37.0249785
  -8.9743053   37.0250368
  -8.9742832   37.0250491
  -8.9742372   37.0250469
  -8.9741881   37.0250169
  -8.974145    37.0250135
  -8.9740654   37.0250073
  -8.9740118   37.0250511
  -8.9740633   37.025448
  -8.9740556   37.0254823
  -8.9740295   37.0254877
  -8.9738572   37.0252626
  -8.9737701   37.0252212
  -8.9735269   37.0251743
  -8.9733242   37.0250296
  -8.9732271   37.024983
  -8.9731542   37.0249766
  -8.9729192   37.0250177
  -8.9727898   37.0250042
  -8.9727567   37.0249728
  -8.9726947   37.0248339
  -8.9726086   37.0247345
  -8.9724032   37.0246004
  -8.9723      37.0245801
  -8.9719654   37.0246457
  -8.9715493   37.0248841
  -8.9710512   37.0249008
  -8.9707316   37.0249978
  -8.970658    37.0249994
  -8.9706201   37.0249786
  -8.9704806   37.0247811
  -8.9703776   37.0247858
  -8.9703013   37.0248361
  -8.9702529   37.0248983
  -8.9702096   37.0250407
  -8.9701822   37.0250698
  -8.9698877   37.025064
  -8.9698145   37.0251053
  -8.9697714   37.025199
  -8.969631    37.0252226
  -8.9695627   37.0252626
  -8.9694215   37.0254031
  -8.968911    37.0260332
  -8.9685782   37.0261988
  -8.9682792   37.0262177
  -8.9680548   37.0261956
  -8.9679075   37.0262059
  -8.9675709   37.0263596
  -8.9674575   37.0265182
  -8.96742     37.0265343
  -8.9673268   37.026531
  -8.9671169   37.0264814
  -8.9670815   37.0264893
  -8.9670293   37.0265154
  -8.9670032   37.0265416
  -8.9669591   37.0265647
  -8.9668776   37.0265707
  -8.9668069   37.0265783
  -8.9667377   37.0265821
  -8.9667007   37.0265756
  -8.9666561   37.0265575
  -8.9666187   37.0265597
  -8.966558    37.0265775
  -8.9665134   37.0265726
  -8.9664708   37.0265506
  -8.9664172   37.0265336
  -8.9663328   37.0265154
  -8.9662702   37.026492
  -8.966163    37.0264322
  -8.9660867   37.0263871
  -8.9660526   37.0263671
  -8.965944    37.0263303
  -8.9658894   37.0263178
  -8.9658368   37.0263016
  -8.965805    37.0262876
  -8.9657416   37.0262292
  -8.96558     37.0260638
  -8.9654372   37.0259144
  -8.9653487   37.0258245
  -8.9652085   37.025749
  -8.9651106   37.0257126
  -8.9650375   37.0256933
  -8.9649665   37.0256837
  -8.9648893   37.0256783
  -8.9648243   37.0256564
  -8.9647504   37.0256151
  -8.9644658   37.0255177
END
END
