polygon
1
  121.6267923  25.1397054
  121.6267946  25.1396399
  121.6267964  25.1396177
  121.6268239  25.139543
  121.6269106  25.1394269
  121.6269708  25.1392891
  121.6270322  25.1391433
  121.6270898  25.1389802
  121.6271199  25.1388849
  121.6271486  25.1387816
  121.627181   25.1386277
  121.6272073  25.1385336
  121.6272674  25.1383544
  121.6273087  25.1382453
  121.6273438  25.1381385
  121.6273976  25.1379858
  121.6274377  25.137871
  121.6274765  25.1377538
  121.6275178  25.1376356
  121.6276069  25.1374759
  121.6277062  25.1373128
  121.6277676  25.1371669
  121.6277875  25.1370475
  121.6278098  25.1369063
  121.6278297  25.1367754
  121.6278395  25.1366572
  121.6278405  25.1365597
  121.6278325  25.1363531
  121.6278497  25.1362038
  121.627857   25.1360948
  121.6278858  25.1359811
  121.6279246  25.1358583
  121.6279685  25.1357744
  121.6280551  25.1356102
  121.6281328  25.1354379
  121.628183   25.1353299
  121.6282533  25.1352105
  121.6283852  25.1350105
  121.6284657  25.1349048
  121.6285159  25.1348451
  121.6286694  25.1346773
  121.628814   25.1345348
  121.628936   25.134421
  121.6290895  25.134267
  121.6293701  25.1340416
  121.6294934  25.1339576
  121.6295689  25.1339059
  121.6297479  25.1338861
  121.6299295  25.1338893
  121.6300795  25.133873
  121.6301979  25.1338384
  121.6303792  25.1337612
  121.6305114  25.1336842
  121.6306159  25.133614
  121.6306762  25.1335255
  121.6307328  25.1334554
  121.630836   25.1333738
  121.6309606  25.1333093
  121.6311394  25.133231
  121.6313334  25.1331458
  121.6314555  25.1330791
  121.6315738  25.1329871
  121.6316857  25.1328664
  121.6317536  25.1327642
  121.6318478  25.1326515
  121.6319662  25.1325848
  121.632077   25.1325445
  121.6322497  25.1325155
  121.6324072  25.1324751
  121.6325482  25.1323957
  121.6326574  25.13222
  121.6327325  25.1320052
  121.6327788  25.1318261
  121.6328312  25.1315999
  121.6328888  25.1314575
  121.6329954  25.131229
  121.6330644  25.1310911
  121.6331395  25.130987
  121.6332678  25.1309321
  121.6334107  25.1309368
  121.6335508  25.130933
  121.6336581  25.130906
  121.6337527  25.13091
  121.6338803  25.1308797
  121.6340496  25.1308347
  121.634156   25.1307676
  121.6342295  25.1307175
  121.6343245  25.1306572
  121.6344903  25.1305675
  121.6345942  25.1305003
  121.6346562  25.1304651
  121.6347673  25.1304519
  121.6349225  25.1304401
  121.6350498  25.1304523
  121.6351568  25.1304793
  121.6352221  25.1305083
  121.6353064  25.1305432
  121.6355012  25.1306361
  121.6356335  25.1306506
  121.6357344  25.1306443
  121.6358267  25.1306126
  121.6359719  25.1305951
  121.6361254  25.1306418
  121.6362397  25.1307079
  121.6363516  25.1307532
  121.6364888  25.1307781
  121.6367648  25.130806
  121.6370661  25.1308225
  121.6373461  25.130816
  121.6375378  25.1308159
  121.6378038  25.1308231
  121.6379476  25.1308193
  121.6381029  25.1307892
  121.638305   25.1307432
  121.6384567  25.1306913
  121.6385389  25.1306527
  121.6386503  25.1305936
  121.6388227  25.1304672
  121.6388885  25.1304366
  121.6389519  25.1303876
  121.6390419  25.1303272
  121.6391646  25.1302648
  121.6392847  25.1302299
  121.6393542  25.1302027
  121.6394137  25.1301766
  121.6395238  25.1301153
  121.6396593  25.130046
  121.6397781  25.1300054
  121.6398489  25.1299747
  121.6399211  25.1299373
  121.640026   25.1298965
  121.6401941  25.1298412
  121.6403445  25.1297915
  121.6404242  25.1297564
  121.6405342  25.1297157
  121.6406771  25.129666
  121.640776   25.1295919
  121.6408629  25.129426
  121.6409055  25.129292
  121.6409632  25.1291557
  121.6410207  25.1290493
  121.6410908  25.1289361
  121.6411827  25.1287908
  121.6412732  25.1286502
  121.6413266  25.1285805
  121.6413917  25.128481
  121.6414566  25.1283907
  121.6415748  25.1282605
  121.64168    25.1281807
  121.6417522  25.1281364
  121.6418194  25.1280817
  121.6419394  25.1280559
  121.6420985  25.1280235
  121.6422362  25.1279933
  121.6423448  25.1279778
  121.6424646  25.1279716
  121.6425567  25.127964
  121.6426868  25.1279418
  121.6427474  25.1279272
  121.6428409  25.1279002
  121.6429281  25.1278685
  121.6430331  25.1278266
  121.6431055  25.127749
  121.6431791  25.1276817
  121.6432241  25.1275614
  121.6432327  25.127418
  121.6432507  25.1273653
  121.6432615  25.1272736
  121.643277   25.1272128
  121.6433295  25.1270984
  121.643396   25.1269702
  121.6434459  25.1268661
  121.6435339  25.1267231
  121.6436118  25.1265869
  121.6436579  25.1264965
  121.6436899  25.1264256
  121.643722   25.1263443
  121.643827   25.1261142
  121.6438666  25.1260387
  121.6439038  25.1259482
  121.6439246  25.1258691
  121.6440107  25.1256435
  121.6440098  25.1255827
  121.6440534  25.1254819
  121.6441049  25.1253365
  121.6441891  25.1251969
  121.644255   25.1251411
  121.6443324  25.1250818
  121.6443783  25.1250144
  121.6443915  25.1249307
  121.6444166  25.1247667
  121.6444034  25.1246725
  121.6444246  25.1245258
  121.6444218  25.1243834
  121.644454   25.1242803
  121.6444739  25.1241485
  121.6445152  25.1240156
  121.6445981  25.1238841
  121.6446528  25.1238052
  121.6446975  25.1237262
  121.6447497  25.1236565
  121.6448277  25.1235066
  121.6448776  25.1234093
  121.6449005  25.1233693
  121.6449136  25.1232994
  121.6449165  25.1231447
  121.6448785  25.1230201
  121.6448171  25.1228989
  121.6447914  25.1228176
  121.6447731  25.1227283
  121.64475    25.1226619
  121.6447218  25.1226001
  121.6446908  25.1224948
  121.6446764  25.1224054
  121.644667   25.1223183
  121.6446741  25.1222587
  121.6446876  25.1221978
  121.6447212  25.1221311
  121.644766   25.1220392
  121.6448221  25.121938
  121.6448457  25.1218805
  121.644887   25.1218379
  121.6449144  25.1217781
  121.6449668  25.1216976
  121.6450018  25.1216412
  121.6450606  25.121564
  121.6451094  25.1215099
  121.6452562  25.1213922
  121.6453429  25.1213412
  121.6453956  25.1212997
  121.6455288  25.121229
  121.6456456  25.1211573
  121.6457298  25.1211018
  121.645857   25.1210782
  121.6459402  25.1210766
  121.6460338  25.1211163
  121.6461387  25.1211375
  121.6462067  25.1211211
  121.6462441  25.1210532
  121.6462256  25.1209375
  121.6461869  25.1207978
  121.6461698  25.1206959
  121.6461741  25.1205869
  121.6461933  25.1204286
  121.6462252  25.1203034
  121.6462271  25.1202013
  121.6462431  25.1201508
  121.6462588  25.1200395
  121.6456858  25.1190323
  121.645708   25.1189496
  121.6457613  25.1188209
  121.6458134  25.1186785
  121.645852   25.1186037
  121.6458904  25.1185072
  121.6459264  25.1184118
  121.645966   25.1182958
  121.6459866  25.1181661
  121.6459959  25.1180526
  121.6459878  25.1179678
  121.645977   25.11786
  121.6459688  25.1177637
  121.6459389  25.1176401
  121.6459307  25.1175335
  121.6459032  25.117388
  121.6459101  25.1172825
  121.6459397  25.1171791
  121.6459805  25.1170539
  121.6460214  25.1169516
  121.6460283  25.1168507
  121.6460243  25.1168106
  121.6460173  25.1167154
  121.6460142  25.1164425
  121.6460486  25.116291
  121.6460841  25.1161291
  121.6460748  25.1160627
  121.6460645  25.1160318
  121.6460349  25.1159448
  121.6460309  25.1159104
  121.6459889  25.115859
  121.645961   25.1158225
  121.6459187  25.1157241
  121.6458774  25.1155855
  121.6458404  25.1155215
  121.6457997  25.1154736
  121.6457501  25.1154039
  121.6457232  25.1153387
  121.6457165  25.1152894
  121.6457562  25.1151894
  121.6458164  25.1151295
  121.6458802  25.11505
  121.6459277  25.1149856
  121.6459537  25.1149201
  121.6459784  25.1148385
  121.6459876  25.1146986
  121.6459955  25.1145575
  121.6460036  25.1144554
  121.6460145  25.11439
  121.6460418  25.1143233
  121.6460805  25.114252
  121.6461312  25.114105
  121.646146   25.1140556
  121.6461556  25.113989
  121.6461662  25.1138674
  121.6461708  25.1138044
  121.6462377  25.1136251
  121.6463268  25.1135455
  121.6463895  25.1134901
  121.646486   25.1134082
  121.6466039  25.113309
  121.646713   25.113219
  121.6467582  25.1131786
  121.6468497  25.1131024
  121.6469047  25.1130196
  121.646952   25.1129196
  121.6470194  25.1128137
  121.6470516  25.1127356
  121.6470991  25.1126642
  121.6471502  25.1125779
  121.6472065  25.1125031
  121.6472838  25.11238
  121.6473513  25.1122879
  121.6474063  25.1122062
  121.6474587  25.112128
  121.6475276  25.1120473
  121.6476052  25.1119621
  121.6476678  25.1118918
  121.6477431  25.1118283
  121.6478538  25.1117922
  121.6479531  25.1117458
  121.6480662  25.1116878
  121.6481316  25.11166
  121.6484129  25.1114762
  121.6485612  25.1113951
  121.6486302  25.1113363
  121.6486929  25.1112901
  121.6487556  25.1112255
  121.6488284  25.1111712
  121.6488519  25.1111126
  121.6488716  25.1110391
  121.6488521  25.1109475
  121.648806   25.1108445
  121.6487967  25.1107712
  121.6488128  25.1107276
  121.6488753  25.1106401
  121.6489442  25.1105698
  121.6489905  25.1105259
  121.649092   25.1104222
  121.6491673  25.1103645
  121.6492574  25.1102562
  121.6492898  25.1102044
  121.6493323  25.11014
  121.649366   25.1100871
  121.6494249  25.1100374
  121.6494613  25.1100017
  121.6495668  25.109945
  121.6496522  25.1098894
  121.6497264  25.1098524
  121.6497893  25.1098268
  121.6498521  25.1097967
  121.6499829  25.1097467
  121.6500621  25.1097027
  121.6501588  25.1096391
  121.6502039  25.109593
  121.6502389  25.1095515
  121.6502738  25.1094848
  121.6503112  25.1094227
  121.650341   25.1093491
  121.6503858  25.1092526
  121.6504168  25.1091848
  121.6504441  25.1091112
  121.6504802  25.1090388
  121.650511   25.1089309
  121.6505342  25.1088195
  121.6505438  25.1087392
  121.6505383  25.1086807
  121.6505199  25.1085604
  121.6505169  25.1084997
  121.6505072  25.1083575
  121.6504923  25.1082131
  121.6504801  25.1080733
  121.6504961  25.1080273
  121.6505521  25.1079147
  121.6506324  25.1078409
  121.6506736  25.1077902
  121.6507212  25.1077349
  121.6508152  25.1076484
  121.6508728  25.1075839
  121.650909   25.1075241
  121.6509745  25.1073253
  121.6509988  25.1071945
  121.6510136  25.1071382
  121.6510448  25.1070922
  121.6510948  25.1070266
  121.6511971  25.106854
  121.6512558  25.1067734
  121.6513033  25.1066986
  121.6514133  25.1065639
  121.6514695  25.1064776
  121.6515355  25.1063465
  121.6516065  25.1062211
  121.6516439  25.1061453
  121.6516587  25.1060959
  121.6516731  25.1059949
  121.6516749  25.1058802
  121.6516762  25.1056967
  121.6517838  25.1055735
  121.6518264  25.1055366
  121.6518915  25.105464
  121.65194    25.1053594
  121.6519707  25.1052319
  121.6519904  25.1051561
  121.652025   25.1050619
  121.6521197  25.1048906
  121.6521787  25.1048375
  121.6522049  25.1047949
  121.6522123  25.1047738
  121.6522247  25.1047386
  121.6522344  25.104679
  121.6522149  25.1046011
  121.6521863  25.1044728
  121.6521642  25.1043766
  121.6521485  25.1042827
  121.6521404  25.1042082
  121.6520958  25.1039493
  121.652075   25.1038496
  121.6520506  25.1037935
  121.6520173  25.1037135
  121.6519827  25.1036311
  121.6519317  25.1035465
  121.6518847  25.1035009
  121.651824   25.1034645
  121.6516825  25.1034251
  121.6515475  25.1034201
  121.6513974  25.1034244
  121.6511717  25.103421
  121.6510064  25.1034161
  121.650888   25.1034259
  121.6507831  25.1034024
  121.6502355  25.1033594
  121.6501533  25.1033209
  121.65009    25.1032834
  121.6500263  25.1031943
  121.6499802  25.1030764
  121.6499621  25.1030169
  121.6499059  25.1029025
  121.6498588  25.1028443
  121.6497676  25.1027829
  121.6497004  25.1027259
  121.6496205  25.1026667
  121.649556   25.1026326
  121.6495001  25.1025641
  121.6494378  25.1024899
  121.6493994  25.102411
  121.6493421  25.1023265
  121.6492733  25.1022156
  121.6492298  25.102131
  121.649193   25.1020899
  121.6491436  25.1020557
  121.6490828  25.1020159
  121.6490018  25.1019774
  121.6489383  25.1019066
  121.6489253  25.1018585
  121.6489335  25.1017564
  121.6489708  25.1016737
  121.6490546  25.1015711
  121.6491888  25.1014672
  121.6493382  25.1013575
  121.6494662  25.1012697
  121.6495114  25.1012293
  121.6496067  25.1011543
  121.6497146  25.10107
  121.6497798  25.1010157
  121.6499015  25.1009245
  121.6500032  25.1008494
  121.6501098  25.1007686
  121.6502078  25.1007096
  121.6503207  25.1006138
  121.650382   25.1005401
  121.6504406  25.1004423
  121.6504716  25.1003688
  121.6504999  25.1002643
  121.6505406  25.100123
  121.6506029  25.100008
  121.6506802  25.0998803
  121.6507339  25.0998021
  121.6507536  25.0997274
  121.6507579  25.0996116
  121.6507658  25.0994843
  121.6507402  25.0994133
  121.6506698  25.0992681
  121.6506007  25.0991182
  121.6505873  25.0990002
  121.6505838  25.0988523
  121.6505804  25.0987216
  121.6506024  25.0986068
  121.6506523  25.0985366
  121.6507186  25.0984491
  121.6508666  25.0983336
  121.651073   25.0981785
  121.6511679  25.0981519
  121.6513167  25.0981162
  121.6514869  25.0980736
  121.651666   25.0980287
  121.6518256  25.0979889
  121.6520112  25.0979472
  121.6520934  25.0979216
  121.6522749  25.09784
  121.6524312  25.0977526
  121.6525245  25.0976849
  121.6526316  25.0976022
  121.6527161  25.0975275
  121.652827   25.0974345
  121.6529353  25.0973346
  121.6529908  25.0972669
  121.6530538  25.0971739
  121.6531067  25.0970889
  121.653152   25.0969925
  121.6531885  25.0969202
  121.6532275  25.0968307
  121.6532489  25.0967561
  121.6532929  25.0966345
  121.6533395  25.0965197
  121.6533987  25.0964233
  121.6534251  25.0963786
  121.6534717  25.0963154
  121.6535725  25.0962385
  121.6536936  25.096181
  121.6537553  25.0961522
  121.6538638  25.0961223
  121.6539836  25.0961038
  121.6540428  25.09609
  121.65416    25.0960176
  121.6542621  25.0959545
  121.654402   25.0958694
  121.6545546  25.0958062
  121.6546605  25.0957728
  121.6547815  25.0957417
  121.6549253  25.0957072
  121.6551043  25.0956692
  121.6552745  25.0956392
  121.6553754  25.0956184
  121.6554183  25.0956
  121.6555203  25.095515
  121.655606   25.0954278
  121.6557446  25.0952716
  121.6558     25.0952027
  121.6558643  25.0951361
  121.6559096  25.095065
  121.6559764  25.0949903
  121.6560306  25.09491
  121.6561087  25.0947941
  121.6561741  25.0946953
  121.656188   25.0946219
  121.6561841  25.0945577
  121.6561475  25.0944957
  121.6560818  25.0943765
  121.6560123  25.0942366
  121.6559732  25.0941575
  121.6559289  25.0940589
  121.6558835  25.0939889
  121.6558102  25.0938812
  121.6557521  25.0937367
  121.655694   25.0936129
  121.6556813  25.0935693
  121.6556825  25.0935039
  121.6556922  25.0934762
  121.6557014  25.09345
  121.6557518  25.0934258
  121.6558098  25.0933833
  121.6558905  25.0933419
  121.656043   25.0932764
  121.6561603  25.0932384
  121.6562687  25.0932085
  121.6563569  25.0931832
  121.6564692  25.0931796
  121.6566356  25.0931451
  121.6567768  25.0931162
  121.656995   25.0930896
  121.6571173  25.0930517
  121.6572572  25.092985
  121.6573858  25.0929275
  121.6574828  25.092862
  121.6575673  25.0928126
  121.6576643  25.092746
  121.657726   25.0926599
  121.6577839  25.0925577
  121.6578317  25.0924212
  121.6578644  25.0923133
  121.6579236  25.0921756
  121.6579915  25.0920195
  121.6580482  25.0918967
  121.6581174  25.09179
  121.6581754  25.0917199
  121.6582104  25.0916939
  121.6583359  25.0916081
  121.6583842  25.0915795
  121.6585324  25.0915663
  121.6585355  25.0915652
  121.6586125  25.0915415
  121.6588405  25.0915504
  121.6589339  25.0915313
  121.659026   25.0915099
  121.6591183  25.0914495
  121.6592118  25.0913948
  121.6593066  25.0913298
  121.659366   25.0912991
  121.6594419  25.0912386
  121.6594938  25.0912009
  121.6595809  25.0911611
  121.659667   25.0910927
  121.6597731  25.0910369
  121.6599096  25.090948
  121.6600448  25.090874
  121.6601207  25.0908192
  121.6602078  25.0907909
  121.6603112  25.090789
  121.6604534  25.0908183
  121.6605365  25.0908381
  121.6606484  25.0908856
  121.6607226  25.0909318
  121.6607767  25.0909378
  121.6608449  25.0909197
  121.6609106  25.0908855
  121.6609741  25.0907837
  121.6610388  25.0906853
  121.6610833  25.090619
  121.661148   25.0905309
  121.6611975  25.0904508
  121.6612004  25.0903774
  121.661207   25.0903028
  121.6612063  25.0901904
  121.6612107  25.0900711
  121.661239   25.0899485
  121.6613164  25.0898432
  121.6613569  25.0897975
  121.6614342  25.0897141
  121.6615709  25.089585
  121.6616773  25.0894788
  121.6617304  25.0894469
  121.6617974  25.0894035
  121.6618757  25.0893798
  121.6619426  25.0893491
  121.6620952  25.0893233
  121.6622578  25.0893228
  121.6624253  25.0893419
  121.6626079  25.0893621
  121.6628555  25.0895088
  121.6629234  25.0895504
  121.6630101  25.0895909
  121.6630756  25.0896107
  121.6631424  25.0895926
  121.6632686  25.0895713
  121.6634426  25.0895468
  121.6635385  25.0895231
  121.6636949  25.0894951
  121.6638273  25.0894818
  121.6640404  25.0894643
  121.6641829  25.0894466
  121.664285   25.0894309
  121.6644454  25.0893616
  121.6645958  25.0892785
  121.6646679  25.0892203
  121.6647047  25.0891562
  121.6647606  25.0890715
  121.6648241  25.0889628
  121.6648662  25.0888712
  121.6649133  25.0887727
  121.6649211  25.08872
  121.6650273  25.0886527
  121.6652078  25.0885777
  121.6653618  25.0885451
  121.66546    25.0885489
  121.6655459  25.0885194
  121.6656004  25.0884508
  121.6656701  25.0883639
  121.6657248  25.0882701
  121.6657717  25.0882072
  121.6658488  25.0881501
  121.6659613  25.088099
  121.6660496  25.0880741
  121.6661114  25.0880617
  121.6662325  25.0880301
  121.6663271  25.0880167
  121.6663688  25.0879951
  121.6664196  25.0879081
  121.6664542  25.0877866
  121.6664584  25.0877086
  121.6664652  25.0876111
  121.6664756  25.0875343
  121.6664989  25.0874197
  121.6665297  25.0872902
  121.6666212  25.0871403
  121.6667202  25.0869858
  121.6667697  25.0869206
  121.6668244  25.0868107
  121.6669573  25.0866896
  121.6670054  25.0866428
  121.6671142  25.0865686
  121.6672103  25.0864979
  121.6673202  25.0864318
  121.6674328  25.0863531
  121.6674972  25.0863121
  121.6675896  25.0862333
  121.6676644  25.0861338
  121.6677368  25.0860308
  121.6678079  25.085913
  121.667879   25.0858077
  121.6679132  25.0857574
  121.6680433  25.085704
  121.6683635  25.0856766
  121.668448   25.08567
  121.6685614  25.0856774
  121.6687088  25.0856734
  121.6689131  25.0856455
  121.6690419  25.085599
  121.6691659  25.0854894
  121.6692533  25.0854071
  121.6693306  25.0853099
  121.6693751  25.0852229
  121.6694475  25.0851188
  121.6695183  25.0850583
  121.669589   25.0850345
  121.6696749  25.0849901
  121.6697318  25.0849605
  121.6698593  25.0849151
  121.6700068  25.0848997
  121.6701355  25.0848566
  121.6702112  25.0848374
  121.6702618  25.0848043
  121.6703199  25.0847747
  121.6703781  25.0847291
  121.6704122  25.0847017
  121.6705044  25.0846734
  121.6706824  25.0845973
  121.6707368  25.0845676
  121.6708213  25.0845359
  121.670863   25.0845211
  121.6709274  25.084487
  121.6710044  25.0844643
  121.6711345  25.0843995
  121.6712861  25.0843358
  121.6714262  25.0842699
  121.6715538  25.0842222
  121.671733   25.0841564
  121.6718315  25.0841074
  121.6719225  25.0840608
  121.6720602  25.0840005
  121.6721384  25.0839745
  121.672319   25.0838995
  121.672415   25.0838562
  121.6725046  25.0838199
  121.6726107  25.0837607
  121.6726941  25.0837174
  121.6728836  25.0836321
  121.672953   25.0836072
  121.6730528  25.0835479
  121.67314    25.0835012
  121.6732498  25.0834581
  121.6734418  25.0833717
  121.6735165  25.0833043
  121.6735355  25.0832768
  121.67361    25.0832404
  121.6736796  25.0831925
  121.6737883  25.0831126
  121.6738706  25.0830395
  121.6739076  25.0830099
  121.6739718  25.0829585
  121.6739982  25.0829409
  121.6740269  25.0829129
  121.674113   25.0829327
  121.6741961  25.0829628
  121.6742741  25.0829792
  121.674342   25.0830208
  121.6744212  25.0830658
  121.6745744  25.0831674
  121.6746799  25.0832447
  121.6747177  25.0832575
  121.6748068  25.0833335
  121.6748784  25.0833809
  121.6749726  25.0834398
  121.675068   25.0835204
  121.6751923  25.0836276
  121.6753189  25.0837612
  121.6753955  25.0838315
  121.6754858  25.0839248
  121.6755923  25.0840514
  121.6756688  25.0841309
  121.675749   25.0842276
  121.6758167  25.0842944
  121.6759309  25.0844027
  121.6759872  25.0844786
  121.6760587  25.0845615
  121.6761126  25.0846191
  121.6761905  25.0846699
  121.6762871  25.0847563
  121.6763913  25.0848451
  121.6764916  25.0849396
  121.6765807  25.0850202
  121.6766246  25.0850697
  121.6767087  25.0851492
  121.676789   25.085223
  121.6768842  25.0853461
  121.6769707  25.0854463
  121.6769814  25.0854559
  121.6770296  25.0854993
  121.6770922  25.0856016
  121.6771411  25.0856557
  121.6771811  25.0857236
  121.6772869  25.0858633
  121.6773225  25.0859249
  121.6773487  25.0859824
  121.677385   25.0860284
  121.677434   25.0860756
  121.6774792  25.0861125
  121.6776008  25.0862518
  121.6777287  25.086374
  121.6777941  25.0864109
  121.6778593  25.0864858
  121.6779319  25.0865824
  121.67806    25.0866839
  121.678203   25.0868244
  121.6782569  25.0868843
  121.678312   25.0869568
  121.6783445  25.0870039
  121.6784074  25.087034
  121.678519   25.0871538
  121.6786181  25.087246
  121.6786546  25.0872714
  121.6787048  25.0873151
  121.6787638  25.0873624
  121.6788115  25.0874028
  121.6788945  25.0874432
  121.6789975  25.0875102
  121.679167   25.0876371
  121.6792223  25.0876809
  121.679324   25.0877501
  121.6794145  25.0878033
  121.6795717  25.0878807
  121.679759   25.0879779
  121.679837   25.088008
  121.6799325  25.0880589
  121.6800394  25.0881063
  121.6802357  25.0881805
  121.6803703  25.0882189
  121.6804735  25.0882641
  121.6805704  25.0882771
  121.6806714  25.0882534
  121.6808683  25.0881853
  121.6809782  25.088133
  121.6810729  25.0880806
  121.6812106  25.0880204
  121.6813308  25.0879095
  121.6813942  25.0878398
  121.681474   25.0877541
  121.6815449  25.0876752
  121.6815994  25.0875997
  121.6816555  25.0874795
  121.6817016  25.0873064
  121.6817186  25.0871918
  121.6817366  25.0871115
  121.6817307  25.0870186
  121.6817387  25.0869199
  121.6817447  25.0867203
  121.6817603  25.0866206
  121.6817684  25.0865116
  121.6817575  25.0864038
  121.6817718  25.0863097
  121.6817625  25.0861468
  121.6817379  25.0860159
  121.681727   25.0859195
  121.6817324  25.0858461
  121.6817279  25.0857233
  121.6817173  25.0855707
  121.6817041  25.0854318
  121.6816905  25.0853744
  121.6816896  25.0852987
  121.6816889  25.0851748
  121.6816809  25.0850038
  121.6816763  25.0849086
  121.6816603  25.0848248
  121.6816406  25.0847191
  121.6816072  25.0846287
  121.6816058  25.0846249
  121.6815661  25.0844963
  121.6815412  25.084417
  121.6814949  25.0843537
  121.6814346  25.0843214
  121.6813703  25.0843269
  121.6812976  25.0843655
  121.6811073  25.0845013
  121.6810063  25.0845514
  121.6808575  25.0845634
  121.6806646  25.0845868
  121.6805386  25.0845851
  121.6803498  25.0845408
  121.6802139  25.0844978
  121.6800491  25.0844191
  121.6799324  25.0843257
  121.6798613  25.0841683
  121.679872   25.0840249
  121.6798752  25.0838964
  121.6798708  25.0837415
  121.6799109  25.0835214
  121.6799494  25.0833816
  121.6799917  25.0832246
  121.6800454  25.0830734
  121.6800786  25.0829622
  121.6801374  25.0827973
  121.6801872  25.0826529
  121.6802319  25.0825315
  121.6802853  25.0824262
  121.6803399  25.0823346
  121.6804235  25.0822569
  121.6804718  25.0821539
  121.680509   25.0820152
  121.6804945  25.0818832
  121.6804084  25.081705
  121.6802933  25.0815325
  121.6802272  25.0813865
  121.6801534  25.0812681
  121.6800998  25.0811267
  121.680079   25.0810016
  121.6800558  25.0808512
  121.6800101  25.0806422
  121.6799881  25.0805091
  121.6799358  25.0803666
  121.6798609  25.0802229
  121.679772   25.0800849
  121.6797081  25.0800055
  121.6795888  25.0799189
  121.6795134  25.0798728
  121.6793096  25.0798146
  121.6790856  25.0797322
  121.678994   25.0796538
  121.6789692  25.0795826
  121.6789697  25.0794622
  121.6790045  25.0792982
  121.6790207  25.0790838
  121.6790529  25.0789325
  121.679099   25.0787812
  121.6791804  25.0786175
  121.6792249  25.0785385
  121.6793096  25.0784665
  121.6793993  25.0784164
  121.6795862  25.0783437
  121.6797185  25.0783385
  121.679861   25.0783116
  121.6799695  25.0782902
  121.6801301  25.0781818
  121.6802074  25.0780892
  121.680218   25.0779688
  121.6802087  25.0778139
  121.6801992  25.0776911
  121.6801745  25.0775671
  121.6801538  25.0774213
  121.6801531  25.0773112
  121.6802028  25.0771978
  121.6803065  25.0771007
  121.6804126  25.0770598
  121.6805687  25.0770822
  121.6807388  25.0771012
  121.6808989  25.0770824
  121.6811072  25.0770701
  121.681122   25.0770683
  121.681248   25.0770654
  121.6813728  25.0770544
  121.6815039  25.07704
  121.6816304  25.0769499
  121.6816963  25.0768698
  121.681795   25.0767853
  121.6818635  25.0766846
  121.6818735  25.0766939
  121.6819824  25.076591
  121.6821012  25.0765112
  121.6821997  25.0764634
  121.6823249  25.0763778
  121.6824376  25.0762613
  121.6826021  25.0761162
  121.6827199  25.0759928
  121.6828567  25.0758396
  121.6829479  25.0757321
  121.6830188  25.0756601
  121.6830834  25.0756041
  121.683149   25.0755872
  121.6832524  25.0755063
  121.6833026  25.0754537
  121.6833618  25.0753779
  121.6834462  25.075285
  121.6835042  25.0752139
  121.6835634  25.07516
  121.6836356  25.0750943
  121.683663   25.0750694
  121.683765   25.0749695
  121.6838596  25.0748697
  121.6839856  25.0747803
  121.6840789  25.0747321
  121.6841494  25.0746851
  121.6842692  25.0746438
  121.684394   25.0746002
  121.6845087  25.0745692
  121.6845982  25.0745566
  121.684718   25.0745554
  121.6848037  25.0745382
  121.6848856  25.074443
  121.6849599  25.074303
  121.6850065  25.0742273
  121.6850431  25.0741539
  121.6850833  25.0740656
  121.6851337  25.0739956
  121.6851993  25.0739635
  121.6852787  25.0739256
  121.6853972  25.0739233
  121.685493   25.0739073
  121.6855485  25.0738763
  121.6855686  25.0738212
  121.6856076  25.0737065
  121.6856265  25.0736583
  121.6857286  25.0735539
  121.6857866  25.0735115
  121.6858534  25.0734771
  121.685963   25.0734163
  121.686055   25.0733474
  121.6861697  25.0732981
  121.6862428  25.0732614
  121.6863437  25.073192
  121.6864248  25.0731335
  121.6865377  25.0730867
  121.6866704  25.0729972
  121.6867192  25.0729658
  121.6868121  25.0729306
  121.6869012  25.0728931
  121.6869864  25.0728499
  121.6871117  25.0727743
  121.6872193  25.0727045
  121.6872907  25.0726546
  121.6873995  25.0725791
  121.6875939  25.0724891
  121.6876728  25.0724402
  121.6877655  25.0723843
  121.6878302  25.0723034
  121.6878972  25.0722019
  121.6879943  25.0720851
  121.6880679  25.0720053
  121.6881141  25.0719636
  121.6882193  25.0719008
  121.6882691  25.0718464
  121.6883354  25.0717954
  121.6884205  25.0717384
  121.6886479  25.0716699
  121.688802   25.0716331
  121.6888791  25.0716121
  121.6889458  25.0715963
  121.6890955  25.0715721
  121.689302   25.0715555
  121.6894206  25.0715671
  121.689524   25.0715754
  121.689644   25.0715997
  121.6897722  25.0716904
  121.6898558  25.0717322
  121.6899555  25.0717543
  121.6900714  25.0717499
  121.6901594  25.0717285
  121.690241   25.0717003
  121.6903387  25.0716421
  121.6904151  25.0715887
  121.6904636  25.071532
  121.6905319  25.0714259
  121.6906331  25.0712184
  121.6906775  25.0711308
  121.6907047  25.0710709
  121.6907796  25.0710014
  121.6908481  25.0709285
  121.6909496  25.0708703
  121.691064   25.0708452
  121.6911193  25.0708287
  121.6911757  25.0707984
  121.6913357  25.0706719
  121.6914873  25.0705869
  121.6915948  25.0705033
  121.6916485  25.0704558
  121.6917539  25.070409
  121.6918205  25.0703855
  121.6919537  25.0703488
  121.6920717  25.0703123
  121.69219    25.0702929
  121.6923134  25.0702838
  121.6924896  25.0702583
  121.6925853  25.0702563
  121.6927163  25.0702529
  121.6929294  25.0702615
  121.6930001  25.0702781
  121.6930797  25.0702935
  121.6932234  25.0703026
  121.6933205  25.0703064
  121.6934477  25.0703054
  121.6935258  25.070299
  121.693683   25.070269
  121.6938704  25.0702272
  121.6940199  25.0701869
  121.6942111  25.0701532
  121.6944023  25.0701229
  121.6945896  25.0700743
  121.6947656  25.0700384
  121.6949669  25.0699988
  121.6952338  25.0699748
  121.6954153  25.0699824
  121.6955752  25.0699719
  121.6957302  25.0699706
  121.695898   25.0699887
  121.6961894  25.0700161
  121.6963511  25.0700618
  121.6964888  25.0700963
  121.6965354  25.0700936
  121.6966481  25.070018
  121.6967516  25.0699116
  121.6968752  25.0697992
  121.6970204  25.0697027
  121.6971468  25.069619
  121.6971981  25.0695818
  121.6972818  25.0695134
  121.6973832  25.0694494
  121.6974306  25.0694008
  121.6974754  25.0693465
  121.6975681  25.0692872
  121.6976655  25.069198
  121.6977113  25.069123
  121.6978347  25.0689854
  121.6979045  25.0689136
  121.6980055  25.0688095
  121.6980828  25.068725
  121.6981871  25.0685818
  121.6982619  25.0684997
  121.6984005  25.0683746
  121.6984765  25.0682867
  121.6985881  25.0681812
  121.6986125  25.0681581
  121.6987949  25.0680039
  121.69888    25.0679231
  121.699032   25.0677758
  121.6991942  25.0676161
  121.6992926  25.0675062
  121.6993588  25.0674471
  121.699522   25.0673872
  121.699678   25.0673652
  121.6997636  25.0673565
  121.7001086  25.0673454
  121.7003922  25.0673363
  121.7004783  25.0673723
  121.7005931  25.0673943
  121.7007587  25.0674376
  121.7008988  25.0674629
  121.7010059  25.0674654
  121.7011748  25.0674709
  121.7013298  25.067465
  121.7014332  25.0674698
  121.7015239  25.0674748
  121.7016362  25.0674865
  121.7017397  25.067504
  121.7018672  25.0675213
  121.7019914  25.0675971
  121.70207    25.0676401
  121.7021523  25.0676796
  121.7022232  25.0677134
  121.7023409  25.0677641
  121.702394   25.0677808
  121.7024872  25.067772
  121.7026798  25.0677497
  121.7027995  25.0677487
  121.7028937  25.0677507
  121.7029595  25.067752
  121.7030703  25.0677384
  121.7031624  25.0677457
  121.7032706  25.067731
  121.7033827  25.0677243
  121.7035188  25.0677301
  121.7036435  25.0677233
  121.7037281  25.0677409
  121.7037924  25.0677473
  121.703843   25.0677641
  121.7038999  25.0677796
  121.7039644  25.0678078
  121.7040291  25.0678486
  121.7041207  25.0679328
  121.7042102  25.0679354
  121.7042669  25.0679292
  121.7043555  25.0678504
  121.7044117  25.0678006
  121.7045591  25.0676777
  121.7046967  25.0675755
  121.7047966  25.0674829
  121.7048523  25.0673883
  121.7049681  25.0672495
  121.7050477  25.0671547
  121.7051024  25.0670785
  121.705176   25.0670067
  121.7052558  25.0669246
  121.7053961  25.0668407
  121.7056018  25.0667518
  121.7057778  25.066709
  121.7059336  25.0666617
  121.7059825  25.0666441
  121.7060933  25.0666328
  121.7061624  25.066615
  121.7063184  25.0665908
  121.7064405  25.0665737
  121.7065009  25.066572
  121.7066142  25.0665538
  121.7067983  25.0665684
  121.7068766  25.0665872
  121.7069718  25.0666553
  121.7070264  25.0666892
  121.7071241  25.0667584
  121.7071864  25.0668107
  121.7073132  25.0668934
  121.7074437  25.0669578
  121.7075424  25.0669925
  121.707707   25.0670715
  121.7079196  25.0671615
  121.7080221  25.0671985
  121.7081636  25.0672398
  121.7082011  25.0672577
  121.7083466  25.0673253
  121.7084679  25.0673727
  121.7085338  25.0673972
  121.7086149  25.0674251
  121.7086896  25.0674472
  121.7087987  25.0674908
  121.7088887  25.0675219
  121.7089901  25.0675633
  121.7090422  25.0675903
  121.7091119  25.0676148
  121.7091842  25.067645
  121.7092945  25.0676908
  121.7094212  25.0677297
  121.7095515  25.0677604
  121.7096691  25.0677855
  121.7097437  25.0677996
  121.7097944  25.067814
  121.7099245  25.0678298
  121.7099814  25.0678395
  121.7100864  25.0678659
  121.7101458  25.0678779
  121.7102269  25.0679068
  121.7103069  25.0679404
  121.7103669  25.0679577
  121.7104145  25.0679714
  121.7105396  25.067993
  121.7106775  25.0680225
  121.7107747  25.068026
  121.7108643  25.0680331
  121.7109766  25.0680399
  121.7111141  25.0680395
  121.7112025  25.0680489
  121.7113108  25.0680408
  121.7114608  25.0680312
  121.7116054  25.0680032
  121.7116458  25.0680005
  121.7117668  25.0680003
  121.7118476  25.0680064
  121.7120156  25.0680252
  121.7121293  25.0680354
  121.7121873  25.0680348
  121.7122479  25.0680422
  121.7123059  25.0680427
  121.7123689  25.068034
  121.7124076  25.0680049
  121.7124472  25.0679528
  121.7125     25.0678478
  121.7125469  25.0677704
  121.7125825  25.0677024
  121.7126122  25.0676561
  121.7126395  25.0676248
  121.7127479  25.0675319
  121.7128317  25.0674793
  121.7129471  25.0674299
  121.7130526  25.0674012
  121.7131346  25.0674049
  121.7132026  25.0673984
  121.7132846  25.067401
  121.7133857  25.0674102
  121.7134665  25.0674197
  121.7135067  25.0674055
  121.7135841  25.0673518
  121.7136604  25.0673063
  121.7137241  25.0672608
  121.713864   25.0671606
  121.7139616  25.0670999
  121.7140425  25.0670279
  121.7141474  25.0669464
  121.7142135  25.0668975
  121.7143012  25.0668541
  121.7144126  25.0667909
  121.7144714  25.066757
  121.7145517  25.0667252
  121.7146255  25.0666842
  121.7147815  25.0665609
  121.7148426  25.0665074
  121.7149149  25.0664492
  121.7149822  25.06639
  121.7150332  25.066339
  121.7150804  25.0662845
  121.71514    25.0662196
  121.7152122  25.06615
  121.7152681  25.066084
  121.7153117  25.0660422
  121.7153413  25.0659971
  121.7153861  25.0659507
  121.7154222  25.065917
  121.7154655  25.0658546
  121.7156299  25.0657025
  121.7156682  25.0656481
  121.7157518  25.0655784
  121.7158615  25.0654854
  121.7159598  25.0653902
  121.7160407  25.0653159
  121.7160681  25.0652846
  121.7161039  25.0652292
  121.7161496  25.0651598
  121.7162377  25.0650579
  121.716347   25.0649328
  121.7164166  25.0648609
  121.7165277  25.0647736
  121.7166446  25.064653
  121.716743   25.0645635
  121.7168068  25.0645227
  121.7168868  25.0644713
  121.7169407  25.0644478
  121.7170852  25.0644084
  121.7171767  25.0643729
  121.7172504  25.0643205
  121.7173092  25.0642866
  121.7173952  25.0642111
  121.7174464  25.0641703
  121.7175061  25.0641112
  121.717582   25.0640369
  121.7176579  25.0639592
  121.7177475  25.0638756
  121.7178236  25.0638151
  121.7179254  25.0636958
  121.7180012  25.0636101
  121.7180508  25.0635476
  121.7181014  25.063469
  121.718136   25.0634158
  121.7182141  25.0633151
  121.7182858  25.0632099
  121.7183227  25.0631418
  121.7183673  25.0630851
  121.7184819  25.0628934
  121.7185148  25.0628035
  121.7185787  25.0626823
  121.7186214  25.0625751
  121.7186529  25.0624853
  121.7187266  25.0623376
  121.7187791  25.0622165
  121.7188242  25.062099
  121.7188348  25.0620472
  121.7188907  25.061894
  121.7189409  25.0617821
  121.7189591  25.0617303
  121.7190046  25.0616403
  121.7190516  25.0615755
  121.7190987  25.0615176
  121.7191437  25.0614896
  121.7192752  25.0614216
  121.7193468  25.0613991
  121.7194459  25.0613613
  121.71953    25.0613339
  121.7196318  25.061303
  121.719737   25.0612559
  121.7198048  25.0612277
  121.7198811  25.0611878
  121.7199601  25.0611502
  121.7200164  25.0611175
  121.7200977  25.0610707
  121.7202341  25.06099
  121.7203454  25.0609257
  121.7204202  25.0608595
  121.7205358  25.06074
  121.7206015  25.0606579
  121.7206448  25.0605943
  121.7206954  25.0605088
  121.7207388  25.060459
  121.7208063  25.0604181
  121.7210074  25.060362
  121.7211142  25.0603378
  121.7211885  25.0603256
  121.7212576  25.0603088
  121.7213293  25.0602953
  121.7215326  25.0602266
  121.7216191  25.0601889
  121.7217134  25.0601672
  121.7217929  25.0601652
  121.7219149  25.0601467
  121.7219914  25.0601114
  121.7220293  25.0600238
  121.7220405  25.0599227
  121.7220321  25.0598654
  121.7220225  25.0597175
  121.7220115  25.0595569
  121.7220045  25.0595054
  121.7219932  25.0594171
  121.7219992  25.0593023
  121.7220229  25.0591908
  121.7220629  25.0590698
  121.7220786  25.0590249
  121.7221129  25.0589476
  121.7221411  25.0588911
  121.7222195  25.0588145
  121.7223525  25.0586753
  121.7224038  25.0586415
  121.7224786  25.0585822
  121.7225424  25.0585402
  121.7226086  25.0584981
  121.7227015  25.0584661
  121.7228287  25.0584544
  121.7229396  25.0584486
  121.7230318  25.0584591
  121.7230974  25.0584595
  121.7232425  25.0584614
  121.7234342  25.0584616
  121.7235995  25.0584701
  121.723771   25.0584683
  121.7239373  25.0584573
  121.7241138  25.0584554
  121.7242271  25.0584404
  121.7242927  25.0584419
  121.7244314  25.0584427
  121.7246117  25.0584396
  121.7247441  25.0584359
  121.7248702  25.0584334
  121.7250165  25.0584329
  121.7251752  25.0584197
  121.7253     25.0584218
  121.7254374  25.0584169
  121.7255635  25.0584155
  121.725668   25.0583983
  121.7257334  25.0583895
  121.7258062  25.0583646
  121.7258816  25.058342
  121.7259493  25.0583149
  121.7260343  25.0582612
  121.7261329  25.0581809
  121.7262076  25.058117
  121.7262296  25.0580663
  121.7262917  25.0579898
  121.726363   25.0578571
  121.7264493  25.0577116
  121.7265106  25.0575893
  121.7265682  25.0574693
  121.7266417  25.0573113
  121.7266947  25.0572177
  121.7267557  25.0570702
  121.7268258  25.056942
  121.7269093  25.0567736
  121.7269413  25.0567182
  121.7269415  25.056639
  121.7269476  25.0565333
  121.7269498  25.0564174
  121.7269785  25.0563046
  121.7270752  25.0561819
  121.7271432  25.0560825
  121.7272316  25.0560035
  121.727308   25.0559637
  121.7274009  25.0559351
  121.7274738  25.0559114
  121.7275373  25.0558556
  121.7276192  25.0557571
  121.7277148  25.0556494
  121.7277978  25.0555429
  121.7278461  25.0554781
  121.7279252  25.0553602
  121.7279796  25.055277
  121.7280377  25.0551949
  121.7281368  25.055063
  121.7282123  25.0549646
  121.7282222  25.0549551
  121.7283181  25.0548636
  121.7283973  25.0547537
  121.7284746  25.0546829
  121.7285506  25.0546155
  121.7286241  25.0545516
  121.7287178  25.0544851
  121.7287988  25.0544177
  121.7289842  25.0543273
  121.7290843  25.05427
  121.7291895  25.0542195
  121.7292685  25.0541888
  121.7293577  25.0541637
  121.7294428  25.0541157
  121.7295569  25.0540628
  121.7296721  25.0540031
  121.7297242  25.0539405
  121.729782   25.0538378
  121.7298112  25.0537583
  121.7298478  25.0536661
  121.7299064  25.0535266
  121.729953   25.053432
  121.7300616  25.0533505
  121.7300875  25.0533483
  121.7302966  25.0533379
  121.7304944  25.0533237
  121.7306413  25.0532904
  121.7307264  25.0532813
  121.7307975  25.0532369
  121.7309115  25.0531944
  121.7309906  25.0531519
  121.7310718  25.0531002
  121.7311998  25.0530681
  121.731287   25.0530602
  121.7313531  25.0530598
  121.7317095  25.0530662
  121.731747   25.0530462
  121.7318945  25.0529198
  121.7320219  25.0527613
  121.7321059  25.0527124
  121.7322065  25.0527289
  121.7322969  25.0527692
  121.7324169  25.0528749
  121.7324751  25.0529492
  121.7325496  25.0530694
  121.7326456  25.053175
  121.7328038  25.0533226
  121.7329433  25.0533818
  121.7330237  25.0534034
  121.7331183  25.0534192
  121.7333087  25.0534769
  121.7334831  25.0535808
  121.7335971  25.05363
  121.7337191  25.0536591
  121.7338351  25.0536956
  121.734051   25.0537818
  121.7341711  25.0538207
  121.7342513  25.0538544
  121.7345399  25.0540218
  121.7346284  25.054074
  121.7348141  25.0541632
  121.7349167  25.0541882
  121.7351742  25.0542356
  121.7353714  25.054259
  121.735478   25.0542796
  121.7355819  25.0542854
  121.7358535  25.054249
  121.7359252  25.0542514
  121.7360028  25.0542476
  121.7361284  25.0542733
  121.7363081  25.0543417
  121.7364067  25.0543929
  121.7364831  25.0544227
  121.7367051  25.0545332
  121.7368822  25.0546002
  121.7370102  25.0546584
  121.7371517  25.0547088
  121.7372256  25.0547369
  121.7373421  25.0547471
  121.7374923  25.0547665
  121.7377061  25.054734
  121.7377599  25.0547106
  121.7378363  25.0546566
  121.7378913  25.0545995
  121.7379731  25.0544913
  121.7380751  25.0543656
  121.7381649  25.0542915
  121.7382655  25.0542271
  121.7383948  25.0541594
  121.738529   25.0541414
  121.7385773  25.0541414
  121.7386839  25.054105
  121.7387811  25.0540946
  121.7388951  25.0540278
  121.7390278  25.0539625
  121.7391352  25.0538821
  121.7391922  25.0538262
  121.739288   25.0537484
  121.7393424  25.0537056
  121.7394403  25.053619
  121.7395123  25.0534766
  121.7395678  25.0532897
  121.7396233  25.0531841
  121.739688   25.0531179
  121.7397984  25.0530606
  121.74008    25.0530553
  121.7402603  25.0530583
  121.7404099  25.0530517
  121.740634   25.0530791
  121.7408142  25.0530869
  121.7409356  25.0530796
  121.7410035  25.053056
  121.7411455  25.0529478
  121.7412176  25.0528913
  121.7412923  25.0528463
  121.7414305  25.0528056
  121.7415823  25.0527926
  121.7416517  25.0528178
  121.7417128  25.0528469
  121.7418019  25.0528761
  121.7418878  25.0529247
  121.7420346  25.0529751
  121.7421084  25.0529885
  121.7422378  25.0529763
  121.742358   25.0529393
  121.7424832  25.0528524
  121.742597   25.052761
  121.7426664  25.0526808
  121.7428326  25.0525444
  121.7429265  25.0524918
  121.7431162  25.0524727
  121.7432494  25.0524939
  121.7433543  25.0525499
  121.7434535  25.0526386
  121.7434891  25.0527704
  121.7434944  25.052877
  121.7435253  25.0529721
  121.7435689  25.0530438
  121.7436189  25.0530863
  121.7437164  25.0531304
  121.7437883  25.0531319
  121.7439149  25.0531112
  121.7440744  25.053065
  121.7441462  25.0530602
  121.744338   25.0530195
  121.7444821  25.0530182
  121.7446303  25.0530219
  121.744806   25.0530595
  121.7449153  25.0530681
  121.7450215  25.0530707
  121.745156   25.0530474
  121.7453056  25.0530103
  121.7454015  25.053
  121.7455181  25.0529824
  121.7456637  25.0529775
  121.7457904  25.0529945
  121.7459114  25.0529983
  121.7460553  25.0530541
  121.7461947  25.0531252
  121.7463141  25.0532102
  121.7463885  25.0532843
  121.7464676  25.0533657
  121.7466205  25.0535207
  121.7466911  25.0535804
  121.7468559  25.0536445
  121.7470691  25.0536822
  121.7472629  25.0536773
  121.7474024  25.053681
  121.7475369  25.0536931
  121.7476105  25.0537158
  121.7476217  25.0537211
  121.747674   25.0537697
  121.7477135  25.0538541
  121.7477437  25.0539495
  121.7477531  25.0540163
  121.7478058  25.0542295
  121.7478509  25.0543581
  121.7478698  25.0544567
  121.7479221  25.0545642
  121.7479388  25.0546221
  121.7479938  25.0547039
  121.7480543  25.0548084
  121.7480877  25.0548986
  121.7481447  25.0549949
  121.7481789  25.0550484
  121.7482996  25.0551668
  121.7483707  25.0552318
  121.748484   25.0552956
  121.7485504  25.0553254
  121.748656   25.0553497
  121.7488392  25.0553726
  121.7489708  25.0553879
  121.7491467  25.0554005
  121.7492545  25.055456
  121.7493555  25.0555533
  121.7494355  25.0556437
  121.7494657  25.055668
  121.7495676  25.0557858
  121.7496701  25.0559269
  121.7497607  25.0560094
  121.749807   25.0560628
  121.7498533  25.056112
  121.7498995  25.0561558
  121.7499914  25.0562335
  121.7501426  25.0563781
  121.7502919  25.0565037
  121.7505352  25.0567359
  121.7506224  25.056816
  121.7507297  25.0569272
  121.7508296  25.0570469
  121.7509872  25.0571586
  121.751079   25.0572109
  121.7511414  25.0572589
  121.7512705  25.0573113
  121.751354   25.0573512
  121.7514519  25.0573883
  121.7515216  25.0574089
  121.7516001  25.057449
  121.7517502  25.0574996
  121.7519407  25.0575596
  121.7520078  25.0575723
  121.7520708  25.0575997
  121.7521481  25.0576179
  121.7521937  25.0576154
  121.7523631  25.0576051
  121.7524926  25.0575845
  121.7525958  25.0575826
  121.7527038  25.0576057
  121.7528647  25.0576756
  121.7530531  25.05776
  121.7531577  25.0578171
  121.753253   25.057856
  121.7533756  25.0579081
  121.7534521  25.0579198
  121.7539488  25.0580457
  121.7540073  25.0580443
  121.7541247  25.058068
  121.754173   25.0580686
  121.7542461  25.0580479
  121.7543191  25.0580449
  121.7544714  25.0580291
  121.7546068  25.0580303
  121.7547651  25.058051
  121.7548549  25.0580838
  121.7549542  25.0581476
  121.7550742  25.0582144
  121.7552324  25.0582952
  121.7553062  25.0583195
  121.7553712  25.0583158
  121.7554235  25.058297
  121.7555074  25.0582448
  121.7555476  25.0582514
  121.7555898  25.0582873
  121.7556328  25.0583401
  121.7556944  25.0584075
  121.7557749  25.0584889
  121.7558463  25.0585796
  121.7559164  25.0586469
  121.7560519  25.0587471
  121.756184   25.0588376
  121.7562792  25.0588838
  121.7564408  25.0589627
  121.756536   25.0590362
  121.7566104  25.0591031
  121.7566557  25.0591811
  121.7567073  25.059252
  121.7567536  25.059288
  121.756882   25.0593397
  121.7569933  25.0593445
  121.757052   25.0593512
  121.757112   25.0593333
  121.7572052  25.059318
  121.7573319  25.0592883
  121.7574868  25.0592209
  121.7576216  25.059144
  121.7576939  25.0590935
  121.7578247  25.0590306
  121.7579056  25.0590178
  121.7579462  25.0590211
  121.7579971  25.0590636
  121.7580628  25.0591547
  121.7581512  25.0593026
  121.7583384  25.0593904
  121.7585631  25.0594736
  121.7588058  25.0595331
  121.7589488  25.0595471
  121.759127   25.0595094
  121.7592926  25.0594511
  121.7593423  25.0593964
  121.7594362  25.0592706
  121.7596252  25.0589391
  121.7596608  25.0588431
  121.7597808  25.0586657
  121.759874   25.0585539
  121.7602199  25.0583493
  121.7602555  25.0583104
  121.7603085  25.0582192
  121.7603742  25.0581312
  121.7604433  25.0580583
  121.7604922  25.0580097
  121.7605513  25.0579635
  121.7607075  25.0579362
  121.7608743  25.057953
  121.761126   25.0579596
  121.7613256  25.0579534
  121.7617026  25.0578432
  121.7618319  25.0577689
  121.7618842  25.0577097
  121.7619964  25.0574897
  121.7620668  25.0574027
  121.7622679  25.0570961
  121.7623373  25.0569804
  121.762438   25.0569435
  121.762504   25.0569529
  121.7626259  25.0569685
  121.762986   25.0571416
  121.7630652  25.0571987
  121.763387   25.0572722
  121.7637109  25.0573287
  121.7639161  25.0573919
  121.7640301  25.057446
  121.7641126  25.0575213
  121.7642198  25.0576561
  121.7642876  25.0578001
  121.7643181  25.0579852
  121.7643608  25.0580971
  121.7644874  25.0582715
  121.7646074  25.0584009
  121.7646829  25.0585074
  121.7646728  25.0585813
  121.7646517  25.0586554
  121.7646014  25.0587228
  121.7645283  25.0589202
  121.7645196  25.0590678
  121.7645417  25.0591286
  121.7645769  25.0591927
  121.7646262  25.0592804
  121.7646866  25.0593722
  121.7647241  25.0594214
  121.7648066  25.0595434
  121.7649353  25.0596516
  121.765044   25.0597105
  121.7651846  25.0597734
  121.7653933  25.0598198
  121.7655784  25.0598569
  121.7657279  25.059903
  121.7658671  25.059957
  121.7659138  25.0599887
  121.7659707  25.0600707
  121.7660692  25.060228
  121.7661282  25.0603058
  121.7662248  25.060389
  121.76631    25.0604309
  121.7664112  25.0605153
  121.7665701  25.0606307
  121.7666694  25.0607291
  121.7667351  25.0608178
  121.766818   25.0609379
  121.7668994  25.06109
  121.7669597  25.0612175
  121.7670335  25.0613791
  121.7671153  25.0614933
  121.7671683  25.061585
  121.7672575  25.0617168
  121.7673448  25.0618232
  121.7674425  25.0618711
  121.7676558  25.0619586
  121.7678194  25.0620242
  121.7679756  25.0620977
  121.768044   25.0621517
  121.7681406  25.0622046
  121.7682412  25.0622684
  121.7683102  25.0623309
  121.7685014  25.0625568
  121.7686267  25.0626826
  121.7687219  25.06273
  121.7689057  25.062747
  121.7692074  25.0630252
  121.7695239  25.0632305
  121.7696706  25.0633359
  121.7698344  25.0634255
  121.7699929  25.0634843
  121.7700939  25.0634984
  121.770224   25.0634941
  121.7703544  25.0634689
  121.7704272  25.0634771
  121.7705311  25.0634577
  121.7706458  25.0634455
  121.7708751  25.063372
  121.7710488  25.063338
  121.7712083  25.0632882
  121.7713539  25.0632293
  121.7714303  25.0631758
  121.7715248  25.0631254
  121.7716274  25.0631369
  121.7717206  25.0632062
  121.7717897  25.0633022
  121.77184    25.0633921
  121.771889   25.0634504
  121.7719596  25.0635102
  121.7720358  25.0636192
  121.7721511  25.0638124
  121.7721874  25.0638932
  121.7722303  25.0640378
  121.7723247  25.0642982
  121.772365   25.0645
  121.772414   25.0647035
  121.7724536  25.0650096
  121.7725042  25.0652089
  121.7725776  25.0653528
  121.7725971  25.0654129
  121.7726286  25.0654779
  121.7726903  25.0656043
  121.7727553  25.0657002
  121.7727962  25.0657877
  121.7728245  25.0658719
  121.772882   25.0661959
  121.7729015  25.0663744
  121.77299    25.066635
  121.7730505  25.0668383
  121.7731318  25.0669208
  121.7732462  25.0669994
  121.7733595  25.0670729
  121.7734242  25.0671604
  121.7734725  25.0672415
  121.7735439  25.0673772
  121.7737179  25.0676914
  121.7737745  25.0677508
  121.773857   25.0678055
  121.7739965  25.0678668
  121.7741174  25.0679642
  121.7742258  25.0680515
  121.7743083  25.0681508
  121.7744169  25.0682422
  121.7745551  25.0684116
  121.7746138  25.0685097
  121.7746758  25.0686297
  121.7747294  25.068719
  121.7748964  25.0690178
  121.7749567  25.0691144
  121.7750332  25.0692134
  121.775125   25.0693177
  121.775233   25.0694424
  121.7753363  25.0695517
  121.7754393  25.0696462
  121.7754999  25.0696938
  121.7755911  25.0698019
  121.7756239  25.0698845
  121.775697   25.0699951
  121.7756806  25.0700624
  121.7756303  25.0702081
  121.7753836  25.0704243
  121.7752665  25.0705235
  121.7751629  25.0706016
  121.7750452  25.0707397
  121.7749299  25.0709001
  121.7748843  25.0709839
  121.7748038  25.0710993
  121.7747435  25.0711722
  121.7746686  25.0712328
  121.774571   25.071373
  121.7744596  25.0716535
  121.7743693  25.0717941
  121.7743103  25.071895
  121.7741802  25.072116
  121.774103   25.0723083
  121.7739522  25.072512
  121.7738899  25.0725849
  121.7738517  25.07267
  121.7738087  25.072727
  121.7737672  25.0727975
  121.7736961  25.0729348
  121.7736424  25.0730635
  121.7735928  25.0731231
  121.773448   25.073219
  121.7733265  25.0733274
  121.773047   25.0735185
  121.772819   25.0737013
  121.7726956  25.0738021
  121.7725897  25.0738786
  121.7724341  25.0739636
  121.7722987  25.0740256
  121.7721642  25.0741228
  121.7719124  25.0745273
  121.7718387  25.0747131
  121.7717333  25.0749237
  121.7716737  25.0751367
  121.7716045  25.0755839
  121.7714981  25.0758835
  121.7713183  25.0761392
  121.771152   25.0763044
  121.7707416  25.0767028
  121.7704627  25.07697
  121.7703098  25.0771231
  121.7699022  25.0774937
  121.7696768  25.0776964
  121.7694195  25.0779019
  121.7692664  25.0779734
  121.769121   25.0780245
  121.7689003  25.0781556
  121.7687421  25.078305
  121.7685597  25.0784143
  121.7684553  25.0784733
  121.7683679  25.0784908
  121.7682244  25.0784933
  121.767936   25.0784981
  121.7674881  25.0786317
  121.7672628  25.0787168
  121.7670827  25.0787722
  121.7668283  25.0787714
  121.7665239  25.0787447
  121.766257   25.0787374
  121.7659888  25.0787216
  121.7657286  25.0786852
  121.7655274  25.0786779
  121.7651639  25.0786252
  121.763881   25.0786415
  121.7633862  25.078596
  121.7631952  25.0785935
  121.7629927  25.0785637
  121.7628452  25.078526
  121.7625676  25.078509
  121.7623128  25.0785103
  121.7620217  25.0784691
  121.7619238  25.078426
  121.7618206  25.0784082
  121.7616865  25.0783888
  121.7615922  25.0784275
  121.7614478  25.0785661
  121.7613056  25.0788042
  121.7612493  25.0788698
  121.7611306  25.0790684
  121.7610756  25.0791607
  121.76102    25.0792712
  121.7609616  25.0793709
  121.7609241  25.0794541
  121.7608456  25.079618
  121.7607008  25.0798938
  121.760623   25.0800237
  121.7605546  25.0801671
  121.7602301  25.0806481
  121.7600262  25.0810198
  121.7598465  25.0815032
  121.759809   25.0816057
  121.7597298  25.0822089
  121.7596418  25.0827611
  121.7596167  25.0828476
  121.7594167  25.0833871
  121.7593503  25.083545
  121.7593048  25.0837015
  121.7592198  25.0840229
  121.7591223  25.0844742
  121.7591169  25.0847596
  121.7591384  25.0850645
  121.7593557  25.0859147
  121.7594066  25.0861127
  121.7595085  25.0864309
  121.7595823  25.0867746
  121.7595541  25.0870224
  121.7594549  25.0872435
  121.759361   25.0873698
  121.7592725  25.0874669
  121.7591813  25.0876467
  121.7591438  25.0878022
  121.759125   25.0880329
  121.7591545  25.088407
  121.7591679  25.0885674
  121.759184   25.0886791
  121.7592055  25.0887572
  121.759243   25.0888625
  121.7593141  25.0891127
  121.7593901  25.0893025
  121.7594469  25.08942
  121.7595005  25.0895317
  121.7595555  25.0896155
  121.7596708  25.0898439
  121.7597231  25.0899447
  121.7597916  25.0901007
  121.7598196  25.0902413
  121.7597432  25.0904597
  121.7596676  25.0906957
  121.7595971  25.0908726
  121.7595179  25.0910499
  121.7594153  25.0912521
  121.7593275  25.0913936
  121.759247   25.0914738
  121.7591131  25.0916448
  121.7590693  25.091744
  121.7589842  25.0918825
  121.7589473  25.0920094
  121.7588588  25.0922001
  121.7587776  25.0924509
  121.7587678  25.092524
  121.7586958  25.0927272
  121.7586449  25.0929167
  121.7585765  25.0931256
  121.7585497  25.0932191
  121.7585255  25.0933211
  121.7585     25.0934146
  121.7584625  25.0936308
  121.7584565  25.0937286
  121.7584196  25.0938585
  121.758386   25.0940316
  121.7583579  25.0941239
  121.7583598  25.0944082
  121.7583579  25.0947761
  121.7583968  25.0948988
  121.7584732  25.0950384
  121.7585336  25.0951623
  121.7585966  25.0952522
  121.7587953  25.0954782
  121.7589151  25.0956937
  121.7590351  25.095891
  121.7592511  25.0961096
  121.7593114  25.0961473
  121.7593832  25.0962311
  121.7594435  25.0962833
  121.759463   25.0963635
  121.7594712  25.0965484
  121.7593718  25.097046
  121.759353   25.0971468
  121.7593463  25.0972355
  121.7593275  25.0973035
  121.7593221  25.0973618
  121.7593048  25.0975274
  121.7592967  25.0975731
  121.7593074  25.0977201
  121.7593275  25.0978172
  121.7593423  25.0978828
  121.759374   25.0979525
  121.7594013  25.0981208
  121.7593972  25.0983054
  121.7593302  25.0987621
  121.7593457  25.0989453
  121.7593583  25.099192
  121.7593839  25.0993307
  121.7594542  25.0994958
  121.7595528  25.0997127
  121.7596252  25.0999128
  121.7597352  25.1001806
  121.7598063  25.1002972
  121.7598358  25.1004016
  121.7598867  25.1005206
  121.7598881  25.1006154
  121.7598666  25.1006469
  121.7597285  25.1007174
  121.7596051  25.1007878
  121.7594093  25.1008485
  121.7590482  25.1009689
  121.7588684  25.1010431
  121.7585896  25.1011382
  121.7582694  25.101259
  121.7579991  25.1013877
  121.7577249  25.1015238
  121.7573167  25.1016781
  121.7571033  25.1017223
  121.756878   25.1017739
  121.7568002  25.1018219
  121.7567807  25.1018735
  121.7567773  25.1018993
  121.7567709  25.1021249
  121.7567646  25.1022257
  121.7567405  25.1023387
  121.7567204  25.1025645
  121.7567043  25.102669
  121.7566948  25.1027547
  121.7567378  25.1027929
  121.7568143  25.1028147
  121.7569497  25.1027334
  121.7570932  25.1026131
  121.7571911  25.102584
  121.7573038  25.1025864
  121.7574057  25.1026398
  121.7575023  25.1027163
  121.7575224  25.1027965
  121.7575389  25.1029507
  121.757635   25.1030309
  121.7576992  25.1032053
  121.7577326  25.103233
  121.7578067  25.1032738
  121.7580266  25.1033709
  121.7580535  25.1034547
  121.7580581  25.1035628
  121.7580514  25.1036861
  121.7580273  25.1038148
  121.7579958  25.1038831
  121.7579428  25.1039454
  121.7578315  25.1039885
  121.7577416  25.1039933
  121.7576122  25.1040243
  121.7575304  25.1040644
  121.7574593  25.1041397
  121.7574318  25.1042368
  121.7574286  25.1043207
  121.7574674  25.1044323
  121.7574714  25.1046024
  121.7574473  25.1047347
  121.7573963  25.1048792
  121.7573105  25.1050262
  121.7572707  25.1052095
  121.7572568  25.105348
  121.7573158  25.1055909
  121.7573775  25.1057233
  121.75745    25.1059346
  121.7574741  25.1060099
  121.7575154  25.1060816
  121.7575304  25.1062054
  121.7575345  25.1063345
  121.7575161  25.1064037
  121.7574634  25.1065053
  121.7574044  25.1066316
  121.7572729  25.1067676
  121.7571737  25.106832
  121.7570852  25.1068684
  121.7569497  25.1069765
  121.7568123  25.1071057
  121.7566922  25.1072674
  121.7565648  25.1074872
  121.7565279  25.1075303
  121.7565036  25.1075908
  121.7563449  25.1078029
  121.7562979  25.1078891
  121.7562562  25.1080002
  121.7561625  25.1081958
  121.7560597  25.108401
  121.7559627  25.1084945
  121.7558922  25.1085322
  121.7557669  25.1085771
  121.7555979  25.1086123
  121.7553484  25.1086427
  121.7551342  25.1086805
  121.7549917  25.1087264
  121.7548442  25.108788
  121.7547664  25.1087787
  121.7546551  25.1087598
  121.7545605  25.1087465
  121.7543641  25.1087082
  121.7542005  25.1086991
  121.7540549  25.108721
  121.7540194  25.1087234
  121.7539577  25.1087143
  121.7538905  25.1086721
  121.7537539  25.1084641
  121.7536573  25.1083779
  121.7536094  25.1082964
  121.7535259  25.1081788
  121.7534604  25.1080691
  121.7533864  25.1079249
  121.7532927  25.1076712
  121.7532201  25.1075801
  121.7531759  25.1075546
  121.7531222  25.1074805
  121.7530766  25.1074076
  121.7529747  25.1072801
  121.7528902  25.107155
  121.7528634  25.1070943
  121.7527561  25.1068891
  121.752732   25.1068496
  121.7526542  25.1069109
  121.7525992  25.1069789
  121.7525033  25.1070959
  121.7522652  25.1072595
  121.7520654  25.1073603
  121.7519206  25.1074781
  121.7518643  25.1075242
  121.7517382  25.1076262
  121.7515397  25.1077209
  121.7513666  25.1077561
  121.7511906  25.1077516
  121.7510439  25.1077245
  121.7508904  25.1077454
  121.7508021  25.1078254
  121.750727   25.1079262
  121.7506479  25.1080585
  121.7505674  25.1082115
  121.7504548  25.1083876
  121.7502606  25.108773
  121.7500725  25.1091697
  121.750039   25.1092936
  121.7499847  25.1094897
  121.7499854  25.1095947
  121.7500016  25.1096597
  121.7500335  25.1097253
  121.7501023  25.1097932
  121.7502428  25.1098907
  121.7504829  25.1100015
  121.7505889  25.1100635
  121.750664   25.1101363
  121.7507163  25.1102092
  121.7507672  25.110293
  121.7508061  25.1103209
  121.7508785  25.1103428
  121.7509831  25.1103828
  121.7511729  25.1104277
  121.7512588  25.1104566
  121.7513841  25.1105565
  121.7515119  25.1106807
  121.7515813  25.1107787
  121.7517382  25.1109439
  121.7517838  25.1110009
  121.7518304  25.1110094
  121.7519073  25.11102
  121.7520279  25.1109767
  121.7521405  25.1109597
  121.7523122  25.1108892
  121.7526501  25.1108054
  121.7528754  25.1107994
  121.7530189  25.1107775
  121.7533958  25.1107824
  121.7537297  25.1107544
  121.7538631  25.1107222
  121.7539428  25.1107163
  121.7540891  25.1106816
  121.7541642  25.1106476
  121.7543708  25.1105941
  121.7545719  25.110531
  121.7547356  25.110463
  121.7548952  25.1104183
  121.755034   25.1104011
  121.7551875  25.1104017
  121.7553558  25.1104375
  121.7558325  25.1105802
  121.7559258  25.1105826
  121.7560337  25.1105589
  121.7561658  25.1105188
  121.7563402  25.1104405
  121.7565481  25.1103397
  121.7567157  25.1102845
  121.7568887  25.1102043
  121.7570056  25.1101308
  121.7570644  25.1101181
  121.7571335  25.1101211
  121.7572086  25.1101649
  121.7572733  25.1102268
  121.7573286  25.1103488
  121.7573606  25.1104472
  121.7573802  25.1105219
  121.7574102  25.1105872
  121.7574117  25.1106561
  121.7574365  25.1107283
  121.757463   25.1108207
  121.7575711  25.1109922
  121.7577857  25.1111549
  121.7579972  25.1112507
  121.7581611  25.1113567
  121.7585606  25.1118513
  121.7586516  25.1119447
  121.7587755  25.1120925
  121.7588411  25.1121637
  121.7590234  25.1123137
  121.7591223  25.1124157
  121.7592645  25.1125189
  121.7593881  25.1125893
  121.7595622  25.1126148
  121.7598894  25.1126172
  121.7601831  25.1126063
  121.7604752  25.1125816
  121.7607118  25.1125299
  121.7610682  25.1123763
  121.7612571  25.1123622
  121.7614516  25.1123939
  121.7618099  25.1125116
  121.7619698  25.1125973
  121.7621908  25.1126622
  121.7623061  25.1127387
  121.7624094  25.1128382
  121.7625166  25.1129876
  121.7625877  25.113086
  121.7626843  25.1132038
  121.7628278  25.1133058
  121.7629885  25.1133775
  121.7632783  25.1134495
  121.7635533  25.1134053
  121.7637046  25.1133859
  121.7647418  25.113356
  121.7650004  25.1133046
  121.7651854  25.1132973
  121.765459   25.1132487
  121.7657222  25.1130823
  121.7658136  25.1129932
  121.7660572  25.112848
  121.7663187  25.112701
  121.7664903  25.1126172
  121.7667398  25.1125286
  121.7668347  25.1125112
  121.766894   25.1125225
  121.7670147  25.1126221
  121.7672186  25.1128455
  121.7674269  25.1131507
  121.7677773  25.1136454
  121.768081   25.1139835
  121.7685991  25.1140454
  121.7687045  25.1141133
  121.7688775  25.1142651
  121.7690522  25.1143772
  121.7691886  25.1144855
  121.7693854  25.1146479
  121.7694877  25.1147229
  121.7696253  25.1148637
  121.7697264  25.1149694
  121.7699504  25.1154175
  121.770004   25.1155243
  121.7700765  25.1157198
  121.7701516  25.1158437
  121.7701784  25.115919
  121.7702773  25.1161327
  121.7702937  25.1162468
  121.7703366  25.1164411
  121.7703795  25.1166318
  121.7704399  25.1167447
  121.7704976  25.1168151
  121.7706209  25.1169256
  121.7707685  25.1170203
  121.7709924  25.1171369
  121.7711909  25.1172511
  121.7713555  25.1173991
  121.7714109  25.1174976
  121.7715047  25.1178679
  121.7714915  25.1180131
  121.7714934  25.1182413
  121.7714977  25.1183918
  121.7715684  25.118526
  121.7718662  25.1189377
  121.7719339  25.1190603
  121.7720204  25.1191344
  121.7722247  25.1192658
  121.7723805  25.1193952
  121.7724719  25.1195002
  121.772528   25.1196043
  121.7725937  25.1197003
  121.7728445  25.1199978
  121.7729719  25.1201095
  121.7730765  25.1201629
  121.7732455  25.120226
  121.7733957  25.1202613
  121.7735285  25.1202745
  121.7735823  25.1202778
  121.7736998  25.1202792
  121.7739062  25.1202303
  121.7741801  25.1200957
  121.7743036  25.1200563
  121.7749053  25.1198909
  121.7749858  25.1198348
  121.7750747  25.1197391
  121.7755338  25.1190409
  121.7758424  25.1187098
  121.7760444  25.1186196
  121.7761128  25.1185989
  121.7763743  25.1186281
  121.776672   25.1186742
  121.7767345  25.1186936
  121.7768785  25.11869
  121.7770368  25.1186827
  121.7771065  25.1186536
  121.7771736  25.1186074
  121.7772822  25.1184836
  121.7773654  25.1183816
  121.7774016  25.1183536
  121.7774663  25.1182887
  121.7775317  25.1182698
  121.7779461  25.1180853
  121.7780225  25.1180428
  121.7782062  25.1179687
  121.7783277  25.1179385
  121.7784905  25.1179323
  121.7788593  25.1179323
  121.7790069  25.1179019
  121.7791206  25.1178598
  121.7792107  25.1177404
  121.7792791  25.1176748
  121.7793958  25.117568
  121.7795581  25.1175279
  121.7796922  25.1175231
  121.7798169  25.117532
  121.7799825  25.1175639
  121.7802252  25.117612
  121.7805546  25.1176547
  121.7807007  25.1176481
  121.7809763  25.11758
  121.7814463  25.1173725
  121.7817387  25.1172656
  121.7819573  25.1172316
  121.7821598  25.1171661
  121.7823033  25.1171102
  121.7824126  25.117058
  121.7825018  25.1169997
  121.782597   25.1169159
  121.782774   25.1168127
  121.7829437  25.1167192
  121.7831065  25.1166744
  121.783215   25.1166629
  121.783382   25.1166148
  121.7835367  25.1165979
  121.7836981  25.1166973
  121.7839099  25.1168358
  121.7839904  25.1169293
  121.7840856  25.1169863
  121.7841621  25.1170528
  121.7844947  25.1173263
  121.7846304  25.1174468
  121.7848192  25.1176445
  121.7848742  25.1176736
  121.7849882  25.117789
  121.7850549  25.1179096
  121.7852785  25.1182264
  121.7854866  25.1182703
  121.7855476  25.1182666
  121.7856524  25.1182599
  121.7859149  25.1181897
  121.7860208  25.1181244
  121.7861402  25.1178983
  121.7861509  25.1178157
  121.7863655  25.1174271
  121.7864352  25.1173251
  121.7869395  25.1164751
  121.7870548  25.1162371
  121.7871621  25.1160356
  121.7872426  25.1158825
  121.7873847  25.1157077
  121.7874277  25.1156105
  121.787548   25.11546
  121.7876932  25.1152341
  121.7877737  25.1151357
  121.7878447  25.1150386
  121.7879963  25.1148504
  121.7881478  25.1146804
  121.7882659  25.1145262
  121.7883894  25.1143454
  121.7884979  25.1142359
  121.7886655  25.1140016
  121.7888224  25.1138097
  121.7889438  25.1136321
  121.7890303  25.1135146
  121.7891537  25.1133713
  121.789378   25.1130598
  121.7895992  25.1128098
  121.7897679  25.1126039
  121.7900106  25.1123841
  121.7901556  25.1122631
  121.7903526  25.1121934
  121.790472   25.112208
  121.7905833  25.1122384
  121.7907442  25.1123574
  121.7908488  25.1124205
  121.7910043  25.1125035
  121.7911828  25.1125869
  121.7913544  25.1126512
  121.7916065  25.1127616
  121.7923946  25.1130681
  121.7929161  25.1129026
  121.7931871  25.112888
  121.7934979  25.1128571
  121.7936497  25.1128302
  121.7940646  25.1127337
  121.7943397  25.1126561
  121.7944872  25.1126124
  121.7946812  25.1125755
  121.794795   25.1126318
  121.7948867  25.1126952
  121.7949478  25.1127573
  121.7949955  25.1127819
  121.7951789  25.1130499
  121.7952932  25.113239
  121.7953375  25.1133337
  121.7954233  25.1134588
  121.7956064  25.1136944
  121.7956882  25.113746
  121.7958679  25.1137964
  121.7960121  25.1138134
  121.7962153  25.1138121
  121.796407   25.1138018
  121.7966129  25.1138455
  121.7966357  25.113851
  121.7967309  25.113888
  121.7969763  25.114035
  121.7971265  25.1141412
  121.79717    25.1141544
  121.797211   25.1141704
  121.7974856  25.1141748
  121.7975984  25.114215
  121.7976799  25.1142616
  121.7977591  25.1143106
  121.7977287  25.1144739
  121.7977099  25.1146261
  121.7976666  25.114754
  121.7976012  25.1150678
  121.797612   25.1151527
  121.7976214  25.1151967
  121.7976469  25.1152718
  121.7976903  25.1153661
  121.797779   25.11556
  121.7978246  25.1157201
  121.7979419  25.1161133
  121.7979821  25.1161823
  121.7980519  25.1162614
  121.7981994  25.1163646
  121.7983536  25.1164363
  121.7984784  25.1164715
  121.7985897  25.116582
  121.7986286  25.1166585
  121.7985575  25.1167581
  121.7983094  25.1168722
  121.7981274  25.116894
  121.7980214  25.1168523
  121.7978742  25.1168236
  121.7977341  25.1168637
  121.7976777  25.1169205
  121.7976429  25.1169833
  121.7976006  25.117214
  121.797576   25.1174178
  121.7975805  25.117548
  121.7975733  25.11766
  121.7975758  25.1176961
  121.7975857  25.1177293
  121.7977944  25.1178082
  121.7979553  25.1178776
  121.7980157  25.117891
  121.7982008  25.1179869
  121.798383   25.1180997
  121.7987268  25.1184257
  121.7987801  25.1184933
  121.7988552  25.1186961
  121.7988827  25.1189401
  121.7988774  25.1191909
  121.7987744  25.119538
  121.798481   25.1197598
  121.7980838  25.1199034
  121.7975738  25.1201177
  121.7973906  25.1204118
  121.7973679  25.120498
  121.7972392  25.1208052
  121.7971922  25.1210044
  121.7971198  25.1212169
  121.7970722  25.121286
  121.7962642  25.1217086
  121.7959075  25.122045
  121.7956822  25.1222793
  121.7955548  25.122391
  121.7953422  25.122544
  121.7951618  25.1226375
  121.7948748  25.1227529
  121.7944302  25.1231277
  121.7941469  25.1234472
  121.7941707  25.1234996
  121.7942378  25.1235786
  121.7944897  25.1237833
  121.7945328  25.1238493
  121.7945462  25.1239479
  121.7945395  25.124199
  121.7945006  25.1243581
  121.7944885  25.1244968
  121.7943727  25.1250583
  121.7943215  25.1251474
  121.7942788  25.1251944
  121.7942505  25.1252891
  121.7943093  25.1254142
  121.794384   25.1256146
  121.7943948  25.1257009
  121.7944309  25.1257945
  121.7945115  25.1260883
  121.7945234  25.1261831
  121.7945583  25.1262911
  121.7946087  25.126393
  121.7946301  25.1264156
  121.7946555  25.1264156
  121.7948918  25.1262421
  121.7952023  25.1260244
  121.7952839  25.1259724
  121.7953174  25.1259536
  121.7954703  25.1258352
  121.7955527  25.1257636
  121.7956989  25.1256676
  121.7959208  25.1255461
  121.7960147  25.1254844
  121.7960932  25.1254327
  121.7961629  25.1254078
  121.7962682  25.125395
  121.7964115  25.1254611
  121.7964895  25.1254879
  121.7965606  25.125508
  121.7966464  25.1255168
  121.7967998  25.1254454
  121.7972085  25.12528
  121.7976302  25.1250166
  121.7978499  25.1247853
  121.7980281  25.1244735
  121.7981409  25.1243767
  121.7982657  25.1243605
  121.7983963  25.1243928
  121.7985329  25.1244573
  121.7986576  25.1244788
  121.7988785  25.1244022
  121.799115   25.1242046
  121.79921    25.1239895
  121.7992575  25.1236723
  121.799632   25.1232813
  121.7998071  25.123129
  121.8003573  25.1231066
  121.8005032  25.1230917
  121.8007193  25.1230528
  121.8011325  25.1228943
  121.8013054  25.122776
  121.8013993  25.1227298
  121.8015964  25.1225999
  121.8017295  25.1224872
  121.8018392  25.1223825
  121.8019304  25.1222769
  121.8021361  25.1220212
  121.8021758  25.1219309
  121.8022254  25.1218616
  121.8022723  25.1218046
  121.8023702  25.1217669
  121.8026975  25.1218252
  121.8028115  25.1218677
  121.8028934  25.1219434
  121.8029966  25.1220414
  121.8031319  25.1221576
  121.8031683  25.122231
  121.8031749  25.1223898
  121.8031441  25.1226412
  121.8031577  25.1228137
  121.8035218  25.1237099
  121.8037724  25.1241019
  121.8039876  25.1243678
  121.8042071  25.1245126
  121.8044112  25.1247026
  121.8045621  25.1248201
  121.8047239  25.1249227
  121.8048053  25.1250062
  121.8049264  25.1251571
  121.8050147  25.1253389
  121.8050471  25.1255213
  121.8050424  25.1256197
  121.8049945  25.125772
  121.8048986  25.1259519
  121.8047477  25.1261307
  121.8046193  25.1262899
  121.8044449  25.126551
  121.8043041  25.1266918
  121.8041938  25.1268475
  121.8039836  25.1270609
  121.8039139  25.1271556
  121.8038481  25.1272321
  121.8038119  25.1273293
  121.8037771  25.127441
  121.8037951  25.1275124
  121.8037972  25.1276134
  121.8038382  25.1277939
  121.8038917  25.1278862
  121.8038978  25.1279339
  121.8039514  25.1280748
  121.8040493  25.1282168
  121.8041123  25.128354
  121.8041754  25.1284281
  121.8042473  25.1284866
  121.8043578  25.1285192
  121.8046582  25.1285738
  121.8047803  25.1286133
  121.804972   25.1287244
  121.8052028  25.1289912
  121.8052802  25.1290755
  121.8053207  25.1291445
  121.8053395  25.1292149
  121.8053166  25.1293533
  121.8050691  25.1298473
  121.8050498  25.1299361
  121.8050614  25.1300085
  121.8053403  25.130159
  121.8054342  25.1302479
  121.8054494  25.1303659
  121.8053851  25.1305772
  121.8053368  25.1306549
  121.8053126  25.1307714
  121.8052992  25.1308419
  121.8053234  25.130939
  121.8053474  25.1311298
  121.8053073  25.1312814
  121.8052424  25.131433
  121.804958   25.131844
  121.8046072  25.1321993
  121.804512   25.1323073
  121.8044731  25.1323814
  121.8043268  25.1326148
  121.8041486  25.1328379
  121.8041082  25.1329713
  121.8040627  25.1331317
  121.80406    25.1333916
  121.8040235  25.1334652
  121.803942   25.1335348
  121.8038294  25.1335955
  121.803588   25.1337194
  121.8025205  25.1343362
  121.802566   25.1344867
  121.802676   25.1347028
  121.8028806  25.135128
  121.8029718  25.1353254
  121.8029955  25.1353768
  121.8031172  25.1355798
  121.8031031  25.135869
  121.8029675  25.1358726
  121.8026896  25.1362062
  121.8027635  25.1364521
  121.8030915  25.1366305
  121.803267   25.1369164
  121.8033991  25.1373432
  121.8035762  25.1374558
  121.8039924  25.1377155
  121.8041669  25.1378244
  121.8042833  25.1378703
  121.8043666  25.1380014
  121.8040241  25.138122
  121.8037249  25.1382445
  121.8033736  25.1384156
  121.8031534  25.1385597
  121.8028881  25.1387333
  121.80257    25.1390256
  121.8022912  25.1396669
  121.8019417  25.1405766
  121.8019421  25.1407087
  121.801884   25.1412759
  121.8021137  25.1417325
  121.8021644  25.1419507
  121.8022848  25.1421929
  121.8028581  25.1423716
  121.8034465  25.1426186
  121.8043947  25.1447054
  121.8046466  25.144805
  121.8050685  25.1448849
  121.8053387  25.1448815
  121.8054126  25.1449763
  121.8055729  25.1449094
  121.8058933  25.1449819
  121.805807   25.1451214
  121.80577    25.1452775
  121.8058317  25.1453724
  121.8056899  25.1454895
  121.8057139  25.145711
  121.8063106  25.1466853
  121.8065216  25.1465429
  121.8067312  25.1466763
  121.8068567  25.146456
  121.8070914  25.1466787
  121.8072362  25.1467127
  121.8073294  25.1467291
  121.8074293  25.1467467
  121.8075742  25.1466593
  121.8077619  25.1465039
  121.8078209  25.1465671
  121.8077512  25.1468147
  121.8077834  25.1469604
  121.8079658  25.1470089
  121.808116   25.1469652
  121.8083627  25.1466982
  121.8085076  25.1467224
  121.8083681  25.1468778
  121.808234   25.1470429
  121.8081106  25.1471983
  121.808057   25.1470866
  121.8079336  25.1471741
  121.807955   25.1473149
  121.8077887  25.147378
  121.8076922  25.1473294
  121.8075956  25.1473634
  121.8074883  25.1473974
  121.8073435  25.1473974
  121.8072791  25.1472809
  121.8071611  25.147344
  121.8068875  25.147412
  121.8067641  25.1475722
  121.8066729  25.1477373
  121.8067641  25.1477276
  121.8067856  25.1477956
  121.8067051  25.1479267
  121.8066166  25.1482205
  121.8066125  25.1486163
  121.8059522  25.1486756
  121.8054102  25.1482205
  121.8007718  25.1473956
  121.8001866  25.1473283
  121.7997217  25.1471642
  121.7992273  25.1472677
  121.7988959  25.1473679
  121.7986791  25.147302
  121.7982472  25.1473531
  121.7980406  25.1474929
  121.7975135  25.1473346
  121.7973399  25.14769
  121.796983   25.1478712
  121.796744   25.1480451
  121.7964174  25.1480179
  121.7962001  25.1480701
  121.7959657  25.1480351
  121.7954411  25.1480459
  121.7949902  25.1480008
  121.7948706  25.148025
  121.7947451  25.1479454
  121.794489   25.1479014
  121.7944168  25.1479913
  121.7940941  25.1479875
  121.7938776  25.1479375
  121.7937247  25.1478068
  121.7935591  25.1477261
  121.7935039  25.1477953
  121.7935336  25.147853
  121.7934912  25.1478837
  121.7934487  25.1478568
  121.7933638  25.1477376
  121.7932491  25.1476569
  121.7932406  25.147557
  121.7933128  25.1474532
  121.7935251  25.1474378
  121.7938521  25.1474225
  121.7938873  25.1473525
  121.7938203  25.1472578
  121.7936865  25.1472495
  121.7936143  25.1472264
  121.7935241  25.1471049
  121.7933128  25.1471726
  121.7932116  25.1471717
  121.7930675  25.1471391
  121.7930555  25.1470087
  121.7929434  25.1470057
  121.7925075  25.1474154
  121.792481   25.1474755
  121.7922908  25.1476018
  121.7921173  25.1474917
  121.7910198  25.1483792
  121.7903415  25.1483712
  121.7903388  25.1483711
  121.7903358  25.1483711
  121.789797   25.1484091
  121.788737   25.1481514
  121.78543    25.1495156
  121.7847137  25.1496648
  121.783595   25.1497968
  121.7835995  25.1503867
  121.7828638  25.1512108
  121.780139   25.1521369
  121.7798     25.1520476
  121.7793621  25.1516305
  121.7790304  25.1513168
  121.7786682  25.1511773
  121.778027   25.1514851
  121.7775889  25.1515206
  121.7768808  25.1520796
  121.776846   25.1521442
  121.7768348  25.1522212
  121.7768205  25.1522925
  121.776786   25.15236
  121.7751054  25.154752
  121.7750112  25.1549072
  121.7749347  25.1550817
  121.7745893  25.1561877
  121.7743459  25.1561363
  121.77468    25.1550384
  121.7747805  25.1548096
  121.7748845  25.1546368
  121.7764161  25.1523602
  121.776442   25.1523306
  121.7764822  25.1522937
  121.7765188  25.1522402
  121.7765245  25.1521891
  121.7765106  25.1521325
  121.7764554  25.1520607
  121.7757339  25.1526008
  121.7755743  25.152391
  121.77579    25.152204
  121.7756401  25.1520071
  121.7753766  25.1521827
  121.7752448  25.1520594
  121.775129   25.1521472
  121.7741337  25.1538684
  121.7739326  25.1545022
  121.7737616  25.1549462
  121.7737401  25.1550516
  121.7738159  25.1551903
  121.7737998  25.1552279
  121.7739055  25.1553037
  121.7738087  25.1554482
  121.773711   25.1555546
  121.7736195  25.1554997
  121.7736116  25.1555063
  121.77362    25.1555381
  121.7736048  25.1555607
  121.7734668  25.1554932
  121.7734358  25.1554578
  121.7734217  25.1553692
  121.7733435  25.1553601
  121.7732992  25.1553173
  121.7732223  25.1552881
  121.7731634  25.1553288
  121.7727422  25.1555241
  121.772544   25.155324
  121.7715721  25.155208
  121.7707993  25.155006
  121.7706872  25.1549212
  121.7704308  25.1545425
  121.7702326  25.1546257
  121.7696421  25.154168
  121.7692479  25.1536972
  121.76915    25.1536367
  121.768956   25.1535798
  121.7690021  25.1533235
  121.7700239  25.1525628
  121.7698788  25.1523744
  121.7700121  25.1522794
  121.7699484  25.1521915
  121.7698929  25.1521791
  121.7697812  25.152236
  121.7697335  25.1521728
  121.768373   25.1528584
  121.7681766  25.1528841
  121.7678555  25.1529225
  121.7678696  25.1530145
  121.7676553  25.153044
  121.7660695  25.1519779
  121.766217   25.1516321
  121.7649652  25.1512354
  121.7644022  25.151057
  121.764304   25.1509836
  121.7643577  25.1509261
  121.7644425  25.1509891
  121.7645544  25.151027
  121.7645984  25.1509427
  121.7646385  25.1507496
  121.7644514  25.150589
  121.7642758  25.1506852
  121.7641654  25.1507933
  121.7642703  25.1508847
  121.7642333  25.1509169
  121.7640897  25.1507977
  121.7642235  25.1506565
  121.7644241  25.1505379
  121.7644148  25.1505147
  121.764484   25.1504677
  121.7642306  25.15014
  121.7640286  25.1500257
  121.7638118  25.150251
  121.7634119  25.150004
  121.7635833  25.1497492
  121.7634483  25.1496329
  121.7634239  25.1496511
  121.7633725  25.1496895
  121.7631057  25.1495792
  121.7626774  25.1496299
  121.7623842  25.1494808
  121.7623678  25.1493406
  121.7626568  25.1490959
  121.762685   25.1490159
  121.7625424  25.1489955
  121.7624513  25.148952
  121.7622529  25.1488854
  121.7621737  25.1488798
  121.76214    25.1489066
  121.7620405  25.1489122
  121.7620356  25.1489897
  121.7619403  25.149169
  121.7619065  25.1491931
  121.7618182  25.1491934
  121.7615467  25.1487651
  121.7613977  25.1482935
  121.7613088  25.1478625
  121.7611307  25.1469998
  121.7610913  25.1470072
  121.7579291  25.1463321
  121.757143   25.1459485
  121.7571527  25.1459295
  121.7576491  25.1461637
  121.7576999  25.1459725
  121.7598872  25.1464407
  121.7601804  25.145388
  121.7580622  25.1449348
  121.7582368  25.1443384
  121.7603814  25.1447767
  121.7607503  25.1437181
  121.7594149  25.1428801
  121.7590373  25.1426431
  121.7584641  25.143478
  121.7580413  25.1432484
  121.7579476  25.1433937
  121.7538569  25.141123
  121.7507008  25.1393571
  121.7508122  25.1391925
  121.749591   25.1385153
  121.7493612  25.1383884
  121.7477127  25.1374702
  121.7464197  25.1367362
  121.7458713  25.1359717
  121.7438362  25.1329331
  121.7434195  25.1323225
  121.7428713  25.131504
  121.7431307  25.1313649
  121.7431945  25.1313304
  121.7431593  25.1312772
  121.7430971  25.1311849
  121.7430537  25.1311192
  121.743029   25.1310816
  121.7429661  25.1311157
  121.7427065  25.1312575
  121.7422772  25.130624
  121.7421983  25.1306662
  121.7421695  25.1306246
  121.742146   25.1305891
  121.7421236  25.1305553
  121.7420512  25.1304451
  121.7420072  25.1304689
  121.7418882  25.1305333
  121.7418589  25.1305491
  121.7418029  25.1305794
  121.7417841  25.1305896
  121.7418085  25.1306264
  121.7417857  25.1306386
  121.7417434  25.1306612
  121.7402739  25.1314632
  121.7403456  25.1315728
  121.740459   25.1317433
  121.7407128  25.1321274
  121.7407429  25.1321728
  121.740877   25.1323759
  121.741625   25.133508
  121.7414658  25.1335939
  121.7408522  25.1339221
  121.741621   25.1350826
  121.7416294  25.1350952
  121.7416365  25.1351058
  121.7416463  25.1351206
  121.7416622  25.1351445
  121.7417969  25.1353454
  121.74185    25.1354251
  121.741929   25.1355451
  121.7427358  25.1367597
  121.7436398  25.1381294
  121.7437016  25.1382237
  121.7432106  25.1384892
  121.7432026  25.1384895
  121.7426792  25.1385079
  121.7419112  25.138533
  121.7419256  25.1388139
  121.7417509  25.1387544
  121.7416637  25.1389328
  121.7410307  25.1402385
  121.7402273  25.1418751
  121.739681   25.1430457
  121.7403354  25.1432858
  121.740265   25.143437
  121.7404547  25.1435105
  121.7405289  25.1433568
  121.7407237  25.1434283
  121.7408858  25.1434987
  121.7410402  25.1436078
  121.7411266  25.1436024
  121.7412004  25.1435977
  121.7416895  25.1425575
  121.742538   25.140753
  121.7446949  25.139636
  121.7462052  25.1402469
  121.7474322  25.1410684
  121.7475468  25.1409324
  121.75245    25.1442595
  121.7536223  25.1450549
  121.7536415  25.1450758
  121.7536528  25.1451005
  121.7536579  25.1451205
  121.7536574  25.1451474
  121.7536217  25.1452133
  121.7531793  25.1481551
  121.7531671  25.1481851
  121.753145   25.1482167
  121.7531214  25.1482354
  121.7530852  25.1482546
  121.7530501  25.1482618
  121.7530051  25.1482576
  121.7529632  25.1482453
  121.752917   25.148228
  121.750296   25.1469334
  121.7491322  25.1488067
  121.7526107  25.1505167
  121.7526312  25.1505372
  121.7526438  25.1505579
  121.7526431  25.1505836
  121.7526347  25.1506087
  121.7515803  25.1523541
  121.7515583  25.152379
  121.751535   25.1523929
  121.7515069  25.1523978
  121.7514735  25.1523918
  121.7470076  25.15024
  121.745652   25.1509595
  121.7454253  25.1508307
  121.7453702  25.1508986
  121.7447067  25.1505073
  121.7444453  25.1508622
  121.7497998  25.1546254
  121.7519552  25.15434
  121.7521264  25.1552319
  121.7528772  25.1550698
  121.7528785  25.1553535
  121.7520914  25.1554397
  121.7507314  25.1574821
  121.7495672  25.1569347
  121.7486708  25.1565062
  121.7478801  25.1564149
  121.7474079  25.1564055
  121.7466901  25.1566968
  121.7467218  25.1571952
  121.7457294  25.1568798
  121.7445705  25.1568508
  121.7440039  25.157173
  121.743779   25.1569854
  121.7435418  25.156638
  121.7432895  25.15646
  121.7430285  25.1564068
  121.74295    25.1570218
  121.7426099  25.1571279
  121.7421819  25.1571005
  121.7390552  25.1594586
  121.7392705  25.159715
  121.7390013  25.1599524
  121.7384104  25.1605039
  121.7385518  25.1606515
  121.7383948  25.1607655
  121.7382607  25.1607642
  121.7381068  25.1607545
  121.7379203  25.1607785
  121.7377281  25.1607052
  121.7371342  25.1601434
  121.7366504  25.1603068
  121.7361436  25.160364
  121.7355741  25.1602945
  121.7347378  25.1602814
  121.7344807  25.160467
  121.73454    25.1606401
  121.7342899  25.16081
  121.7329703  25.1615095
  121.7328605  25.1615724
  121.7327386  25.1615476
  121.7326866  25.1621133
  121.7321512  25.1621021
  121.7321521  25.1615582
  121.732066   25.1615328
  121.7316067  25.1620223
  121.7313099  25.1624499
  121.7305441  25.1629546
  121.7305481  25.1631484
  121.730559   25.1633085
  121.73059    25.1636
  121.7303111  25.1635651
  121.7301494  25.1633672
  121.7295742  25.1633855
  121.7290406  25.1630223
  121.7281175  25.1633131
  121.7274298  25.163435
  121.7268957  25.1635527
  121.7263158  25.1637734
  121.7262928  25.1642044
  121.725988   25.1644261
  121.7249788  25.1648898
  121.7236441  25.1651775
  121.7229259  25.1645907
  121.7216062  25.1642412
  121.7204153  25.1645713
  121.719321   25.1645907
  121.7187148  25.1646781
  121.7182428  25.1648238
  121.7180443  25.1650471
  121.7175668  25.1650714
  121.7172396  25.1649403
  121.7168319  25.1651831
  121.7165851  25.1654404
  121.7164564  25.1656395
  121.7166388  25.1659211
  121.716451   25.1660085
  121.71651    25.16646
  121.7162794  25.1663095
  121.7160862  25.1659308
  121.7160273  25.1656492
  121.7157939  25.1655934
  121.7156276  25.165404
  121.7154318  25.1653919
  121.7153916  25.1655375
  121.7153031  25.1655545
  121.7152119  25.1653919
  121.715067   25.1653919
  121.7149812  25.1655375
  121.7148203  25.1655618
  121.7145896  25.1655569
  121.7144179  25.1654258
  121.7140477  25.1654258
  121.7137742  25.1652511
  121.7131412  25.1652414
  121.7128247  25.1653093
  121.7127364  25.1653548
  121.712594   25.1654283
  121.7122936  25.1653967
  121.7123258  25.16512
  121.7123473  25.1648481
  121.7122722  25.1647582
  121.7121166  25.1645276
  121.7118671  25.1643383
  121.7117875  25.1643156
  121.7112368  25.1641586
  121.7106065  25.1641465
  121.710239   25.164246
  121.7097428  25.164348
  121.7095528  25.1643627
  121.7090857  25.164399
  121.7085922  25.164416
  121.7083749  25.1645689
  121.7081523  25.1645907
  121.7080182  25.1647121
  121.7078626  25.1647437
  121.7076561  25.1646441
  121.7073316  25.1647126
  121.7071277  25.1650738
  121.7070864  25.1654794
  121.7071304  25.1657924
  121.7071733  25.1659672
  121.7072632  25.1660983
  121.70742    25.1660692
  121.7076454  25.1659332
  121.7078881  25.1658325
  121.7080235  25.166006
  121.7081603  25.1662294
  121.7082623  25.1662901
  121.7083052  25.1663775
  121.7084393  25.1664867
  121.708503   25.1666403
  121.7085151  25.1666961
  121.7084956  25.166741
  121.7084172  25.1667568
  121.7083709  25.1667792
  121.7083395  25.1667699
  121.7080256  25.1669267
  121.7079849  25.1668601
  121.7082005  25.1667524
  121.7078097  25.1661118
  121.7075868  25.1662231
  121.7069735  25.1662524
  121.7069279  25.1663496
  121.7069788  25.1664333
  121.7074996  25.1671116
  121.7077696  25.1669735
  121.7078139  25.1670444
  121.7076518  25.1671272
  121.7076635  25.1671743
  121.7076923  25.1671846
  121.7077024  25.167212
  121.707748   25.1672842
  121.7078251  25.1673109
  121.7078868  25.1673358
  121.7079444  25.167354
  121.7080095  25.167357
  121.7086297  25.1670875
  121.7086901  25.1670803
  121.7087424  25.1671361
  121.7088228  25.1671652
  121.7089368  25.1671652
  121.709079   25.1671446
  121.7092936  25.1671337
  121.7094344  25.1670888
  121.7095725  25.1670487
  121.709653   25.1670596
  121.7096624  25.1671118
  121.7095926  25.1672029
  121.70948    25.1672623
  121.7092037  25.1673157
  121.708963   25.1673248
  121.7086814  25.1673679
  121.7084943  25.1674122
  121.7083521  25.1674984
  121.7080101  25.1675985
  121.7078975  25.1678413
  121.7077983  25.1681205
  121.7076186  25.1683365
  121.7076159  25.1686982
  121.707868   25.1689046
  121.7079699  25.1690696
  121.7086458  25.1694751
  121.7088228  25.1695164
  121.7090294  25.1698027
  121.7093056  25.1700019
  121.7097107  25.1702786
  121.7094961  25.1707616
  121.709252   25.1712132
  121.7089033  25.1714389
  121.7087692  25.171956
  121.7086109  25.1723856
  121.7086297  25.1727134
  121.7090669  25.1737038
  121.7093834  25.1737669
  121.7096865  25.1736285
  121.7098796  25.1739004
  121.7095202  25.174012
  121.7095685  25.1743033
  121.7093646  25.1746626
  121.7094076  25.175017
  121.7093566  25.1750874
  121.7090321  25.174682
  121.7089114  25.1748204
  121.7091447  25.1753836
  121.709201   25.1756481
  121.7093566  25.1758885
  121.7092707  25.1759274
  121.7090589  25.1756764
  121.7088326  25.175441
  121.7086583  25.1752841
  121.7086163  25.1751141
  121.7084963  25.1751605
  121.7083169  25.1750255
  121.7079711  25.1748089
  121.7077667  25.1747434
  121.7073825  25.1745706
  121.7072283  25.1744773
  121.7070265  25.1741917
  121.7068145  25.1740541
  121.7066127  25.1739623
  121.7064357  25.1739125
  121.7059857  25.1738281
  121.7056418  25.17383
  121.7052817  25.1738506
  121.7049035  25.1738944
  121.7045608  25.1739623
  121.7042188  25.1740375
  121.7039887  25.1740625
  121.7037428  25.1739253
  121.7036334  25.1737888
  121.7034778  25.1736692
  121.703321   25.1736212
  121.7031288  25.1735794
  121.702928   25.1735539
  121.7026239  25.173566
  121.702357   25.1735384
  121.7022457  25.1735195
  121.7021817  25.1734525
  121.7021495  25.1733736
  121.7021441  25.1732747
  121.7021203  25.1732298
  121.7021046  25.1730945
  121.7021421  25.1729761
  121.7021904  25.1728426
  121.7022085  25.172629
  121.7021911  25.1724943
  121.7021549  25.1723687
  121.7020932  25.1722254
  121.702016   25.1720706
  121.7019517  25.1719875
  121.7018464  25.1718756
  121.7018008  25.1718037
  121.7017628  25.1717485
  121.7017053  25.1716064
  121.7016565  25.1714512
  121.7016308  25.1714031
  121.7015886  25.1713524
  121.7015534  25.1712933
  121.7015239  25.1712299
  121.7014589  25.1711686
  121.7012258  25.1710621
  121.7011544  25.1709686
  121.7010971  25.1708724
  121.7010706  25.1707938
  121.7010472  25.1706985
  121.7010156  25.1704831
  121.7009888  25.1702076
  121.7009734  25.1701363
  121.700966   25.1700537
  121.7009524  25.169943
  121.7009508  25.1696193
  121.7009555  25.1693453
  121.7009378  25.1692875
  121.7009088  25.1692281
  121.7008211  25.1691182
  121.7007266  25.1690448
  121.7006046  25.168978
  121.7005523  25.1689361
  121.7004723  25.1689055
  121.7002297  25.1689176
  121.6999199  25.1689643
  121.6998536  25.1689923
  121.6996145  25.1689971
  121.6994556  25.1689944
  121.6992773  25.1689776
  121.6991166  25.1689358
  121.6990487  25.1688625
  121.6989921  25.1686719
  121.6990033  25.1682807
  121.6990328  25.1679694
  121.6990337  25.1678152
  121.6990435  25.1677442
  121.6990445  25.1676198
  121.6990596  25.167567
  121.6990511  25.1674095
  121.6990281  25.1673176
  121.6989975  25.1672584
  121.698948   25.1672201
  121.6988675  25.1671861
  121.698767   25.1671757
  121.6985976  25.1671103
  121.6985043  25.1670635
  121.6984005  25.1669689
  121.698267   25.1668942
  121.6980444  25.1668329
  121.6979301  25.1668145
  121.6976991  25.1667847
  121.6975535  25.1667753
  121.697353   25.1668257
  121.6972686  25.1668763
  121.697185   25.1669374
  121.6970984  25.16706
  121.6970093  25.1671316
  121.6968825  25.167162
  121.6966939  25.1671774
  121.6965356  25.1671704
  121.6964554  25.1671258
  121.6963709  25.1670707
  121.6962818  25.1670011
  121.6960279  25.1667165
  121.6959573  25.166633
  121.6959134  25.1665917
  121.6958741  25.1665723
  121.6958288  25.1665239
  121.6957441  25.1664907
  121.6956582  25.1664512
  121.6954616  25.1664267
  121.6952733  25.1664888
  121.6951689  25.1665492
  121.6949741  25.1666737
  121.6948864  25.1666864
  121.6948395  25.1666818
  121.6948077  25.1666699
  121.6945642  25.1664897
  121.6945021  25.1664591
  121.6943547  25.1664551
  121.6941454  25.1664847
  121.6940037  25.1665237
  121.6938863  25.1665174
  121.6935322  25.1664458
  121.6930538  25.1664245
  121.692842   25.1663949
  121.6927135  25.1663541
  121.6926076  25.1662543
  121.6925161  25.1661738
  121.6924744  25.1661632
  121.6923864  25.1661569
  121.6922712  25.1662121
  121.6921978  25.1662679
  121.6921395  25.1663083
  121.6920269  25.1663753
  121.6919667  25.1664018
  121.6918448  25.1664178
  121.6917586  25.166421
  121.69161    25.16641
  121.6913668  25.1663462
  121.6912979  25.1663286
  121.6911618  25.1662512
  121.6910334  25.1661475
  121.6910734  25.1660674
  121.6911122  25.1660242
  121.6911739  25.165878
  121.6911786  25.1658495
  121.6911719  25.1658158
  121.6911709  25.165787
  121.6911733  25.1657539
  121.6911592  25.1657102
  121.6911538  25.1656574
  121.6911431  25.1656052
  121.6911256  25.1655503
  121.6910931  25.1654924
  121.6910971  25.1654507
  121.6910907  25.1654061
  121.6910474  25.1653175
  121.6910381  25.1652693
  121.6910398  25.1652234
  121.6910321  25.1651761
  121.6910324  25.1651121
  121.6910246  25.1650516
  121.6910724  25.1649005
  121.6910689  25.1647796
  121.6910177  25.1646505
  121.6909855  25.164619
  121.6909157  25.1645801
  121.6908795  25.1645303
  121.6908778  25.1645061
  121.6908209  25.1644469
  121.690789   25.1644451
  121.6907431  25.1644226
  121.6907287  25.1644008
  121.6906945  25.164392
  121.6906693  25.1643999
  121.690617   25.1643722
  121.6905654  25.1643322
  121.6905344  25.1643249
  121.6904504  25.1643383
  121.6904172  25.1643695
  121.6903991  25.1644026
  121.6902918  25.1643844
  121.6902569  25.1643877
  121.6901185  25.1644211
  121.6899927  25.164388
  121.6898996  25.164341
  121.689864   25.1643328
  121.6897815  25.1642706
  121.689745   25.1642378
  121.6897188  25.1641783
  121.6896266  25.1640806
  121.6895971  25.1640233
  121.6895678  25.1640058
  121.6894945  25.1640081
  121.6894452  25.1640312
  121.6894013  25.1640609
  121.6893292  25.1640894
  121.689293   25.1640928
  121.6892317  25.1641119
  121.6891659  25.1641277
  121.689117   25.1641231
  121.6890306  25.1641305
  121.6889566  25.1641181
  121.6889148  25.1640982
  121.688829   25.1640914
  121.688826   25.1640676
  121.6886784  25.1638227
  121.6886044  25.1637672
  121.6885244  25.1636953
  121.6884622  25.1636218
  121.6883854  25.1635423
  121.6882825  25.1633921
  121.688143   25.1632094
  121.6880813  25.1631044
  121.6880102  25.162997
  121.6879177  25.1628707
  121.6878572  25.1627955
  121.6878181  25.1627075
  121.6877845  25.1626152
  121.687742   25.1624471
  121.6877115  25.1622716
  121.6876799  25.162084
  121.6875995  25.1618897
  121.6875422  25.1618235
  121.6874894  25.1617559
  121.6872758  25.1615656
  121.6870759  25.1614777
  121.6868753  25.161449
  121.6866772  25.1614141
  121.6865098  25.1613559
  121.686409   25.1612594
  121.6863482  25.1611875
  121.6862061  25.1611025
  121.6856972  25.160785
  121.6856058  25.1607591
  121.6854869  25.1606976
  121.6853354  25.1606124
  121.6851782  25.1604666
  121.6851336  25.1603936
  121.6850749  25.1603182
  121.6850166  25.1602428
  121.6849063  25.1601551
  121.6848267  25.1601048
  121.6847233  25.160098
  121.6845572  25.1601214
  121.6844988  25.1601287
  121.6840871  25.1602698
  121.6839789  25.1603371
  121.6837418  25.1604464
  121.6834947  25.1605693
  121.6833213  25.1606431
  121.6831731  25.1606525
  121.6831272  25.1605529
  121.683084   25.1604321
  121.6830465  25.1603198
  121.6830318  25.1602318
  121.6830542  25.1601365
  121.6830643  25.160071
  121.6830652  25.1600057
  121.6830387  25.1599639
  121.6830136  25.1598028
  121.682981   25.1597054
  121.6829555  25.1596525
  121.682928   25.1595889
  121.6827953  25.1594493
  121.6827258  25.1593686
  121.6827102  25.1593556
  121.6825057  25.1592574
  121.6823843  25.1592647
  121.6823273  25.159272
  121.6821644  25.1592704
  121.6819545  25.1592838
  121.6818469  25.1592914
  121.6817079  25.1592975
  121.6816346  25.1593093
  121.6815742  25.1593143
  121.6814911  25.1593002
  121.6813528  25.1592866
  121.6812638  25.1592619
  121.6811807  25.1592292
  121.6810264  25.159177
  121.6807802  25.1590511
  121.6807348  25.1589998
  121.6806894  25.158961
  121.6805094  25.1587688
  121.6804046  25.1586771
  121.6801088  25.1584605
  121.6799673  25.1583764
  121.6798479  25.1583033
  121.6797702  25.1582644
  121.6796495  25.1582071
  121.6795673  25.1581825
  121.6793273  25.1580711
  121.6792703  25.1580371
  121.679163   25.1579388
  121.6788572  25.1577146
  121.6786835  25.157602
  121.6785222  25.1575277
  121.6784062  25.1574391
  121.6783017  25.1573064
  121.6782624  25.1572454
  121.6782271  25.1571882
  121.6781136  25.1569088
  121.6780774  25.1568578
  121.6780348  25.1567569
  121.6779979  25.1566903
  121.6779647  25.1566178
  121.6779094  25.1564758
  121.6778631  25.1563526
  121.6778431  25.1562595
  121.6777639  25.1560646
  121.6777026  25.155925
  121.6776562  25.1558133
  121.6776133  25.1557447
  121.6775953  25.1557366
  121.676601   25.1557469
  121.6764186  25.1557226
  121.6762609  25.1557637
  121.6761182  25.1559266
  121.6758017  25.1559703
  121.674891   25.1556319
  121.6747731  25.1556006
  121.6745984  25.1555301
  121.6744075  25.1554908
  121.6741316  25.1554357
  121.6740259  25.1554191
  121.6738034  25.1554141
  121.6734199  25.155543
  121.6727819  25.1555618
  121.6726882  25.1555646
  121.6726386  25.1555763
  121.672157   25.1554345
  121.6719773  25.1554552
  121.6718144  25.1555019
  121.6716684  25.1555473
  121.6715401  25.1555523
  121.67147    25.1555655
  121.6714094  25.1555421
  121.6713183  25.1555121
  121.6712039  25.1554188
  121.6711239  25.1553002
  121.6710679  25.1552268
  121.6709858  25.155123
  121.6708253  25.1550425
  121.6707167  25.15502
  121.6706007  25.1549338
  121.670533   25.1548604
  121.6704575  25.1547885
  121.6704015  25.1547511
  121.6703244  25.1547268
  121.6702225  25.1547177
  121.6700361  25.1547147
  121.6698108  25.1546758
  121.6696883  25.154649
  121.6696265  25.1546207
  121.6695626  25.1545203
  121.6695034  25.1544081
  121.6693933  25.1542446
  121.669338   25.1541593
  121.6693152  25.1540804
  121.6692552  25.1540097
  121.6692251  25.1539259
  121.669216   25.1538401
  121.6692173  25.153817
  121.6692223  25.1537779
  121.6692388  25.1537053
  121.669255   25.1535446
  121.6692301  25.1534704
  121.6691966  25.1534018
  121.6691177  25.1533507
  121.6690108  25.1533144
  121.6689143  25.1532889
  121.6687446  25.1532744
  121.6685194  25.1532314
  121.6680961  25.1532089
  121.6679862  25.1531506
  121.6678595  25.1530747
  121.667714   25.1529783
  121.6676006  25.1529272
  121.6674962  25.1529149
  121.6673411  25.1529278
  121.6670535  25.1529824
  121.6668758  25.1529983
  121.6667102  25.1529964
  121.6665895  25.1529861
  121.666289   25.1529369
  121.6660712  25.1529358
  121.6659633  25.1529185
  121.6658522  25.1528579
  121.6657147  25.152749
  121.6656152  25.1526852
  121.6655214  25.1526508
  121.6654294  25.1526012
  121.6652915  25.1525549
  121.6650753  25.1525654
  121.664787   25.1525973
  121.6647448  25.1525764
  121.66472    25.1525284
  121.6646569  25.1524398
  121.6645691  25.1523621
  121.664498   25.1523166
  121.6643841  25.1522542
  121.6642667  25.1522243
  121.6638241  25.1521928
  121.6637195  25.1522019
  121.6636129  25.1522474
  121.6634841  25.15237
  121.6633547  25.1524446
  121.6631899  25.1525019
  121.6630075  25.1525419
  121.6625704  25.1525907
  121.6623215  25.1526014
  121.6621775  25.1525634
  121.6620541  25.152545
  121.6619626  25.1525117
  121.6618932  25.1524756
  121.6617722  25.1523873
  121.6615737  25.1523321
  121.661502   25.152299
  121.661272   25.1522261
  121.6610704  25.152144
  121.6606942  25.1520869
  121.6602308  25.1521203
  121.6599249  25.1521663
  121.6597654  25.1521369
  121.6596519  25.1521369
  121.6595212  25.152126
  121.6594058  25.1521066
  121.6591553  25.1521106
  121.6585504  25.1521749
  121.6582787  25.1522336
  121.6581265  25.1521558
  121.6580493  25.1520969
  121.6579862  25.1520362
  121.6576003  25.1517222
  121.6575021  25.1516598
  121.6574419  25.1516029
  121.6573238  25.1515217
  121.6572748  25.1514793
  121.6572259  25.1514255
  121.6572088  25.1513979
  121.657191   25.1513624
  121.6571568  25.1512702
  121.6571168  25.1511494
  121.6571201  25.1510572
  121.6570971  25.15098
  121.6570448  25.1508726
  121.6569784  25.1507271
  121.6569073  25.150529
  121.6568787  25.1504171
  121.6568061  25.1502875
  121.6567699  25.1502087
  121.6566847  25.1501029
  121.6565912  25.149997
  121.6564943  25.1499084
  121.6564443  25.1498459
  121.6563407  25.1497563
  121.6563072  25.149709
  121.6560618  25.1494887
  121.655876   25.1493011
  121.6557835  25.1492161
  121.6555348  25.1490567
  121.655345   25.1489703
  121.6551632  25.1488956
  121.6549788  25.1488368
  121.6547267  25.1487912
  121.654496   25.1487706
  121.6543834  25.1487548
  121.6542815  25.1487439
  121.6541878  25.1487173
  121.6540032  25.148628
  121.6539207  25.1485776
  121.6536283  25.1484768
  121.6533483  25.1483618
  121.6532481  25.1483506
  121.6531536  25.1483141
  121.6529947  25.148251
  121.6529071  25.1482399
  121.652821   25.1482364
  121.6526716  25.1482779
  121.6525528  25.1483694
  121.6524307  25.148427
  121.6523382  25.1484622
  121.6522249  25.1484707
  121.6521111  25.1484529
  121.6520131  25.148415
  121.6519265  25.1483493
  121.6518427  25.1482469
  121.6518038  25.1482091
  121.6517521  25.1481399
  121.6516811  25.1480635
  121.6515825  25.1480319
  121.6514524  25.1479633
  121.6513599  25.1478607
  121.6513042  25.1477132
  121.651268   25.1476549
  121.6512385  25.147542
  121.651215   25.1474206
  121.6512131  25.1473296
  121.6511871  25.1472199
  121.6511507  25.1470425
  121.6511144  25.1469539
  121.6510682  25.1469059
  121.6510119  25.1468665
  121.6509569  25.1468185
  121.6508891  25.1467718
  121.6506672  25.1465593
  121.6505881  25.1464513
  121.6505244  25.146308
  121.6504835  25.1461356
  121.6504358  25.145817
  121.6503856  25.1457538
  121.6501683  25.145599
  121.6500121  25.1453514
  121.6498686  25.1451001
  121.6497841  25.1450151
  121.6497143  25.144935
  121.6496252  25.1448961
  121.6495433  25.1448803
  121.6493986  25.1448939
  121.6491157  25.1449451
  121.6483915  25.1451539
  121.6479802  25.145271
  121.6478467  25.1453127
  121.6476753  25.1453612
  121.6474097  25.1454405
  121.6472489  25.1454859
  121.6462766  25.1457694
  121.6461195  25.1457781
  121.6456769  25.1458212
  121.6454979  25.1458121
  121.6453343  25.1458218
  121.64517    25.145817
  121.6446815  25.1458054
  121.6443314  25.1457827
  121.6440082  25.1457548
  121.6436706  25.1456816
  121.6436177  25.1456415
  121.6435345  25.1456142
  121.6433796  25.1454722
  121.6432759  25.1453924
  121.6432073  25.1453483
  121.6431349  25.1453004
  121.642982   25.145233
  121.6429143  25.1452087
  121.6428209  25.1451591
  121.6425555  25.1450321
  121.6423927  25.1449655
  121.6421949  25.1449311
  121.6420023  25.1449495
  121.6418125  25.1449908
  121.6415738  25.1451213
  121.6414498  25.1452217
  121.6412788  25.1452707
  121.6411031  25.1453077
  121.6408476  25.1453453
  121.6405861  25.145369
  121.6404516  25.1453996
  121.6402826  25.1454939
  121.6402532  25.145531
  121.6401764  25.1456361
  121.6400819  25.1457303
  121.6399534  25.1458251
  121.6398136  25.1458431
  121.6396413  25.1457678
  121.6395691  25.1456899
  121.6394482  25.1454388
  121.6393248  25.145176
  121.6392296  25.1449526
  121.6389669  25.1445299
  121.6388581  25.1443917
  121.6387582  25.1443007
  121.6386814  25.1442403
  121.6385531  25.1441903
  121.6381386  25.1441113
  121.6379519  25.1440675
  121.6378328  25.1440373
  121.6375341  25.1439652
  121.6374712  25.1439419
  121.6373888  25.1439076
  121.6371452  25.1438111
  121.6370378  25.143762
  121.6367666  25.1436184
  121.6365923  25.1435813
  121.636418   25.1435759
  121.636266   25.1435526
  121.636033   25.1435508
  121.6359079  25.143538
  121.635512   25.1435388
  121.6353491  25.1435789
  121.6351904  25.1436534
  121.6349195  25.1438665
  121.6347818  25.1439049
  121.634529   25.1438946
  121.6343348  25.1438434
  121.6340804  25.1437258
  121.6338752  25.1436402
  121.6337558  25.1435659
  121.6334361  25.1434282
  121.6333307  25.1433871
  121.6331988  25.1433513
  121.6329733  25.1431947
  121.6327775  25.1430812
  121.6325328  25.1428875
  121.6323713  25.1427708
  121.6322055  25.1426708
  121.6320513  25.1426144
  121.6319273  25.1425992
  121.6318113  25.1425895
  121.6315913  25.1425943
  121.6315109  25.142598
  121.6314103  25.1425901
  121.6313104  25.1425986
  121.6312118  25.1425913
  121.6310046  25.1425676
  121.6308986  25.1425324
  121.6307759  25.1424681
  121.6306492  25.1423673
  121.6304246  25.1421318
  121.6303549  25.1420646
  121.6302449  25.1420146
  121.6301022  25.1419282
  121.6299468  25.1418532
  121.62932    25.1417622
  121.6291907  25.1417221
  121.629056   25.1416389
  121.628954   25.1415521
  121.6288843  25.1414847
  121.628571   25.1411753
  121.6280231  25.1407444
  121.6278738  25.1406409
  121.6277467  25.1405481
  121.6275368  25.1404285
  121.6273353  25.1402828
  121.6271277  25.1401368
  121.6269986  25.1400367
  121.6269399  25.1399727
  121.626896   25.1399223
  121.626862   25.1398686
  121.6268288  25.1398031
  121.6267987  25.139743
  121.6267923  25.1397054
END
2
  121.7573455  25.1589254
  121.7575735  25.158759
  121.7576108  25.1584697
  121.7577274  25.1580997
  121.7578557  25.1577319
  121.7583728  25.1574626
  121.7604334  25.1594063
  121.7607992  25.1594099
  121.7595653  25.1568647
  121.7602309  25.1566156
  121.7592086  25.1545157
  121.7597112  25.154205
  121.7596286  25.1541117
  121.7600467  25.1538519
  121.7601117  25.153942
  121.7604895  25.1537238
  121.7606564  25.1537821
  121.7608795  25.1536406
  121.7608656  25.1535138
  121.7607764  25.1533988
  121.7608545  25.1533541
  121.7608264  25.1533139
  121.7608579  25.1532958
  121.7607889  25.1531969
  121.7608941  25.1531324
  121.7612734  25.152907
  121.7613743  25.1528357
  121.7611361  25.1525024
  121.7625557  25.1513075
  121.7628546  25.1512943
  121.7628852  25.1520251
  121.7629858  25.1520308
  121.7630367  25.1527697
  121.7628082  25.1527743
  121.7628958  25.1543691
  121.7640883  25.1543476
  121.7654618  25.1543097
  121.7654641  25.1543347
  121.7654794  25.154335
  121.765514   25.1545459
  121.7659291  25.1545001
  121.7659235  25.1543045
  121.7659361  25.1543026
  121.7659355  25.1542746
  121.7660816  25.15427
  121.7669783  25.1542437
  121.766967   25.1537304
  121.7671084  25.1537254
  121.7671316  25.1542359
  121.7675706  25.1542344
  121.767586   25.1539556
  121.767627   25.1538853
  121.7680718  25.1541386
  121.7682542  25.1541277
  121.7682781  25.1540672
  121.7686293  25.1541831
  121.7688034  25.1542669
  121.7697361  25.1552358
  121.7698042  25.1551793
  121.7701705  25.15549
  121.7701123  25.155553
  121.7732731  25.1567876
  121.7733466  25.156572
  121.7736087  25.1566305
  121.7735591  25.1567904
  121.7737311  25.1568317
  121.7753196  25.157473
  121.7760667  25.1578017
  121.7764049  25.1578621
  121.7776392  25.1582161
  121.7784004  25.1584817
  121.7789205  25.1588439
  121.7795793  25.1588216
  121.779605   25.1589318
  121.7797069  25.1589403
  121.7797149  25.159005
  121.7791567  25.1590572
  121.7786365  25.159158
  121.7783355  25.1592291
  121.7776629  25.1592725
  121.7773147  25.1592862
  121.7765302  25.1594089
  121.7757796  25.1595695
  121.7754473  25.1596406
  121.7750982  25.1597486
  121.7743556  25.159762
  121.7739242  25.1596233
  121.7731569  25.159956
  121.7723299  25.1602199
  121.7718115  25.1600282
  121.7716311  25.1598192
  121.77149    25.1599601
  121.7706499  25.15995
  121.77036    25.15995
  121.7700701  25.1600801
  121.7700092  25.1601605
  121.7698554  25.1602914
  121.7700284  25.1608437
  121.7695337  25.1615833
  121.7693031  25.1616503
  121.7692944  25.1617874
  121.7682827  25.1619851
  121.7676933  25.1617379
  121.7674306  25.1619143
  121.7671843  25.1621182
  121.767389   25.1622989
  121.767176   25.1625448
  121.7666228  25.1629721
  121.7661361  25.1631909
  121.7656562  25.1632701
  121.7654979  25.1634874
  121.7653894  25.1635514
  121.7651744  25.1635404
  121.7649103  25.1636778
  121.764574   25.1637204
  121.7639952  25.1637122
  121.7639776  25.1634949
  121.7635348  25.1638015
  121.7628716  25.1636191
  121.7623992  25.1633771
  121.7622017  25.162618
  121.7621742  25.1623323
  121.7622206  25.1622502
  121.7623992  25.161931
  121.7626862  25.1615692
  121.7626836  25.1615462
  121.762687   25.1615225
  121.7626735  25.1614827
  121.7623436  25.1612245
  121.7623556  25.1612073
  121.7623396  25.1611959
  121.7625695  25.1608638
  121.7625046  25.1605584
  121.7623149  25.1602068
  121.7604238  25.1604177
  121.7596974  25.1613308
  121.7573893  25.1609598
  121.7571811  25.1599037
  121.7562708  25.1594847
  121.7563636  25.1590891
  121.7568011  25.1588359
  121.7570234  25.1589078
  121.757224   25.1590833
  121.7573455  25.1589254
END
3
  121.7827618  25.1926957
  121.7826915  25.1927051
  121.7826727  25.1926941
  121.7826938  25.1926541
  121.7827097  25.1926501
  121.782711   25.1926116
  121.7827197  25.1926001
  121.7827281  25.1925691
  121.7827496  25.1925631
  121.7827848  25.1925746
  121.7827844  25.1925357
  121.7828017  25.1924854
  121.782818   25.1924833
  121.7828545  25.1924899
  121.7828555  25.1925124
  121.7829513  25.1924694
  121.7829849  25.1924593
  121.7830077  25.1924402
  121.7830582  25.1924268
  121.7830959  25.1924253
  121.7831043  25.1923831
  121.7831076  25.1923479
  121.7831344  25.1922855
  121.7831549  25.1922803
  121.7832011  25.1923448
  121.7831717  25.1924243
  121.7831217  25.1924572
  121.7831169  25.192517
  121.7830913  25.1925525
  121.7830391  25.1925494
  121.7829606  25.1925586
  121.7829248  25.192561
  121.7828962  25.1925884
  121.7828427  25.1925906
  121.7828252  25.1926229
  121.7827962  25.1926246
  121.7827653  25.1926504
  121.7827618  25.1926957
END
4
  121.7838021  25.1951899
  121.7838248  25.1952602
  121.783808   25.1953396
  121.7837728  25.1953502
  121.7837966  25.1953651
  121.7837986  25.1953937
  121.7837906  25.1953985
  121.7837695  25.1953775
  121.7837571  25.1953882
  121.7837685  25.195435
  121.7837967  25.1954756
  121.7837873  25.1955338
  121.7836745  25.1954398
  121.783641   25.1954373
  121.7836068  25.1954749
  121.7836169  25.1955538
  121.7835037  25.1955356
  121.7834621  25.1955363
  121.7832093  25.1954143
  121.7831837  25.1953834
  121.7831274  25.195279
  121.7831351  25.1952119
  121.7831844  25.1951791
  121.7831834  25.1951633
  121.7831529  25.1951467
  121.7831362  25.1951244
  121.7831246  25.195043
  121.7831294  25.1949489
  121.7831388  25.1949483
  121.7831804  25.1950024
  121.7832092  25.1950299
  121.783255   25.1950339
  121.783296   25.1950114
  121.7834157  25.1950266
  121.7834687  25.195037
  121.7836135  25.1950648
  121.7837102  25.1951322
  121.7837604  25.1951334
  121.7838021  25.1951899
END
5
  121.7844749  25.1900355
  121.7844623  25.1900184
  121.7844598  25.1899903
  121.7844792  25.1899521
  121.7844813  25.1899254
  121.7845161  25.1899084
  121.7845543  25.1898957
  121.7845946  25.1899054
  121.7846013  25.1899727
  121.7845657  25.190017
  121.784498   25.190037
  121.7844749  25.1900355
END
6
  121.7844817  25.1900887
  121.7844839  25.190105
  121.7844654  25.1901178
  121.7844158  25.1901229
  121.7843921  25.1901438
  121.7844008  25.1901515
  121.7844367  25.1901353
  121.784537   25.1901308
  121.7846495  25.1901228
  121.7848218  25.1900615
  121.784866   25.1900663
  121.7847222  25.1901547
  121.7846462  25.1902057
  121.7845664  25.1902591
  121.7845463  25.1902852
  121.7845652  25.1902933
  121.7846261  25.1902681
  121.7847126  25.1902063
  121.7848167  25.1901396
  121.7849004  25.1901287
  121.784939   25.1901586
  121.7849551  25.1902469
  121.7848885  25.190295
  121.7847275  25.1903431
  121.7847296  25.1903844
  121.7848265  25.1905591
  121.7852549  25.1908646
  121.7853005  25.1908301
  121.7861653  25.1909332
  121.7865055  25.1908535
  121.7866387  25.190827
  121.7866947  25.1907731
  121.7867932  25.1907822
  121.7868517  25.1907458
  121.7869771  25.1907507
  121.787025   25.190777
  121.7871695  25.1908538
  121.787216   25.1908397
  121.7873653  25.1908762
  121.7873874  25.1909193
  121.7874225  25.1909205
  121.7875162  25.1909557
  121.7875921  25.1909791
  121.7875877  25.1910564
  121.7874848  25.1910837
  121.7874789  25.1911215
  121.7875539  25.1911818
  121.7875449  25.1912512
  121.787598   25.1912858
  121.7876534  25.1913044
  121.7877015  25.1912624
  121.7876724  25.1912118
  121.7876197  25.1911617
  121.7876903  25.1911226
  121.7877723  25.1911754
  121.7878072  25.1911594
  121.7878083  25.1911092
  121.7879348  25.1911492
  121.7880562  25.1912645
  121.7880823  25.1912784
  121.7880975  25.1913161
  121.7880777  25.1913306
  121.7881197  25.1913556
  121.7881525  25.1913883
  121.7882068  25.1914175
  121.7882062  25.1914563
  121.7882511  25.1914618
  121.7882775  25.1914302
  121.7883886  25.1914812
  121.7884496  25.1915079
  121.7884261  25.1915485
  121.7884087  25.1915503
  121.7883557  25.1915079
  121.7882846  25.1915006
  121.7882634  25.1915224
  121.7882238  25.1915472
  121.7881485  25.1914988
  121.7880929  25.1914848
  121.7880171  25.1914363
  121.7879628  25.1914393
  121.7879012  25.1914058
  121.7878912  25.1915066
  121.7878148  25.1915194
  121.7877951  25.1915704
  121.7877935  25.1916499
  121.7876845  25.1916584
  121.7876116  25.191645
  121.7876042  25.1917081
  121.7875681  25.191719
  121.7875157  25.191679
  121.7875506  25.1917687
  121.787566   25.1918421
  121.7876932  25.1919356
  121.7877283  25.1919477
  121.787792   25.1919344
  121.7879554  25.1918619
  121.7880332  25.1919569
  121.7880788  25.1919684
  121.7881344  25.1920145
  121.7881773  25.1920819
  121.7883229  25.1921881
  121.7883678  25.1921802
  121.7884764  25.1922487
  121.7886682  25.1923464
  121.7887018  25.1924016
  121.7887339  25.1924004
  121.7887916  25.1923725
  121.7888834  25.1924508
  121.7888559  25.1925357
  121.7889438  25.1927442
  121.7889719  25.1927697
  121.7889706  25.1928133
  121.7889535  25.1928267
  121.7889166  25.192827
  121.7888264  25.1927609
  121.7887064  25.1926146
  121.7886809  25.1925418
  121.7887024  25.1925066
  121.7887037  25.192483
  121.7886742  25.1924708
  121.7886575  25.1924781
  121.7886454  25.1925509
  121.7886849  25.1926134
  121.7886905  25.1927016
  121.7888041  25.1929253
  121.7886917  25.1929019
  121.7886259  25.1928695
  121.7885341  25.1927775
  121.7884382  25.1927982
  121.7884466  25.1928813
  121.7883943  25.192888
  121.788315   25.1928361
  121.7882219  25.1928789
  121.788227   25.1929101
  121.7882873  25.1929265
  121.7883848  25.1930047
  121.7884599  25.1930982
  121.7884523  25.1931534
  121.7884796  25.1932077
  121.7884667  25.1932214
  121.7884476  25.1932196
  121.7884077  25.1932481
  121.7883569  25.1932605
  121.7883168  25.1932487
  121.78818    25.1931644
  121.7881728  25.1931904
  121.7880937  25.193211
  121.7880803  25.1932577
  121.7880365  25.1933239
  121.7880595  25.1933603
  121.7881313  25.1933639
  121.7883472  25.1934404
  121.7884422  25.1935139
  121.7885846  25.1936764
  121.7886972  25.1938347
  121.7887513  25.1939525
  121.7887669  25.1940357
  121.7887864  25.194075
  121.7887542  25.1941527
  121.788775   25.1941989
  121.7888269  25.1943444
  121.78883    25.1943736
  121.788802   25.1943848
  121.7888897  25.1945277
  121.7889034  25.194645
  121.7888836  25.1946505
  121.7888358  25.1946315
  121.7887554  25.1945605
  121.7886791  25.1944363
  121.7887225  25.1946861
  121.788758   25.1947152
  121.788755   25.1948097
  121.7887037  25.1948008
  121.7887324  25.1948316
  121.788718   25.1948495
  121.7886554  25.1947784
  121.7885394  25.1945581
  121.7885106  25.1945611
  121.7885026  25.1946497
  121.7885334  25.1946685
  121.7885499  25.1947044
  121.7885438  25.1947298
  121.7885032  25.1947383
  121.7884563  25.1947201
  121.7884323  25.1947613
  121.7883369  25.1947025
  121.7883659  25.1948171
  121.7883034  25.1948584
  121.7882734  25.1949273
  121.7882298  25.194936
  121.7879558  25.1948376
  121.7877502  25.19476
  121.7876771  25.1947759
  121.7876543  25.1948348
  121.7876798  25.1948651
  121.7877363  25.1949373
  121.7877849  25.1950266
  121.7877682  25.1950477
  121.7877133  25.195018
  121.787652   25.1949426
  121.7876224  25.1949998
  121.7876407  25.195019
  121.7876358  25.1951012
  121.7876132  25.1951205
  121.7875254  25.1951257
  121.7875034  25.1950548
  121.7875141  25.1949551
  121.7874981  25.1949361
  121.7874619  25.1949525
  121.7874196  25.1948876
  121.787357   25.1948792
  121.7873392  25.1948239
  121.7871047  25.1947203
  121.7869717  25.1946776
  121.7868087  25.1945447
  121.7866941  25.1945011
  121.786672   25.1945375
  121.7866807  25.194569
  121.786735   25.194589
  121.7868832  25.1946843
  121.7869583  25.1947705
  121.7869393  25.1948098
  121.7869062  25.1948061
  121.7868696  25.1947389
  121.7867864  25.194878
  121.7867114  25.1947807
  121.7866994  25.1947268
  121.7867336  25.1947119
  121.7867091  25.1946956
  121.7866693  25.1947179
  121.7865942  25.1947213
  121.7865761  25.1946612
  121.7865828  25.1946145
  121.7865593  25.1946133
  121.7865407  25.1946431
  121.7865144  25.1946576
  121.7865124  25.1946861
  121.7864921  25.194705
  121.7864688  25.1946983
  121.786442   25.1946327
  121.7863682  25.1946309
  121.7863286  25.1945733
  121.7863031  25.1945818
  121.7862871  25.194546
  121.7862692  25.1945544
  121.786285   25.194619
  121.7862585  25.1946386
  121.786297   25.194725
  121.7862907  25.194753
  121.7862702  25.1947817
  121.7861142  25.1947431
  121.7860631  25.1947087
  121.7860234  25.1946776
  121.7860135  25.1947197
  121.7860525  25.1947528
  121.7862343  25.194853
  121.7861962  25.1948984
  121.7862646  25.1949381
  121.7862389  25.1949886
  121.7862157  25.194996
  121.7861824  25.1949775
  121.7861035  25.1949961
  121.7859942  25.1948952
  121.7858571  25.1948607
  121.7857848  25.1946324
  121.7857427  25.1946319
  121.7857184  25.1946066
  121.785742   25.194485
  121.7858699  25.1945628
  121.7859229  25.1945404
  121.7859529  25.1945435
  121.7859761  25.1945114
  121.7859299  25.1944866
  121.7859184  25.1943596
  121.7858578  25.1942999
  121.785918   25.1940905
  121.785847   25.1940714
  121.7858941  25.1938591
  121.7858425  25.1937699
  121.7857811  25.1937749
  121.7856503  25.1936983
  121.7854321  25.1935775
  121.7853235  25.1935751
  121.7852839  25.1935248
  121.7852397  25.1934736
  121.7851566  25.1934762
  121.7850211  25.1933767
  121.784901   25.1933397
  121.7848413  25.1933531
  121.7847937  25.1934028
  121.7847618  25.1934051
  121.7847083  25.1933872
  121.7847334  25.1933215
  121.7847021  25.1933166
  121.7846687  25.1933439
  121.7845739  25.1933017
  121.7843188  25.1933842
  121.7841144  25.1933612
  121.7840898  25.1932186
  121.7840056  25.1931097
  121.7839162  25.193035
  121.7838345  25.1928484
  121.7834561  25.1924792
  121.7834105  25.1924717
  121.7833353  25.1923331
  121.783287   25.1922882
  121.7832749  25.1921814
  121.7831395  25.1920526
  121.7830656  25.1920348
  121.7830962  25.1919022
  121.7828806  25.1916171
  121.7828136  25.1915965
  121.7827621  25.1916716
  121.782726   25.1916712
  121.7826736  25.1916422
  121.7826279  25.1915511
  121.7826567  25.1915212
  121.7826424  25.1914441
  121.7827172  25.1913856
  121.7826969  25.1913101
  121.7826694  25.1912931
  121.7826073  25.1912943
  121.782599   25.1912718
  121.7826272  25.1912342
  121.7826553  25.1912099
  121.7826486  25.1911881
  121.7825722  25.1911232
  121.7825025  25.1909787
  121.7823456  25.1908465
  121.7823093  25.1907015
  121.7822463  25.190645
  121.782302   25.1905668
  121.7822993  25.1904175
  121.7822503  25.1903331
  121.7821813  25.1899685
  121.7820801  25.1897415
  121.7821082  25.1896723
  121.7821632  25.1896262
  121.7825468  25.1895862
  121.7827653  25.189642
  121.78306    25.1897956
  121.7832651  25.1898642
  121.783466   25.1899369
  121.7835571  25.1900012
  121.783574   25.1899096
  121.7836951  25.1900202
  121.783874   25.1900797
  121.7839682  25.1900587
  121.7840756  25.190159
  121.7841386  25.1901675
  121.784184   25.1902356
  121.7842144  25.1902433
  121.7842434  25.190236
  121.7842979  25.1901407
  121.7844269  25.1900988
  121.78444    25.190088
  121.7844817  25.1900887
END
7
  121.7869092  25.1954685
  121.7869026  25.1954464
  121.7868706  25.1954259
  121.7868131  25.1953693
  121.7867816  25.1952917
  121.7867004  25.1952206
  121.7866662  25.1951618
  121.7866424  25.1951436
  121.786631   25.1950963
  121.7866176  25.1950887
  121.7866082  25.1951454
  121.7865977  25.1951466
  121.7865717  25.1951357
  121.7865486  25.1951063
  121.7865328  25.1950663
  121.7865305  25.1950113
  121.7865613  25.1950095
  121.7865824  25.1950195
  121.7865818  25.1950101
  121.7865482  25.1949813
  121.7865475  25.1949512
  121.7865069  25.1948866
  121.7865097  25.1948703
  121.7865278  25.194859
  121.786579   25.1948857
  121.7866009  25.1949149
  121.7866468  25.1949324
  121.7866635  25.1949725
  121.7867021  25.1949762
  121.7867258  25.1949925
  121.7867299  25.1950204
  121.786756   25.1950313
  121.7867685  25.1951078
  121.7867896  25.1951193
  121.7867962  25.1951551
  121.7868439  25.1951727
  121.7868754  25.1951982
  121.786913   25.1952613
  121.786906   25.1953074
  121.7869348  25.1953147
  121.7869636  25.1953299
  121.78698    25.1953705
  121.787028   25.1953991
  121.7870303  25.1954567
  121.7869965  25.195477
  121.7869092  25.1954685
END
8
  121.787941   25.1915543
  121.7879846  25.1915434
  121.7880265  25.1915607
  121.7880553  25.1916025
  121.7880607  25.1916644
  121.7880017  25.1916462
  121.7879426  25.191588
  121.787941   25.1915543
END
9
  121.7885739  25.1932878
  121.7885676  25.193313
  121.7885528  25.1933725
  121.7884595  25.1933224
  121.7884543  25.193263
  121.7884945  25.1932326
  121.7885221  25.1932347
  121.7885739  25.1932878
END
10
  121.7887413  25.1949468
  121.788768   25.1949462
  121.7887266  25.1949012
  121.7887549  25.194897
  121.7888341  25.1949533
  121.7888716  25.1949704
  121.7889119  25.1950532
  121.7889511  25.195116
  121.788957   25.1951752
  121.7889503  25.1951873
  121.7889378  25.1951862
  121.7887888  25.1951018
  121.78875    25.1949947
  121.7887413  25.1949468
END
11
  121.7889403  25.1944284
  121.7889538  25.1944155
  121.7890318  25.1944767
  121.7890209  25.1945092
  121.7889687  25.1945157
  121.7889403  25.1944284
END
12
  121.7889518  25.1935032
  121.7889783  25.1935369
  121.7889817  25.193573
  121.7889552  25.1935776
  121.7889035  25.193563
  121.7888751  25.1935142
  121.7888385  25.1935069
  121.7887808  25.1934538
  121.7887874  25.1934197
  121.7888479  25.1933682
  121.7889176  25.1934344
  121.7889518  25.1935032
END
13
  121.789033   25.1935588
  121.7890504  25.1935569
  121.78911    25.1936109
  121.7891007  25.1936352
  121.7890794  25.193657
  121.7890041  25.1935839
  121.789033   25.1935588
END
14
  121.7890793  25.1945608
  121.7891112  25.194576
  121.7891415  25.1946295
  121.7891006  25.1946432
  121.7890793  25.1945608
END
15
  121.7891915  25.1945858
  121.7892051  25.1945656
  121.7892524  25.1946001
  121.7892676  25.1946409
  121.789307   25.1947007
  121.7893061  25.1947312
  121.7893218  25.194759
  121.7893042  25.1947861
  121.7892811  25.1947796
  121.7892831  25.194762
  121.7892325  25.1947269
  121.7892016  25.1946823
  121.7891915  25.1945858
END
16
  121.789266   25.1929101
  121.7892653  25.1929347
  121.7892335  25.1929848
  121.7891974  25.1930454
  121.7891029  25.1929872
  121.7891087  25.1929562
  121.7890175  25.1928859
  121.7890105  25.1928036
  121.788978   25.1927372
  121.7889897  25.192689
  121.7890122  25.1926708
  121.7890014  25.192651
  121.7890745  25.1925394
  121.789035   25.1924963
  121.7890781  25.1924902
  121.7891543  25.1925157
  121.7891691  25.1925424
  121.7892336  25.1925254
  121.7893422  25.1926014
  121.789333   25.1927472
  121.7893196  25.1927609
  121.7892734  25.1927032
  121.7892861  25.1928607
  121.7892553  25.1928995
  121.789266   25.1929101
END
17
  121.7893129  25.1929635
  121.7893159  25.1929335
  121.7893582  25.1929095
  121.7893914  25.1929119
  121.7893894  25.1928852
  121.7894179  25.1928974
  121.7894187  25.1929246
  121.7893756  25.1929981
  121.7893322  25.1929987
  121.7893129  25.1929635
END
18
  121.7893148  25.1956116
  121.789248   25.1955824
  121.7891677  25.1954636
  121.789183   25.1953693
  121.7892068  25.1953523
  121.7892569  25.1953523
  121.7892636  25.195413
  121.78933    25.1954701
  121.7893581  25.1956088
  121.7893148  25.1956116
END
19
  121.7895911  25.1927753
  121.7895184  25.1927208
  121.7894842  25.1926371
  121.7894407  25.1926318
  121.7893884  25.1925843
  121.7894118  25.1925546
  121.7893765  25.1925115
  121.7895406  25.1925315
  121.7895741  25.1925564
  121.7896849  25.1925885
  121.7896995  25.1926152
  121.7896432  25.1926298
  121.7897526  25.1926959
  121.7898048  25.1927566
  121.7897994  25.1927888
  121.7898727  25.1928421
  121.7898879  25.192881
  121.7898775  25.1929234
  121.7899282  25.1929884
  121.7898741  25.1930618
  121.7895917  25.1928488
  121.7895911  25.1927753
END
20
  121.9462114  25.4236585
  121.9462629  25.4236392
  121.9463087  25.4236465
  121.9463613  25.423677
  121.946419   25.4236839
  121.94642    25.4237124
  121.9463578  25.4237022
  121.9463449  25.4236806
  121.946314   25.4237105
  121.9463495  25.4237491
  121.9464048  25.4237314
  121.9464736  25.4237642
  121.9464837  25.4238009
  121.9464962  25.423867
  121.9465792  25.4238848
  121.9466039  25.4239497
  121.9465908  25.4240032
  121.9466298  25.424033
  121.946694   25.424121
  121.9466876  25.4241697
  121.9467098  25.4242071
  121.9467187  25.4242544
  121.9467377  25.4242616
  121.9467519  25.4243166
  121.9467433  25.4243296
  121.9466475  25.4243341
  121.9466211  25.424292
  121.9465715  25.4242753
  121.9465541  25.4243144
  121.9465614  25.4243714
  121.9465826  25.4244159
  121.9465712  25.424438
  121.9465769  25.4245053
  121.9465977  25.4244773
  121.9466313  25.4244715
  121.9466433  25.4244258
  121.9466644  25.4244467
  121.9466496  25.4244867
  121.9466107  25.4245111
  121.9466094  25.4245373
  121.9466623  25.4245415
  121.94667    25.4245504
  121.9466495  25.4245659
  121.9465588  25.4245631
  121.9465125  25.4245628
  121.9464849  25.4245193
  121.9464493  25.4245003
  121.9463953  25.4244874
  121.9463578  25.4244504
  121.9462948  25.4244545
  121.9462866  25.4244746
  121.9462852  25.4244937
  121.946303   25.42451
  121.9463113  25.4245227
  121.9463117  25.4245482
  121.9462912  25.4245791
  121.9462778  25.4246127
  121.9462762  25.4246396
  121.9463385  25.4246706
  121.9463559  25.424726
  121.9463482  25.4247453
  121.9463358  25.4247556
  121.9463019  25.4247523
  121.9462822  25.424702
  121.9462555  25.42468
  121.9462436  25.4246029
  121.9462308  25.4245759
  121.9462481  25.4245255
  121.9462203  25.4243988
  121.9461699  25.4242714
  121.9460958  25.4243251
  121.9460954  25.4242993
  121.9461613  25.4242258
  121.9461625  25.4242136
  121.9461213  25.4242039
  121.9460974  25.4241356
  121.9460905  25.4240749
  121.9461159  25.424067
  121.9461566  25.424083
  121.9461548  25.4239438
  121.9460827  25.4239225
  121.9460158  25.4238977
  121.9459023  25.4238938
  121.9458872  25.4238454
  121.9459191  25.4238271
  121.9459438  25.4238426
  121.9459798  25.4238145
  121.9460243  25.4238078
  121.9460407  25.4237712
  121.9460814  25.4237091
  121.9461561  25.4236589
  121.9462114  25.4236585
END
21
  121.9468399  25.424045
  121.9468551  25.4240428
  121.9468595  25.4240523
  121.9468806  25.4240504
  121.9469031  25.4240285
  121.9469209  25.4240232
  121.9469653  25.424013
  121.9470176  25.4240201
  121.9470408  25.4240458
  121.9470493  25.424065
  121.9470627  25.4240972
  121.9470581  25.424119
  121.947045   25.424142
  121.9470168  25.4241633
  121.9469739  25.4241641
  121.9469144  25.4241504
  121.9468803  25.4241285
  121.9468329  25.4241135
  121.9468213  25.424094
  121.9468399  25.424045
END
22
  121.9469     25.4238404
  121.9468863  25.4238299
  121.9468872  25.4237986
  121.9469046  25.4237878
  121.9469192  25.4237917
  121.9469306  25.4238115
  121.946927   25.423834
  121.9469127  25.4238437
  121.9469     25.4238404
END
23
  121.9471552  25.4235531
  121.9471408  25.4235487
  121.9471331  25.423524
  121.9471603  25.4234808
  121.9471323  25.4234638
  121.9471338  25.4234385
  121.9471445  25.4234237
  121.9471432  25.4234034
  121.9471123  25.4233797
  121.9470999  25.4233535
  121.9471069  25.4233275
  121.9471247  25.4233156
  121.9471485  25.4233162
  121.9471604  25.4233203
  121.9471672  25.4233411
  121.9471602  25.4233562
  121.9471589  25.4233768
  121.9471817  25.4234215
  121.9472178  25.4234534
  121.9472152  25.4234668
  121.9471874  25.4234761
  121.9471693  25.4235113
  121.9471692  25.4235413
  121.9471552  25.4235531
END
24
  121.9471565  25.4232318
  121.9471469  25.4232326
  121.9471246  25.4232228
  121.9471281  25.4231984
  121.9471506  25.4231892
  121.9471552  25.4231656
  121.9471666  25.4231583
  121.947209   25.4231564
  121.947217   25.4231661
  121.9472156  25.4231828
  121.947212   25.4231956
  121.9471787  25.4232014
  121.9471706  25.4232254
  121.9471565  25.4232318
END
25
  122.0758751  25.6325355
  122.0746532  25.6322272
  122.0744607  25.6321037
  122.0741706  25.6319493
  122.0739674  25.6321017
  122.0738739  25.6322264
  122.0737778  25.6324687
  122.0737149  25.6324917
  122.073657   25.6324778
  122.073612   25.6324274
  122.0735578  25.6323529
  122.07356    25.6322307
  122.0735751  25.6322048
  122.0736584  25.6321782
  122.0737475  25.6321123
  122.0738471  25.6319136
  122.0739253  25.6318289
  122.0736717  25.6316721
  122.0732832  25.6315361
  122.073354   25.6312094
  122.0732211  25.6309774
  122.073076   25.6307426
  122.0729926  25.6305171
  122.0728188  25.6301654
  122.0727181  25.6299094
  122.0725322  25.6295862
  122.0724686  25.6293771
  122.0723812  25.6290602
  122.0723495  25.6287907
  122.0723494  25.6286794
  122.0722622  25.6286156
  122.0721535  25.6286368
  122.0720516  25.6286126
  122.0720275  25.628531
  122.072175   25.6284778
  122.0722957  25.6284494
  122.0723013  25.6281055
  122.0723817  25.6277279
  122.0724084  25.6275877
  122.0724614  25.6274011
  122.0727521  25.6267395
  122.0729854  25.6267742
  122.0730778  25.6266992
  122.0729654  25.6265556
  122.0729563  25.6264567
  122.0730639  25.6263703
  122.0731641  25.6263926
  122.0732425  25.6264452
  122.0733662  25.6263971
  122.073477   25.6263359
  122.0734391  25.6262237
  122.0735     25.6261332
  122.0736402  25.6261767
  122.0738302  25.6261223
  122.0741199  25.6261888
  122.0741712  25.6260663
  122.0741357  25.6259222
  122.0742674  25.6256284
  122.0742499  25.6255757
  122.0742427  25.625502
  122.0742714  25.6254691
  122.0743298  25.6254441
  122.0744022  25.6254497
  122.0745014  25.6255512
  122.0745435  25.6256387
  122.0746673  25.6258916
  122.0748765  25.6257887
  122.0749126  25.6255716
  122.0750624  25.6256237
  122.0752469  25.6256151
  122.0752488  25.625461
  122.075311   25.6254382
  122.075371   25.6254284
  122.0754138  25.6254706
  122.0754273  25.6253544
  122.0753983  25.6252709
  122.0753914  25.6252153
  122.0753574  25.6251724
  122.075216   25.6251724
  122.0751663  25.6251386
  122.0753025  25.6249597
  122.075492   25.6251429
  122.0755792  25.625255
  122.0755575  25.6253546
  122.0755848  25.6254207
  122.0756295  25.6254477
  122.0756778  25.6254518
  122.0757193  25.6254051
  122.0757453  25.6253665
  122.0757792  25.6250194
  122.0758553  25.6247913
  122.0759036  25.6247104
  122.0759352  25.6247862
  122.0759242  25.6251171
  122.0759611  25.6251114
  122.0760495  25.6250362
  122.0760608  25.6250939
  122.0760301  25.6251867
  122.0760753  25.6252598
  122.0763156  25.6252811
  122.0769804  25.6251801
  122.0768246  25.6245681
  122.0768735  25.6244522
  122.0769976  25.6243641
  122.0770588  25.6241023
  122.0772025  25.6238197
  122.077291   25.6236174
  122.0774436  25.6235066
  122.0775563  25.6236036
  122.0776461  25.6236174
  122.0777453  25.6235341
  122.0778314  25.6234199
  122.0778804  25.6233312
  122.07804    25.6232327
  122.0782845  25.6231286
  122.0786559  25.6230649
  122.0788713  25.6230674
  122.0790277  25.6230427
  122.0792098  25.6229735
  122.0793264  25.6230248
  122.0792701  25.6231586
  122.0794151  25.6232303
  122.0795538  25.6232632
  122.0798141  25.6232754
  122.080064   25.6232643
  122.080668   25.6232987
  122.0808795  25.6233645
  122.0812454  25.6235076
  122.0816462  25.6236767
  122.0817321  25.6240189
  122.0817053  25.6240711
  122.0816494  25.624123
  122.0816055  25.6241303
  122.0815378  25.6242097
  122.0816022  25.6243028
  122.0817863  25.6244203
  122.081841   25.6244968
  122.0818799  25.6245752
  122.0818759  25.624655
  122.0817996  25.6247374
  122.0817002  25.6247729
  122.0814445  25.6248003
  122.0811719  25.6249458
  122.0809487  25.625178
  122.0809564  25.6253105
  122.0809956  25.6254211
  122.0812343  25.6255506
  122.0815137  25.6256526
  122.0818424  25.6258381
  122.0821106  25.6259192
  122.082419   25.6259403
  122.0824076  25.6260099
  122.0824572  25.6260437
  122.0825551  25.6260546
  122.0825981  25.6261924
  122.0827945  25.6263805
  122.083066   25.626573
  122.0834473  25.6267233
  122.0838714  25.6270776
  122.0841553  25.627495
  122.084251   25.6275322
  122.0843259  25.6275022
  122.0843978  25.6274434
  122.0844253  25.6274603
  122.0844259  25.6275631
  122.0841834  25.6280358
  122.084179   25.6282064
  122.0841714  25.6283902
  122.0841882  25.6285819
  122.0842421  25.6287045
  122.0843697  25.628752
  122.0846237  25.6287023
  122.0847739  25.6287552
  122.0848982  25.6288618
  122.08495    25.6290432
  122.0851097  25.6293184
  122.0849294  25.6298804
  122.0848994  25.6300243
  122.0850556  25.630345
  122.0849115  25.6304548
  122.0848907  25.6306256
  122.0849535  25.6307442
  122.0849287  25.6308855
  122.0846761  25.631085
  122.0843321  25.6307147
  122.0842316  25.6306734
  122.0841095  25.6306501
  122.0839713  25.6306191
  122.0838454  25.6306042
  122.0837431  25.6306086
  122.0836673  25.630695
  122.0837119  25.6307895
  122.0840141  25.6309258
  122.0842378  25.6310936
  122.0843821  25.6312538
  122.0843912  25.631548
  122.0844247  25.631648
  122.0845197  25.631715
  122.0844508  25.6318564
  122.0844745  25.6320052
  122.0844971  25.632107
  122.0844829  25.6323025
  122.0844957  25.6323631
  122.0843092  25.6325941
  122.0843015  25.6326694
  122.0842043  25.6326933
  122.0841279  25.6327123
  122.0840986  25.6326943
  122.0840024  25.6326986
  122.0839417  25.6327057
  122.0839183  25.6328376
  122.0839968  25.6329274
  122.0840547  25.6329976
  122.0840499  25.6330838
  122.0839865  25.6331903
  122.0839192  25.633204
  122.0838687  25.63313
  122.083702   25.6331773
  122.0836109  25.633203
  122.0835733  25.63331
  122.0835341  25.6333154
  122.0832633  25.6333108
  122.0831813  25.6333156
  122.0831211  25.633331
  122.0830234  25.6333173
  122.0829129  25.633292
  122.0826685  25.6330807
  122.0826036  25.6329627
  122.0825703  25.6328005
  122.0825293  25.6327684
  122.0824773  25.632767
  122.0822997  25.6328673
  122.0820217  25.6329881
  122.0818973  25.6330192
  122.0817919  25.63302
  122.0816838  25.6329957
  122.081605   25.6330457
  122.08158    25.6331001
  122.0815425  25.6331159
  122.0814858  25.6331448
  122.0814303  25.6331596
  122.0812747  25.6331205
  122.080961   25.6332127
  122.0808901  25.633237
  122.0807961  25.633294
  122.0807552  25.6333315
  122.0807029  25.6333445
  122.0806248  25.6333399
  122.080567   25.6333059
  122.0804495  25.6332352
  122.0804009  25.6332059
  122.0803825  25.6331713
  122.0803383  25.6331407
  122.080279   25.6331228
  122.080215   25.6330762
  122.080136   25.6329753
  122.0800766  25.6328443
  122.0799416  25.6328943
  122.0798055  25.6330079
  122.0796075  25.6330662
  122.0792809  25.6331096
  122.0790945  25.6331297
  122.0789434  25.6332324
  122.078768   25.6331262
  122.0783277  25.6331618
  122.0782312  25.6333762
  122.0781329  25.6333603
  122.0780228  25.6331064
  122.077748   25.6329926
  122.077577   25.6329778
  122.0774266  25.6329798
  122.0772847  25.6329981
  122.0772518  25.6330552
  122.0772167  25.6330836
  122.0771606  25.6330865
  122.0771522  25.6329523
  122.0770998  25.6329031
  122.0769847  25.6328862
  122.0768712  25.6328741
  122.076136   25.6326695
  122.0758751  25.6325355
END
26
  122.1051406  25.4823055
  122.105218   25.4822506
  122.1051258  25.482041
  122.1052024  25.4820102
  122.1055264  25.4819834
  122.1056188  25.4819982
  122.1057349  25.4820348
  122.1061698  25.4822914
  122.1061991  25.4823333
  122.1062524  25.4826819
  122.106159   25.4828698
  122.10615    25.4829703
  122.106141   25.4830603
  122.1062297  25.4832006
  122.1063006  25.4832112
  122.1064946  25.4833422
  122.1065923  25.4833863
  122.1068138  25.4834216
  122.1070555  25.4836887
  122.1072466  25.4838207
  122.1075298  25.4839633
  122.1076877  25.4839259
  122.1077664  25.4838568
  122.1078154  25.4838794
  122.1078096  25.4842349
  122.1078043  25.4843949
  122.1076386  25.484491
  122.1074329  25.4845821
  122.1073133  25.4845985
  122.1070982  25.4846155
  122.1070011  25.4846494
  122.1069493  25.4846928
  122.1069423  25.4851898
  122.1070778  25.4854995
  122.1072568  25.4861207
  122.1074543  25.4862876
  122.1075694  25.4864729
  122.1078867  25.4865757
  122.1081126  25.4866956
  122.1082145  25.4868118
  122.1081877  25.4868808
  122.1080375  25.4869341
  122.1076861  25.4868602
  122.1072926  25.486664
  122.107234   25.4870194
  122.1070672  25.4873122
  122.1067924  25.4874834
  122.1064878  25.4876656
  122.1062173  25.4877375
  122.1060164  25.4877972
  122.1057717  25.4878305
  122.1052495  25.487769
  122.1049921  25.4876204
  122.104781   25.4875261
  122.1044802  25.4873253
  122.1043881  25.4867051
  122.1044339  25.4866373
  122.1045546  25.4865927
  122.1046143  25.4865333
  122.1046314  25.486243
  122.1045599  25.4860104
  122.1043197  25.4858922
  122.1040422  25.4857969
  122.1039562  25.4859334
  122.1038846  25.4859933
  122.1036391  25.4860981
  122.1035063  25.4861587
  122.1034444  25.4861349
  122.103246   25.4859866
  122.10347    25.4857528
  122.103552   25.4854562
  122.1035614  25.4852249
  122.1034632  25.4852394
  122.1032721  25.485147
  122.1031116  25.485284
  122.1030325  25.4852477
  122.1030258  25.4851787
  122.1032506  25.4849877
  122.1033382  25.4849838
  122.1034467  25.48503
  122.1037327  25.4845615
  122.1037309  25.4844426
  122.1035424  25.483962
  122.1036085  25.4838854
  122.1036272  25.4837154
  122.1035108  25.4834848
  122.1037228  25.4831222
  122.1038482  25.4830176
  122.104454   25.4826924
  122.1051406  25.4823055
END
27
  122.1084519  25.4840226
  122.1089065  25.4838628
  122.1090473  25.4838338
  122.1091466  25.483818
  122.10916    25.4838495
  122.1091573  25.4838797
  122.1090111  25.4840637
  122.1087067  25.4841328
  122.108598   25.4841315
  122.1085142  25.4841201
  122.1084612  25.4841233
  122.1083929  25.4840771
  122.1084519  25.4840226
END
END
