polygon
1
  8.3612343    47.5101015
  8.3615853    47.5102181
  8.3618213    47.5102922
  8.3620616    47.5103599
  8.3620938    47.5103561
  8.362153     47.5103578
  8.3622546    47.5103767
  8.3623726    47.510422
  8.3624493    47.5104801
  8.3625154    47.5105011
  8.3626173    47.5105391
  8.3627071    47.5105655
  8.3628047    47.5106007
  8.3628824    47.5106264
  8.362967     47.5106712
  8.3630733    47.5107306
  8.3632726    47.510808
  8.3633729    47.5108377
  8.3634248    47.5108514
  8.3635398    47.5108784
  8.3637082    47.5109065
  8.3638137    47.5109132
  8.3639346    47.5109149
  8.3640498    47.5109136
  8.3643732    47.5109006
  8.3647036    47.5108936
  8.3653728    47.5108828
  8.3656099    47.5108847
  8.365837     47.5108896
  8.3658886    47.5108874
  8.3659398    47.5108828
  8.3659904    47.5108758
  8.3660402    47.5108664
  8.366089     47.5108547
  8.3661365    47.5108407
  8.3661824    47.5108246
  8.3662177    47.5108102
  8.3665739    47.5115484
  8.3682009    47.5111884
  8.3683736    47.5115393
  8.3672287    47.5120685
  8.3673454    47.5121863
  8.3676128    47.5121403
  8.3678743    47.5120858
  8.3680889    47.5120346
  8.3681585    47.5120157
  8.3681642    47.5120251
  8.368402     47.5119532
  8.3684678    47.5120514
  8.3684574    47.5120543
  8.3684434    47.512061
  8.3684325    47.5120699
  8.3684252    47.5120804
  8.3684227    47.5120879
  8.3684236    47.5120978
  8.3684279    47.5121072
  8.3684355    47.5121156
  8.3684459    47.5121226
  8.3684584    47.5121276
  8.3684548    47.5121329
  8.3686638    47.512197
  8.3695941    47.5118895
  8.3704078    47.5114979
  8.3707289    47.5116678
  8.3708759    47.5115586
  8.3709682    47.5115071
  8.3710401    47.5115006
  8.371214     47.511612
  8.3713291    47.5116694
  8.371522     47.5117476
  8.3715959    47.5117935
  8.3718813    47.5115976
  8.3720507    47.5114908
  8.3722402    47.5114116
  8.3727334    47.5112884
  8.3732598    47.5111498
  8.3733714    47.5111166
  8.3734808    47.51108
  8.3736353    47.5110243
  8.3737143    47.5110095
  8.3737956    47.5110174
  8.3739977    47.5110738
  8.374096     47.5111206
  8.3741454    47.5111947
  8.374208     47.5114273
  8.3742203    47.5114906
  8.3741876    47.5115365
  8.3741593    47.5115829
  8.3742995    47.5116334
  8.3746639    47.5121826
  8.3747579    47.5122099
  8.3754725    47.5123188
  8.37561      47.5123418
  8.3764775    47.5124767
  8.3765774    47.5124752
  8.3770576    47.5123913
  8.3773794    47.5127876
  8.3774636    47.5128593
  8.3775838    47.5129305
  8.3776153    47.5129994
  8.3778691    47.5131577
  8.3781409    47.5132991
  8.378446     47.5134649
  8.3788014    47.5136666
  8.3790104    47.5139035
  8.3792024    47.514172
  8.37936      47.5144369
  8.3794434    47.5146013
  8.3796497    47.5149083
  8.3792708    47.5158762
  8.380373     47.5159716
  8.380457     47.5167468
  8.3805339    47.5174806
  8.3805864    47.5184893
  8.3805662    47.5186544
  8.3805087    47.5191761
  8.380437     47.5199568
  8.3806688    47.52055
  8.3809444    47.5212452
  8.3811067    47.5218791
  8.3811993    47.5224124
  8.3813074    47.5230139
  8.3814007    47.5240022
  8.3814002    47.5249125
  8.3816327    47.5255484
  8.3817966    47.5257884
  8.3821634    47.526277
  8.3824224    47.526547
  8.3830978    47.5272224
  8.3833159    47.5274501
  8.3835345    47.5276854
  8.3842046    47.5282
  8.3846767    47.5284353
  8.3851282    47.5286473
  8.3863091    47.5287806
  8.3866534    47.5288719
  8.3869323    47.5285997
  8.3874918    47.5283083
  8.3875102    47.5282905
  8.3875726    47.5283018
  8.387682     47.5283036
  8.3878851    47.5282611
  8.387955     47.5282685
  8.3880969    47.5282506
  8.3881333    47.5282587
  8.3887077    47.527751
  8.3889462    47.5276329
  8.38936      47.5275638
  8.3895486    47.5275148
  8.3898284    47.5273408
  8.3896713    47.5271384
  8.3893295    47.5269848
  8.3891609    47.5267444
  8.3888919    47.5263097
  8.3895459    47.5262869
  8.3902642    47.5263368
  8.390434     47.526321
  8.3906599    47.5262723
  8.3910234    47.5260916
  8.3912376    47.5259452
  8.3914554    47.5258239
  8.3917526    47.5255707
  8.3920749    47.5253871
  8.3920653    47.5251437
  8.3923816    47.5252921
  8.3933257    47.5257192
  8.3942356    47.5268573
  8.3946659    47.5273956
  8.3949728    47.5276866
  8.3950223    47.5277193
  8.395409     47.5280564
  8.3957309    47.5283157
  8.3956602    47.5283482
  8.3955932    47.5283846
  8.395531     47.5284245
  8.3954736    47.5284676
  8.3953907    47.5285462
  8.395334     47.5286147
  8.3952997    47.5286682
  8.3952591    47.5287479
  8.3951924    47.5289102
  8.3951453    47.5290749
  8.3951291    47.5291581
  8.3951266    47.5292335
  8.3951324    47.5293088
  8.3951592    47.5294474
  8.3951652    47.5295115
  8.3951647    47.5295758
  8.3951341    47.5297888
  8.3951299    47.5298636
  8.3951306    47.5299389
  8.3951512    47.5301493
  8.3951457    47.5302097
  8.3951309    47.5302693
  8.395107     47.5303275
  8.3950339    47.5304494
  8.3950034    47.5305173
  8.3949827    47.5305869
  8.3949722    47.5306575
  8.394976     47.5308102
  8.3949707    47.5308918
  8.3948565    47.5314809
  8.3949409    47.5315572
  8.3950905    47.5317598
  8.3953349    47.5319352
  8.3954108    47.5319784
  8.3954912    47.5320176
  8.3955759    47.5320526
  8.3956643    47.5320831
  8.3957559    47.532109
  8.3958502    47.5321301
  8.3964643    47.5322345
  8.3966042    47.5322621
  8.3967408    47.5322964
  8.3968731    47.532337
  8.3973338    47.5325146
  8.3976676    47.5326373
  8.397711     47.5326504
  8.397757     47.5326593
  8.3978043    47.5326637
  8.397852     47.5326636
  8.3979       47.5326588
  8.3979464    47.5326494
  8.3979904    47.5326357
  8.3980311    47.5326178
  8.3980676    47.5325962
  8.398108     47.532566
  8.3981602    47.5325459
  8.3981891    47.5325401
  8.3982348    47.5325379
  8.3982787    47.532542
  8.3983071    47.5325488
  8.3983573    47.5325711
  8.3983779    47.532586
  8.3984077    47.5326212
  8.3984152    47.5326511
  8.3984151    47.5326814
  8.3984047    47.5327166
  8.3983926    47.5327399
  8.3983708    47.5327663
  8.3983428    47.53279
  8.3990116    47.5329781
  8.3994814    47.5330245
  8.4003758    47.5332293
  8.4011349    47.5332328
  8.4013995    47.5332405
  8.4014897    47.5332536
  8.4021724    47.5332508
  8.402371     47.5332346
  8.4024781    47.5332375
  8.4025723    47.53324
  8.4027651    47.5333246
  8.4028197    47.5333613
  8.402935     47.5333916
  8.4030536    47.5334153
  8.4031746    47.5334325
  8.403283     47.5334421
  8.4033921    47.5334464
  8.4038513    47.5334482
  8.4039311    47.5335099
  8.403918     47.5336407
  8.4039525    47.5337909
  8.4040389    47.533933
  8.4041751    47.5340821
  8.4044303    47.534315
  8.4042849    47.5348931
  8.4042435    47.5350095
  8.4042062    47.5350851
  8.4041682    47.5351464
  8.4041113    47.5352223
  8.4040456    47.5352948
  8.4039713    47.5353635
  8.4035401    47.5356981
  8.4034324    47.5359036
  8.4033788    47.5360664
  8.4032692    47.5362205
  8.4028117    47.5367011
  8.4026907    47.5368768
  8.4024705    47.5372762
  8.4023949    47.5373833
  8.4023021    47.5374827
  8.4021825    47.5375711
  8.4018361    47.5377591
  8.4014475    47.537995
  8.4014308    47.5380052
  8.4013546    47.5380741
  8.4013157    47.5381521
  8.401313     47.5382309
  8.4014028    47.5384947
  8.401433     47.538635
  8.4014579    47.5391357
  8.401423     47.5393141
  8.4013548    47.5394894
  8.4012627    47.5396531
  8.4010631    47.5398728
  8.4010175    47.539952
  8.4010197    47.5400297
  8.4010822    47.5400805
  8.4011978    47.5400918
  8.4013203    47.5400721
  8.4014305    47.5400271
  8.4018526    47.5397941
  8.4019806    47.5397023
  8.4020813    47.539595
  8.4022409    47.5393646
  8.4023503    47.5392341
  8.4030199    47.5385857
  8.4031353    47.5384935
  8.4032703    47.5384149
  8.4034769    47.5383236
  8.4037213    47.5382412
  8.4039411    47.5381893
  8.4040856    47.5381766
  8.4042207    47.5382121
  8.4043028    47.5382912
  8.4043153    47.5383854
  8.4042279    47.5386917
  8.40419      47.5388955
  8.4041666    47.5390966
  8.404129     47.5392285
  8.4055257    47.5394531
  8.4057336    47.5396094
  8.4057642    47.539639
  8.4053989    47.5398108
  8.4051943    47.5398891
  8.4050379    47.5399857
  8.4049701    47.5400578
  8.4048907    47.5401538
  8.4050496    47.5402851
  8.4056564    47.5401712
  8.4058618    47.5401905
  8.4060615    47.5403521
  8.4059183    47.5405541
  8.4051067    47.5418553
  8.4060424    47.5419514
  8.406414     47.5419896
  8.4064215    47.5419399
  8.4064816    47.541755
  8.4065581    47.5416739
  8.4067402    47.5415991
  8.4068981    47.5416635
  8.4069438    47.5417247
  8.406976     47.5418161
  8.4069539    47.5418991
  8.4069109    47.5420259
  8.4069211    47.5421521
  8.4069963    47.5422664
  8.4072418    47.5424563
  8.407339     47.5425686
  8.4073886    47.5426968
  8.4074008    47.5428223
  8.4074309    47.5433181
  8.4074531    47.5434133
  8.4075072    47.5435019
  8.407608     47.5435682
  8.4077362    47.5436091
  8.408203     47.5437167
  8.4082304    47.5437188
  8.4082823    47.5436989
  8.4083207    47.5435165
  8.4084429    47.5435235
  8.4084701    47.5434199
  8.4085342    47.5433967
  8.4086564    47.5434099
  8.4087403    47.5434385
  8.4087982    47.5434879
  8.4088097    47.543553
  8.408776     47.54361
  8.4087161    47.5436863
  8.4086632    47.543778
  8.4086995    47.5438747
  8.4089307    47.5440492
  8.4090374    47.5441527
  8.4091261    47.5442582
  8.4092726    47.5443652
  8.4094254    47.5444382
  8.4094937    47.5445443
  8.4095753    47.5446186
  8.409682     47.5446808
  8.4097803    47.5447482
  8.4099935    47.5450086
  8.4101262    47.5451257
  8.4102444    47.5452478
  8.4103311    47.5453844
  8.4104143    47.5454871
  8.410538     47.5455656
  8.4106784    47.5456238
  8.4108709    47.5456914
  8.4109797    47.5457693
  8.4110289    47.5458722
  8.4110589    47.5460078
  8.4111345    47.5460993
  8.4113074    47.5461395
  8.4114547    47.546109
  8.4115569    47.5460239
  8.411564     47.545916
  8.4115251    47.5458301
  8.4114317    47.5456802
  8.4125536    47.5457003
  8.4126531    47.5458439
  8.4127066    47.5459875
  8.4127198    47.5461352
  8.4127127    47.5462488
  8.4132326    47.546197
  8.4135586    47.5461699
  8.4141041    47.5461142
  8.41521      47.5460286
  8.4156924    47.546062
  8.4161366    47.5460242
  8.4174067    47.5458857
  8.4172762    47.5460505
  8.4171093    47.5462412
  8.4169211    47.5464291
  8.4165399    47.5467328
  8.4161892    47.5470511
  8.4155345    47.54772
  8.4152676    47.5480578
  8.4151064    47.5482859
  8.4150664    47.5483906
  8.4150779    47.5485039
  8.4152345    47.5488924
  8.4154073    47.5492481
  8.4154707    47.549345
  8.4155676    47.5494335
  8.4157886    47.549594
  8.4160484    47.5498324
  8.4162041    47.5499499
  8.4163801    47.5500398
  8.4167554    47.5501563
  8.4169409    47.5502686
  8.4165122    47.5504966
  8.4160656    47.5508377
  8.4157567    47.5510347
  8.4155982    47.5510115
  8.4152822    47.5514254
  8.4150806    47.5516281
  8.4147518    47.5518778
  8.4146149    47.5519951
  8.4145399    47.5521614
  8.4145773    47.5523421
  8.4147953    47.5527508
  8.4148256    47.5528834
  8.4148244    47.5530219
  8.4147775    47.553174
  8.4145483    47.5534842
  8.414478     47.5536522
  8.4144512    47.5538918
  8.4146274    47.554106
  8.4147038    47.5542515
  8.4149332    47.554867
  8.4155564    47.5555911
  8.4156286    47.5556952
  8.4163799    47.5573057
  8.4163991    47.5573885
  8.416403     47.557473
  8.4163081    47.5576956
  8.4162967    47.5577716
  8.4163173    47.5578472
  8.4163921    47.5579052
  8.4164951    47.5579381
  8.4166578    47.5579659
  8.4167866    47.5579931
  8.4169076    47.558044
  8.4176897    47.5584548
  8.417769     47.5587522
  8.4178935    47.5591043
  8.417842     47.5594679
  8.41775      47.5597106
  8.417567     47.5600534
  8.4178661    47.5607189
  8.4168787    47.5609337
  8.4171282    47.5614812
  8.417608     47.5624797
  8.4181459    47.5634101
  8.4182352    47.5635761
  8.418386     47.5637391
  8.4184628    47.5639019
  8.4184811    47.5640126
  8.4184278    47.5641048
  8.4183565    47.5642067
  8.418321     47.5642689
  8.4183128    47.5643362
  8.4183524    47.5645274
  8.4184299    47.5647133
  8.4184838    47.5648153
  8.4185511    47.5649122
  8.4187513    47.5651623
  8.4188296    47.5651818
  8.423579     47.5664352
  8.4236286    47.5664636
  8.4250159    47.5673999
  8.4256792    47.5678595
  8.4269019    47.5674268
  8.4277508    47.5671562
  8.4286298    47.5669342
  8.4295331    47.5667623
  8.4304542    47.5666418
  8.4313872    47.5665734
  8.4323252    47.5665576
  8.4332618    47.5665946
  8.4341908    47.566684
  8.4371213    47.5670507
  8.4375449    47.5671099
  8.4379647    47.5671806
  8.4383798    47.5672627
  8.4387896    47.5673563
  8.4391935    47.567461
  8.4395908    47.5675768
  8.4462236    47.5696187
  8.4466824    47.5697628
  8.4471378    47.5699119
  8.4475896    47.5700659
  8.4480377    47.5702247
  8.4484821    47.5703883
  8.4489225    47.5705566
  8.449392     47.5707274
  8.4498751    47.5708798
  8.4503706    47.5710132
  8.4508764    47.5711271
  8.4513909    47.5712213
  8.4519127    47.5712953
  8.4521799    47.5713317
  8.4524446    47.5713755
  8.4527065    47.5714266
  8.4529651    47.5714849
  8.4532199    47.5715503
  8.4534705    47.5716227
  8.4559023    47.5723658
  8.4560099    47.5723962
  8.45612      47.5724223
  8.4562322    47.5724439
  8.456346     47.5724611
  8.4564611    47.5724737
  8.4565771    47.5724818
  8.4566936    47.5724852
  8.4568102    47.572484
  8.4569265    47.5724783
  8.4570422    47.5724679
  8.4606074    47.5720762
  8.4614725    47.5720112
  8.4623429    47.5720054
  8.4632097    47.5720589
  8.4640642    47.5721712
  8.4641829    47.5721954
  8.4648976    47.5723411
  8.4657015    47.5725668
  8.4666484    47.5728873
  8.4675757    47.5732329
  8.468482     47.5736033
  8.4693657    47.5739978
  8.4702255    47.5744158
  8.4710601    47.5748565
  8.4718224    47.5752774
  8.4725852    47.5756979
  8.4733483    47.576118
  8.4741118    47.5765377
  8.4748757    47.5769572
  8.47564      47.5773764
  8.4759642    47.5775395
  8.476308     47.5776829
  8.4766689    47.5778054
  8.4770442    47.5779066
  8.4774311    47.5779852
  8.4778265    47.5780407
  8.4782276    47.578073
  8.4786313    47.5780815
  8.4790346    47.5780663
  8.4794344    47.5780275
  8.4798277    47.5779653
  8.4802116    47.5778804
  8.4825994    47.5772728
  8.4829732    47.5771898
  8.4833559    47.5771284
  8.483745     47.5770891
  8.4838574    47.5770842
  8.4841374    47.5770721
  8.4845307    47.5770776
  8.4849219    47.5771057
  8.485308     47.577156
  8.4856868    47.5772282
  8.486055     47.5773217
  8.4864102    47.577436
  8.4867499    47.5775701
  8.4870716    47.5777233
  8.4873472    47.5778666
  8.4910548    47.5797944
  8.4916164    47.5800672
  8.492203     47.5803147
  8.4928121    47.5805359
  8.4934411    47.5807299
  8.4940874    47.5808958
  8.4947484    47.5810328
  8.4943686    47.5818011
  8.4941527    47.5822444
  8.4928493    47.583721
  8.4903493    47.586428
  8.488692     47.5878298
  8.4872751    47.5874195
  8.4832818    47.5869176
  8.4817632    47.5860117
  8.4810395    47.5852042
  8.4805423    47.5851844
  8.4800947    47.5851613
  8.4795557    47.58535
  8.4780977    47.5849716
  8.4777009    47.5848929
  8.4764969    47.5847255
  8.4754579    47.5845274
  8.4737299    47.5844113
  8.4733978    47.5844035
  8.4730674    47.5844102
  8.4722264    47.5844477
  8.4714258    47.5845324
  8.4703478    47.5846319
  8.4702444    47.5846126
  8.4701581    47.5845201
  8.4700326    47.5844752
  8.4696239    47.5843751
  8.4695669    47.5842654
  8.4694815    47.5841775
  8.469381     47.5841197
  8.4692046    47.5840297
  8.4686993    47.5839858
  8.4683037    47.5839166
  8.4682065    47.583913
  8.4680553    47.5839553
  8.4679621    47.5839741
  8.467791     47.5839855
  8.4676046    47.583978
  8.467514     47.5839975
  8.4674458    47.5840459
  8.4672302    47.5841588
  8.4670479    47.5842427
  8.4669542    47.584275
  8.4668686    47.584248
  8.4668565    47.5842701
  8.4662312    47.5853976
  8.4655369    47.5866496
  8.4648205    47.5880082
  8.4627093    47.5880082
  8.4626201    47.5884462
  8.4605392    47.588377
  8.4603537    47.5895824
  8.4605608    47.5896139
  8.4606356    47.5904511
  8.4606838    47.5909909
  8.4607709    47.5912181
  8.4610166    47.5920287
  8.4612358    47.5926655
  8.460881     47.5930333
  8.4605927    47.5933321
  8.4602538    47.5942151
  8.4600205    47.5950156
  8.4592569    47.5960786
  8.4581227    47.5969925
  8.4575464    47.5972587
  8.4572155    47.5973422
  8.4570394    47.5973794
  8.456875     47.5982273
  8.4566886    47.5991892
  8.4565486    47.5999116
  8.4566028    47.6008154
  8.4566753    47.6020233
  8.4566928    47.6023153
  8.4578225    47.6021975
  8.4592455    47.6020491
  8.460355     47.6020643
  8.4613155    47.6020775
  8.4636464    47.6022635
  8.4654234    47.6026954
  8.4664545    47.6029484
  8.4674669    47.6033883
  8.4685462    47.6038594
  8.4681612    47.6042841
  8.4680955    47.6044861
  8.4682291    47.6047552
  8.4681465    47.6053933
  8.4687628    47.605482
  8.4693875    47.6054619
  8.4700541    47.6054332
  8.4706615    47.6061588
  8.4709786    47.606494
  8.4713913    47.6065917
  8.4714484    47.606829
  8.4714463    47.607004
  8.4710605    47.6072691
  8.4706354    47.6075613
  8.4704794    47.6078003
  8.470155     47.6083033
  8.4703181    47.6085527
  8.4708681    47.6086337
  8.471628     47.6085684
  8.4722689    47.6085676
  8.4727822    47.6085082
  8.4734812    47.6084767
  8.4739027    47.608441
  8.4742439    47.6082572
  8.4745388    47.6080245
  8.4750398    47.6077202
  8.4752884    47.6079352
  8.4756555    47.608386
  8.4761139    47.608921
  8.4765848    47.6094072
  8.4771104    47.6099511
  8.4778258    47.6106647
  8.4781393    47.6109774
  8.4783047    47.6119481
  8.4786454    47.612174
  8.4786794    47.6127432
  8.4786605    47.6133261
  8.4779896    47.6135578
  8.4785539    47.6143215
  8.4792093    47.6152088
  8.479579     47.6150233
  8.4800685    47.6150802
  8.4807899    47.6147116
  8.4814773    47.6143221
  8.4832957    47.6136708
  8.4841339    47.6140066
  8.4846181    47.6147427
  8.4856946    47.6145677
  8.4870656    47.6143446
  8.488472     47.6150544
  8.4900113    47.6148701
  8.4916453    47.614662
  8.4933282    47.6144358
  8.4951563    47.6149197
  8.4985911    47.6158288
  8.5009018    47.6164708
  8.5020789    47.6165526
  8.5031033    47.6172694
  8.5055385    47.6173275
  8.5056695    47.6171071
  8.5083464    47.6175191
  8.5072212    47.618263
  8.5089626    47.6185561
  8.508907     47.618933
  8.5083469    47.6189016
  8.5080474    47.6198187
  8.5082483    47.622061
  8.507442     47.623819
  8.5091526    47.6236069
  8.5108938    47.623282
  8.5131916    47.6232928
  8.5135048    47.6234678
  8.5140654    47.6235499
  8.5146042    47.623571
  8.5151401    47.6233844
  8.5151838    47.6236735
  8.5150664    47.6245579
  8.5140441    47.6246691
  8.5128697    47.6249195
  8.512808     47.6253078
  8.5128489    47.6255943
  8.5135476    47.6267856
  8.5140517    47.6262923
  8.5146003    47.6266041
  8.5148222    47.6267552
  8.5153586    47.6271224
  8.5147992    47.6278071
  8.5149233    47.6282168
  8.5151782    47.6283838
  8.5158691    47.6285049
  8.5157886    47.62877
  8.5153739    47.6291841
  8.5152301    47.6292248
  8.5150252    47.6295252
  8.5149101    47.63021
  8.5150387    47.6305835
  8.515284     47.6312963
  8.5154795    47.6313168
  8.5157883    47.6314658
  8.5160438    47.6316894
  8.5165384    47.6320499
  8.5157998    47.6325547
  8.5159129    47.6327668
  8.5159726    47.6329876
  8.5156718    47.633621
  8.5156619    47.6337901
  8.5159841    47.6339084
  8.516671     47.6340592
  8.5166976    47.6341206
  8.5172723    47.6342487
  8.5179105    47.6342947
  8.5187489    47.6342903
  8.5197952    47.6342372
  8.5203312    47.6342486
  8.5207721    47.6343155
  8.5215592    47.6335937
  8.5218665    47.6333938
  8.5234095    47.6327893
  8.5245007    47.6323678
  8.5256363    47.6317087
  8.5273217    47.6317423
  8.5278627    47.6318253
  8.5292393    47.6318179
  8.5298742    47.6317288
  8.5300439    47.6317224
  8.5302931    47.6318626
  8.5305406    47.6319282
  8.531091     47.6319585
  8.5317367    47.6319135
  8.5326666    47.6314402
  8.5335685    47.6312564
  8.5346499    47.63129
  8.5351674    47.6311059
  8.5355571    47.6309672
  8.5360396    47.630924
  8.5362712    47.6309658
  8.536811     47.6308818
  8.5374275    47.630971
  8.5382192    47.6311843
  8.5385914    47.6310736
  8.5389515    47.6309624
  8.5390016    47.6305115
  8.5390536    47.6301499
  8.5390953    47.6297875
  8.5391782    47.6293089
  8.5392261    47.6289011
  8.5393011    47.6283187
  8.5390052    47.6275906
  8.5388421    47.6269883
  8.5386979    47.6262909
  8.5415116    47.6267807
  8.5429262    47.627049
  8.5436264    47.6259687
  8.5439222    47.6255341
  8.5443349    47.6251519
  8.5447285    47.6251365
  8.5456446    47.6252047
  8.5461423    47.6253228
  8.5471679    47.6254184
  8.5476212    47.6254662
  8.5480229    47.6252844
  8.5484188    47.6250947
  8.5486062    47.6252585
  8.5490349    47.6252165
  8.5495679    47.6251613
  8.550129     47.6251991
  8.5505206    47.6253537
  8.5511386    47.6251553
  8.5517063    47.6249981
  8.5523657    47.6249092
  8.5526292    47.6247689
  8.5530642    47.624812
  8.5535321    47.6248001
  8.5539752    47.6247885
  8.5547042    47.6246021
  8.555146     47.6246695
  8.5555456    47.6246972
  8.5569766    47.6245724
  8.5578992    47.624454
  8.5583324    47.6239729
  8.5585365    47.6235934
  8.5586876    47.6231154
  8.5589117    47.6226476
  8.5592288    47.6218995
  8.5595403    47.6215369
  8.5598927    47.6211268
  8.5600685    47.621139
  8.5608457    47.6209319
  8.5613085    47.6208085
  8.5610576    47.6201312
  8.5619948    47.6192682
  8.562075     47.6184505
  8.562486     47.6175939
  8.5627267    47.6171753
  8.5629338    47.6167003
  8.563779     47.6167992
  8.564603     47.6168669
  8.5658587    47.6169982
  8.5672935    47.6169771
  8.5676513    47.6169267
  8.5682519    47.6169676
  8.5693382    47.6172002
  8.5697428    47.6168111
  8.5700125    47.6161474
  8.570354     47.6157739
  8.5706588    47.6152554
  8.5704137    47.6149832
  8.5702147    47.6148936
  8.570238     47.6147593
  8.5701565    47.6146152
  8.5702773    47.6142263
  8.5705416    47.6140219
  8.5708152    47.6140299
  8.5715381    47.6139616
  8.5715761    47.6136835
  8.57128      47.6135684
  8.570942     47.6135181
  8.5712313    47.6124838
  8.5729414    47.6124013
  8.5744047    47.6122906
  8.574525     47.611966
  8.5743103    47.6116506
  8.5736689    47.6112724
  8.5727672    47.610859
  8.5715496    47.6108744
  8.5700048    47.6108195
  8.568948     47.610529
  8.5672951    47.6100196
  8.5663932    47.6098583
  8.5663941    47.6090887
  8.5664204    47.6086336
  8.5664775    47.6083172
  8.5665777    47.60805
  8.566517     47.607585
  8.5664663    47.6068203
  8.5664159    47.6060918
  8.5660204    47.6051939
  8.5650406    47.6044356
  8.5645635    47.6037278
  8.5639021    47.6028615
  8.5632716    47.6023811
  8.5622613    47.6018126
  8.5616546    47.6013046
  8.5619299    47.6008112
  8.5622228    47.6002865
  8.5626957    47.5998244
  8.5630816    47.5994477
  8.5618712    47.5991467
  8.5609181    47.5991237
  8.5603549    47.5991774
  8.5598281    47.5990351
  8.5588979    47.5985777
  8.5584548    47.5984016
  8.5579962    47.5981113
  8.5574187    47.597771
  8.5573087    47.5977142
  8.5571271    47.5975972
  8.557036     47.5975448
  8.5567567    47.5975038
  8.5566289    47.5978061
  8.5562919    47.5976354
  8.5560638    47.5973206
  8.5559618    47.5971284
  8.5558793    47.596924
  8.5558234    47.5967217
  8.555783     47.5964192
  8.5557902    47.596006
  8.5558756    47.5948375
  8.5558675    47.5946258
  8.5557708    47.5943972
  8.555667     47.5944128
  8.55549      47.5939594
  8.5552648    47.5940543
  8.5551707    47.5939983
  8.5543647    47.5936706
  8.5533281    47.5932282
  8.5528864    47.5929556
  8.5518162    47.592718
  8.5504549    47.5922639
  8.5498163    47.5923931
  8.5486018    47.5926698
  8.5477565    47.5927399
  8.5476036    47.592734
  8.5466728    47.5924439
  8.545444     47.5918467
  8.5447187    47.5915101
  8.5442713    47.5912186
  8.5435113    47.5910153
  8.5417273    47.5903915
  8.54098      47.5900743
  8.5405977    47.5898017
  8.5399187    47.5891212
  8.5393801    47.5887322
  8.5388637    47.5885686
  8.5381706    47.5883118
  8.5371735    47.5875166
  8.5371558    47.5874592
  8.5370316    47.5874346
  8.5370354    47.5873716
  8.5368524    47.5873658
  8.53667      47.5873541
  8.5364887    47.5873366
  8.5363088    47.5873134
  8.5361307    47.5872845
  8.5359547    47.5872499
  8.5353515    47.5871169
  8.5359617    47.585847
  8.5359963    47.5857321
  8.5362218    47.5845154
  8.5362805    47.5844863
  8.5362638    47.5843974
  8.5362951    47.5844425
  8.5363135    47.5844641
  8.5363556    47.5845051
  8.5364035    47.5845431
  8.5364568    47.5845776
  8.5364855    47.5845934
  8.5365567    47.5846256
  8.5366085    47.5846446
  8.536776     47.5840443
  8.5369909    47.5834629
  8.5370071    47.5834318
  8.5361642    47.5832288
  8.5360812    47.5832096
  8.5359555    47.5831833
  8.5358164    47.5831581
  8.535694     47.5831392
  8.5348282    47.5830222
  8.5343446    47.5829239
  8.5342015    47.5828759
  8.5340884    47.5827997
  8.5340242    47.5827012
  8.5335635    47.5821575
  8.5347093    47.58169
  8.5346869    47.5816598
  8.5346673    47.5816288
  8.5346505    47.5815969
  8.5346367    47.5815645
  8.5346258    47.5815314
  8.5345509    47.5811534
  8.5345984    47.5811496
  8.5346627    47.5810781
  8.5347317    47.5810708
  8.5347998    47.5810599
  8.5348732    47.5810435
  8.5349091    47.5810338
  8.5349789    47.5810112
  8.5351942    47.5809276
  8.5352633    47.580906
  8.535311     47.5808938
  8.53536      47.5808834
  8.5354098    47.580875
  8.535557     47.5808558
  8.5355999    47.5808519
  8.5356412    47.5808433
  8.53568      47.5808303
  8.5357151    47.5808132
  8.5357443    47.5807935
  8.5357693    47.5807702
  8.5357886    47.5807444
  8.5357958    47.5807308
  8.5358014    47.5807169
  8.5358075    47.5806883
  8.5358068    47.5806594
  8.5358553    47.5798402
  8.5358926    47.5794504
  8.5358975    47.5794297
  8.535902     47.5794196
  8.5359149    47.5794005
  8.5359326    47.5793832
  8.5359546    47.5793684
  8.5359801    47.5793565
  8.5360084    47.5793478
  8.5360387    47.5793425
  8.5360542    47.5793413
  8.5360699    47.5793412
  8.5361008    47.5793435
  8.536116     47.5793461
  8.536145     47.579354
  8.5361714    47.5793653
  8.5366204    47.5795983
  8.536649     47.5795731
  8.5366073    47.5795219
  8.5366318    47.5794588
  8.5367146    47.5794224
  8.5370508    47.5793647
  8.5372429    47.5793241
  8.5374268    47.579268
  8.5377904    47.5791394
  8.5382136    47.5790047
  8.5388717    47.5788331
  8.5392358    47.5787258
  8.5394638    47.5786483
  8.5395413    47.5786196
  8.5396158    47.5785873
  8.5396517    47.5785699
  8.5397209    47.5785326
  8.5397861    47.5784921
  8.5398471    47.5784486
  8.5398759    47.5784258
  8.5401439    47.5782077
  8.5398684    47.5776499
  8.5393545    47.5777431
  8.5383519    47.5779357
  8.5380931    47.5779671
  8.5375535    47.5779616
  8.5375508    47.5779121
  8.5374739    47.5778991
  8.5374301    47.577854
  8.5374271    47.5776498
  8.5373887    47.577563
  8.537279     47.5775209
  8.5371357    47.5775032
  8.5369389    47.5774917
  8.5368568    47.577474
  8.5368268    47.5774198
  8.5367801    47.5774123
  8.5369666    47.5768494
  8.5369388    47.5768071
  8.536056     47.576351
  8.5350318    47.5757961
  8.5349588    47.5757132
  8.5348481    47.5754961
  8.5349153    47.5753855
  8.5349957    47.5753217
  8.5349796    47.5752803
  8.5350985    47.5752268
  8.5358227    47.5751582
  8.5359532    47.5751386
  8.5360747    47.575103
  8.5367678    47.5748413
  8.5382725    47.5746188
  8.5384612    47.5745833
  8.5390748    47.5744442
  8.539339     47.5743987
  8.5395661    47.5743808
  8.5397352    47.5744242
  8.5401247    47.5746145
  8.5405287    47.5747647
  8.5406734    47.5747655
  8.5414549    47.5747023
  8.5427196    47.5745406
  8.54296      47.5745216
  8.5432004    47.5745462
  8.5433887    47.5746449
  8.5434863    47.5747195
  8.5436041    47.5747764
  8.543732     47.5748271
  8.5438677    47.574868
  8.5440059    47.5749043
  8.5441493    47.5749246
  8.544352     47.5749418
  8.5444812    47.5749442
  8.5452214    47.5747446
  8.5456393    47.5745388
  8.5461905    47.5742704
  8.5462925    47.5742351
  8.5463927    47.5741648
  8.546443     47.5740748
  8.5464851    47.5739043
  8.5464904    47.5738765
  8.5464924    47.5738484
  8.5464912    47.5738203
  8.5464868    47.5737924
  8.5464792    47.5737648
  8.5464684    47.5737376
  8.5464548    47.5737111
  8.5464381    47.5736854
  8.5464186    47.5736605
  8.5463963    47.5736368
  8.5463713    47.5736143
  8.5463439    47.5735934
  8.5459003    47.5732768
  8.5457077    47.5729464
  8.5460394    47.5726805
  8.5463235    47.5724566
  8.5464596    47.5723994
  8.5466116    47.5723648
  8.5468183    47.5723363
  8.546372     47.5716966
  8.5462206    47.5713103
  8.5459725    47.5712786
  8.5459072    47.571267
  8.5454723    47.5712439
  8.5453945    47.5712703
  8.545306     47.5712481
  8.5452429    47.5712539
  8.5451388    47.5712368
  8.5450386    47.571253
  8.5448913    47.5712086
  8.5447673    47.57123
  8.5446746    47.5711933
  8.5445893    47.5711856
  8.5444998    47.5711568
  8.5444081    47.5711669
  8.5443073    47.5711274
  8.5441901    47.5710959
  8.544181     47.5710796
  8.5441575    47.5710533
  8.5441109    47.5710415
  8.5440707    47.5710136
  8.5440149    47.5710071
  8.5437545    47.5709189
  8.5436408    47.570851
  8.5435093    47.5708265
  8.5434884    47.5707833
  8.54344      47.5707773
  8.5433641    47.5708055
  8.543296     47.57073
  8.5431926    47.5706627
  8.543086     47.5705701
  8.5429682    47.5705466
  8.542772     47.570524
  8.5424877    47.570478
  8.5415984    47.569927
  8.541862     47.5697732
  8.5421233    47.5696174
  8.5423821    47.5694598
  8.5426385    47.5693004
  8.5428924    47.5691392
  8.5431438    47.5689762
  8.5448696    47.5678449
  8.5452337    47.567595
  8.5455805    47.567334
  8.5459092    47.5670625
  8.5462191    47.5667811
  8.5465097    47.5664904
  8.5467802    47.5661909
  8.5481125    47.5646366
  8.5482096    47.56452
  8.5483025    47.5644017
  8.548391     47.5642819
  8.548475     47.5641607
  8.5485547    47.5640381
  8.5486297    47.5639142
  8.5494474    47.5625156
  8.5495093    47.562405
  8.5495664    47.5622931
  8.5496187    47.5621802
  8.5496661    47.5620661
  8.5497085    47.5619514
  8.549746     47.5618359
  8.5503782    47.5597401
  8.5504525    47.5594691
  8.5505123    47.5591965
  8.5505575    47.5589226
  8.5505881    47.5586478
  8.5506041    47.5583725
  8.5506054    47.5580969
  8.5505852    47.5575593
  8.5505929    47.5572494
  8.5506401    47.556941
  8.5507264    47.5566366
  8.550851     47.5563383
  8.5510131    47.5560483
  8.5512114    47.5557688
  8.5514445    47.5555021
  8.5517108    47.5552499
  8.554095     47.5531847
  8.5542751    47.5530287
  8.5544309    47.5529069
  8.5546037    47.5527961
  8.554792     47.5526975
  8.5549939    47.552612
  8.5552072    47.5525406
  8.5554301    47.5524839
  8.5554897    47.552471
  8.5557991    47.5524145
  8.5561148    47.5523776
  8.5564343    47.5523607
  8.5567547    47.552364
  8.5570732    47.5523873
  8.5573872    47.5524305
  8.557694     47.5524932
  8.5579908    47.5525749
  8.5582482    47.5526644
  8.5584937    47.5527681
  8.5587255    47.5528854
  8.5589419    47.5530155
  8.5591416    47.5531573
  8.5593229    47.55331
  8.5601295    47.5540505
  8.5603677    47.554274
  8.560599     47.5545006
  8.5608235    47.5547303
  8.561041     47.5549632
  8.5612514    47.555199
  8.5614548    47.5554377
  8.5632523    47.557598
  8.5644684    47.5590594
  8.5645682    47.5591778
  8.5647729    47.5594126
  8.5649845    47.5596446
  8.5650929    47.5597595
  8.5665815    47.5613194
  8.5667633    47.5615167
  8.5669354    47.5617179
  8.567098     47.5619226
  8.5672506    47.562131
  8.5673932    47.5623425
  8.5675256    47.562557
  8.5676397    47.5627593
  8.5676933    47.5628613
  8.5677447    47.5629638
  8.5678406    47.5631704
  8.5691409    47.566126
  8.5691779    47.5662155
  8.5692102    47.5663059
  8.569238     47.5663969
  8.5692611    47.5664886
  8.5692795    47.5665807
  8.5692932    47.5666731
  8.5696536    47.5696171
  8.5697333    47.5701057
  8.5698524    47.5705906
  8.5700103    47.5710704
  8.5702069    47.5715436
  8.5704414    47.5720089
  8.570713     47.5724648
  8.5716208    47.5738758
  8.5716786    47.573962
  8.5717402    47.5740471
  8.5718056    47.5741308
  8.5718745    47.5742132
  8.5719472    47.5742941
  8.5720235    47.5743736
  8.5722518    47.5745843
  8.5725051    47.5747815
  8.5727818    47.5749637
  8.5730798    47.5751299
  8.5733971    47.5752787
  8.5737316    47.5754092
  8.574081     47.5755205
  8.5744488    47.5756129
  8.5748145    47.5756824
  8.5751936    47.575732
  8.578359     47.5760542
  8.5785331    47.576077
  8.5787037    47.5761095
  8.5788698    47.5761516
  8.5790302    47.5762028
  8.5791837    47.5762629
  8.5793292    47.5763315
  8.5794658    47.576408
  8.5795925    47.576492
  8.5797084    47.5765828
  8.5798127    47.5766798
  8.5799048    47.5767824
  8.5799838    47.5768897
  8.5800494    47.5770013
  8.580101     47.5771161
  8.5801383    47.5772334
  8.5801611    47.5773524
  8.5801991    47.5776478
  8.580213     47.5778497
  8.5802029    47.5780518
  8.5801689    47.5782526
  8.5801112    47.578451
  8.5800302    47.5786456
  8.5799263    47.5788352
  8.5785602    47.5810515
  8.5784675    47.5812059
  8.578379     47.5813615
  8.5782949    47.5815182
  8.578215     47.5816759
  8.5781394    47.5818345
  8.5780682    47.5819941
  8.5776296    47.5830111
  8.5774351    47.5835166
  8.5772841    47.5840289
  8.5771774    47.5845463
  8.5771153    47.585067
  8.5770979    47.5855893
  8.5771254    47.5861114
  8.577167     47.5865454
  8.5771959    47.5867764
  8.5772383    47.5870065
  8.5772942    47.5872352
  8.5773634    47.5874623
  8.5774458    47.5876873
  8.5775414    47.58791
  8.5776502    47.5881456
  8.5780095    47.5888269
  8.5784486    47.5894864
  8.5789647    47.5901199
  8.5795543    47.5907233
  8.5802139    47.5912926
  8.5809388    47.5918244
  8.5813338    47.5920916
  8.582036     47.5925302
  8.5827878    47.5929294
  8.5835843    47.5932868
  8.5844205    47.5936001
  8.5852909    47.5938671
  8.5861901    47.5940864
  8.5873812    47.5943403
  8.592122     47.5953536
  8.5923351    47.5954036
  8.5925436    47.5954617
  8.5927469    47.5955275
  8.5929396    47.5955994
  8.5931537    47.5956906
  8.5933544    47.5957886
  8.5935456    47.5958947
  8.5937268    47.5960087
  8.5938972    47.5961301
  8.5940561    47.5962584
  8.5942287    47.596407
  8.5942414    47.5964179
  8.5942539    47.5964289
  8.5942664    47.59644
  8.5944763    47.5966454
  8.5946572    47.596863
  8.5948075    47.597091
  8.5949261    47.5973274
  8.5950118    47.5975703
  8.595064     47.5978173
  8.5950822    47.5980668
  8.5950662    47.5983162
  8.5950163    47.5985636
  8.5949327    47.5988068
  8.594553     47.5997183
  8.5944329    47.6000559
  8.5943518    47.6003988
  8.59431      47.6007448
  8.5943078    47.6010921
  8.5943452    47.6014383
  8.594422     47.6017816
  8.5951928    47.6045098
  8.5952141    47.6045795
  8.5952388    47.6046485
  8.5952666    47.6047171
  8.5952974    47.6047849
  8.5953316    47.6048521
  8.5953689    47.6049186
  8.5957278    47.6056109
  8.595951     47.6058884
  8.5962092    47.6061515
  8.5965006    47.6063983
  8.5968229    47.6066269
  8.5971735    47.6068354
  8.5975499    47.6070224
  8.5980711    47.6072685
  8.5985773    47.6075285
  8.5990679    47.6078018
  8.599542     47.6080882
  8.5999988    47.6083871
  8.6004378    47.6086979
  8.6024545    47.610185
  8.6030539    47.6106679
  8.6033934    47.6109959
  8.6035886    47.6111844
  8.6040544    47.6117305
  8.6042502    47.6119984
  8.6044476    47.6123021
  8.6047654    47.6128948
  8.6050053    47.6135041
  8.6051653    47.6141252
  8.6052443    47.6147534
  8.6052417    47.6153838
  8.6051574    47.6160117
  8.6050724    47.616354
  8.604955     47.6166918
  8.6048057    47.6170239
  8.6046251    47.6173488
  8.6044141    47.6176652
  8.6041733    47.6179717
  8.6019392    47.6206082
  8.6014314    47.621226
  8.6009477    47.6218526
  8.6004884    47.6224875
  8.6000539    47.6231304
  8.5996444    47.6237807
  8.5992603    47.6244381
  8.5989551    47.625007
  8.5986758    47.6255821
  8.5984226    47.6261626
  8.5981958    47.6267481
  8.5979956    47.6273381
  8.5977462    47.628204
  8.5975773    47.628746
  8.597386     47.6292847
  8.5971878    47.6298026
  8.5971043    47.6300544
  8.5970315    47.6303078
  8.5969695    47.6305624
  8.5969182    47.6308181
  8.5968779    47.6310747
  8.5968181    47.6315815
  8.5967759    47.6320892
  8.5967514    47.6325974
  8.5967446    47.6331058
  8.5967555    47.6336142
  8.5967842    47.6341223
  8.5968035    47.6347429
  8.5967701    47.6353633
  8.5966839    47.6359814
  8.5965453    47.6365951
  8.5963547    47.6372023
  8.5961128    47.6378012
  8.5959163    47.6382678
  8.5957447    47.6387389
  8.5955983    47.6392138
  8.5954772    47.639692
  8.5953817    47.6401729
  8.5953118    47.6406557
  8.5952876    47.6409952
  8.5952951    47.6413351
  8.5953343    47.641674
  8.595405     47.6420105
  8.5954709    47.6422347
  8.5955069    47.6423434
  8.5956396    47.6426712
  8.5957493    47.6428811
  8.5958843    47.6430842
  8.5960437    47.643279
  8.5962262    47.6434643
  8.5964307    47.6436388
  8.5966559    47.6438014
  8.5969001    47.6439508
  8.5971616    47.6440861
  8.5974388    47.6442064
  8.5977298    47.6443108
  8.5997617    47.6449689
  8.6001982    47.6451265
  8.6006127    47.6453093
  8.601002     47.6455159
  8.6013631    47.6457447
  8.6016931    47.645994
  8.6019897    47.6462618
  8.6022505    47.6465461
  8.6024735    47.6468447
  8.602657     47.6471554
  8.6027996    47.6474757
  8.6029003    47.6478032
  8.603076     47.6487972
  8.6032841    47.6494488
  8.6035805    47.6500847
  8.6039628    47.6506992
  8.6044276    47.6512873
  8.6049709    47.6518437
  8.6051079    47.6519592
  8.6052599    47.6520658
  8.6054257    47.6521626
  8.6056038    47.6522487
  8.6057929    47.6523235
  8.6059913    47.6523863
  8.6061974    47.6524366
  8.6064094    47.6524739
  8.6066255    47.652498
  8.606844     47.6525087
  8.607063     47.6525058
  8.6072808    47.6524895
  8.6074954    47.6524597
  8.6077051    47.6524169
  8.6085059    47.652197
  8.6092731    47.651928
  8.6100001    47.6516121
  8.6106806    47.651252
  8.6113089    47.6508508
  8.6118793    47.650412
  8.6123871    47.6499394
  8.612828     47.649437
  8.613198     47.6489092
  8.613494     47.6483604
  8.6136984    47.6478758
  8.613866     47.6473849
  8.6139964    47.6468887
  8.6140893    47.6463888
  8.6141443    47.6458862
  8.6141614    47.6453825
  8.614138     47.6450425
  8.6140704    47.6447052
  8.6139592    47.6443732
  8.6138053    47.6440491
  8.6136097    47.6437355
  8.6133742    47.6434346
  8.6131003    47.6431489
  8.6127904    47.6428806
  8.6124468    47.6426318
  8.6120721    47.6424043
  8.6116693    47.6422
  8.6112415    47.6420204
  8.6107919    47.6418669
  8.6103242    47.6417408
  8.6098418    47.6416429
  8.6093486    47.641574
  8.6088137    47.6415265
  8.6082757    47.6415
  8.6077363    47.6414946
  8.6071974    47.6415103
  8.6066607    47.6415471
  8.6059214    47.641625
  8.6057128    47.6416331
  8.605504     47.6416288
  8.6052965    47.6416122
  8.605092     47.6415835
  8.6048919    47.6415429
  8.6046978    47.6414906
  8.6045113    47.6414271
  8.6043336    47.6413529
  8.6041661    47.6412684
  8.6040102    47.6411745
  8.603867     47.6410717
  8.6037376    47.6409608
  8.603623     47.6408428
  8.603524     47.6407185
  8.6034414    47.6405888
  8.6033759    47.6404547
  8.6033279    47.6403173
  8.6032978    47.6401776
  8.6032858    47.6400367
  8.6032705    47.6392857
  8.603276     47.6391705
  8.603297     47.6390561
  8.6033335    47.6389435
  8.603385     47.6388336
  8.6034511    47.6387273
  8.6035314    47.6386256
  8.6037695    47.6383806
  8.6040393    47.6381512
  8.6043388    47.6379391
  8.6046654    47.6377463
  8.6050165    47.6375742
  8.6053891    47.6374242
  8.6057803    47.6372977
  8.6061868    47.6371956
  8.6066054    47.6371188
  8.6070324    47.6370678
  8.6074646    47.6370432
  8.6078983    47.6370451
  8.6090151    47.6370921
  8.6101303    47.637155
  8.6112433    47.6372337
  8.6123536    47.6373282
  8.6134607    47.6374384
  8.6145641    47.6375643
  8.615559     47.6377074
  8.6165383    47.6378929
  8.6174982    47.6381203
  8.6184348    47.6383884
  8.6193442    47.6386963
  8.6202228    47.6390428
  8.6210886    47.6394444
  8.6219021    47.6398932
  8.6226577    47.6403861
  8.6233501    47.6409196
  8.6239747    47.6414902
  8.6245271    47.6420938
  8.6250034    47.6427263
  8.6254004    47.6433833
  8.6273581    47.6470513
  8.6274699    47.6472507
  8.6275909    47.6474476
  8.627721     47.6476418
  8.6278602    47.6478331
  8.6280082    47.6480214
  8.6282748    47.6483413
  8.6283812    47.6484785
  8.6285622    47.6487621
  8.6287064    47.6490551
  8.6288129    47.6493554
  8.628881     47.6496608
  8.62891      47.649969
  8.6289475    47.6511985
  8.628931     47.6515937
  8.6288574    47.6519859
  8.6287276    47.6523714
  8.6285427    47.6527465
  8.6283046    47.6531077
  8.6280154    47.6534514
  8.627678     47.6537744
  8.6272955    47.6540735
  8.6223691    47.6575664
  8.6217134    47.6580126
  8.621031     47.6584401
  8.6203231    47.6588483
  8.619591     47.6592366
  8.6188359    47.6596041
  8.618059     47.6599504
  8.6174619    47.6602078
  8.6168688    47.6604695
  8.6162799    47.6607355
  8.6156952    47.6610056
  8.6151148    47.6612798
  8.6145388    47.6615583
  8.6136723    47.6611746
  8.6128326    47.6608029
  8.6115162    47.6616823
  8.6099713    47.662671
  8.6088042    47.6634176
  8.6084603    47.6638974
  8.6080906    47.6641454
  8.6074187    47.6653676
  8.6069088    47.6664624
  8.6062773    47.6684958
  8.606196     47.668663
  8.6062842    47.6687315
  8.6062746    47.6688683
  8.606142     47.6691306
  8.606292     47.6697098
  8.6065215    47.6702178
  8.606871     47.6706393
  8.6072864    47.671149
  8.607391     47.6713221
  8.607721     47.6718779
  8.6078475    47.6721311
  8.6080878    47.6726042
  8.6081187    47.6725708
  8.6081671    47.6725446
  8.6083639    47.672459
  8.6084057    47.6724273
  8.6084273    47.6723878
  8.6084287    47.6723452
  8.6084233    47.6723056
  8.6085795    47.6722688
  8.6096422    47.6720077
  8.6103179    47.6746409
  8.6104302    47.6749938
  8.6105842    47.6753397
  8.6107786    47.675676
  8.6110126    47.6760007
  8.6112843    47.6763117
  8.611592     47.6766069
  8.6128655    47.6777315
  8.612957     47.6778233
  8.61304      47.6779188
  8.6133773    47.6783667
  8.6134052    47.6784002
  8.6134372    47.678432
  8.6134732    47.6784618
  8.6135127    47.6784893
  8.6135556    47.6785147
  8.6136015    47.6785374
  8.6136502    47.6785573
  8.6137012    47.6785744
  8.6137541    47.6785884
  8.6138087    47.6785995
  8.6138644    47.6786073
  8.6139209    47.6786118
  8.6139778    47.6786131
  8.6140346    47.6786109
  8.614091     47.6786058
  8.6141465    47.6785972
  8.6142007    47.6785856
  8.6142532    47.6785708
  8.6143037    47.678553
  8.6143518    47.6785324
  8.614397     47.6785092
  8.6144392    47.6784833
  8.6144779    47.6784552
  8.614513     47.6784249
  8.6147816    47.6781722
  8.6148133    47.6781509
  8.61485      47.6781335
  8.6148786    47.6781237
  8.6149149    47.6781151
  8.6155139    47.6780211
  8.6155475    47.6780148
  8.61558      47.6780066
  8.6156113    47.6779965
  8.6156412    47.6779846
  8.6156694    47.677971
  8.6156959    47.6779558
  8.6157202    47.6779391
  8.6157423    47.677921
  8.6167601    47.6770122
  8.6167901    47.6769832
  8.6168165    47.6769526
  8.6168393    47.6769208
  8.6168584    47.6768878
  8.6168736    47.676854
  8.6168848    47.6768195
  8.6168919    47.6767844
  8.6168949    47.6767492
  8.6169004    47.6765481
  8.6169045    47.676506
  8.6169144    47.6764644
  8.61693      47.6764236
  8.6169512    47.6763839
  8.6169778    47.6763458
  8.6170095    47.6763095
  8.6175463    47.6757579
  8.6176266    47.6756805
  8.6177136    47.6756065
  8.6177595    47.6755708
  8.617807     47.6755362
  8.6179141    47.675465
  8.6180281    47.6753986
  8.6181482    47.6753372
  8.6182739    47.6752812
  8.6184046    47.6752308
  8.6185401    47.6751862
  8.6187291    47.6751355
  8.6189239    47.6750961
  8.6191231    47.6750684
  8.6193252    47.6750525
  8.6195285    47.6750485
  8.6197315    47.6750564
  8.6199327    47.6750765
  8.6201306    47.6751083
  8.6203236    47.6751515
  8.6205103    47.675206
  8.6239695    47.6763385
  8.6243404    47.6764689
  8.6246451    47.6765957
  8.6249364    47.676736
  8.6252131    47.6768892
  8.6254741    47.6770546
  8.625718     47.6772313
  8.6259437    47.677419
  8.6261503    47.6776162
  8.6263368    47.6778225
  8.6265024    47.6780368
  8.6266463    47.678258
  8.6267679    47.6784853
  8.6271108    47.6792006
  8.6272088    47.679431
  8.6272838    47.6796653
  8.6273356    47.6799025
  8.6273639    47.6801413
  8.6273686    47.6803811
  8.6273496    47.6806205
  8.6273071    47.6808584
  8.6272412    47.681094
  8.6271522    47.681326
  8.6270405    47.6815535
  8.6264804    47.6825789
  8.6264451    47.6826467
  8.6264131    47.6827153
  8.6263843    47.6827846
  8.6263588    47.6828543
  8.6243274    47.6888356
  8.6241028    47.6894968
  8.6240529    47.6896774
  8.624025     47.6898602
  8.6240192    47.6900439
  8.6240358    47.6902274
  8.6240744    47.6904093
  8.6241349    47.6905884
  8.6242169    47.6907635
  8.6243198    47.6909337
  8.6244429    47.6910976
  8.6245854    47.6912542
  8.6247464    47.6914023
  8.6249248    47.6915411
  8.6251193    47.6916696
  8.6257295    47.6912526
  8.6262703    47.6915636
  8.6263631    47.6914912
  8.6264407    47.6915395
  8.626526     47.6915818
  8.6269334    47.6917416
  8.6270353    47.6918454
  8.6271201    47.6918247
  8.6272513    47.6917927
  8.6275501    47.6918496
  8.6280214    47.6919393
  8.6285301    47.6919556
  8.6286931    47.6919607
  8.6288476    47.6919658
  8.6296989    47.6919931
  8.6302669    47.6920113
  8.6307193    47.6920259
  8.6322904    47.6923313
  8.6332894    47.6924483
  8.6334221    47.692465
  8.6335544    47.6924833
  8.6336862    47.692503
  8.6338175    47.6925242
  8.6354261    47.6927953
  8.6371362    47.6930836
  8.6373597    47.6931242
  8.637581     47.69317
  8.6377998    47.6932209
  8.6380158    47.693277
  8.6382304    47.6933385
  8.6384417    47.6934051
  8.6386494    47.6934765
  8.6388532    47.6935529
  8.6402325    47.6940859
  8.6404195    47.6941422
  8.6406029    47.694192
  8.6407736    47.6942435
  8.6409204    47.6942907
  8.641004     47.6943216
  8.6412745    47.6944
  8.6413252    47.694412
  8.6415136    47.6944474
  8.6416815    47.6944697
  8.6417535    47.6944694
  8.6420483    47.6944686
  8.6421414    47.6944688
  8.6421432    47.694469
  8.642161     47.6944678
  8.6422983    47.694458
  8.6424353    47.6944469
  8.6425721    47.6944348
  8.6427086    47.6944214
  8.6428485    47.6944057
  8.6429881    47.6943888
  8.6431273    47.6943706
  8.6432662    47.6943512
  8.6437271    47.6942539
  8.6438708    47.6942264
  8.6442305    47.694153
  8.6445402    47.6940937
  8.6447334    47.6940523
  8.6447903    47.6940394
  8.6448528    47.6940237
  8.6450001    47.6939794
  8.6450385    47.693967
  8.6450809    47.6939529
  8.6451792    47.6939208
  8.6452064    47.6939108
  8.6452803    47.6938843
  8.6453602    47.6938574
  8.6454665    47.6938219
  8.6455389    47.6937941
  8.6456566    47.6937415
  8.6456724    47.693736
  8.645879     47.693653
  8.6459675    47.6936133
  8.6470769    47.6930211
  8.6493523    47.6918074
  8.6496279    47.6916604
  8.6509959    47.6909321
  8.651124     47.6908626
  8.6512505    47.6907919
  8.6513753    47.6907199
  8.6514985    47.6906466
  8.6515679    47.690604
  8.6516073    47.6905794
  8.6516255    47.690568
  8.6517242    47.6905051
  8.6517582    47.690483
  8.6518333    47.6904337
  8.6518548    47.6904196
  8.6518667    47.6904115
  8.6518827    47.6904009
  8.6519701    47.6903415
  8.6529689    47.6896581
  8.6531662    47.6895258
  8.6533675    47.6893962
  8.6535727    47.6892694
  8.6537819    47.6891456
  8.6539159    47.6890689
  8.6540514    47.6889935
  8.6541884    47.6889193
  8.6543268    47.6888463
  8.6544342    47.688791
  8.6545422    47.6887365
  8.6546513    47.6886827
  8.6560388    47.6880061
  8.657152     47.6874645
  8.6583103    47.6868983
  8.6588996    47.6866111
  8.6593292    47.6864112
  8.6597712    47.6862242
  8.6602247    47.6860503
  8.6606891    47.6858899
  8.6611633    47.6857433
  8.6616465    47.6856108
  8.6621379    47.6854926
  8.6626363    47.6853889
  8.663141     47.6852998
  8.6634117    47.6857838
  8.6651339    47.6855721
  8.6656319    47.6855061
  8.6661271    47.6854309
  8.6666191    47.6853466
  8.6671076    47.6852534
  8.6675921    47.6851513
  8.6680723    47.6850402
  8.6684899    47.684953
  8.6689171    47.6848908
  8.6693509    47.6848541
  8.6694334    47.6848501
  8.6694539    47.6841238
  8.6694665    47.6836787
  8.6693482    47.683432
  8.6693268    47.6834034
  8.6695814    47.6833217
  8.6696975    47.6832744
  8.669402     47.6829328
  8.6694888    47.6828266
  8.6695598    47.6828324
  8.6696083    47.6827813
  8.6695252    47.682697
  8.6694859    47.6823541
  8.6695016    47.6822119
  8.6695838    47.6819488
  8.6696626    47.6818449
  8.6696939    47.6817361
  8.6697076    47.6816106
  8.6696905    47.6815011
  8.6696685    47.6814299
  8.669581     47.6812739
  8.669503     47.6811552
  8.6694673    47.6811172
  8.6693833    47.6810673
  8.669618     47.6810284
  8.6695298    47.6806733
  8.6693996    47.6803304
  8.6690029    47.6797665
  8.6687307    47.6786731
  8.6683723    47.6780812
  8.6681463    47.6776317
  8.6679877    47.6771371
  8.6683637    47.6763908
  8.6687258    47.6757593
  8.6686986    47.6757463
  8.6692547    47.6747912
  8.6694349    47.67467
  8.6709405    47.6741293
  8.6724947    47.6734465
  8.6725388    47.6734802
  8.6732775    47.6730262
  8.6734762    47.6729215
  8.6737023    47.6728446
  8.6757451    47.672334
  8.6761845    47.6721176
  8.676276     47.6720026
  8.6763801    47.6719566
  8.6766405    47.6719198
  8.6767831    47.6718708
  8.6768816    47.6717737
  8.6769952    47.6714908
  8.6770261    47.6708863
  8.6770408    47.6702901
  8.6770668    47.6700378
  8.6771247    47.6697876
  8.6774581    47.669052
  8.6775176    47.6688916
  8.6775599    47.6687289
  8.6776186    47.6683965
  8.6787597    47.6685396
  8.678967     47.6680862
  8.6790554    47.6678018
  8.6790694    47.6675105
  8.6790679    47.666739
  8.6790245    47.6665167
  8.6787105    47.6658192
  8.6786196    47.6657504
  8.6784834    47.6657528
  8.678448     47.6657042
  8.6782609    47.6657664
  8.6774692    47.6658412
  8.677421     47.6642439
  8.6775346    47.6635323
  8.6776985    47.6625787
  8.678333     47.6620339
  8.6786318    47.6617288
  8.6787767    47.6615443
  8.6788182    47.6614756
  8.679332     47.6616226
  8.6795388    47.6612126
  8.6796178    47.6610202
  8.6796399    47.6608992
  8.679618     47.6607788
  8.6795635    47.6606627
  8.6794522    47.6604663
  8.6792849    47.6601465
  8.6792399    47.6599464
  8.6792718    47.6596479
  8.6796165    47.6592207
  8.6797409    47.6590122
  8.6798312    47.658799
  8.679899     47.6586957
  8.6799987    47.6586054
  8.6801043    47.658544
  8.6803162    47.6582868
  8.6803845    47.6581474
  8.680456     47.6581377
  8.6806857    47.6580318
  8.6809318    47.657904
  8.6814015    47.6577141
  8.6821813    47.6574351
  8.6824493    47.6571808
  8.6827945    47.6565192
  8.6830288    47.6559474
  8.6831409    47.6556738
  8.6834689    47.6556489
  8.6846178    47.6551505
  8.6846011    47.6542874
  8.6846169    47.6533954
  8.684935     47.6534219
  8.6850944    47.6534489
  8.6855597    47.6535696
  8.6857189    47.6536038
  8.6858869    47.6536258
  8.6860518    47.6536335
  8.6862215    47.6536284
  8.6867115    47.6535947
  8.6867091    47.6535588
  8.6882202    47.6512541
  8.6881713    47.6507518
  8.6880241    47.6500292
  8.6880702    47.6499759
  8.6884006    47.6498292
  8.6895749    47.6496059
  8.690368     47.6494292
  8.691608     47.6488741
  8.6921842    47.6486086
  8.6929602    47.6483676
  8.6931638    47.6480185
  8.6932741    47.6480261
  8.6945201    47.6478959
  8.6946176    47.6479215
  8.6947541    47.6480549
  8.6961277    47.647979
  8.6967038    47.6479232
  8.697112     47.6478587
  8.6976843    47.6477823
  8.6983671    47.647711
  8.6985946    47.6472548
  8.6986734    47.6470144
  8.7003603    47.6470291
  8.7006874    47.6466818
  8.7007387    47.6466118
  8.7007745    47.6465444
  8.7010349    47.6458019
  8.7009975    47.6457624
  8.7009326    47.645746
  8.701792     47.645476
  8.7020073    47.6454029
  8.7021791    47.6453373
  8.7026561    47.6451432
  8.7027297    47.6451094
  8.7027984    47.6450711
  8.7028683    47.6450238
  8.7029248    47.6449773
  8.7029798    47.6449218
  8.7030219    47.6448688
  8.70306      47.6448071
  8.7032649    47.6444089
  8.7033272    47.6443178
  8.7033859    47.6442558
  8.703448     47.6442037
  8.703518     47.6441563
  8.7035948    47.644114
  8.7036777    47.6440775
  8.7081594    47.6423206
  8.7082674    47.642266
  8.7083686    47.6421963
  8.7084574    47.6421111
  8.708563     47.6419689
  8.7086055    47.6419377
  8.7086635    47.6419143
  8.7087291    47.6419035
  8.7087966    47.6419063
  8.7088598    47.6419224
  8.7089132    47.6419504
  8.7090368    47.6420587
  8.7090289    47.6420849
  8.7090707    47.6421249
  8.7091115    47.6421246
  8.7100689    47.6429703
  8.7102915    47.6431505
  8.7103831    47.6432174
  8.7103569    47.6432361
  8.7104222    47.6432816
  8.7104497    47.6432623
  8.7105356    47.6433175
  8.7107996    47.6434698
  8.7110825    47.6436063
  8.7112929    47.6436933
  8.7115106    47.643774
  8.7117341    47.6438428
  8.7119643    47.6439053
  8.7123215    47.6439937
  8.7123618    47.6439266
  8.7125565    47.6439751
  8.7125609    47.6439663
  8.7126342    47.643985
  8.7126306    47.6439935
  8.7141933    47.6443802
  8.714748     47.6430891
  8.7162913    47.6431694
  8.7172303    47.641809
  8.7173331    47.6418415
  8.7174308    47.6417571
  8.7180605    47.6415716
  8.7188527    47.6413498
  8.7196958    47.6411011
  8.7197982    47.6410876
  8.7200627    47.6410995
  8.7201556    47.6414383
  8.7203244    47.6418963
  8.7210829    47.6417811
  8.7220047    47.6417565
  8.7226112    47.641804
  8.7235081    47.6418543
  8.7235436    47.6421997
  8.7236086    47.6425751
  8.7241157    47.6424941
  8.724333     47.6426034
  8.7246045    47.6428506
  8.7246834    47.6429628
  8.7246649    47.6430559
  8.7263276    47.6428631
  8.7293319    47.6428589
  8.7296367    47.6428206
  8.7306528    47.6422511
  8.7311381    47.6421093
  8.7317388    47.6419677
  8.7324748    47.6417856
  8.7331233    47.6416314
  8.7335955    47.6414977
  8.7342678    47.6413271
  8.7349306    47.6411733
  8.7354444    47.6415967
  8.7357324    47.6419635
  8.7355018    47.6420741
  8.735701     47.6421061
  8.7358868    47.6421651
  8.7363136    47.6423167
  8.7370163    47.6421594
  8.7375848    47.6419772
  8.7380876    47.6418629
  8.7393199    47.6420088
  8.7397669    47.6420508
  8.7403068    47.6421123
  8.7407773    47.6421775
  8.7411239    47.642262
  8.7414773    47.6423401
  8.7414853    47.6423651
  8.7416183    47.6423702
  8.7417551    47.6424057
  8.7420786    47.6425398
  8.7423019    47.6426175
  8.7429283    47.6428027
  8.7431202    47.6428651
  8.7433019    47.6429408
  8.7434692    47.6430294
  8.7435195    47.6430077
  8.7429699    47.642411
  8.7429116    47.6423653
  8.7428513    47.6423287
  8.7426625    47.6422454
  8.7428545    47.6421982
  8.7431641    47.6421508
  8.7431991    47.6417604
  8.7433428    47.6413769
  8.7432887    47.6410136
  8.7432687    47.6407988
  8.7432831    47.6404995
  8.7433321    47.640013
  8.7433727    47.6397682
  8.7449423    47.6395124
  8.7453392    47.6394371
  8.7459769    47.6392172
  8.7462927    47.639031
  8.7472089    47.6386441
  8.7475812    47.6394074
  8.7477447    47.6397085
  8.7478695    47.6400416
  8.7481934    47.6407882
  8.7489089    47.6411159
  8.7495508    47.6413923
  8.7496804    47.6414526
  8.7498361    47.6412626
  8.7499467    47.6412909
  8.7500578    47.6413105
  8.7501818    47.641323
  8.7502965    47.6413261
  8.7512659    47.6413081
  8.7514531    47.6412975
  8.7520632    47.6412385
  8.7521169    47.6423604
  8.7521251    47.6423914
  8.7551856    47.642016
  8.7552588    47.6420473
  8.7556563    47.6430835
  8.755781     47.6431178
  8.7558603    47.6431355
  8.7559425    47.6431451
  8.7560264    47.6431452
  8.7561095    47.6431388
  8.7562696    47.6431172
  8.7571615    47.6429871
  8.7572797    47.6429859
  8.7573955    47.6430038
  8.7577031    47.643101
  8.7578476    47.6431743
  8.7583567    47.6435097
  8.7584782    47.6436054
  8.7585863    47.6437069
  8.7588275    47.6439671
  8.7588864    47.6440532
  8.7589365    47.6441428
  8.7589691    47.644236
  8.7590029    47.644428
  8.7590278    47.6445317
  8.7590716    47.6446297
  8.7597685    47.6459292
  8.7597963    47.645924
  8.7598461    47.6455443
  8.7614024    47.6459164
  8.7620895    47.6460642
  8.7621632    47.6460847
  8.762234     47.6461095
  8.7623632    47.6461697
  8.7624587    47.6462306
  8.7625458    47.6463054
  8.7647058    47.6485225
  8.7647686    47.6486963
  8.764852     47.6488172
  8.7649133    47.6487998
  8.764958     47.6487594
  8.7652352    47.6487571
  8.7657503    47.6488091
  8.7659958    47.6488504
  8.76633      47.6489496
  8.7667109    47.6491051
  8.7670429    47.6492746
  8.7671978    47.6493702
  8.7677168    47.6497713
  8.7681305    47.6499806
  8.7683997    47.650095
  8.7686204    47.6501651
  8.768839     47.6501839
  8.7695242    47.6500428
  8.7700813    47.6499654
  8.7709111    47.6498352
  8.7711595    47.6498195
  8.7714786    47.6498395
  8.7717363    47.6498809
  8.7719897    47.6499292
  8.7723818    47.649948
  8.7726051    47.649934
  8.7727484    47.6499063
  8.7729179    47.6498556
  8.7730736    47.6497562
  8.7734176    47.6494167
  8.7736797    47.6492031
  8.7739834    47.6490093
  8.774292     47.6488205
  8.7743822    47.6487781
  8.7744633    47.6487593
  8.7745647    47.6487576
  8.7755957    47.6488315
  8.7758969    47.6488424
  8.7761941    47.6488449
  8.7763446    47.6489135
  8.7770423    47.6494049
  8.7771541    47.6495054
  8.7772504    47.6496161
  8.7773246    47.649741
  8.7773954    47.6499497
  8.7775689    47.6503365
  8.7777135    47.6505139
  8.7778649    47.6506641
  8.7779676    47.6507509
  8.7782601    47.6509201
  8.7785441    47.6510242
  8.779389     47.6512164
  8.7807581    47.6516108
  8.7809236    47.6516639
  8.7810631    47.6517238
  8.7819514    47.6521698
  8.7820654    47.6522304
  8.7822812    47.6523613
  8.7824671    47.6524952
  8.7838722    47.653643
  8.7839068    47.653737
  8.7840158    47.653762
  8.7854184    47.6550728
  8.7854116    47.655113
  8.7859704    47.6551586
  8.7860199    47.6552048
  8.7858725    47.6576893
  8.7859049    47.6577499
  8.7864935    47.6580313
  8.7865629    47.6581046
  8.7867159    47.6591529
  8.7867301    47.6592809
  8.7865907    47.660737
  8.7874035    47.6623454
  8.7877055    47.6629431
  8.7877841    47.663124
  8.7885441    47.6653613
  8.791224     47.6648313
  8.792988     47.664675
  8.7932411    47.6646823
  8.7945013    47.6647813
  8.7948938    47.6648276
  8.7956877    47.6648825
  8.7963209    47.6649383
  8.7967277    47.6649596
  8.7980544    47.664976
  8.7982398    47.6649733
  8.7984252    47.6649579
  8.7984151    47.6649179
  8.7988266    47.6648732
  8.7990921    47.6648722
  8.7996789    47.6649158
  8.7999994    47.6649579
  8.8008963    47.6650933
  8.801853     47.6652454
  8.8021095    47.6652733
  8.8023693    47.6652901
  8.8026312    47.6652881
  8.8031513    47.6652682
  8.8032757    47.6652139
  8.8036373    47.6651751
  8.8037609    47.665199
  8.8039653    47.6651442
  8.8046998    47.6649014
  8.8052638    47.6647242
  8.805253     47.6641974
  8.8041795    47.6638948
  8.804042     47.6623996
  8.803822     47.6616584
  8.8034323    47.6606751
  8.8034221    47.6606399
  8.8049386    47.6604021
  8.8049081    47.6603109
  8.8048939    47.6600127
  8.8048704    47.6597944
  8.8049087    47.6592355
  8.8049853    47.658814
  8.8049898    47.6585618
  8.8049519    47.6583323
  8.8048884    47.6580609
  8.8048629    47.6577446
  8.804821     47.6575355
  8.8047967    47.6574552
  8.8047004    47.6574687
  8.8047577    47.6574148
  8.8045387    47.656185
  8.8045182    47.6559073
  8.8044461    47.6554835
  8.8043092    47.6549831
  8.8043044    47.6549393
  8.8044368    47.6549283
  8.804586     47.654852
  8.8047592    47.6547981
  8.8048575    47.6548358
  8.8052107    47.6547241
  8.8050771    47.6537607
  8.8049956    47.6531733
  8.8049035    47.6525088
  8.8048651    47.6522322
  8.8050643    47.6521835
  8.8052762    47.6521709
  8.8054479    47.6521174
  8.8060772    47.6519789
  8.8066766    47.6518997
  8.8067983    47.651898
  8.8071131    47.6518939
  8.8074014    47.6518297
  8.8077289    47.651781
  8.8081479    47.6518044
  8.8085263    47.651784
  8.8089137    47.6517816
  8.809526     47.6516797
  8.8099382    47.6516256
  8.8103315    47.6515124
  8.8108597    47.6512473
  8.8111428    47.6511701
  8.8113963    47.6511312
  8.8119767    47.6508806
  8.8125123    47.6505946
  8.8133724    47.6501684
  8.8139734    47.6499199
  8.814138     47.6500049
  8.8142298    47.6499065
  8.8143591    47.6498283
  8.8145004    47.6497622
  8.8146527    47.6497059
  8.814702     47.6496689
  8.8146823    47.6496215
  8.8147214    47.6495796
  8.815        47.6497388
  8.8153083    47.6498358
  8.8155947    47.6498893
  8.8155178    47.6498569
  8.8155042    47.6497958
  8.8157639    47.6491729
  8.8158065    47.6490883
  8.8161785    47.6493378
  8.8164771    47.6494659
  8.8167297    47.6495539
  8.8170373    47.6495366
  8.8174993    47.6493799
  8.8179302    47.649199
  8.8183814    47.6490334
  8.8187867    47.6489453
  8.8189271    47.6489223
  8.8191735    47.6489041
  8.8198518    47.6490221
  8.8201229    47.6490035
  8.820448     47.6489761
  8.8209462    47.6489268
  8.821182     47.6488597
  8.8214095    47.6487628
  8.8217473    47.648684
  8.8220216    47.6486268
  8.8225952    47.6484884
  8.8229651    47.648371
  8.8232697    47.648268
  8.8237602    47.6480005
  8.8245666    47.6478209
  8.8245103    47.6476126
  8.8248252    47.6474221
  8.8251479    47.6472614
  8.8259291    47.6470026
  8.8261897    47.6469504
  8.8264494    47.6467462
  8.82659      47.6465085
  8.8265616    47.6461511
  8.8263279    47.6461048
  8.8262774    47.6456751
  8.8261907    47.6453172
  8.8258752    47.6445099
  8.8258547    47.6444023
  8.8258729    47.644295
  8.8259363    47.6441963
  8.8264475    47.6436027
  8.8265477    47.6435361
  8.8267496    47.6434716
  8.8268779    47.643479
  8.8269417    47.6434473
  8.826869     47.6433889
  8.8269185    47.643397
  8.8269583    47.6433787
  8.8268262    47.6426111
  8.8268179    47.6425213
  8.8268508    47.6424335
  8.8269297    47.6423602
  8.8270395    47.6423078
  8.8271412    47.6422489
  8.8271874    47.642164
  8.8272201    47.6417753
  8.8272866    47.6414777
  8.8273223    47.6413822
  8.8273829    47.6412924
  8.8274659    47.6412119
  8.8276535    47.6410736
  8.8277463    47.6409862
  8.827796     47.640887
  8.8278013    47.6407812
  8.827771     47.6406737
  8.8275638    47.6402175
  8.8275234    47.640104
  8.8274988    47.639988
  8.827404     47.6390577
  8.8268259    47.6386409
  8.8268696    47.638613
  8.826708     47.6378818
  8.8264193    47.6377204
  8.8252906    47.6375043
  8.8253359    47.6374109
  8.825384     47.6373109
  8.8247759    47.6355397
  8.8246761    47.6353187
  8.8244341    47.6350296
  8.8244057    47.6350398
  8.823755     47.634417
  8.8246872    47.6338898
  8.8242945    47.6335913
  8.823784     47.6332134
  8.8237157    47.633254
  8.8232441    47.6330352
  8.8232243    47.6330114
  8.8229557    47.6331114
  8.8226935    47.6329388
  8.8226093    47.6328717
  8.8223286    47.6326289
  8.8213975    47.6315199
  8.8209295    47.6316131
  8.8209164    47.631582
  8.8202168    47.6305654
  8.820202     47.6305318
  8.8203927    47.6304907
  8.8205796    47.6304601
  8.820793     47.630439
  8.8202399    47.6292964
  8.8181928    47.6297998
  8.8178283    47.6298655
  8.817818     47.6298391
  8.8179611    47.6298114
  8.8179049    47.6297922
  8.8178642    47.6297657
  8.8178474    47.6297301
  8.8176048    47.6282488
  8.8166475    47.6285575
  8.8158218    47.6287135
  8.8154436    47.6278176
  8.8145269    47.6279337
  8.8140663    47.6271897
  8.813971     47.6272155
  8.813979     47.627228
  8.8139046    47.6272475
  8.813897     47.6272349
  8.8131491    47.6274384
  8.8131191    47.6273694
  8.8129627    47.625597
  8.8135347    47.625605
  8.813534     47.6255691
  8.8133251    47.624695
  8.8135065    47.6245368
  8.8135491    47.6245233
  8.8133191    47.6241926
  8.8133434    47.6241432
  8.8133216    47.6241153
  8.8123747    47.6244246
  8.8123135    47.6244009
  8.811712     47.6226453
  8.8137597    47.6223523
  8.8132351    47.622162
  8.8129563    47.6220532
  8.8129725    47.6215515
  8.8130182    47.6215524
  8.8130496    47.6215739
  8.8130934    47.6215879
  8.8143248    47.6216613
  8.8142902    47.6211115
  8.8143049    47.6210813
  8.8140613    47.6209435
  8.8137939    47.6207412
  8.8136261    47.620659
  8.8131384    47.6205943
  8.8128645    47.6206331
  8.8129796    47.6195408
  8.8121421    47.6194551
  8.8115563    47.6189726
  8.8128616    47.6181959
  8.8123397    47.6178669
  8.8123802    47.6178522
  8.8121881    47.6176196
  8.8124466    47.6173639
  8.8127348    47.6172555
  8.8134061    47.6171427
  8.8140051    47.6172139
  8.8137969    47.6168204
  8.8131737    47.6165294
  8.8117211    47.6164676
  8.811345     47.6163796
  8.8107597    47.6157306
  8.8105963    47.6157363
  8.8106213    47.6151878
  8.8104561    47.615145
  8.8086903    47.6151081
  8.808634     47.6151509
  8.8085284    47.6146961
  8.808502     47.6145439
  8.8084936    47.6143915
  8.8085024    47.6142388
  8.8085326    47.6140859
  8.8084311    47.6140816
  8.8083732    47.6140445
  8.8067528    47.6141953
  8.8050508    47.6137309
  8.8047644    47.6133914
  8.8047146    47.6133213
  8.8046895    47.6132447
  8.8045315    47.6125106
  8.8045089    47.612436
  8.8044702    47.6123655
  8.8043147    47.6121223
  8.8041148    47.6117082
  8.8040884    47.611631
  8.8040906    47.6115533
  8.8041184    47.6113658
  8.8041156    47.6112832
  8.8040213    47.6107314
  8.8039989    47.6107027
  8.8041048    47.6106914
  8.804181     47.6106515
  8.8041421    47.6103894
  8.8041297    47.610171
  8.8040741    47.6099386
  8.8040478    47.6098849
  8.803816     47.609578
  8.8041383    47.6094362
  8.8033168    47.6084927
  8.8038059    47.6083264
  8.8040225    47.6081272
  8.8040033    47.6080709
  8.8039644    47.6080185
  8.8033536    47.607411
  8.8032263    47.6072568
  8.8031403    47.6070895
  8.8030373    47.606815
  8.8030075    47.6065376
  8.8029908    47.6061065
  8.8029201    47.6058142
  8.8028843    47.6056003
  8.8028675    47.605306
  8.802868     47.6052063
  8.8028804    47.6051089
  8.8029058    47.6050123
  8.802942     47.6049193
  8.8030006    47.6047924
  8.8030142    47.6047436
  8.803013     47.6047008
  8.8029682    47.6046135
  8.8030132    47.6045941
  8.8028739    47.6044384
  8.8027695    47.6043309
  8.8026538    47.6042294
  8.8022493    47.603901
  8.8021643    47.6038254
  8.8020879    47.603744
  8.8019733    47.6036096
  8.8018758    47.6034716
  8.8018076    47.6033224
  8.8016852    47.6029576
  8.8017511    47.6029813
  8.8017215    47.6029178
  8.8019579    47.6026592
  8.8020412    47.6025644
  8.8021192    47.602466
  8.8022576    47.6022642
  8.8024465    47.6019567
  8.8024845    47.6019672
  8.8025194    47.6019079
  8.8024827    47.6018979
  8.8025769    47.6017392
  8.8027146    47.6014829
  8.8027703    47.6013481
  8.8028289    47.6011388
  8.8027232    47.6011292
  8.8026909    47.6011111
  8.8016973    47.6013432
  8.8014215    47.6014043
  8.8006297    47.6015535
  8.800493     47.6015816
  8.800357     47.6016154
  8.8002255    47.6016538
  8.8000972    47.6016969
  8.799972     47.6017456
  8.7993035    47.6020532
  8.7988926    47.6022212
  8.7988619    47.6021859
  8.7987524    47.6022309
  8.7986377    47.6022717
  8.7985179    47.6023009
  8.7982545    47.6023467
  8.7980235    47.6023604
  8.797742     47.6023686
  8.7976518    47.6023803
  8.7973747    47.6024303
  8.797184     47.6025155
  8.7970855    47.6025434
  8.7968299    47.6025814
  8.7966862    47.602594
  8.7965421    47.6025876
  8.7964363    47.6025757
  8.7963223    47.602557
  8.7961622    47.6025158
  8.7959294    47.6024439
  8.7958511    47.6024093
  8.7956755    47.602444
  8.7955421    47.6024775
  8.7954015    47.6024886
  8.7939407    47.6024822
  8.7936892    47.6025006
  8.7936403    47.6025092
  8.7934494    47.6025567
  8.7930683    47.6026806
  8.792951     47.6027137
  8.7928315    47.6027385
  8.7919093    47.6028963
  8.7916813    47.6029421
  8.7887932    47.6034375
  8.7888074    47.603474
  8.7887682    47.6034941
  8.7887637    47.6035268
  8.7890229    47.6040579
  8.7889787    47.6040678
  8.7890096    47.6041318
  8.7881423    47.6041501
  8.7883341    47.6048821
  8.7882892    47.6054376
  8.7884162    47.6058031
  8.788657     47.6063217
  8.7887046    47.6068238
  8.7888832    47.6070477
  8.7893144    47.6073635
  8.7895226    47.6075502
  8.789729     47.6079255
  8.7901703    47.6083147
  8.7902767    47.6084273
  8.7898095    47.6094062
  8.7894989    47.6093612
  8.7888475    47.6093113
  8.7886228    47.609287
  8.7883506    47.6092262
  8.7877728    47.6090229
  8.7877164    47.609146
  8.787862     47.6095419
  8.7876252    47.6096177
  8.7869765    47.6095096
  8.7867635    47.6095414
  8.7863966    47.6097111
  8.7859622    47.6099052
  8.7855385    47.6100347
  8.7849223    47.6103489
  8.7845011    47.6106144
  8.784236     47.6107662
  8.7836962    47.6109913
  8.783376     47.6110739
  8.7831859    47.6110196
  8.7829872    47.6111902
  8.7827582    47.6112747
  8.7819749    47.6115899
  8.7816389    47.6117887
  8.781194     47.612009
  8.779583     47.6123102
  8.7794547    47.6126965
  8.7788939    47.6126501
  8.7783813    47.6126729
  8.7775286    47.6126579
  8.7775227    47.6127197
  8.7769933    47.6127733
  8.7766765    47.6128286
  8.7763006    47.6128446
  8.7764738    47.6131215
  8.7766262    47.6132805
  8.7760671    47.6133806
  8.7755432    47.6134908
  8.7751857    47.6136041
  8.7753107    47.6142685
  8.7742392    47.6143907
  8.7741691    47.6144318
  8.7746456    47.614798
  8.7745438    47.6148589
  8.7738798    47.6149072
  8.7730978    47.6149563
  8.7724852    47.6150223
  8.7724392    47.6150006
  8.7723533    47.6147081
  8.7723162    47.6146898
  8.7724893    47.6144969
  8.7725009    47.6144541
  8.7724311    47.6144275
  8.7702503    47.6149334
  8.7697913    47.6152056
  8.769572     47.615099
  8.7690369    47.6153573
  8.7681175    47.6157628
  8.7676429    47.6159959
  8.7672656    47.6162125
  8.7666973    47.6165504
  8.7663572    47.6166717
  8.7659711    47.6167747
  8.7657456    47.6168392
  8.7657526    47.6168525
  8.765161     47.6170198
  8.7647224    47.6172042
  8.7640309    47.6173706
  8.7637997    47.6174798
  8.7636264    47.6175512
  8.7632245    47.6176843
  8.7627975    47.6178408
  8.7626166    47.6178893
  8.7621923    47.6180857
  8.7619627    47.6181122
  8.7616298    47.6181298
  8.7612507    47.6182309
  8.7608162    47.6182456
  8.7597704    47.6182238
  8.759712     47.6182316
  8.7594289    47.6181892
  8.7588874    47.618239
  8.7587438    47.618284
  8.7583711    47.6183823
  8.7583622    47.6183532
  8.7582692    47.6182231
  8.7580005    47.6179496
  8.7575467    47.6176473
  8.7572309    47.6174109
  8.7570319    47.6172453
  8.7568873    47.617102
  8.7564298    47.6167935
  8.756325     47.6166228
  8.7552258    47.6170312
  8.7551649    47.6170725
  8.7551238    47.6171249
  8.7551127    47.6171815
  8.7551276    47.6173444
  8.7551164    47.6174282
  8.7550196    47.6176215
  8.7550221    47.617676
  8.7550666    47.617729
  8.7550486    47.6177636
  8.7547735    47.6181569
  8.7546176    47.6179817
  8.7542154    47.6182131
  8.7537974    47.6185059
  8.7535132    47.6186239
  8.7530176    47.6187832
  8.7524719    47.619012
  8.7518634    47.6192816
  8.7508742    47.6197273
  8.7504864    47.6200196
  8.7504098    47.6201012
  8.7503186    47.6201786
  8.7502519    47.6202509
  8.7498672    47.6205616
  8.7497582    47.6207023
  8.7497149    47.6208035
  8.749674     47.6208732
  8.7495577    47.6213004
  8.7495186    47.6214937
  8.7481315    47.6230417
  8.747523     47.6227282
  8.7471231    47.6224804
  8.7470006    47.6222463
  8.7468209    47.6221006
  8.7464338    47.6219074
  8.7460882    47.6214341
  8.7460414    47.6214474
  8.7459125    47.6211624
  8.7458417    47.6208195
  8.7458233    47.6206655
  8.7458241    47.6205354
  8.7458642    47.6201725
  8.7458945    47.6200896
  8.7459844    47.619923
  8.7459507    47.6199012
  8.7459401    47.6197973
  8.7460901    47.6193618
  8.746269     47.6189159
  8.7463927    47.6184641
  8.7464712    47.6179925
  8.746467     47.6176884
  8.7463919    47.6173894
  8.7462999    47.6171695
  8.7461981    47.6170096
  8.7460507    47.6168791
  8.7456519    47.6166033
  8.7455887    47.6164646
  8.7454652    47.6163856
  8.7455127    47.6163646
  8.7455973    47.6162222
  8.7456262    47.6161628
  8.7456413    47.6159951
  8.7456619    47.6154696
  8.745692     47.6151101
  8.7458097    47.6144602
  8.7457847    47.6140524
  8.7457826    47.6136283
  8.7458185    47.6129462
  8.7455233    47.6129419
  8.7447497    47.6129442
  8.7441973    47.6129249
  8.7440238    47.6129269
  8.7430872    47.6129832
  8.7430027    47.6124394
  8.7426577    47.6118588
  8.7418642    47.6121317
  8.7417748    47.6121086
  8.7413516    47.611695
  8.7413645    47.6116645
  8.7412493    47.6117008
  8.7409915    47.6117684
  8.7407271    47.6118232
  8.7404554    47.6118651
  8.7401756    47.6118969
  8.7401624    47.6118283
  8.7401146    47.611797
  8.7396677    47.6085103
  8.7396353    47.6084062
  8.7395866    47.6083129
  8.739531     47.6082368
  8.7394011    47.6080928
  8.7394062    47.6080394
  8.7398012    47.6078578
  8.7400639    47.6077617
  8.7405059    47.60762
  8.7407195    47.6075641
  8.7411944    47.6074549
  8.7415857    47.607386
  8.7419755    47.6073408
  8.742161     47.6069241
  8.7422579    47.6064947
  8.7422726    47.6062459
  8.7422331    47.6060281
  8.7421426    47.6058553
  8.7419856    47.6057066
  8.7418753    47.6055682
  8.7418606    47.6054094
  8.7419326    47.6050643
  8.7421089    47.6046194
  8.7422434    47.6044318
  8.7424158    47.6042694
  8.7427378    47.6040319
  8.743058     47.6038042
  8.7432205    47.6036452
  8.7433876    47.6034047
  8.7434244    47.6033323
  8.7434381    47.6032432
  8.7434284    47.6030248
  8.7434535    47.6028947
  8.74355      47.6027408
  8.7437443    47.6025798
  8.7439131    47.6025067
  8.7441655    47.6024491
  8.7444081    47.6023836
  8.7447193    47.6022739
  8.7448771    47.6021916
  8.7451028    47.6020272
  8.7460442    47.6014409
  8.7463009    47.6012337
  8.7466091    47.6009146
  8.7466431    47.6008544
  8.7466185    47.6007946
  8.7464213    47.6005194
  8.7463136    47.6003463
  8.7465537    47.6003148
  8.7472347    47.6002155
  8.7487883    47.6000413
  8.7487931    47.6000042
  8.7487189    47.5999673
  8.7486817    47.5998983
  8.7486146    47.599829
  8.7485222    47.5997709
  8.7484124    47.5997311
  8.7480362    47.5996198
  8.7480834    47.5990351
  8.7479535    47.5990084
  8.7479733    47.5986611
  8.7479634    47.5986341
  8.7479773    47.5985895
  8.7477411    47.5985602
  8.7476023    47.5985502
  8.7475414    47.5985121
  8.747371     47.5977411
  8.7473667    47.5976737
  8.747165     47.5975045
  8.7457953    47.5966815
  8.7457476    47.5966425
  8.7457076    47.5965944
  8.7456815    47.5965422
  8.74567      47.5964877
  8.7456796    47.5963205
  8.7458219    47.5962699
  8.7463946    47.5960296
  8.7464944    47.5959945
  8.746573     47.5959737
  8.7466538    47.595958
  8.7470085    47.5959178
  8.7470956    47.595897
  8.7471455    47.5958758
  8.7471893    47.5958489
  8.7472255    47.5958174
  8.7472531    47.5957821
  8.7472723    47.5957405
  8.7472795    47.5957013
  8.7472974    47.5951216
  8.7482323    47.592308
  8.7487788    47.5923633
  8.7495618    47.5924359
  8.7526216    47.5926643
  8.7546495    47.5928034
  8.7557341    47.5928646
  8.7563701    47.592885
  8.7574308    47.5928984
  8.7581829    47.5928999
  8.7612919    47.592872
  8.7619597    47.5928568
  8.7626217    47.5928262
  8.7633026    47.5927786
  8.7640709    47.5927063
  8.7647005    47.5926344
  8.7652818    47.5925555
  8.765902     47.5924547
  8.7664733    47.5923491
  8.7671708    47.5922064
  8.7675598    47.5921189
  8.798028     47.5850212
  8.8060512    47.5831467
  8.8055527    47.5821444
  8.8043969    47.5824077
  8.8025112    47.5828584
  8.8024068    47.58285
  8.8023299    47.5828011
  8.8021518    47.5826414
  8.8010748    47.5805929
  8.8010733    47.580538
  8.80114      47.580507
  8.8062129    47.5795039
  8.8052701    47.5772723
  8.8057298    47.5771794
  8.8057114    47.5771362
  8.8056292    47.577106
  8.8047506    47.5750593
  8.8047959    47.5750035
  8.8081026    47.5743274
  8.8074188    47.5715739
  8.8102382    47.57096
  8.8137724    47.5701901
  8.8138584    47.5701783
  8.8140129    47.5701635
  8.814182     47.5701568
  8.8165985    47.5701687
  8.8165983    47.5701958
  8.8166643    47.5702314
  8.8173003    47.5719269
  8.8196729    47.5713816
  8.82004      47.5723565
  8.8200052    47.5724295
  8.8202864    47.5722674
  8.8204543    47.5724041
  8.8208644    47.572179
  8.821284     47.5719622
  8.8217117    47.5717523
  8.8220199    47.5716095
  8.8224958    47.5730603
  8.8229195    47.5728794
  8.8235997    47.5725609
  8.8237069    47.5725189
  8.8238207    47.5724846
  8.8300252    47.5711
  8.8300871    47.5711237
  8.8306107    47.5727441
  8.8312351    47.5733954
  8.8313371    47.5733607
  8.838816     47.5711939
  8.8378081    47.5685916
  8.8377416    47.5685586
  8.8383871    47.5685414
  8.8386549    47.5685403
  8.8389227    47.5685516
  8.8391867    47.5685755
  8.8392056    47.5685136
  8.839263     47.5684636
  8.8392617    47.5654084
  8.8391992    47.5653496
  8.8417394    47.565907
  8.8418483    47.5659441
  8.8419357    47.5660006
  8.8419944    47.5660728
  8.8420208    47.5661531
  8.8420376    47.5663569
  8.8420982    47.5663545
  8.8421672    47.5663937
  8.8448495    47.5661356
  8.8448946    47.5660954
  8.8442969    47.5632512
  8.8509139    47.5636543
  8.8509778    47.5636075
  8.8508863    47.5635226
  8.8508608    47.563421
  8.8508862    47.5628383
  8.8508801    47.5628085
  8.8509244    47.5623174
  8.8510376    47.5614572
  8.8511239    47.5608687
  8.8510899    47.5608385
  8.8510981    47.5608036
  8.8508023    47.5607732
  8.8497761    47.5607665
  8.8494771    47.5607564
  8.8491792    47.5607276
  8.8486671    47.5606683
  8.8484291    47.5606532
  8.8476438    47.5606508
  8.847426     47.5606582
  8.8468321    47.5607005
  8.8462411    47.5607512
  8.8460276    47.560761
  8.8458131    47.5607525
  8.8456021    47.5607258
  8.845398     47.5606819
  8.8450564    47.5605928
  8.8448218    47.5605487
  8.8442608    47.5604789
  8.8437232    47.5603912
  8.8427437    47.5603008
  8.8424319    47.5602264
  8.8416412    47.5600185
  8.8413993    47.5599325
  8.8411886    47.5598142
  8.8406507    47.5594378
  8.8406148    47.5593655
  8.8407269    47.5584483
  8.8402017    47.557875
  8.838683     47.5573517
  8.8380241    47.557263
  8.8368429    47.5573764
  8.8365811    47.5573965
  8.8353418    47.5574673
  8.8345129    47.5575825
  8.8342521    47.5576126
  8.8324208    47.5577958
  8.8321161    47.5578183
  8.8319167    47.5578239
  8.8318362    47.5578245
  8.8315574    47.5578165
  8.8312534    47.5577913
  8.8294637    47.5575974
  8.8296064    47.5567339
  8.8296037    47.5566169
  8.8296892    47.5562959
  8.8296745    47.5562418
  8.8296049    47.5562128
  8.8291775    47.5561622
  8.8279914    47.555949
  8.8278967    47.5559803
  8.8284354    47.5551074
  8.8287054    47.5546865
  8.8289911    47.5542699
  8.829243     47.5539249
  8.8295517    47.553527
  8.829915     47.5530807
  8.8307252    47.5520859
  8.8306258    47.5520401
  8.8304516    47.552091
  8.8303709    47.5520897
  8.8297993    47.5517134
  8.8301249    47.5514222
  8.8306561    47.5506108
  8.8306663    47.5505708
  8.8307515    47.550534
  8.8310261    47.5498401
  8.8312047    47.5498349
  8.831735     47.5499143
  8.8317705    47.5497378
  8.8317205    47.5497353
  8.8317338    47.5496608
  8.8316872    47.5496565
  8.8317112    47.5495075
  8.8318013    47.549508
  8.831904     47.5495147
  8.8318766    47.549506
  8.8318631    47.5494861
  8.8318667    47.5493916
  8.8318601    47.5490811
  8.8319993    47.5490386
  8.8322394    47.5489951
  8.8325379    47.5490798
  8.8325783    47.5490763
  8.8326065    47.5490562
  8.8327178    47.5489171
  8.8326876    47.5488942
  8.8327397    47.5487771
  8.832741     47.548757
  8.8326781    47.5486707
  8.8326414    47.5486326
  8.8324424    47.5484672
  8.832525     47.5484217
  8.8325313    47.5484116
  8.8323103    47.5482445
  8.8320746    47.5480897
  8.8322378    47.5473844
  8.8332526    47.5466314
  8.832982     47.5463657
  8.8328293    47.5462353
  8.8327545    47.5461865
  8.8327814    47.5461471
  8.8325872    47.5460367
  8.8326613    47.5460503
  8.8327308    47.5460272
  8.8340526    47.5450332
  8.8342892    47.5446078
  8.8336561    47.5444474
  8.8338363    47.544196
  8.834056     47.5438482
  8.8342382    47.5435098
  8.8344822    47.5429632
  8.8344817    47.5429424
  8.8344694    47.5429251
  8.8344476    47.5429128
  8.8344176    47.5429074
  8.8361058    47.5429443
  8.8362521    47.5429743
  8.8363166    47.5429058
  8.8362446    47.5428742
  8.8371075    47.5413084
  8.8371499    47.5412575
  8.8385581    47.5401879
  8.8381636    47.5393805
  8.8383164    47.5393459
  8.8387733    47.5393089
  8.8394163    47.5393003
  8.8399452    47.5393316
  8.8399898    47.538427
  8.8398284    47.5384318
  8.8397758    47.5383941
  8.8397821    47.5383481
  8.8397381    47.5382307
  8.8396796    47.5381565
  8.8395772    47.5380682
  8.8394931    47.5379756
  8.8394576    47.53787
  8.8393496    47.5372164
  8.8398749    47.5371459
  8.840102     47.5371899
  8.8403502    47.5373562
  8.8407055    47.5373772
  8.8409631    47.5371897
  8.8411261    47.5369227
  8.8411246    47.5368714
  8.8411709    47.5368667
  8.8411168    47.5367327
  8.840944     47.5365616
  8.8409397    47.5365184
  8.8409932    47.5364936
  8.8410019    47.5364436
  8.8408993    47.5364402
  8.8407799    47.5364495
  8.8407221    47.5364193
  8.8406111    47.5358565
  8.8406293    47.5357781
  8.8406858    47.5357074
  8.840833     47.5356113
  8.8408795    47.5355431
  8.8408792    47.5355187
  8.8409293    47.5354733
  8.8410527    47.535451
  8.8411875    47.5351703
  8.8410076    47.5347969
  8.8409856    47.5346564
  8.8411659    47.5337048
  8.8411453    47.5334933
  8.8409047    47.5328569
  8.8409444    47.5328256
  8.8406996    47.5328098
  8.8406368    47.5328293
  8.8407178    47.5327493
  8.8407737    47.532708
  8.8408448    47.5326711
  8.8409308    47.5326414
  8.8433467    47.5320375
  8.8440285    47.5318713
  8.844415     47.5317837
  8.8449458    47.5316734
  8.8454456    47.5315793
  8.8470155    47.5313162
  8.847227     47.5312861
  8.8474343    47.5312636
  8.8476014    47.5312534
  8.8477535    47.5312509
  8.847975     47.531255
  8.8483835    47.5312725
  8.8485368    47.5312727
  8.8487088    47.5312676
  8.8488041    47.5312623
  8.8489353    47.5312464
  8.8490759    47.5312212
  8.8492121    47.5311887
  8.8493077    47.5311791
  8.8493537    47.5311923
  8.8493936    47.5312127
  8.8494247    47.531239
  8.8494454    47.5312697
  8.8495345    47.5312393
  8.849563     47.531196
  8.8496203    47.5311688
  8.8501092    47.5311169
  8.8505509    47.531097
  8.8507976    47.5310933
  8.8515174    47.5311055
  8.8517889    47.5311227
  8.8520535    47.5311683
  8.8520681    47.5311338
  8.8525148    47.5312236
  8.8527504    47.5312527
  8.8552471    47.5313282
  8.8558955    47.5314513
  8.8559089    47.5310942
  8.8557153    47.5308164
  8.8557766    47.5307652
  8.8557148    47.530436
  8.8557775    47.530412
  8.8558565    47.5304104
  8.8565697    47.5304273
  8.8574252    47.5306835
  8.8575282    47.5307097
  8.8575719    47.530691
  8.8577067    47.5305082
  8.8577776    47.5304481
  8.8579911    47.5303463
  8.8585388    47.5303382
  8.8592372    47.5304144
  8.8596567    47.5303981
  8.85974      47.5303352
  8.8599031    47.5303436
  8.8600695    47.5304128
  8.8604914    47.5303812
  8.8610454    47.5303565
  8.8634252    47.5304397
  8.8638609    47.5304702
  8.8642386    47.53049
  8.8648238    47.530498
  8.8653917    47.5305006
  8.8665172    47.5304704
  8.8668367    47.530464
  8.8673942    47.5304426
  8.8688302    47.5303795
  8.8692287    47.5303455
  8.869622     47.5303007
  8.8700167    47.530244
  8.8713415    47.5300044
  8.8717271    47.5299313
  8.87211      47.5298527
  8.8724901    47.5297695
  8.8728667    47.5296809
  8.8736117    47.5294896
  8.8740347    47.5293705
  8.874145     47.5293305
  8.8742187    47.5293599
  8.8743167    47.5293342
  8.8744914    47.5292661
  8.8750952    47.5290428
  8.8760108    47.5287201
  8.8768963    47.5283887
  8.8779446    47.5279888
  8.878964     47.5275854
  8.8804079    47.5270273
  8.8804475    47.5270816
  8.8802806    47.5271919
  8.8802038    47.5272514
  8.8801233    47.5273216
  8.8799961    47.5274536
  8.8798885    47.5275965
  8.8799856    47.5276256
  8.880069     47.5276249
  8.8802758    47.5277549
  8.8813139    47.5284507
  8.8814841    47.5285404
  8.8816735    47.5286104
  8.8818987    47.5286715
  8.8820174    47.5287142
  8.8821255    47.5287689
  8.8825785    47.5290545
  8.8827414    47.5291382
  8.8829079    47.5292164
  8.8830843    47.529288
  8.8832733    47.5293447
  8.8834497    47.5293892
  8.8834559    47.529415
  8.8837565    47.529249
  8.8848486    47.5285573
  8.8850351    47.5284494
  8.8852254    47.5283477
  8.8855574    47.5281846
  8.886314     47.5278443
  8.8863582    47.5278833
  8.8863475    47.5279055
  8.8863602    47.5279271
  8.8876019    47.5283874
  8.8875779    47.528343
  8.8876077    47.5282545
  8.8880835    47.5277316
  8.8880167    47.5274613
  8.8885884    47.5272343
  8.8886955    47.5272969
  8.8887221    47.5272766
  8.8892659    47.5270719
  8.8899028    47.5267849
  8.890023     47.5268607
  8.890058     47.5268467
  8.890236     47.5268746
  8.8905005    47.526893
  8.8904814    47.5269751
  8.8912928    47.5268302
  8.891287     47.5267804
  8.8915355    47.5267721
  8.8920518    47.5267864
  8.8923097    47.5267468
  8.8925956    47.5266391
  8.8937256    47.5263074
  8.8939373    47.5260227
  8.8942044    47.5261021
  8.8943245    47.5261269
  8.8944044    47.5261357
  8.8944851    47.5261389
  8.8945747    47.5261356
  8.8946546    47.5261267
  8.8951236    47.5260349
  8.8958573    47.5259083
  8.8959179    47.5259297
  8.8967609    47.5256095
  8.8977745    47.5240091
  8.8978135    47.5240052
  8.8982385    47.5241318
  8.8983437    47.5241714
  8.8983211    47.5240226
  8.8974521    47.5219613
  8.8972374    47.5214602
  8.8971509    47.52129
  8.8970627    47.5211376
  8.8969452    47.5209604
  8.8968024    47.5207746
  8.8966498    47.5205991
  8.8964735    47.5204181
  8.8965346    47.5203328
  8.8965485    47.5203254
  8.896279     47.5200761
  8.8962618    47.520085
  8.8954284    47.519356
  8.8953103    47.5192476
  8.8971053    47.5176837
  8.8969733    47.5175214
  8.8968534    47.517428
  8.8966533    47.517331
  8.896616     47.5173061
  8.896768     47.5168167
  8.8968621    47.5163336
  8.8969375    47.5161567
  8.8969364    47.5160544
  8.8968942    47.5159784
  8.8968192    47.5158989
  8.8967131    47.5157543
  8.8966416    47.5155829
  8.896704     47.515256
  8.8966288    47.514983
  8.8965157    47.5147384
  8.8964418    47.5143227
  8.8964019    47.5139975
  8.8963545    47.5136673
  8.8963781    47.5131251
  8.8966475    47.5127277
  8.8966443    47.5124675
  8.8967287    47.5122073
  8.8968516    47.5119692
  8.8970058    47.51174
  8.8971338    47.5116269
  8.8976228    47.5112424
  8.8976254    47.5111372
  8.8975667    47.5110363
  8.8973859    47.5108372
  8.8973212    47.5107213
  8.8973099    47.5105847
  8.8974116    47.5101056
  8.8973701    47.5096589
  8.8973134    47.5094404
  8.8973261    47.5094073
  8.8973164    47.5093537
  8.8972935    47.5093261
  8.8973773    47.5089408
  8.8973853    47.5087653
  8.8973384    47.5084068
  8.8973362    47.5082569
  8.8973646    47.5081061
  8.8974299    47.5079637
  8.8974768    47.5077855
  8.8969669    47.5077335
  8.8969091    47.5076627
  8.8969691    47.5075598
  8.8969943    47.5072594
  8.8969501    47.5069485
  8.8968884    47.5067835
  8.8966783    47.5064878
  8.8962539    47.5056849
  8.8962542    47.5054467
  8.896874     47.5054597
  8.8968619    47.5053191
  8.8969206    47.5051792
  8.8970966    47.5050706
  8.8971122    47.5050079
  8.8970786    47.5049456
  8.896747     47.5046231
  8.8966685    47.5044808
  8.8965492    47.5042305
  8.8964711    47.504154
  8.8963425    47.5041219
  8.8960965    47.504114
  8.8960676    47.5040722
  8.8960925    47.5038774
  8.8957192    47.5037027
  8.8952514    47.5036064
  8.8953626    47.5026603
  8.8950422    47.5027406
  8.895018     47.5026993
  8.8935961    47.5006522
  8.8932298    47.5004966
  8.8931386    47.500513
  8.893032     47.5005635
  8.892678     47.5005675
  8.8927177    47.5002157
  8.8927332    47.4999504
  8.8927251    47.4988778
  8.8927157    47.4986796
  8.8926993    47.4984777
  8.8925892    47.4975155
  8.8933684    47.497406
  8.8934785    47.4948928
  8.893448     47.4947944
  8.8933005    47.494395
  8.8934037    47.4943466
  8.8934529    47.4943193
  8.8934671    47.4943008
  8.8935189    47.4942801
  8.8935459    47.4942641
  8.8932366    47.4918288
  8.8932146    47.4918306
  8.8933945    47.491652
  8.8933874    47.4915955
  8.8933696    47.4915729
  8.8930893    47.4914115
  8.8930232    47.49135
  8.8929674    47.4912761
  8.8929452    47.4911952
  8.8929539    47.491117
  8.8930538    47.490844
  8.8930481    47.4907186
  8.8930212    47.4905753
  8.8930519    47.4904576
  8.8928155    47.4884144
  8.8932845    47.4884256
  8.8936919    47.4884437
  8.8948239    47.4885862
  8.8949269    47.4885686
  8.8949635    47.4885333
  8.8950286    47.4885233
  8.8953332    47.4883961
  8.8955773    47.4883283
  8.895872     47.4882809
  8.89598      47.4882486
  8.896794     47.4878987
  8.8968225    47.4878335
  8.8970251    47.4868527
  8.8970663    47.4867239
  8.8971386    47.4866008
  8.8975251    47.4860902
  8.8976064    47.4859633
  8.8976504    47.4858278
  8.897696     47.4855708
  8.8976715    47.4853503
  8.8976726    47.4852294
  8.897689     47.4851338
  8.897705     47.4851096
  8.8968378    47.4845878
  8.8951056    47.4842582
  8.894359     47.4841126
  8.8939682    47.4839723
  8.893388     47.4838657
  8.8909798    47.483154
  8.8908345    47.4831938
  8.8907467    47.4832524
  8.8905899    47.4831688
  8.8905004    47.4830669
  8.8903788    47.4829707
  8.8896079    47.4825851
  8.8895433    47.4825611
  8.889464     47.4825548
  8.8892156    47.4825573
  8.8891096    47.4825384
  8.8890194    47.4825036
  8.8887616    47.4823818
  8.8886359    47.4823143
  8.8883636    47.4823844
  8.8881175    47.4824896
  8.8879158    47.4824648
  8.8873964    47.4823568
  8.8871192    47.4821592
  8.8865605    47.482021
  8.8861642    47.4819667
  8.8860771    47.4819845
  8.8857036    47.4818801
  8.8853049    47.4817078
  8.8853443    47.4813799
  8.885469     47.4811188
  8.8855743    47.4806917
  8.8850101    47.479663
  8.8848096    47.4794942
  8.884601     47.4790328
  8.8846052    47.4789495
  8.8844679    47.4790311
  8.8844888    47.4789602
  8.8845085    47.4785453
  8.8845333    47.4784335
  8.8849108    47.4772701
  8.8849201    47.4771405
  8.8848808    47.4770151
  8.884793     47.4768957
  8.8846691    47.4767958
  8.8829447    47.4756968
  8.8828739    47.475684
  8.8827966    47.4756563
  8.8829024    47.475582
  8.8828213    47.4755731
  8.8818169    47.474932
  8.8816565    47.4748639
  8.8814812    47.4748235
  8.8812692    47.4748109
  8.8810996    47.4748146
  8.881009     47.4747988
  8.8809935    47.4747528
  8.8813081    47.4746826
  8.8814394    47.4746324
  8.8817758    47.4744775
  8.8819506    47.4744253
  8.8826564    47.4742738
  8.8828697    47.4742229
  8.8831004    47.4741624
  8.884291     47.4738169
  8.8845542    47.4737267
  8.8847238    47.4734688
  8.8846702    47.4734405
  8.8846135    47.4733824
  8.8845819    47.4733051
  8.8845603    47.4732288
  8.884554     47.4731438
  8.8846326    47.4728596
  8.8846493    47.4727601
  8.8846525    47.4726612
  8.8846422    47.4725638
  8.8846243    47.4724613
  8.8845911    47.472358
  8.8845297    47.4722649
  8.8840743    47.4717061
  8.8839856    47.4716133
  8.8838915    47.4715266
  8.8837714    47.4714422
  8.8834112    47.4712148
  8.8833213    47.4711454
  8.8837014    47.470966
  8.8840109    47.4707628
  8.8838379    47.4706337
  8.8836286    47.4704155
  8.8836029    47.4701649
  8.8835885    47.4701431
  8.8839883    47.469919
  8.8843181    47.4697082
  8.8843153    47.4696716
  8.8847741    47.4696556
  8.8849076    47.4696638
  8.8850856    47.4696994
  8.8853       47.4697683
  8.8855131    47.4698248
  8.8857457    47.4698743
  8.8860775    47.4699335
  8.8863076    47.4699855
  8.8864446    47.4700423
  8.8865668    47.4701167
  8.886517     47.470028
  8.8864579    47.4698526
  8.8863755    47.4696903
  8.8871011    47.4695642
  8.8882574    47.4694902
  8.8906075    47.4692637
  8.8907346    47.4693026
  8.8907034    47.4690572
  8.8906835    47.4686211
  8.8906572    47.4686211
  8.8906546    47.4685677
  8.8906815    47.4685669
  8.8906771    47.4684072
  8.8907038    47.4682021
  8.8907716    47.4679746
  8.8908369    47.4677804
  8.8909296    47.4675854
  8.8912893    47.4668801
  8.891767     47.4659772
  8.8918047    47.4659187
  8.891786     47.4659132
  8.8918186    47.4658624
  8.8918356    47.4658692
  8.8919362    47.4657907
  8.8920622    47.4657293
  8.8923618    47.4656286
  8.8934163    47.4653043
  8.8936363    47.4652307
  8.8937063    47.4651845
  8.8937419    47.4651258
  8.8937456    47.4650625
  8.8937066    47.4650067
  8.8936368    47.4649677
  8.8936247    47.4649832
  8.8935391    47.4649569
  8.8935491    47.4649407
  8.8927978    47.46478
  8.8920054    47.4646043
  8.8918561    47.4645636
  8.8917544    47.4644597
  8.8917289    47.4644647
  8.8917196    47.4643681
  8.8917458    47.4643714
  8.8917874    47.4643011
  8.8918578    47.4642531
  8.8919827    47.4642109
  8.8936195    47.4637629
  8.8936094    47.4637467
  8.8936793    47.4637241
  8.8936914    47.4637406
  8.8937798    47.4637132
  8.8938881    47.463652
  8.8939632    47.4636978
  8.8940527    47.4635886
  8.8941682    47.4632475
  8.8942599    47.4631026
  8.8942824    47.4630717
  8.8943232    47.4630281
  8.8943545    47.463001
  8.8943891    47.4629758
  8.8944265    47.4629527
  8.8944598    47.4629355
  8.8945033    47.4629196
  8.8945343    47.462912
  8.8945825    47.4629052
  8.8946153    47.4629038
  8.8953351    47.4629146
  8.8953875    47.4629129
  8.8954384    47.4629041
  8.8954627    47.4628972
  8.8955076    47.4628787
  8.8955463    47.4628545
  8.8955628    47.4628405
  8.8955892    47.4628097
  8.895599     47.4628118
  8.8956215    47.4627693
  8.8956116    47.4627672
  8.8956193    47.4627381
  8.8962768    47.460894
  8.8963213    47.4607807
  8.8963281    47.4607559
  8.8963372    47.4607057
  8.8963406    47.4606553
  8.8963401    47.46063
  8.8963348    47.4605795
  8.89633      47.4605544
  8.8963237    47.4605294
  8.8963068    47.4604799
  8.8962772    47.4604203
  8.8962586    47.4603914
  8.8962375    47.4603633
  8.8962142    47.460336
  8.8961884    47.4603097
  8.8961605    47.4602844
  8.8961304    47.4602603
  8.8960983    47.4602373
  8.8960642    47.4602158
  8.8960283    47.4601956
  8.8959908    47.4601768
  8.8959517    47.4601595
  8.8959111    47.4601439
  8.8955817    47.460034
  8.8955331    47.4600121
  8.895491     47.4599848
  8.8954726    47.4599694
  8.8954422    47.4599357
  8.8954209    47.4598989
  8.8954138    47.4598797
  8.8954072    47.4598403
  8.8954076    47.4598205
  8.8954161    47.4597814
  8.8954241    47.4597624
  8.8954472    47.459726
  8.8954622    47.4597089
  8.8957215    47.4594525
  8.8957547    47.4594113
  8.8957815    47.4593681
  8.8972298    47.4587879
  8.8982388    47.4582828
  8.8979116    47.4578993
  8.899258     47.4559105
  8.8993795    47.4557026
  8.8994519    47.4556271
  8.8995133    47.4556444
  8.8995164    47.4556174
  8.8996847    47.4553538
  8.8998251    47.4551726
  8.9003546    47.454597
  8.9004194    47.4544427
  8.9004441    47.4544103
  8.9003525    47.4543662
  8.9002835    47.4543108
  8.9003675    47.4542957
  8.9009354    47.4541862
  8.9011224    47.4541022
  8.9014173    47.4541409
  8.9016964    47.454092
  8.9021698    47.4539119
  8.9025686    47.4537965
  8.9029133    47.4536315
  8.9031462    47.4535133
  8.9033953    47.4535146
  8.903554     47.4534544
  8.9037019    47.4533107
  8.9039298    47.4530714
  8.9040915    47.4529534
  8.9041513    47.4528678
  8.904301     47.4527466
  8.9046438    47.4524622
  8.9049298    47.4522764
  8.9049999    47.4522329
  8.9051794    47.4521286
  8.9052961    47.4519238
  8.9055015    47.4516236
  8.9055999    47.4514462
  8.9056896    47.451265
  8.9058636    47.4512342
  8.9059192    47.4511908
  8.9060539    47.451071
  8.906178     47.4510214
  8.9063153    47.4509914
  8.9066837    47.4509339
  8.9068135    47.4508924
  8.9069197    47.4508269
  8.9070056    47.4507519
  8.907156     47.4505476
  8.9073912    47.4501485
  8.9074563    47.4498285
  8.9074742    47.4496972
  8.9075548    47.4496753
  8.9075551    47.44963
  8.9079605    47.4492641
  8.9083138    47.4488194
  8.9083328    47.4486504
  8.9085715    47.4484523
  8.9088152    47.4483374
  8.9089907    47.447729
  8.9088808    47.4476698
  8.9087903    47.4475964
  8.9087075    47.4475198
  8.9086459    47.4474971
  8.9085772    47.447431
  8.9084587    47.4474666
  8.9083314    47.4474466
  8.9081759    47.4473907
  8.9080597    47.4473636
  8.9079373    47.4473526
  8.9077144    47.4473441
  8.9074934    47.4473231
  8.9072846    47.4472696
  8.9070845    47.4471988
  8.9069005    47.4471118
  8.9066536    47.4469668
  8.9064263    47.4468273
  8.9062701    47.4467574
  8.906088     47.4467223
  8.9060341    47.4466493
  8.9059556    47.4466556
  8.9058993    47.4467346
  8.9056729    47.4467974
  8.9055889    47.4467789
  8.9055772    47.446644
  8.9055291    47.446561
  8.9052047    47.4463031
  8.9051278    47.4461891
  8.9050431    47.4459832
  8.9049985    47.4458973
  8.9049091    47.445773
  8.9045263    47.4453856
  8.9044083    47.4452284
  8.9040093    47.4449419
  8.9038176    47.444861
  8.9034409    47.4446437
  8.903267     47.444551
  8.9030998    47.4445317
  8.9028264    47.4444371
  8.9027343    47.4444021
  8.9026622    47.4442408
  8.9027714    47.4440631
  8.9029161    47.4437585
  8.903121     47.4436335
  8.90348      47.4433128
  8.9037076    47.4431672
  8.9042277    47.442644
  8.9044253    47.4424318
  8.9045556    47.4423573
  8.9049212    47.4422446
  8.9053764    47.4418391
  8.9055062    47.4416644
  8.9055687    47.4415571
  8.9055978    47.4414429
  8.905621     47.4412214
  8.9055966    47.4408403
  8.905744     47.4408145
  8.9060479    47.4406206
  8.9063693    47.4403263
  8.9067285    47.440004
  8.9070418    47.4395578
  8.9068566    47.4392701
  8.9068257    47.438788
  8.907055     47.4387158
  8.9073578    47.4386038
  8.9077955    47.4383417
  8.9079004    47.43817
  8.9081658    47.4380166
  8.9085242    47.4378598
  8.908754     47.4377647
  8.9089333    47.4376602
  8.909009     47.4376557
  8.9091473    47.4376351
  8.9092238    47.4376112
  8.9094252    47.4374872
  8.9095527    47.4374518
  8.9103564    47.4370238
  8.9106334    47.4368229
  8.9108003    47.4367161
  8.9109745    47.4366453
  8.9111664    47.4366028
  8.9117       47.4365448
  8.9121281    47.4365422
  8.912149     47.4365391
  8.9121895    47.4365292
  8.912227     47.4365153
  8.9122608    47.4364974
  8.9122899    47.436476
  8.9123024    47.4364641
  8.9124137    47.4364974
  8.9124924    47.4364909
  8.9127372    47.4365882
  8.9129074    47.4366
  8.9132432    47.4365745
  8.913452     47.4365645
  8.9136612    47.4365859
  8.9138743    47.4366347
  8.9142443    47.4367255
  8.9144108    47.4367452
  8.9145802    47.4367325
  8.9149474    47.4366689
  8.915158     47.4366182
  8.9153822    47.4365584
  8.9156926    47.4365003
  8.9160188    47.43645
  8.9162317    47.4364291
  8.9163969    47.4364351
  8.9166945    47.4364914
  8.9169785    47.4365184
  8.9169704    47.4365586
  8.9173996    47.4365572
  8.9174112    47.4365173
  8.9174948    47.4365168
  8.9174942    47.4364928
  8.918141     47.4364198
  8.9185492    47.4363413
  8.9188217    47.4362641
  8.9190936    47.4361346
  8.9195043    47.435841
  8.9197013    47.435679
  8.9199509    47.4354676
  8.9199787    47.4353951
  8.9203847    47.4352156
  8.9206515    47.4351095
  8.9209469    47.4350276
  8.9213653    47.434942
  8.9216544    47.4348766
  8.9219358    47.434858
  8.9224535    47.4348748
  8.9233966    47.4349332
  8.9236171    47.4349599
  8.9238958    47.4350328
  8.9237125    47.4349337
  8.9236789    47.4349023
  8.9241105    47.4350443
  8.9243054    47.4350691
  8.9244583    47.4350598
  8.9246054    47.4350313
  8.9247891    47.4349574
  8.9250624    47.4348149
  8.9251591    47.4347863
  8.9252662    47.4347895
  8.9253783    47.4348158
  8.9254977    47.434866
  8.9260868    47.4351588
  8.9264686    47.4353089
  8.9267236    47.4353804
  8.9269929    47.4354132
  8.9273389    47.4354217
  8.9277618    47.4354237
  8.9285046    47.4354439
  8.9290846    47.4354449
  8.9309271    47.4353016
  8.9311305    47.4353054
  8.9313309    47.4353288
  8.9317303    47.4353926
  8.9327268    47.4355414
  8.9327243    47.4354834
  8.9326875    47.4354414
  8.9326909    47.435355
  8.9326673    47.4352706
  8.9326069    47.435194
  8.9325162    47.4351314
  8.9321879    47.4349176
  8.9321436    47.4348547
  8.932145     47.4347724
  8.932193     47.4346947
  8.932278     47.4346351
  8.9330979    47.4342278
  8.9330655    47.4341994
  8.9330874    47.434131
  8.93279      47.4339006
  8.9324515    47.4336906
  8.9323423    47.4335955
  8.9317564    47.4333128
  8.9314496    47.4328031
  8.9313181    47.4326833
  8.9313473    47.4326522
  8.9311449    47.4324059
  8.9311738    47.4323556
  8.9310817    47.4321832
  8.9310972    47.4321001
  8.9309757    47.4319711
  8.9310012    47.4319208
  8.9309526    47.4318891
  8.9308232    47.4318048
  8.9307922    47.4317585
  8.9307465    47.4318025
  8.930564     47.4318599
  8.9300428    47.4315876
  8.9295641    47.4317098
  8.9294197    47.4319216
  8.9291796    47.432082
  8.9289444    47.4318712
  8.9286276    47.4315865
  8.9285385    47.4315064
  8.9284269    47.4315451
  8.9283127    47.4315499
  8.9282388    47.4315328
  8.9281486    47.4315365
  8.9280819    47.4315462
  8.9280046    47.4315075
  8.9279476    47.4314766
  8.92782      47.4315142
  8.9277301    47.4315341
  8.9276375    47.4315179
  8.9275766    47.4314971
  8.9275665    47.4314937
  8.9275339    47.4314838
  8.9273597    47.4315007
  8.927272     47.4315032
  8.9271057    47.431508
  8.9269939    47.4315127
  8.9269209    47.4314479
  8.9268894    47.4313972
  8.9267768    47.4313999
  8.926641     47.4314267
  8.9266265    47.4314254
  8.9265142    47.4314153
  8.9263528    47.4314498
  8.9261918    47.4314908
  8.9261523    47.4314942
  8.926067     47.4315015
  8.9258714    47.4315187
  8.9257972    47.4316117
  8.9257472    47.4316468
  8.9256406    47.4316688
  8.9254925    47.4316429
  8.9254109    47.4316604
  8.9253665    47.4317641
  8.9253516    47.4317978
  8.9253487    47.4318017
  8.9253022    47.4318651
  8.9251864    47.4319161
  8.9250608    47.4319447
  8.9249497    47.4320141
  8.9248353    47.4320486
  8.9247167    47.4321332
  8.9246459    47.4322179
  8.9246344    47.4322231
  8.924507     47.4322801
  8.9242763    47.4323267
  8.924032     47.4323261
  8.923841     47.4323807
  8.9237637    47.4323904
  8.9237058    47.4324093
  8.9236466    47.4324285
  8.9236191    47.4324431
  8.9236098    47.4324481
  8.9234562    47.4325493
  8.9233216    47.4326066
  8.9233184    47.4326687
  8.9232811    47.432694
  8.9232114    47.4327192
  8.9230816    47.4327526
  8.9230641    47.432804
  8.9228757    47.4328581
  8.9227563    47.4328863
  8.9225277    47.4328954
  8.9224397    47.4328865
  8.9222158    47.4329545
  8.9221009    47.4329934
  8.9218461    47.433003
  8.9216515    47.4329824
  8.9214827    47.4329606
  8.921397     47.4329368
  8.9213159    47.4329407
  8.9212754    47.4329605
  8.9212402    47.4329778
  8.9210707    47.4329791
  8.9208091    47.4330321
  8.9207775    47.4330316
  8.9206596    47.4330298
  8.9204413    47.4329962
  8.9203472    47.4330021
  8.9202865    47.4330059
  8.9202309    47.4330215
  8.9201458    47.4329869
  8.9200329    47.4329382
  8.9198782    47.4329698
  8.9197828    47.4330109
  8.9197798    47.433009
  8.9196721    47.432938
  8.9195985    47.432895
  8.9194775    47.432848
  8.9193353    47.4328645
  8.9193005    47.4328578
  8.9192875    47.4328238
  8.9192969    47.4327812
  8.9192845    47.4327661
  8.91928      47.4327605
  8.919168     47.4327485
  8.9191181    47.4327412
  8.9189801    47.4327309
  8.9188969    47.4327471
  8.9188281    47.4327096
  8.9188123    47.4326575
  8.9186511    47.4326488
  8.9185851    47.432591
  8.9184898    47.4325558
  8.9184775    47.4325322
  8.918433     47.4325155
  8.9183997    47.4325411
  8.9182991    47.432533
  8.9182258    47.4324332
  8.9181174    47.4324229
  8.9180799    47.432404
  8.9175267    47.4328458
  8.9170069    47.4331693
  8.9167325    47.4330165
  8.9153991    47.4324997
  8.9148773    47.4323499
  8.9146532    47.4321048
  8.9142863    47.4317894
  8.9142338    47.4317266
  8.9141583    47.43172
  8.9141145    47.4316997
  8.9140915    47.4316538
  8.9139655    47.4316348
  8.9139348    47.4315916
  8.91389      47.4316
  8.9137322    47.4315821
  8.9136352    47.4315359
  8.9136184    47.4315329
  8.9126198    47.4327746
  8.9125962    47.4328168
  8.9127741    47.432862
  8.9124499    47.4334291
  8.9122773    47.4337529
  8.9120164    47.4337373
  8.9113214    47.4337692
  8.9110723    47.4337638
  8.9109532    47.4337211
  8.9108284    47.4336338
  8.9103947    47.4334058
  8.9097795    47.4330114
  8.9094849    47.4327046
  8.9094441    47.432617
  8.909411     47.4325159
  8.9091712    47.4322266
  8.9090386    47.4321139
  8.9088271    47.4319279
  8.9087701    47.4318453
  8.9085298    47.4316988
  8.9084028    47.4316699
  8.9081844    47.4316318
  8.9079994    47.4315586
  8.9078661    47.4314498
  8.9077545    47.4313306
  8.9077258    47.4311915
  8.9077474    47.4310197
  8.9077169    47.4304327
  8.9076688    47.4303277
  8.9076755    47.4302854
  8.9080423    47.4300403
  8.90862      47.4295962
  8.9087195    47.4295332
  8.9088326    47.429481
  8.9090278    47.4294003
  8.909228     47.4293281
  8.9095302    47.429222
  8.9097365    47.4290769
  8.9100164    47.4291799
  8.9110036    47.4289271
  8.9114156    47.4287998
  8.9123345    47.4285613
  8.9126037    47.4284467
  8.913062     47.4281914
  8.9130907    47.428181
  8.9133077    47.4281014
  8.9136403    47.4280086
  8.914007     47.4279206
  8.9144064    47.4277693
  8.9146229    47.427725
  8.9146714    47.4274406
  8.9147464    47.4271729
  8.9147439    47.4270091
  8.9146121    47.4269952
  8.9144816    47.4269768
  8.9143527    47.4269537
  8.9142911    47.4269403
  8.9142306    47.4269251
  8.9141713    47.426908
  8.914113     47.4268892
  8.914056     47.4268687
  8.9140004    47.4268464
  8.9139226    47.4268115
  8.9138475    47.4267738
  8.9137755    47.4267335
  8.9137068    47.4266907
  8.9136414    47.4266455
  8.9135796    47.4265981
  8.913343     47.4264031
  8.9132406    47.4263165
  8.9131303    47.4262345
  8.9130723    47.4261953
  8.9129519    47.4261194
  8.9128896    47.4260828
  8.9127601    47.4260137
  8.9126247    47.4259501
  8.9123889    47.4258558
  8.9124268    47.4258134
  8.9122646    47.4257362
  8.912046     47.425578
  8.9118973    47.425433
  8.9117664    47.4252849
  8.9117414    47.4252419
  8.9121003    47.425218
  8.9120911    47.4249105
  8.9119632    47.4248363
  8.9119078    47.4246596
  8.9116581    47.4246791
  8.9116503    47.424586
  8.9117402    47.4243578
  8.9117878    47.4242597
  8.9116959    47.4242351
  8.9117329    47.4241764
  8.9117694    47.4241261
  8.9118049    47.4240842
  8.9118657    47.4240246
  8.9118099    47.4240439
  8.9117437    47.4240319
  8.9116626    47.4239867
  8.9116226    47.4239508
  8.9115409    47.4238697
  8.9113565    47.4237309
  8.911161     47.4235715
  8.9113533    47.4233495
  8.9114808    47.4230884
  8.911703     47.4220411
  8.9117493    47.4220369
  8.9117719    47.4220327
  8.911815     47.4220203
  8.9118351    47.4220122
  8.9118718    47.4219925
  8.911888     47.4219811
  8.9119157    47.4219555
  8.911927     47.4219415
  8.9119437    47.421912
  8.9119491    47.4218965
  8.9119537    47.4218649
  8.911953     47.4218491
  8.911934     47.4217205
  8.9119328    47.4216934
  8.9119357    47.4216665
  8.9119425    47.4216398
  8.9119531    47.4216138
  8.9119678    47.4215886
  8.9119859    47.4215646
  8.9119997    47.4215498
  8.9120326    47.421523
  8.912072     47.4215004
  8.9121296    47.421475
  8.9121631    47.4214567
  8.9121937    47.4214362
  8.9122211    47.4214137
  8.9122451    47.4213896
  8.9122945    47.4213262
  8.9123283    47.4212903
  8.9123661    47.4212563
  8.9124339    47.4212007
  8.9124675    47.4211679
  8.912493     47.4211319
  8.9125096    47.4210936
  8.9125143    47.4210739
  8.9125349    47.4208989
  8.9125457    47.4208882
  8.9125537    47.4208847
  8.9125661    47.4208824
  8.9125788    47.4208832
  8.9125877    47.4208857
  8.9125952    47.4208898
  8.9126025    47.4208969
  8.9126368    47.4207133
  8.9126624    47.4206115
  8.912706     47.4204931
  8.9127835    47.4203208
  8.912941     47.4200295
  8.913006     47.4198845
  8.9130403    47.4197653
  8.9130593    47.4196456
  8.9130721    47.419488
  8.9130923    47.4193698
  8.9131308    47.4192672
  8.9131877    47.4191613
  8.9132789    47.4191876
  8.9133704    47.4190659
  8.9134515    47.4189963
  8.9136387    47.4188485
  8.9137384    47.4187599
  8.9138257    47.4186642
  8.9138888    47.4185737
  8.9139284    47.41848
  8.9139453    47.4183746
  8.9139383    47.4182736
  8.913905     47.4181741
  8.9138424    47.4180767
  8.9131784    47.4173903
  8.9130421    47.4172463
  8.912922     47.4170985
  8.9128173    47.4169442
  8.912723     47.4167858
  8.9126809    47.4166948
  8.9126478    47.4166037
  8.9126214    47.4165115
  8.9126092    47.4164196
  8.9125768    47.4158781
  8.9125631    47.4158081
  8.9125363    47.4157377
  8.912493     47.4156726
  8.9124342    47.4156108
  8.9123616    47.4155569
  8.912525     47.4154757
  8.9125423    47.4154277
  8.9127098    47.4152038
  8.9128361    47.414786
  8.9128845    47.4141964
  8.9128969    47.4137217
  8.9129065    47.4136754
  8.9128319    47.4135714
  8.912811     47.4134699
  8.912843     47.4133246
  8.9127819    47.4131708
  8.9126902    47.4130296
  8.9126632    47.4129261
  8.912697     47.4128426
  8.9126502    47.4128008
  8.912627     47.4127476
  8.912525     47.412688
  8.9124509    47.412664
  8.9122444    47.4126482
  8.9121407    47.4125915
  8.9120985    47.4125252
  8.9120316    47.4125129
  8.9119528    47.4124556
  8.9118833    47.4124166
  8.9117228    47.412426
  8.9114405    47.4123379
  8.9113702    47.41223
  8.9112342    47.4120845
  8.9110786    47.4120945
  8.9108041    47.411903
  8.9107584    47.4117801
  8.9105278    47.4115201
  8.9104889    47.4113917
  8.910418     47.4113388
  8.9103159    47.4112393
  8.9102239    47.4111141
  8.9101032    47.4109299
  8.9099874    47.4106789
  8.909623     47.4104302
  8.9095323    47.4102295
  8.9095414    47.4100095
  8.9096502    47.4098029
  8.9096281    47.4096313
  8.9095864    47.4095688
  8.9095859    47.4094371
  8.9094959    47.4093345
  8.9095233    47.4092802
  8.9094807    47.4092208
  8.9094785    47.4091232
  8.909244     47.4088888
  8.908995     47.408748
  8.9087616    47.4086665
  8.9086372    47.4085759
  8.9085942    47.4084614
  8.908448     47.4082813
  8.9082913    47.4081485
  8.9082101    47.4081125
  8.9080605    47.4079407
  8.9080218    47.4079119
  8.907852     47.4078192
  8.9076561    47.4076356
  8.9076346    47.4075795
  8.9074955    47.4075277
  8.9073452    47.4074099
  8.9071048    47.4072999
  8.9068775    47.4071179
  8.9066563    47.4070246
  8.9065638    47.4069814
  8.9064428    47.40682
  8.9062851    47.4066828
  8.9061184    47.4064981
  8.9060501    47.4063457
  8.9059673    47.4062317
  8.9058924    47.4061431
  8.9058315    47.4060169
  8.9055929    47.4057928
  8.9054844    47.405729
  8.9053431    47.405616
  8.9052472    47.4055769
  8.9051936    47.4055786
  8.905154     47.4055415
  8.9050869    47.4054929
  8.9049067    47.4052666
  8.9047879    47.405022
  8.9046894    47.4049506
  8.9045579    47.4048226
  8.9045706    47.4047905
  8.9044855    47.4045636
  8.9045041    47.4044576
  8.9044696    47.40432
  8.9044716    47.4042325
  8.9043925    47.4040605
  8.9044022    47.4038794
  8.9044363    47.403844
  8.9043966    47.4037277
  8.904404     47.4034892
  8.9044007    47.4034363
  8.9043387    47.403335
  8.904432     47.4030088
  8.9044218    47.4028638
  8.9043433    47.4028133
  8.9043055    47.402807
  8.9041946    47.4027809
  8.9038074    47.4025389
  8.9037808    47.4025007
  8.9038232    47.402473
  8.9037645    47.402409
  8.9037185    47.4023741
  8.9036638    47.4023622
  8.9036273    47.4023633
  8.903567     47.4023628
  8.9035493    47.4023666
  8.9034813    47.4023811
  8.9034926    47.4023625
  8.9034675    47.4021597
  8.9034758    47.4020548
  8.9035855    47.4019779
  8.903717     47.4019208
  8.9039746    47.4019104
  8.9041116    47.4018117
  8.9041913    47.4017764
  8.9044326    47.4017466
  8.9047576    47.4017255
  8.9049468    47.4017014
  8.9052602    47.4015622
  8.9053661    47.4014684
  8.9054658    47.4014251
  8.905541     47.4014105
  8.9056902    47.4014051
  8.9061274    47.4013623
  8.9061477    47.4013616
  8.9064333    47.4013514
  8.90649      47.4013441
  8.9065505    47.40133
  8.9066341    47.4012974
  8.9067013    47.4012557
  8.906737     47.4012241
  8.9068647    47.4010859
  8.9069141    47.4010475
  8.906955     47.4010258
  8.9070003    47.4010085
  8.9070498    47.400996
  8.9071023    47.4009889
  8.9071558    47.4009874
  8.907209     47.4009918
  8.9078705    47.4011008
  8.90799      47.4011135
  8.9080679    47.4011158
  8.908146     47.4011135
  8.908384     47.4010829
  8.9085012    47.4010746
  8.9086298    47.4010754
  8.9087572    47.4010863
  8.9088895    47.4011093
  8.9090166    47.4011433
  8.9091004    47.401173
  8.909369     47.4012812
  8.9094425    47.4012973
  8.9095242    47.4013045
  8.9100117    47.4012792
  8.9100601    47.401272
  8.9101465    47.4012468
  8.9103525    47.4011555
  8.9104811    47.4011058
  8.9105269    47.4010944
  8.9105694    47.4010885
  8.9106567    47.4010891
  8.9107261    47.4011021
  8.9107893    47.4011256
  8.9110382    47.4012733
  8.9112387    47.4013722
  8.9113831    47.4014091
  8.9114492    47.4013935
  8.9115014    47.4013696
  8.9115597    47.4013118
  8.9115842    47.4011156
  8.9116015    47.4010644
  8.9116506    47.4010235
  8.911729     47.4009984
  8.912037     47.4009534
  8.9122244    47.4009108
  8.91234      47.4009116
  8.9126272    47.4009799
  8.9127641    47.401022
  8.9128817    47.4010668
  8.9130509    47.4011408
  8.9132041    47.4011795
  8.9134271    47.4011972
  8.9134748    47.4011773
  8.9135127    47.4011389
  8.9135244    47.4010878
  8.9134806    47.4010004
  8.9133413    47.4008303
  8.913319     47.400754
  8.9133358    47.4006922
  8.9133839    47.4005715
  8.9134365    47.4004862
  8.9134631    47.4004597
  8.9134923    47.4004392
  8.9135259    47.4004221
  8.9135698    47.4004126
  8.9136158    47.4004114
  8.9136567    47.4004183
  8.9136869    47.400429
  8.9137133    47.4004435
  8.9138075    47.4005178
  8.9138928    47.4005764
  8.9140088    47.4006139
  8.9140998    47.4006102
  8.9141404    47.4005875
  8.9142496    47.4004064
  8.9143464    47.4003147
  8.9145128    47.4002466
  8.9146061    47.4002594
  8.9146569    47.4002969
  8.914738     47.4003104
  8.9149218    47.4002383
  8.9150995    47.4001765
  8.9152059    47.4001633
  8.9153152    47.4001823
  8.9154018    47.4002041
  8.9154627    47.400196
  8.9155149    47.4001159
  8.9154962    47.4000505
  8.9154623    47.3999801
  8.9154706    47.3999167
  8.9155658    47.3998927
  8.9156362    47.3999266
  8.9156969    47.3999236
  8.9158424    47.3998643
  8.9159626    47.3998239
  8.9160489    47.399825
  8.9160988    47.3998528
  8.9161632    47.3999049
  8.9161998    47.399977
  8.9162252    47.3999856
  8.9163537    47.3999905
  8.9165778    47.3999486
  8.9167893    47.3999236
  8.9169785    47.3999213
  8.9171339    47.3999124
  8.9172787    47.3998701
  8.9174091    47.3998999
  8.9175449    47.3999499
  8.917803     47.3999692
  8.9178604    47.3999679
  8.9179166    47.3999599
  8.9179751    47.3999437
  8.918089     47.3998884
  8.9181797    47.3998526
  8.918277     47.3998307
  8.9185515    47.3997839
  8.9190041    47.3997176
  8.9191386    47.3996891
  8.919827     47.3995739
  8.9200012    47.3995486
  8.9203056    47.3995662
  8.9207357    47.3994967
  8.9208221    47.3994641
  8.9209269    47.399394
  8.9209951    47.3993429
  8.9210545    47.3992606
  8.9211693    47.3991659
  8.9213204    47.3991454
  8.9214552    47.3991356
  8.9215826    47.3991139
  8.9217558    47.3990559
  8.921909     47.3989867
  8.9219907    47.3989241
  8.9221195    47.3987766
  8.9222112    47.3987123
  8.9221962    47.3987047
  8.9222439    47.3986581
  8.9224433    47.3986138
  8.9225277    47.3986137
  8.9226046    47.3986051
  8.9226752    47.3985891
  8.9229815    47.3984918
  8.9231616    47.3984103
  8.9233952    47.3982716
  8.9235037    47.3981982
  8.9235708    47.3981271
  8.923634     47.3980685
  8.9237004    47.3980371
  8.9237505    47.3979965
  8.9238547    47.3979385
  8.923919     47.3978935
  8.9240891    47.3977095
  8.9241859    47.3976703
  8.9243767    47.3975332
  8.9244743    47.397478
  8.9245082    47.3974926
  8.9247689    47.3975305
  8.9248079    47.3975335
  8.9248923    47.3974952
  8.924982     47.3974071
  8.9251843    47.3972277
  8.9252977    47.3971112
  8.9253894    47.3970441
  8.9254665    47.3970072
  8.9255734    47.396965
  8.9256593    47.3969467
  8.9258428    47.3969486
  8.9259311    47.3969286
  8.925982     47.3969037
  8.926026     47.3968682
  8.9260521    47.3968264
  8.9260588    47.3967808
  8.926051     47.3966067
  8.9260689    47.3965611
  8.9261041    47.3965302
  8.9265232    47.3962184
  8.9265685    47.3961937
  8.9266226    47.3961797
  8.9268322    47.3961572
  8.9269103    47.3961408
  8.9269959    47.3961071
  8.9271207    47.3960194
  8.9272586    47.3959342
  8.9273368    47.395893
  8.9273953    47.3958512
  8.9274602    47.3956873
  8.9274975    47.3956242
  8.9274849    47.3955657
  8.9271578    47.3952417
  8.9271406    47.3952169
  8.9271328    47.3951875
  8.9271368    47.3951584
  8.927154     47.3951287
  8.9272896    47.395018
  8.9273795    47.3948916
  8.927386     47.3948421
  8.9273648    47.3948042
  8.9272964    47.3947336
  8.9273331    47.3946779
  8.9273836    47.3946463
  8.9274958    47.394613
  8.9276326    47.3946175
  8.9277138    47.3946108
  8.9277561    47.3945602
  8.927738     47.3944646
  8.9277635    47.3943377
  8.9278114    47.394308
  8.927878     47.3942901
  8.9279627    47.3942755
  8.9281693    47.3941674
  8.9281479    47.3940664
  8.9282036    47.3939787
  8.9283761    47.3938613
  8.9285368    47.3938114
  8.9285932    47.393825
  8.9287238    47.393912
  8.928784     47.3939283
  8.9288771    47.3939088
  8.9289577    47.3938563
  8.9290094    47.3937991
  8.9291321    47.3937207
  8.9292762    47.3936865
  8.9293786    47.3936157
  8.9294595    47.3934823
  8.9294674    47.3934194
  8.9295082    47.3933638
  8.9295682    47.3933244
  8.9297229    47.3932604
  8.9298396    47.3932594
  8.9299035    47.3932391
  8.9300357    47.3931503
  8.9301192    47.393106
  8.9301749    47.3929323
  8.9300955    47.392742
  8.9300937    47.392704
  8.9301114    47.3926767
  8.9301426    47.3926478
  8.9302311    47.392609
  8.930298     47.392548
  8.9304707    47.3924353
  8.9305857    47.392411
  8.9306374    47.392369
  8.9307642    47.3923112
  8.9308847    47.3922033
  8.9310826    47.392178
  8.9311703    47.3921522
  8.9313467    47.3919922
  8.9313616    47.3918869
  8.9314072    47.3918117
  8.9315219    47.3917406
  8.9316223    47.3917264
  8.9317011    47.3916974
  8.9318396    47.3915716
  8.9318431    47.3915044
  8.9318712    47.3914771
  8.9320479    47.3914452
  8.9321095    47.3914222
  8.9323972    47.3913021
  8.9325463    47.3912229
  8.9326584    47.3911463
  8.9327742    47.3910804
  8.9329531    47.3910177
  8.9332508    47.3909037
  8.9336645    47.3907614
  8.9338348    47.3906664
  8.9339435    47.3906341
  8.9340903    47.3906105
  8.93422      47.3905717
  8.9346315    47.390526
  8.9348021    47.3904582
  8.935284     47.3904335
  8.935441     47.3904793
  8.9355052    47.3904679
  8.9357232    47.3903319
  8.9358921    47.3902646
  8.9360793    47.3902565
  8.936334     47.390139
  8.936411     47.3900401
  8.9364276    47.3899742
  8.9364876    47.3899116
  8.9365292    47.3897865
  8.9367154    47.3896554
  8.9367687    47.389595
  8.9369876    47.3895517
  8.9370913    47.3895061
  8.9370863    47.3893906
  8.9373138    47.3893191
  8.9375164    47.3891218
  8.9375789    47.3890425
  8.9377305    47.3889623
  8.9380673    47.3887938
  8.9382487    47.3886542
  8.9384192    47.3886178
  8.9385277    47.3885413
  8.9392704    47.3882715
  8.9393676    47.3882316
  8.9400232    47.3879267
  8.9400321    47.3878812
  8.9400709    47.3878601
  8.9402353    47.3878519
  8.9404006    47.3877847
  8.9404975    47.3876954
  8.9406452    47.3876035
  8.9406897    47.3875241
  8.9408285    47.3874815
  8.941089     47.387448
  8.9412914    47.387358
  8.9415565    47.387315
  8.9417221    47.3871597
  8.9418593    47.3870636
  8.9419352    47.3869835
  8.9420814    47.3867193
  8.9420698    47.3866753
  8.9422725    47.386578
  8.9423072    47.3865216
  8.9423746    47.3864448
  8.9424904    47.3862821
  8.9427027    47.386259
  8.9428183    47.3861603
  8.9430223    47.3860997
  8.943198     47.3859629
  8.9432162    47.3858693
  8.943294     47.3857657
  8.9433921    47.3856516
  8.9435621    47.3855547
  8.9436155    47.3853804
  8.9436126    47.3852509
  8.9435584    47.3851854
  8.9437158    47.3849064
  8.9435642    47.3848837
  8.9436242    47.3848066
  8.9436547    47.3845373
  8.9436012    47.3843914
  8.9437056    47.3843084
  8.9436481    47.3842358
  8.9436743    47.3841249
  8.9436073    47.3840619
  8.9435612    47.3840092
  8.9435693    47.3837896
  8.9433881    47.3836864
  8.9434085    47.3836308
  8.9432962    47.3835907
  8.9432876    47.3835196
  8.9432148    47.3834503
  8.9430637    47.3833185
  8.9429592    47.3831976
  8.9428954    47.3830628
  8.9427654    47.3828251
  8.9426859    47.3827044
  8.9425823    47.3825886
  8.9426241    47.3825237
  8.9422991    47.3824156
  8.942251     47.3823628
  8.9420916    47.3822629
  8.9420249    47.3822728
  8.9420407    47.382195
  8.9420171    47.3821553
  8.9418606    47.3821156
  8.9417489    47.3820594
  8.9416406    47.3820302
  8.9415007    47.381866
  8.9414666    47.3817791
  8.9410879    47.3814549
  8.9410198    47.3812795
  8.9410076    47.3812112
  8.9409563    47.3811542
  8.9409178    47.3809668
  8.9406836    47.3807331
  8.940675     47.3806605
  8.9403862    47.3803214
  8.9403595    47.3802167
  8.9402275    47.3801346
  8.9402404    47.3800055
  8.9401434    47.379864
  8.9401306    47.3797538
  8.9401926    47.3796723
  8.9402046    47.37964
  8.9402162    47.3795632
  8.9402028    47.3795247
  8.9403938    47.3791987
  8.940612     47.3789906
  8.9407401    47.3788852
  8.9407935    47.3787814
  8.9407963    47.3786855
  8.9409504    47.378434
  8.9410478    47.3783764
  8.9410796    47.3783046
  8.9410661    47.3782145
  8.9411344    47.3781193
  8.9412451    47.3780562
  8.9414545    47.3779887
  8.9417439    47.377763
  8.9419321    47.3775268
  8.9419654    47.3774201
  8.9423312    47.3770684
  8.9426217    47.3768668
  8.9429234    47.3766649
  8.942996     47.376599
  8.9434471    47.3760524
  8.9435351    47.3759151
  8.9435804    47.3758423
  8.9438061    47.3756555
  8.9439119    47.3755476
  8.9440921    47.3754262
  8.9444505    47.3752313
  8.9448086    47.3749704
  8.9451795    47.3747899
  8.9454844    47.3747035
  8.9458919    47.3747852
  8.9459315    47.3747709
  8.9460439    47.3747853
  8.9461317    47.374816
  8.9462071    47.37483
  8.946469     47.374891
  8.9465728    47.3749078
  8.9466275    47.3749707
  8.94685      47.3749372
  8.9469145    47.3749103
  8.947004     47.3748941
  8.9471306    47.3749087
  8.9471975    47.3749321
  8.9472924    47.3749163
  8.9473732    47.3749699
  8.9474592    47.3748527
  8.9475708    47.3748024
  8.9476327    47.3747856
  8.9476848    47.3747789
  8.9478059    47.3747983
  8.9478826    47.3747812
  8.9479996    47.3747722
  8.9481018    47.3747225
  8.9481821    47.3747177
  8.9482328    47.3746946
  8.9483067    47.3746839
  8.9483491    47.3746379
  8.9484347    47.3745944
  8.9484352    47.37454
  8.9485665    47.3744123
  8.9486146    47.3743568
  8.9486452    47.3743008
  8.9487617    47.3742274
  8.9488026    47.3741468
  8.948815     47.3741086
  8.9488939    47.3740105
  8.9489395    47.3739686
  8.9489906    47.3739569
  8.949016     47.3739225
  8.9490394    47.3738567
  8.949019     47.3738042
  8.9490616    47.373738
  8.949076     47.3736234
  8.9490697    47.3735694
  8.9490766    47.373471
  8.9491244    47.373454
  8.9491373    47.3734036
  8.9491741    47.3733314
  8.9491701    47.3732909
  8.9491856    47.3732215
  8.9492463    47.3731883
  8.9492874    47.3731233
  8.9493816    47.373058
  8.949477     47.3728718
  8.9497362    47.3727348
  8.9497867    47.3727323
  8.9499002    47.372708
  8.9499099    47.3726774
  8.9499855    47.3726111
  8.9500405    47.3725857
  8.9501253    47.3725782
  8.9501544    47.3725536
  8.9503028    47.3725391
  8.9504283    47.372517
  8.9504796    47.3724703
  8.9505441    47.3723985
  8.9505994    47.3723691
  8.9506701    47.3722476
  8.9507554    47.372211
  8.9507956    47.3721821
  8.9508726    47.3720659
  8.9509342    47.372013
  8.9509836    47.3719425
  8.9510436    47.3719085
  8.9511097    47.3718404
  8.951179     47.3717795
  8.9512314    47.3717191
  8.951255     47.371607
  8.9512614    47.3714479
  8.9513432    47.3714089
  8.9513961    47.3713065
  8.9514762    47.3710917
  8.9514506    47.3710554
  8.9514889    47.3709797
  8.9515053    47.3708859
  8.9515531    47.3707683
  8.9515757    47.3706522
  8.9515697    47.3704218
  8.951547     47.3703369
  8.951566     47.3702371
  8.9516262    47.3701817
  8.9515581    47.3701014
  8.9515444    47.3700666
  8.9515952    47.3698662
  8.9516398    47.3698466
  8.9516373    47.3697744
  8.9516742    47.3696104
  8.9516834    47.3695069
  8.9517099    47.3694142
  8.9517705    47.3692528
  8.9517653    47.3691284
  8.9517355    47.3690596
  8.9517384    47.3690053
  8.9517538    47.3689659
  8.951878     47.3688814
  8.951882     47.3688449
  8.9518501    47.3687905
  8.9518366    47.368744
  8.9518523    47.3686141
  8.9518302    47.3685284
  8.9517936    47.3684461
  8.9518141    47.3683777
  8.9518951    47.3683065
  8.9519558    47.3682443
  8.95198      47.3681555
  8.95205      47.3680455
  8.9521225    47.3679725
  8.9521094    47.3678619
  8.9522012    47.3677951
  8.9523579    47.3676648
  8.9523942    47.3675834
  8.9524193    47.3675018
  8.9524159    47.3674001
  8.9523434    47.3673415
  8.9522838    47.3673128
  8.9523557    47.3672278
  8.9523881    47.3671615
  8.9523963    47.3671095
  8.9524462    47.3669374
  8.9526071    47.3666866
  8.9526777    47.3666427
  8.9527614    47.3664575
  8.9528373    47.3663746
  8.9529408    47.3662847
  8.9529876    47.3661741
  8.952974     47.3660872
  8.9530013    47.3660494
  8.9530993    47.3659758
  8.9531071    47.3659172
  8.9531315    47.3658793
  8.9532209    47.3658221
  8.9532529    47.3657726
  8.953289     47.3656422
  8.9533136    47.365605
  8.9534243    47.3655919
  8.9534478    47.3655665
  8.9534018    47.3654775
  8.9533998    47.3654273
  8.9534556    47.3653517
  8.9535535    47.3653377
  8.9536304    47.3652412
  8.9537674    47.3651176
  8.9537869    47.365084
  8.9538271    47.3649533
  8.9538784    47.3649119
  8.9539311    47.3648814
  8.9539567    47.3648317
  8.9539157    47.3647911
  8.9539165    47.3647611
  8.9540723    47.3646784
  8.9541336    47.3646389
  8.9542062    47.3646182
  8.954278     47.3645554
  8.9543356    47.3645304
  8.9543872    47.3644832
  8.9544237    47.3643845
  8.954453     47.3643425
  8.9545131    47.3642989
  8.9546219    47.3641894
  8.9546773    47.3641247
  8.9546621    47.3640722
  8.9545589    47.3640275
  8.9545902    47.3639828
  8.9546092    47.3638989
  8.9546376    47.3638579
  8.9546931    47.3638292
  8.9547341    47.3637928
  8.9547794    47.3636104
  8.9547901    47.3635304
  8.9547464    47.3634762
  8.9547594    47.3634277
  8.9548602    47.3632903
  8.954918     47.3632443
  8.9549126    47.3631278
  8.9550234    47.3629407
  8.9551002    47.3628308
  8.9551224    47.362749
  8.9551033    47.3626645
  8.9551347    47.3626056
  8.9552596    47.3624706
  8.9552851    47.3623458
  8.955318     47.3623021
  8.9554069    47.3621358
  8.955452     47.362086
  8.9554835    47.3620404
  8.95557      47.3620005
  8.9556023    47.3619316
  8.9556374    47.361828
  8.9556684    47.36178
  8.9557163    47.3617559
  8.955743     47.3617168
  8.9557594    47.3616515
  8.9556937    47.3615087
  8.9556959    47.3614821
  8.9557368    47.3614332
  8.9559466    47.3613213
  8.9560827    47.3611564
  8.9560945    47.3610941
  8.9560832    47.3610123
  8.9560175    47.3608005
  8.9560352    47.3607557
  8.9560665    47.3607096
  8.9562531    47.3606268
  8.9564711    47.36037
  8.9566052    47.3602707
  8.9566611    47.3602078
  8.9566956    47.3601376
  8.9568046    47.3600376
  8.9569287    47.3599683
  8.9569157    47.3598618
  8.9569175    47.359787
  8.9570494    47.3596752
  8.9572133    47.359628
  8.957305     47.3595886
  8.9574211    47.3595494
  8.9574966    47.3594844
  8.9575285    47.3594291
  8.9575902    47.359276
  8.95768      47.3592206
  8.9580359    47.3590846
  8.9580211    47.3590221
  8.9578962    47.3588949
  8.9578828    47.3587987
  8.9578485    47.3586636
  8.9578731    47.3585532
  8.9579754    47.3585024
  8.958084     47.358494
  8.9582323    47.3584506
  8.9582765    47.358417
  8.9584541    47.3583342
  8.9585491    47.3582619
  8.9586089    47.3581704
  8.9586746    47.3581061
  8.9587575    47.3580822
  8.9589132    47.3579956
  8.9589941    47.3579084
  8.9590679    47.3578567
  8.9591657    47.3577743
  8.9593367    47.3576929
  8.959422     47.3575276
  8.9594184    47.3573156
  8.959453     47.3572153
  8.9594948    47.3570575
  8.9595517    47.3569185
  8.9596258    47.3568091
  8.9597581    47.3567026
  8.9598117    47.3566511
  8.9598482    47.3564061
  8.9598465    47.3562758
  8.9599969    47.3561132
  8.9601053    47.3559642
  8.9601766    47.3558528
  8.9602503    47.3558083
  8.9603933    47.3557849
  8.9605083    47.3557422
  8.9605789    47.3556702
  8.9605659    47.355606
  8.9601528    47.3554036
  8.9600182    47.3552445
  8.960002     47.355119
  8.9600169    47.3548678
  8.9599578    47.3547643
  8.9598885    47.3546773
  8.9598693    47.354431
  8.9597979    47.3543487
  8.9598012    47.3542462
  8.9598352    47.3541538
  8.9598624    47.3541184
  8.9600382    47.3539259
  8.9600626    47.353889
  8.9601233    47.35384
  8.9601925    47.3538049
  8.9602596    47.3536945
  8.9603295    47.3536889
  8.9603524    47.3536983
  8.9604098    47.3537052
  8.9604395    47.3537036
  8.960493     47.3537285
  8.9605101    47.3537502
  8.9607189    47.3538649
  8.9608888    47.3539832
  8.9609618    47.3539976
  8.9612265    47.3539907
  8.9615387    47.3540391
  8.9617318    47.3541018
  8.9619375    47.354141
  8.9621143    47.3541325
  8.9622998    47.3541667
  8.9623483    47.3541812
  8.962401     47.3542254
  8.9626135    47.354268
  8.962773     47.3542764
  8.9628882    47.3542969
  8.9632471    47.3544332
  8.9633626    47.3544509
  8.9634614    47.3544531
  8.9635733    47.3543759
  8.9637768    47.3544095
  8.9638472    47.3544274
  8.9640915    47.3544249
  8.9643079    47.3544065
  8.9644996    47.3544514
  8.9646097    47.3544596
  8.9647832    47.3544068
  8.965072     47.3544155
  8.9653745    47.35436
  8.9654579    47.3543768
  8.9654611    47.3543837
  8.9655923    47.3544103
  8.9656682    47.3543847
  8.9658207    47.3543487
  8.9659587    47.3543554
  8.9660762    47.354331
  8.9661467    47.3542815
  8.9663107    47.3542215
  8.9666637    47.3542215
  8.9668739    47.3542124
  8.9669082    47.3542604
  8.9670214    47.3543009
  8.9670655    47.354294
  8.967142     47.3542634
  8.9672077    47.3542293
  8.9673301    47.3542329
  8.9674484    47.3542479
  8.9674577    47.3542558
  8.9688818    47.3537127
  8.9689333    47.3534008
  8.9689832    47.3531983
  8.9691738    47.352906
  8.9694971    47.3526223
  8.9698197    47.3524829
  8.9702808    47.3523637
  8.9705898    47.3523574
  8.9709144    47.3522807
  8.9718052    47.3525251
  8.9717894    47.3522906
  8.9717278    47.3521282
  8.9716421    47.3519285
  8.9717483    47.3517127
  8.971828     47.3513957
  8.9720447    47.3510715
  8.9722686    47.3504109
  8.9725722    47.349856
  8.9728785    47.3495105
  8.9732097    47.3491203
  8.9744222    47.3473811
  8.9742821    47.3472733
  8.973917     47.3470715
  8.9736151    47.3467791
  8.9733569    47.346409
  8.9733131    47.3462095
  8.9734693    47.345711
  8.9735724    47.3453457
  8.9737779    47.3448626
  8.9738159    47.3446158
  8.9738467    47.3444716
  8.9739404    47.3436631
  8.9739107    47.3427588
  8.9741737    47.3421578
  8.9740319    47.3413984
  8.9736691    47.3406694
  8.9731078    47.3398683
  8.9747298    47.339431
  8.9753947    47.3391003
  8.976221     47.3387762
  8.976615     47.3386176
  8.9770657    47.3384495
  8.9774245    47.3383282
  8.9779403    47.3381816
  8.9786541    47.3381096
  8.9788785    47.338047
  8.9792872    47.3379466
  8.9793068    47.3375809
  8.9791723    47.3371306
  8.9791303    47.336941
  8.9789931    47.3365015
  8.9789422    47.3360675
  8.9789276    47.335824
  8.9788953    47.3356093
  8.9790949    47.3351382
  8.9789502    47.3347654
  8.9786452    47.3341635
  8.9784941    47.3339311
  8.9781925    47.3335774
  8.9776934    47.3330686
  8.9773208    47.3325683
  8.9772608    47.3322636
  8.9772287    47.3319551
  8.9772559    47.3317676
  8.9771818    47.3313501
  8.9771835    47.3311738
  8.9770807    47.3305164
  8.9769018    47.330207
  8.9767028    47.3295457
  8.976684     47.3292883
  8.9771924    47.328204
  8.977333     47.3271788
  8.9776453    47.3268067
  8.9782417    47.3266307
  8.9796376    47.3256277
  8.9797529    47.3255045
  8.9797086    47.3250434
  8.9796032    47.3244824
  8.9796683    47.3240603
  8.9801694    47.3235804
  8.9803628    47.3233436
  8.9805448    47.3230868
  8.9805946    47.3229637
  8.9808685    47.3226649
  8.9813527    47.3224631
  8.9829489    47.3212495
  8.9833018    47.3210776
  8.9841342    47.3205756
  8.9845862    47.3200876
  8.984951     47.3193867
  8.9842479    47.3188272
  8.9839993    47.3184929
  8.983614     47.3180478
  8.9833166    47.3176894
  8.9828652    47.3171802
  8.9825252    47.3168932
  8.9822189    47.3165465
  8.9821085    47.3162995
  8.9819942    47.3160596
  8.9818814    47.3156763
  8.9817821    47.3153855
  8.9816884    47.3150648
  8.9812353    47.3144894
  8.980922     47.3141352
  8.9805767    47.3138136
  8.9802498    47.3134196
  8.9800165    47.3132005
  8.9797277    47.3129822
  8.9794947    47.3127556
  8.9792849    47.3125354
  8.9789838    47.3121997
  8.9786889    47.3119139
  8.9784732    47.3116896
  8.9783901    47.311621
  8.9783439    47.3115745
  8.9782425    47.311485
  8.9781645    47.3113934
  8.9781443    47.3113336
  8.978074     47.3112737
  8.9780085    47.3112386
  8.9779888    47.311216
  8.9779708    47.3111808
  8.977763     47.3110256
  8.9777443    47.3109938
  8.9777552    47.3108522
  8.9777434    47.3108034
  8.9776762    47.3107121
  8.9776313    47.3106411
  8.9776342    47.3105846
  8.9776005    47.310512
  8.9775516    47.3104875
  8.9775404    47.310457
  8.9775212    47.3104262
  8.9773515    47.3101866
  8.9773345    47.3101478
  8.9772864    47.3101168
  8.9772473    47.3100656
  8.9771518    47.3099754
  8.9770421    47.3097942
  8.976976     47.3096496
  8.9768249    47.3094771
  8.9767001    47.3093619
  8.9766902    47.3093579
  8.9766644    47.3093012
  8.9766187    47.309225
  8.9765393    47.3091241
  8.9764832    47.3090234
  8.9763944    47.3089165
  8.9763418    47.3088253
  8.9762874    47.3087092
  8.9762015    47.3086247
  8.9761074    47.3085973
  8.9760441    47.308537
  8.9758637    47.3083413
  8.9758253    47.3082869
  8.9757193    47.3082238
  8.9756708    47.3081425
  8.9755859    47.3080366
  8.9755286    47.3079922
  8.975456     47.3079262
  8.9754425    47.3078607
  8.9753911    47.3078197
  8.9753546    47.3077795
  8.9753103    47.3077519
  8.9753138    47.3076527
  8.9752747    47.307554
  8.9751356    47.3073255
  8.9750549    47.3072124
  8.9750067    47.3071191
  8.974964     47.3070244
  8.9748728    47.3070035
  8.9748108    47.3070055
  8.9743697    47.3069304
  8.9738793    47.3067909
  8.9733243    47.3067279
  8.9724202    47.3066293
  8.9722048    47.3066302
  8.9719441    47.3066274
  8.9713312    47.3064863
  8.9703937    47.3063255
  8.9684223    47.305972
  8.9674147    47.3058222
  8.9670494    47.305766
  8.9662936    47.3059283
  8.9654085    47.3060327
  8.9649026    47.3061851
  8.9643906    47.3063445
  8.9635845    47.3061332
  8.9631657    47.3060562
  8.9623799    47.3059631
  8.961639     47.3058612
  8.960786     47.3056957
  8.9600735    47.3054294
  8.9586473    47.3050871
  8.9576003    47.3047635
  8.956973     47.3044776
  8.9565306    47.3042579
  8.9562788    47.304018
  8.9557759    47.3035628
  8.9553214    47.3030647
  8.9553155    47.3030336
  8.9550661    47.3022854
  8.9548342    47.3018045
  8.9546166    47.3014557
  8.9543563    47.3010715
  8.9537532    47.3000318
  8.9531046    47.2988288
  8.9528717    47.2988372
  8.9525557    47.2990279
  8.9524717    47.2988877
  8.9524091    47.2988647
  8.9523073    47.2986958
  8.9522484    47.2985222
  8.9521435    47.2983797
  8.9521115    47.2982463
  8.9521598    47.2981409
  8.9519812    47.2978991
  8.9518984    47.2978284
  8.9518636    47.2977496
  8.9519375    47.2975927
  8.951935     47.2975345
  8.9519058    47.2974945
  8.9519404    47.2973799
  8.9519569    47.2973098
  8.9519863    47.2971382
  8.9518967    47.2967749
  8.9519673    47.2965892
  8.9519391    47.2965078
  8.951818     47.2963672
  8.951516     47.2960951
  8.9513405    47.295927
  8.9508631    47.2952789
  8.9503976    47.2949636
  8.9490753    47.2944609
  8.9490272    47.2944167
  8.9487974    47.2939692
  8.948786     47.2938301
  8.9487168    47.2937238
  8.9485565    47.2935323
  8.9485293    47.2933951
  8.9484418    47.2933426
  8.9485199    47.2932636
  8.9485314    47.2932662
  8.9485886    47.2927643
  8.9486712    47.2926063
  8.9488495    47.2923126
  8.9489097    47.2921698
  8.9488666    47.2921783
  8.9487636    47.2921598
  8.9487103    47.2921416
  8.9485977    47.2921708
  8.948504     47.2921415
  8.94847      47.2921028
  8.9484044    47.2920799
  8.9483539    47.2920057
  8.9481839    47.2919632
  8.9480865    47.2919038
  8.9479966    47.291917
  8.9479125    47.2918452
  8.9477512    47.2918121
  8.9474681    47.2918148
  8.9474074    47.2916742
  8.9472508    47.2916347
  8.94722      47.2916158
  8.9471961    47.2915601
  8.9471019    47.2915586
  8.9470297    47.2916038
  8.946739     47.2915826
  8.9465462    47.2914513
  8.9464051    47.291351
  8.9462701    47.2913674
  8.9461583    47.2912867
  8.9459844    47.2912646
  8.945897     47.291279
  8.9458157    47.2912273
  8.9456273    47.2912406
  8.9456323    47.2911241
  8.9452357    47.291053
  8.9452939    47.2909424
  8.9452752    47.2909245
  8.9451512    47.2909098
  8.9450553    47.2909196
  8.9449472    47.2908901
  8.9448785    47.2909249
  8.9447773    47.2908826
  8.9447382    47.2908467
  8.9447356    47.2907984
  8.9446856    47.2907646
  8.9445623    47.2907912
  8.9444386    47.2908736
  8.9443345    47.2908943
  8.9441865    47.2908265
  8.9439962    47.2907979
  8.9438657    47.2908402
  8.9437301    47.2908069
  8.9436259    47.2908335
  8.9435615    47.2908734
  8.9435243    47.2910144
  8.9434455    47.2910722
  8.9430801    47.2912741
  8.9429987    47.2912694
  8.9428415    47.2912224
  8.9427082    47.291148
  8.9424623    47.2910724
  8.9423295    47.2910224
  8.9421125    47.2908511
  8.9418656    47.2906378
  8.9415144    47.2903025
  8.9412353    47.290161
  8.9409765    47.2900775
  8.9408466    47.2900025
  8.940782     47.2900017
  8.9407149    47.2900152
  8.9406263    47.2900563
  8.9399209    47.289868
  8.9397363    47.2898414
  8.9395428    47.2899051
  8.9393813    47.2898753
  8.9390073    47.2897587
  8.9387872    47.2896325
  8.9386259    47.2896379
  8.9383813    47.2896373
  8.9382       47.2895549
  8.9380037    47.2894596
  8.9379104    47.2893947
  8.937864     47.2892518
  8.9376002    47.2892128
  8.937389     47.289226
  8.9371257    47.2891606
  8.9370564    47.2891565
  8.9370025    47.2891834
  8.936914     47.2892517
  8.9368198    47.2892587
  8.9366476    47.2891792
  8.9365473    47.289077
  8.9361224    47.2892248
  8.935986     47.2892135
  8.9359383    47.2891783
  8.9358392    47.2891672
  8.9354929    47.2891866
  8.9354092    47.289129
  8.9353279    47.2890839
  8.9352278    47.2889331
  8.9350473    47.2888472
  8.9349801    47.2887951
  8.9348483    47.2886545
  8.9347885    47.288615
  8.9346802    47.2886102
  8.9345894    47.2885834
  8.9343942    47.2884649
  8.9342618    47.2884622
  8.9339983    47.2884018
  8.9338818    47.288324
  8.9337234    47.2883057
  8.9338101    47.2882332
  8.9338548    47.2881872
  8.9338963    47.2881484
  8.9340418    47.2880326
  8.9341348    47.2879613
  8.9342148    47.2878768
  8.9343516    47.2878114
  8.9344734    47.2877777
  8.9345663    47.2877694
  8.9346609    47.2877531
  8.9347083    47.2877509
  8.934804     47.2877725
  8.9350473    47.2877693
  8.9351578    47.2877754
  8.935229     47.287766
  8.9352997    47.2877409
  8.9353349    47.2877216
  8.9353518    47.2877001
  8.9353808    47.2876803
  8.9354225    47.2876636
  8.9354965    47.2876689
  8.9356927    47.2875951
  8.9357232    47.287536
  8.9358679    47.2874922
  8.935921     47.287446
  8.9360114    47.2874138
  8.9360664    47.2874186
  8.93615      47.2873882
  8.9363128    47.2872948
  8.936524     47.2871976
  8.936587     47.2871546
  8.936618     47.287113
  8.9366161    47.2870847
  8.936635     47.287051
  8.9368733    47.2866798
  8.9369244    47.286597
  8.9372313    47.2863956
  8.937299     47.2863629
  8.9373853    47.2862906
  8.937398     47.2862417
  8.9375678    47.286141
  8.9376157    47.2860828
  8.9376122    47.2860405
  8.9376689    47.2859744
  8.9376909    47.285905
  8.9377839    47.2858635
  8.9377978    47.2858393
  8.9378636    47.2857883
  8.9379291    47.2856838
  8.9380532    47.2855237
  8.9380766    47.2854655
  8.9383278    47.2853009
  8.93839      47.2852521
  8.9384634    47.2852879
  8.9391614    47.2850218
  8.9399411    47.2846454
  8.9402825    47.2844979
  8.9405777    47.284363
  8.9405774    47.2842313
  8.9405432    47.2839996
  8.9404313    47.2836578
  8.9409031    47.2836408
  8.9411805    47.2834408
  8.9411696    47.2832009
  8.9412234    47.283147
  8.9413246    47.2831081
  8.9414615    47.2828477
  8.9417176    47.2826752
  8.9418087    47.2824936
  8.9417861    47.2823477
  8.9417239    47.2822756
  8.9418234    47.2822827
  8.9419571    47.2821276
  8.9419441    47.2820682
  8.9418125    47.2819942
  8.9418106    47.2819537
  8.9417994    47.2819226
  8.9419436    47.2818299
  8.9419087    47.2817367
  8.9418952    47.2816141
  8.9418302    47.281555
  8.941839     47.2814365
  8.9417656    47.2812754
  8.9417743    47.2811749
  8.9417115    47.2810441
  8.9417325    47.2809736
  8.941699     47.2808694
  8.9416339    47.2806841
  8.9416554    47.280479
  8.9415502    47.2804954
  8.9413892    47.2805394
  8.9412716    47.2803455
  8.9412655    47.2802504
  8.9411905    47.2801038
  8.9412116    47.279996
  8.9412627    47.279966
  8.941444     47.2798657
  8.9416309    47.2797864
  8.9419725    47.2796609
  8.9422838    47.2795992
  8.9425915    47.2795407
  8.9428101    47.2795234
  8.943073     47.2795002
  8.9432516    47.2795248
  8.9434867    47.2795654
  8.9436492    47.2795954
  8.9437339    47.279676
  8.9438085    47.2798818
  8.9439772    47.2801533
  8.9442837    47.2804583
  8.9456326    47.2820384
  8.9474108    47.2818302
  8.9474638    47.2818193
  8.9480768    47.281194
  8.948829     47.2809406
  8.9487447    47.2805208
  8.9481722    47.2803724
  8.9481363    47.2803545
  8.9480785    47.2802626
  8.9481077    47.2801804
  8.9480935    47.2801652
  8.9481107    47.2801034
  8.9480923    47.2800144
  8.9481644    47.2798896
  8.9482468    47.2798529
  8.9482373    47.2798
  8.9482182    47.2797668
  8.9482468    47.2796844
  8.9481638    47.2796407
  8.9481771    47.2796135
  8.9481474    47.2795575
  8.9480884    47.2795082
  8.9480913    47.2794549
  8.9479895    47.2793638
  8.9480124    47.2793383
  8.9479142    47.2792737
  8.9478547    47.2792822
  8.9477955    47.2792518
  8.9478129    47.2791897
  8.9477748    47.2791466
  8.9477571    47.2790765
  8.947738     47.2790282
  8.9478027    47.2789083
  8.9477927    47.2788412
  8.9477791    47.278808
  8.9477928    47.278793
  8.9478296    47.2787926
  8.9478778    47.278738
  8.94782      47.2785452
  8.9477967    47.2784955
  8.9478278    47.2784387
  8.9478481    47.2783757
  8.9478446    47.2783399
  8.9478871    47.2782984
  8.9478805    47.2782674
  8.9479497    47.2781278
  8.9479206    47.2780519
  8.9479469    47.2779201
  8.9479317    47.2778943
  8.947952     47.2778332
  8.9479507    47.2777582
  8.947925     47.2777207
  8.9478715    47.2777036
  8.9478545    47.2776685
  8.9478562    47.2776379
  8.9478124    47.2775735
  8.9478226    47.277518
  8.9477811    47.2774758
  8.9477547    47.2773972
  8.9477665    47.2773455
  8.9477467    47.2773057
  8.9477572    47.2772201
  8.9477371    47.277161
  8.9477432    47.2770809
  8.9477129    47.2770278
  8.9476582    47.2769813
  8.9476278    47.2769147
  8.947672     47.2768712
  8.9476623    47.2767927
  8.9475879    47.2767117
  8.9476172    47.2766639
  8.9475972    47.2765879
  8.9476413    47.2765275
  8.9476037    47.2764742
  8.9476655    47.2763874
  8.9476384    47.2762646
  8.9476036    47.2762096
  8.9476425    47.2761185
  8.9476536    47.276055
  8.9475602    47.2760176
  8.9475063    47.2759726
  8.9475006    47.2759276
  8.9474322    47.2759047
  8.9474119    47.2758504
  8.9474903    47.2757346
  8.9474319    47.2756279
  8.9474992    47.275505
  8.9474468    47.2754555
  8.947371     47.2754292
  8.9473434    47.2753992
  8.9473689    47.2752722
  8.9473435    47.2752319
  8.9472795    47.2751922
  8.9472851    47.2751595
  8.9472493    47.2751325
  8.9472412    47.2750708
  8.9471459    47.2749432
  8.9470373    47.2748832
  8.9469823    47.2748496
  8.9469169    47.2748265
  8.9468196    47.2748046
  8.9467882    47.2747538
  8.9467255    47.2747277
  8.9466449    47.2746527
  8.946564     47.2746292
  8.9464925    47.274591
  8.9464288    47.2745333
  8.9462974    47.2745133
  8.9462101    47.2744867
  8.9461424    47.2744239
  8.9461129    47.2743722
  8.9460604    47.2743689
  8.9459444    47.274342
  8.9457388    47.2743479
  8.9455075    47.2743328
  8.9454307    47.2743825
  8.9451637    47.2742661
  8.9448587    47.2742105
  8.9447936    47.2741048
  8.9447926    47.2739351
  8.9447241    47.2738883
  8.9446698    47.2738208
  8.9445856    47.2737921
  8.9445165    47.2737754
  8.9443859    47.2737372
  8.9443617    47.2737238
  8.9442985    47.273665
  8.9442127    47.2735681
  8.9441987    47.2734849
  8.9441232    47.273448
  8.9440612    47.2733766
  8.9439174    47.2733372
  8.9439418    47.273265
  8.943885     47.2732332
  8.9438289    47.2732215
  8.9437501    47.2731607
  8.943705     47.273063
  8.9437079    47.273046
  8.9436973    47.2729851
  8.9436708    47.2729515
  8.943502     47.2729038
  8.9434449    47.2728739
  8.9433129    47.2727969
  8.9430341    47.2726433
  8.9429652    47.2725995
  8.9428351    47.2725454
  8.9426818    47.2725309
  8.9425874    47.2724767
  8.9424026    47.2724003
  8.9423036    47.2723834
  8.942071     47.2723495
  8.941991     47.272311
  8.9418714    47.2722731
  8.9417722    47.272271
  8.941666     47.2722109
  8.9414936    47.2722028
  8.9413237    47.272227
  8.9412071    47.272195
  8.9411308    47.2720919
  8.9410644    47.2719486
  8.9410571    47.2718862
  8.9410322    47.2718338
  8.9409844    47.2717983
  8.940985     47.2717512
  8.9409486    47.2716905
  8.9409066    47.271665
  8.9409664    47.2716343
  8.9411941    47.2715389
  8.9415543    47.2712414
  8.9418764    47.2709915
  8.9419725    47.2709388
  8.9423827    47.2706548
  8.9425544    47.2705042
  8.9426073    47.2703156
  8.9426738    47.2699904
  8.9426831    47.2699237
  8.9427678    47.2698958
  8.9429763    47.2698355
  8.9432383    47.2697653
  8.943389     47.2697226
  8.9435965    47.2696709
  8.9438044    47.2696312
  8.9444648    47.2694953
  8.9444172    47.2694446
  8.9443243    47.2693301
  8.9442824    47.2692623
  8.9440221    47.2689362
  8.9435526    47.2683532
  8.9434602    47.2682953
  8.9431089    47.2680364
  8.9430864    47.268011
  8.9430637    47.2678784
  8.9429791    47.2675806
  8.9429427    47.2673854
  8.9427022    47.26738
  8.942496     47.2674113
  8.9419472    47.2674097
  8.9414439    47.2673768
  8.9408138    47.2674173
  8.9407235    47.2672736
  8.9405565    47.2673186
  8.9402982    47.2673489
  8.94031      47.2672341
  8.9404702    47.2668297
  8.9405664    47.2665131
  8.9404689    47.2664836
  8.9403144    47.2664193
  8.9402767    47.2663439
  8.9402706    47.2663188
  8.9402156    47.2663028
  8.9401796    47.2662632
  8.9401384    47.266182
  8.9400827    47.2660414
  8.9409443    47.2659909
  8.9409344    47.2659359
  8.9407285    47.2655355
  8.9405815    47.265644
  8.9404659    47.2656641
  8.9401579    47.265309
  8.9397338    47.2651077
  8.9390405    47.2647916
  8.9386296    47.2646343
  8.9383827    47.2644878
  8.9380643    47.2643634
  8.937731     47.2642832
  8.9377549    47.2641571
  8.9377676    47.2640728
  8.9377098    47.2636442
  8.9378066    47.2636449
  8.9381951    47.263627
  8.9381926    47.2636041
  8.9381202    47.2634085
  8.9375572    47.2633477
  8.9375085    47.2630018
  8.9375088    47.2625844
  8.9369986    47.2625111
  8.9370172    47.262467
  8.9369821    47.2621782
  8.9362801    47.2620798
  8.9358893    47.2619108
  8.9363919    47.2618164
  8.9368944    47.2616502
  8.9370762    47.2615544
  8.9370642    47.2614581
  8.9370739    47.2612298
  8.9366559    47.2610865
  8.9364671    47.2609941
  8.936366     47.2608761
  8.9364325    47.2608406
  8.9362418    47.2606945
  8.9360418    47.2605214
  8.9358592    47.2603529
  8.9357983    47.260322
  8.9356918    47.2603328
  8.935612     47.260295
  8.9354449    47.260435
  8.9352412    47.2603853
  8.9349247    47.2603465
  8.9347701    47.2602235
  8.9346736    47.2602034
  8.9343562    47.2600288
  8.9342778    47.2599992
  8.9341902    47.2599814
  8.9341705    47.2599593
  8.934102     47.2599514
  8.9336429    47.2594577
  8.9332913    47.2590318
  8.9331067    47.2588853
  8.9321203    47.2590131
  8.9317122    47.2590835
  8.9314338    47.2592097
  8.9313993    47.2591841
  8.9310403    47.2593993
  8.9305285    47.2597213
  8.9299269    47.2597471
  8.9297055    47.259824
  8.9295116    47.2599188
  8.9293332    47.2598938
  8.9290938    47.2600468
  8.929073     47.2600407
  8.9290171    47.259984
  8.9290236    47.2599407
  8.9290007    47.2598796
  8.928964     47.2598686
  8.9289638    47.2598407
  8.9288492    47.2597837
  8.928818     47.2597642
  8.92879      47.2597638
  8.9287489    47.259731
  8.9287395    47.2596992
  8.9286742    47.2596751
  8.9286066    47.2596401
  8.9285757    47.2596185
  8.9284713    47.2591345
  8.928384     47.2588749
  8.9279637    47.258823
  8.9276782    47.2587762
  8.9274525    47.2587503
  8.9271846    47.2587587
  8.9267789    47.2586265
  8.9261237    47.2585187
  8.9257589    47.2584271
  8.9253427    47.2583591
  8.9248899    47.2582682
  8.9244892    47.2581201
  8.9238026    47.2578723
  8.9234001    47.2577205
  8.9228438    47.257558
  8.9225207    47.2574406
  8.9220048    47.2573105
  8.9214852    47.2572024
  8.9208797    47.2571179
  8.9202351    47.2571469
  8.9202418    47.2571182
  8.9204508    47.2569481
  8.9205051    47.2568726
  8.9205115    47.2568486
  8.919928     47.2567967
  8.9190796    47.2566116
  8.9185361    47.2565126
  8.9180318    47.2563749
  8.9173811    47.2561605
  8.9173047    47.2562828
  8.9169785    47.2562548
  8.9164774    47.2561003
  8.9152773    47.2558266
  8.9145407    47.2556396
  8.9138041    47.2553674
  8.9133023    47.2552371
  8.9125379    47.2550916
  8.9117693    47.2549094
  8.9113239    47.2548169
  8.9103548    47.2547073
  8.9098855    47.2546649
  8.9091888    47.2544668
  8.9086154    47.2544127
  8.9084757    47.254683
  8.908039     47.2552447
  8.90877      47.255463
  8.9085851    47.2558687
  8.9083316    47.2562201
  8.9083029    47.2567438
  8.9068317    47.2562483
  8.9063414    47.2561163
  8.906015     47.2559625
  8.9055293    47.2557807
  8.9051354    47.2556605
  8.904512     47.2555758
  8.9031772    47.2554828
  8.9023992    47.2554181
  8.9012992    47.2553612
  8.9007345    47.2553157
  8.8997323    47.255155
  8.8993699    47.2550695
  8.8990006    47.254988
  8.8991239    47.2546541
  8.8989844    47.2546609
  8.8987736    47.2546238
  8.8983919    47.2544982
  8.8982322    47.2544806
  8.8979994    47.2543371
  8.8976677    47.254219
  8.8973192    47.2541521
  8.897226     47.2543155
  8.8964874    47.2541857
  8.8963947    47.2542364
  8.8962105    47.2542243
  8.8959501    47.2542133
  8.8952576    47.2541944
  8.89521      47.2541925
  8.8951154    47.2541845
  8.8950222    47.254171
  8.8949763    47.2541621
  8.8946697    47.2540973
  8.8941938    47.2538916
  8.8935026    47.2537161
  8.8928818    47.253561
  8.8922398    47.2534555
  8.8917105    47.2533757
  8.8917006    47.2534192
  8.890936     47.2533222
  8.8904461    47.2532339
  8.8892847    47.2530479
  8.8879444    47.2530612
  8.8877613    47.2530219
  8.8877753    47.2529145
  8.8876771    47.2529226
  8.887573     47.2529709
  8.8874509    47.2529347
  8.8874228    47.2529933
  8.8868864    47.2528606
  8.8868396    47.2528519
  8.886792     47.2528451
  8.8867439    47.2528402
  8.8866955    47.2528373
  8.8866469    47.2528363
  8.885628     47.2528405
  8.8852545    47.252811
  8.8850698    47.2527919
  8.8848837    47.2527645
  8.8845797    47.2527034
  8.8845835    47.2526613
  8.883556     47.2526473
  8.8829286    47.252574
  8.8825704    47.252524
  8.8816922    47.2524885
  8.880827     47.2524384
  8.8799408    47.2524137
  8.8789522    47.2524141
  8.8788684    47.2522989
  8.8784498    47.2522094
  8.8781306    47.2521743
  8.8772973    47.2521908
  8.8763484    47.2522205
  8.876151     47.252211
  8.8755754    47.2522301
  8.8748969    47.2522221
  8.8744196    47.25211
  8.8734979    47.2519892
  8.8734795    47.2517963
  8.8734971    47.251644
  8.8734874    47.2513928
  8.8734995    47.251126
  8.873476     47.2510084
  8.8734235    47.2508699
  8.8735903    47.2503923
  8.8738332    47.2498591
  8.8738689    47.2496628
  8.8738607    47.2495272
  8.873875     47.2491587
  8.8738273    47.248972
  8.8738504    47.2488778
  8.8737739    47.2486621
  8.8738767    47.248282
  8.8739234    47.2480734
  8.8735913    47.2479539
  8.873767     47.2476623
  8.8736786    47.2476606
  8.8735701    47.2476049
  8.8734536    47.2475667
  8.8733691    47.2475722
  8.8733366    47.2475294
  8.8731988    47.2474666
  8.8731163    47.2474555
  8.872913     47.2474172
  8.8728096    47.2474056
  8.8726737    47.2473409
  8.8724772    47.2473119
  8.8723634    47.2472908
  8.8721599    47.2472462
  8.8720904    47.24721
  8.8719499    47.2472055
  8.8718713    47.247178
  8.8718575    47.2471206
  8.8717068    47.2471244
  8.8716045    47.2471061
  8.8714093    47.2470902
  8.8713298    47.2470712
  8.8712952    47.2470809
  8.8712437    47.2470191
  8.8711029    47.2469905
  8.8710056    47.2469971
  8.8708503    47.2469593
  8.8707639    47.2469646
  8.8706122    47.2468858
  8.8704799    47.2467719
  8.8703082    47.2466723
  8.8709036    47.2465748
  8.8709154    47.2459969
  8.8709708    47.2458771
  8.8705362    47.2455336
  8.8701793    47.2453142
  8.8700351    47.2452256
  8.8697555    47.2450411
  8.8692453    47.2448975
  8.8684904    47.2446956
  8.8676571    47.2443219
  8.8669017    47.2440486
  8.8666114    47.243962
  8.866527     47.2441756
  8.8663042    47.2448746
  8.8659335    47.2448093
  8.8644681    47.2444779
  8.8637111    47.2443105
  8.8632214    47.2442315
  8.8629716    47.2441669
  8.8621369    47.2439776
  8.8616785    47.2437323
  8.8611742    47.2434901
  8.8607116    47.2432624
  8.86058      47.2432745
  8.8604648    47.2433731
  8.8603265    47.2435274
  8.8599561    47.2435564
  8.8598699    47.2436315
  8.8600944    47.243752
  8.8600052    47.2439789
  8.8593464    47.244292
  8.8586648    47.2444902
  8.8577942    47.2443885
  8.8572548    47.2448691
  8.8569456    47.2449666
  8.8563465    47.2448426
  8.8556383    47.2443889
  8.8552406    47.2443839
  8.8547388    47.245143
  8.8545213    47.2451592
  8.8542068    47.2453556
  8.8542563    47.245677
  8.8544436    47.2459644
  8.8542042    47.2461572
  8.8533687    47.2465543
  8.8527115    47.2466324
  8.8525283    47.2468731
  8.8526436    47.2473359
  8.8529521    47.2478116
  8.8527782    47.2484768
  8.8528768    47.2492838
  8.8519235    47.2492529
  8.8518977    47.2496161
  8.8520512    47.2502668
  8.8519919    47.2505469
  8.8520903    47.2507661
  8.8517211    47.2511166
  8.8516185    47.2510347
  8.8510541    47.2508101
  8.850741     47.2505917
  8.8497104    47.2502838
  8.8487176    47.2500227
  8.8486551    47.2499668
  8.8482263    47.2498636
  8.8480043    47.2497856
  8.8476949    47.2497105
  8.8469459    47.2495557
  8.8470174    47.2494662
  8.8464584    47.2492296
  8.8447466    47.2486252
  8.8450061    47.2478702
  8.8449196    47.2477735
  8.8448028    47.2474407
  8.8446739    47.2472839
  8.8446677    47.2471891
  8.8447269    47.2469739
  8.8440518    47.2469739
  8.8432304    47.2469566
  8.8418669    47.2469127
  8.8414685    47.2470124
  8.8407004    47.2469968
  8.8402519    47.2470051
  8.8395941    47.2469656
  8.8395268    47.2469655
  8.8394556    47.2469837
  8.8383733    47.246958
  8.837911     47.2469755
  8.8378263    47.246993
  8.8376672    47.2470278
  8.8375179    47.2471108
  8.8374274    47.2472312
  8.837302     47.2476724
  8.8370618    47.2478736
  8.8370025    47.2478977
  8.8369208    47.2479579
  8.8368837    47.2479771
  8.8368247    47.2479893
  8.8367937    47.2479893
  8.8367595    47.2479844
  8.8365843    47.2479289
  8.8364111    47.2478811
  8.8358472    47.2477497
  8.8357279    47.2477702
  8.8356708    47.2477894
  8.8356139    47.2477784
  8.8355526    47.247904
  8.835501     47.2478896
  8.8351866    47.2490028
  8.8351068    47.2490106
  8.8349996    47.2491721
  8.8346592    47.2493708
  8.8340452    47.2494072
  8.8337921    47.2492189
  8.8335721    47.2491294
  8.8335077    47.2491349
  8.8335032    47.2491027
  8.8334924    47.2490847
  8.8333463    47.2491373
  8.8330529    47.2494961
  8.8328346    47.2495649
  8.8325907    47.2495593
  8.8320019    47.2498111
  8.8319876    47.2500475
  8.8313362    47.2499816
  8.8305146    47.2499926
  8.8301128    47.250238
  8.8298217    47.2500969
  8.8296697    47.250013
  8.8295361    47.2499287
  8.8292594    47.2498906
  8.8289974    47.2498914
  8.8287557    47.250084
  8.8285425    47.2502438
  8.8283343    47.2504621
  8.8279151    47.2503516
  8.8277445    47.2505643
  8.8274374    47.2510053
  8.8272476    47.2513306
  8.8268281    47.2514653
  8.8268231    47.2515105
  8.8266049    47.2514253
  8.8265323    47.2514234
  8.824101     47.2510998
  8.8230153    47.2509612
  8.8218333    47.2507917
  8.821642     47.2507351
  8.8215727    47.2507636
  8.8215077    47.2507149
  8.8212851    47.2505943
  8.8210212    47.250483
  8.820752     47.2503363
  8.8205968    47.2502659
  8.8201958    47.250134
  8.8200958    47.2501109
  8.8198658    47.2501078
  8.8196736    47.2500963
  8.819457     47.2500481
  8.8190566    47.2499294
  8.8187692    47.2498321
  8.8185438    47.2497619
  8.8183104    47.249726
  8.8174029    47.2496094
  8.8172079    47.2496031
  8.8170334    47.2496089
  8.8168653    47.2496321
  8.8167269    47.2496626
  8.8166977    47.2496206
  8.8160361    47.2491469
  8.8157872    47.2489601
  8.8156459    47.2489589
  8.8154299    47.2489373
  8.8152623    47.2489126
  8.8150212    47.2488944
  8.8148338    47.2488656
  8.8146495    47.2488461
  8.8144515    47.2488502
  8.8136067    47.2488446
  8.8130069    47.2487993
  8.8130095    47.2487863
  8.8123013    47.2485777
  8.8123121    47.2485343
  8.8118692    47.2484196
  8.811463     47.248366
  8.8109561    47.2482321
  8.8101536    47.2480798
  8.80958      47.2480646
  8.8090216    47.2479506
  8.8085834    47.2477329
  8.8080231    47.2476593
  8.8064962    47.2473358
  8.8046026    47.2470538
  8.804567     47.2470215
  8.8026568    47.2467248
  8.8025138    47.2466707
  8.802597     47.2465367
  8.8026429    47.2464055
  8.8026454    47.2463594
  8.8026311    47.2460907
  8.8026418    47.2458109
  8.8027547    47.2455535
  8.8027368    47.2454749
  8.8027918    47.2453668
  8.8026205    47.24522
  8.8025572    47.2450247
  8.8026187    47.2449838
  8.8023803    47.2448631
  8.8023391    47.2448111
  8.8022189    47.2448526
  8.8018825    47.2449502
  8.80059      47.2444659
  8.8006046    47.2443193
  8.800566     47.2441698
  8.8004932    47.2440216
  8.8003711    47.2438314
  8.8004003    47.2437088
  8.8003847    47.2436615
  8.7996476    47.2430937
  8.7990574    47.2430651
  8.7992813    47.2421504
  8.7992801    47.2421132
  8.7988511    47.2421093
  8.7985337    47.2421345
  8.7982096    47.2421778
  8.7977889    47.2422697
  8.7973374    47.2424
  8.7970077    47.2425085
  8.7969361    47.242407
  8.7965274    47.2425226
  8.7963384    47.2421655
  8.7964781    47.2420991
  8.7964153    47.2419308
  8.7963131    47.2414269
  8.7963034    47.2413989
  8.7962756    47.2408308
  8.7959821    47.2403132
  8.7959046    47.2402929
  8.7958734    47.240219
  8.7959052    47.2401598
  8.7959355    47.2401387
  8.7959764    47.2401325
  8.7960324    47.2401458
  8.7960464    47.2401129
  8.7956721    47.2400289
  8.795727     47.2399173
  8.7957373    47.2398857
  8.7956717    47.2398418
  8.7956223    47.2396676
  8.7957222    47.2391176
  8.7957647    47.2390543
  8.8077458    47.2213625
  8.8086087    47.2200878
  8.7933808    47.2225628
  8.7771975    47.2188465
  8.7405356    47.2115782
  8.7212517    47.204984
  8.7170826    47.2035574
  8.717021     47.2035363
  8.7131089    47.2030355
  8.7127873    47.2028654
  8.7127496    47.202812
  8.7126433    47.2026932
  8.7124969    47.20255
  8.7124036    47.2024795
  8.7123709    47.2024223
  8.7123363    47.2024028
  8.7122683    47.2023498
  8.7122086    47.2022569
  8.712096     47.202219
  8.7119841    47.2021281
  8.7119788    47.2021038
  8.7119144    47.2020514
  8.7119022    47.2019673
  8.7118923    47.2019455
  8.7118534    47.2019163
  8.7117478    47.201804
  8.7116995    47.2017333
  8.711423     47.201441
  8.7111595    47.2013367
  8.7110857    47.2012765
  8.7110213    47.2012072
  8.710942     47.2010877
  8.7109055    47.201047
  8.7108627    47.2010213
  8.7108186    47.2010091
  8.7107526    47.2009404
  8.7106633    47.2008695
  8.7103636    47.2009609
  8.7102903    47.200875
  8.7101635    47.2005962
  8.7100989    47.2004211
  8.7096724    47.2005636
  8.7088132    47.2008162
  8.7087693    47.2007509
  8.7085118    47.2008415
  8.7082623    47.200949
  8.7073524    47.2014096
  8.7071682    47.2015113
  8.7069782    47.2016265
  8.7064991    47.2019395
  8.7064544    47.2019889
  8.7063908    47.2021132
  8.7063642    47.2021451
  8.7063286    47.2021771
  8.7063361    47.2021852
  8.706246     47.2022474
  8.706148     47.2022949
  8.7055996    47.2024067
  8.7052126    47.2024639
  8.7051317    47.2024929
  8.7051244    47.2025012
  8.7040529    47.2023005
  8.7039662    47.2022193
  8.7037918    47.2019223
  8.7036957    47.2017988
  8.703665     47.2017424
  8.7033738    47.2016834
  8.7031555    47.2016876
  8.7030795    47.2016772
  8.7030033    47.2016376
  8.7029649    47.2015963
  8.7029114    47.2015093
  8.7029208    47.2012777
  8.7029399    47.2011869
  8.7029665    47.2011327
  8.7029529    47.2009467
  8.7029148    47.2008825
  8.7028874    47.2008517
  8.7028031    47.2008047
  8.7027631    47.2007553
  8.702753     47.2007162
  8.7027568    47.2006502
  8.7027831    47.2006049
  8.7027993    47.2005593
  8.7028223    47.2005247
  8.7029165    47.2004381
  8.7029544    47.2003714
  8.7030274    47.2002959
  8.7030492    47.2002566
  8.7030161    47.2001551
  8.702957     47.2000918
  8.7029462    47.2000275
  8.7029025    47.1999744
  8.7028523    47.1998779
  8.7028507    47.1998317
  8.7028082    47.1997647
  8.7028084    47.1997205
  8.7028907    47.1996707
  8.702919     47.1996117
  8.7029561    47.1994637
  8.7029613    47.1994041
  8.7030505    47.1993159
  8.703129     47.1992728
  8.7032848    47.1992268
  8.703362     47.1991824
  8.7034013    47.1991301
  8.7033969    47.1990876
  8.7033707    47.1990533
  8.703288     47.1989857
  8.7032133    47.1989132
  8.7030956    47.1988863
  8.7030051    47.1988156
  8.7029571    47.1987557
  8.7028681    47.198715
  8.7029244    47.198624
  8.7029186    47.1984566
  8.7028984    47.1984248
  8.7027636    47.1983746
  8.7027252    47.1983398
  8.7026936    47.1982825
  8.7026646    47.1982146
  8.7026195    47.1981485
  8.7025628    47.1981004
  8.7024242    47.1980363
  8.7024255    47.1980254
  8.7023407    47.1979613
  8.702013     47.1978748
  8.7019448    47.1978326
  8.701851     47.1977879
  8.7017923    47.1977878
  8.7017365    47.1977807
  8.7017012    47.1977683
  8.7016013    47.1977512
  8.7015509    47.197774
  8.7014976    47.1977697
  8.7014523    47.1977337
  8.7013897    47.1976438
  8.7013033    47.1975946
  8.7011212    47.197529
  8.7010528    47.1974621
  8.7010086    47.1974314
  8.7009646    47.1974274
  8.7007771    47.1975111
  8.7006495    47.19752
  8.7005894    47.1974975
  8.7004714    47.1974082
  8.7004048    47.1973505
  8.7003605    47.1973288
  8.7002254    47.19729
  8.7001221    47.1972201
  8.7000654    47.197224
  8.6999096    47.1972145
  8.6998472    47.197198
  8.6997394    47.1971019
  8.6996223    47.1970237
  8.6994453    47.1969986
  8.6993693    47.1969567
  8.6992909    47.1969554
  8.6991449    47.1970003
  8.6990949    47.1969974
  8.6989198    47.1969465
  8.6987913    47.1968917
  8.6987562    47.1968932
  8.6986394    47.1968704
  8.6985531    47.1968407
  8.6985219    47.1968008
  8.6984701    47.1967641
  8.6984188    47.1967449
  8.6983438    47.1967456
  8.698297     47.1967507
  8.6982107    47.1967761
  8.6981401    47.1967636
  8.6980471    47.1966898
  8.6978807    47.1965917
  8.6977882    47.1965925
  8.697644     47.1966103
  8.6975594    47.1966367
  8.6974284    47.1966679
  8.6973328    47.1966577
  8.6971468    47.1965765
  8.6970964    47.1965717
  8.6970183    47.1965888
  8.6968514    47.1966454
  8.6966637    47.196635
  8.6965485    47.1966504
  8.6963461    47.196638
  8.695969     47.1967139
  8.6958932    47.1967202
  8.695828     47.1967142
  8.695692     47.1966495
  8.6955478    47.19662
  8.6954315    47.1965766
  8.6951865    47.196539
  8.6950613    47.1965425
  8.6949425    47.1965308
  8.6948583    47.1965352
  8.6947934    47.1965154
  8.6946446    47.196483
  8.6945722    47.1964602
  8.6945095    47.19639
  8.6944399    47.1963583
  8.694193     47.1963573
  8.6876182    47.1885211
  8.6855681    47.1865431
  8.6843109    47.1862065
  8.6835354    47.1858855
  8.6825527    47.1852917
  8.6821974    47.1850316
  8.6815349    47.1844694
  8.6810743    47.1840705
  8.6811282    47.1838681
  8.681106     47.183718
  8.6813418    47.1816015
  8.6804136    47.1798858
  8.6804219    47.1798348
  8.6803425    47.1792332
  8.6803652    47.1789891
  8.680443     47.1786821
  8.6811651    47.1779283
  8.6813886    47.1774796
  8.6814838    47.1771916
  8.6815461    47.1770915
  8.6815663    47.1770392
  8.6816312    47.176954
  8.6817724    47.1767865
  8.6819897    47.1766181
  8.6820772    47.1765442
  8.6821017    47.1764614
  8.6821423    47.1763992
  8.6821208    47.176278
  8.6820831    47.1762565
  8.6821639    47.1761501
  8.6821888    47.1760371
  8.6822153    47.1759864
  8.6822329    47.1759028
  8.682287     47.1758346
  8.6823212    47.1757705
  8.6824632    47.1757166
  8.6825106    47.1756661
  8.6825233    47.1755148
  8.6825525    47.1754571
  8.6826106    47.1754139
  8.6826176    47.1753482
  8.682663     47.175263
  8.6826643    47.1751553
  8.6827136    47.1751178
  8.6826916    47.1750303
  8.6826291    47.1748831
  8.682605     47.1747915
  8.682403     47.1745897
  8.6824553    47.1745663
  8.6823874    47.1745177
  8.6824317    47.174477
  8.6824085    47.17432
  8.6825089    47.1742222
  8.6825523    47.1741696
  8.6826007    47.1741242
  8.6826228    47.1741184
  8.6826721    47.1740694
  8.682682     47.1740045
  8.6826329    47.1739637
  8.6827374    47.1738755
  8.6828307    47.1738402
  8.6829149    47.1737678
  8.6829626    47.1737341
  8.6830038    47.1736793
  8.6830301    47.1735932
  8.6831072    47.1734938
  8.6840818    47.1728532
  8.6848683    47.1722181
  8.6852264    47.1719999
  8.6858828    47.1715168
  8.6864519    47.1712419
  8.6868239    47.1710754
  8.6870721    47.1709799
  8.687815     47.17073
  8.6878527    47.1707104
  8.6889751    47.1703677
  8.6896878    47.1701006
  8.6902142    47.1698115
  8.6906876    47.1693907
  8.690914     47.1692469
  8.6913587    47.1690172
  8.6912341    47.1682082
  8.6916668    47.1668191
  8.6920593    47.166713
  8.6921071    47.1660382
  8.6921209    47.1653192
  8.6920016    47.1645157
  8.6920868    47.1640203
  8.6922053    47.1633986
  8.6916242    47.1632893
  8.6904958    47.1629615
  8.6893841    47.1628085
  8.6888019    47.1627173
  8.6876339    47.1625943
  8.6870525    47.1625723
  8.6864606    47.1626005
  8.6858692    47.162646
  8.6852741    47.1626712
  8.6846834    47.162629
  8.6841111    47.1625277
  8.683995     47.1624588
  8.6835813    47.1623534
  8.6830034    47.1622633
  8.6824368    47.1621402
  8.6818522    47.1620657
  8.6812682    47.1620097
  8.6806799    47.1620061
  8.680336     47.1619836
  8.6797621    47.1617686
  8.6792895    47.1615376
  8.678765     47.1613704
  8.6782305    47.1611848
  8.6776948    47.1609837
  8.6774794    47.1609195
  8.6768682    47.160798
  8.676366     47.1607052
  8.676251     47.1603906
  8.6760649    47.1600619
  8.6757658    47.1598551
  8.6755156    47.1596712
  8.6749889    47.1594432
  8.6741761    47.1594356
  8.673338     47.1594961
  8.6726064    47.1595201
  8.6723049    47.1595978
  8.6719518    47.1596995
  8.670273     47.1597075
  8.6689349    47.1595542
  8.668188     47.1594578
  8.667334     47.1594829
  8.6670572    47.1595506
  8.6666095    47.1596094
  8.666145     47.1596073
  8.665784     47.159664
  8.6652093    47.1597857
  8.6647132    47.1599336
  8.6640149    47.1603331
  8.6635093    47.1605433
  8.6627733    47.1604985
  8.662349     47.1605216
  8.6618277    47.1606241
  8.6614979    47.1607275
  8.6613939    47.1607584
  8.6612401    47.1609497
  8.6612075    47.161332
  8.6611668    47.1615011
  8.661087     47.1617794
  8.6610684    47.1619983
  8.6610587    47.1619973
  8.6609818    47.1623566
  8.6607775    47.1628354
  8.6606937    47.1633723
  8.6604541    47.1638002
  8.6604368    47.163934
  8.6605937    47.1640925
  8.6606099    47.1641156
  8.6606618    47.1641506
  8.6607083    47.164171
  8.6608051    47.1643227
  8.66072      47.1644879
  8.6607728    47.1647349
  8.6608126    47.1647598
  8.660818     47.1648865
  8.660903     47.16504
  8.6610134    47.1654043
  8.6608867    47.1657794
  8.6608121    47.166601
  8.66086      47.1673562
  8.661081     47.1678428
  8.6611616    47.1679853
  8.6611482    47.1681406
  8.6611656    47.1681958
  8.6610058    47.1683836
  8.6609372    47.1685137
  8.6609509    47.1686392
  8.6609288    47.1686991
  8.6607787    47.1686855
  8.6607068    47.168774
  8.6606987    47.1688611
  8.6605923    47.1688989
  8.660513     47.1690855
  8.6605043    47.1691875
  8.6604451    47.1692522
  8.6605173    47.169384
  8.6604409    47.1695538
  8.6604817    47.1696344
  8.6605149    47.1697748
  8.6606484    47.1699219
  8.660741     47.1703087
  8.6592695    47.1705571
  8.6590828    47.1705829
  8.6588937    47.1705979
  8.6587034    47.1706018
  8.6585132    47.1705947
  8.6583247    47.1705767
  8.658139     47.1705478
  8.6579577    47.1705082
  8.6577819    47.1704583
  8.6576129    47.1703984
  8.657452     47.170329
  8.6570017    47.1701102
  8.6568563    47.1700475
  8.6567035    47.1699937
  8.6565445    47.169949
  8.6563803    47.1699141
  8.6562123    47.169889
  8.6560418    47.1698739
  8.6558699    47.1698689
  8.6556981    47.1698742
  8.6555275    47.1698896
  8.6553597    47.1699151
  8.6551957    47.1699504
  8.6550368    47.1699952
  8.6548842    47.1700494
  8.6547391    47.1701123
  8.653077     47.1709005
  8.6529896    47.1709373
  8.652898     47.1709688
  8.6528027    47.1709948
  8.6527044    47.171015
  8.652604     47.1710294
  8.6525021    47.1710378
  8.6523996    47.1710402
  8.6522971    47.1710366
  8.6521954    47.1710269
  8.6520954    47.1710113
  8.6519977    47.1709898
  8.6519031    47.1709626
  8.6518123    47.17093
  8.6509807    47.1705577
  8.6508096    47.1704855
  8.6506303    47.1704234
  8.650444     47.1703716
  8.650252     47.1703308
  8.6500557    47.170301
  8.6498563    47.1702826
  8.6483145    47.1701806
  8.648191     47.1701702
  8.6480683    47.1701558
  8.6479467    47.1701375
  8.6478265    47.1701154
  8.647708     47.1700894
  8.6475915    47.1700596
  8.6473929    47.1700035
  8.64727      47.1699731
  8.6471446    47.1699477
  8.6470172    47.1699275
  8.6468882    47.1699125
  8.6467581    47.1699028
  8.6464321    47.1698917
  8.6462377    47.1698767
  8.6460452    47.1698533
  8.6458552    47.1698217
  8.6456685    47.1697818
  8.6454858    47.1697343
  8.6443957    47.1694199
  8.6428326    47.1690274
  8.6426096    47.1689797
  8.6423812    47.1689458
  8.6421493    47.1689257
  8.6419159    47.1689196
  8.6416824    47.1689278
  8.641451     47.16895
  8.6412234    47.1689861
  8.6410012    47.1690357
  8.639939     47.1693145
  8.6398665    47.1693355
  8.6397969    47.1693606
  8.6397307    47.1693897
  8.6396684    47.1694225
  8.6396104    47.1694588
  8.6395572    47.1694984
  8.6395091    47.1695409
  8.6394665    47.169586
  8.6394296    47.1696335
  8.6393989    47.1696829
  8.6393744    47.169734
  8.6393564    47.1697863
  8.639345     47.1698394
  8.6393403    47.169893
  8.6393422    47.1699466
  8.639351     47.17
  8.6393663    47.1700527
  8.6393881    47.1701043
  8.6397827    47.17092
  8.6397976    47.1709553
  8.6398078    47.1709914
  8.6398137    47.171028
  8.6398148    47.1710647
  8.6398111    47.1711014
  8.6398029    47.1711377
  8.63979      47.1711734
  8.6397726    47.1712082
  8.6397508    47.1712419
  8.6397248    47.1712741
  8.639695     47.1713046
  8.6396612    47.1713333
  8.639624     47.1713599
  8.6395835    47.1713841
  8.6395401    47.1714059
  8.6394939    47.171425
  8.6393749    47.1714677
  8.6392527    47.1715061
  8.6391277    47.1715399
  8.6390002    47.1715693
  8.6388706    47.171594
  8.6387392    47.171614
  8.6384428    47.1716484
  8.638145     47.1716776
  8.6378463    47.1717018
  8.6375468    47.1717207
  8.6372467    47.1717345
  8.6369462    47.1717431
  8.6366434    47.1717471
  8.6363406    47.1717459
  8.6360379    47.1717395
  8.6357356    47.1717277
  8.6354338    47.1717107
  8.6340138    47.1716075
  8.6339033    47.1716026
  8.6337926    47.1716048
  8.6336828    47.1716141
  8.6335747    47.1716302
  8.6334693    47.1716533
  8.6333675    47.1716831
  8.6328093    47.1718699
  8.6327265    47.1718964
  8.6326423    47.1719209
  8.632557     47.1719433
  8.6324706    47.1719638
  8.6323832    47.1719822
  8.6322949    47.1719985
  8.6314784    47.1721335
  8.6313357    47.1721547
  8.6311914    47.1721703
  8.6310461    47.1721803
  8.6309001    47.1721846
  8.630754     47.1721831
  8.6306083    47.1721759
  8.6291478    47.1720777
  8.6289066    47.1720666
  8.628665     47.172063
  8.6284233    47.172067
  8.6281822    47.1720785
  8.6279421    47.1720975
  8.6277036    47.1721239
  8.6262711    47.1723107
  8.6260207    47.1723481
  8.6257743    47.1723963
  8.6255332    47.1724555
  8.6252981    47.1725251
  8.6250701    47.172605
  8.6248501    47.1726947
  8.6247358    47.1727495
  8.6246258    47.1728083
  8.6245206    47.1728711
  8.6244203    47.1729375
  8.6243254    47.1730075
  8.624236     47.1730808
  8.6241489    47.1731618
  8.6240715    47.1732475
  8.6240043    47.1733371
  8.6239478    47.17343
  8.6239025    47.1735257
  8.6238683    47.1736235
  8.623846     47.1737229
  8.6238352    47.1738232
  8.6238362    47.1739238
  8.6238489    47.174024
  8.6239351    47.1744902
  8.6239525    47.1745615
  8.6239788    47.1746318
  8.6240136    47.1747001
  8.6240568    47.1747663
  8.6241081    47.1748296
  8.6241671    47.1748898
  8.6242333    47.1749464
  8.6243883    47.1750579
  8.6244622    47.1751217
  8.6245273    47.1751898
  8.6245832    47.1752615
  8.6246293    47.1753365
  8.6246653    47.1754139
  8.6250397    47.1763813
  8.6250703    47.1764485
  8.6251083    47.1765137
  8.6251535    47.1765768
  8.6252057    47.1766373
  8.6252645    47.176695
  8.6253296    47.1767494
  8.6254006    47.1768002
  8.6254771    47.1768472
  8.6263209    47.1773355
  8.6264594    47.1774204
  8.6265919    47.1775098
  8.6267181    47.1776034
  8.6268377    47.1777009
  8.6269504    47.1778021
  8.627056     47.1779067
  8.6279754    47.1788835
  8.6280282    47.1789465
  8.6280726    47.1790124
  8.6281082    47.1790809
  8.6281345    47.1791512
  8.6281516    47.1792228
  8.6281592    47.1792952
  8.6281573    47.1793678
  8.6281458    47.1794399
  8.6281248    47.1795111
  8.6280946    47.1795807
  8.6280553    47.1796482
  8.6280075    47.179713
  8.6279513    47.1797746
  8.6278872    47.1798326
  8.6278157    47.1798864
  8.6277375    47.1799356
  8.6276531    47.1799798
  8.6275632    47.1800188
  8.6265463    47.1804191
  8.6264491    47.1804614
  8.6263577    47.1805093
  8.6262729    47.1805625
  8.6261951    47.1806205
  8.6261251    47.1806829
  8.6260633    47.1807492
  8.6260102    47.180819
  8.6259663    47.1808916
  8.6259318    47.1809666
  8.625907     47.1810434
  8.6258923    47.1811213
  8.6258875    47.1811998
  8.6258886    47.1814139
  8.6258765    47.1815755
  8.625842     47.1817356
  8.6257854    47.1818928
  8.6257074    47.1820456
  8.6256085    47.1821927
  8.6254897    47.1823327
  8.6243893    47.1835075
  8.6242134    47.1836997
  8.6240405    47.1838931
  8.6238706    47.1840877
  8.6237037    47.1842835
  8.6224425    47.1858128
  8.6221989    47.1860955
  8.6219484    47.1863754
  8.6216911    47.1866524
  8.6214272    47.1869264
  8.6207679    47.1875877
  8.6207       47.1876644
  8.6206409    47.1877446
  8.6205909    47.1878275
  8.6205505    47.1879128
  8.6205196    47.1879999
  8.6204989    47.1880885
  8.620488     47.1881778
  8.6204872    47.1882674
  8.6205022    47.1885375
  8.6205139    47.1886571
  8.6205335    47.1887761
  8.6205608    47.1888945
  8.6205958    47.1890118
  8.6206384    47.1891282
  8.6206885    47.189243
  8.6209191    47.1897248
  8.6209434    47.1897868
  8.6209639    47.1898494
  8.6209806    47.1899126
  8.6209933    47.1899761
  8.6210021    47.1900401
  8.6210036    47.1900898
  8.6209985    47.1901393
  8.6209866    47.1901883
  8.6209683    47.1902364
  8.6209434    47.1902832
  8.6209124    47.1903281
  8.6208755    47.190371
  8.6208329    47.1904113
  8.6207851    47.1904488
  8.6207324    47.1904832
  8.6206157    47.1905501
  8.6204961    47.1906149
  8.6203739    47.1906772
  8.6202053    47.1907591
  8.6200322    47.1908364
  8.6198547    47.190909
  8.6196732    47.1909769
  8.6194879    47.1910398
  8.619299     47.1910977
  8.6192027    47.1911305
  8.6191106    47.1911684
  8.6190233    47.1912114
  8.6189415    47.1912591
  8.6188656    47.1913112
  8.6187962    47.1913673
  8.6184424    47.1916841
  8.6183829    47.1917332
  8.6183175    47.1917788
  8.6182469    47.1918205
  8.6181715    47.1918581
  8.6180916    47.1918912
  8.6180081    47.1919197
  8.6179213    47.1919434
  8.6177943    47.1919709
  8.6177582    47.1919823
  8.6177239    47.1919961
  8.6176919    47.1920122
  8.6176624    47.1920304
  8.6175663    47.1921042
  8.6175043    47.192162
  8.61745      47.1922232
  8.6174041    47.1922875
  8.6173667    47.1923544
  8.6173384    47.1924233
  8.617319     47.1924936
  8.617309     47.1925648
  8.6173083    47.1926364
  8.6173171    47.1927077
  8.6173351    47.1927781
  8.6173622    47.1928472
  8.6173984    47.1929144
  8.617443     47.1929791
  8.6180117    47.1937062
  8.6180764    47.193801
  8.6181292    47.1938991
  8.6181699    47.1939999
  8.6181984    47.1941026
  8.6182141    47.1942065
  8.6182172    47.194311
  8.6182075    47.1944153
  8.6181851    47.1945188
  8.6181503    47.1946205
  8.6181032    47.1947199
  8.6180442    47.1948165
  8.6179737    47.1949093
  8.617892     47.1949978
  8.6177999    47.1950813
  8.617698     47.1951594
  8.6174766    47.1953028
  8.6173732    47.1953788
  8.6172772    47.1954592
  8.6171889    47.1955436
  8.6171087    47.1956317
  8.617037     47.1957231
  8.6164957    47.1964625
  8.6164162    47.1965765
  8.6163405    47.1966916
  8.616269     47.1968079
  8.6162014    47.1969252
  8.6161378    47.1970437
  8.6160783    47.1971631
  8.6160344    47.1972603
  8.6159959    47.1973586
  8.6159629    47.1974579
  8.6159354    47.1975579
  8.6159135    47.1976585
  8.6158971    47.1977596
  8.6158277    47.1982617
  8.615802     47.1983956
  8.6157616    47.1985279
  8.6157068    47.1986577
  8.6156378    47.1987844
  8.6155551    47.1989071
  8.6154591    47.1990253
  8.6151734    47.1993389
  8.6151576    47.1993582
  8.6149141    47.1995099
  8.6145562    47.1998609
  8.6140964    47.2000778
  8.6134945    47.200442
  8.6133784    47.200562
  8.6131926    47.2010568
  8.6130118    47.2012349
  8.6130192    47.201512
  8.612949     47.2018617
  8.6128121    47.2020003
  8.6124662    47.2022363
  8.6120259    47.202383
  8.6115812    47.2024514
  8.6108075    47.2026806
  8.6102269    47.2029897
  8.6099087    47.2032241
  8.6096706    47.2034442
  8.6094951    47.2038094
  8.6092649    47.2041437
  8.6091628    47.2042468
  8.6089056    47.2044361
  8.6082237    47.2045816
  8.6078601    47.2047337
  8.6060522    47.2052405
  8.6055496    47.2051332
  8.6051159    47.2049207
  8.6048408    47.2046573
  8.6043907    47.2040501
  8.6033335    47.2031424
  8.6031609    47.2030366
  8.6030648    47.2029888
  8.6021985    47.2028678
  8.6019668    47.2027823
  8.601161     47.2023026
  8.6008709    47.2020696
  8.6002507    47.2016824
  8.6000336    47.2015681
  8.5997272    47.2014926
  8.5993964    47.2014252
  8.5990335    47.2014294
  8.5987534    47.2015073
  8.5985906    47.201579
  8.5983618    47.2017722
  8.5982156    47.2019967
  8.5979439    47.2027083
  8.5975915    47.2028306
  8.5974471    47.202927
  8.5971425    47.2032476
  8.5968169    47.2036921
  8.5966744    47.20394
  8.5965174    47.2042456
  8.596386     47.204578
  8.5963394    47.2048893
  8.5963879    47.2052831
  8.5966298    47.2054882
  8.5970286    47.2054981
  8.597206     47.2055701
  8.5973655    47.2057164
  8.5973635    47.2058914
  8.5973034    47.2061178
  8.5969596    47.2065018
  8.5966187    47.2067625
  8.5965974    47.2068158
  8.5966196    47.2070166
  8.5966682    47.2071884
  8.5972805    47.2079091
  8.5975678    47.208252
  8.5976971    47.2085511
  8.5977032    47.2089433
  8.597445     47.2092877
  8.5967478    47.2096425
  8.5963364    47.2099107
  8.5961008    47.2101222
  8.5957704    47.2105348
  8.5955078    47.2109656
  8.5953411    47.2111922
  8.5948471    47.2116694
  8.5945025    47.211913
  8.5941715    47.2120522
  8.5938907    47.2121027
  8.5936356    47.2121179
  8.5932068    47.2120655
  8.592036     47.2116805
  8.5913825    47.2115248
  8.5907289    47.2116432
  8.5900446    47.2118039
  8.5889339    47.2124596
  8.5882479    47.2126072
  8.5878907    47.2125684
  8.5874907    47.2124222
  8.5871185    47.2121336
  8.5867302    47.2116472
  8.5864729    47.2114041
  8.586233     47.2112237
  8.5860987    47.2111346
  8.585957     47.2110508
  8.5858086    47.2109728
  8.5856537    47.2109008
  8.585493     47.210835
  8.5853179    47.2107726
  8.5851375    47.2107175
  8.5849526    47.2106701
  8.5847637    47.2106304
  8.5845717    47.2105987
  8.5843772    47.2105749
  8.5835072    47.2104833
  8.5834126    47.2104752
  8.5833172    47.2104726
  8.5832221    47.2104756
  8.5831275    47.210484
  8.5830344    47.2104979
  8.5829433    47.210517
  8.5828548    47.2105415
  8.58277      47.210571
  8.5826889    47.2106052
  8.5826125    47.2106441
  8.5825411    47.2106872
  8.5824754    47.2107343
  8.5824158    47.210785
  8.5823626    47.2108389
  8.5823166    47.2108958
  8.5822776    47.2109551
  8.5822463    47.2110165
  8.5822226    47.2110794
  8.582207     47.2111435
  8.5821992    47.2112083
  8.5821404    47.2121576
  8.5821065    47.2123812
  8.5820453    47.2126023
  8.5819574    47.2128191
  8.5818432    47.2130301
  8.5817038    47.2132339
  8.5815398    47.2134291
  8.5813431    47.2136505
  8.5812463    47.2137701
  8.5811656    47.2138951
  8.5811019    47.2140246
  8.5810557    47.2141575
  8.5810273    47.2142927
  8.5810169    47.214429
  8.5810248    47.2145656
  8.5810508    47.214701
  8.5810947    47.2148343
  8.5811561    47.2149643
  8.5812345    47.2150899
  8.5813293    47.2152103
  8.5814397    47.2153243
  8.5815648    47.215431
  8.5831394    47.2166395
  8.5832113    47.2166904
  8.583276     47.2167457
  8.5833329    47.2168048
  8.5833815    47.2168672
  8.5834213    47.2169326
  8.5834521    47.2170001
  8.5834735    47.2170693
  8.5834854    47.2171395
  8.5834876    47.2172101
  8.5834802    47.2172807
  8.5834632    47.2173504
  8.5834368    47.2174188
  8.5834012    47.2174852
  8.5833566    47.217549
  8.5833075    47.2176057
  8.5832514    47.2176592
  8.5831886    47.2177092
  8.5831199    47.2177553
  8.5830455    47.2177972
  8.582966     47.2178346
  8.5828821    47.2178671
  8.5827943    47.2178946
  8.5827034    47.2179168
  8.5826101    47.2179336
  8.582515     47.2179446
  8.5824187    47.2179503
  8.5823223    47.2179501
  8.5822261    47.2179443
  8.582131     47.2179328
  8.5820378    47.2179158
  8.5813355    47.2177042
  8.5810476    47.2176277
  8.5807511    47.2175689
  8.580448     47.2175281
  8.5801409    47.2175059
  8.579832     47.2175023
  8.5795239    47.2175173
  8.5792189    47.2175508
  8.5789195    47.2176026
  8.578628     47.2176722
  8.5783467    47.2177592
  8.5780778    47.2178628
  8.5778234    47.2179822
  8.5777065    47.2180477
  8.5775979    47.2181196
  8.5774982    47.2181973
  8.5774083    47.2182803
  8.5773286    47.218368
  8.5772597    47.2184599
  8.5772397    47.2184917
  8.5772224    47.2185241
  8.5772077    47.2185571
  8.5771957    47.2185907
  8.5771864    47.2186246
  8.5771798    47.2186589
  8.5766679    47.2187346
  8.576673     47.2186097
  8.5766935    47.2184309
  8.5767952    47.2178622
  8.5767385    47.2178398
  8.5766797    47.2178072
  8.5767241    47.217728
  8.5767232    47.2176456
  8.5766236    47.2175918
  8.5765562    47.2175649
  8.5765849    47.2175225
  8.5761234    47.2173066
  8.5759621    47.2172553
  8.575714     47.2171965
  8.5750336    47.2170598
  8.5747326    47.2170066
  8.574609     47.2170008
  8.5744872    47.2170158
  8.574374     47.2170666
  8.5743419    47.2170915
  8.5743158    47.2171803
  8.5743978    47.2175198
  8.5743639    47.2176302
  8.5742508    47.2177151
  8.5736566    47.2179454
  8.5731243    47.2182935
  8.5728506    47.2183832
  8.5724071    47.2184251
  8.5712705    47.2185061
  8.5709091    47.2184993
  8.5702746    47.2183907
  8.5699527    47.2183833
  8.5685068    47.2185237
  8.568128     47.2185216
  8.5676481    47.2184862
  8.5671457    47.2185222
  8.5669622    47.218577
  8.5667276    47.2186781
  8.5662645    47.218967
  8.5657842    47.2191043
  8.5657658    47.2190717
  8.5655521    47.2191513
  8.5655229    47.2191539
  8.5653       47.21923
  8.5652687    47.2192447
  8.5651832    47.2192543
  8.5649108    47.2193355
  8.5648872    47.2193494
  8.5647559    47.219385
  8.5646111    47.2194387
  8.5645659    47.2194659
  8.5642244    47.2195971
  8.564168     47.219613
  8.5641283    47.219613
  8.5635175    47.219574
  8.5626531    47.2195568
  8.5610963    47.2195431
  8.5603556    47.2195427
  8.5598921    47.2197173
  8.5596303    47.2198461
  8.5589601    47.2202036
  8.558838     47.2202598
  8.5587891    47.2203186
  8.5583652    47.2210958
  8.5583067    47.2211868
  8.5582461    47.2212662
  8.5581426    47.2212273
  8.5580486    47.2213306
  8.5579411    47.2214276
  8.5578207    47.2215176
  8.5576885    47.2215998
  8.5575904    47.2216519
  8.5574876    47.2216996
  8.5554638    47.2225639
  8.5545387    47.2229365
  8.5542553    47.2230551
  8.5538472    47.2232358
  8.5531056    47.2220231
  8.5529656    47.2216542
  8.5526717    47.2216317
  8.5512347    47.2216961
  8.5499788    47.2218757
  8.5486503    47.2220065
  8.5480091    47.2219793
  8.5473072    47.2219745
  8.5472993    47.2219427
  8.547253     47.2219438
  8.5471848    47.2219641
  8.5469514    47.221965
  8.5468185    47.2219351
  8.5464828    47.2217788
  8.5461981    47.2216201
  8.5458894    47.2213958
  8.5455956    47.2214971
  8.5454087    47.2215146
  8.5451561    47.2215281
  8.5451075    47.2217077
  8.5444296    47.2219202
  8.5434507    47.2220457
  8.5432319    47.222074
  8.5405939    47.2227373
  8.5398611    47.2229867
  8.5397887    47.2230155
  8.5396051    47.2230163
  8.5394525    47.2230587
  8.5393828    47.2230744
  8.5393407    47.2230799
  8.5392256    47.223054
  8.5392189    47.2230062
  8.5391657    47.2229042
  8.5391709    47.2228443
  8.5391008    47.2227997
  8.5390678    47.2227385
  8.5390066    47.2226997
  8.5389284    47.22269
  8.5388713    47.2226723
  8.5388057    47.2226697
  8.5387527    47.2225886
  8.5386656    47.2225649
  8.538577     47.2225466
  8.5384809    47.2224282
  8.5384383    47.2224304
  8.5383324    47.222357
  8.5382735    47.2223586
  8.538123     47.2222946
  8.5380068    47.2222055
  8.5379647    47.2222017
  8.5379117    47.2222067
  8.5377867    47.2221737
  8.5377538    47.2221269
  8.5376451    47.2221221
  8.5375599    47.2220889
  8.5374987    47.2220729
  8.5374508    47.2220145
  8.5372121    47.2219442
  8.5370896    47.2218564
  8.5369888    47.2218424
  8.5369301    47.2218003
  8.5368488    47.2217843
  8.5367283    47.2217814
  8.5366738    47.2216619
  8.5366595    47.2215896
  8.5366077    47.2215471
  8.5366586    47.2213959
  8.5366472    47.221264
  8.5366687    47.2211528
  8.5365989    47.2210415
  8.5365431    47.2209843
  8.5365756    47.2208644
  8.536521     47.2208344
  8.5364968    47.2207816
  8.5364085    47.2207201
  8.5364187    47.2206609
  8.5363727    47.2205994
  8.5360864    47.2206122
  8.5359639    47.2206481
  8.5358702    47.2207327
  8.5357242    47.2208065
  8.533745     47.2214705
  8.5335557    47.2215404
  8.5333338    47.2216391
  8.5331259    47.2217508
  8.5329684    47.2218507
  8.5326217    47.222094
  8.5325536    47.2221313
  8.5325287    47.2221047
  8.5325097    47.2221129
  8.5324796    47.2220869
  8.5324778    47.2220487
  8.5324852    47.2219857
  8.5325216    47.2218915
  8.5325691    47.2218157
  8.5325448    47.2217441
  8.5325718    47.2217018
  8.5326101    47.2216721
  8.5325963    47.2215856
  8.5326012    47.2215277
  8.5326213    47.2214465
  8.5326276    47.2213682
  8.5325998    47.2213271
  8.5326019    47.2212762
  8.5325719    47.221226
  8.5325493    47.2210467
  8.5325345    47.2209991
  8.5325376    47.2209743
  8.5325577    47.2209428
  8.5325756    47.2208729
  8.5325236    47.2207067
  8.5325253    47.2206485
  8.5324124    47.2205348
  8.5323826    47.2204973
  8.5323049    47.2204821
  8.5323018    47.2204602
  8.5322739    47.2203986
  8.5321808    47.2203647
  8.5321199    47.2203123
  8.5321043    47.2202694
  8.5320559    47.2202141
  8.5319506    47.2201499
  8.5319061    47.2200935
  8.5319074    47.2200386
  8.5319344    47.2199659
  8.5318574    47.2199049
  8.5318548    47.2198149
  8.5318758    47.2197486
  8.5318709    47.219709
  8.5318255    47.2196387
  8.5318327    47.2195952
  8.5318826    47.2195384
  8.5318679    47.2194929
  8.5318153    47.2194536
  8.5317903    47.2194157
  8.531829     47.2193384
  8.5317577    47.2192765
  8.5317475    47.2192227
  8.5317659    47.2191491
  8.5316923    47.2190917
  8.5317311    47.2190578
  8.5317334    47.2190213
  8.531705     47.2189306
  8.5317648    47.2189003
  8.5317551    47.2188276
  8.5317825    47.2187426
  8.5318219    47.2187081
  8.5318113    47.2186625
  8.5318346    47.2186262
  8.531828     47.2185715
  8.5318144    47.2185239
  8.5318699    47.2184809
  8.5318748    47.2184511
  8.5318345    47.2184048
  8.5318406    47.2183511
  8.5318918    47.2182992
  8.5319006    47.2182681
  8.5317817    47.2182093
  8.5316476    47.2181169
  8.531583     47.2180591
  8.5315698    47.218013
  8.5315773    47.2179369
  8.5315616    47.2178832
  8.5315203    47.2178379
  8.5314034    47.2177606
  8.5312444    47.2177026
  8.5312197    47.2176786
  8.5311527    47.2176578
  8.5311011    47.2176231
  8.53109      47.2175614
  8.5309698    47.2175643
  8.5308795    47.2175992
  8.530723     47.2176891
  8.5306504    47.2177062
  8.5305053    47.2177026
  8.5303817    47.2177166
  8.5302524    47.2177122
  8.5301375    47.2177514
  8.5301079    47.2177744
  8.5300984    47.2178051
  8.5301242    47.2179073
  8.5300914    47.2179633
  8.530044     47.2180729
  8.5299983    47.2181419
  8.5299361    47.2181707
  8.5298287    47.2181893
  8.5297082    47.2182265
  8.5296295    47.2182628
  8.5293012    47.2183183
  8.529252     47.2183226
  8.5291699    47.2184029
  8.5290673    47.2184371
  8.5289962    47.2184362
  8.5289674    47.218452
  8.5288848    47.2185279
  8.5288077    47.218569
  8.5287392    47.2185633
  8.5286638    47.2185291
  8.5285524    47.2185362
  8.5284446    47.2185851
  8.5283326    47.2186109
  8.5282128    47.2186205
  8.5281784    47.2186037
  8.5280159    47.2185979
  8.5279852    47.2186104
  8.5278905    47.2186146
  8.5277621    47.218612
  8.5276935    47.2186096
  8.5276389    47.2185976
  8.5274722    47.2186007
  8.5273581    47.2185767
  8.5273001    47.2185804
  8.5272634    47.2186131
  8.52722      47.2186273
  8.5270423    47.2186274
  8.5269768    47.2186401
  8.52689      47.2186809
  8.5268041    47.2187058
  8.5267155    47.2187099
  8.5266334    47.2186748
  8.526551     47.2186537
  8.5264182    47.2186493
  8.526249     47.2185889
  8.5261052    47.2186268
  8.5260174    47.2186071
  8.5259433    47.2185738
  8.5258967    47.2185954
  8.5258751    47.2186541
  8.525882     47.2187389
  8.5258743    47.2188083
  8.5257746    47.2188755
  8.5257035    47.2188716
  8.5256381    47.21882
  8.5255751    47.2188046
  8.5255002    47.218749
  8.5253914    47.2187206
  8.5252316    47.2187403
  8.5251449    47.2188059
  8.5250736    47.2188488
  8.524968     47.2188295
  8.524837     47.218844
  8.52466      47.2188059
  8.5245837    47.2187813
  8.5244292    47.2187399
  8.5242781    47.2187211
  8.5241969    47.2187356
  8.5241351    47.21877
  8.5240364    47.218769
  8.5239326    47.2187518
  8.5238447    47.2187807
  8.5238509    47.218839
  8.5238394    47.2188781
  8.523785     47.2188967
  8.5237086    47.2188995
  8.5235269    47.2188311
  8.5233434    47.2188563
  8.5232338    47.218854
  8.5231724    47.2188386
  8.5231563    47.2187995
  8.5232011    47.2187707
  8.5232236    47.2187444
  8.5231999    47.2187243
  8.5231282    47.2187144
  8.5230456    47.2187525
  8.5228811    47.2188931
  8.5228325    47.2188992
  8.5226465    47.2188402
  8.5225148    47.2188249
  8.5224461    47.2188788
  8.522423     47.2189201
  8.5223422    47.2189334
  8.5222567    47.2189321
  8.5220273    47.2189483
  8.5219676    47.2189679
  8.5219221    47.2190133
  8.5218256    47.2191687
  8.5217645    47.2193244
  8.521672     47.2193646
  8.5216021    47.2193808
  8.5215343    47.2194589
  8.5214231    47.2194846
  8.5214293    47.2195375
  8.521533     47.2195799
  8.5216302    47.2196522
  8.521677     47.2197223
  8.5216533    47.2197954
  8.5215728    47.2198769
  8.5216553    47.219954
  8.5212247    47.2201793
  8.5210753    47.2199962
  8.5209406    47.2198098
  8.5208384    47.2196513
  8.5206454    47.219326
  8.5179189    47.2195751
  8.5174987    47.2196017
  8.5168923    47.2196054
  8.5126429    47.2193964
  8.5125744    47.2194135
  8.5124712    47.2189711
  8.5124387    47.2186572
  8.512552     47.2182364
  8.512713     47.2174891
  8.5127054    47.2173066
  8.5127903    47.2170832
  8.5127559    47.2169894
  8.5126714    47.216897
  8.5126112    47.2166368
  8.5128385    47.2165396
  8.5127931    47.2165027
  8.5127924    47.2164454
  8.5127743    47.2164162
  8.5127241    47.2163758
  8.5126946    47.2163302
  8.5126729    47.2162502
  8.5125876    47.2160409
  8.5123428    47.2155177
  8.5121799    47.2154899
  8.5116189    47.2155125
  8.5109209    47.2156053
  8.5104132    47.2156972
  8.5100312    47.2154212
  8.5097117    47.2151981
  8.5094203    47.2149674
  8.5091441    47.2150509
  8.508589     47.2149192
  8.5081449    47.2147156
  8.5079627    47.2146094
  8.5074145    47.2143972
  8.5073104    47.2143771
  8.5072032    47.2143904
  8.5063302    47.2145541
  8.5054623    47.2147019
  8.5051083    47.2147703
  8.5050663    47.2147566
  8.505214     47.2146213
  8.5053395    47.2144927
  8.5055131    47.2143013
  8.5058969    47.2138566
  8.5058121    47.2137851
  8.5058084    47.2137746
  8.5052102    47.2135322
  8.5050438    47.2134267
  8.5046181    47.2131724
  8.5043524    47.2129371
  8.5042309    47.2127994
  8.5038521    47.2125773
  8.5032043    47.2123857
  8.5033242    47.2122387
  8.5028209    47.2121066
  8.5018294    47.2118832
  8.5012839    47.2118336
  8.5003181    47.2118637
  8.4993021    47.2119614
  8.4984049    47.2120682
  8.4981228    47.2123468
  8.4978824    47.2123078
  8.4973914    47.2122671
  8.4970204    47.2121877
  8.4958711    47.2120343
  8.4953714    47.2119354
  8.4950129    47.2119053
  8.4946546    47.2118945
  8.4937598    47.2119476
  8.4931639    47.2119341
  8.4930581    47.2119193
  8.4927647    47.2118414
  8.4923353    47.2116245
  8.4917614    47.2113735
  8.4906159    47.2110713
  8.48931      47.210879
  8.4891424    47.2108123
  8.4891113    47.2107882
  8.4883644    47.2104472
  8.4883151    47.2104345
  8.4882297    47.2104054
  8.4873839    47.2099987
  8.4867048    47.2096651
  8.4864651    47.2095555
  8.4857235    47.209169
  8.4854678    47.2090416
  8.4845319    47.2086993
  8.4840579    47.2085413
  8.4838348    47.2084469
  8.4836588    47.2084527
  8.4834171    47.2087812
  8.4818277    47.2086703
  8.4813638    47.2086439
  8.4811028    47.2086886
  8.4808785    47.2087146
  8.4806851    47.2087209
  8.4805678    47.2087027
  8.4804768    47.2086764
  8.4803511    47.2086598
  8.4802506    47.2086285
  8.4799864    47.2085852
  8.479908     47.2086201
  8.4772643    47.2093802
  8.4772114    47.2093188
  8.4771743    47.2093374
  8.4762304    47.21002
  8.4755436    47.2096004
  8.475166     47.2089272
  8.4740246    47.2087725
  8.4733071    47.208524
  8.4730125    47.2088541
  8.4729143    47.2090006
  8.472785     47.2092441
  8.4726304    47.2094869
  8.4726569    47.2096238
  8.473044     47.2097313
  8.472998     47.2099763
  8.47289      47.2101883
  8.4731437    47.2103196
  8.4738462    47.2106229
  8.4735588    47.2107817
  8.4733292    47.2109615
  8.4724785    47.2116941
  8.472267     47.2118092
  8.4719377    47.2119237
  8.4715126    47.2120008
  8.4704236    47.2119217
  8.4703747    47.2122262
  8.470101     47.2134031
  8.4688737    47.2132362
  8.4686122    47.2131269
  8.4685805    47.2131119
  8.4685506    47.2130955
  8.4685089    47.2130683
  8.4684836    47.2130486
  8.4684496    47.2130168
  8.4683215    47.2129543
  8.4678397    47.2134127
  8.4676479    47.2135998
  8.4675537    47.2136942
  8.4673695    47.2138848
  8.4672793    47.2139809
  8.4670802    47.2141987
  8.4670479    47.2142282
  8.4670115    47.2142553
  8.4669849    47.2142718
  8.4669616    47.2142807
  8.4669356    47.2142849
  8.4669087    47.2142851
  8.466873     47.2142819
  8.4668384    47.214275
  8.4666664    47.2142202
  8.4665082    47.2141742
  8.4663478    47.2141323
  8.4661851    47.2140944
  8.4660205    47.2140607
  8.4658542    47.2140312
  8.4656417    47.2140001
  8.4655348    47.2139866
  8.4654275    47.2139745
  8.4652121    47.2139546
  8.4648903    47.2139304
  8.4645681    47.2139087
  8.4645097    47.2139228
  8.4643647    47.2139119
  8.4636679    47.2138701
  8.4636571    47.2139412
  8.4634796    47.2139298
  8.4632417    47.2139093
  8.4630109    47.2138767
  8.4627831    47.2138328
  8.4625614    47.2137776
  8.4620803    47.2136356
  8.4620058    47.2135996
  8.4618585    47.2135874
  8.4614135    47.2136297
  8.4614109    47.2136728
  8.4613447    47.2138839
  8.4611121    47.2141273
  8.4609701    47.2142787
  8.46087      47.2144515
  8.4605956    47.2150602
  8.4604341    47.2153246
  8.4599638    47.2157356
  8.4597127    47.2159752
  8.4595989    47.2161076
  8.4592686    47.2164633
  8.458916     47.2168111
  8.458708     47.2170007
  8.4585109    47.2170094
  8.4583275    47.2170597
  8.457833     47.2172812
  8.4576369    47.2174012
  8.4572625    47.2177032
  8.457137     47.2178609
  8.4566885    47.2185705
  8.4561384    47.2184819
  8.4559865    47.2183932
  8.4556466    47.2185415
  8.455383     47.2184393
  8.4551815    47.2183184
  8.4549366    47.2182333
  8.4544475    47.2180944
  8.4542457    47.2180556
  8.4531189    47.2177999
  8.4529553    47.2177593
  8.4525636    47.2178895
  8.4523178    47.2179996
  8.4521549    47.2180796
  8.4519349    47.2182118
  8.4518805    47.2182555
  8.4518072    47.2182971
  8.4516435    47.2183751
  8.4518811    47.2183735
  8.4521166    47.2183927
  8.4523453    47.2184328
  8.452568     47.2184908
  8.453044     47.2186321
  8.4528177    47.2188836
  8.4525566    47.2191505
  8.4523142    47.2193777
  8.4521075    47.2195991
  8.4505528    47.2194671
  8.4502595    47.2194675
  8.4502942    47.2196475
  8.4503073    47.2202419
  8.4502989    47.2202097
  8.4502826    47.220179
  8.4502589    47.2201507
  8.4502284    47.2201255
  8.4501934    47.2201049
  8.4501538    47.2200885
  8.4501107    47.2200769
  8.4500656    47.2200702
  8.4500194    47.2200687
  8.4479339    47.2201084
  8.4478072    47.2200234
  8.4478004    47.2202997
  8.447795     47.2208046
  8.4477737    47.2209324
  8.4477053    47.2210607
  8.4476058    47.2211787
  8.4474838    47.2212863
  8.4473521    47.2213829
  8.4468148    47.2217004
  8.4466426    47.2218375
  8.4465025    47.2219924
  8.4464348    47.2221193
  8.446424     47.2222981
  8.4465857    47.2228198
  8.4466505    47.2233776
  8.4465845    47.223377
  8.4459229    47.2233341
  8.4453571    47.2232314
  8.4446166    47.2230674
  8.444039     47.2227723
  8.4438108    47.2226361
  8.4435092    47.2228862
  8.443172     47.22308
  8.4430087    47.2233089
  8.4428595    47.2235878
  8.4426276    47.2235636
  8.4422941    47.2239259
  8.4422757    47.2239218
  8.4415717    47.2248469
  8.4411321    47.2252139
  8.4400279    47.224325
  8.4396969    47.2241995
  8.4390633    47.2239005
  8.4371675    47.2236853
  8.4360573    47.2238096
  8.4359024    47.2237705
  8.4355444    47.2236894
  8.4323153    47.224124
  8.4303335    47.2248694
  8.4302008    47.2249062
  8.4300629    47.224932
  8.4299222    47.2249466
  8.4297692    47.2249498
  8.4296497    47.2249431
  8.4295208    47.2249266
  8.4294041    47.2249031
  8.4292915    47.2248717
  8.4274659    47.2242237
  8.427204     47.2241373
  8.4269615    47.2240647
  8.4267649    47.2240104
  8.4266156    47.223974
  8.4256419    47.2237551
  8.4255711    47.2237414
  8.4254633    47.2237373
  8.4252849    47.223753
  8.4251784    47.2237541
  8.424895     47.2237269
  8.4243626    47.2236484
  8.424187     47.2236065
  8.4241398    47.2235895
  8.4240166    47.223573
  8.4238254    47.2235581
  8.4237323    47.2235412
  8.4236301    47.2235305
  8.4235648    47.2235291
  8.4234671    47.2235191
  8.4233102    47.2235156
  8.423262     47.2235085
  8.4231899    47.2234867
  8.4231491    47.2234679
  8.423064     47.2234486
  8.4229835    47.2234536
  8.4226788    47.2234232
  8.4225982    47.2234075
  8.4223549    47.2233969
  8.4222441    47.2233621
  8.4221513    47.2233389
  8.4220843    47.2233323
  8.4219696    47.2233232
  8.4219065    47.2233467
  8.4216951    47.2233195
  8.4216683    47.2234425
  8.4215275    47.223795
  8.4214614    47.2242875
  8.4213824    47.2246598
  8.4212276    47.2250749
  8.4209403    47.2256458
  8.4208269    47.2257241
  8.4205744    47.2257434
  8.420145     47.2257372
  8.4199686    47.2257616
  8.4198637    47.225803
  8.419443     47.2260827
  8.419186     47.226286
  8.4189573    47.2263095
  8.4187037    47.2261632
  8.4185323    47.2261754
  8.4182539    47.2265143
  8.4181858    47.2266196
  8.4182877    47.2267704
  8.4183537    47.2269501
  8.418213     47.2271992
  8.4180528    47.2277879
  8.4180106    47.2281166
  8.4179507    47.2284131
  8.4178555    47.228587
  8.4177786    47.228643
  8.4172516    47.2288216
  8.4172218    47.2289572
  8.4173737    47.2291781
  8.4173835    47.2293525
  8.4172825    47.2297114
  8.4171683    47.2303641
  8.4169749    47.2307264
  8.416928     47.23145
  8.416844     47.2320552
  8.4168407    47.2322689
  8.416879     47.2327074
  8.4169585    47.2330802
  8.4170363    47.2337708
  8.4168942    47.2340742
  8.4166432    47.2345423
  8.416604     47.2348148
  8.4167539    47.235257
  8.4166798    47.2353853
  8.4162769    47.2358489
  8.416226     47.2361007
  8.4163858    47.2365307
  8.4164975    47.2369727
  8.4164175    47.2371448
  8.4162608    47.2373517
  8.4158041    47.2376582
  8.4154225    47.2380573
  8.4152874    47.2383265
  8.4151727    47.2384457
  8.4144636    47.2387459
  8.4142578    47.2389419
  8.4142062    47.2391537
  8.4142514    47.2393859
  8.4144119    47.2395676
  8.4146649    47.239749
  8.4151307    47.2399798
  8.4156412    47.2401266
  8.4158685    47.240345
  8.4160673    47.2406384
  8.4164201    47.2409714
  8.4165048    47.2410876
  8.4164972    47.2413211
  8.4163449    47.2414816
  8.4160337    47.2417271
  8.4158823    47.2421143
  8.4157894    47.242304
  8.415535     47.2424419
  8.4149121    47.242548
  8.4146118    47.2426634
  8.4144886    47.2427913
  8.4141162    47.2435181
  8.4140093    47.2436697
  8.4134334    47.2443555
  8.4132376    47.2447777
  8.4130967    47.2452332
  8.4130181    47.2460672
  8.4127393    47.2465706
  8.4123425    47.2470471
  8.4119449    47.2474125
  8.4111356    47.2479456
  8.4108594    47.2480892
  8.4105082    47.2482406
  8.4100839    47.2483746
  8.4086317    47.2498447
  8.4085473    47.2499285
  8.4084615    47.2500117
  8.4083744    47.2500942
  8.4082858    47.2501761
  8.4081983    47.2502581
  8.4081093    47.2503394
  8.408019     47.2504199
  8.4079273    47.2504998
  8.4078338    47.2505795
  8.407739     47.2506585
  8.4076428    47.2507367
  8.4075454    47.2508141
  8.4074457    47.2508901
  8.4073447    47.2509654
  8.4072425    47.2510398
  8.4071391    47.2511134
  8.4066764    47.2514361
  8.4062166    47.2517598
  8.4057546    47.252083
  8.4052953    47.2524044
  8.4048326    47.2527238
  8.4043727    47.253047
  8.404288     47.2531041
  8.4042052    47.2531624
  8.4041245    47.253222
  8.4040564    47.2532723
  8.4039895    47.2533234
  8.4039244    47.2533754
  8.4038605    47.2534282
  8.4037962    47.2534802
  8.4037332    47.253533
  8.4036718    47.2535866
  8.4036118    47.253641
  8.4035556    47.2536973
  8.4035008    47.2537543
  8.4034476    47.253812
  8.4033962    47.2538703
  8.4033447    47.2539288
  8.4032948    47.2539879
  8.4032465    47.2540477
  8.4032       47.254108
  8.4031567    47.2541694
  8.4031151    47.2542314
  8.4030752    47.2542938
  8.403037     47.2543567
  8.4029986    47.2544197
  8.4029619    47.254483
  8.402927     47.2545468
  8.4028938    47.254611
  8.4028651    47.2546752
  8.4028381    47.2547397
  8.4028128    47.2548046
  8.4027894    47.2548697
  8.4027641    47.2549369
  8.4027408    47.2550043
  8.4027194    47.255072
  8.4026999    47.25514
  8.4026857    47.2552073
  8.4026734    47.2552748
  8.402663     47.2553424
  8.4026544    47.2554102
  8.4026452    47.2554779
  8.4026378    47.255546
  8.4026323    47.255614
  8.4026287    47.2556821
  8.4026285    47.2557491
  8.4026302    47.2558163
  8.4026336    47.2558834
  8.4026389    47.2559504
  8.4026453    47.2560184
  8.4026536    47.2560863
  8.4026637    47.2561541
  8.4026758    47.2562217
  8.4026902    47.2562892
  8.4027064    47.2563564
  8.4027245    47.2564234
  8.4027445    47.2564902
  8.4027664    47.2565565
  8.40279      47.2566226
  8.4028155    47.2566883
  8.4028428    47.2567537
  8.4028727    47.2568188
  8.4029044    47.2568834
  8.402938     47.2569475
  8.4029732    47.2570114
  8.4030105    47.2570746
  8.4030494    47.2571375
  8.4030901    47.2571998
  8.4031326    47.2572616
  8.4033507    47.2575753
  8.4036322    47.2579769
  8.4039127    47.2583841
  8.4039967    47.2585004
  8.4040421    47.2585663
  8.4040855    47.2586329
  8.404127     47.2587
  8.4041664    47.2587677
  8.4042035    47.2588369
  8.4042385    47.2589067
  8.4042713    47.2589769
  8.4043021    47.2590475
  8.4043308    47.2591183
  8.4043572    47.2591893
  8.4043818    47.2592609
  8.404404     47.2593327
  8.4044243    47.2594045
  8.4044425    47.2594766
  8.4044585    47.2595489
  8.4044723    47.2596215
  8.4044841    47.2596942
  8.4044937    47.2597669
  8.404501     47.2598399
  8.4045063    47.2599129
  8.4045089    47.2599863
  8.4045095    47.2600597
  8.4045077    47.2601331
  8.4045038    47.2602065
  8.4044977    47.260279
  8.4044896    47.2603515
  8.4044792    47.2604238
  8.4044667    47.2604959
  8.4044351    47.2606413
  8.4043946    47.2607857
  8.4043457    47.2609288
  8.4042881    47.2610705
  8.4042562    47.2611407
  8.4042221    47.2612105
  8.404186     47.2612797
  8.4041477    47.2613484
  8.4041081    47.2614159
  8.4040665    47.2614827
  8.4040228    47.261549
  8.4039773    47.2616146
  8.4039287    47.2616806
  8.4038782    47.2617459
  8.4038257    47.2618104
  8.4037712    47.2618742
  8.4037147    47.2619374
  8.4036563    47.2619996
  8.403596     47.262061
  8.4035338    47.2621218
  8.4034715    47.2621805
  8.4034074    47.2622384
  8.4033417    47.2622954
  8.4032743    47.2623515
  8.4031327    47.2624621
  8.4029846    47.2625686
  8.4028302    47.2626709
  8.4026699    47.2627689
  8.4019625    47.2631859
  8.4018666    47.2632429
  8.4017731    47.2633018
  8.4016822    47.2633626
  8.4015942    47.2634253
  8.4014959    47.2635032
  8.4014016    47.2635835
  8.4013117    47.263666
  8.4012262    47.2637506
  8.4011425    47.2638385
  8.4010637    47.2639284
  8.4009897    47.2640201
  8.4009207    47.2641137
  8.4008613    47.2642107
  8.4008071    47.2643092
  8.4007582    47.2644089
  8.4007148    47.2645098
  8.400667     47.2646102
  8.4006247    47.2647117
  8.400588     47.2648143
  8.4005566    47.2649177
  8.4005356    47.2650213
  8.4005201    47.2651254
  8.4005101    47.2652298
  8.4005057    47.2653344
  8.4005062    47.26544
  8.4005124    47.2655456
  8.4005243    47.2656509
  8.4005419    47.2657558
  8.4005626    47.2658398
  8.400587     47.2659233
  8.400615     47.2660063
  8.4006466    47.2660886
  8.4007694    47.2664185
  8.400939     47.2668532
  8.4011126    47.267299
  8.401282     47.267729
  8.4014434    47.2681588
  8.4022735    47.2703876
  8.4024388    47.2713237
  8.4022398    47.2722527
  8.4019988    47.2727097
  8.4016921    47.2731142
  8.4008266    47.2738533
  8.3964964    47.2767225
  8.3960636    47.2770406
  8.3956875    47.2773601
  8.395006     47.2780879
  8.3945042    47.2788453
  8.3941549    47.2796712
  8.3937639    47.2810325
  8.3930881    47.2834213
  8.3927795    47.2841965
  8.392419     47.2849829
  8.3920318    47.2857381
  8.3916132    47.2864923
  8.3911256    47.2874465
  8.3903763    47.2883725
  8.3893932    47.289322
  8.3886464    47.2900271
  8.3895077    47.2902932
  8.3900056    47.2904822
  8.389896     47.2906274
  8.3899493    47.2906544
  8.3901577    47.2905814
  8.3902646    47.29057
  8.3904758    47.2905952
  8.3905407    47.2906077
  8.3906034    47.2906245
  8.3906632    47.2906454
  8.3907206    47.2906711
  8.3907741    47.2907004
  8.3908228    47.2907334
  8.3910329    47.2908996
  8.3910771    47.2909305
  8.391126     47.2909578
  8.3911792    47.2909813
  8.3912359    47.2910005
  8.3912962    47.2910145
  8.3913828    47.2910258
  8.3914857    47.2910284
  8.3920698    47.2909958
  8.3921401    47.2909851
  8.3922078    47.2909699
  8.3923975    47.2909137
  8.3924631    47.290914
  8.3925929    47.2908649
  8.3927091    47.2909153
  8.3930779    47.2906539
  8.393245     47.2905646
  8.3935828    47.2904376
  8.3937214    47.2903741
  8.3941261    47.2901543
  8.3943145    47.2900137
  8.3946967    47.2896205
  8.3945316    47.2895209
  8.3945814    47.2894895
  8.3946379    47.2894636
  8.3948718    47.2893836
  8.3950169    47.289324
  8.3950912    47.2892887
  8.3963378    47.2886177
  8.3964841    47.2885463
  8.3967607    47.2882612
  8.3970634    47.2879233
  8.397141     47.2878917
  8.3972296    47.2879033
  8.4002929    47.2889954
  8.4002158    47.2891179
  8.4002985    47.2890925
  8.4006261    47.2891875
  8.4009897    47.2893351
  8.4015302    47.2895037
  8.4022142    47.2898439
  8.4025105    47.2900732
  8.4027636    47.2901874
  8.4031208    47.2903048
  8.4034628    47.2904403
  8.4037216    47.2905651
  8.4039571    47.2907141
  8.4040766    47.2907758
  8.4035878    47.2917619
  8.4041794    47.2919068
  8.4047132    47.2920329
  8.4057571    47.2922577
  8.4063888    47.2923734
  8.4070354    47.2924658
  8.4076888    47.2925366
  8.4128082    47.2929685
  8.4130749    47.2930014
  8.4133302    47.2930582
  8.4136503    47.2931506
  8.4139616    47.2932656
  8.4144317    47.2934936
  8.4146619    47.2936004
  8.414956     47.2937371
  8.415309     47.2938576
  8.4155361    47.2938956
  8.4158641    47.293931
  8.4161967    47.2939816
  8.416334     47.2939786
  8.416523     47.2939468
  8.4170711    47.2938062
  8.4171411    47.29384
  8.4172269    47.2938629
  8.417544     47.2940376
  8.4182637    47.2943677
  8.4187323    47.2945374
  8.4188191    47.2945856
  8.4188992    47.294674
  8.4190977    47.2950343
  8.4191764    47.2951093
  8.4193236    47.2951956
  8.419257     47.295198
  8.419009     47.2953979
  8.4202384    47.2957012
  8.4200856    47.2958989
  8.4199482    47.2963055
  8.4199027    47.2965114
  8.4199542    47.2966251
  8.4202213    47.2969319
  8.4204195    47.297128
  8.421003     47.2975029
  8.421581     47.2977792
  8.421703     47.2979521
  8.4217162    47.2979644
  8.4217473    47.2980375
  8.4220059    47.2978638
  8.4222366    47.2977501
  8.4228244    47.2981612
  8.4231673    47.2983784
  8.4240494    47.2987382
  8.4246254    47.2988757
  8.424708     47.2989534
  8.4248942    47.2991048
  8.4253182    47.2993137
  8.4257916    47.2994861
  8.4258374    47.2995222
  8.4261493    47.299601
  8.4266164    47.2996788
  8.4267783    47.2996855
  8.426796     47.2998021
  8.4271011    47.2998835
  8.4273982    47.3000173
  8.427983     47.3003519
  8.4282059    47.3004042
  8.4285425    47.3004409
  8.4287698    47.3005175
  8.4291373    47.3006768
  8.428552     47.3011519
  8.4287417    47.301361
  8.4290518    47.3017696
  8.4293788    47.3022305
  8.4296101    47.3026747
  8.4297357    47.3030313
  8.4298872    47.3034194
  8.4300785    47.303728
  8.4303379    47.303709
  8.4304853    47.3040554
  8.4305892    47.3043378
  8.4306105    47.3044807
  8.4306221    47.3046242
  8.430748     47.3049863
  8.4307098    47.3051723
  8.4307703    47.3052069
  8.4305822    47.3053583
  8.4304454    47.3054544
  8.4298524    47.3058232
  8.4297995    47.3058659
  8.4297527    47.3059116
  8.4297123    47.3059602
  8.4296786    47.3060113
  8.429652     47.3060643
  8.4296346    47.3061141
  8.4296214    47.3061744
  8.4295651    47.3065748
  8.4295003    47.306907
  8.429452     47.3070272
  8.4293786    47.307143
  8.4292798    47.3072432
  8.4294889    47.3073684
  8.4297221    47.307401
  8.4303657    47.3076105
  8.4307589    47.3077257
  8.4309958    47.3078005
  8.4311858    47.3078949
  8.4318509    47.3082904
  8.4320804    47.3083764
  8.4321974    47.3086703
  8.4321816    47.3089643
  8.4321549    47.3092681
  8.4320242    47.3100483
  8.4319784    47.3105928
  8.4318008    47.3107904
  8.4319339    47.3110442
  8.4320539    47.3115441
  8.4323032    47.3118366
  8.4327314    47.3121698
  8.4331796    47.3124153
  8.4336047    47.3126351
  8.4340097    47.3129511
  8.4345738    47.3133464
  8.4352022    47.3136334
  8.4355661    47.313815
  8.4359645    47.3141613
  8.4361366    47.3145646
  8.4362123    47.3147198
  8.4362197    47.3148352
  8.4362127    47.3151962
  8.4363213    47.3152442
  8.4363762    47.3152422
  8.4364839    47.3152799
  8.4366287    47.3152773
  8.4368044    47.3152554
  8.4369391    47.3152636
  8.4370397    47.3152469
  8.4370739    47.3152972
  8.4371423    47.3152945
  8.4372688    47.3152436
  8.4373746    47.3152318
  8.4374106    47.3152091
  8.4374994    47.3151943
  8.4375951    47.3151682
  8.4376344    47.3151756
  8.4377074    47.3151628
  8.4377873    47.3151946
  8.4378619    47.3151713
  8.4380208    47.3151429
  8.4381866    47.3151451
  8.4384058    47.3151611
  8.4390169    47.3152827
  8.4392389    47.3153391
  8.4394078    47.3154255
  8.4395772    47.3154707
  8.4399227    47.3155476
  8.4405257    47.3157362
  8.4407111    47.3157714
  8.4411925    47.3158203
  8.4412118    47.3158182
  8.4413224    47.3158276
  8.4413193    47.3158824
  8.4413481    47.3159149
  8.4413643    47.3159623
  8.4413159    47.3160162
  8.4413125    47.3160608
  8.4412742    47.3161152
  8.4411987    47.3161644
  8.4411929    47.3162005
  8.4411263    47.3163179
  8.4411101    47.3163562
  8.4411058    47.3164057
  8.4410871    47.3164573
  8.4411124    47.3165174
  8.4410893    47.3165438
  8.4410954    47.3165786
  8.4410398    47.316605
  8.4410333    47.3166448
  8.4410545    47.3166725
  8.4409961    47.3167326
  8.440905     47.3168938
  8.4408559    47.3169311
  8.4408337    47.3169791
  8.440771     47.3170352
  8.4407351    47.317088
  8.4407222    47.3171367
  8.4406788    47.3171686
  8.4406806    47.317213
  8.4406617    47.3173063
  8.4406812    47.3173558
  8.4406786    47.3174021
  8.440656     47.3174199
  8.4406231    47.3174696
  8.4405689    47.3174887
  8.4404866    47.3175832
  8.4404907    47.3177443
  8.4405355    47.3177931
  8.4405358    47.3178375
  8.4405262    47.3178483
  8.4409144    47.317895
  8.4412042    47.3179499
  8.441619     47.318087
  8.4419882    47.3182344
  8.4423118    47.3184057
  8.4423878    47.3183695
  8.4430107    47.3187304
  8.4434978    47.3189422
  8.4436129    47.3190096
  8.4437676    47.3190921
  8.4440826    47.3192321
  8.4441047    47.3192839
  8.4442516    47.3193022
  8.444657     47.3194206
  8.444733     47.3194457
  8.4448057    47.3194751
  8.4457957    47.3199932
  8.4464667    47.3212491
  8.4466287    47.3215479
  8.4466691    47.3216095
  8.4468367    47.3216007
  8.447078     47.3216848
  8.4474913    47.321846
  8.4475766    47.3218677
  8.4476633    47.3219252
  8.4477312    47.3220062
  8.4477439    47.3220508
  8.447844     47.3221291
  8.4478759    47.3221727
  8.4479654    47.3222317
  8.4480073    47.3222826
  8.448066     47.3223804
  8.4482908    47.3227259
  8.4483747    47.3228439
  8.4483444    47.3228925
  8.4482292    47.3229525
  8.4481254    47.3229696
  8.4480995    47.3229873
  8.4491703    47.323351
  8.4486179    47.3242699
  8.4489863    47.3244976
  8.4493227    47.324764
  8.4496005    47.3251213
  8.4499641    47.3255109
  8.4498048    47.325581
  8.4497255    47.325627
  8.4494204    47.3256553
  8.4488938    47.3258104
  8.4485168    47.3259739
  8.4500068    47.3269162
  8.4499016    47.3269736
  8.4524142    47.328702
  8.4515514    47.3291391
  8.4537362    47.3316524
  8.4545262    47.3327643
  8.4547421    47.3330121
  8.4549638    47.3334117
  8.455086     47.3338264
  8.4551109    47.3340833
  8.4547215    47.3343857
  8.4544396    47.3345598
  8.4541217    47.334753
  8.453275     47.3338993
  8.4532345    47.3339
  8.4529663    47.3332533
  8.4510053    47.3336235
  8.4510459    47.3332808
  8.4508865    47.3326034
  8.4505115    47.332064
  8.449975     47.3311041
  8.4498532    47.3304896
  8.4495573    47.3304587
  8.4489977    47.3303421
  8.4485175    47.3302626
  8.4481076    47.3301542
  8.447784     47.3301063
  8.4471515    47.3300343
  8.4468881    47.3299591
  8.4462501    47.3298124
  8.4455501    47.3295601
  8.4449945    47.329367
  8.4446308    47.3291381
  8.4443593    47.3289421
  8.4440817    47.3289944
  8.4437825    47.3290746
  8.4437247    47.3291619
  8.4435412    47.3292177
  8.4428023    47.328337
  8.4427682    47.3283531
  8.442486     47.3280565
  8.4420843    47.3274198
  8.4413295    47.3271997
  8.4412203    47.3272787
  8.441134     47.3273078
  8.4410785    47.327362
  8.4410113    47.3274456
  8.4409502    47.3275467
  8.4408542    47.3275928
  8.4406417    47.3276341
  8.440597     47.3276486
  8.4402103    47.327485
  8.4398123    47.3273351
  8.4395407    47.3270528
  8.4392824    47.3270407
  8.4392133    47.3270553
  8.4367266    47.3267474
  8.4354872    47.3257479
  8.4348551    47.3253513
  8.4347758    47.3253212
  8.4327407    47.3264077
  8.4316709    47.3269776
  8.431598     47.3269664
  8.431418     47.326731
  8.431252     47.326531
  8.4311649    47.3265646
  8.4308508    47.3267072
  8.4294388    47.3273585
  8.42913      47.3272258
  8.4290584    47.3271897
  8.4287543    47.3270048
  8.428635     47.3269548
  8.4276809    47.3266219
  8.4275793    47.3266056
  8.4251742    47.326426
  8.4249577    47.3264056
  8.4248809    47.3263926
  8.4234329    47.3261046
  8.4231623    47.3260358
  8.4209088    47.325429
  8.421087     47.3252787
  8.4204509    47.3251617
  8.4200782    47.3251125
  8.4198302    47.3250122
  8.419621     47.324916
  8.4193866    47.3248381
  8.4190391    47.3247305
  8.4185174    47.3246808
  8.4180925    47.3246749
  8.4179064    47.3246637
  8.4176708    47.3246558
  8.4171897    47.3246078
  8.4169326    47.3245403
  8.4162917    47.3244628
  8.4157955    47.3247434
  8.4157035    47.3248676
  8.4155955    47.3250604
  8.415589     47.3252077
  8.4156247    47.3254151
  8.4156066    47.3255381
  8.4155502    47.3256866
  8.4155094    47.3258623
  8.4154043    47.3259432
  8.4153271    47.3260479
  8.4152524    47.3262548
  8.415005     47.3263227
  8.414401     47.3263403
  8.4141787    47.3261765
  8.4138458    47.3262065
  8.4132076    47.3263974
  8.4131072    47.3265145
  8.4129752    47.326621
  8.4128401    47.3267127
  8.412637     47.3268666
  8.412526     47.3270396
  8.4124291    47.3271257
  8.4124532    47.3273882
  8.4124234    47.3277428
  8.4125848    47.3280079
  8.4126004    47.3281629
  8.4126235    47.3283141
  8.4125879    47.3285618
  8.4133984    47.328715
  8.4134768    47.3289317
  8.4135573    47.3292237
  8.4136077    47.3294627
  8.413695     47.3296141
  8.4137276    47.3298228
  8.4137751    47.3299771
  8.4138065    47.3301471
  8.4138568    47.3303465
  8.4139176    47.3305493
  8.4139584    47.3306996
  8.4142157    47.3309562
  8.4154962    47.3324036
  8.4155341    47.3324457
  8.4167362    47.3338041
  8.4167126    47.333844
  8.4167479    47.3339141
  8.4167824    47.334223
  8.4168134    47.3342624
  8.4167697    47.3343894
  8.416698     47.3344525
  8.416616     47.334562
  8.4165604    47.3345946
  8.4165192    47.3347144
  8.4164615    47.3347658
  8.4164416    47.3348644
  8.416343     47.334957
  8.4163312    47.3350146
  8.4163119    47.3350948
  8.4162801    47.3351448
  8.4161667    47.3352218
  8.4161255    47.3353118
  8.4160739    47.3353633
  8.4160611    47.3354096
  8.415984     47.3354703
  8.4159314    47.3355142
  8.4159157    47.3355705
  8.4159042    47.3356167
  8.415872     47.3357116
  8.4159744    47.3357624
  8.415983     47.3358551
  8.4160441    47.3359072
  8.4161419    47.3359088
  8.4161772    47.3359625
  8.4161262    47.336034
  8.4161429    47.3360954
  8.4162383    47.3361402
  8.4162988    47.3361658
  8.416395     47.3362324
  8.4164381    47.3362782
  8.4164774    47.336368
  8.4165391    47.3364395
  8.4165534    47.3364895
  8.4165685    47.3365589
  8.4166217    47.3366028
  8.4166527    47.3366866
  8.4166427    47.3367877
  8.4166297    47.3368443
  8.4166294    47.3368812
  8.4165469    47.3369544
  8.4164867    47.336971
  8.4164599    47.3370113
  8.4163895    47.3371234
  8.4162119    47.3370988
  8.4161126    47.3370869
  8.4160599    47.3370807
  8.41573      47.3370952
  8.4155412    47.3371033
  8.4152602    47.3370411
  8.4149906    47.3368933
  8.4147568    47.3368357
  8.4147142    47.3369078
  8.4144583    47.3372274
  8.414183     47.3374811
  8.4138191    47.337721
  8.4137136    47.3377636
  8.4136599    47.3377853
  8.4137473    47.3379418
  8.4137224    47.3380433
  8.4135609    47.3381481
  8.4133451    47.3382771
  8.4132019    47.3383435
  8.4130984    47.3383915
  8.4128808    47.3384612
  8.4125875    47.3383563
  8.41234      47.3383032
  8.4120103    47.338228
  8.412186     47.3386955
  8.4122129    47.3387771
  8.4114789    47.3387839
  8.4114055    47.3388384
  8.4113936    47.3388482
  8.4113753    47.3388634
  8.4113767    47.3388838
  8.4113914    47.3391025
  8.4112417    47.3393036
  8.4110579    47.33955
  8.4108304    47.3398559
  8.4108677    47.3398661
  8.4105481    47.3402235
  8.4105022    47.3402444
  8.4102214    47.3403727
  8.4097742    47.3404831
  8.4096434    47.3405368
  8.409611     47.3405502
  8.4087497    47.3411603
  8.4085401    47.3412801
  8.4084761    47.3413168
  8.4083909    47.34134
  8.4081372    47.3414092
  8.4073203    47.3415753
  8.4077809    47.3423521
  8.4069527    47.3422854
  8.4069212    47.3423942
  8.4068945    47.3425246
  8.4068571    47.3425122
  8.4067219    47.3430702
  8.4064253    47.3430086
  8.4063267    47.3430589
  8.4064029    47.3431455
  8.4064637    47.3432399
  8.4065187    47.3433757
  8.4065956    47.343644
  8.4066524    47.3438799
  8.4066933    47.3439941
  8.4066847    47.3440246
  8.4060861    47.3442953
  8.4059022    47.3446075
  8.4058584    47.3445764
  8.4057604    47.3446292
  8.4055529    47.3446577
  8.4053264    47.3447196
  8.4051156    47.3448344
  8.4050133    47.344897
  8.4048773    47.3449565
  8.4047897    47.3449751
  8.4048476    47.3450341
  8.4048126    47.345056
  8.4048984    47.3451239
  8.4049262    47.3451739
  8.404571     47.3456705
  8.4041444    47.3462587
  8.4038722    47.3465665
  8.4040342    47.3471157
  8.40435      47.3475661
  8.4046697    47.3479607
  8.4051036    47.3483526
  8.4055873    47.3488356
  8.4056877    47.3493011
  8.4056871    47.3494801
  8.4056643    47.349663
  8.4056447    47.3499979
  8.4056462    47.3504248
  8.4057288    47.3506946
  8.4057788    47.3510925
  8.4060918    47.3513419
  8.4062796    47.3514867
  8.4065318    47.3516809
  8.4067734    47.3518951
  8.4069795    47.3520982
  8.4070334    47.3522345
  8.4075866    47.3527908
  8.4078451    47.3530681
  8.4081447    47.3533134
  8.4083466    47.353555
  8.4084703    47.353744
  8.4085736    47.3539445
  8.4091503    47.3547912
  8.4090984    47.3547998
  8.409283     47.3550715
  8.409269     47.3550916
  8.4086519    47.3551562
  8.4083001    47.3552259
  8.4080616    47.3553067
  8.407885     47.3553486
  8.4076279    47.3553928
  8.4074636    47.3554576
  8.407376     47.3555436
  8.4073101    47.3556916
  8.4073916    47.3559769
  8.4073791    47.3562879
  8.4073516    47.3565201
  8.4073634    47.3570442
  8.4072805    47.3572154
  8.4069784    47.3575807
  8.4067842    47.3579926
  8.4068366    47.3581721
  8.4070333    47.3585281
  8.4071714    47.3598379
  8.4072737    47.3600185
  8.4067939    47.3601131
  8.4067825    47.3602836
  8.4067475    47.3604589
  8.4068114    47.3607585
  8.4068582    47.3613114
  8.40672      47.361765
  8.4064704    47.3622786
  8.4062603    47.3626025
  8.406094     47.362904
  8.4058493    47.3631459
  8.4055046    47.3636326
  8.4052132    47.3639194
  8.4049397    47.3640991
  8.4053219    47.3642705
  8.4052806    47.3643968
  8.4053077    47.3646125
  8.4053977    47.364978
  8.4056231    47.3652684
  8.4058749    47.3655026
  8.4063497    47.3659647
  8.4067458    47.3661191
  8.4071332    47.3663443
  8.407301     47.3664192
  8.4075996    47.3665103
  8.4082025    47.3666502
  8.4079827    47.3672365
  8.4076755    47.3675658
  8.4074814    47.3677034
  8.4072937    47.3678709
  8.4071596    47.3681948
  8.4071296    47.3684326
  8.4071017    47.3687915
  8.4076477    47.3693641
  8.4078512    47.3697635
  8.4073882    47.3699497
  8.4070435    47.3702265
  8.4055236    47.3701468
  8.4040736    47.3700528
  8.403513     47.3700102
  8.4029776    47.3699958
  8.4026292    47.3701686
  8.4025175    47.3703248
  8.4023828    47.3703714
  8.4023848    47.3704076
  8.4022491    47.370412
  8.4020582    47.370603
  8.401878     47.370645
  8.40134      47.3704468
  8.4005841    47.3705298
  8.4003707    47.3705139
  8.4003416    47.3711858
  8.4005576    47.3715175
  8.400348     47.3720998
  8.400276     47.3724299
  8.4003257    47.3729573
  8.4000527    47.3729571
  8.4000381    47.3729825
  8.4000257    47.3730834
  8.4000345    47.3731164
  8.4000206    47.373187
  8.4000305    47.3732669
  8.4000676    47.3732975
  8.4001263    47.373331
  8.4001354    47.3733548
  8.4001293    47.3733755
  8.4001715    47.3733987
  8.4002193    47.3734551
  8.4003019    47.3735101
  8.4004317    47.373689
  8.4004367    47.3737775
  8.400495     47.3738431
  8.4004899    47.3739074
  8.4006001    47.3739975
  8.4006811    47.3740338
  8.4007066    47.374094
  8.400775     47.3742013
  8.4005814    47.3742083
  8.4004456    47.3742284
  8.4002575    47.3742928
  8.4001667    47.374342
  8.4000843    47.374432
  8.3998379    47.3745807
  8.3997551    47.3746172
  8.3996414    47.374749
  8.3996006    47.3747825
  8.3995336    47.3748196
  8.3993792    47.3748062
  8.399198     47.3747714
  8.3983546    47.3751305
  8.3983236    47.3751155
  8.3980796    47.3753353
  8.3976583    47.3758521
  8.3976222    47.3758764
  8.3974281    47.3759862
  8.3973604    47.3761021
  8.3971115    47.3766891
  8.3967657    47.3766355
  8.3967327    47.3767139
  8.3964656    47.376962
  8.3963917    47.3770425
  8.3963802    47.3770884
  8.3963747    47.3772112
  8.3963761    47.3772434
  8.3964047    47.3773659
  8.3964885    47.3774806
  8.3966513    47.3776555
  8.3966548    47.3777624
  8.3965922    47.3778586
  8.396498     47.3779619
  8.3965287    47.3785215
  8.39658      47.3787072
  8.3966502    47.3788711
  8.3965629    47.37906
  8.3961099    47.3793643
  8.3960151    47.3796847
  8.3958687    47.3798695
  8.3957251    47.3800045
  8.3956179    47.3801601
  8.3954824    47.3802887
  8.3953305    47.3803575
  8.3952393    47.3803758
  8.3951423    47.3804158
  8.3950192    47.380544
  8.3949487    47.3807207
  8.3949254    47.3808805
  8.3949736    47.3811871
  8.3950609    47.3812791
  8.3952981    47.3815125
  8.3954439    47.381694
  8.3954533    47.3817283
  8.3954228    47.3818486
  8.3952556    47.3820485
  8.3951625    47.3821964
  8.3950943    47.3823379
  8.3950832    47.3825042
  8.3951229    47.3827943
  8.3950414    47.3830083
  8.3949231    47.3831523
  8.394862     47.3832715
  8.3948874    47.3835843
  8.3949213    47.3838479
  8.394956     47.3840087
  8.3950834    47.3843672
  8.3950479    47.3847007
  8.3949963    47.3848609
  8.394765     47.3852963
  8.3948018    47.3855064
  8.395197     47.3857523
  8.3953582    47.3859493
  8.3953623    47.3861785
  8.3952571    47.3863737
  8.3951861    47.386558
  8.3949648    47.3868327
  8.3948959    47.387092
  8.395083     47.38756
  8.3951423    47.3875801
  8.3950701    47.3876582
  8.3949751    47.387727
  8.3949015    47.387806
  8.3948032    47.3882063
  8.3948088    47.388671
  8.3948391    47.3889033
  8.3947772    47.3891832
  8.3947608    47.3893822
  8.3948024    47.389703
  8.3946928    47.3899797
  8.3949015    47.3900813
  8.3949199    47.3901634
  8.3947614    47.3903036
  8.3946313    47.3904428
  8.3944305    47.3907072
  8.3942759    47.3908236
  8.3940917    47.3910279
  8.3940319    47.3911615
  8.3940911    47.391243
  8.3941652    47.3913054
  8.3942912    47.3913699
  8.3945133    47.3914246
  8.394675     47.3914321
  8.3948043    47.391428
  8.3950075    47.3914016
  8.3952014    47.3913925
  8.3953568    47.3914047
  8.3954687    47.3914228
  8.3957686    47.3915457
  8.3960205    47.3918348
  8.3961561    47.392161
  8.3964545    47.3926332
  8.3961773    47.3929544
  8.3961824    47.3931133
  8.3964257    47.3933397
  8.3965371    47.3934579
  8.3966424    47.3935942
  8.3966339    47.3937308
  8.3965674    47.3938629
  8.3964738    47.3939929
  8.3963315    47.3940821
  8.3961321    47.3941372
  8.3961642    47.3940974
  8.3961959    47.3939964
  8.396354     47.3938195
  8.3959984    47.3937118
  8.3955955    47.3936605
  8.3953561    47.3935132
  8.3951096    47.3935157
  8.3950343    47.3935671
  8.3947793    47.3935199
  8.3946799    47.3940292
  8.3945835    47.3942754
  8.3944047    47.3945243
  8.3939068    47.3949803
  8.3936964    47.3949857
  8.39369      47.3949951
  8.3936204    47.3949875
  8.3932901    47.3949318
  8.3930735    47.3948759
  8.3930294    47.394895
  8.3929595    47.3950372
  8.3928125    47.3952371
  8.3926151    47.3954463
  8.3925547    47.395415
  8.3924911    47.3955118
  8.3924623    47.3955715
  8.3924243    47.3955715
  8.392235     47.395688
  8.3919853    47.3958264
  8.3919125    47.3958398
  8.3918301    47.39581
  8.391403     47.3956724
  8.3910419    47.3955393
  8.3908104    47.3954031
  8.3905515    47.3951825
  8.3905761    47.3951604
  8.3903775    47.394991
  8.3902718    47.3948689
  8.389763     47.394646
  8.3893789    47.3950046
  8.3893077    47.3950654
  8.3892297    47.3951221
  8.3891452    47.3951745
  8.3890548    47.3952222
  8.3889592    47.3952648
  8.3884223    47.3954523
  8.3879879    47.3956352
  8.387844     47.3956329
  8.3876145    47.395658
  8.387523     47.3956645
  8.3874324    47.3956646
  8.3873294    47.3956582
  8.3872284    47.3956423
  8.3871198    47.3956131
  8.3869909    47.395563
  8.3867508    47.3954395
  8.3865554    47.3953025
  8.386486     47.3952624
  8.3864053    47.3952353
  8.3863155    47.3952209
  8.3862245    47.3952222
  8.3859888    47.3952434
  8.3858555    47.3952474
  8.385787     47.3952453
  8.3852179    47.3951814
  8.3850991    47.3951763
  8.3849788    47.3951765
  8.3848609    47.3951836
  8.3847415    47.3951956
  8.3846233    47.395214
  8.3845104    47.3952373
  8.3843983    47.3952667
  8.3841314    47.3953447
  8.3840532    47.3953642
  8.3839729    47.395376
  8.3838912    47.3953817
  8.3838103    47.3953811
  8.3837606    47.3953764
  8.3837113    47.3953665
  8.3836688    47.3953526
  8.3835912    47.3953107
  8.3835339    47.3952569
  8.383347     47.3948969
  8.3832505    47.3947252
  8.3831507    47.3945816
  8.3830977    47.3946059
  8.3831028    47.3946765
  8.3830473    47.394819
  8.3828754    47.3950641
  8.3824878    47.3954085
  8.3828441    47.3958016
  8.38282      47.3960739
  8.3827285    47.3962685
  8.382643     47.3966148
  8.3823437    47.3967849
  8.3820125    47.396946
  8.3816094    47.3972244
  8.38139      47.3975073
  8.3811692    47.3978651
  8.3808794    47.3981384
  8.3808167    47.3981611
  8.3805213    47.3982838
  8.3805742    47.3984684
  8.3807278    47.3986288
  8.3805651    47.3989348
  8.3799111    47.3996288
  8.3793491    47.3999088
  8.3787162    47.4000326
  8.3784807    47.4000478
  8.3783707    47.3997976
  8.378232     47.3996406
  8.3778959    47.399897
  8.3776212    47.3999848
  8.3774892    47.4000046
  8.3773218    47.400001
  8.376801     47.399959
  8.3763032    47.4000083
  8.3760429    47.399834
  8.3758576    47.3997236
  8.3756312    47.3995806
  8.3752901    47.3993558
  8.3745675    47.3991528
  8.374074     47.399036
  8.3734211    47.3989733
  8.3728586    47.3989639
  8.3724484    47.3991161
  8.3717608    47.3991143
  8.3713347    47.3991196
  8.3706551    47.3992107
  8.3702804    47.3991686
  8.3698291    47.3991111
  8.369646     47.3990949
  8.3691771    47.3991305
  8.3688547    47.3992625
  8.3684533    47.3991533
  8.3680567    47.3989612
  8.3678024    47.3989379
  8.3674579    47.3988061
  8.3672649    47.3989903
  8.3670853    47.3990215
  8.3663875    47.3988232
  8.3661711    47.3988924
  8.3658396    47.3990634
  8.3653206    47.3993378
  8.3650771    47.399507
  8.3650468    47.3995148
  8.3650767    47.3998181
  8.364725     47.4001591
  8.36442      47.4004288
  8.3642586    47.400564
  8.3638499    47.4006477
  8.3632902    47.4010034
  8.3627567    47.4016122
  8.3625206    47.4021613
  8.3624959    47.4023153
  8.3627098    47.4023138
  8.363237     47.4023192
  8.363669     47.402308
  8.3640788    47.4023052
  8.3649029    47.402289
  8.36583      47.402512
  8.3660291    47.402305
  8.3663495    47.4018706
  8.3667883    47.401423
  8.3674262    47.4007428
  8.3674385    47.4007363
  8.3676704    47.4011153
  8.3677293    47.4011806
  8.3677647    47.4012196
  8.3679918    47.4013307
  8.3680486    47.4014115
  8.3678028    47.4021673
  8.3679971    47.4022703
  8.3682009    47.4022861
  8.368418     47.402239
  8.3684958    47.4024774
  8.3688138    47.4028988
  8.3690888    47.4033147
  8.369678     47.4035418
  8.3700063    47.4036362
  8.3703125    47.4037393
  8.3706078    47.4038215
  8.3709857    47.4038869
  8.3719828    47.4040825
  8.3725177    47.4041922
  8.3730173    47.4042963
  8.373409     47.4043984
  8.3738069    47.4044833
  8.3742321    47.4045311
  8.3747617    47.4046082
  8.3755444    47.4047312
  8.3760869    47.4047987
  8.3761807    47.4048035
  8.3765781    47.4044571
  8.3772734    47.4039113
  8.377543     47.403484
  8.3779774    47.40338
  8.3782734    47.4031766
  8.3786033    47.4029139
  8.3788792    47.4027388
  8.3791254    47.4025638
  8.3792546    47.4024077
  8.3796815    47.4025674
  8.3799537    47.4026639
  8.3801589    47.4027315
  8.3801031    47.4028323
  8.3800398    47.4030133
  8.380969     47.4029839
  8.3812461    47.4030619
  8.3811973    47.4031989
  8.3820064    47.4035186
  8.3821171    47.4037312
  8.382031     47.4039805
  8.3825201    47.4041808
  8.3827035    47.4044288
  8.3826955    47.4047811
  8.3832052    47.4050871
  8.3835634    47.4053505
  8.3839451    47.4055897
  8.3841568    47.4059061
  8.3846232    47.4062162
  8.3825472    47.4076542
  8.3823794    47.4077481
  8.3821552    47.4079197
  8.3819423    47.4081
  8.3817405    47.4082968
  8.3815722    47.4084928
  8.3814238    47.4087038
  8.3813017    47.4089224
  8.3812069    47.4091471
  8.38114      47.4093764
  8.3811014    47.4096088
  8.3810914    47.4098424
  8.3811101    47.4100759
  8.3811575    47.4103075
  8.3812329    47.4105356
  8.3813361    47.4107586
  8.3814483    47.4109448
  8.3814634    47.4109862
  8.3816226    47.4111833
  8.3818006    47.4113815
  8.3819947    47.4115717
  8.3821952    47.4117529
  8.3830968    47.412532
  8.3823625    47.4128549
  8.3825545    47.4130561
  8.3830361    47.4128497
  8.3831779    47.412799
  8.3832246    47.4127913
  8.3833208    47.4127999
  8.3833683    47.4127953
  8.3834177    47.4127794
  8.3834916    47.412828
  8.3842508    47.4134839
  8.3845284    47.4137459
  8.3853823    47.4144825
  8.3853274    47.4144456
  8.385258     47.4144201
  8.3851872    47.4144195
  8.3850994    47.4144328
  8.3850329    47.4144482
  8.3849663    47.4144704
  8.3845525    47.4146869
  8.3846139    47.4147398
  8.3817611    47.416265
  8.3838037    47.4180252
  8.3864477    47.4168834
  8.3867353    47.4167558
  8.3871676    47.4165497
  8.3875507    47.4163592
  8.3906195    47.4189999
  8.3912362    47.4195811
  8.3914535    47.4197715
  8.3917194    47.4200771
  8.3918856    47.4203079
  8.3920045    47.4205098
  8.3921105    47.420739
  8.3921919    47.4209799
  8.3922417    47.4212061
  8.3922664    47.4214375
  8.3922636    47.4216867
  8.3922405    47.4218832
  8.3921903    47.4221078
  8.3918695    47.4228037
  8.3917301    47.4230046
  8.3915703    47.4232052
  8.3913759    47.4234219
  8.3911795    47.4236201
  8.3911       47.4236905
  8.3909967    47.423738
  8.3908726    47.42375
  8.3906096    47.4239621
  8.3906444    47.4240511
  8.3905952    47.4241363
  8.3904675    47.4242701
  8.3902376    47.4244802
  8.389467     47.4251052
  8.3893975    47.4251332
  8.3893165    47.4251238
  8.3892749    47.4251128
  8.3892369    47.4251515
  8.389011     47.4252937
  8.3889704    47.4253591
  8.3889728    47.4254303
  8.3890233    47.4254789
  8.3887777    47.4257143
  8.3885358    47.4259773
  8.3883219    47.4262336
  8.3879547    47.4267573
  8.3878245    47.4270272
  8.3875907    47.4275835
  8.3876331    47.4279587
  8.3867034    47.4279459
  8.3859564    47.4279498
  8.3851886    47.4279621
  8.3842524    47.4280323
  8.3839596    47.4280288
  8.3835681    47.4280582
  8.3832644    47.428095
  8.382478     47.428317
  8.3815559    47.4286106
  8.3811982    47.4287494
  8.3805363    47.4289571
  8.3801474    47.4290538
  8.3798611    47.4290836
  8.3789877    47.4291411
  8.3781264    47.4292187
  8.3775982    47.4293155
  8.3772635    47.4294072
  8.3767324    47.4295871
  8.3759993    47.4298953
  8.3756717    47.4301097
  8.3750807    47.4306656
  8.3750326    47.4311919
  8.374839     47.4316334
  8.3746996    47.4320937
  8.3746653    47.4322481
  8.375213     47.4323171
  8.375759     47.4327868
  8.3761842    47.4334893
  8.3765897    47.4333079
  8.3770973    47.4338302
  8.3781517    47.4334025
  8.378426     47.433305
  8.3787682    47.4331861
  8.3791032    47.4330807
  8.379218     47.4330485
  8.379279     47.4331112
  8.3794663    47.4330634
  8.3796553    47.4330199
  8.380851     47.4327599
  8.3810432    47.4333123
  8.3815354    47.4332272
  8.3822133    47.4330586
  8.3828707    47.4329053
  8.3829536    47.4330659
  8.3829737    47.4330945
  8.383081     47.4332957
  8.3833009    47.4336464
  8.3836538    47.4341155
  8.3839968    47.4345549
  8.3839414    47.4349155
  8.3839359    47.4349514
  8.3839681    47.4349557
  8.3839997    47.4349619
  8.3840305    47.4349697
  8.38406      47.4349793
  8.3840885    47.4349905
  8.3841155    47.4350033
  8.3841408    47.4350176
  8.3841643    47.4350331
  8.3844953    47.4352994
  8.3846489    47.4354492
  8.3850391    47.4359424
  8.3851034    47.4360641
  8.3851148    47.4363131
  8.3850459    47.4367288
  8.3850125    47.4367603
  8.384748     47.4368344
  8.3846       47.4368968
  8.3843153    47.4370722
  8.3840709    47.4372108
  8.3840511    47.4372257
  8.3840334    47.4372418
  8.3840183    47.437259
  8.3840057    47.4372771
  8.3839956    47.437296
  8.3839883    47.4373154
  8.3839838    47.4373352
  8.383943     47.4376181
  8.3838297    47.4381733
  8.3838294    47.4381991
  8.3838362    47.4382246
  8.3838494    47.4382489
  8.3838584    47.4382603
  8.3838807    47.4382813
  8.3839082    47.4382992
  8.3839235    47.4383069
  8.3839572    47.4383192
  8.3839934    47.4383272
  8.3844715    47.4383934
  8.3838051    47.4399072
  8.3837464    47.439981
  8.3836355    47.4400407
  8.3834731    47.4401006
  8.3828715    47.4402361
  8.3824637    47.4404119
  8.382322     47.4404455
  8.3819629    47.4404905
  8.3818816    47.4408617
  8.3818777    47.4411248
  8.3818766    47.4416928
  8.3819064    47.4421447
  8.3820142    47.4421442
  8.382012     47.4421661
  8.3820035    47.4422095
  8.3819972    47.442231
  8.3819804    47.4422734
  8.3819316    47.4423809
  8.3819207    47.4424155
  8.3819135    47.4424505
  8.3817107    47.44396
  8.3816966    47.4440612
  8.3816797    47.4441466
  8.3811275    47.4462224
  8.3811243    47.4462317
  8.381114     47.4462495
  8.3810987    47.4462657
  8.3810895    47.4462728
  8.3810393    47.4462679
  8.3810191    47.4463731
  8.3812662    47.4463988
  8.3815148    47.4464169
  8.3816035    47.4464215
  8.381781     47.4464278
  8.3819587    47.4464302
  8.3821049    47.4464296
  8.3821241    47.4464338
  8.3821461    47.446444
  8.3821619    47.4464586
  8.3821685    47.4464715
  8.3821701    47.4464805
  8.381763     47.4486972
  8.3857402    47.4492494
  8.3858966    47.4492743
  8.3860506    47.4493052
  8.3862018    47.449342
  8.3863496    47.4493846
  8.3864936    47.4494329
  8.3866333    47.4494866
  8.386906     47.4495986
  8.3868181    47.4496956
  8.3867739    47.4496855
  8.3867276    47.4496891
  8.3866881    47.4497057
  8.3866628    47.4497325
  8.3859024    47.4511419
  8.3856096    47.4517903
  8.3849252    47.4536603
  8.3849246    47.453695
  8.3849329    47.4537115
  8.3850117    47.4537918
  8.3851096    47.4538135
  8.3849398    47.4538764
  8.3849316    47.4539313
  8.3848648    47.454045
  8.3848241    47.4540826
  8.3847743    47.4540804
  8.3846277    47.4539931
  8.3844601    47.4539293
  8.3843029    47.4538836
  8.3844277    47.4549139
  8.3830069    47.4550069
  8.3830022    47.4550427
  8.3830468    47.4550514
  8.3830832    47.4550709
  8.3831057    47.4550986
  8.383111     47.4551298
  8.3830525    47.4556162
  8.3829988    47.4559327
  8.3829147    47.4562434
  8.382735     47.4563265
  8.3803179    47.4561949
  8.3802913    47.4561899
  8.3802693    47.4561784
  8.3802552    47.4561622
  8.380251     47.4561436
  8.380198     47.4561417
  8.3801729    47.4562803
  8.3801228    47.4564069
  8.3800438    47.4565265
  8.3798422    47.4567758
  8.3796289    47.4570224
  8.3794519    47.4572136
  8.379403     47.4572773
  8.3793688    47.4573452
  8.3792195    47.4577347
  8.3791279    47.4581027
  8.3790023    47.4591647
  8.3789966    47.4591866
  8.3789689    47.4592272
  8.3789227    47.459259
  8.3788943    47.4592704
  8.378831     47.4592826
  8.3784113    47.4593105
  8.3781456    47.4593234
  8.3781001    47.4593294
  8.3780579    47.4593427
  8.3780217    47.4593624
  8.3779381    47.4594482
  8.3779165    47.4594638
  8.3778642    47.4594876
  8.3745953    47.4593737
  8.3743161    47.4593604
  8.3740377    47.459338
  8.3737032    47.4593007
  8.3728447    47.4591796
  8.3727764    47.4593051
  8.3727598    47.4594328
  8.3727797    47.4594404
  8.3727764    47.4595883
  8.37275      47.4597159
  8.3726242    47.4601498
  8.3724285    47.4605705
  8.3721513    47.4610679
  8.3719132    47.4612456
  8.3715577    47.4614827
  8.3712742    47.4616345
  8.3710182    47.4617904
  8.3710032    47.46192
  8.3706662    47.4623949
  8.3701272    47.4629154
  8.3695365    47.4634
  8.3695364    47.4634417
  8.3695906    47.4635817
  8.3697161    47.4638008
  8.3697348    47.4638257
  8.3697607    47.4638475
  8.3697924    47.4638652
  8.3698289    47.4638781
  8.3698093    47.4639112
  8.3696918    47.4638845
  8.3694013    47.4648427
  8.3694512    47.4653349
  8.3688644    47.4653514
  8.3688543    47.4658031
  8.367396     47.4662253
  8.3672991    47.4660038
  8.3672194    47.4657493
  8.3656863    47.4662144
  8.3657157    47.4663145
  8.3658283    47.4667678
  8.3658504    47.4668259
  8.3659485    47.4670142
  8.3657776    47.4675249
  8.3658933    47.467567
  8.3661175    47.4676651
  8.3664531    47.4678355
  8.3666914    47.4679248
  8.3669554    47.4679671
  8.3675026    47.468003
  8.3675602    47.4680098
  8.3676157    47.4680222
  8.367668     47.46804
  8.367716     47.4680627
  8.3677586    47.4680899
  8.3677949    47.4681211
  8.3678241    47.4681556
  8.3678456    47.4681925
  8.3679433    47.4684104
  8.3680535    47.4688013
  8.3680755    47.4689704
  8.3680668    47.4690753
  8.3680184    47.4691751
  8.3679313    47.469262
  8.3678141    47.4693307
  8.3676771    47.4693791
  8.3675291    47.4694086
  8.3673751    47.4694183
  8.3672214    47.4694078
  8.3668809    47.4693609
  8.3667616    47.4693507
  8.3666414    47.4693534
  8.3665233    47.469369
  8.3664103    47.469397
  8.3663671    47.469416
  8.3663343    47.4694429
  8.3663227    47.4694586
  8.3663105    47.4694925
  8.3663139    47.4695279
  8.3663334    47.4695613
  8.3663668    47.4695892
  8.3663881    47.4696001
  8.3664365    47.4696147
  8.3668603    47.4696963
  8.3669836    47.4697291
  8.3670971    47.4697752
  8.3671978    47.4698335
  8.3672828    47.4699024
  8.367421     47.4700398
  8.3677056    47.4702979
  8.3677979    47.4703564
  8.3679101    47.4703959
  8.3680331    47.470415
  8.3681591    47.4704111
  8.3685448    47.4703627
  8.3687454    47.4703494
  8.3689464    47.4703605
  8.3694339    47.470418
  8.3697862    47.470445
  8.3701421    47.470444
  8.3703206    47.470426
  8.3704919    47.4703878
  8.371291     47.4701593
  8.3714772    47.4701243
  8.3716703    47.4701225
  8.3720746    47.4701685
  8.3724693    47.4702416
  8.372883     47.4703751
  8.3732894    47.4705456
  8.3734469    47.4706076
  8.373527     47.470648
  8.3735934    47.4706986
  8.373759     47.4707713
  8.3753267    47.4711379
  8.3752938    47.4716436
  8.3749365    47.4721949
  8.3743111    47.4730141
  8.3741306    47.473928
  8.3741163    47.4742762
  8.3735977    47.4748586
  8.3736668    47.4750585
  8.3737345    47.4755417
  8.3737748    47.4759827
  8.3738894    47.4770904
  8.3739466    47.4774478
  8.3739969    47.477804
  8.3741122    47.47815
  8.374074     47.4786312
  8.3740998    47.4791444
  8.3741993    47.4804557
  8.3732665    47.481469
  8.3725381    47.481425
  8.3717013    47.4813522
  8.3710929    47.4812927
  8.3705554    47.4812674
  8.370269     47.4812539
  8.3695439    47.4812196
  8.3686307    47.481172
  8.3675811    47.481136
  8.3662889    47.4811
  8.3649699    47.4810282
  8.3640928    47.4809634
  8.3632757    47.480856
  8.3632275    47.4810132
  8.3631127    47.4813872
  8.3630303    47.4816345
  8.3630171    47.4818459
  8.3629266    47.4822742
  8.3628524    47.4825869
  8.3627621    47.4829142
  8.3627634    47.4832323
  8.3626235    47.4834373
  8.3625386    47.4836857
  8.3625611    47.4839074
  8.3622976    47.4847747
  8.3620028    47.4857449
  8.3621003    47.4875683
  8.3622493    47.4882081
  8.3622888    47.4882125
  8.3620771    47.4885413
  8.3621559    47.4886943
  8.362252     47.4889496
  8.3623461    47.4892831
  8.3624658    47.4896415
  8.3626028    47.4902323
  8.362664     47.4904151
  8.3626729    47.4904636
  8.3626748    47.4905122
  8.3626699    47.4905606
  8.362658     47.4906083
  8.3626393    47.4906551
  8.3625665    47.4907965
  8.3625384    47.4908398
  8.3625013    47.4908798
  8.362456     47.4909158
  8.3624037    47.4909471
  8.3623455    47.4909729
  8.3622823    47.4909929
  8.3623074    47.4910401
  8.3622523    47.4910695
  8.3621971    47.4910629
  8.3618986    47.4914121
  8.3618571    47.4917553
  8.3617598    47.4920991
  8.3617457    47.4922446
  8.3616711    47.4925357
  8.3615426    47.4929183
  8.3612829    47.4934277
  8.3612558    47.4935026
  8.3612505    47.4935411
  8.361257     47.4936177
  8.3613248    47.4938661
  8.3612924    47.4942404
  8.3612578    47.4944301
  8.3610821    47.4951755
  8.3609859    47.4953847
  8.360852     47.4956058
  8.3605953    47.4959277
  8.3604234    47.4961034
  8.3600834    47.4963831
  8.3598473    47.4965402
  8.3594243    47.4967607
  8.3592351    47.4968479
  8.3590674    47.4969309
  8.358922     47.4970321
  8.3586559    47.4972499
  8.3584655    47.4973793
  8.358283     47.497481
  8.3584436    47.497481
  8.3594259    47.4979842
  8.3595693    47.4980626
  8.3597001    47.4981506
  8.3597603    47.4981981
  8.3601496    47.4985488
  8.3602599    47.4986367
  8.3603775    47.4987201
  8.3605804    47.4988444
  8.3613323    47.4992282
  8.3617134    47.4993948
  8.361988     47.4994893
  8.3621616    47.4995598
  8.3622666    47.499647
  8.3624577    47.4998164
  8.362671     47.5000154
  8.3627196    47.5000653
  8.362762     47.5001243
  8.3627813    47.500164
  8.3627982    47.5002182
  8.3628045    47.5002733
  8.3627782    47.5005179
  8.3627817    47.5005872
  8.3627929    47.5006554
  8.362812     47.5007232
  8.3628556    47.5008235
  8.3629127    47.500918
  8.3629607    47.5009787
  8.3631048    47.5011431
  8.3630606    47.5011861
  8.3629092    47.5011573
  8.3613172    47.5009724
  8.3604023    47.5008596
  8.360134     47.5008355
  8.3598024    47.5008201
  8.359539     47.5008441
  8.35939      47.5008684
  8.359221     47.5009058
  8.3591005    47.5009445
  8.3590186    47.5009771
  8.3589456    47.5010119
  8.3588767    47.5010503
  8.3587464    47.501138
  8.3586844    47.5011862
  8.3585738    47.5012896
  8.3584862    47.5013951
  8.3578458    47.5024674
  8.3577313    47.5024874
  8.3576934    47.5025251
  8.3583293    47.5028311
  8.3586967    47.5030331
  8.3584414    47.5034882
  8.3587314    47.503869
  8.3588531    47.5039917
  8.3589439    47.5040831
  8.3590044    47.5041765
  8.3590526    47.5042507
  8.3591666    47.504512
  8.3590411    47.5047295
  8.3590229    47.5048155
  8.3589435    47.5049526
  8.3588959    47.5050596
  8.3588681    47.505144
  8.3588477    47.5052293
  8.3588348    47.5053153
  8.3588296    47.5054017
  8.3588319    47.5054881
  8.3588418    47.5055743
  8.3588831    47.5057524
  8.3589165    47.5058435
  8.3589592    47.5059327
  8.359011     47.5060199
  8.3590718    47.5061042
  8.3591412    47.5061854
  8.3592187    47.506263
  8.3593042    47.5063367
  8.359397     47.5064062
  8.3594968    47.5064712
  8.3597166    47.5065977
  8.3599554    47.5066982
  8.3601716    47.5067949
  8.3603736    47.5069054
  8.3605953    47.507044
  8.3608061    47.5071907
  8.3616514    47.5078248
  8.3612374    47.5083614
  8.3608919    47.5088193
  8.3608581    47.5088813
  8.3609174    47.5095685
  8.3612343    47.5101015
END
2
  8.4382341    47.4075632
  8.4385206    47.4076155
  8.4388064    47.407722
  8.4389418    47.4077638
  8.4391025    47.407804
  8.4392362    47.4078192
  8.4393121    47.4078366
  8.4393774    47.4078603
  8.4394391    47.4078975
  8.4394755    47.407935
  8.4395808    47.4080954
  8.4396392    47.4081665
  8.4396846    47.4082359
  8.4397222    47.4082831
  8.4397513    47.4083086
  8.4398118    47.4083414
  8.4398852    47.4083713
  8.440137     47.4084456
  8.4402664    47.4084912
  8.4403717    47.4085236
  8.4401379    47.4088692
  8.4398452    47.409019
  8.4390962    47.4088082
  8.4388428    47.4086081
  8.4383605    47.4082958
  8.437972     47.4080723
  8.4379239    47.4079489
  8.4378999    47.4078635
  8.4379791    47.4076311
  8.4379445    47.4076237
  8.4379993    47.4075095
  8.4382341    47.4075632
END
END
