polygon
1
  24.0633625   37.5736005
  24.0766578   37.65507
  24.0796858   37.6670835
  24.0831119   37.6794036
  24.0869606   37.691963
  24.0912563   37.7046946
  24.0960234   37.7175312
  24.1012863   37.7304056
  24.1068896   37.7428545
  24.112631    37.7544728
  24.1184645   37.7652816
  24.124344    37.7753019
  24.1302236   37.7845543
  24.1360572   37.7930599
  24.1417989   37.8008393
  24.1474026   37.8079134
  24.1528224   37.814303
  24.1581178   37.8199453
  24.1734191   37.8323722
  24.1741869   37.8321795
  24.1756951   37.83178
  24.1771951   37.8313617
  24.1786864   37.8309245
  24.1801687   37.8304685
  24.1816416   37.829994
  24.1831047   37.829501
  24.1845577   37.8289896
  24.1860002   37.82846
  24.1874319   37.8279123
  24.1888523   37.8273467
  24.1902611   37.8267633
  24.191658    37.8261621
  24.1930425   37.8255435
  24.1944145   37.8249075
  24.1957734   37.8242544
  24.1971189   37.8235842
  24.1984508   37.8228971
  24.1997686   37.8221934
  24.20053     37.8217726
  24.2005837   37.8217434
  24.2006185   37.8217237
  24.2010721   37.8214731
  24.2017308   37.8210967
  24.2018599   37.8210238
  24.201949    37.8209719
  24.2023609   37.8207365
  24.2029245   37.8204035
  24.2031217   37.8202885
  24.203266    37.8202016
  24.2036346   37.8199838
  24.2041101   37.8196934
  24.2043687   37.8195377
  24.2045694   37.8194129
  24.204893    37.8192152
  24.2052869   37.8189666
  24.2056006   37.8187714
  24.2058587   37.8186056
  24.2061358   37.8184308
  24.2061643   37.8184125
  24.2064897   37.8182003
  24.2068171   37.81799
  24.2070944   37.8178061
  24.2073736   37.8176241
  24.2076948   37.8174079
  24.208018    37.8171935
  24.2082915   37.8170062
  24.2085671   37.8168208
  24.2088839   37.8166006
  24.2092028   37.8163823
  24.2094726   37.8161916
  24.2097444   37.8160027
  24.2100569   37.8157787
  24.2103714   37.8155564
  24.2106374   37.8153624
  24.2109054   37.8151702
  24.2112134   37.8149422
  24.2115234   37.8147161
  24.2117855   37.8145188
  24.2120497   37.8143233
  24.2123531   37.8140916
  24.2126586   37.8138616
  24.2129167   37.8136611
  24.213177    37.8134623
  24.2134757   37.8132269
  24.2137766   37.8129931
  24.2140307   37.8127894
  24.214287    37.8125875
  24.214581    37.8123483
  24.2148773   37.8121109
  24.2151273   37.811904
  24.2153795   37.8116989
  24.2156687   37.8114561
  24.2159602   37.811215
  24.2162061   37.8110051
  24.2164542   37.8107969
  24.2167386   37.8105506
  24.2170252   37.8103059
  24.2172669   37.810093
  24.2175108   37.8098817
  24.2177903   37.8096318
  24.218072    37.8093836
  24.2183094   37.8091677
  24.2185491   37.8089534
  24.2188236   37.8087001
  24.2191003   37.8084485
  24.2193334   37.8082296
  24.2195689   37.8080124
  24.2198382   37.8077557
  24.22011     37.8075006
  24.2203387   37.807279
  24.2205697   37.8070588
  24.220834    37.8067988
  24.2211006   37.8065404
  24.2213249   37.8063159
  24.2215515   37.8060929
  24.2218106   37.8058297
  24.222072    37.805568
  24.2222918   37.8053407
  24.222514    37.8051149
  24.2227678   37.8048485
  24.223024    37.8045836
  24.2232393   37.8043536
  24.223457    37.8041251
  24.2237054   37.8038556
  24.2239563   37.8035875
  24.224167    37.8033549
  24.2242445   37.8032708
  24.225129    37.8023561
  24.2260703   37.80135
  24.2269912   37.8003322
  24.2278916   37.799303
  24.2287712   37.7982626
  24.2296298   37.7972113
  24.2304672   37.7961493
  24.2312832   37.795077
  24.2320776   37.7939946
  24.2328501   37.7929023
  24.2336006   37.7918005
  24.2343289   37.7906894
  24.2350348   37.7895692
  24.2357181   37.7884404
  24.2363787   37.7873031
  24.2370164   37.7861577
  24.237631    37.7850044
  24.2382224   37.7838435
  24.2382912   37.7837018
  24.2384757   37.7834788
  24.2393043   37.7824422
  24.2401124   37.7813955
  24.2408998   37.780339
  24.2416663   37.7792729
  24.2424118   37.7781975
  24.2431361   37.7771131
  24.2438389   37.7760199
  24.2445202   37.7749182
  24.2451797   37.7738082
  24.2458173   37.7726903
  24.2464329   37.7715646
  24.2470263   37.7704315
  24.2475973   37.7692912
  24.2481458   37.768144
  24.2486717   37.7669902
  24.2491748   37.7658301
  24.2496551   37.7646639
  24.2501124   37.7634919
  24.2505466   37.7623144
  24.2509576   37.7611317
  24.2513453   37.7599441
  24.2517096   37.7587519
  24.2520504   37.7575553
  24.2523677   37.7563546
  24.2526613   37.7551502
  24.2529312   37.7539423
  24.2531773   37.7527312
  24.2533996   37.7515172
  24.253598    37.7503006
  24.2537725   37.7490816
  24.2539229   37.7478607
  24.2540494   37.746638
  24.2540536   37.7465931
  24.2541566   37.7453617
  24.2542352   37.7441292
  24.2542894   37.7428958
  24.2543192   37.7416618
  24.2543247   37.7404276
  24.2543057   37.7391935
  24.2542623   37.7379597
  24.2541946   37.7367267
  24.2541451   37.7360648
  24.2550305   37.7367829
  24.2561549   37.7376664
  24.2566458   37.738046
  24.2577595   37.7388939
  24.2588896   37.7397281
  24.260036    37.7405484
  24.2610127   37.7412364
  24.2621934   37.7420551
  24.2633903   37.742859
  24.264603    37.7436479
  24.2658313   37.7444216
  24.2670748   37.74518
  24.2683332   37.7459227
  24.2696063   37.7466497
  24.2708937   37.7473608
  24.272195    37.7480558
  24.27351     37.7487345
  24.2748384   37.7493967
  24.2761798   37.7500423
  24.2775338   37.7506712
  24.2789002   37.7512831
  24.2802786   37.751878
  24.2813069   37.7523053
  24.281856    37.7525379
  24.2832659   37.7531126
  24.2846872   37.7536695
  24.2861194   37.7542084
  24.2875623   37.7547293
  24.2890155   37.755232
  24.2904786   37.7557164
  24.2919513   37.7561823
  24.2934332   37.7566296
  24.2949238   37.7570583
  24.2964229   37.7574682
  24.29793     37.7578592
  24.2994448   37.7582312
  24.3009669   37.7585842
  24.3024959   37.758918
  24.3040314   37.7592325
  24.305573    37.7595277
  24.3058209   37.7595719
  24.3062547   37.7597317
  24.3076819   37.7602361
  24.3091189   37.7607227
  24.3105654   37.7611916
  24.312021    37.7616424
  24.3134853   37.7620752
  24.314958    37.7624897
  24.3164388   37.762886
  24.3179273   37.7632639
  24.319423    37.7636234
  24.3209257   37.7639642
  24.3224349   37.7642865
  24.3239504   37.76459
  24.3254717   37.7648747
  24.3269984   37.7651405
  24.3285302   37.7653874
  24.3300667   37.7656153
  24.3316075   37.7658241
  24.3331523   37.7660138
  24.3347007   37.7661844
  24.3362522   37.7663358
  24.3378066   37.766468
  24.3393634   37.7665809
  24.3409222   37.7666746
  24.3424827   37.7667489
  24.3440445   37.7668039
  24.3456071   37.7668395
  24.3469789   37.7668538
  24.3472265   37.7668599
  24.3478572   37.766877
  24.3480101   37.7668792
  24.3481629   37.766883
  24.3487939   37.7668907
  24.3494249   37.7668999
  24.3495778   37.7669003
  24.3497307   37.7669021
  24.3503618   37.766902
  24.3509928   37.7669034
  24.3511457   37.7669018
  24.3512987   37.7669018
  24.3519296   37.7668938
  24.3525606   37.7668874
  24.3527135   37.7668839
  24.3528664   37.766882
  24.3534972   37.7668662
  24.354128    37.7668519
  24.3542808   37.7668466
  24.3544336   37.7668428
  24.355064    37.7668191
  24.3556944   37.766797
  24.3558471   37.7667898
  24.3559998   37.766784
  24.3566296   37.7667526
  24.3572595   37.7667227
  24.357412    37.7667135
  24.3575647   37.7667059
  24.3581938   37.7666666
  24.358823    37.7666289
  24.3589753   37.7666178
  24.3591278   37.7666083
  24.359756    37.7665612
  24.3603844   37.7665157
  24.3605365   37.7665027
  24.3606887   37.7664913
  24.361316    37.7664365
  24.3619434   37.7663831
  24.3620952   37.7663683
  24.3622472   37.766355
  24.3628732   37.7662923
  24.3634995   37.7662312
  24.363651    37.7662145
  24.3638027   37.7661993
  24.3644275   37.7661289
  24.3650525   37.76606
  24.3652036   37.7660414
  24.365355    37.7660243
  24.3659783   37.7659462
  24.3666018   37.7658695
  24.3667525   37.7658491
  24.3669036   37.7658301
  24.3675252   37.7657442
  24.3681472   37.7656598
  24.3682975   37.7656375
  24.3684481   37.7656167
  24.369068    37.7655231
  24.3696882   37.765431
  24.369838    37.7654068
  24.3699883   37.7653841
  24.3706062   37.7652828
  24.3712245   37.765183
  24.3713738   37.765157
  24.3715236   37.7651324
  24.3721394   37.7650235
  24.3727556   37.764916
  24.3729044   37.7648881
  24.3730537   37.7648617
  24.3736672   37.7647451
  24.3742813   37.76463
  24.3744295   37.7646003
  24.3745782   37.764572
  24.3751894   37.7644478
  24.3758011   37.7643251
  24.3759487   37.7642935
  24.3760968   37.7642634
  24.3767055   37.7641317
  24.3773146   37.7640014
  24.3774616   37.763968
  24.3776091   37.763936
  24.378215    37.7637967
  24.3788215   37.7636589
  24.3789678   37.7636237
  24.3791147   37.7635899
  24.3797178   37.7634431
  24.3803215   37.7632977
  24.3804671   37.7632607
  24.3806132   37.7632251
  24.3809026   37.7631507
  24.3816186   37.7631074
  24.3832073   37.762991
  24.3833654   37.7629785
  24.384898    37.762847
  24.3864278   37.7626968
  24.3879546   37.762528
  24.3894778   37.7623405
  24.3909972   37.7621345
  24.3925124   37.76191
  24.394023    37.761667
  24.3955287   37.7614055
  24.3970291   37.7611257
  24.3985239   37.7608277
  24.4000127   37.7605114
  24.4014951   37.760177
  24.4029708   37.7598245
  24.4044395   37.759454
  24.4059007   37.7590656
  24.4073542   37.7586595
  24.4087995   37.7582356
  24.4102364   37.7577942
  24.4116646   37.7573353
  24.4130835   37.7568589
  24.414493    37.7563653
  24.4158927   37.7558546
  24.4172823   37.7553268
  24.4186614   37.7547821
  24.4200297   37.7542206
  24.4213868   37.7536425
  24.4227325   37.7530479
  24.4240664   37.7524369
  24.4253883   37.7518097
  24.4260434   37.7514934
  24.4273667   37.7508432
  24.428677    37.7501767
  24.429974    37.7494941
  24.4312574   37.7487956
  24.4325269   37.7480813
  24.433782    37.7473514
  24.4350227   37.7466062
  24.4362484   37.7458457
  24.4367649   37.7455148
  24.4376999   37.745081
  24.4378727   37.7449979
  24.4389677   37.744545
  24.4403374   37.7439568
  24.4416954   37.7433517
  24.4430413   37.7427299
  24.4443747   37.7420916
  24.4456953   37.7414369
  24.4470029   37.740766
  24.4482971   37.740079
  24.4495775   37.739376
  24.4508439   37.7386574
  24.452096    37.7379232
  24.4533334   37.7371736
  24.4545558   37.7364088
  24.455763    37.735629
  24.4569547   37.7348344
  24.4581305   37.7340252
  24.4592902   37.7332015
  24.4604335   37.7323636
  24.4615601   37.7315117
  24.4626698   37.7306459
  24.4637622   37.7297666
  24.4648371   37.7288738
  24.4658943   37.7279679
  24.4669335   37.727049
  24.4679544   37.7261174
  24.4689568   37.7251733
  24.4699404   37.7242169
  24.470905    37.7232484
  24.4718504   37.7222682
  24.4727763   37.7212763
  24.4733347   37.7206582
  24.4742498   37.7199262
  24.4753377   37.7190282
  24.4754808   37.7189082
  24.4765425   37.7180036
  24.4775863   37.7170861
  24.4786118   37.7161557
  24.4796188   37.7152128
  24.480607    37.7142575
  24.4815763   37.7132901
  24.4825263   37.7123108
  24.4834568   37.7113198
  24.4843677   37.7103175
  24.4852586   37.709304
  24.4861294   37.7082796
  24.4868211   37.7074377
  24.4876607   37.7065796
  24.488602    37.7055855
  24.4895235   37.7045798
  24.4904249   37.7035628
  24.4913059   37.7025346
  24.4921664   37.7014956
  24.4930061   37.700446
  24.4938249   37.6993861
  24.4946224   37.6983161
  24.4953987   37.6972363
  24.4961533   37.696147
  24.4968862   37.6950483
  24.4975972   37.6939407
  24.4982861   37.6928243
  24.4989527   37.6916995
  24.4995969   37.6905666
  24.5002184   37.6894257
  24.5008173   37.6882772
  24.5013932   37.6871214
  24.5018192   37.6862254
  24.502328    37.6852852
  24.5029232   37.6841355
  24.5034956   37.6829785
  24.5040449   37.6818145
  24.504571    37.6806439
  24.5050737   37.6794667
  24.505553    37.6782835
  24.5060088   37.6770944
  24.5064408   37.6758998
  24.5068491   37.6746999
  24.5072334   37.6734951
  24.5075938   37.6722856
  24.5079301   37.6710718
  24.5082422   37.6698539
  24.5085301   37.6686322
  24.5087937   37.6674071
  24.5090617   37.6660994
  24.5092961   37.6648971
  24.5095071   37.663692
  24.5096602   37.6627652
  24.5098566   37.6614971
  24.510027    37.6602266
  24.5101714   37.6589541
  24.5102898   37.6576798
  24.5103822   37.6564042
  24.5104486   37.6551276
  24.5104888   37.6538502
  24.510503    37.6525725
  24.510491    37.6512948
  24.510453    37.6500173
  24.5103889   37.6487405
  24.5102987   37.6474646
  24.5101825   37.6461901
  24.5100403   37.6449171
  24.5099806   37.6444279
  24.5099768   37.6443995
  24.509913    37.6432278
  24.5098209   37.6419885
  24.5097041   37.6407505
  24.5096589   37.640317
  24.5095198   37.6390976
  24.5093568   37.63788
  24.50917     37.6366645
  24.5089595   37.6354514
  24.5087252   37.6342411
  24.5084674   37.6330337
  24.5081859   37.6318296
  24.5078809   37.6306292
  24.5075525   37.6294325
  24.5072007   37.6282401
  24.5068256   37.627052
  24.5064273   37.6258687
  24.506006    37.6246904
  24.5055616   37.6235174
  24.5050944   37.62235
  24.5046044   37.6211884
  24.5040917   37.620033
  24.5035565   37.618884
  24.5029989   37.6177416
  24.5025113   37.6167652
  24.5019205   37.615609
  24.5013068   37.6144603
  24.5006703   37.6133194
  24.5000112   37.6121866
  24.4993296   37.6110621
  24.4986256   37.6099463
  24.4978996   37.6088394
  24.4971516   37.6077417
  24.4963818   37.6066534
  24.4955905   37.6055749
  24.4950697   37.6048903
  24.4945912   37.6040491
  24.4943677   37.6036722
  24.4942485   37.6033707
  24.4937658   37.6022117
  24.4932605   37.6010588
  24.4927329   37.5999121
  24.4921829   37.5987721
  24.4916109   37.5976388
  24.4910299   37.5965376
  24.4908506   37.596079
  24.4908063   37.5959718
  24.4906479   37.5955125
  24.490207    37.5943095
  24.489742    37.5931121
  24.4892532   37.5919208
  24.4887407   37.5907357
  24.4882045   37.5895571
  24.4876448   37.5883854
  24.4870618   37.5872209
  24.4864556   37.5860638
  24.4858263   37.5849144
  24.4851742   37.5837731
  24.4844993   37.5826401
  24.4838018   37.5815156
  24.483082    37.5804001
  24.48234     37.5792937
  24.4815759   37.5781968
  24.4814415   37.5780074
  24.4812023   37.5776722
  24.480984    37.577368
  24.4801792   37.5762673
  24.4793522   37.575177
  24.4785031   37.5740974
  24.4783212   37.5738741
  24.4779179   37.5731998
  24.4771688   37.5719998
  24.4763942   37.57081
  24.4759458   37.5701354
  24.4751159   37.568913
  24.4742591   37.5677022
  24.4740384   37.5673967
  24.4732383   37.5663091
  24.4724165   37.5652317
  24.4715731   37.5641647
  24.4710844   37.5635573
  24.4704063   37.562726
  24.4697152   37.5619015
  24.4694815   37.5616264
  24.4686      37.5606062
  24.4676985   37.5595969
  24.4667771   37.558599
  24.4665871   37.5583997
  24.4676116   37.5581347
  24.4691258   37.5577217
  24.4706314   37.5572894
  24.4721282   37.556838
  24.4736156   37.5563676
  24.4750932   37.5558784
  24.4765608   37.5553705
  24.4768263   37.5552746
  24.476846    37.5552682
  24.4783049   37.5547734
  24.4785182   37.5546995
  24.4799411   37.5541958
  24.4813539   37.5536746
  24.4827562   37.5531359
  24.4841478   37.55258
  24.4855283   37.5520069
  24.4868973   37.5514167
  24.4882545   37.5508097
  24.4895996   37.550186
  24.4909322   37.5495457
  24.4922521   37.5488889
  24.4935589   37.548216
  24.4948523   37.5475269
  24.496132    37.5468218
  24.4973976   37.5461011
  24.4986489   37.5453647
  24.4998855   37.5446129
  24.5011072   37.5438459
  24.5023136   37.5430639
  24.5035045   37.542267
  24.5046796   37.5414555
  24.5058385   37.5406295
  24.506981    37.5397893
  24.5081069   37.538935
  24.5092158   37.5380669
  24.5103074   37.5371851
  24.5113816   37.53629
  24.512438    37.5353816
  24.5134764   37.5344602
  24.5144966   37.5335261
  24.5154982   37.5325795
  24.5164811   37.5316206
  24.517445    37.5306496
  24.5183896   37.5296668
  24.5193148   37.5286724
  24.5202203   37.5276666
  24.5211059   37.5266498
  24.5219714   37.5256221
  24.5228165   37.5245838
  24.5236411   37.5235351
  24.524445    37.5224764
  24.5252279   37.5214078
  24.5259897   37.5203296
  24.5267302   37.5192421
  24.5274492   37.5181456
  24.5281465   37.5170403
  24.528822    37.5159264
  24.5294754   37.5148043
  24.5301067   37.5136743
  24.5307157   37.5125365
  24.5313023   37.5113914
  24.5318662   37.510239
  24.5324074   37.5090799
  24.5329257   37.5079141
  24.533421    37.5067421
  24.5338931   37.505564
  24.5343421   37.5043802
  24.5347676   37.503191
  24.5351698   37.5019967
  24.5355484   37.5007975
  24.5359033   37.4995937
  24.5362345   37.4983857
  24.5362741   37.4982356
  24.536591    37.4969843
  24.5368825   37.4957292
  24.5371485   37.4944704
  24.5373888   37.4932084
  24.5376035   37.4919435
  24.5377925   37.4906759
  24.5379557   37.4894061
  24.5380931   37.4881343
  24.5382046   37.4868609
  24.5382161   37.4867124
  24.5382967   37.4855249
  24.5383549   37.4843366
  24.5383624   37.4840865
  24.5385199   37.4839564
  24.5395837   37.4830497
  24.5406295   37.48213
  24.540644    37.4821168
  24.5409999   37.4818225
  24.5420808   37.4808996
  24.5431432   37.4799631
  24.5441866   37.4790134
  24.5452109   37.4780506
  24.5462157   37.4770749
  24.5472008   37.4760867
  24.5475915   37.4756818
  24.548358    37.4749651
  24.5493444   37.4740133
  24.550312    37.4730494
  24.5512606   37.4720736
  24.55219     37.4710863
  24.5530999   37.4700875
  24.5539901   37.4690777
  24.5548604   37.4680569
  24.5557106   37.4670255
  24.5565405   37.4659838
  24.5573498   37.4649319
  24.5581385   37.4638701
  24.5589062   37.4627987
  24.5596529   37.4617179
  24.5603782   37.460628
  24.5610822   37.4595293
  24.5617645   37.458422
  24.562425    37.4573064
  24.5626137   37.4569811
  24.5632677   37.4558298
  24.5638985   37.4546703
  24.5645059   37.453503
  24.56455     37.4534143
  24.5646363   37.4533205
  24.565543    37.452301
  24.5664295   37.4512704
  24.5672953   37.4502288
  24.5681404   37.4491764
  24.5685186   37.4486972
  24.5693324   37.447648
  24.5701255   37.4465889
  24.5708978   37.4455201
  24.571649    37.4444419
  24.5723791   37.4433545
  24.5730877   37.4422582
  24.5737748   37.4411533
  24.5744402   37.44004
  24.5750837   37.4389187
  24.5757052   37.4377895
  24.5763045   37.4366527
  24.5768815   37.4355087
  24.577436    37.4343577
  24.5779678   37.4331999
  24.578477    37.4320357
  24.5789633   37.4308654
  24.5794266   37.4296891
  24.5798669   37.4285073
  24.5802839   37.4273202
  24.5806777   37.426128
  24.580877    37.4254838
  24.5812991   37.4244727
  24.5817535   37.4233264
  24.5821859   37.4221748
  24.5825963   37.4210181
  24.5827411   37.4205979
  24.5831359   37.4194163
  24.5835077   37.4182299
  24.5838565   37.4170392
  24.584182    37.4158443
  24.5844844   37.4146455
  24.5847634   37.4134432
  24.585019    37.4122376
  24.5852512   37.4110289
  24.5854599   37.4098176
  24.5856451   37.4086038
  24.5858067   37.4073878
  24.5859447   37.40617
  24.586059    37.4049507
  24.5861496   37.40373
  24.5862165   37.4025084
  24.5862597   37.4012861
  24.5862792   37.4000634
  24.5862749   37.3988406
  24.5862469   37.3976179
  24.5861952   37.3963958
  24.5861197   37.3951743
  24.5860206   37.393954
  24.5858978   37.3927349
  24.5857513   37.3915175
  24.5856932   37.391071
  24.5855163   37.3898098
  24.585314    37.3885511
  24.5850863   37.387295
  24.5848334   37.386042
  24.5845554   37.3847923
  24.5842521   37.3835464
  24.5839239   37.3823044
  24.5835706   37.3810667
  24.5831925   37.3798336
  24.583041    37.3793562
  24.5826476   37.378156
  24.5822306   37.3769608
  24.5817901   37.3757709
  24.5813262   37.3745865
  24.5808391   37.3734081
  24.5806048   37.3728697
  24.5816045   37.3723677
  24.5829076   37.3716905
  24.5841972   37.3709972
  24.585473    37.370288
  24.5867348   37.3695631
  24.5879822   37.3688226
  24.589215    37.3680667
  24.5904327   37.3672956
  24.5916351   37.3665095
  24.5923595   37.3660207
  24.5930064   37.3656145
  24.5942146   37.364831
  24.5954072   37.3640327
  24.5965841   37.3632196
  24.5977448   37.362392
  24.5988891   37.3615501
  24.6000167   37.3606941
  24.6011273   37.3598242
  24.6022207   37.3589405
  24.6032967   37.3580434
  24.6043548   37.3571331
  24.605395    37.3562097
  24.6064168   37.3552734
  24.6074202   37.3543246
  24.6084047   37.3533635
  24.6093703   37.3523902
  24.6103166   37.3514051
  24.6112435   37.3504083
  24.6121506   37.3494
  24.6130379   37.3483807
  24.613905    37.3473504
  24.6147517   37.3463095
  24.6155779   37.3452582
  24.6163833   37.3441967
  24.6171678   37.3431253
  24.6179311   37.3420444
  24.6186731   37.340954
  24.6193936   37.3398546
  24.6200924   37.3387463
  24.6204721   37.3381197
  24.6208673   37.3380516
  24.6223829   37.3377708
  24.6238929   37.3374712
  24.6253967   37.337153
  24.6268942   37.3368161
  24.6283849   37.3364607
  24.6298684   37.3360869
  24.6313444   37.3356947
  24.6320165   37.3355115
  24.6334931   37.3350987
  24.6349613   37.3346675
  24.6364208   37.3342181
  24.6368842   37.3340687
  24.6382249   37.3336947
  24.6396887   37.3332658
  24.641144    37.3328187
  24.6425903   37.3323537
  24.6440272   37.3318707
  24.6454545   37.3313699
  24.6468718   37.3308514
  24.6482787   37.3303154
  24.6496749   37.3297619
  24.6510601   37.3291912
  24.6524339   37.3286033
  24.6537959   37.3279984
  24.6551459   37.3273767
  24.6564835   37.3267382
  24.6578084   37.3260832
  24.6591203   37.3254119
  24.6604188   37.3247242
  24.6617037   37.3240205
  24.6629745   37.323301
  24.6642311   37.3225657
  24.665473    37.3218149
  24.6667001   37.3210487
  24.6677943   37.3203432
  24.6686372   37.319833
  24.669893    37.3190473
  24.6711328   37.3182456
  24.6714651   37.3180237
  24.6725686   37.3173623
  24.6738213   37.3165864
  24.6750583   37.3157948
  24.6762794   37.3149876
  24.6774841   37.314165
  24.6786722   37.3133273
  24.6798435   37.3124746
  24.6809975   37.3116073
  24.682134    37.3107254
  24.6832528   37.3098293
  24.6843535   37.3089191
  24.6854358   37.307995
  24.6864995   37.3070574
  24.6875444   37.3061065
  24.6885701   37.3051424
  24.6895764   37.3041655
  24.690563    37.3031759
  24.6915297   37.302174
  24.6924763   37.30116
  24.6934025   37.3001341
  24.694308    37.2990965
  24.6951927   37.2980477
  24.6960563   37.2969878
  24.6968986   37.295917
  24.6977193   37.2948358
  24.6985184   37.2937442
  24.6992955   37.2926427
  24.7000505   37.2915315
  24.7007832   37.2904108
  24.7014934   37.289281
  24.7021809   37.2881423
  24.7028456   37.2869951
  24.7034872   37.2858395
  24.703564    37.2856982
  24.7041677   37.284563
  24.7047493   37.2834204
  24.7053084   37.2822708
  24.7058451   37.2811144
  24.7063591   37.2799515
  24.7068504   37.2787824
  24.7073189   37.2776073
  24.7075051   37.2771136
  24.7078535   37.2762601
  24.7083153   37.2750647
  24.7087534   37.2738637
  24.7091677   37.2726573
  24.7095581   37.2714458
  24.7099244   37.2702296
  24.7102667   37.269009
  24.7105848   37.2677841
  24.7108785   37.2665555
  24.711148    37.2653232
  24.711393    37.2640878
  24.7116136   37.2628494
  24.7118096   37.2616083
  24.7119811   37.260365
  24.7121279   37.2591196
  24.7122501   37.2578725
  24.7123476   37.256624
  24.7124204   37.2553745
  24.7124685   37.2541241
  24.7124919   37.2528733
  24.7124905   37.2516223
  24.7124643   37.2503715
  24.7124134   37.2491212
  24.7123378   37.2478716
  24.7122375   37.2466231
  24.7121125   37.245376
  24.7119629   37.2441305
  24.7117886   37.2428871
  24.7115898   37.2416461
  24.7113664   37.2404076
  24.7111186   37.2391721
  24.7108464   37.2379398
  24.7105499   37.236711
  24.7102291   37.2354862
  24.7098841   37.2342654
  24.709515    37.2330491
  24.7094814   37.2329421
  24.7090885   37.2317311
  24.7086717   37.2305251
  24.7084859   37.230019
  24.7084386   37.2298773
  24.7083523   37.2296267
  24.7079442   37.2284757
  24.7075143   37.2273298
  24.7070629   37.226189
  24.70659     37.2250538
  24.7060956   37.2239244
  24.70558     37.222801
  24.7054535   37.2225317
  24.7048886   37.2213576
  24.7043005   37.2201907
  24.7036892   37.2190313
  24.703055    37.2178797
  24.7023981   37.2167363
  24.7017184   37.2156013
  24.7010164   37.2144749
  24.700292    37.2133575
  24.6995455   37.2122494
  24.6987772   37.2111508
  24.6979871   37.210062
  24.6971754   37.2089832
  24.6963425   37.2079148
  24.6954884   37.2068571
  24.6946134   37.2058102
  24.6937178   37.2047744
  24.6928017   37.2037501
  24.6918653   37.2027374
  24.690909    37.2017366
  24.6899329   37.2007479
  24.6889373   37.1997717
  24.6879225   37.1988081
  24.6868886   37.1978575
  24.685836    37.1969199
  24.6847649   37.1959958
  24.6836755   37.1950852
  24.6825683   37.1941884
  24.6814433   37.1933058
  24.680301    37.1924374
  24.6791416   37.1915834
  24.6779653   37.1907442
  24.6767726   37.1899199
  24.6755636   37.1891108
  24.6743387   37.1883169
  24.6730982   37.1875386
  24.6718424   37.186776
  24.6705717   37.1860293
  24.6692862   37.1852988
  24.6679864   37.1845845
  24.6666726   37.1838866
  24.6653451   37.1832054
  24.6640043   37.182541
  24.6626504   37.1818936
  24.6612838   37.1812634
  24.6599049   37.1806504
  24.658514    37.1800549
  24.6582762   37.179955
  24.656895    37.1793857
  24.6555029   37.1788336
  24.6541001   37.1782989
  24.6540591   37.1782839
  24.6546632   37.1773209
  24.654712    37.1772417
  24.6553898   37.1761187
  24.6560454   37.1749873
  24.6566787   37.1738479
  24.6572894   37.1727006
  24.6578776   37.1715459
  24.658443    37.170384
  24.6589854   37.1692151
  24.6595049   37.1680396
  24.6600011   37.1668577
  24.6604741   37.1656698
  24.6609236   37.1644761
  24.6613496   37.1632769
  24.661752    37.1620725
  24.6621306   37.1608632
  24.6624855   37.1596493
  24.6628164   37.1584311
  24.6631233   37.1572089
  24.6634062   37.155983
  24.6636649   37.1547537
  24.6638995   37.1535213
  24.6641098   37.1522861
  24.6642957   37.1510484
  24.6644574   37.1498086
  24.6645946   37.1485668
  24.6647074   37.1473235
  24.6647958   37.1460788
  24.6648597   37.1448332
  24.6648991   37.143587
  24.664914    37.1423404
  24.6649043   37.1410937
  24.6648702   37.1398473
  24.6648116   37.1386014
  24.6647286   37.1373564
  24.664621    37.1361126
  24.6644891   37.1348702
  24.6643327   37.1336296
  24.664152    37.1323911
  24.6639469   37.131155
  24.6637176   37.1299216
  24.6634641   37.1286912
  24.6631864   37.1274641
  24.6628847   37.1262406
  24.6625589   37.125021
  24.6622092   37.1238056
  24.6618357   37.1225947
  24.6614384   37.1213885
  24.6610175   37.1201875
  24.660787    37.1195674
  24.6617997   37.1194343
  24.6633656   37.1192078
  24.6649267   37.1189615
  24.6664828   37.1186953
  24.6680333   37.1184094
  24.6695779   37.1181039
  24.6711162   37.1177787
  24.6726478   37.117434
  24.6741723   37.1170699
  24.6756894   37.1166864
  24.6771986   37.1162837
  24.6786995   37.1158619
  24.6801919   37.1154211
  24.6816752   37.1149613
  24.6831491   37.1144827
  24.6846133   37.1139855
  24.6848815   37.1138903
  24.6851208   37.1138389
  24.6866257   37.1135052
  24.6881238   37.1131527
  24.6896149   37.1127816
  24.6910985   37.112392
  24.6925743   37.1119838
  24.6940419   37.1115574
  24.6955009   37.1111126
  24.6969511   37.1106497
  24.6971673   37.1105775
  24.6973667   37.1105208
  24.6988337   37.1100824
  24.700292    37.1096257
  24.7017411   37.1091509
  24.7031806   37.1086579
  24.7046103   37.108147
  24.7060297   37.1076182
  24.7074386   37.1070718
  24.7088366   37.1065078
  24.7102232   37.1059263
  24.7115983   37.1053276
  24.7116387   37.1053093
  24.7124175   37.105214
  24.7139694   37.1050042
  24.7155169   37.1047749
  24.7170596   37.1045261
  24.7185973   37.104258
  24.7201295   37.1039706
  24.7216558   37.1036639
  24.7231758   37.1033381
  24.7237234   37.103217
  24.7252258   37.1028747
  24.7267213   37.1025137
  24.7282095   37.102134
  24.7296901   37.1017358
  24.7311626   37.1013192
  24.7326269   37.1008843
  24.7340824   37.1004311
  24.7355288   37.0999598
  24.7369658   37.0994705
  24.7383931   37.0989633
  24.7398102   37.0984384
  24.7412168   37.0978958
  24.7426126   37.0973357
  24.7439973   37.0967583
  24.7453704   37.0961636
  24.7467317   37.0955519
  24.7480809   37.0949232
  24.7494175   37.0942778
  24.7507413   37.0936157
  24.7520519   37.0929372
  24.7533491   37.0922424
  24.7546325   37.0915315
  24.7559018   37.0908047
  24.7571567   37.0900621
  24.7583968   37.0893039
  24.7596219   37.0885303
  24.7608255   37.0877455
  24.7613475   37.0874842
  24.7626622   37.0868031
  24.7639633   37.0861056
  24.7652505   37.0853918
  24.7655404   37.0852283
  24.7668201   37.0844946
  24.7680852   37.0837448
  24.7693353   37.0829792
  24.7705701   37.0821979
  24.7717892   37.0814011
  24.7729925   37.0805891
  24.7741795   37.079762
  24.77535     37.0789201
  24.7765037   37.0780635
  24.7776403   37.0771925
  24.7787595   37.0763073
  24.7798611   37.075408
  24.7809447   37.074495
  24.7820101   37.0735685
  24.7830571   37.0726286
  24.7840854   37.0716757
  24.7850946   37.0707099
  24.7860846   37.0697315
  24.7870552   37.0687407
  24.7877296   37.0680293
  24.7885212   37.0673341
  24.7895529   37.066399
  24.7905662   37.0654511
  24.7915608   37.0644906
  24.7925364   37.0635179
  24.7934928   37.0625331
  24.7944298   37.0615364
  24.7953472   37.0605282
  24.7962447   37.0595086
  24.7971221   37.058478
  24.7979791   37.0574365
  24.7988157   37.0563844
  24.7996316   37.055322
  24.8004265   37.0542495
  24.8012003   37.0531672
  24.8019528   37.0520753
  24.8026838   37.0509742
  24.8033931   37.0498641
  24.8040806   37.0487453
  24.8047461   37.047618
  24.8047463   37.0476175
  24.8048815   37.0475147
  24.8059885   37.0466458
  24.8070784   37.0457632
  24.808151    37.0448672
  24.809206    37.043958
  24.8102431   37.0430358
  24.8106798   37.0426352
  24.8116536   37.0417794
  24.8127036   37.0408266
  24.8137344   37.0398605
  24.8147458   37.0388814
  24.8157376   37.0378896
  24.8167094   37.0368853
  24.8176611   37.0358688
  24.8185924   37.0348403
  24.8195031   37.0338
  24.8203928   37.0327483
  24.8212615   37.0316854
  24.8221089   37.0306116
  24.8229347   37.0295271
  24.8237388   37.0284323
  24.824521    37.0273273
  24.825281    37.0262125
  24.8259276   37.025227
  24.8263943   37.0247638
  24.8273649   37.0237683
  24.8283156   37.0227608
  24.8284539   37.0226118
  24.8293879   37.0215885
  24.8303015   37.0205535
  24.8311944   37.0195071
  24.8320663   37.0184494
  24.832917    37.0173808
  24.8337464   37.0163015
  24.8345543   37.0152118
  24.8353403   37.014112
  24.8361043   37.0130024
  24.8368462   37.0118831
  24.8375657   37.0107546
  24.8382627   37.0096171
  24.838328    37.0095061
  24.8392214   37.0086326
  24.8401862   37.0076588
  24.8411319   37.006673
  24.8420582   37.0056756
  24.842965    37.0046668
  24.8438519   37.0036468
  24.8447189   37.0026158
  24.8455656   37.0015742
  24.846392    37.0005222
  24.8471977   36.99946
  24.8479826   36.9983879
  24.8480082   36.9983516
  24.8481492   36.9981718
  24.8489843   36.9970873
  24.8497977   36.9959922
  24.850589    36.994887
  24.8513582   36.9937717
  24.8521049   36.9926468
  24.8528291   36.9915124
  24.8535305   36.990369
  24.8542089   36.9892167
  24.8548642   36.9880559
  24.8554962   36.9868869
  24.8561048   36.98571
  24.8566898   36.9845254
  24.857251    36.9833335
  24.8577883   36.9821345
  24.8583015   36.9809289
  24.8587906   36.9797168
  24.8592554   36.9784986
  24.8596958   36.9772747
  24.8601117   36.9760452
  24.8601657   36.9758747
  24.8605228   36.9766632
  24.8611049   36.9778856
  24.8615      36.9786952
  24.8620692   36.9798356
  24.8623213   36.9803187
  24.8628148   36.9813535
  24.8633958   36.9825164
  24.8639995   36.9836718
  24.8646259   36.9848196
  24.8652748   36.9859593
  24.865946    36.9870907
  24.8666394   36.9882135
  24.8673547   36.9893275
  24.8680919   36.9904323
  24.8682098   36.9906057
  24.868966    36.9916976
  24.8697435   36.9927798
  24.8705421   36.9938521
  24.8713617   36.9949143
  24.8722019   36.9959661
  24.8730627   36.9970073
  24.8739437   36.9980376
  24.8748448   36.9990567
  24.8757658   37.0000644
  24.8767064   37.0010605
  24.8776665   37.0020447
  24.8786457   37.0030168
  24.879033    37.0033892
  24.8794966   37.0038727
  24.880475    37.0048604
  24.8814729   37.0058356
  24.8824899   37.0067982
  24.8835259   37.0077477
  24.8845805   37.0086841
  24.8856535   37.009607
  24.8867447   37.0105163
  24.8878537   37.0114116
  24.8889802   37.0122929
  24.8901241   37.0131598
  24.891285    37.0140122
  24.8924626   37.0148498
  24.8936566   37.0156725
  24.8941622   37.0160098
  24.8946729   37.016402
  24.8958299   37.0172624
  24.8970038   37.0181081
  24.8981943   37.0189389
  24.8994011   37.0197545
  24.9005298   37.0204931
  24.900703    37.0207036
  24.9015826   37.0217371
  24.9024823   37.0227594
  24.903402    37.0237704
  24.9043415   37.0247697
  24.9053004   37.0257571
  24.9062787   37.0267323
  24.9072759   37.0276952
  24.908292    37.0286455
  24.9093265   37.0295829
  24.9103794   37.0305072
  24.9114503   37.0314183
  24.9125389   37.0323158
  24.9136451   37.0331996
  24.9147684   37.0340694
  24.9159087   37.0349251
  24.9170657   37.0357663
  24.918239    37.036593
  24.9194285   37.0374048
  24.9206337   37.0382017
  24.9218545   37.0389834
  24.9230904   37.0397497
  24.9243412   37.0405005
  24.9256067   37.0412354
  24.9268864   37.0419545
  24.9281801   37.0426574
  24.9294874   37.0433441
  24.9297718   37.0434884
  24.9298253   37.0435814
  24.9304985   37.0447057
  24.9311937   37.0458215
  24.9319106   37.0469284
  24.9326491   37.0480262
  24.9334091   37.0491147
  24.9341903   37.0501935
  24.9349926   37.0512624
  24.9358157   37.0523212
  24.9366594   37.0533695
  24.9366739   37.0533869
  24.9373931   37.054307
  24.9382429   37.0553571
  24.9391132   37.0563965
  24.9400038   37.0574248
  24.9409146   37.0584418
  24.9418452   37.0594473
  24.9427955   37.0604409
  24.9437652   37.0614226
  24.9447541   37.0623919
  24.945762    37.0633488
  24.9467885   37.0642929
  24.9478335   37.065224
  24.9488966   37.0661419
  24.9499777   37.0670464
  24.9510764   37.0679372
  24.9521925   37.0688142
  24.9533257   37.069677
  24.9544758   37.0705255
  24.9556424   37.0713596
  24.9568252   37.0721789
  24.9570197   37.0723094
  24.958069    37.0732
  24.9591648   37.0741011
  24.9602782   37.0749883
  24.961409    37.0758614
  24.9625569   37.0767202
  24.9637217   37.0775644
  24.964903    37.0783939
  24.9661005   37.0792083
  24.967314    37.0800076
  24.9685431   37.0807916
  24.9697875   37.0815599
  24.9705231   37.0819995
  24.9709788   37.0825401
  24.9718804   37.0835742
  24.9728024   37.0845968
  24.9737446   37.0856075
  24.9747067   37.0866063
  24.9756885   37.0875928
  24.9766897   37.0885667
  24.9777101   37.0895279
  24.9787495   37.0904761
  24.9798075   37.091411
  24.9808839   37.0923325
  24.9819785   37.0932402
  24.9830909   37.0941341
  24.9842209   37.0950137
  24.9853682   37.095879
  24.9865325   37.0967297
  24.9877136   37.0975656
  24.9889111   37.0983864
  24.9901247   37.0991921
  24.9913541   37.0999823
  24.9925991   37.1007569
  24.992649    37.100787
  24.9927044   37.1008577
  24.9935614   37.1019133
  24.9944391   37.102958
  24.9953375   37.1039915
  24.9962561   37.1050135
  24.997195    37.1060238
  24.9981537   37.1070222
  24.999132    37.1080083
  25.0001298   37.108982
  25.0003984   37.1092399
  25.001415    37.1102006
  25.0023188   37.1110278
  25.0024695   37.1113075
  25.002661    37.1116484
  25.0027712   37.1121477
  25.003056    37.1133324
  25.0033634   37.1145135
  25.0033735   37.1145508
  25.0037133   37.1157629
  25.0040767   37.1169705
  25.0044638   37.1181734
  25.0048744   37.1193713
  25.0053083   37.120564
  25.0057655   37.1217511
  25.0062459   37.1229324
  25.0067494   37.1241075
  25.0072758   37.1252762
  25.007825    37.1264382
  25.0079607   37.1267124
  25.0072171   37.127078
  25.0071957   37.1270887
  25.005873    37.1277623
  25.0045637   37.1284523
  25.0032682   37.1291587
  25.0019868   37.1298813
  25.0007197   37.1306198
  24.9994674   37.131374
  24.9982302   37.1321439
  24.9970082   37.1329292
  24.9958019   37.1337297
  24.9946116   37.1345452
  24.9934374   37.1353755
  24.9922798   37.1362204
  24.991139    37.1370797
  24.9900153   37.1379532
  24.988909    37.1388407
  24.9878203   37.1397419
  24.9867495   37.1406567
  24.9856968   37.1415847
  24.9846627   37.1425258
  24.9836472   37.1434797
  24.9826506   37.1444462
  24.9816732   37.1454251
  24.9807153   37.1464161
  24.979777    37.147419
  24.9788586   37.1484335
  24.9779604   37.1494594
  24.977938    37.1494854
  24.9770543   37.1505293
  24.9761914   37.1515842
  24.9753497   37.1526499
  24.9745291   37.153726
  24.9737301   37.1548123
  24.9729527   37.1559086
  24.9721972   37.1570145
  24.9714638   37.1581298
  24.9707526   37.1592542
  24.9700638   37.1603874
  24.9693976   37.1615291
  24.9687541   37.1626791
  24.9681336   37.163837
  24.9675362   37.1650026
  24.9669619   37.1661755
  24.9664111   37.1673556
  24.9658838   37.1685424
  24.96538     37.1697357
  24.9649001   37.1709351
  24.964444    37.1721405
  24.964012    37.1733515
  24.963604    37.1745677
  24.9632203   37.1757889
  24.9628609   37.1770147
  24.9625258   37.178245
  24.9622153   37.1794792
  24.9619293   37.1807173
  24.9616679   37.1819587
  24.9614312   37.1832033
  24.9612193   37.1844506
  24.9610322   37.1857005
  24.9608699   37.1869526
  24.9607325   37.1882065
  24.9606201   37.189462
  24.9605326   37.1907187
  24.9604701   37.1919763
  24.9604326   37.1932346
  24.9604201   37.1944931
  24.9604201   37.1945486
  24.9604323   37.195793
  24.960469    37.1970371
  24.9605301   37.1982805
  24.9606156   37.199523
  24.9607256   37.2007643
  24.9608599   37.2020041
  24.9610185   37.2032419
  24.9612015   37.2044777
  24.9614087   37.205711
  24.9616401   37.2069415
  24.9618957   37.208169
  24.9621753   37.2093931
  24.962479    37.2106136
  24.9628066   37.2118301
  24.9631581   37.2130423
  24.9635334   37.21425
  24.9639323   37.2154529
  24.9643549   37.2166506
  24.9648009   37.2178429
  24.9652703   37.2190295
  24.965763    37.2202101
  24.9662788   37.2213843
  24.9668176   37.222552
  24.9673793   37.2237128
  24.9679637   37.2248664
  24.9685708   37.2260126
  24.9692003   37.2271511
  24.9698521   37.2282815
  24.970526    37.2294037
  24.9712219   37.2305174
  24.9719397   37.2316222
  24.972679    37.2327179
  24.9734398   37.2338043
  24.9742219   37.234881
  24.975025    37.2359478
  24.975849    37.2370045
  24.9766936   37.2380508
  24.9775588   37.2390864
  24.9775785   37.2391096
  24.9784692   37.2401404
  24.9793802   37.2411599
  24.9803113   37.2421678
  24.9812622   37.2431639
  24.9822327   37.244148
  24.9832225   37.2451198
  24.9842314   37.246079
  24.9852592   37.2470255
  24.9863055   37.2479589
  24.9873702   37.2488791
  24.9884529   37.2497859
  24.9895535   37.2506789
  24.9906715   37.2515581
  24.9918069   37.2524231
  24.9929592   37.2532737
  24.9941281   37.2541098
  24.9953135   37.2549312
  24.996515    37.2557376
  24.9977322   37.2565288
  24.998965    37.2573047
  25.000213    37.258065
  25.0014758   37.2588095
  25.0027532   37.2595382
  25.0040449   37.2602507
  25.0053505   37.260947
  25.0066697   37.2616268
  25.0080022   37.26229
  25.0093477   37.2629364
  25.0107058   37.2635658
  25.0120761   37.2641782
  25.0134584   37.2647733
  25.0148523   37.265351
  25.0162575   37.2659112
  25.0176736   37.2664537
  25.0191002   37.2669784
  25.020537    37.2674851
  25.0219837   37.2679738
  25.0234399   37.2684442
  25.0249051   37.2688964
  25.0263792   37.2693302
  25.0278617   37.2697454
  25.0293521   37.270142
  25.0297648   37.2702461
  25.029859    37.2702709
  25.0303177   37.2703856
  25.0308503   37.2705199
  25.0309595   37.2705459
  25.031345    37.2706423
  25.0328381   37.2709951
  25.034338    37.2713294
  25.0358442   37.271645
  25.0373564   37.2719419
  25.0388743   37.2722199
  25.0403974   37.2724791
  25.0419255   37.2727193
  25.043458    37.2729405
  25.0449947   37.2731427
  25.0465352   37.2733257
  25.0480791   37.2734896
  25.049626    37.2736344
  25.0511756   37.2737599
  25.0527274   37.2738661
  25.0542811   37.273953
  25.0558364   37.2740207
  25.0573927   37.274069
  25.0589499   37.274098
  25.0605074   37.2741077
  25.0605503   37.2741077
  25.0621435   37.2740976
  25.0637362   37.2740672
  25.0653282   37.2740167
  25.0669189   37.2739459
  25.068508    37.2738549
  25.0700951   37.2737438
  25.0716797   37.2736125
  25.0732615   37.2734611
  25.0748401   37.2732896
  25.076415    37.2730981
  25.0779859   37.2728866
  25.0795524   37.2726552
  25.081114    37.2724039
  25.0826704   37.2721329
  25.0842211   37.2718421
  25.0857658   37.2715316
  25.0873041   37.2712015
  25.0888356   37.270852
  25.0903598   37.2704831
  25.0918765   37.2700948
  25.0933852   37.2696873
  25.0948855   37.2692607
  25.0963771   37.2688151
  25.0978595   37.2683506
  25.0993325   37.2678674
  25.1007955   37.2673655
  25.1022483   37.266845
  25.1036905   37.2663062
  25.1051217   37.2657491
  25.1051539   37.2657363
  25.1065374   37.2651762
  25.1079097   37.264599
  25.1092706   37.2640048
  25.1106197   37.2633939
  25.1119567   37.2627664
  25.1132813   37.2621224
  25.1145932   37.2614621
  25.1158919   37.2607856
  25.1171774   37.2600931
  25.1184491   37.2593848
  25.1197068   37.2586608
  25.1209503   37.2579213
  25.1221791   37.2571666
  25.1233931   37.2563967
  25.1245918   37.2556118
  25.1257751   37.2548123
  25.1269426   37.2539981
  25.1280941   37.2531696
  25.1292293   37.252327
  25.1303478   37.2514703
  25.1314495   37.2506
  25.1325341   37.2497161
  25.1336012   37.2488188
  25.1346507   37.2479085
  25.1356823   37.2469852
  25.1366957   37.2460493
  25.1376908   37.245101
  25.1386671   37.2441404
  25.1396246   37.2431679
  25.140563    37.2421836
  25.1414821   37.2411878
  25.1423816   37.2401807
  25.1432613   37.2391626
  25.144121    37.2381337
  25.1449605   37.2370943
  25.1457796   37.2360446
  25.1465781   37.2349849
  25.1473558   37.2339154
  25.1481126   37.2328364
  25.1488482   37.2317481
  25.1495624   37.2306509
  25.1502551   37.2295449
  25.1509261   37.2284304
  25.1515753   37.2273078
  25.1522025   37.2261773
  25.1522373   37.2261132
  25.1528398   37.2249799
  25.1534202   37.2238393
  25.1539783   37.2226916
  25.1545141   37.2215372
  25.1550273   37.2203763
  25.1555179   37.2192092
  25.1559858   37.2180362
  25.1564308   37.2168575
  25.1568528   37.2156734
  25.1572518   37.2144843
  25.1575015   37.2136908
  25.1579814   37.2140394
  25.1591397   37.214855
  25.1603138   37.2156562
  25.1615033   37.2164428
  25.1627079   37.2172147
  25.1639275   37.2179716
  25.1651616   37.2187133
  25.1664099   37.2194398
  25.1671012   37.2198355
  25.1683875   37.2205597
  25.169688    37.2212676
  25.1710023   37.2219591
  25.1723302   37.222634
  25.1736713   37.2232921
  25.1750253   37.2239333
  25.1763918   37.2245573
  25.1777705   37.2251641
  25.179161    37.2257535
  25.1805631   37.2263254
  25.1819763   37.2268796
  25.1834003   37.2274159
  25.1848348   37.2279343
  25.1862794   37.2284345
  25.1877337   37.2289166
  25.1891974   37.2293803
  25.1906701   37.2298256
  25.1921514   37.2302523
  25.1922666   37.2302847
  25.1937549   37.2306923
  25.195251    37.2310813
  25.1967546   37.2314514
  25.1982654   37.2318026
  25.1997829   37.2321347
  25.2013068   37.2324478
  25.2028368   37.2327417
  25.2043724   37.2330164
  25.2059132   37.2332718
  25.2074589   37.2335077
  25.209009    37.2337243
  25.2105633   37.2339214
  25.2121213   37.2340989
  25.2136825   37.2342568
  25.2152468   37.2343952
  25.2168135   37.2345139
  25.2183825   37.2346128
  25.2199532   37.2346921
  25.2215252   37.2347517
  25.2230983   37.2347915
  25.2246719   37.2348116
  25.2262458   37.2348119
  25.2278194   37.2347925
  25.2293925   37.2347533
  25.2309646   37.2346944
  25.2325353   37.2346157
  25.2341043   37.2345174
  25.2349874   37.2344508
  25.2362448   37.23482
  25.2377312   37.2352353
  25.2392256   37.2356319
  25.2407277   37.2360096
  25.2422371   37.2363685
  25.2437534   37.2367083
  25.2452762   37.237029
  25.2468053   37.2373306
  25.2483401   37.2376129
  25.2496383   37.2378346
  25.2503998   37.238015
  25.251847    37.2383392
  25.2533001   37.2386459
  25.2547589   37.2389353
  25.254838    37.2389504
  25.2563706   37.2392345
  25.2579086   37.2394993
  25.2594517   37.2397447
  25.2609994   37.2399707
  25.2625515   37.2401773
  25.2641074   37.2403644
  25.2656668   37.240532
  25.2672294   37.2406799
  25.2687947   37.2408082
  25.2703623   37.2409169
  25.2719319   37.2410059
  25.2735031   37.2410751
  25.2750755   37.2411247
  25.2766486   37.2411545
  25.2768485   37.2411558
  25.2784045   37.2412185
  25.279966    37.2412619
  25.2815281   37.2412859
  25.2830905   37.2412904
  25.2846528   37.2412755
  25.2862146   37.241241
  25.2877756   37.2411872
  25.2893353   37.2411138
  25.2908934   37.2410211
  25.2924494   37.2409089
  25.2940031   37.2407774
  25.295554    37.2406265
  25.2971017   37.2404564
  25.2986459   37.2402669
  25.3001862   37.2400583
  25.3017221   37.2398305
  25.3032535   37.2395835
  25.3047797   37.2393175
  25.3063006   37.2390325
  25.3078157   37.2387287
  25.3093246   37.2384059
  25.310827    37.2380644
  25.3123224   37.2377042
  25.3138107   37.2373255
  25.3152913   37.2369282
  25.3167639   37.2365125
  25.3182281   37.2360785
  25.3196836   37.2356264
  25.3211301   37.2351561
  25.3225671   37.2346679
  25.3239944   37.2341618
  25.3254116   37.233638
  25.3268182   37.2330966
  25.3282141   37.2325377
  25.3295988   37.2319615
  25.330972    37.2313681
  25.3323334   37.2307577
  25.3323695   37.2307412
  25.3337323   37.2301074
  25.3350824   37.2294565
  25.3364194   37.2287887
  25.3377429   37.2281042
  25.3390527   37.2274031
  25.3403484   37.2266855
  25.3416297   37.2259518
  25.3428963   37.225202
  25.3437383   37.2246869
  25.3439291   37.224612
  25.3453284   37.2240412
  25.3467163   37.223453
  25.3480923   37.2228474
  25.3494562   37.2222246
  25.3508077   37.2215848
  25.3521463   37.2209281
  25.3534717   37.2202547
  25.3547836   37.2195647
  25.3560818   37.2188584
  25.3573658   37.2181359
  25.3586354   37.2173973
  25.3598902   37.2166429
  25.3611299   37.2158729
  25.3623542   37.2150874
  25.3635629   37.2142866
  25.3647556   37.2134708
  25.3659319   37.21264
  25.3670917   37.2117947
  25.3682347   37.2109348
  25.3693605   37.2100608
  25.3704689   37.2091727
  25.3715595   37.2082708
  25.3717125   37.2081402
  25.3717499   37.208154
  25.3723343   37.2083612
  25.3729179   37.2085697
  25.3730505   37.2086151
  25.3731824   37.2086619
  25.3737708   37.2088617
  25.3743585   37.2090629
  25.3744919   37.2091066
  25.3746247   37.2091517
  25.375217    37.2093441
  25.3758085   37.2095379
  25.3759428   37.20958
  25.3760765   37.2096234
  25.3766725   37.2098084
  25.3772678   37.2099948
  25.3774029   37.2100352
  25.3775374   37.2100769
  25.378137    37.2102544
  25.3787359   37.2104333
  25.3787909   37.210449
  25.3790209   37.2105182
  25.3800249   37.210806
  25.3806354   37.2110087
  25.3820656   37.2114631
  25.3835044   37.2118998
  25.3849514   37.2123188
  25.3864065   37.2127199
  25.3878691   37.2131032
  25.389339    37.2134684
  25.3908157   37.2138155
  25.3919369   37.2140642
  25.3923812   37.2147165
  25.3929259   37.2154869
  25.393214    37.2159097
  25.3939922   37.2170097
  25.3947923   37.2180997
  25.395614    37.2191794
  25.3964571   37.2202486
  25.3973214   37.2213069
  25.3974566   37.2214696
  25.3983366   37.2225107
  25.3992371   37.2235405
  25.4001579   37.2245589
  25.4010988   37.2255655
  25.4020595   37.2265602
  25.4030398   37.2275427
  25.4040395   37.2285127
  25.4050583   37.22947
  25.406096    37.2304144
  25.4062931   37.2305883
  25.4071124   37.2314306
  25.408089    37.2324029
  25.4083019   37.2326082
  25.4088291   37.2331437
  25.4098221   37.2341201
  25.4108344   37.235084
  25.4118657   37.236035
  25.4129158   37.2369728
  25.4139844   37.2378973
  25.4150712   37.2388083
  25.4161759   37.2397054
  25.4172983   37.2405885
  25.4184381   37.2414574
  25.4195951   37.2423118
  25.4207688   37.2431515
  25.4219591   37.2439764
  25.421978    37.2439893
  25.4228521   37.2445761
  25.4232889   37.2449297
  25.4243964   37.2457989
  25.4255208   37.2466541
  25.4266617   37.2474953
  25.427819    37.2483223
  25.4289924   37.2491347
  25.4301815   37.2499326
  25.431386    37.2507155
  25.4326057   37.2514835
  25.4338404   37.2522362
  25.4350896   37.2529735
  25.436353    37.2536952
  25.4376305   37.2544011
  25.4389216   37.2550911
  25.4402261   37.2557651
  25.4415436   37.2564227
  25.4428738   37.2570639
  25.4442164   37.2576886
  25.445571    37.2582965
  25.4469374   37.2588876
  25.4483152   37.2594616
  25.4497041   37.2600185
  25.4511037   37.260558
  25.4525137   37.2610802
  25.4529937   37.2612508
  25.4537921   37.2616266
  25.4551665   37.2622504
  25.4565531   37.2628568
  25.4579516   37.2634456
  25.4593616   37.2640167
  25.4607829   37.2645699
  25.4618987   37.264987
  25.4631798   37.2655357
  25.4645722   37.2661098
  25.4659757   37.2666664
  25.4673901   37.2672054
  25.4688149   37.2677267
  25.4702498   37.2682301
  25.4716945   37.2687154
  25.4717401   37.2687304
  25.4732438   37.2692132
  25.4747572   37.2696765
  25.4762798   37.2701202
  25.4778113   37.2705442
  25.4793512   37.2709483
  25.4799367   37.2710936
  25.4808118   37.2714532
  25.4821725   37.2719916
  25.4835433   37.2725134
  25.4841399   37.2727317
  25.4846707   37.272967
  25.4860611   37.2735606
  25.4874631   37.2741366
  25.4888764   37.274695
  25.4903006   37.2752355
  25.4917354   37.2757579
  25.4931804   37.2762623
  25.4946352   37.2767485
  25.4960995   37.2772162
  25.4975729   37.2776655
  25.499055    37.2780963
  25.5005455   37.2785083
  25.502044    37.2789015
  25.5035501   37.2792758
  25.5050635   37.2796311
  25.5065838   37.2799674
  25.5081105   37.2802844
  25.5096434   37.2805823
  25.5108432   37.2807995
  25.5117      37.280966
  25.5132099   37.2812398
  25.5147249   37.2814949
  25.5162448   37.2817313
  25.517769    37.2819488
  25.5192974   37.2821476
  25.5208294   37.2823274
  25.5223647   37.2824884
  25.523903    37.2826303
  25.5254439   37.2827533
  25.526987    37.2828572
  25.5285319   37.282942
  25.5300783   37.2830078
  25.5316258   37.2830545
  25.533174    37.2830821
  25.5347226   37.2830905
  25.5362711   37.2830799
  25.5378193   37.2830501
  25.5393667   37.2830012
  25.5409129   37.2829332
  25.5424577   37.2828462
  25.5427178   37.2828283
  25.5436116   37.2827806
  25.544118    37.2827502
  25.5457394   37.282642
  25.5464703   37.2825837
  25.5469129   37.2825533
  25.5484675   37.282427
  25.5500194   37.2822814
  25.5515683   37.2821164
  25.5531137   37.2819322
  25.5546553   37.2817287
  25.5561927   37.2815061
  25.5577256   37.2812643
  25.5592535   37.2810035
  25.5607761   37.2807237
  25.562293    37.2804249
  25.5638038   37.2801073
  25.5653082   37.2797709
  25.5668058   37.2794158
  25.5682962   37.2790421
  25.5697791   37.2786498
  25.5712541   37.2782392
  25.5727209   37.2778102
  25.574179    37.277363
  25.5756281   37.2768977
  25.5770679   37.2764144
  25.578498    37.2759132
  25.5799181   37.2753942
  25.5813278   37.2748577
  25.5827268   37.2743036
  25.5841147   37.2737321
  25.5854912   37.2731435
  25.586856    37.2725377
  25.5882086   37.2719151
  25.5895489   37.2712756
  25.5908764   37.2706195
  25.5921908   37.269947
  25.592386    37.2698437
  25.5926806   37.2696959
  25.5939853   37.2690186
  25.5952765   37.2683253
  25.596554    37.267616
  25.5978174   37.2668909
  25.5990664   37.2661502
  25.6003008   37.2653941
  25.6015202   37.2646227
  25.6027243   37.2638363
  25.6039128   37.263035
  25.6050855   37.2622191
  25.6055172   37.2619091
  25.6058679   37.2616813
  25.6070726   37.2608734
  25.6082611   37.2600505
  25.6083493   37.2599885
  25.6094887   37.2591744
  25.6106123   37.2583464
  25.6117198   37.2575049
  25.612811    37.2566499
  25.6138856   37.2557817
  25.6149433   37.2549005
  25.6159839   37.2540064
  25.6170071   37.2530997
  25.6180128   37.2521807
  25.6190006   37.2512494
  25.6199704   37.2503062
  25.6209218   37.2493512
  25.6218548   37.2483848
  25.622769    37.247407
  25.6230456   37.2471064
  25.6240638   37.2459793
  25.625057    37.2448382
  25.6252664   37.2445884
  25.6257031   37.2441167
  25.6266111   37.243103
  25.627499    37.2420781
  25.6283666   37.2410422
  25.6292137   37.2399957
  25.6300402   37.2389386
  25.6308038   37.2379269
  25.6309329   37.2378271
  25.6320579   37.2369289
  25.6331647   37.2360166
  25.6342531   37.2350903
  25.6353228   37.2341503
  25.6363735   37.2331968
  25.6374049   37.23223
  25.6384169   37.2312503
  25.639409    37.2302578
  25.6403812   37.2292528
  25.6413331   37.2282356
  25.6422645   37.2272064
  25.6431751   37.2261654
  25.6434277   37.2258666
  25.6434851   37.2258195
  25.6445639   37.2249055
  25.6456244   37.2239781
  25.6466665   37.2230375
  25.6476897   37.2220839
  25.6486939   37.2211175
  25.6496789   37.2201386
  25.6506443   37.2191475
  25.65159     37.2181443
  25.6525156   37.2171294
  25.6534211   37.2161029
  25.6543061   37.2150652
  25.6551704   37.2140165
  25.6560138   37.212957
  25.656181    37.2127395
  25.6566      37.2122361
  25.6574582   37.2111681
  25.658295    37.2100894
  25.6591101   37.2090002
  25.6596082   37.2083098
  25.6600013   37.2078287
  25.6608324   37.2067763
  25.6616428   37.2057136
  25.6624321   37.204641
  25.6632003   37.2035586
  25.6639472   37.2024668
  25.6646725   37.2013658
  25.6653762   37.2002559
  25.6660579   37.1991373
  25.6667176   37.1980104
  25.6673551   37.1968754
  25.6679703   37.1957325
  25.6683578   37.1949802
  25.6683887   37.1949236
  25.6685562   37.1946354
  25.6691794   37.1935183
  25.6697809   37.1923936
  25.6703607   37.1912616
  25.6704868   37.1910043
  25.6708608   37.190516
  25.6711122   37.1902255
  25.6719819   37.1891859
  25.672831    37.1881355
  25.6736593   37.1870746
  25.6744666   37.1860035
  25.6752527   37.1849223
  25.6760173   37.1838315
  25.6767604   37.1827312
  25.6774816   37.1816217
  25.6781809   37.1805033
  25.6788581   37.1793763
  25.6795129   37.1782409
  25.6801453   37.1770974
  25.680755    37.1759462
  25.681342    37.1747874
  25.681906    37.1736215
  25.682189    37.1730079
  25.6822872   37.1730144
  25.6838425   37.1730978
  25.6853993   37.1731618
  25.6869572   37.1732064
  25.6885158   37.1732316
  25.6900746   37.1732374
  25.6916334   37.1732238
  25.6931917   37.1731908
  25.6947492   37.1731385
  25.6963055   37.1730668
  25.6978602   37.1729757
  25.6984583   37.1729331
  25.6985087   37.1729853
  25.699481    37.1739604
  25.7004723   37.1749233
  25.7014825   37.1758736
  25.7025112   37.1768112
  25.7035582   37.1777359
  25.7046232   37.1786474
  25.705706    37.1795454
  25.7068063   37.1804299
  25.7079239   37.1813005
  25.7090585   37.182157
  25.7102097   37.1829992
  25.7113774   37.183827
  25.7125611   37.1846401
  25.7137608   37.1854384
  25.7149759   37.1862215
  25.7162063   37.1869895
  25.7174517   37.1877419
  25.7187116   37.1884787
  25.7199859   37.1891997
  25.7212743   37.1899048
  25.7225763   37.1905936
  25.7238917   37.1912661
  25.7252201   37.1919222
  25.7265613   37.1925615
  25.7279149   37.1931841
  25.7292806   37.1937897
  25.730658    37.1943782
  25.7320468   37.1949494
  25.7334466   37.1955032
  25.7348572   37.1960395
  25.7362781   37.1965582
  25.7377091   37.197059
  25.7391497   37.1975419
  25.7405996   37.1980068
  25.7420585   37.1984536
  25.743526    37.1988821
  25.7450018   37.1992923
  25.7464854   37.199684
  25.7479765   37.2000571
  25.7494748   37.2004116
  25.7509799   37.2007474
  25.7524914   37.2010643
  25.754009    37.2013624
  25.7552484   37.2015895
  25.7564664   37.2022799
  25.7577595   37.2029888
  25.7590666   37.2036815
  25.7603871   37.2043576
  25.7617209   37.2050172
  25.7630674   37.2056599
  25.7644266   37.2062857
  25.7657979   37.2068944
  25.767181    37.2074859
  25.7685757   37.2080599
  25.7699815   37.2086164
  25.7713981   37.2091552
  25.7728252   37.2096762
  25.7742625   37.2101792
  25.7757094   37.2106642
  25.7771658   37.211131
  25.7786312   37.2115795
  25.7801053   37.2120096
  25.7815877   37.2124212
  25.783078    37.2128141
  25.7831531   37.2128334
  25.7846899   37.2132171
  25.7862343   37.213581
  25.7877858   37.213925
  25.7893442   37.214249
  25.7909088   37.2145529
  25.7924795   37.2148367
  25.7940556   37.2151003
  25.795637    37.2153436
  25.797223    37.2155665
  25.7972849   37.2155748
  25.7988292   37.2157718
  25.8003772   37.2159494
  25.8019285   37.2161078
  25.8034827   37.2162467
  25.8050395   37.2163663
  25.8065985   37.2164664
  25.8081592   37.216547
  25.8097213   37.2166082
  25.8112844   37.2166499
  25.8128482   37.216672
  25.8144121   37.2166747
  25.815976    37.2166578
  25.8175393   37.2166214
  25.8191017   37.2165655
  25.8206629   37.2164902
  25.8222223   37.2163953
  25.8237797   37.216281
  25.8253347   37.2161473
  25.8268868   37.2159943
  25.8276063   37.2159142
  25.8290478   37.2159371
  25.8299502   37.21594
  25.8295794   37.2169528
  25.829166    37.2181516
  25.8287762   37.2193554
  25.82841     37.2205639
  25.8280677   37.2217768
  25.8277492   37.2229938
  25.8274546   37.2242145
  25.8271841   37.2254388
  25.8269376   37.2266663
  25.8267153   37.2278966
  25.8265172   37.2291296
  25.8263433   37.2303649
  25.8261937   37.2316021
  25.8260684   37.2328411
  25.8259675   37.2340814
  25.8258909   37.2353228
  25.8258387   37.236565
  25.825811    37.2378077
  25.8258076   37.2390506
  25.8258287   37.2402933
  25.8258742   37.2415356
  25.825944    37.2427771
  25.8260383   37.2440176
  25.8261569   37.2452568
  25.8262999   37.2464943
  25.8264671   37.2477299
  25.8266586   37.2489632
  25.8268743   37.2501939
  25.8271141   37.2514218
  25.8273781   37.2526466
  25.8276661   37.2538679
  25.827978    37.2550854
  25.8283138   37.2562989
  25.8286735   37.257508
  25.8290568   37.2587125
  25.8294637   37.259912
  25.8298942   37.2611064
  25.8303481   37.2622952
  25.8308253   37.2634781
  25.8313257   37.264655
  25.8318492   37.2658255
  25.8323955   37.2669893
  25.8329647   37.2681462
  25.8335566   37.2692958
  25.834171    37.2704379
  25.8348077   37.2715722
  25.834975    37.271864
  25.8356364   37.2729943
  25.83632     37.2741162
  25.8370257   37.2752294
  25.8377532   37.2763336
  25.8385024   37.2774285
  25.8392731   37.278514
  25.8400651   37.2795897
  25.8408783   37.2806553
  25.8417124   37.2817107
  25.8425672   37.2827554
  25.8434425   37.2837894
  25.844338    37.2848123
  25.8452537   37.2858239
  25.8461892   37.2868238
  25.8471443   37.287812
  25.8481188   37.2887881
  25.8491124   37.289752
  25.8501249   37.2907032
  25.8511561   37.2916417
  25.8522056   37.2925672
  25.8532733   37.2934795
  25.8543588   37.2943783
  25.855462    37.2952634
  25.8565825   37.2961347
  25.85772     37.2969918
  25.8588743   37.2978346
  25.8600451   37.2986629
  25.861232    37.2994765
  25.8624349   37.3002751
  25.8636534   37.3010586
  25.8648872   37.3018268
  25.866136    37.3025795
  25.8673995   37.3033165
  25.8686774   37.3040376
  25.8699694   37.3047427
  25.8712751   37.3054315
  25.8725943   37.306104
  25.8739265   37.3067599
  25.8752716   37.3073991
  25.8766291   37.3080214
  25.8779987   37.3086266
  25.87938     37.3092147
  25.8807728   37.3097855
  25.8821767   37.3103388
  25.8835914   37.3108745
  25.8850164   37.3113925
  25.8864515   37.3118926
  25.8865464   37.311925
  25.8880053   37.3124118
  25.8894737   37.31288
  25.8909512   37.3133298
  25.8924375   37.3137608
  25.8939322   37.314173
  25.8954349   37.3145664
  25.8969453   37.3149407
  25.898463    37.315296
  25.8999875   37.3156321
  25.9015186   37.3159489
  25.9030557   37.3162464
  25.9045986   37.3165245
  25.9061469   37.3167831
  25.9077001   37.3170222
  25.9092579   37.3172416
  25.9108198   37.3174414
  25.9123856   37.3176215
  25.9124822   37.317632
  25.9137096   37.3177591
  25.9143644   37.3178236
  25.9159838   37.3179726
  25.9176061   37.3181005
  25.9192308   37.3182072
  25.9208575   37.3182929
  25.9224857   37.3183575
  25.924115    37.3184008
  25.925745    37.3184231
  25.9273752   37.3184241
  25.9290053   37.318404
  25.9306347   37.3183627
  25.932263    37.3183002
  25.9338899   37.3182166
  25.9349456   37.3181555
  25.9349455   37.3181542
  25.9359268   37.3180973
  25.9374826   37.3179876
  25.9390361   37.3178585
  25.9405868   37.3177101
  25.9421344   37.3175425
  25.9436785   37.3173556
  25.9452188   37.3171495
  25.9467548   37.3169242
  25.9482862   37.3166799
  25.9498126   37.3164165
  25.9513336   37.3161342
  25.9528489   37.315833
  25.9543581   37.315513
  25.9558608   37.3151742
  25.9573567   37.3148168
  25.9588453   37.3144408
  25.9603263   37.3140463
  25.9617995   37.3136334
  25.9632643   37.3132023
  25.964429    37.3128429
  25.9649178   37.3127036
  25.9663886   37.3122637
  25.9678504   37.3118054
  25.969303    37.3113288
  25.970746    37.3108342
  25.972179    37.3103215
  25.9736017   37.309791
  25.9750137   37.3092427
  25.9764147   37.3086767
  25.9778043   37.3080933
  25.9791822   37.3074926
  25.9805481   37.3068747
  25.9819015   37.3062398
  25.9832422   37.305588
  25.9845699   37.3049195
  25.9858841   37.3042344
  25.9871846   37.303533
  25.9884711   37.3028153
  25.9897432   37.3020816
  25.9910007   37.3013321
  25.9922432   37.300567
  25.9922863   37.30054
  25.9935066   37.2997637
  25.9947116   37.2989724
  25.9959008   37.2981661
  25.997074    37.2973451
  25.9982309   37.2965096
  25.9993713   37.2956598
  26.0004947   37.2947959
  26.0016011   37.293918
  26.00269     37.2930265
  26.0037612   37.2921216
  26.0048146   37.2912034
  26.0058497   37.2902721
  26.0068664   37.2893281
  26.0078643   37.2883716
  26.0088434   37.2874027
  26.0098032   37.2864217
  26.0107436   37.2854289
  26.0116644   37.2844245
  26.0125653   37.2834087
  26.0134461   37.2823818
  26.0143067   37.281344
  26.0151466   37.2802957
  26.0159659   37.279237
  26.0167642   37.2781682
  26.0175414   37.2770896
  26.0182973   37.2760014
  26.0190317   37.2749039
  26.0197444   37.2737974
  26.0204353   37.2726821
  26.0211041   37.2715584
  26.0217508   37.2704264
  26.0223751   37.2692865
  26.0229769   37.268139
  26.0235561   37.266984
  26.0241125   37.265822
  26.0246459   37.2646532
  26.0251563   37.2634778
  26.0256435   37.2622963
  26.0261075   37.2611087
  26.026548    37.2599156
  26.0269649   37.258717
  26.0273583   37.2575134
  26.027728    37.2563051
  26.0280738   37.2550922
  26.0283957   37.2538752
  26.0286937   37.2526543
  26.0289676   37.2514298
  26.0292174   37.250202
  26.0294431   37.2489712
  26.0296445   37.2477378
  26.0298216   37.246502
  26.0299744   37.2452641
  26.0301029   37.2440244
  26.0302069   37.2427833
  26.0302865   37.241541
  26.0303417   37.2402978
  26.0303725   37.2390541
  26.0303788   37.2378101
  26.0303606   37.2365662
  26.030318    37.2353226
  26.0302509   37.2340797
  26.0301594   37.2328378
  26.0300435   37.2315971
  26.0299032   37.2303581
  26.0297386   37.2291209
  26.0295497   37.2278858
  26.0293365   37.2266533
  26.0290991   37.2254236
  26.0288376   37.2241969
  26.028552    37.2229737
  26.0282424   37.2217541
  26.0279088   37.2205385
  26.0275514   37.2193272
  26.0271702   37.2181205
  26.0267654   37.2169186
  26.0263369   37.215722
  26.025885    37.2145308
  26.0254098   37.2133454
  26.0253786   37.2132716
  26.0253055   37.2130818
  26.0248191   37.2118863
  26.024309    37.210697
  26.0237753   37.2095142
  26.0232183   37.2083384
  26.022638    37.2071696
  26.0220345   37.2060083
  26.0214081   37.2048547
  26.0207588   37.2037091
  26.0200869   37.2025719
  26.0193925   37.2014432
  26.0186758   37.2003233
  26.017937    37.1992127
  26.0171762   37.1981114
  26.0163936   37.1970199
  26.0155895   37.1959383
  26.014764    37.194867
  26.0139174   37.1938062
  26.0130498   37.1927561
  26.0121615   37.1917171
  26.0112527   37.1906895
  26.0103236   37.1896733
  26.0093744   37.188669
  26.0084055   37.1876768
  26.007417    37.1866968
  26.0072386   37.1865228
  26.006227    37.185552
  26.0051963   37.184594
  26.0041466   37.1836492
  26.0030783   37.1827177
  26.0019915   37.1817999
  26.0008866   37.1808959
  25.9997638   37.180006
  25.9986234   37.1791303
  25.9974658   37.1782692
  25.9962911   37.1774229
  25.9950998   37.1765914
  25.993892    37.1757751
  25.9926681   37.1749742
  25.9914285   37.1741889
  25.9901733   37.1734193
  25.988903    37.1726656
  25.9876179   37.1719281
  25.9863182   37.171207
  25.9850043   37.1705023
  25.9836766   37.1698144
  25.9823353   37.1691433
  25.9809809   37.1684893
  25.9796135   37.1678524
  25.9782337   37.1672329
  25.9768418   37.166631
  25.975438    37.1660467
  25.9740227   37.1654802
  25.9725964   37.1649316
  25.9711593   37.1644012
  25.9697118   37.163889
  25.9682544   37.1633952
  25.9667872   37.1629199
  25.9653108   37.1624631
  25.9638255   37.1620251
  25.9623317   37.1616059
  25.9608297   37.1612057
  25.9593199   37.1608245
  25.9578027   37.1604624
  25.9562785   37.1601196
  25.9547477   37.159796
  25.9532106   37.1594919
  25.9516677   37.1592072
  25.9501193   37.1589421
  25.9485658   37.1586966
  25.9470076   37.1584708
  25.9454451   37.1582647
  25.9438787   37.1580783
  25.9423088   37.1579119
  25.941932    37.1578743
  25.939667    37.1576696
  25.9395585   37.1576607
  25.9379936   37.1575436
  25.9364266   37.1574461
  25.9348579   37.1573683
  25.9332879   37.1573102
  25.9317169   37.1572718
  25.9301453   37.1572531
  25.9297435   37.1572534
  25.930179    37.1563458
  25.9307145   37.155175
  25.931227    37.1539976
  25.9317163   37.152814
  25.9321823   37.1516244
  25.9326249   37.150429
  25.9330439   37.1492283
  25.9334392   37.1480225
  25.9338108   37.1468119
  25.9341586   37.1455968
  25.9344824   37.1443774
  25.9347823   37.1431541
  25.935058    37.1419273
  25.9353097   37.1406971
  25.9355371   37.1394639
  25.9357402   37.138228
  25.9359191   37.1369897
  25.9359887   37.136431
  25.935991    37.1364258
  25.9364921   37.1352303
  25.9369695   37.1340285
  25.9374229   37.1328208
  25.9378523   37.1316076
  25.9382575   37.130389
  25.9386385   37.1291655
  25.9389951   37.1279373
  25.9393272   37.1267047
  25.9396348   37.1254681
  25.9399178   37.1242277
  25.9401762   37.1229839
  25.9404098   37.1217369
  25.9406185   37.1204872
  25.9408025   37.1192349
  25.9409615   37.1179805
  25.9410956   37.1167241
  25.9412047   37.1154663
  25.9412889   37.1142071
  25.941348    37.1129471
  25.941382    37.1116864
  25.941391    37.1104255
  25.941375    37.1091645
  25.9413339   37.107904
  25.9412678   37.106644
  25.9411767   37.1053851
  25.9410606   37.1041274
  25.9409195   37.1028713
  25.9407535   37.1016172
  25.9405626   37.1003653
  25.9403469   37.0991159
  25.9403141   37.0989365
  25.940076    37.0977021
  25.9398137   37.0964709
  25.9395273   37.0952431
  25.9392167   37.094019
  25.9388821   37.0927989
  25.9385235   37.0915831
  25.9381411   37.0903719
  25.9377349   37.0891657
  25.937305    37.0879647
  25.9368516   37.0867691
  25.9363747   37.0855794
  25.9358744   37.0843958
  25.935351    37.0832186
  25.9348045   37.082048
  25.934235    37.0808844
  25.9336428   37.0797281
  25.933085    37.0786861
  25.9328002   37.077777
  25.9323981   37.0765738
  25.9321153   37.0757779
  25.9318262   37.0749105
  25.9313956   37.0736966
  25.9311335   37.0729999
  25.9307709   37.0719103
  25.9303431   37.070702
  25.9298916   37.0694991
  25.9294163   37.0683021
  25.9289174   37.0671112
  25.928395    37.0659267
  25.9278494   37.0647488
  25.9272805   37.063578
  25.9266885   37.0624145
  25.9260737   37.0612585
  25.925436    37.0601104
  25.9247758   37.0589704
  25.9240932   37.0578389
  25.9233882   37.0567161
  25.9226612   37.0556023
  25.9219123   37.0544977
  25.9211416   37.0534027
  25.9203494   37.0523175
  25.9195359   37.0512424
  25.9187012   37.0501776
  25.9178456   37.0491235
  25.9169693   37.0480803
  25.9160725   37.0470481
  25.9151554   37.0460274
  25.9142183   37.0450184
  25.9132613   37.0440212
  25.9122848   37.0430362
  25.9112889   37.0420636
  25.910274    37.0411036
  25.9095203   37.0404131
  25.9094848   37.0403744
  25.908558    37.039396
  25.9076124   37.038429
  25.9066482   37.0374737
  25.9056658   37.0365304
  25.9046653   37.0355993
  25.9036469   37.0346805
  25.902611    37.0337744
  25.9015577   37.0328811
  25.9004873   37.0320008
  25.8994      37.0311338
  25.8982962   37.0302802
  25.897176    37.0294403
  25.8960397   37.0286143
  25.8955308   37.0282556
  25.8953615   37.0281291
  25.8942003   37.0272886
  25.8930227   37.0264628
  25.8918291   37.0256518
  25.8906196   37.0248559
  25.8893947   37.0240752
  25.8881545   37.02331
  25.8868995   37.0225604
  25.8856298   37.0218266
  25.8843459   37.0211088
  25.883048    37.0204072
  25.8817365   37.0197219
  25.8804117   37.0190532
  25.8790739   37.0184012
  25.8777234   37.017766
  25.8763606   37.0171478
  25.8749858   37.0165467
  25.8735994   37.015963
  25.8722016   37.0153967
  25.8707929   37.014848
  25.8693736   37.0143171
  25.867944    37.0138039
  25.8665045   37.0133088
  25.8650554   37.0128318
  25.8635972   37.012373
  25.8621301   37.0119325
  25.8606545   37.0115105
  25.8591708   37.011107
  25.8576793   37.0107222
  25.8561805   37.0103562
  25.8546746   37.0100089
  25.8531622   37.0096806
  25.8516434   37.0093713
  25.8501187   37.0090811
  25.8485886   37.00881
  25.8470533   37.0085581
  25.8469548   37.0085426
  25.8454216   37.008311
  25.843884    37.0080986
  25.8423425   37.0079054
  25.8407974   37.0077315
  25.8392491   37.0075768
  25.837698    37.0074415
  25.8361443   37.0073256
  25.8345887   37.0072291
  25.8330313   37.0071521
  25.8314726   37.0070944
  25.8299129   37.0070563
  25.8283527   37.0070376
  25.8267923   37.0070384
  25.8252322   37.0070587
  25.8236726   37.0070984
  25.8232055   37.0071162
  25.8216695   37.0071535
  25.8213163   37.0071665
  25.8209493   37.0071758
  25.8193803   37.0072357
  25.8178126   37.0073153
  25.8162466   37.0074146
  25.8146828   37.0075336
  25.8131216   37.0076721
  25.8115632   37.0078303
  25.8100082   37.0080081
  25.8084569   37.0082054
  25.8069096   37.0084221
  25.8053669   37.0086582
  25.8038289   37.0089138
  25.8022962   37.0091886
  25.8007691   37.0094826
  25.799248    37.0097958
  25.7977332   37.010128
  25.7962252   37.0104793
  25.7947243   37.0108494
  25.7939052   37.0110628
  25.792992    37.0111013
  25.7914117   37.0111882
  25.7913513   37.0111919
  25.7897794   37.0112983
  25.7882097   37.0114245
  25.7866427   37.0115705
  25.7850788   37.0117362
  25.7835184   37.0119217
  25.7832243   37.0119604
  25.7830485   37.0118063
  25.7819727   37.0108927
  25.7808791   37.0099927
  25.7797678   37.0091065
  25.7786393   37.0082345
  25.7774937   37.0073766
  25.7763313   37.0065333
  25.7751525   37.0057047
  25.7739575   37.004891
  25.7727466   37.0040924
  25.7715201   37.0033091
  25.7702784   37.0025412
  25.7690216   37.0017891
  25.7677503   37.0010529
  25.7664645   37.0003327
  25.7651648   36.9996287
  25.7638513   36.9989412
  25.7625245   36.9982702
  25.7624534   36.9982349
  25.7611486   36.9975975
  25.7598318   36.9969762
  25.7585032   36.9963711
  25.7571632   36.9957823
  25.7563139   36.9954159
  25.7549203   36.9948259
  25.7535153   36.9942536
  25.7520991   36.9936991
  25.7506721   36.9931626
  25.7492347   36.9926441
  25.7477872   36.9921438
  25.74633     36.9916618
  25.7448635   36.9911983
  25.7433879   36.9907534
  25.7419038   36.9903271
  25.7404941   36.9899422
  25.7405202   36.989256
  25.7405431   36.9879915
  25.740541    36.986727
  25.7405137   36.9854626
  25.7404613   36.9841987
  25.7403839   36.9829356
  25.7402814   36.9816736
  25.7401538   36.980413
  25.7400012   36.9791542
  25.7398237   36.9778975
  25.7396212   36.9766431
  25.7395784   36.9763936
  25.739457    36.975708
  25.7394141   36.975473
  25.7391708   36.9742114
  25.7389022   36.972953
  25.7386085   36.9716981
  25.7382897   36.9704472
  25.7379458   36.9692005
  25.737577    36.9679583
  25.7371834   36.966721
  25.736765    36.9654888
  25.736322    36.9642621
  25.7358545   36.9630413
  25.7357825   36.9628635
  25.7356133   36.9624196
  25.7358964   36.9622328
  25.7370964   36.9614157
  25.73828     36.9605836
  25.739447    36.9597366
  25.7405972   36.9588749
  25.7417302   36.9579989
  25.7428457   36.9571086
  25.7439435   36.9562044
  25.7450233   36.9552864
  25.7460848   36.9543549
  25.7471277   36.9534101
  25.7481519   36.9524522
  25.749157    36.9514815
  25.7501428   36.9504983
  25.751109    36.9495027
  25.7520554   36.948495
  25.7529818   36.9474755
  25.753888    36.9464444
  25.7547736   36.945402
  25.7556386   36.9443485
  25.7564826   36.9432842
  25.7573055   36.9422094
  25.758107    36.9411243
  25.75853     36.9405305
  25.7591121   36.9397706
  25.759587    36.9391278
  25.7603372   36.9384121
  25.761334    36.9374299
  25.7623112   36.9364351
  25.7632686   36.9354281
  25.7642059   36.9344091
  25.7651229   36.9333783
  25.7660193   36.932336
  25.7668949   36.9312825
  25.7672078   36.9308927
  25.7678953   36.9302206
  25.7688733   36.9292331
  25.7698318   36.9282334
  25.7707703   36.9272217
  25.7716888   36.9261982
  25.7725869   36.9251633
  25.7734645   36.9241171
  25.7743214   36.92306
  25.7751572   36.9219922
  25.7759719   36.920914
  25.7767652   36.9198256
  25.7775368   36.9187273
  25.7782868   36.9176194
  25.7786612   36.9170556
  25.779401    36.9159198
  25.7801179   36.9147745
  25.7808118   36.9136202
  25.7813322   36.9127176
  25.7816111   36.9128992
  25.7823238   36.9133557
  25.7835149   36.9141068
  25.78472     36.9148434
  25.785939    36.9155652
  25.7861151   36.9156662
  25.7872231   36.9163262
  25.7884823   36.9170522
  25.7897555   36.9177625
  25.7910423   36.9184569
  25.7923425   36.9191351
  25.7936557   36.9197971
  25.7949817   36.9204427
  25.7953911   36.9206352
  25.7958197   36.9213863
  25.7964936   36.9225196
  25.7971896   36.9236442
  25.7979077   36.92476
  25.7986477   36.9258666
  25.7994093   36.9269637
  25.8001924   36.9280511
  25.8009968   36.9291285
  25.8018223   36.9301957
  25.8026687   36.9312523
  25.8035357   36.9322982
  25.8044233   36.933333
  25.805331    36.9343565
  25.8062588   36.9353684
  25.8072064   36.9363686
  25.8081735   36.9373567
  25.80916     36.9383325
  25.8094805   36.9386445
  25.8098193   36.9389726
  25.810006    36.9391524
  25.8110264   36.9401192
  25.8120659   36.941073
  25.8131241   36.9420135
  25.8142008   36.9429405
  25.8152958   36.9438536
  25.8164088   36.9447528
  25.8175395   36.9456378
  25.8186875   36.9465083
  25.8198527   36.9473641
  25.8210348   36.9482051
  25.8222334   36.949031
  25.8234482   36.9498415
  25.8246789   36.9506366
  25.8259252   36.951416
  25.8271869   36.9521795
  25.8284635   36.9529269
  25.8297548   36.953658
  25.8310605   36.9543726
  25.8323801   36.9550707
  25.8337135   36.9557519
  25.8350602   36.9564161
  25.8364199   36.9570632
  25.8377923   36.9576929
  25.8391769   36.9583052
  25.8405736   36.9588999
  25.8419819   36.9594768
  25.8434014   36.9600358
  25.8448319   36.9605767
  25.8462729   36.9610994
  25.8472077   36.9614314
  25.8487023   36.9619505
  25.8502072   36.9624501
  25.8517221   36.96293
  25.8532467   36.96339
  25.8547804   36.9638301
  25.8563229   36.9642501
  25.8578738   36.9646499
  25.8594327   36.9650295
  25.8609991   36.9653886
  25.8625726   36.9657273
  25.8641529   36.9660454
  25.8646437   36.9661408
  25.8661769   36.9664286
  25.8677155   36.9666971
  25.8692593   36.9669461
  25.8708078   36.9671756
  25.8723606   36.9673856
  25.8739174   36.9675759
  25.8754777   36.9677467
  25.8770412   36.9678977
  25.8786075   36.968029
  25.8793516   36.9680866
  25.8809713   36.9682015
  25.8821821   36.9682715
  25.8827362   36.9688091
  25.883756    36.9697674
  25.8847947   36.9707128
  25.8858518   36.9716449
  25.8861669   36.9719141
  25.8870017   36.9726591
  25.8877478   36.9733046
  25.8883365   36.9738337
  25.8893921   36.9747532
  25.890025    36.9752874
  25.8902248   36.9754924
  25.891203    36.9764647
  25.8912927   36.9765524
  25.8923264   36.977547
  25.8933802   36.9785281
  25.8944538   36.9794954
  25.8955469   36.9804487
  25.8966591   36.9813876
  25.8977903   36.9823121
  25.8989401   36.9832217
  25.9001082   36.9841163
  25.9012943   36.9849957
  25.902498    36.9858596
  25.9037192   36.9867078
  25.9049574   36.98754
  25.9062123   36.9883561
  25.9074837   36.9891558
  25.9077242   36.9893046
  25.9089796   36.9900686
  25.9102499   36.9908166
  25.9115349   36.9915485
  25.9128343   36.9922641
  25.9128391   36.9922667
  25.9138193   36.9928109
  25.9151158   36.9935071
  25.9164258   36.994187
  25.9177489   36.9948504
  25.919085    36.9954972
  25.9204335   36.9961272
  25.9217942   36.9967402
  25.9231667   36.9973362
  25.9245507   36.997915
  25.925946    36.9984763
  25.927352    36.9990202
  25.9287686   36.9995464
  25.9301952   37.0000548
  25.9316317   37.0005454
  25.9330776   37.0010179
  25.9345326   37.0014723
  25.9359963   37.0019084
  25.9374684   37.0023262
  25.9389484   37.0027256
  25.9404362   37.0031064
  25.9419312   37.0034685
  25.9434331   37.0038119
  25.9449416   37.0041365
  25.9464562   37.0044423
  25.9479767   37.004729
  25.9480497   37.0047418
  25.9490621   37.0052296
  25.9504337   37.0058668
  25.9518177   37.0064864
  25.9532138   37.0070885
  25.9546218   37.0076727
  25.9560413   37.008239
  25.9574718   37.0087872
  25.9589131   37.0093172
  25.9603647   37.0098288
  25.9618263   37.0103219
  25.9632976   37.0107964
  25.9647781   37.0112522
  25.9662675   37.0116891
  25.9677654   37.012107
  25.9692715   37.0125059
  25.9707853   37.0128856
  25.9723064   37.013246
  25.9738346   37.0135871
  25.9754976   37.013947
  25.9770362   37.0142694
  25.978581    37.0145722
  25.9786832   37.0145909
  25.9787669   37.0146108
  25.9802727   37.0149489
  25.981785    37.0152682
  25.9833033   37.0155685
  25.9848274   37.0158497
  25.9863567   37.0161119
  25.9878911   37.0163549
  25.98943     37.0165786
  25.9909731   37.0167831
  25.9925201   37.0169682
  25.9940705   37.017134
  25.9956239   37.0172803
  25.9971801   37.0174072
  25.9987385   37.0175146
  26.0002989   37.0176025
  26.0018607   37.0176709
  26.0034238   37.0177197
  26.0049876   37.0177489
  26.0065518   37.0177586
  26.0081159   37.0177487
  26.0096797   37.0177192
  26.0112428   37.0176702
  26.0128046   37.0176016
  26.014365    37.0175135
  26.0159234   37.0174059
  26.0174795   37.0172788
  26.0190329   37.0171322
  26.0205833   37.0169662
  26.0221302   37.0167809
  26.0236733   37.0165762
  26.0252121   37.0163522
  26.0267464   37.016109
  26.0282757   37.0158467
  26.0297997   37.0155652
  26.031318    37.0152647
  26.0328302   37.0149452
  26.034336    37.0146069
  26.0358349   37.0142497
  26.0373266   37.0138738
  26.0388108   37.0134794
  26.040287    37.0130664
  26.041755    37.0126349
  26.0432143   37.0121852
  26.0446646   37.0117172
  26.0461055   37.0112312
  26.0475367   37.0107271
  26.0489579   37.0102053
  26.0503686   37.0096657
  26.0517686   37.0091085
  26.0531575   37.0085339
  26.0545349   37.0079419
  26.05571     37.0074178
  26.0559368   37.0073401
  26.0573722   37.0068267
  26.0587973   37.0062953
  26.0602116   37.0057461
  26.061615    37.0051791
  26.063007    37.0045946
  26.0643873   37.0039926
  26.0657556   37.0033733
  26.0671115   37.0027368
  26.0684546   37.0020834
  26.0697847   37.0014131
  26.0711014   37.0007262
  26.0724044   37.0000228
  26.0736934   36.9993031
  26.0738004   36.9992413
  26.0748132   36.9986901
  26.0761136   36.9979578
  26.0773992   36.9972091
  26.0786698   36.9964441
  26.0799249   36.9956629
  26.0811642   36.9948659
  26.0823875   36.9940533
  26.0835944   36.9932251
  26.0847847   36.9923817
  26.0859579   36.9915232
  26.0871139   36.9906498
  26.0882523   36.9897619
  26.0893728   36.9888595
  26.0904752   36.987943
  26.0915592   36.9870126
  26.0926244   36.9860685
  26.0936707   36.9851109
  26.0945715   36.9842595
  26.0949947   36.9840124
  26.0952284   36.9838713
  26.0953548   36.983817
  26.0967155   36.9832093
  26.0980381   36.9825968
  26.0983654   36.9824986
  26.0998538   36.9820412
  26.1013328   36.9815649
  26.102802    36.9810698
  26.1042612   36.980556
  26.10571     36.9800236
  26.1071479   36.9794728
  26.1085746   36.9789038
  26.1097547   36.9784141
  26.1100762   36.9785831
  26.1113956   36.9792534
  26.112728    36.9799072
  26.1140731   36.9805442
  26.1154305   36.9811643
  26.1167999   36.9817673
  26.1173424   36.9820018
  26.1186994   36.9825776
  26.1200674   36.9831366
  26.1214459   36.9836788
  26.1228348   36.9842039
  26.1242336   36.9847119
  26.1256421   36.9852026
  26.1270598   36.985676
  26.1284865   36.9861318
  26.1299218   36.9865701
  26.1313653   36.9869906
  26.1328168   36.9873934
  26.1342759   36.9877782
  26.1357423   36.9881451
  26.1372155   36.9884939
  26.1386953   36.9888246
  26.1401813   36.989137
  26.1416731   36.9894311
  26.1431704   36.9897068
  26.1446728   36.9899641
  26.1454365   36.9900899
  26.1470156   36.9903396
  26.1485996   36.9905689
  26.150188    36.9907778
  26.1517803   36.9909662
  26.1533763   36.991134
  26.1549755   36.9912813
  26.1565774   36.9914079
  26.1581817   36.991514
  26.1597879   36.9915993
  26.1613956   36.9916639
  26.1630044   36.9917078
  26.1646139   36.991731
  26.1662237   36.9917335
  26.1678333   36.9917152
  26.1694423   36.9916762
  26.169824    36.991662
  26.1698296   36.9917798
  26.1699138   36.9930301
  26.1700227   36.9942791
  26.170156    36.9955266
  26.1703139   36.9967723
  26.1704962   36.9980158
  26.170703    36.9992568
  26.1709341   37.0004951
  26.1711896   37.0017303
  26.1714693   37.0029621
  26.1717733   37.0041902
  26.1721013   37.0054144
  26.1724533   37.0066343
  26.1728293   37.0078496
  26.1732292   37.00906
  26.1736528   37.0102652
  26.1741001   37.0114649
  26.1745709   37.0126589
  26.1750651   37.0138468
  26.1755826   37.0150284
  26.1761233   37.0162032
  26.1766871   37.0173712
  26.1772737   37.0185319
  26.1778831   37.0196851
  26.1785151   37.0208305
  26.1791696   37.0219678
  26.1798463   37.0230968
  26.1805452   37.0242171
  26.181266    37.0253285
  26.1820086   37.0264307
  26.1827727   37.0275234
  26.1835583   37.0286064
  26.1843651   37.0296794
  26.1851929   37.0307422
  26.1860415   37.0317944
  26.1869107   37.0328358
  26.1878002   37.0338663
  26.1887099   37.0348854
  26.1896396   37.0358929
  26.190589    37.0368887
  26.1915578   37.0378725
  26.1925459   37.0388439
  26.193553    37.0398029
  26.1945788   37.0407491
  26.1956231   37.0416823
  26.1966856   37.0426023
  26.1977661   37.0435088
  26.1988643   37.0444017
  26.1999799   37.0452807
  26.2011127   37.0461456
  26.2022624   37.0469961
  26.2034286   37.0478322
  26.2046112   37.0486535
  26.2058098   37.0494599
  26.2070241   37.0502512
  26.2082538   37.0510271
  26.2094986   37.0517875
  26.2107583   37.0525322
  26.2120324   37.0532611
  26.2133207   37.0539738
  26.2146229   37.0546704
  26.2159386   37.0553505
  26.2172676   37.056014
  26.2186095   37.0566608
  26.2199639   37.0572907
  26.2213305   37.0579035
  26.222709    37.0584992
  26.2240991   37.0590774
  26.2255004   37.0596382
  26.2269126   37.0601814
  26.2283352   37.0607067
  26.2297681   37.0612142
  26.2312107   37.0617037
  26.2326628   37.062175
  26.234124    37.0626281
  26.2355939   37.0630627
  26.2370722   37.063479
  26.2385585   37.0638766
  26.2400525   37.0642555
  26.2415537   37.0646157
  26.2430618   37.0649571
  26.2445765   37.0652795
  26.2460973   37.0655828
  26.2476239   37.0658671
  26.2491559   37.0661322
  26.2506929   37.0663781
  26.2522346   37.0666047
  26.2537806   37.0668119
  26.2553304   37.0669998
  26.2568838   37.0671682
  26.2584402   37.0673171
  26.2599994   37.0674465
  26.261561    37.0675563
  26.2631245   37.0676465
  26.2646897   37.0677172
  26.266256    37.0677682
  26.2678231   37.0677996
  26.2693906   37.0678114
  26.2709582   37.0678035
  26.2725255   37.067776
  26.274092    37.0677288
  26.2755362   37.0676672
  26.2762944   37.067846
  26.2777815   37.0681767
  26.2792749   37.0684891
  26.2807741   37.068783
  26.2822789   37.0690583
  26.2837888   37.0693151
  26.2853035   37.0695532
  26.2868226   37.0697726
  26.2883458   37.0699732
  26.2898727   37.0701549
  26.291403    37.0703179
  26.2929362   37.0704619
  26.2944721   37.0705869
  26.2960102   37.070693
  26.2975501   37.0707802
  26.2990916   37.0708483
  26.3006342   37.0708973
  26.3021775   37.0709274
  26.3037213   37.0709383
  26.3052651   37.0709303
  26.3054667   37.070928
  26.3070131   37.0709008
  26.3085589   37.0708545
  26.3101036   37.0707891
  26.3116468   37.0707046
  26.3131882   37.070601
  26.3147274   37.0704784
  26.316264    37.0703367
  26.3177977   37.0701761
  26.3193281   37.0699966
  26.3208549   37.0697981
  26.3223775   37.0695808
  26.3238958   37.0693447
  26.3254093   37.0690898
  26.3269177   37.0688163
  26.3284206   37.0685241
  26.3287381   37.0684582
  26.3300032   37.0688477
  26.3314664   37.0692773
  26.3329379   37.0696887
  26.3333121   37.0697907
  26.3347509   37.0701731
  26.3361968   37.0705381
  26.3376494   37.0708855
  26.3391085   37.0712153
  26.340367    37.0714833
  26.3407599   37.0715753
  26.3422959   37.0719139
  26.342897    37.0720382
  26.3431803   37.072107
  26.344816    37.0724801
  26.3454428   37.0726184
  26.3469717   37.0729455
  26.3485069   37.0732533
  26.3500481   37.0735415
  26.3502801   37.0735818
  26.3506117   37.073647
  26.3524023   37.0739848
  26.3527805   37.0740503
  26.3529487   37.0740843
  26.3535226   37.0741926
  26.3540959   37.0743027
  26.3542855   37.0743366
  26.3544746   37.0743723
  26.3550505   37.0744734
  26.3556259   37.0745762
  26.3558162   37.0746078
  26.356006    37.0746411
  26.3562514   37.0746809
  26.3562096   37.0746768
  26.3575174   37.0748948
  26.3588286   37.0750989
  26.3601432   37.0752889
  26.3612791   37.0754468
  26.3623456   37.0755904
  26.3635591   37.0757483
  26.3651261   37.0759421
  26.3666966   37.0761159
  26.3682705   37.0762699
  26.3698472   37.0764039
  26.3705505   37.0764546
  26.3709039   37.0766525
  26.3722144   37.0773617
  26.3723808   37.0774503
  26.3736884   37.0781341
  26.3750092   37.0788015
  26.376343    37.0794524
  26.3776894   37.0800865
  26.379048    37.0807037
  26.3804186   37.0813038
  26.3818008   37.0818867
  26.3831943   37.0824523
  26.3845988   37.0830004
  26.3847249   37.0830476
  26.3853979   37.0833199
  26.3868378   37.0838794
  26.3882887   37.0844204
  26.3890228   37.0846828
  26.3893946   37.0849239
  26.3906228   37.0856953
  26.391866    37.0864512
  26.3931239   37.0871915
  26.3943962   37.087916
  26.3956825   37.0886244
  26.3969826   37.0893168
  26.3982961   37.0899928
  26.3996227   37.0906523
  26.4009621   37.0912951
  26.402314    37.0919211
  26.403678    37.0925302
  26.4050538   37.0931221
  26.406441    37.0936968
  26.4078393   37.0942541
  26.4092484   37.0947938
  26.410668    37.0953159
  26.4120976   37.0958202
  26.4135369   37.0963065
  26.4149856   37.0967749
  26.4164433   37.097225
  26.4179097   37.0976569
  26.4193844   37.0980704
  26.4196208   37.0981351
  26.421127    37.0985362
  26.422641    37.0989182
  26.4241624   37.099281
  26.4243406   37.0993222
  26.4258158   37.099654
  26.4272973   37.0999677
  26.4287846   37.1002632
  26.4302774   37.1005404
  26.4317754   37.1007994
  26.4332782   37.1010399
  26.4336168   37.101092
  26.4349452   37.1012887
  26.4361102   37.1014483
  26.4375259   37.1017061
  26.4390393   37.1019621
  26.4405574   37.1021994
  26.44208     37.1024179
  26.4436067   37.1026175
  26.445137    37.1027982
  26.4466707   37.10296
  26.4482073   37.1031029
  26.4497466   37.1032267
  26.451288    37.1033314
  26.4528313   37.1034171
  26.4543761   37.1034837
  26.455922    37.1035313
  26.4560685   37.1035348
  26.4576138   37.1035632
  26.4591595   37.1035725
  26.4607052   37.1035627
  26.4622505   37.1035339
  26.463795    37.1034859
  26.4653385   37.1034189
  26.4668804   37.1033328
  26.4684205   37.1032277
  26.4699584   37.1031035
  26.4714937   37.1029604
  26.473026    37.1027984
  26.474555    37.1026174
  26.4760803   37.1024176
  26.4776015   37.102199
  26.4791183   37.1019616
  26.4806303   37.1017055
  26.4821372   37.1014308
  26.4836385   37.1011375
  26.485134    37.1008257
  26.4853035   37.1007892
  26.4868041   37.1004564
  26.488298    37.1001049
  26.4897848   37.0997349
  26.4912642   37.0993464
  26.4927358   37.0989395
  26.4941993   37.0985144
  26.4956543   37.0980711
  26.4971004   37.0976098
  26.4985374   37.0971305
  26.4999647   37.0966334
  26.5013822   37.0961186
  26.5027895   37.0955862
  26.5041861   37.0950363
  26.5055719   37.0944692
  26.5069464   37.0938848
  26.5083092   37.0932834
  26.5096602   37.0926651
  26.5109989   37.0920301
  26.512325    37.0913785
  26.5136382   37.0907104
  26.5149381   37.0900261
  26.5162246   37.0893257
  26.5174971   37.0886094
  26.5187555   37.0878772
  26.5199995   37.0871296
  26.5212286   37.0863665
  26.5224427   37.0855882
  26.5236414   37.0847948
  26.5248244   37.0839867
  26.5259915   37.0831639
  26.5271424   37.0823266
  26.5273196   37.0821936
  26.5273385   37.0821869
  26.5282234   37.0818582
  26.5296272   37.0814137
  26.5310565   37.0809405
  26.5324763   37.0804498
  26.5338865   37.0799415
  26.5352866   37.0794159
  26.5366763   37.078873
  26.5380553   37.078313
  26.5394233   37.077736
  26.5407799   37.0771422
  26.5421248   37.0765316
  26.5434576   37.0759045
  26.5447781   37.0752609
  26.546086    37.0746011
  26.5473809   37.0739252
  26.5486625   37.0732334
  26.5499305   37.0725258
  26.5511846   37.0718025
  26.5524245   37.0710639
  26.5536499   37.07031
  26.5548605   37.069541
  26.556056    37.0687571
  26.5572361   37.0679586
  26.5584006   37.0671455
  26.5595492   37.0663181
  26.5606815   37.0654766
  26.5617974   37.0646212
  26.5628965   37.063752
  26.5639786   37.0628694
  26.5649747   37.0620442
  26.5660616   37.0611294
  26.5671302   37.060201
  26.5681802   37.0592592
  26.5692115   37.0583043
  26.5702236   37.0573364
  26.5712165   37.0563558
  26.5721898   37.0553629
  26.5731433   37.0543577
  26.5740767   37.0533406
  26.5749898   37.0523119
  26.5757704   37.0514175
  26.5766543   37.0503877
  26.5775179   37.0493469
  26.5783609   37.0482954
  26.5791832   37.0472335
  26.5799846   37.0461615
  26.5807648   37.0450795
  26.5815236   37.0439879
  26.582261    37.0428869
  26.5829766   37.0417769
  26.5836704   37.040658
  26.5843421   37.0395305
  26.5849916   37.0383948
  26.5851697   37.0380699
  26.585764    37.037163
  26.5864589   37.0360612
  26.5872544   37.0347753
  26.5879268   37.0336669
  26.5885777   37.0325503
  26.5892068   37.0314258
  26.5898141   37.0302936
  26.5903995   37.0291541
  26.5909627   37.0280074
  26.5915036   37.026854
  26.5920221   37.0256939
  26.5925182   37.0245276
  26.5929915   37.0233553
  26.5934422   37.0221773
  26.5935104   37.021994
  26.5939475   37.0207839
  26.5943606   37.0195684
  26.5947496   37.0183478
  26.5951144   37.0171225
  26.5954549   37.0158927
  26.5957711   37.0146587
  26.5960627   37.0134209
  26.5963299   37.0121795
  26.5965724   37.0109349
  26.5967903   37.0096874
  26.5969834   37.0084372
  26.5971518   37.0071848
  26.5972954   37.0059303
  26.5974142   37.0046742
  26.5975081   37.0034167
  26.5975771   37.0021582
  26.5976211   37.0008989
  26.5976272   37.0006559
  26.5976464   36.9993897
  26.5976404   36.9981233
  26.5976093   36.9968572
  26.5975529   36.9955915
  26.5974714   36.9943268
  26.5973647   36.9930632
  26.5972329   36.9918011
  26.597076    36.9905408
  26.5968941   36.9892826
  26.5966872   36.9880269
  26.5964554   36.986774
  26.5961986   36.9855241
  26.5959171   36.9842776
  26.5956107   36.9830349
  26.5952797   36.9817961
  26.5949242   36.9805617
  26.5945441   36.979332
  26.5941396   36.9781072
  26.5937108   36.9768876
  26.5932578   36.9756737
  26.5927808   36.9744656
  26.5922797   36.9732637
  26.5917549   36.9720683
  26.5912063   36.9708797
  26.5906342   36.9696982
  26.5900386   36.9685241
  26.5894198   36.9673576
  26.5887779   36.9661992
  26.588113    36.965049
  26.5874254   36.9639074
  26.5867151   36.9627747
  26.5859824   36.961651
  26.5852275   36.9605369
  26.5844505   36.9594324
  26.5842501   36.9591527
  26.5834488   36.9580549
  26.5826258   36.9569675
  26.5817811   36.9558906
  26.5812119   36.9551776
  26.5803418   36.9541067
  26.5794504   36.953047
  26.5785379   36.9519989
  26.5776044   36.9509626
  26.5766504   36.9499383
  26.575676    36.9489263
  26.5746814   36.9479269
  26.5736669   36.9469404
  26.5726328   36.9459669
  26.5715793   36.9450068
  26.5705068   36.9440603
  26.5694154   36.9431276
  26.5683055   36.942209
  26.5671773   36.9413046
  26.5669983   36.9411634
  26.565891    36.9403034
  26.5647673   36.9394571
  26.5636272   36.9386248
  26.5624713   36.9378067
  26.5612996   36.9370029
  26.5601125   36.9362138
  26.5589103   36.9354394
  26.5576932   36.9346799
  26.5564616   36.9339356
  26.5552157   36.9332066
  26.5539559   36.9324931
  26.5526824   36.9317952
  26.5513956   36.9311131
  26.5500957   36.9304471
  26.5487831   36.9297972
  26.5474581   36.9291635
  26.5461209   36.9285464
  26.544772    36.9279458
  26.5434116   36.927362
  26.5420401   36.9267951
  26.5406578   36.9262452
  26.539265    36.9257124
  26.5378621   36.925197
  26.5364494   36.9246989
  26.5350272   36.9242183
  26.5335958   36.9237554
  26.5334426   36.923707
  26.5319904   36.9232582
  26.5305296   36.9228275
  26.5290605   36.9224151
  26.5275836   36.9220211
  26.5260992   36.9216456
  26.5246076   36.9212886
  26.5231092   36.9209502
  26.5216044   36.9206305
  26.5200936   36.9203297
  26.5185771   36.9200477
  26.5170553   36.9197847
  26.5155285   36.9195407
  26.5139971   36.9193158
  26.5124616   36.9191099
  26.5109222   36.9189233
  26.5093793   36.9187559
  26.5078334   36.9186077
  26.5062848   36.9184788
  26.5047339   36.9183693
  26.503181    36.9182791
  26.5016265   36.9182082
  26.5012776   36.9181945
  26.4997451   36.9181437
  26.4982119   36.9181117
  26.4966782   36.9180986
  26.4951445   36.9181043
  26.4950675   36.9181056
  26.4948813   36.9180366
  26.4934433   36.917526
  26.4919955   36.9170336
  26.4905381   36.9165595
  26.4890715   36.9161038
  26.4875961   36.9156667
  26.4861123   36.9152482
  26.4846204   36.9148484
  26.4831209   36.9144675
  26.481614    36.9141056
  26.4801001   36.9137626
  26.4785797   36.9134388
  26.4770531   36.9131342
  26.4755207   36.9128489
  26.475446    36.9128355
  26.4739335   36.9125737
  26.4724162   36.9123307
  26.4708943   36.9121066
  26.4693683   36.9119013
  26.4678384   36.911715
  26.4663052   36.9115477
  26.4647689   36.9113994
  26.4632298   36.9112701
  26.4616885   36.91116
  26.4601452   36.9110689
  26.4586004   36.910997
  26.4570543   36.9109443
  26.4555074   36.9109107
  26.45396     36.9108963
  26.4524125   36.9109011
  26.4508653   36.9109251
  26.4493188   36.9109682
  26.4477733   36.9110305
  26.4462292   36.911112
  26.4446868   36.9112126
  26.4431466   36.9113322
  26.4416089   36.911471
  26.440074    36.9116288
  26.4385424   36.9118056
  26.4370144   36.9120014
  26.4354904   36.9122161
  26.4346715   36.912342
  26.4340313   36.9123427
  26.4324479   36.9123645
  26.4308651   36.9124063
  26.429408    36.9124634
  26.4293821   36.9124615
  26.4277921   36.9123685
  26.4262005   36.9122957
  26.4246076   36.9122433
  26.4230138   36.9122112
  26.4214196   36.9121994
  26.4198254   36.9122081
  26.4182316   36.912237
  26.4171323   36.9122711
  26.4156266   36.9123077
  26.4140659   36.9123651
  26.4125065   36.9124421
  26.4109488   36.9125386
  26.4093932   36.9126546
  26.4078401   36.9127901
  26.4062898   36.9129449
  26.4047427   36.9131192
  26.4031992   36.9133127
  26.4020553   36.9134709
  26.4014244   36.9133898
  26.3998803   36.9132109
  26.398333    36.9130514
  26.3967827   36.9129112
  26.3952298   36.9127904
  26.3936748   36.912689
  26.392118    36.9126071
  26.3905598   36.9125446
  26.3890006   36.9125016
  26.3874407   36.9124781
  26.3858805   36.9124741
  26.3843205   36.9124896
  26.3827609   36.9125246
  26.3812022   36.9125791
  26.3796448   36.912653
  26.378089    36.9127464
  26.3765353   36.9128592
  26.3749839   36.9129915
  26.3737437   36.9131129
  26.3731826   36.9130624
  26.3720048   36.9129714
  26.3714569   36.9127674
  26.3700221   36.9122552
  26.3685774   36.9117611
  26.3671231   36.9112852
  26.3656597   36.9108277
  26.3641874   36.9103886
  26.3641169   36.9103681
  26.3627769   36.9099874
  26.3621042   36.909775
  26.3606368   36.9093327
  26.3591609   36.9089089
  26.3576769   36.9085037
  26.3561851   36.9081172
  26.3546859   36.9077495
  26.3531796   36.9074006
  26.3528541   36.9073296
  26.3526502   36.9072313
  26.3513038   36.906605
  26.3499454   36.9059956
  26.3485753   36.9054032
  26.3471937   36.9048279
  26.3458012   36.90427
  26.3450793   36.903992
  26.3442022   36.9035154
  26.3429013   36.9028322
  26.3415873   36.9021652
  26.3402605   36.9015147
  26.3389211   36.9008807
  26.3375695   36.9002636
  26.3362061   36.8996634
  26.3348311   36.8990802
  26.3334449   36.8985143
  26.3320479   36.8979657
  26.3306403   36.8974346
  26.3292225   36.8969211
  26.3277949   36.8964254
  26.3263578   36.8959475
  26.3249116   36.8954875
  26.3234566   36.8950457
  26.3219931   36.894622
  26.3205216   36.8942167
  26.3190423   36.8938297
  26.3175557   36.8934613
  26.3160621   36.8931114
  26.3145618   36.8927802
  26.3130553   36.8924677
  26.3115428   36.892174
  26.3113432   36.8921366
  26.3097803   36.891854
  26.3082119   36.8915915
  26.3066384   36.8913492
  26.3050602   36.8911271
  26.3034779   36.8909253
  26.3018916   36.8907438
  26.3003019   36.8905828
  26.2987092   36.8904421
  26.2980889   36.8903954
  26.2972362   36.8903161
  26.2956743   36.8901906
  26.29411     36.8900849
  26.2925439   36.8899988
  26.2909764   36.8899324
  26.2894076   36.8898858
  26.2878382   36.8898588
  26.2862685   36.8898517
  26.2846987   36.8898642
  26.2831786   36.8898955
  26.2822198   36.8898892
  26.2807043   36.8898977
  26.2791891   36.8899245
  26.2786506   36.8899373
  26.2770735   36.8899849
  26.2754975   36.8900523
  26.2739231   36.8901397
  26.2723505   36.8902469
  26.2708527   36.8903682
  26.2707048   36.8893686
  26.2704977   36.8881347
  26.2702667   36.8869034
  26.2700116   36.8856752
  26.2697326   36.8844503
  26.2694298   36.883229
  26.2691032   36.8820116
  26.2687529   36.8807984
  26.268379    36.8795897
  26.2679816   36.8783858
  26.2675608   36.877187
  26.2671166   36.8759936
  26.2666493   36.8748058
  26.2661588   36.873624
  26.2656453   36.8724484
  26.2651091   36.8712793
  26.26455     36.8701171
  26.2639684   36.868962
  26.2633644   36.8678142
  26.262738    36.8666741
  26.2620895   36.865542
  26.261419    36.864418
  26.2607267   36.8633025
  26.2600128   36.8621958
  26.2592773   36.8610982
  26.2585206   36.8600098
  26.2577427   36.8589309
  26.2569439   36.8578619
  26.2561243   36.856803
  26.2552843   36.8557544
  26.2544238   36.8547164
  26.2535433   36.8536893
  26.2526428   36.8526733
  26.2517227   36.8516686
  26.2507831   36.8506754
  26.2498242   36.8496942
  26.2488464   36.848725
  26.2478498   36.8477681
  26.2468346   36.8468237
  26.2458012   36.8458921
  26.2447497   36.8449736
  26.2436805   36.8440682
  26.2425938   36.8431763
  26.2414898   36.842298
  26.2403688   36.8414336
  26.2392311   36.8405833
  26.238077    36.8397473
  26.2369068   36.8389258
  26.2357207   36.838119
  26.234519    36.8373271
  26.233302    36.8365503
  26.23207     36.8357887
  26.2308234   36.8350426
  26.2295624   36.8343121
  26.2282872   36.8335975
  26.2269984   36.8328989
  26.225696    36.8322164
  26.2243805   36.8315502
  26.2230523   36.8309006
  26.2217115   36.8302676
  26.2215384   36.8301873
  26.2202038   36.8295794
  26.2188577   36.8289879
  26.2175003   36.8284131
  26.2161321   36.827855
  26.2147534   36.8273139
  26.2133644   36.8267897
  26.2119655   36.8262828
  26.210557    36.8257931
  26.2091392   36.8253209
  26.2077126   36.8248661
  26.2073882   36.824765
  26.2059113   36.8243155
  26.2044258   36.8238847
  26.2029319   36.8234729
  26.20143     36.82308
  26.1999206   36.8227061
  26.1984039   36.8223515
  26.1968805   36.8220161
  26.1953506   36.8217
  26.1938146   36.8214034
  26.192273    36.8211263
  26.1907261   36.8208687
  26.1891742   36.8206308
  26.1876179   36.8204125
  26.1860575   36.820214
  26.1844933   36.8200353
  26.1829258   36.8198765
  26.1813553   36.8197375
  26.1797823   36.8196184
  26.1782071   36.8195193
  26.1766302   36.8194402
  26.1750519   36.819381
  26.1734726   36.8193419
  26.1718928   36.8193227
  26.1703128   36.8193236
  26.1687329   36.8193445
  26.1671537   36.8193855
  26.1655756   36.8194464
  26.1639988   36.8195273
  26.1636656   36.8195465
  26.1621257   36.8196449
  26.1605878   36.8197624
  26.1590525   36.819899
  26.1575199   36.8200545
  26.1559905   36.820229
  26.1544647   36.8204224
  26.1529429   36.8206347
  26.1514253   36.8208658
  26.1499123   36.8211157
  26.1484044   36.8213843
  26.1469018   36.8216716
  26.145405    36.8219774
  26.1439143   36.8223018
  26.14243     36.8226445
  26.1409525   36.8230056
  26.1394822   36.823385
  26.1380194   36.8237825
  26.1365644   36.8241981
  26.1351177   36.8246317
  26.1336795   36.8250832
  26.1335539   36.8251244
  26.1334291   36.8251577
  26.1326277   36.8247932
  26.1301482   36.8236866
  26.12879     36.8230915
  26.1274204   36.8225132
  26.1260398   36.821952
  26.1246484   36.8214081
  26.1232467   36.8208814
  26.121835    36.8203723
  26.1204135   36.8198807
  26.1189827   36.8194068
  26.1175429   36.8189508
  26.1160944   36.8185126
  26.1146376   36.8180925
  26.1131729   36.8176906
  26.1117005   36.8173069
  26.1102209   36.8169415
  26.1087344   36.8165945
  26.1084152   36.8165243
  26.1077903   36.816343
  26.1063067   36.8159336
  26.1048154   36.8155429
  26.1033165   36.815171
  26.1018105   36.814818
  26.1002978   36.814484
  26.0987787   36.8141691
  26.0972536   36.8138734
  26.0957229   36.8135968
  26.094187    36.8133396
  26.0926461   36.8131018
  26.0911009   36.8128833
  26.0895515   36.8126843
  26.0879984   36.8125049
  26.0864419   36.812345
  26.0848825   36.8122047
  26.0833206   36.8120841
  26.0817565   36.8119831
  26.0801906   36.8119019
  26.0786233   36.8118403
  26.0770549   36.8117985
  26.075486    36.8117764
  26.0716481   36.8117466
  26.0700796   36.8117443
  26.0685113   36.8117617
  26.0669436   36.8117988
  26.0653768   36.8118557
  26.0648779   36.8118801
  26.0637442   36.8118734
  26.0621962   36.8118835
  26.0606486   36.8119128
  26.0591017   36.8119614
  26.0575559   36.8120291
  26.0560117   36.812116
  26.0544693   36.8122221
  26.0529292   36.8123474
  26.0513917   36.8124917
  26.0498571   36.8126551
  26.0483259   36.8128375
  26.0467985   36.8130389
  26.0452751   36.8132593
  26.0437561   36.8134986
  26.0428525   36.8136526
  26.0423229   36.8133886
  26.0409729   36.8127392
  26.0396102   36.8121069
  26.0382353   36.811492
  26.0368484   36.8108944
  26.0354499   36.8103145
  26.034066    36.8097626
  26.0332862   36.8091604
  26.0321421   36.8083043
  26.0309815   36.8074626
  26.0308727   36.807385
  26.0296885   36.8065531
  26.0284881   36.8057362
  26.027674    36.8051997
  26.0272186   36.8048093
  26.0261446   36.8039167
  26.0253411   36.8032694
  26.0250975   36.8030594
  26.0240201   36.8021593
  26.0229253   36.8012727
  26.0218134   36.8003999
  26.0206846   36.799541
  26.0195392   36.7986964
  26.0183775   36.7978662
  26.0171997   36.7970505
  26.0160062   36.7962497
  26.0147973   36.7954639
  26.0135732   36.7946932
  26.0129241   36.7942911
  26.0117059   36.7935483
  26.0104737   36.7928205
  26.0092277   36.792108
  26.0079681   36.7914109
  26.0071143   36.7909536
  26.0064071   36.7905348
  26.0053269   36.7899153
  26.005104    36.7894174
  26.0045528   36.7882439
  26.0039787   36.7870774
  26.0033819   36.7859183
  26.0027624   36.7847668
  26.0021204   36.7836233
  26.0014561   36.7824879
  26.0007696   36.7813609
  26.0000612   36.7802428
  25.999331    36.7791336
  25.9985791   36.7780337
  25.9978058   36.7769434
  25.9970113   36.775863
  25.9961957   36.7747926
  25.9953592   36.7737326
  25.9945021   36.7726832
  25.9936245   36.7716447
  25.9927267   36.7706173
  25.9918089   36.7696014
  25.9908713   36.768597
  25.9899142   36.7676046
  25.9889378   36.7666243
  25.9879423   36.7656564
  25.986928    36.764701
  25.985895    36.7637586
  25.9848438   36.7628292
  25.9837745   36.7619131
  25.9826874   36.7610106
  25.9815828   36.7601218
  25.9804609   36.759247
  25.979322    36.7583864
  25.9781664   36.7575402
  25.9769944   36.7567086
  25.9758063   36.7558918
  25.9746023   36.7550901
  25.9733827   36.7543036
  25.972148    36.7535325
  25.9708982   36.7527769
  25.9696339   36.7520372
  25.9683552   36.7513135
  25.9670625   36.7506059
  25.9657561   36.7499146
  25.9644364   36.7492398
  25.9638034   36.7489217
  25.9624814   36.7482689
  25.9611469   36.7476326
  25.9599774   36.7470945
  25.9593181   36.746367
  25.9583703   36.7453554
  25.9574026   36.7443558
  25.9564154   36.7433686
  25.9554088   36.7423941
  25.9543831   36.7414324
  25.9533385   36.7404838
  25.9522753   36.7395485
  25.9511938   36.7386269
  25.9500943   36.737719
  25.948977    36.7368252
  25.9478421   36.7359457
  25.9466901   36.7350806
  25.9455211   36.7342302
  25.9443355   36.7333948
  25.9431336   36.7325744
  25.9419156   36.7317694
  25.9406819   36.73098
  25.9394328   36.7302062
  25.9381685   36.7294484
  25.9368895   36.7287067
  25.935596    36.7279813
  25.9342883   36.7272723
  25.9329668   36.7265801
  25.9316318   36.7259046
  25.931208    36.7256939
  25.9303412   36.7252704
  25.9292616   36.7246374
  25.9279903   36.7239161
  25.9267051   36.7232107
  25.9254063   36.7225216
  25.9240943   36.7218487
  25.9227694   36.7211923
  25.9214318   36.7205526
  25.9200819   36.7199297
  25.9187201   36.7193237
  25.9173467   36.7187349
  25.9159619   36.7181633
  25.9145662   36.717609
  25.9131599   36.7170723
  25.9117433   36.7165532
  25.9103168   36.716052
  25.9102877   36.716042
  25.9098935   36.7159093
  25.9088895   36.7154962
  25.9074983   36.7149455
  25.9060966   36.7144122
  25.9046848   36.7138964
  25.9032631   36.7133983
  25.9018319   36.7129179
  25.9010852   36.7126782
  25.9008805   36.7125993
  25.8994606   36.7120737
  25.8980305   36.7115661
  25.8965907   36.7110764
  25.8951416   36.7106049
  25.8936833   36.7101517
  25.8922164   36.7097168
  25.8907412   36.7093004
  25.8892581   36.7089026
  25.8877673   36.7085235
  25.8862693   36.7081631
  25.8847644   36.7078216
  25.8832531   36.707499
  25.8817357   36.7071955
  25.8802124   36.706911
  25.8786839   36.7066457
  25.8771503   36.7063997
  25.8756121   36.7061729
  25.8740697   36.7059655
  25.8725234   36.7057775
  25.8709736   36.7056089
  25.8694207   36.7054598
  25.8678651   36.7053303
  25.8666191   36.7052423
  25.8661403   36.7049522
  25.8648644   36.704204
  25.8635737   36.7034721
  25.8622688   36.7027566
  25.8609499   36.7020579
  25.8596174   36.7013759
  25.8582716   36.7007109
  25.8569128   36.7000632
  25.8555898   36.6994549
  25.8545716   36.6989562
  25.8532181   36.6983165
  25.8518522   36.697694
  25.8504742   36.6970887
  25.8490845   36.696501
  25.8476835   36.6959308
  25.8462715   36.6953784
  25.8448487   36.6948438
  25.8434157   36.6943273
  25.8419727   36.6938289
  25.8405201   36.6933488
  25.8390583   36.6928871
  25.8375875   36.6924439
  25.8361083   36.6920193
  25.8346209   36.6916134
  25.8331257   36.6912263
  25.8319146   36.6909212
  25.8304312   36.6905577
  25.828941    36.6902126
  25.8274443   36.6898862
  25.8259414   36.6895785
  25.8244327   36.6892895
  25.8229186   36.6890193
  25.8213995   36.6887681
  25.8198757   36.6885358
  25.8183475   36.6883225
  25.8168154   36.6881283
  25.8152798   36.6879532
  25.8137409   36.6877972
  25.8121992   36.6876605
  25.810655    36.687543
  25.8091087   36.6874447
  25.8055038   36.6872382
  25.8039403   36.6871585
  25.8023754   36.6870985
  25.8008095   36.6870582
  25.799243    36.6870376
  25.7976763   36.6870367
  25.7961098   36.6870556
  25.7945438   36.6870942
  25.7929788   36.6871524
  25.7924845   36.6871771
  25.7921909   36.6871781
  25.7905388   36.6871949
  25.7888873   36.6872335
  25.7872368   36.6872941
  25.7870453   36.6873037
  25.7858084   36.6873116
  25.784469    36.6873372
  25.783113    36.6873457
  25.7815411   36.6873754
  25.77997     36.6874249
  25.7784001   36.6874943
  25.7768317   36.6875836
  25.7752653   36.6876926
  25.7737012   36.6878214
  25.7721398   36.6879699
  25.7705815   36.6881382
  25.7690268   36.6883261
  25.7674759   36.6885336
  25.7661045   36.6887349
  25.7646769   36.6888533
  25.7631131   36.6889931
  25.7615523   36.6891525
  25.7599949   36.6893317
  25.7584411   36.6895305
  25.7568915   36.689749
  25.7553463   36.689987
  25.753806    36.6902445
  25.752271    36.6905214
  25.750811    36.6908043
  25.7511707   36.6905698
  25.7523728   36.6897608
  25.7526075   36.6895977
  25.753394    36.6891199
  25.7546158   36.6883532
  25.7558227   36.6875714
  25.7570143   36.6867747
  25.7581902   36.6859631
  25.7593503   36.6851371
  25.7604943   36.6842966
  25.7616218   36.683442
  25.7627326   36.6825734
  25.7638265   36.6816911
  25.7649031   36.6807952
  25.7659623   36.679886
  25.7670037   36.6789637
  25.7680271   36.6780285
  25.768231    36.6778393
  25.7692601   36.6768684
  25.7702699   36.6758846
  25.77126     36.6748879
  25.7722302   36.6738788
  25.7731802   36.6728573
  25.7741099   36.6718239
  25.7750189   36.6707787
  25.7759071   36.669722
  25.7760027   36.6696042
  25.7768137   36.6687068
  25.7777178   36.6676724
  25.7786014   36.6666268
  25.7794643   36.66557
  25.7803063   36.6645025
  25.7811272   36.6634244
  25.7819268   36.662336
  25.782705    36.6612377
  25.7834614   36.6601296
  25.7841959   36.6590121
  25.7849084   36.6578853
  25.7855986   36.6567497
  25.7862664   36.6556055
  25.7869116   36.654453
  25.787534    36.6532924
  25.7881336   36.6521241
  25.7887101   36.6509483
  25.7892634   36.6497653
  25.7897934   36.6485755
  25.7902999   36.6473791
  25.7907829   36.6461764
  25.7912421   36.6449677
  25.7916775   36.6437534
  25.792089    36.6425336
  25.7924764   36.6413088
  25.7928397   36.6400792
  25.7931788   36.6388452
  25.7934936   36.637607
  25.793784    36.6363649
  25.7940499   36.6351193
  25.7942913   36.6338705
  25.7945082   36.6326187
  25.7947004   36.6313644
  25.7948679   36.6301077
  25.7950107   36.628849
  25.7951287   36.6275887
  25.7952219   36.626327
  25.7952903   36.6250643
  25.7953339   36.6238009
  25.7953527   36.622537
  25.7953466   36.621273
  25.7953156   36.6200093
  25.7952599   36.6187461
  25.7951793   36.6174837
  25.7950739   36.6162224
  25.7949437   36.6149627
  25.794939    36.6149212
  25.7947856   36.6136751
  25.794608    36.6124311
  25.7944063   36.6111895
  25.7941803   36.6099505
  25.7939303   36.6087145
  25.7936562   36.6074817
  25.7933582   36.6062525
  25.7930363   36.6050272
  25.7926906   36.6038061
  25.7923211   36.6025894
  25.791928    36.6013775
  25.7915114   36.6001706
  25.7910713   36.5989691
  25.7906079   36.5977733
  25.7901213   36.5965833
  25.7896115   36.5953997
  25.7890788   36.5942225
  25.7885232   36.5930522
  25.787945    36.5918889
  25.7873441   36.5907331
  25.7867209   36.5895848
  25.7860753   36.5884446
  25.7854077   36.5873125
  25.7847181   36.586189
  25.7840067   36.5850742
  25.7832737   36.5839685
  25.7825193   36.5828721
  25.7817436   36.5817853
  25.7809469   36.5807083
  25.7801293   36.5796415
  25.7792911   36.578585
  25.7784324   36.5775392
  25.7775534   36.5765042
  25.7766544   36.5754804
  25.7757356   36.574468
  25.7747973   36.5734672
  25.7738395   36.5724783
  25.7728627   36.5715016
  25.7718669   36.5705372
  25.7708525   36.5695854
  25.7698197   36.5686464
  25.7687688   36.5677205
  25.7677      36.5668079
  25.7666135   36.5659089
  25.7655097   36.5650235
  25.7643888   36.5641521
  25.7632511   36.5632949
  25.7620968   36.562452
  25.7609263   36.5616238
  25.7597398   36.5608103
  25.7585377   36.5600118
  25.7573201   36.5592285
  25.7560875   36.5584605
  25.75484     36.5577081
  25.7535781   36.5569715
  25.752302    36.5562508
  25.751012    36.5555461
  25.7509697   36.5555234
  25.7496729   36.5548385
  25.7483629   36.5541699
  25.7470402   36.5535177
  25.745705    36.5528821
  25.7443576   36.5522633
  25.7429984   36.5516613
  25.7416278   36.5510764
  25.740246    36.5505087
  25.7388534   36.5499583
  25.7374503   36.5494254
  25.736037    36.54891
  25.734614    36.5484124
  25.7331814   36.5479326
  25.7317398   36.5474707
  25.7302894   36.5470269
  25.7288306   36.5466013
  25.7273637   36.5461939
  25.7267053   36.5460202
  25.7261917   36.5458307
  25.7247594   36.5453238
  25.7233174   36.544835
  25.721866    36.5443644
  25.7204056   36.5439122
  25.7189366   36.5434784
  25.7174593   36.5430632
  25.717353    36.543034
  25.7158423   36.5426308
  25.7143238   36.5422471
  25.7127979   36.5418828
  25.711265    36.5415381
  25.7097254   36.5412131
  25.7081796   36.5409079
  25.7066279   36.5406225
  25.7050707   36.540357
  25.7035085   36.5401115
  25.7033369   36.5400857
  25.7017946   36.5398636
  25.7002481   36.539661
  25.6986979   36.5394779
  25.6971443   36.5393144
  25.6955877   36.5391706
  25.6940284   36.5390463
  25.692467    36.5389418
  25.6909036   36.5388569
  25.6893389   36.5387918
  25.687773    36.5387464
  25.6862064   36.5387208
  25.6846396   36.5387149
  25.6830728   36.5387288
  25.6815065   36.5387625
  25.679941    36.5388159
  25.6783768   36.538889
  25.6768141   36.5389819
  25.6761596   36.5390249
  25.6746019   36.5391372
  25.6730466   36.5392691
  25.671494    36.5394206
  25.6699445   36.5395916
  25.6683986   36.5397821
  25.6668566   36.539992
  25.6653189   36.5402214
  25.6637858   36.54047
  25.6622578   36.5407379
  25.6607352   36.541025
  25.6592183   36.5413312
  25.6577077   36.5416565
  25.6575522   36.5416911
  25.6561009   36.5420229
  25.654656    36.5423723
  25.6532179   36.5427392
  25.6517868   36.5431235
  25.6503632   36.5435252
  25.6489472   36.5439441
  25.6475393   36.5443801
  25.6461398   36.5448332
  25.6447489   36.5453032
  25.6433671   36.5457901
  25.6419946   36.5462937
  25.6419141   36.5463238
  25.6405991   36.5468254
  25.6392933   36.5473423
  25.6379971   36.5478744
  25.6367106   36.5484217
  25.6361687   36.5486563
  25.634813    36.5492542
  25.6334689   36.5498689
  25.6321368   36.5505003
  25.6308171   36.5511481
  25.6295101   36.5518123
  25.628216    36.5524927
  25.6269351   36.5531891
  25.6256679   36.5539014
  25.6244145   36.5546293
  25.6231754   36.5553727
  25.6219507   36.5561315
  25.6207408   36.5569054
  25.619546    36.5576943
  25.6183666   36.5584979
  25.6172028   36.5593161
  25.6168406   36.5595788
  25.6161167   36.56007
  25.615473    36.5605137
  25.6144287   36.5612438
  25.6137337   36.5617435
  25.6132258   36.5620829
  25.6123962   36.5626556
  25.612125    36.5628417
  25.6120616   36.5628866
  25.6120138   36.5629197
  25.6118321   36.5630492
  25.610948    36.5636754
  25.6097874   36.5645239
  25.6091576   36.564999
  25.6088677   36.5652149
  25.6086623   36.5653727
  25.6086435   36.5653869
  25.6086177   36.565407
  25.6077323   36.5660874
  25.6066141   36.5669742
  25.6055134   36.5678749
  25.6044306   36.5687895
  25.6033658   36.5697176
  25.6023193   36.570659
  25.6012914   36.5716136
  25.6002823   36.572581
  25.5992923   36.5735611
  25.5983217   36.5745535
  25.5973706   36.575558
  25.5964394   36.5765745
  25.5955281   36.5776026
  25.5955262   36.5776048
  25.5952218   36.5778934
  25.5942525   36.5788413
  25.5933014   36.579801
  25.5923687   36.5807723
  25.5914546   36.5817548
  25.5905593   36.5827485
  25.5896831   36.5837531
  25.5888261   36.5847683
  25.5879885   36.5857939
  25.5871706   36.5868296
  25.5871438   36.5868641
  25.5863135   36.5879528
  25.5855049   36.5890519
  25.5847183   36.5901612
  25.5839537   36.5912804
  25.5832114   36.5924092
  25.5824916   36.5935473
  25.5817944   36.5946945
  25.5811202   36.5958505
  25.5804689   36.5970149
  25.5798408   36.5981874
  25.579236    36.5993678
  25.5786548   36.6005558
  25.5780971   36.6017511
  25.5775633   36.6029533
  25.5770534   36.6041622
  25.5765675   36.6053774
  25.5761058   36.6065986
  25.5756684   36.6078256
  25.5752554   36.609058
  25.5748669   36.6102955
  25.574503    36.6115378
  25.5741638   36.6127845
  25.5738493   36.6140355
  25.5735598   36.6152902
  25.5734551   36.6157879
  25.5734338   36.615875
  25.5731566   36.6171084
  25.5729034   36.6183451
  25.5726744   36.6195848
  25.5724696   36.6208273
  25.572289    36.6220721
  25.5721328   36.623319
  25.5720008   36.6245677
  25.5718932   36.6258179
  25.5718099   36.6270693
  25.5717511   36.6283215
  25.5717167   36.6295743
  25.5717067   36.6308274
  25.5717211   36.6320804
  25.57176     36.633333
  25.5718233   36.634585
  25.5719109   36.6358361
  25.572023    36.6370858
  25.5721594   36.638334
  25.5723201   36.6395803
  25.572505    36.6408244
  25.5727142   36.642066
  25.5729476   36.6433048
  25.5732051   36.6445405
  25.5734867   36.6457728
  25.5737923   36.6470014
  25.5741218   36.648226
  25.5744751   36.6494463
  25.5748521   36.650662
  25.5752528   36.6518728
  25.5756771   36.6530784
  25.5761248   36.6542785
  25.5765959   36.6554728
  25.5770902   36.6566611
  25.5776076   36.657843
  25.578148    36.6590182
  25.5787113   36.6601865
  25.5792972   36.6613475
  25.5799057   36.6625011
  25.5805367   36.6636468
  25.5811899   36.6647845
  25.5818652   36.6659138
  25.5825624   36.6670345
  25.5832815   36.6681463
  25.5840221   36.6692489
  25.5847841   36.6703421
  25.5855674   36.6714255
  25.5863716   36.672499
  25.5871968   36.6735623
  25.5880425   36.674615
  25.5889087   36.6756571
  25.5897951   36.676688
  25.5907015   36.6777078
  25.5907509   36.6777624
  25.5916881   36.6787824
  25.5926452   36.6797903
  25.5936221   36.680786
  25.5946186   36.6817691
  25.5956343   36.6827394
  25.596669    36.6836967
  25.5977225   36.6846407
  25.5987945   36.6855712
  25.5998847   36.686488
  25.6009929   36.6873909
  25.6021188   36.6882795
  25.603262    36.6891537
  25.6044224   36.6900134
  25.6045038   36.6900718
  25.6045697   36.6901209
  25.6057293   36.690959
  25.606905    36.6917824
  25.6080967   36.6925909
  25.609304    36.6933844
  25.6105266   36.6941626
  25.6117643   36.6949254
  25.6130166   36.6956726
  25.6142834   36.696404
  25.6155643   36.6971194
  25.6168591   36.6978186
  25.6181672   36.6985016
  25.6182848   36.6985619
  25.6195409   36.699196
  25.6208087   36.699815
  25.6220877   36.7004188
  25.6233779   36.7010073
  25.6246788   36.7015804
  25.6259901   36.7021379
  25.6273117   36.7026797
  25.6273822   36.702708
  25.6288309   36.7032794
  25.6302908   36.7038318
  25.6317618   36.7043652
  25.6332433   36.7048795
  25.634735    36.7053746
  25.6362364   36.7058502
  25.6363094   36.7058727
  25.6377872   36.7063191
  25.6392735   36.7067466
  25.6407681   36.7071552
  25.6422706   36.7075448
  25.6437806   36.7079153
  25.6452977   36.7082666
  25.6468216   36.7085986
  25.6483518   36.7089112
  25.649888    36.7092044
  25.6514297   36.7094781
  25.6529767   36.7097322
  25.6545285   36.7099666
  25.6560848   36.7101814
  25.6576451   36.7103763
  25.659209    36.7105515
  25.6607762   36.7107068
  25.6623463   36.7108422
  25.6639188   36.7109577
  25.6654934   36.7110532
  25.6659091   36.7110731
  25.667288    36.7112015
  25.6688648   36.711328
  25.6704439   36.7114344
  25.6720249   36.7115207
  25.6720705   36.7115229
  25.6736281   36.7115881
  25.6751867   36.7116339
  25.6767461   36.7116601
  25.6783057   36.7116669
  25.6798653   36.711654
  25.6814245   36.7116216
  25.6829829   36.7115698
  25.68454     36.7114983
  25.6860956   36.7114074
  25.6876492   36.7112971
  25.6892004   36.7111673
  25.690749    36.711018
  25.6922944   36.7108494
  25.6938364   36.7106615
  25.6953745   36.7104542
  25.6969084   36.7102277
  25.6973519   36.7101565
  25.697335    36.7101669
  25.6961067   36.7109442
  25.6948938   36.711737
  25.6936965   36.7125448
  25.6925152   36.7133676
  25.6913501   36.7142051
  25.6905966   36.714764
  25.6902347   36.7149938
  25.689039    36.7157773
  25.6878585   36.7165756
  25.6866935   36.7173884
  25.6855444   36.7182155
  25.6844114   36.7190568
  25.6832948   36.719912
  25.6821948   36.7207809
  25.6811117   36.7216634
  25.6798739   36.7226876
  25.6787435   36.7236384
  25.6776328   36.724604
  25.6773318   36.7248744
  25.676723    36.7253802
  25.6756569   36.7262941
  25.6746087   36.7272212
  25.6735787   36.7281613
  25.6725673   36.7291142
  25.6714916   36.7301438
  25.6705309   36.7310781
  25.6704426   36.7311613
  25.6694572   36.7321196
  25.6684904   36.7330901
  25.6675426   36.7340724
  25.6666139   36.7350664
  25.666017    36.7357263
  25.6660162   36.735727
  25.6649587   36.7366509
  25.6639194   36.7375881
  25.6628985   36.7385382
  25.6618964   36.7395009
  25.6609132   36.7404762
  25.6599492   36.7414636
  25.6590046   36.742463
  25.6580797   36.7434742
  25.6571747   36.7444968
  25.6562898   36.7455306
  25.6554252   36.7465755
  25.6545812   36.747631
  25.6537579   36.748697
  25.6529556   36.7497732
  25.6521744   36.7508593
  25.6514145   36.7519551
  25.6506762   36.7530602
  25.6502521   36.7537197
  25.6496474   36.753804
  25.6481215   36.7540363
  25.6466004   36.7542875
  25.6450843   36.7545577
  25.6435737   36.7548468
  25.6420688   36.7551546
  25.6405702   36.7554812
  25.639078    36.7558264
  25.6375927   36.7561902
  25.6361147   36.7565725
  25.6346443   36.7569731
  25.6331818   36.757392
  25.6317276   36.757829
  25.6302821   36.7582842
  25.6288456   36.7587573
  25.6274185   36.7592483
  25.6260011   36.7597569
  25.6245937   36.7602832
  25.6243117   36.7603908
  25.6228673   36.7609534
  25.6214344   36.7615346
  25.6200133   36.7621341
  25.6186045   36.7627519
  25.6172082   36.7633877
  25.6158249   36.7640414
  25.6144549   36.7647129
  25.6130986   36.765402
  25.6117563   36.7661084
  25.6104283   36.7668321
  25.609115    36.7675727
  25.6078168   36.7683302
  25.606534    36.7691043
  25.6052669   36.7698948
  25.6040158   36.7707016
  25.6027811   36.7715243
  25.6015631   36.7723629
  25.6003621   36.773217
  25.5991784   36.7740865
  25.5987179   36.7744303
  25.5975766   36.7752958
  25.5964526   36.7761755
  25.5959775   36.7765592
  25.5952707   36.7759961
  25.5941559   36.7751352
  25.5930244   36.7742881
  25.5918768   36.7734553
  25.5907131   36.7726368
  25.5895337   36.7718328
  25.5883389   36.7710436
  25.5871289   36.7702693
  25.5859041   36.7695102
  25.5846647   36.7687663
  25.5834111   36.7680379
  25.5821435   36.7673252
  25.5808623   36.7666283
  25.5795677   36.7659475
  25.5782601   36.7652828
  25.5769398   36.7646344
  25.5756071   36.7640025
  25.5742394   36.7633654
  25.5728689   36.7627385
  25.5714861   36.7621291
  25.5700915   36.7615373
  25.5686854   36.7609632
  25.5672682   36.760407
  25.5658401   36.7598688
  25.5644016   36.7593487
  25.562953    36.758847
  25.5614947   36.7583636
  25.5600271   36.7578988
  25.5585504   36.7574526
  25.5570652   36.7570252
  25.5555716   36.7566166
  25.5540703   36.756227
  25.5539819   36.7562047
  25.5524841   36.7558368
  25.5509793   36.7554878
  25.5494679   36.7551577
  25.5479502   36.7548467
  25.5464265   36.7545549
  25.5448974   36.7542822
  25.5433631   36.7540288
  25.541824    36.7537946
  25.5402806   36.7535799
  25.5387331   36.7533846
  25.537182    36.7532088
  25.5370912   36.7531991
  25.5355293   36.7530421
  25.5339646   36.7529049
  25.5323974   36.7527874
  25.530828    36.7526898
  25.529257    36.752612
  25.5276846   36.7525541
  25.5261112   36.752516
  25.5245373   36.7524978
  25.5229633   36.7524995
  25.5213894   36.7525211
  25.5198162   36.7525626
  25.518244    36.7526239
  25.5166732   36.7527051
  25.5151042   36.7528062
  25.5149197   36.7528204
  25.5146528   36.7527172
  25.5132361   36.7521911
  25.5118093   36.7516828
  25.5103727   36.7511925
  25.5089268   36.7507202
  25.5074718   36.7502662
  25.5060081   36.7498304
  25.5045362   36.749413
  25.5030562   36.7490141
  25.5022837   36.7488166
  25.5017262   36.7485808
  25.5003226   36.7480098
  25.4989079   36.7474566
  25.4974825   36.7469214
  25.4960467   36.7464042
  25.4946041   36.7459063
  25.494688    36.7457494
  25.4952806   36.7445913
  25.4958505   36.743426
  25.4963975   36.7422536
  25.4969217   36.7410745
  25.4974227   36.739889
  25.4977401   36.7391181
  25.4981146   36.7381895
  25.4982317   36.737893
  25.4986948   36.7366875
  25.4991341   36.7354762
  25.4995495   36.7342595
  25.499941    36.7330377
  25.5003083   36.7318111
  25.5006515   36.73058
  25.5009704   36.7293447
  25.5012649   36.7281055
  25.5015351   36.7268627
  25.5017807   36.7256166
  25.5020019   36.7243676
  25.5021984   36.7231158
  25.5023702   36.7218618
  25.5025174   36.7206057
  25.5026399   36.7193479
  25.5027376   36.7180886
  25.5028105   36.7168283
  25.5028232   36.7165637
  25.5028721   36.7152749
  25.5028951   36.7139856
  25.5028921   36.7126961
  25.5028633   36.7114069
  25.5028085   36.7101181
  25.5027278   36.7088302
  25.5026213   36.7075435
  25.5025867   36.7071711
  25.502458    36.7059187
  25.5023048   36.7046681
  25.5021271   36.7034195
  25.501925    36.7021733
  25.5016985   36.7009298
  25.5014477   36.6996892
  25.5011726   36.698452
  25.5008733   36.6972183
  25.5005499   36.6959886
  25.5002025   36.6947631
  25.4998311   36.693542
  25.4994358   36.6923258
  25.4990168   36.6911147
  25.4985741   36.689909
  25.4981078   36.6887089
  25.4976181   36.6875149
  25.4971051   36.6863272
  25.4965689   36.6851461
  25.4960097   36.6839718
  25.4954275   36.6828047
  25.4948225   36.6816451
  25.4941949   36.6804932
  25.4935448   36.6793494
  25.4934585   36.6792035
  25.4935319   36.6786418
  25.4936721   36.6773772
  25.4937873   36.6761109
  25.4938773   36.6748433
  25.4939424   36.6735747
  25.4939823   36.6723054
  25.4939971   36.6710357
  25.4939868   36.669766
  25.4939514   36.6684966
  25.4938909   36.6672277
  25.4938054   36.6659598
  25.4936948   36.664693
  25.4935591   36.6634279
  25.4933985   36.6621645
  25.4932129   36.6609034
  25.4930023   36.6596448
  25.4927863   36.6584919
  25.4927745   36.6584149
  25.4927429   36.6582324
  25.4927138   36.6580497
  25.4926349   36.6576095
  25.4925586   36.657169
  25.4925234   36.656987
  25.4924908   36.6568047
  25.4924033   36.6563655
  25.4923184   36.655926
  25.4922797   36.6557444
  25.4922434   36.6555625
  25.4921474   36.6551245
  25.4920539   36.6546861
  25.4920116   36.6545051
  25.4919718   36.6543237
  25.4918672   36.6538869
  25.4917651   36.6534497
  25.4917193   36.6532692
  25.4916759   36.6530884
  25.4915628   36.6526529
  25.4914521   36.6522171
  25.4914028   36.6520372
  25.4913559   36.6518569
  25.4912343   36.651423
  25.4911151   36.6509886
  25.4910622   36.6508093
  25.4910119   36.6506296
  25.4908817   36.6501972
  25.4907541   36.6497644
  25.4906977   36.6495858
  25.4906438   36.6494068
  25.4905052   36.6489761
  25.4903691   36.6485449
  25.4903404   36.6484597
  25.4901582   36.6475911
  25.4898697   36.6463379
  25.4895564   36.6450886
  25.4892184   36.6438434
  25.4888557   36.6426027
  25.4884685   36.6413667
  25.4880568   36.6401358
  25.4876208   36.6389103
  25.4876186   36.6389043
  25.4871692   36.6377127
  25.4866968   36.6365269
  25.4863863   36.6357872
  25.4863169   36.6354396
  25.4860468   36.6342108
  25.485753    36.6329855
  25.4854354   36.631764
  25.4850941   36.6305465
  25.4847292   36.6293335
  25.4843408   36.6281252
  25.4839291   36.6269218
  25.483494    36.6257237
  25.4834528   36.6256165
  25.4832681   36.6251023
  25.4828078   36.6238925
  25.4823237   36.6226887
  25.482313    36.6226628
  25.4818018   36.6214572
  25.4812668   36.6202582
  25.4807082   36.6190662
  25.4801259   36.6178815
  25.4795203   36.6167043
  25.4788915   36.6155349
  25.4782395   36.6143738
  25.4775647   36.613221
  25.4768671   36.6120771
  25.476147    36.6109421
  25.4754044   36.6098165
  25.4746397   36.6087004
  25.473853    36.6075942
  25.4730444   36.6064982
  25.4730323   36.6064821
  25.4718735   36.6049772
  25.4715838   36.6046101
  25.4709234   36.6037844
  25.4702504   36.6029653
  25.4697744   36.6023936
  25.4694447   36.6020001
  25.469442    36.6019969
  25.4685549   36.6009625
  25.4676477   36.5999393
  25.4667207   36.5989276
  25.465774    36.5979278
  25.4648079   36.5969399
  25.4638226   36.5959643
  25.4628185   36.5950012
  25.4617956   36.5940509
  25.4607543   36.5931135
  25.4596949   36.5921893
  25.4586175   36.5912786
  25.4575225   36.5903815
  25.4564101   36.5894983
  25.4552807   36.5886292
  25.4541344   36.5877744
  25.4529715   36.5869342
  25.4529594   36.5869256
  25.4517665   36.5860905
  25.4505573   36.5852707
  25.4493321   36.5844665
  25.4480911   36.5836779
  25.4468347   36.5829052
  25.4455632   36.5821486
  25.4442769   36.5814082
  25.4429762   36.5806844
  25.4416614   36.5799771
  25.4403327   36.5792867
  25.4389906   36.5786133
  25.4376354   36.5779571
  25.4362673   36.5773181
  25.4348869   36.5766967
  25.4334943   36.5760929
  25.4334863   36.5760895
  25.4320242   36.5754799
  25.4305499   36.5748898
  25.4290635   36.5743193
  25.4275657   36.5737685
  25.4260567   36.5732377
  25.4245371   36.5727269
  25.4230071   36.5722364
  25.4214673   36.5717661
  25.4214552   36.5717625
  25.419965    36.5713295
  25.4198276   36.5712906
  25.4183347   36.5708781
  25.416834    36.5704847
  25.4153256   36.5701104
  25.4138101   36.5697553
  25.4122878   36.5694195
  25.410759    36.569103
  25.4092242   36.5688061
  25.4076838   36.5685286
  25.4061381   36.5682708
  25.4045874   36.5680326
  25.4030324   36.5678141
  25.4014731   36.5676154
  25.3999102   36.5674366
  25.398344    36.5672776
  25.3967748   36.5671385
  25.3952031   36.5670194
  25.3936292   36.5669203
  25.3920536   36.5668411
  25.3904766   36.566782
  25.3901955   36.566775
  25.3901807   36.5667707
  25.3900405   36.566729
  25.3900205   36.5667234
  25.3898368   36.5666692
  25.38944     36.5665578
  25.3892854   36.566513
  25.3890298   36.5664426
  25.3886199   36.5663275
  25.3885614   36.5663109
  25.3885524   36.5663085
  25.3883433   36.5662498
  25.3879295   36.5661395
  25.3878022   36.5661044
  25.3875836   36.5660473
  25.3868417   36.5658495
  25.3864115   36.5657408
  25.3863112   36.5657146
  25.3861323   36.5656703
  25.3853323   36.5654683
  25.3848863   36.5653619
  25.3848128   36.5653437
  25.3846763   36.5653118
  25.3838157   36.5651064
  25.3833545   36.5650027
  25.3833074   36.5649917
  25.3832163   36.5649717
  25.3822921   36.5647639
  25.3818162   36.5646634
  25.3817952   36.5646588
  25.3817528   36.56465
  25.3807619   36.5644408
  25.3792255   36.5641372
  25.3776833   36.5638532
  25.3761358   36.5635889
  25.3745832   36.5633443
  25.373026    36.5631195
  25.3714645   36.5629146
  25.3698992   36.5627295
  25.3683304   36.5625644
  25.3667586   36.5624193
  25.3651841   36.5622943
  25.3636073   36.5621892
  25.3635308   36.5621846
  25.3619572   36.5621
  25.3603821   36.5620352
  25.358806    36.5619905
  25.3572291   36.5619658
  25.355652    36.5619611
  25.354075    36.5619765
  25.3524985   36.5620118
  25.3509229   36.5620671
  25.3493485   36.5621425
  25.3477759   36.5622378
  25.3462053   36.562353
  25.3446371   36.5624882
  25.3430719   36.5626432
  25.3415098   36.5628181
  25.3399514   36.5630128
  25.3383971   36.5632272
  25.3368471   36.5634613
  25.3353019   36.5637151
  25.333762    36.5639884
  25.3322276   36.5642813
  25.3306991   36.5645936
  25.329177    36.5649252
  25.3276616   36.5652761
  25.3261533   36.5656462
  25.3246524   36.5660354
  25.3231594   36.5664436
  25.3216746   36.5668707
  25.3201984   36.5673165
  25.3197492   36.5674555
  25.3180777   36.5679864
  25.3176365   36.5681302
  25.3163243   36.5685668
  25.3150201   36.5690182
  25.3137239   36.5694846
  25.3124362   36.5699657
  25.3111571   36.5704614
  25.3111396   36.5704683
  25.3096911   36.5710518
  25.3082545   36.571654
  25.3068303   36.5722749
  25.3054188   36.5729143
  25.3040205   36.573572
  25.3026356   36.5742478
  25.3012646   36.5749416
  25.2999078   36.5756531
  25.2985655   36.5763822
  25.2972382   36.5771288
  25.2959261   36.5778925
  25.2946296   36.5786733
  25.2933491   36.5794708
  25.2920849   36.5802849
  25.2920742   36.5802919
  25.290919    36.5810599
  25.2897783   36.5818417
  25.2897481   36.5818628
  25.2885557   36.582706
  25.2873801   36.5835644
  25.2873627   36.5835773
  25.2862091   36.584447
  25.2850728   36.5853311
  25.2839541   36.5862297
  25.2828533   36.5871423
  25.2817706   36.5880688
  25.2807063   36.589009
  25.2796608   36.5899626
  25.2786342   36.5909294
  25.2776268   36.5919091
  25.2766389   36.5929015
  25.2764525   36.593095
  25.2764054   36.5931418
  25.2760971   36.5934495
  25.2760596   36.5934871
  25.2755226   36.5940347
  25.2754558   36.5940817
  25.2742845   36.5949323
  25.2732347   36.5957193
  25.2730596   36.5958422
  25.2719065   36.5966768
  25.2707696   36.5975257
  25.2696494   36.5983887
  25.2685461   36.5992655
  25.2674598   36.600156
  25.266391    36.60106
  25.2653397   36.6019772
  25.2643064   36.6029073
  25.2632912   36.6038503
  25.2632316   36.6039065
  25.2631606   36.6039736
  25.2631515   36.6039823
  25.2621852   36.6049101
  25.2621068   36.6049866
  25.2613106   36.6057731
  25.2613012   36.6057825
  25.2608316   36.6062561
  25.2608252   36.6062626
  25.2599274   36.6071888
  25.2591314   36.6080353
  25.2581561   36.6087308
  25.2581427   36.6087405
  25.2569662   36.6096066
  25.255807    36.6104878
  25.2546656   36.6113836
  25.2535421   36.612294
  25.252437    36.6132187
  25.2513504   36.6141575
  25.2502826   36.6151101
  25.249234    36.6160762
  25.2482047   36.6170557
  25.2471951   36.6180482
  25.2462054   36.6190536
  25.2452359   36.6200715
  25.2442867   36.6211017
  25.2433582   36.622144
  25.2432724   36.6222419
  25.2423615   36.6232998
  25.2414719   36.6243693
  25.2406038   36.6254501
  25.2397574   36.6265419
  25.2392892   36.6271681
  25.2382885   36.6279949
  25.2382049   36.628065
  25.2371431   36.6289699
  25.236099    36.6298878
  25.2358958   36.6300722
  25.2352594   36.6296287
  25.2351279   36.62954
  25.2350318   36.6294314
  25.2341046   36.6284176
  25.2331576   36.6274157
  25.2321912   36.6264258
  25.2312055   36.6254482
  25.2302008   36.6244831
  25.2291774   36.6235307
  25.2281354   36.6225914
  25.2270753   36.6216653
  25.2259971   36.6207526
  25.2249012   36.6198537
  25.2237879   36.6189686
  25.2226574   36.6180977
  25.221696    36.6173799
  25.2216023   36.6173083
  25.2204379   36.6164461
  25.2192566   36.6155988
  25.2180587   36.6147666
  25.2168444   36.6139498
  25.2156142   36.6131485
  25.2155611   36.6131145
  25.2143607   36.6123572
  25.2131459   36.6116147
  25.2119172   36.6108873
  25.2106747   36.6101749
  25.2094188   36.609478
  25.2081498   36.6087965
  25.2079565   36.6086961
  25.2078973   36.6086631
  25.2071452   36.6079391
  25.2061275   36.60699
  25.2050914   36.6060538
  25.2040372   36.6051307
  25.2029652   36.604221
  25.2018756   36.6033247
  25.2007687   36.6024423
  25.1996447   36.6015738
  25.198504    36.6007196
  25.1973468   36.5998797
  25.1961734   36.5990544
  25.194984    36.598244
  25.1937791   36.5974486
  25.1925588   36.5966684
  25.1913234   36.5959035
  25.1900733   36.5951543
  25.1888088   36.5944208
  25.1875302   36.5937033
  25.1862377   36.5930019
  25.1849318   36.5923168
  25.1836127   36.5916482
  25.1822807   36.5909962
  25.1816828   36.5907086
  25.1803827   36.590094
  25.1790712   36.5894953
  25.1777486   36.5889125
  25.1772143   36.5886854
  25.176323    36.588138
  25.1750706   36.5873933
  25.1738039   36.5866644
  25.1725231   36.5859514
  25.1712286   36.5852546
  25.1699208   36.5845741
  25.1685999   36.5839101
  25.1672662   36.5832626
  25.1659201   36.582632
  25.1645619   36.5820184
  25.163192    36.5814218
  25.1618106   36.5808425
  25.1604181   36.5802805
  25.1590149   36.5797361
  25.1576012   36.5792094
  25.1572483   36.5790805
  25.1558533   36.5785816
  25.154449    36.5780999
  25.1530357   36.5776355
  25.1516137   36.5771885
  25.1503458   36.5768078
  25.1503172   36.5767923
  25.1489883   36.5760943
  25.1476458   36.5754134
  25.1475761   36.5753786
  25.1462542   36.5747313
  25.144993    36.574135
  25.1446547   36.573906
  25.1434362   36.5731073
  25.1422022   36.5723241
  25.1409529   36.5715566
  25.1396888   36.570805
  25.1384101   36.5700695
  25.1371171   36.5693502
  25.1358102   36.5686474
  25.1344896   36.5679612
  25.1331558   36.5672918
  25.131809    36.5666393
  25.1304495   36.566004
  25.1290777   36.565386
  25.127694    36.5647853
  25.1262987   36.5642023
  25.1248921   36.563637
  25.1234747   36.5630895
  25.1220466   36.5625601
  25.1206083   36.5620488
  25.1191602   36.5615558
  25.1177026   36.5610811
  25.1162359   36.5606249
  25.1147604   36.5601874
  25.1132764   36.5597686
  25.1117845   36.5593686
  25.1102849   36.5589875
  25.108778    36.5586255
  25.1084414   36.5585493
  25.1077555   36.5583648
  25.1062669   36.5579851
  25.104771    36.5576241
  25.1032682   36.557282
  25.101759    36.5569588
  25.1002436   36.5566547
  25.0987226   36.5563696
  25.0971961   36.5561036
  25.0966845   36.5560212
  25.0952193   36.5557496
  25.0936772   36.5554843
  25.09213     36.5552386
  25.0905782   36.5550126
  25.0890221   36.5548062
  25.0874622   36.5546197
  25.0858988   36.554453
  25.0845054   36.5543223
  25.0840369   36.5542046
  25.0825503   36.5538512
  25.081057    36.5535163
  25.0795574   36.5532002
  25.0780518   36.5529028
  25.0765407   36.5526242
  25.0750244   36.5523645
  25.0735033   36.5521237
  25.0719777   36.551902
  25.070448    36.5516993
  25.0689145   36.5515157
  25.0673777   36.5513513
  25.0658379   36.551206
  25.0642955   36.55108
  25.0627508   36.5509733
  25.0612042   36.5508858
  25.0596562   36.5508177
  25.058107    36.5507688
  25.056557    36.5507393
  25.0555921   36.550733
  25.0549711   36.550492
  25.053564    36.5499675
  25.052147    36.5494607
  25.0514897   36.5492305
  25.050071    36.548744
  25.0496557   36.5486077
  25.0493721   36.5484236
  25.0481432   36.5476517
  25.0468994   36.5468952
  25.0456411   36.5461544
  25.0443686   36.5454295
  25.0430821   36.5447207
  25.041782    36.544028
  25.0404685   36.5433518
  25.0391421   36.5426922
  25.037803    36.5420493
  25.0373637   36.5418421
  25.0359455   36.5411857
  25.0345141   36.5405481
  25.0330698   36.5399295
  25.0316132   36.5393299
  25.0301445   36.5387496
  25.0286641   36.5381887
  25.0271726   36.5376474
  25.026607    36.5374466
  25.0251655   36.5369458
  25.0237145   36.5364632
  25.0222542   36.535999
  25.0214582   36.5357576
  25.0212038   36.5355568
  25.020072    36.5346912
  25.0189235   36.5338399
  25.0177585   36.5330032
  25.0165774   36.5321812
  25.0153804   36.5313742
  25.0141678   36.5305823
  25.01294     36.5298057
  25.0116972   36.5290447
  25.0104397   36.5282994
  25.0091679   36.52757
  25.007882    36.5268567
  25.0065823   36.5261597
  25.0052693   36.525479
  25.0039431   36.524815
  25.0026042   36.5241677
  25.0012528   36.5235373
  24.9998893   36.522924
  24.9998519   36.5229075
  24.9984795   36.5223127
  24.9970956   36.5217351
  24.9957007   36.5211749
  24.9942951   36.5206324
  24.9928791   36.5201075
  24.9914531   36.5196005
  24.9900174   36.5191114
  24.9885724   36.5186405
  24.9871184   36.5181877
  24.9870137   36.5181566
  24.986409    36.5179608
  24.9863062   36.5179282
  24.9850748   36.5175461
  24.9838373   36.5171771
  24.9825937   36.5168212
  24.9825101   36.5167978
  24.9810206   36.516391
  24.9795232   36.5160031
  24.9780184   36.5156343
  24.9765066   36.5152845
  24.9749881   36.5149539
  24.9734633   36.5146426
  24.9719326   36.5143507
  24.9703964   36.5140782
  24.968855    36.5138251
  24.9673088   36.5135917
  24.9657583   36.5133778
  24.9642037   36.5131836
  24.9626456   36.5130091
  24.9610842   36.5128544
  24.9595199   36.5127195
  24.9579533   36.5126044
  24.9563845   36.5125091
  24.9548141   36.5124338
  24.9532424   36.5123783
  24.9516698   36.5123428
  24.9515467   36.5123408
  24.9511168   36.5123345
  24.9509995   36.512333
  24.9494088   36.5123228
  24.9478181   36.512333
  24.9473451   36.5123421
  24.947102    36.5123431
  24.9455922   36.5123678
  24.944083    36.5124107
  24.9425748   36.512472
  24.9410679   36.5125517
  24.9395627   36.5126496
  24.9385139   36.5127243
  24.9369677   36.5128442
  24.9361163   36.5129209
  24.9352044   36.5129247
  24.9336651   36.5129502
  24.9321265   36.5129947
  24.930589    36.5130584
  24.9290528   36.513141
  24.9275185   36.5132427
  24.9259862   36.5133635
  24.9250711   36.513447
  24.9240122   36.5135337
  24.9224306   36.5136837
  24.9208521   36.513854
  24.9192772   36.5140445
  24.9177063   36.5142552
  24.9161398   36.5144859
  24.9145781   36.5147368
  24.9130215   36.5150076
  24.9114705   36.5152984
  24.9099255   36.515609
  24.9083869   36.5159393
  24.906855    36.5162894
  24.9053302   36.516659
  24.9052572   36.5166778
  24.9046698   36.5167439
  24.9031312   36.5169368
  24.9015966   36.517149
  24.9000662   36.5173805
  24.8985405   36.517631
  24.8970198   36.5179007
  24.8955046   36.5181894
  24.8939952   36.5184971
  24.8924919   36.5188236
  24.8909951   36.5191689
  24.8895053   36.519533
  24.8880227   36.5199157
  24.8865476   36.520317
  24.8861038   36.5204439
  24.88583     36.5205127
  24.8843116   36.5209154
  24.8828014   36.5213375
  24.8812998   36.5217791
  24.8798072   36.5222399
  24.878324    36.5227199
  24.8768505   36.523219
  24.8753872   36.5237369
  24.8739344   36.5242735
  24.8734353   36.5244618
  24.8721364   36.524961
  24.8719226   36.5250462
  24.8716484   36.5251399
  24.870249    36.5256384
  24.8688593   36.5261541
  24.8674797   36.5266868
  24.8661103   36.5272365
  24.8655782   36.5274542
  24.864199    36.5280294
  24.8628311   36.5286218
  24.8614748   36.5292312
  24.8601305   36.5298575
  24.8587985   36.5305005
  24.8574791   36.5311601
  24.8561726   36.5318361
  24.8548794   36.5325284
  24.8535998   36.5332368
  24.852334    36.5339611
  24.8510825   36.5347011
  24.8498454   36.5354566
  24.8486231   36.5362276
  24.8474159   36.5370137
  24.846224    36.5378148
  24.845573    36.5382594
  24.844411    36.5390654
  24.8432645   36.5398856
  24.8421338   36.5407199
  24.8410193   36.541568
  24.8399211   36.5424299
  24.8388395   36.5433051
  24.8377748   36.5441937
  24.8367273   36.5450952
  24.8366217   36.545189
  24.8358355   36.5457714
  24.8347108   36.5466308
  24.8344391   36.546845
  24.8341957   36.5470321
  24.8330743   36.5479215
  24.8319704   36.5488251
  24.8308845   36.5497425
  24.8298167   36.5506736
  24.8287674   36.5516181
  24.8277368   36.5525758
  24.8267251   36.5535464
  24.8257326   36.5545297
  24.8247595   36.5555255
  24.8238062   36.5565334
  24.8235922   36.5567672
  24.8222328   36.5572126
  24.8208071   36.5577006
  24.819391    36.5582062
  24.8179849   36.5587295
  24.8165891   36.5592703
  24.8152039   36.5598283
  24.8138296   36.5604036
  24.8124666   36.560996
  24.8111153   36.5616052
  24.8097758   36.5622313
  24.8084487   36.5628739
  24.8071341   36.563533
  24.8058324   36.5642085
  24.8045439   36.5649
  24.803269    36.5656076
  24.8020078   36.566331
  24.8007608   36.5670699
  24.7995283   36.5678244
  24.7983105   36.5685941
  24.7977892   36.5689288
  24.7965565   36.5697334
  24.79534     36.5705536
  24.7941399   36.5713893
  24.7929564   36.5722401
  24.79179     36.573106
  24.7906409   36.5739867
  24.7890069   36.575259
  24.7878844   36.5761469
  24.7867796   36.577049
  24.7856926   36.5779649
  24.7846237   36.5788944
  24.7835732   36.5798374
  24.7825414   36.5807936
  24.7815286   36.5817627
  24.7805349   36.5827445
  24.7795606   36.5837388
  24.778606    36.5847453
  24.7776713   36.5857637
  24.777345    36.5861312
  24.7769554   36.5864552
  24.7758895   36.5873697
  24.7748415   36.5882975
  24.7738116   36.5892383
  24.7728003   36.5901919
  24.7726973   36.5902906
  24.7716936   36.5912676
  24.7707092   36.5922572
  24.7697445   36.5932592
  24.7687996   36.5942733
  24.7678748   36.5952992
  24.7669702   36.5963368
  24.7660863   36.5973856
  24.765223    36.5984455
  24.7643808   36.5995163
  24.7643457   36.5995624
  24.7634213   36.6005737
  24.7625104   36.6016038
  24.7616199   36.6026453
  24.7607499   36.6036979
  24.7599008   36.6047613
  24.7590726   36.6058354
  24.7582656   36.6069198
  24.75748     36.6080143
  24.7567159   36.6091185
  24.7559737   36.6102323
  24.7552534   36.6113552
  24.7545553   36.6124872
  24.7538795   36.6136278
  24.7532261   36.6147768
  24.7531568   36.6149041
  24.752783    36.6154714
  24.752072    36.6165926
  24.7518777   36.6169113
  24.7518392   36.6169604
  24.751013    36.6180512
  24.7502086   36.6191523
  24.7494261   36.6202637
  24.7486658   36.6213848
  24.7479278   36.6225155
  24.7472124   36.6236555
  24.7465197   36.6248045
  24.7458499   36.6259622
  24.7452031   36.6271283
  24.7445796   36.6283024
  24.7439795   36.6294844
  24.7434029   36.6306739
  24.74285     36.6318706
  24.7423209   36.6330742
  24.7418158   36.6342844
  24.7413348   36.6355008
  24.740878    36.6367233
  24.7404456   36.6379514
  24.7400376   36.6391849
  24.7396541   36.6404234
  24.7392952   36.6416666
  24.7389611   36.6429142
  24.7386518   36.6441659
  24.7383674   36.6454215
  24.738108    36.6466804
  24.7381032   36.6467049
  24.7378722   36.6479472
  24.7376656   36.6491923
  24.7374834   36.6504398
  24.7373255   36.6516894
  24.7371921   36.6529408
  24.7370832   36.6541938
  24.7369988   36.6554479
  24.7369389   36.6567029
  24.7369035   36.6579585
  24.7368928   36.6592144
  24.7369065   36.6604702
  24.7369448   36.6617256
  24.7370077   36.6629805
  24.737095    36.6642343
  24.7372069   36.6654869
  24.7373433   36.6667379
  24.7375041   36.667987
  24.7376893   36.6692339
  24.7378988   36.6704783
  24.7381327   36.6717199
  24.7383908   36.6729584
  24.7386731   36.6741934
  24.7389795   36.6754248
  24.7393099   36.6766521
  24.7396643   36.6778751
  24.7400426   36.6790934
  24.7404447   36.6803069
  24.7408704   36.6815151
  24.7413197   36.6827178
  24.7417925   36.6839146
  24.7422886   36.6851054
  24.742808    36.6862898
  24.7433504   36.6874674
  24.7439158   36.6886381
  24.7445041   36.6898015
  24.745115    36.6909573
  24.7457484   36.6921053
  24.7464043   36.6932452
  24.7470823   36.6943767
  24.7477824   36.6954995
  24.7485043   36.6966133
  24.749248    36.6977179
  24.7500132   36.698813
  24.7507997   36.6998983
  24.7516073   36.7009736
  24.7524359   36.7020386
  24.7532852   36.703093
  24.754155    36.7041366
  24.7550451   36.7051691
  24.7559553   36.7061903
  24.7568854   36.7071999
  24.7578351   36.7081977
  24.7588042   36.7091834
  24.7597925   36.7101568
  24.7607997   36.7111176
  24.7618255   36.7120656
  24.7628698   36.7130006
  24.7639323   36.7139224
  24.7650126   36.7148306
  24.7661106   36.7157252
  24.766141    36.7157496
  24.7672641   36.7166362
  24.7684046   36.7175086
  24.7695621   36.7183663
  24.7707363   36.7192094
  24.771927    36.7200374
  24.7731339   36.7208502
  24.7734837   36.7210784
  24.773654    36.7211925
  24.7748791   36.7219879
  24.7761197   36.7227676
  24.7773756   36.7235315
  24.7786463   36.7242795
  24.7799317   36.7250112
  24.7812312   36.7257266
  24.7825447   36.7264254
  24.7838719   36.7271075
  24.7852123   36.7277727
  24.7865656   36.7284208
  24.7879315   36.7290518
  24.7893097   36.7296653
  24.7906998   36.7302614
  24.7921015   36.7308397
  24.7935144   36.7314003
  24.7949382   36.7319429
  24.7963725   36.7324674
  24.797817    36.7329736
  24.7992712   36.7334616
  24.8005161   36.7338608
  24.8009623   36.734088
  24.802296    36.7347439
  24.8036423   36.7353829
  24.805001    36.7360049
  24.8063717   36.7366098
  24.807754    36.7371973
  24.8091477   36.7377675
  24.8105523   36.73832
  24.8119676   36.7388548
  24.8133931   36.7393718
  24.8148286   36.7398708
  24.8162737   36.7403517
  24.817728    36.7408144
  24.8191912   36.7412588
  24.8204975   36.7416368
  24.8206823   36.7416954
  24.8221375   36.7421354
  24.8236012   36.7425571
  24.8250729   36.7429606
  24.8265522   36.7433456
  24.8280388   36.7437121
  24.8295324   36.74406
  24.8310326   36.7443892
  24.832539    36.7446997
  24.8340512   36.7449912
  24.8355689   36.7452639
  24.8370918   36.7455176
  24.8386194   36.7457522
  24.8401514   36.7459678
  24.8416873   36.7461642
  24.8432269   36.7463413
  24.8447698   36.7464993
  24.8463156   36.7466379
  24.8478638   36.7467573
  24.8484876   36.7468014
  24.850038    36.7469014
  24.8515901   36.746982
  24.8531435   36.7470433
  24.854698    36.7470851
  24.8562531   36.7471075
  24.8578084   36.7471105
  24.8593636   36.7470941
  24.8609183   36.7470583
  24.8624722   36.747003
  24.8640247   36.7469284
  24.8655756   36.7468344
  24.8671245   36.746721
  24.8672351   36.7467123
  24.8687941   36.7465784
  24.8703503   36.746425
  24.8719032   36.746252
  24.8734526   36.7460595
  24.874998    36.7458475
  24.8765391   36.745616
  24.8773684   36.7454807
  24.8786711   36.7452989
  24.8802122   36.7450638
  24.8817485   36.7448094
  24.8832796   36.7445356
  24.8848052   36.7442426
  24.8863248   36.7439304
  24.8878381   36.7435991
  24.8893447   36.7432488
  24.8904741   36.7429785
  24.8920066   36.7426009
  24.8935314   36.7422036
  24.8950479   36.7417868
  24.896556    36.7413505
  24.898055    36.7408948
  24.8995448   36.7404199
  24.9010248   36.7399259
  24.9024948   36.7394129
  24.9039543   36.738881
  24.9054029   36.7383305
  24.9068403   36.7377613
  24.9082661   36.7371737
  24.90968     36.7365678
  24.9110815   36.7359439
  24.9124704   36.7353019
  24.9138462   36.7346421
  24.9152086   36.7339647
  24.9165572   36.7332699
  24.9178918   36.7325578
  24.9192119   36.7318286
  24.9201699   36.7312902
  24.9217241   36.730399
  24.9220012   36.7302368
  24.9225059   36.7299718
  24.9238114   36.7292624
  24.9251027   36.7285366
  24.9263795   36.7277946
  24.9276415   36.7270364
  24.9288885   36.7262624
  24.93012     36.7254727
  24.9302579   36.7253813
  24.9310394   36.724958
  24.9323181   36.7242417
  24.9335826   36.7235094
  24.9348328   36.7227614
  24.9360682   36.7219978
  24.9372885   36.7212189
  24.9384935   36.7204247
  24.9396829   36.7196155
  24.9408564   36.7187916
  24.9420136   36.717953
  24.9431544   36.7171
  24.9435984   36.7167575
  24.9441571   36.7164855
  24.945489    36.715814
  24.9468076   36.7151257
  24.9481124   36.7144209
  24.9483901   36.7142657
  24.9495986   36.7140472
  24.9511342   36.7137491
  24.9526637   36.7134315
  24.9541867   36.7130945
  24.9557029   36.7127382
  24.9572119   36.7123628
  24.9587133   36.7119682
  24.9602067   36.7115547
  24.9610413   36.7113176
  24.9625562   36.7108762
  24.9640621   36.7104153
  24.9655585   36.7099349
  24.967045    36.7094352
  24.9685212   36.7089163
  24.9699868   36.7083784
  24.9714414   36.7078216
  24.9720954   36.7075607
  24.9726544   36.7078013
  24.9740426   36.7083765
  24.9754419   36.7089341
  24.9768519   36.7094741
  24.9782723   36.7099964
  24.9788904   36.710219
  24.9803353   36.7107283
  24.98179     36.7112193
  24.9832542   36.7116918
  24.9847276   36.7121456
  24.9862098   36.7125807
  24.9877003   36.712997
  24.9891989   36.7133943
  24.9907051   36.7137726
  24.9922186   36.7141317
  24.9922387   36.7141362
  24.9925422   36.7147599
  24.993136    36.7159258
  24.9937526   36.7170841
  24.9943919   36.7182344
  24.9950537   36.7193765
  24.9957378   36.7205101
  24.9964441   36.7216349
  24.9971725   36.7227506
  24.9979226   36.723857
  24.9986943   36.7249538
  24.9994875   36.7260407
  25.000302    36.7271174
  25.0011374   36.7281837
  25.0019938   36.7292393
  25.0028707   36.730284
  25.0029463   36.7303726
  25.0038341   36.7313952
  25.0047416   36.7324066
  25.0056686   36.7334065
  25.006615    36.7343947
  25.0075805   36.735371
  25.0085648   36.7363352
  25.0095677   36.7372869
  25.010589    36.7382259
  25.0116284   36.7391521
  25.0126857   36.7400652
  25.0137606   36.740965
  25.0148528   36.7418512
  25.0159622   36.7427237
  25.0170884   36.7435823
  25.0179679   36.7442322
  25.0182343   36.7444908
  25.0192476   36.745444
  25.0202794   36.7463844
  25.0213294   36.7473117
  25.0223974   36.7482256
  25.0234832   36.7491261
  25.0245864   36.7500128
  25.0257068   36.7508856
  25.0268441   36.7517442
  25.0279981   36.7525884
  25.0291684   36.753418
  25.0303547   36.7542329
  25.0315569   36.7550327
  25.0323737   36.7555591
  25.0335194   36.7563723
  25.0347049   36.7571875
  25.035906    36.7579877
  25.0371227   36.7587727
  25.0383546   36.7595423
  25.0396013   36.7602964
  25.0408626   36.7610348
  25.0421382   36.7617573
  25.0434278   36.7624637
  25.0447309   36.7631538
  25.0460474   36.7638275
  25.0473769   36.7644846
  25.0487191   36.765125
  25.0500736   36.7657484
  25.0514402   36.7663548
  25.051473    36.7663691
  25.0528671   36.7669649
  25.0542729   36.767543
  25.0556899   36.7681032
  25.0571178   36.7686454
  25.0585563   36.7691694
  25.0600049   36.769675
  25.0614633   36.7701623
  25.0629312   36.7706309
  25.0644081   36.7710809
  25.0658938   36.7715122
  25.0673878   36.7719245
  25.0678797   36.7720533
  25.0681912   36.7722807
  25.0693661   36.7731115
  25.0705571   36.7739275
  25.071764    36.7747284
  25.0729864   36.775514
  25.0742241   36.7762841
  25.0754767   36.7770385
  25.0767439   36.7777771
  25.0773431   36.7781149
  25.0780036   36.7785178
  25.079265    36.7792625
  25.0805409   36.7799912
  25.0818309   36.7807037
  25.0831347   36.7814
  25.0844519   36.7820797
  25.0850373   36.7823715
  25.0852988   36.7825053
  25.0866271   36.7831622
  25.0879681   36.7838024
  25.0893215   36.7844257
  25.0901784   36.7848062
  25.0907689   36.7850737
  25.0921555   36.785679
  25.093554    36.7862666
  25.0949638   36.7868365
  25.0963848   36.7873883
  25.0978164   36.7879222
  25.0992585   36.7884378
  25.1007105   36.788935
  25.1021722   36.7894138
  25.1036431   36.789874
  25.105123    36.7903156
  25.1066114   36.7907383
  25.1081079   36.7911421
  25.1096123   36.7915269
  25.111124    36.7918926
  25.1126428   36.7922391
  25.1141683   36.7925663
  25.1157      36.7928741
  25.1172376   36.7931625
  25.1187807   36.7934313
  25.120329    36.7936806
  25.1218819   36.7939103
  25.1234392   36.7941202
  25.1250005   36.7943104
  25.1265653   36.7944808
  25.1281333   36.7946313
  25.1297041   36.7947619
  25.1312772   36.7948727
  25.1326944   36.7949544
  25.1339848   36.7951898
  25.135531    36.7954515
  25.1370823   36.7956934
  25.1386381   36.7959157
  25.1401981   36.7961183
  25.141762    36.796301
  25.1433292   36.7964639
  25.1448995   36.7966069
  25.1464724   36.7967299
  25.1480476   36.796833
  25.1496246   36.7969162
  25.151203    36.7969793
  25.1527825   36.7970224
  25.1535581   36.7970337
  25.1549573   36.7971539
  25.1564065   36.7972613
  25.1578575   36.7973518
  25.1583085   36.7973773
  25.1598981   36.7974568
  25.1614891   36.7975161
  25.1630811   36.797555
  25.1646737   36.7975736
  25.1660301   36.7975721
  25.1660739   36.7976671
  25.1666004   36.7987594
  25.1671469   36.7998454
  25.1671657   36.799882
  25.1678706   36.8012192
  25.1678793   36.8012353
  25.1683976   36.8021772
  25.1688048   36.8029046
  25.1694283   36.8039964
  25.1700723   36.8050806
  25.1707365   36.8061568
  25.1707409   36.8061638
  25.1714563   36.8072795
  25.1721934   36.8083861
  25.1729522   36.8094832
  25.1737323   36.8105706
  25.1745337   36.8116481
  25.1753561   36.8127154
  25.1761993   36.8137722
  25.1770632   36.8148183
  25.1779474   36.8158534
  25.1788518   36.8168772
  25.1795857   36.8176809
  25.1800354   36.818273
  25.1808778   36.8193434
  25.1817412   36.820403
  25.1821146   36.8208457
  25.1823872   36.8212943
  25.1823932   36.8213039
  25.1830738   36.8223831
  25.1837747   36.8234539
  25.1844958   36.8245161
  25.1852368   36.8255694
  25.1859977   36.8266136
  25.1867782   36.8276484
  25.1875782   36.8286737
  25.1883975   36.8296891
  25.1892359   36.8306945
  25.1900932   36.8316896
  25.1901016   36.8316992
  25.1914429   36.8331943
  25.1914587   36.8332115
  25.192396    36.8342146
  25.1933528   36.8352058
  25.1943289   36.8361849
  25.1953241   36.8371516
  25.1963381   36.8381057
  25.1973707   36.8390469
  25.1984215   36.8399751
  25.1994904   36.8408899
  25.1997036   36.8410667
  25.2007253   36.8419773
  25.2018317   36.8429316
  25.2029574   36.8438713
  25.204102    36.8447963
  25.2052653   36.8457061
  25.206447    36.8466006
  25.2076468   36.8474796
  25.2078054   36.847594
  25.2089999   36.8484411
  25.2102111   36.8492729
  25.2114389   36.8500891
  25.2126828   36.8508894
  25.2139425   36.8516738
  25.2152177   36.8524419
  25.2165081   36.8531935
  25.2178134   36.8539286
  25.2191332   36.8546468
  25.2204671   36.8553481
  25.2218149   36.8560322
  25.2231763   36.856699
  25.223179    36.8567003
  25.2245242   36.8573361
  25.2258818   36.8579549
  25.2272513   36.8585566
  25.2286324   36.8591411
  25.2300248   36.8597082
  25.2314281   36.8602578
  25.232842    36.8607898
  25.2342661   36.861304
  25.2357001   36.8618003
  25.2371436   36.8622785
  25.237151    36.8622809
  25.238479    36.8627024
  25.2398145   36.8631086
  25.241157    36.8634995
  25.2425064   36.863875
  25.2426534   36.8639149
  25.244156    36.8643128
  25.2453621   36.8646153
  25.2454538   36.8646384
  25.2454691   36.8646421
  25.2456663   36.8646915
  25.2467805   36.8649555
  25.2469561   36.8649975
  25.2469878   36.8650046
  25.2471838   36.8650511
  25.2482154   36.8652813
  25.2484653   36.8653376
  25.2485138   36.8653479
  25.2487084   36.8653913
  25.2496651   36.8655918
  25.2499811   36.8656587
  25.2500466   36.8656718
  25.2502394   36.8657122
  25.2511278   36.8658863
  25.2515029   36.8659608
  25.2515859   36.8659762
  25.2517767   36.8660136
  25.2526024   36.8661644
  25.2530305   36.8662437
  25.2531313   36.866261
  25.2533197   36.8662954
  25.2540875   36.8664255
  25.2545634   36.8665073
  25.2546824   36.8665262
  25.2548681   36.8665577
  25.2555823   36.8666692
  25.2561014   36.8667517
  25.2562388   36.8667717
  25.2564215   36.8668002
  25.2570857   36.8668952
  25.2572777   36.8669232
  25.2575382   36.8669745
  25.2590633   36.8672546
  25.2605937   36.8675155
  25.2606132   36.8675187
  25.261833    36.8677108
  25.2621904   36.8677786
  25.2624586   36.867828
  25.2634099   36.8679969
  25.2645196   36.8684637
  25.2659574   36.8690451
  25.2674068   36.8696079
  25.2688674   36.8701518
  25.2703387   36.8706768
  25.2718205   36.8711828
  25.2719794   36.8712359
  25.273413    36.8717041
  25.2748556   36.8721544
  25.2763067   36.8725868
  25.277766    36.8730011
  25.2792331   36.8733973
  25.2807078   36.8737752
  25.2821896   36.8741348
  25.2836782   36.874476
  25.2851733   36.8747986
  25.2866744   36.8751026
  25.2881813   36.875388
  25.2896935   36.8756546
  25.2897035   36.8756563
  25.291248    36.8759084
  25.2927974   36.876141
  25.2943511   36.876354
  25.2959089   36.8765473
  25.2974703   36.876721
  25.2990349   36.8768748
  25.3006023   36.8770089
  25.3021722   36.8771232
  25.3037442   36.8772176
  25.3053178   36.8772922
  25.3068928   36.8773469
  25.3084686   36.8773817
  25.3100448   36.8773965
  25.3116212   36.8773915
  25.3131973   36.8773665
  25.3147727   36.8773216
  25.3159534   36.8772731
  25.3167278   36.8780597
  25.3177212   36.8790368
  25.3187336   36.8800012
  25.319765    36.8809526
  25.3208151   36.881891
  25.3218834   36.8828159
  25.3229699   36.8837273
  25.3240743   36.8846248
  25.3251962   36.8855082
  25.3263353   36.8863774
  25.3274915   36.8872321
  25.3286644   36.8880721
  25.3298537   36.8888972
  25.3310591   36.8897072
  25.3322803   36.8905019
  25.3323396   36.8905399
  25.3335775   36.8913197
  25.3348307   36.8920839
  25.3360988   36.8928321
  25.3364999   36.893061
  25.3364926   36.8930713
  25.3357495   36.8941533
  25.3350275   36.8952443
  25.3343266   36.8963442
  25.3341608   36.8966094
  25.3334896   36.8977039
  25.3328394   36.8988065
  25.3322102   36.8999169
  25.3316024   36.9010348
  25.331016    36.90216
  25.3304511   36.9032922
  25.329908    36.9044312
  25.3293866   36.9055766
  25.3288872   36.9067283
  25.3284098   36.9078859
  25.3279546   36.9090491
  25.3275217   36.9102178
  25.3274725   36.9103584
  25.3267993   36.9107374
  25.3255366   36.9114721
  25.3242884   36.9122225
  25.3230551   36.9129883
  25.321837    36.9137695
  25.3206342   36.9145659
  25.3194472   36.9153772
  25.3182762   36.9162032
  25.3171215   36.9170437
  25.3159834   36.9178986
  25.3148622   36.9187676
  25.3137581   36.9196505
  25.3126714   36.9205471
  25.3116024   36.9214572
  25.3105513   36.9223805
  25.3095185   36.9233168
  25.308504    36.9242659
  25.3075083   36.9252276
  25.3065315   36.9262016
  25.3055739   36.9271877
  25.305563    36.9271991
  25.3055365   36.9272273
  25.3053299   36.9270988
  25.3040809   36.9263463
  25.3028172   36.9256096
  25.3015393   36.9248888
  25.3002474   36.9241841
  25.2989419   36.9234956
  25.297623    36.9228236
  25.2968034   36.9224203
  25.2963103   36.922163
  25.2949876   36.9214961
  25.2936519   36.9208458
  25.2923037   36.9202124
  25.2909433   36.9195959
  25.2895709   36.9189965
  25.2881869   36.9184144
  25.2867917   36.9178496
  25.2853856   36.9173024
  25.283969    36.9167729
  25.2825422   36.9162612
  25.2811055   36.9157674
  25.2796593   36.9152917
  25.278204    36.9148342
  25.2767399   36.9143949
  25.2752673   36.913974
  25.2737867   36.9135716
  25.2722984   36.9131878
  25.2708027   36.9128227
  25.2693001   36.9124764
  25.2677909   36.9121489
  25.2662754   36.9118404
  25.2647541   36.9115508
  25.2632273   36.9112804
  25.2616954   36.9110292
  25.2601588   36.9107971
  25.2586178   36.9105843
  25.2570728   36.9103909
  25.2555242   36.9102168
  25.2539724   36.9100622
  25.2524178   36.909927
  25.2508607   36.9098113
  25.2493015   36.9097151
  25.2477406   36.9096385
  25.2461785   36.9095814
  25.2461637   36.909581
  25.2461384   36.9095799
  25.2445372   36.9095289
  25.2429352   36.9094984
  25.2413327   36.9094884
  25.2397303   36.9094991
  25.2392014   36.9095094
  25.2388614   36.9093302
  25.2375392   36.908657
  25.236204    36.9080005
  25.234856    36.9073609
  25.2334956   36.9067382
  25.2321232   36.9061327
  25.2307391   36.9055445
  25.2293436   36.9049737
  25.227937    36.9044206
  25.2275597   36.904278
  25.2270102   36.9040572
  25.2255108   36.9034797
  25.2252654   36.9033892
  25.2251153   36.9033318
  25.2247341   36.9031833
  25.224408    36.9030613
  25.2240832   36.9029371
  25.2236979   36.9027957
  25.2233139   36.9026521
  25.2229854   36.9025342
  25.2226582   36.9024141
  25.2222702   36.9022775
  25.2218833   36.9021387
  25.2215526   36.902025
  25.2212231   36.901909
  25.2208324   36.9017773
  25.2204429   36.9016434
  25.22011     36.9015338
  25.2197782   36.901422
  25.2194467   36.9013151
  25.2194558   36.901316
  25.2191209   36.9012083
  25.2189929   36.9011662
  25.2188527   36.9011221
  25.218026    36.9008564
  25.2165876   36.9004145
  25.2151408   36.8999904
  25.2136859   36.8995842
  25.2122235   36.899196
  25.2107536   36.8988259
  25.2092769   36.898474
  25.2077935   36.8981404
  25.2063038   36.8978251
  25.2048083   36.8975283
  25.2033072   36.8972499
  25.2018008   36.8969901
  25.2002897   36.896749
  25.2000368   36.8967102
  25.1985657   36.896494
  25.1970906   36.8962954
  25.195612    36.8961145
  25.1941302   36.8959514
  25.1926455   36.895806
  25.1911583   36.8956785
  25.1896688   36.8955688
  25.1881774   36.8954769
  25.1866845   36.8954029
  25.1851903   36.8953468
  25.1846442   36.8953296
  25.1830654   36.8952898
  25.181486    36.8952701
  25.1799063   36.8952703
  25.1783269   36.8952904
  25.1767481   36.8953306
  25.1751703   36.8953908
  25.1735938   36.8954709
  25.1720192   36.8955709
  25.1704467   36.8956909
  25.1688768   36.8958307
  25.1673098   36.8959904
  25.1657462   36.8961699
  25.1653896   36.8962132
  25.1643105   36.8963509
  25.1632822   36.8959739
  25.1618442   36.8954684
  25.1612693   36.8952749
  25.1612048   36.8952518
  25.1597536   36.8947542
  25.1582927   36.894275
  25.1568225   36.8938143
  25.1553433   36.8933723
  25.1541716   36.8930389
  25.1537181   36.8925054
  25.152809    36.8914716
  25.1518796   36.8904494
  25.1509301   36.8894392
  25.1499607   36.8884411
  25.1489716   36.8874553
  25.1479632   36.8864822
  25.1469357   36.885522
  25.1458892   36.8845749
  25.1448242   36.8836411
  25.1437408   36.8827209
  25.1426393   36.8818146
  25.1415201   36.8809223
  25.1403833   36.8800443
  25.1392293   36.8791808
  25.1380583   36.8783319
  25.1368707   36.8774981
  25.1356667   36.8766793
  25.1344467   36.8758759
  25.133211    36.875088
  25.1319597   36.8743159
  25.1306934   36.8735597
  25.1294123   36.8728196
  25.1281167   36.8720959
  25.1268069   36.8713886
  25.1254833   36.870698
  25.1241462   36.8700242
  25.1227959   36.8693675
  25.1214328   36.8687279
  25.1200572   36.8681057
  25.1186695   36.8675009
  25.11727     36.8669138
  25.115859    36.8663445
  25.114437    36.8657932
  25.1130042   36.8652599
  25.1129545   36.8652418
  25.1115148   36.8647279
  25.1100651   36.8642323
  25.1086059   36.863755
  25.1071373   36.8632962
  25.10566     36.8628561
  25.1041741   36.8624347
  25.10268     36.8620321
  25.1011783   36.8616484
  25.0996691   36.8612837
  25.0981529   36.8609382
  25.0966301   36.8606119
  25.095101    36.8603048
  25.0935661   36.8600171
  25.0920257   36.8597488
  25.0904801   36.8595001
  25.0889299   36.8592708
  25.0873753   36.8590612
  25.0858168   36.8588713
  25.0842547   36.8587011
  25.0826895   36.8585507
  25.0811215   36.85842
  25.0795511   36.8583092
  25.0779787   36.8582182
  25.0764047   36.8581471
  25.0748296   36.8580959
  25.0732536   36.8580646
  25.0716771   36.8580533
  25.0701007   36.8580618
  25.0685246   36.8580903
  25.0669493   36.8581387
  25.0653751   36.858207
  25.0638024   36.8582952
  25.0622317   36.8584032
  25.0606634   36.8585311
  25.0590977   36.8586787
  25.0575352   36.8588462
  25.0559762   36.8590333
  25.054421    36.8592402
  25.0528701   36.8594666
  25.0513239   36.8597126
  25.0497828   36.8599782
  25.048247    36.8602631
  25.048134    36.8602849
  25.0466236   36.8605852
  25.0451191   36.8609044
  25.0436211   36.8612422
  25.0421299   36.8615988
  25.0406457   36.8619738
  25.0391691   36.8623674
  25.0377003   36.8627793
  25.0362397   36.8632095
  25.0347877   36.8636578
  25.0333446   36.8641242
  25.0319107   36.8646086
  25.0304865   36.8651107
  25.0290722   36.8656306
  25.0276682   36.866168
  25.0262749   36.8667229
  25.0248926   36.8672951
  25.0235215   36.8678845
  25.0221622   36.8684909
  25.0208148   36.8691142
  25.0194797   36.8697542
  25.0181573   36.8704107
  25.0168478   36.8710837
  25.0157638   36.87166
  25.0142853   36.8714121
  25.012762    36.8711764
  25.0112343   36.8709596
  25.0097026   36.8707618
  25.0081672   36.8705832
  25.0074867   36.8705083
  25.0059037   36.8703444
  25.0056898   36.870325
  25.0044959   36.8698764
  25.0030752   36.8693641
  25.0016447   36.8688695
  25.0002048   36.8683929
  24.9987557   36.8679343
  24.9972978   36.8674938
  24.9958315   36.8670717
  24.9943571   36.8666678
  24.9928751   36.8662825
  24.9913857   36.8659157
  24.9898894   36.8655675
  24.9883864   36.8652381
  24.9868772   36.8649275
  24.9853621   36.8646357
  24.9838415   36.864363
  24.9823157   36.8641092
  24.9807852   36.8638745
  24.9792503   36.863659
  24.9777114   36.8634627
  24.9761688   36.8632856
  24.974623    36.8631278
  24.9730743   36.8629894
  24.9715231   36.8628703
  24.9699697   36.8627705
  24.9684146   36.8626902
  24.9668581   36.8626294
  24.966163    36.8626109
  24.9648791   36.8625618
  24.963315    36.8625217
  24.9617504   36.8625013
  24.9606043   36.8624935
  24.9589921   36.8624929
  24.9573801   36.8625132
  24.9557688   36.8625543
  24.9541585   36.8626162
  24.9525497   36.8626989
  24.9509427   36.8628023
  24.949338    36.8629266
  24.9477361   36.8630715
  24.9461373   36.8632371
  24.944542    36.8634234
  24.9429507   36.8636303
  24.9413638   36.8638577
  24.9397817   36.8641055
  24.9382048   36.8643738
  24.9374214   36.8645177
  24.9374152   36.8645186
  24.9358991   36.8647514
  24.9343876   36.8650029
  24.9328812   36.8652731
  24.9313801   36.8655619
  24.9298849   36.8658692
  24.9283957   36.8661951
  24.926913    36.8665392
  24.9254372   36.8669017
  24.9239685   36.8672825
  24.9225074   36.8676813
  24.9210542   36.8680982
  24.9196092   36.8685329
  24.9181728   36.8689856
  24.9167453   36.8694559
  24.915327    36.8699438
  24.9139184   36.8704492
  24.9125197   36.870972
  24.9111313   36.8715121
  24.9097534   36.8720692
  24.9083866   36.8726433
  24.9070309   36.8732342
  24.9064585   36.8734884
  24.9051098   36.8740982
  24.903773    36.8747247
  24.9024486   36.8753677
  24.9011368   36.876027
  24.8998379   36.8767026
  24.8985523   36.8773942
  24.8972803   36.8781016
  24.8960222   36.8788248
  24.8947782   36.8795635
  24.8935487   36.8803175
  24.892334    36.8810867
  24.8911344   36.8818709
  24.8899501   36.8826699
  24.8887815   36.8834834
  24.8876288   36.8843114
  24.8864923   36.8851536
  24.8853723   36.8860097
  24.884269    36.8868797
  24.8831828   36.8877632
  24.8821138   36.8886601
  24.8810623   36.8895702
  24.8800287   36.8904931
  24.8794649   36.8910125
  24.8789894   36.8914258
  24.8779475   36.89236
  24.8769241   36.8933073
  24.8759194   36.8942672
  24.8749336   36.8952396
  24.873967    36.8962242
  24.8730199   36.8972208
  24.8720924   36.8982292
  24.8711848   36.899249
  24.8702973   36.9002801
  24.8694301   36.9013222
  24.8685835   36.902375
  24.8677576   36.9034382
  24.8669526   36.9045117
  24.8661688   36.9055952
  24.8654064   36.9066883
  24.8646655   36.9077908
  24.8639463   36.9089025
  24.863249    36.910023
  24.8625737   36.9111521
  24.8619207   36.9122895
  24.86129     36.913435
  24.8606819   36.9145882
  24.8600965   36.9157488
  24.8595339   36.9169167
  24.8589943   36.9180914
  24.8584778   36.9192727
  24.8582026   36.9199336
  24.8578357   36.9190177
  24.857236    36.9178564
  24.8566135   36.9167027
  24.8559684   36.915557
  24.8553008   36.9144196
  24.8546109   36.9132906
  24.8538988   36.9121705
  24.8531648   36.9110595
  24.852409    36.9099578
  24.8516316   36.9088658
  24.8508328   36.9077836
  24.8500128   36.9067117
  24.8491717   36.9056501
  24.8483099   36.9045993
  24.8474275   36.9035595
  24.8465248   36.9025308
  24.8456019   36.9015137
  24.8446591   36.9005083
  24.8436966   36.8995148
  24.8427146   36.8985336
  24.8417135   36.8975649
  24.8406935   36.8966088
  24.8396547   36.8956658
  24.8385975   36.8947359
  24.8375221   36.8938194
  24.8364886   36.8929659
  24.8354537   36.8920468
  24.8351174   36.8916782
  24.8341663   36.8906694
  24.8331953   36.8896728
  24.8327754   36.8892557
  24.8324127   36.8877586
  24.8320848   36.8865275
  24.8317327   36.8853006
  24.8313565   36.8840784
  24.8309561   36.882861
  24.8305319   36.8816488
  24.8300838   36.880442
  24.829612    36.8792411
  24.8291166   36.8780462
  24.8285976   36.8768577
  24.8280554   36.8756759
  24.8274899   36.8745011
  24.8269013   36.8733335
  24.8262897   36.8721735
  24.8256554   36.8710213
  24.8249985   36.8698772
  24.8243191   36.8687415
  24.8236174   36.8676146
  24.8228936   36.8664966
  24.8221478   36.8653878
  24.8213803   36.8642886
  24.8205912   36.8631992
  24.8197808   36.8621199
  24.8189492   36.8610509
  24.8180966   36.8599925
  24.8172232   36.858945
  24.8163294   36.8579086
  24.8154152   36.8568836
  24.814481    36.8558703
  24.8135269   36.8548688
  24.8125532   36.8538795
  24.8115601   36.8529026
  24.8105479   36.8519383
  24.8095168   36.8509869
  24.8084671   36.8500487
  24.807399    36.8491237
  24.8063129   36.8482124
  24.8052089   36.8473148
  24.8037138   36.8461416
  24.8025777   36.8452743
  24.8014246   36.8444214
  24.800255    36.8435831
  24.799069    36.8427597
  24.797867    36.8419512
  24.7966492   36.841158
  24.795416    36.8403802
  24.7941676   36.839618
  24.7929045   36.8388716
  24.7916268   36.8381413
  24.7903349   36.837427
  24.7890292   36.8367291
  24.7877099   36.8360478
  24.7863773   36.8353831
  24.785466    36.8349443
  24.7846478   36.8344553
  24.7833842   36.8337244
  24.7821065   36.8330093
  24.7815204   36.8326921
  24.7810776   36.8324284
  24.7798003   36.8316923
  24.7785086   36.8309724
  24.7772029   36.8302688
  24.7758835   36.8295819
  24.7745507   36.8289117
  24.7732049   36.8282583
  24.7718464   36.8276221
  24.7704755   36.827003
  24.7690926   36.8264014
  24.767698    36.8258172
  24.7662921   36.8252508
  24.7648752   36.8247021
  24.7634477   36.8241714
  24.7620099   36.8236587
  24.7605621   36.8231643
  24.7591049   36.8226882
  24.7576384   36.8222306
  24.7561631   36.8217915
  24.7546793   36.8213711
  24.7531874   36.8209695
  24.7516878   36.8205867
  24.7501809   36.8202229
  24.7486669   36.8198782
  24.7471176   36.8195469
  24.7478081   36.8185616
  24.7485472   36.8174676
  24.7492648   36.8163646
  24.749961    36.8152527
  24.7506354   36.8141322
  24.751288    36.8130034
  24.7519186   36.8118667
  24.752527    36.8107222
  24.7531131   36.8095703
  24.7536767   36.8084111
  24.7542177   36.8072451
  24.7547359   36.8060724
  24.7552314   36.8048935
  24.7557038   36.8037084
  24.7561531   36.8025176
  24.7567013   36.8009593
  24.7572686   36.7998774
  24.7578489   36.7987205
  24.7584066   36.7975564
  24.7589416   36.7963854
  24.7594536   36.7952079
  24.7599427   36.7940242
  24.7604087   36.7928344
  24.7608514   36.7916389
  24.7612708   36.7904381
  24.7616667   36.7892321
  24.7620391   36.7880214
  24.7623879   36.7868061
  24.762713    36.7855865
  24.7630142   36.7843631
  24.7632917   36.783136
  24.7635451   36.7819055
  24.7637746   36.780672
  24.7639801   36.7794358
  24.7641614   36.7781972
  24.7643186   36.7769564
  24.7644516   36.7757138
  24.7645604   36.7744697
  24.7646449   36.7732243
  24.7647052   36.771978
  24.7647413   36.7707311
  24.764753    36.7694838
  24.7647483   36.7690148
  24.7650199   36.7679811
  24.7653192   36.7667458
  24.7655942   36.7655069
  24.7658449   36.7642646
  24.7660711   36.7630193
  24.7662728   36.7617713
  24.76645     36.7605209
  24.7666026   36.7592684
  24.7667306   36.7580141
  24.766834    36.7567583
  24.7669126   36.7555013
  24.7669666   36.7542435
  24.7669958   36.7529852
  24.7670004   36.7517266
  24.7669802   36.750468
  24.7669353   36.7492099
  24.7668657   36.7479525
  24.7667714   36.7466961
  24.7666524   36.745441
  24.7665088   36.7441875
  24.7663406   36.742936
  24.7661479   36.7416868
  24.7659306   36.7404401
  24.7656889   36.7391963
  24.7654228   36.7379557
  24.7651324   36.7367185
  24.7648177   36.7354852
  24.7644691   36.7342187
  24.7641083   36.7330002
  24.7637237   36.7317865
  24.7633154   36.7305777
  24.7628836   36.7293741
  24.7624283   36.7281761
  24.7619496   36.7269839
  24.7614478   36.7257978
  24.7609228   36.7246182
  24.7603749   36.7234453
  24.7598041   36.7222794
  24.7592107   36.7211208
  24.7585947   36.7199697
  24.7579562   36.7188265
  24.7572956   36.7176914
  24.7566128   36.7165648
  24.7559082   36.7154468
  24.7551817   36.7143378
  24.7544338   36.713238
  24.7536644   36.7121478
  24.7528738   36.7110673
  24.7520623   36.7099968
  24.7512299   36.7089367
  24.750377    36.7078871
  24.7495036   36.7068483
  24.7486101   36.7058206
  24.7476966   36.7048042
  24.7467634   36.7037994
  24.7458107   36.7028065
  24.7448387   36.7018256
  24.7438477   36.7008569
  24.7428379   36.6999009
  24.7418095   36.6989576
  24.7410338   36.6982606
  24.7399693   36.6973251
  24.7388865   36.6964031
  24.7377857   36.6954951
  24.736667    36.694601
  24.7355309   36.6937213
  24.7343776   36.6928561
  24.7332073   36.6920056
  24.7320204   36.6911701
  24.7308171   36.6903497
  24.7295978   36.6895446
  24.7283628   36.6887552
  24.7271124   36.6879815
  24.7258468   36.6872237
  24.7245665   36.6864821
  24.7232717   36.6857569
  24.7219627   36.6850481
  24.7206399   36.684356
  24.7193037   36.6836808
  24.7179542   36.6830226
  24.716592    36.6823817
  24.7158231   36.6820329
  24.7151875   36.6816662
  24.7139027   36.6809493
  24.7126041   36.6802487
  24.7112919   36.6795644
  24.7099666   36.6788967
  24.7086283   36.6782458
  24.7072775   36.6776118
  24.7059144   36.6769948
  24.7045395   36.6763951
  24.703153    36.6758127
  24.7018659   36.6752925
  24.7011216   36.6749366
  24.6997741   36.6743148
  24.6984147   36.6737099
  24.6970437   36.673122
  24.6956615   36.6725514
  24.6942683   36.671998
  24.6928292   36.6714492
  24.6918349   36.6710144
  24.6904555   36.6704312
  24.6890649   36.6698653
  24.6876635   36.6693169
  24.6862515   36.6687862
  24.6848294   36.6682732
  24.6833975   36.667778
  24.6819561   36.6673009
  24.6805056   36.6668419
  24.6790463   36.6664011
  24.6775786   36.6659787
  24.6761029   36.6655747
  24.6746195   36.6651892
  24.6731288   36.6648223
  24.6716138   36.6644703
  24.6700896   36.6641368
  24.668559    36.6638227
  24.6670225   36.663528
  24.6654803   36.6632529
  24.6639329   36.6629974
  24.6623806   36.6627615
  24.6609752   36.6625649
  24.6594058   36.6623632
  24.6577258   36.6621684
  24.6561648   36.6620082
  24.6546008   36.6618678
  24.6530342   36.6617472
  24.6514655   36.6616464
  24.649895    36.6615654
  24.6483231   36.6615044
  24.6467502   36.6614632
  24.6451766   36.6614419
  24.6436029   36.6614405
  24.6420293   36.661459
  24.6404563   36.6614974
  24.6388842   36.6615557
  24.6381213   36.6615937
  24.6374489   36.6603372
  24.6368037   36.6591859
  24.636136    36.6580427
  24.6354459   36.6569082
  24.6347335   36.6557825
  24.6339991   36.654666
  24.6332429   36.6535588
  24.6322615   36.6521844
  24.6315139   36.650782
  24.6308763   36.6496444
  24.6302167   36.6485148
  24.6295353   36.6473936
  24.6288321   36.646281
  24.6281075   36.6451773
  24.6268954   36.6433874
  24.6261028   36.6422683
  24.625288    36.6411596
  24.624451    36.6400615
  24.6235922   36.6389743
  24.6227117   36.6378983
  24.6218098   36.6368338
  24.6208867   36.6357811
  24.6199426   36.6347404
  24.6189778   36.633712
  24.6179925   36.6326961
  24.616987    36.6316931
  24.6165909   36.6313107
  24.6156257   36.6302278
  24.6146884   36.6292123
  24.6137313   36.6282088
  24.6127546   36.6272175
  24.6117585   36.6262386
  24.6107433   36.6252725
  24.6097092   36.6243194
  24.6086566   36.6233795
  24.6075856   36.6224529
  24.6064965   36.6215401
  24.6056436   36.6208474
  24.6048586   36.620053
  24.6038737   36.6190876
  24.6028702   36.6181345
  24.6018484   36.6171941
  24.6008084   36.6162666
  24.5997505   36.6153521
  24.598675    36.614451
  24.5975822   36.6135635
  24.5964722   36.6126897
  24.5953455   36.6118298
  24.5942022   36.6109842
  24.5930426   36.6101529
  24.5918671   36.6093363
  24.5906758   36.6085344
  24.5894692   36.6077475
  24.5877407   36.6066608
  24.5864996   36.6059017
  24.5852438   36.6051583
  24.5839738   36.6044307
  24.5826897   36.6037191
  24.5813919   36.6030237
  24.5800808   36.6023447
  24.5787566   36.6016822
  24.5774196   36.6010364
  24.5760702   36.6004075
  24.5747088   36.5997956
  24.5733356   36.5992008
  24.571951    36.5986233
  24.5705553   36.5980632
  24.5691489   36.5975208
  24.5677321   36.596996
  24.5663053   36.5964891
  24.5648687   36.5960002
  24.5634229   36.5955293
  24.561968    36.5950766
  24.5605045   36.5946423
  24.5590327   36.5942264
  24.5574386   36.593799
  24.5559428   36.5934181
  24.5544398   36.5930561
  24.5529298   36.5927131
  24.5514134   36.5923892
  24.5498907   36.5920846
  24.5483623   36.5917991
  24.5468285   36.591533
  24.5452897   36.5912863
  24.5437462   36.591059
  24.5421985   36.5908512
  24.5406469   36.590663
  24.5390918   36.5904944
  24.5375336   36.5903455
  24.5359727   36.5902162
  24.5344094   36.5901066
  24.5327061   36.5900107
  24.5314853   36.5896058
  24.5300399   36.5891475
  24.5285858   36.5887072
  24.5271233   36.5882852
  24.5255459   36.5878529
  24.5240189   36.5874553
  24.5224841   36.5870775
  24.520942    36.5867195
  24.5201541   36.5865475
  24.5195457   36.5862885
  24.5181498   36.5857166
  24.5167428   36.5851623
  24.5153252   36.5846259
  24.5138972   36.5841073
  24.5124594   36.5836069
  24.5110119   36.5831246
  24.5095551   36.5826606
  24.5080895   36.5822151
  24.5066153   36.581788
  24.5051329   36.5813796
  24.5036428   36.58099
  24.5021452   36.5806192
  24.5006406   36.5802673
  24.4991293   36.5799344
  24.4976116   36.5796206
  24.496088    36.5793259
  24.4945588   36.5790506
  24.4930244   36.5787945
  24.4914852   36.5785578
  24.4899416   36.5783405
  24.4883939   36.5781427
  24.4868426   36.5779645
  24.4852879   36.5778058
  24.4837304   36.5776668
  24.4821703   36.5775474
  24.480608    36.5774477
  24.479044    36.5773677
  24.4774787   36.5773074
  24.4759123   36.5772669
  24.4743454   36.5772461
  24.4727782   36.5772451
  24.4712113   36.5772638
  24.4696448   36.5773023
  24.4680793   36.5773606
  24.4665152   36.5774385
  24.4649528   36.5775362
  24.4633924   36.5776536
  24.4618346   36.5777906
  24.4602796   36.5779472
  24.4587279   36.5781234
  24.4571231   36.5783098
  24.4555748   36.5785088
  24.4540307   36.5787273
  24.452611    36.5789459
  24.4510757   36.5792017
  24.4501162   36.5793742
  24.4483249   36.5791524
  24.4467529   36.5789808
  24.4451776   36.5788293
  24.4435996   36.5786979
  24.4420192   36.5785867
  24.4402537   36.5784875
  24.4391898   36.5782451
  24.4375673   36.5778963
  24.4360507   36.5775875
  24.4345282   36.5772977
  24.4330003   36.5770272
  24.4314674   36.576776
  24.4298209   36.5765226
  24.4283012   36.5763085
  24.4267775   36.5761133
  24.4252503   36.5759371
  24.4237198   36.5757798
  24.4221865   36.5756416
  24.4206507   36.5755224
  24.4191128   36.5754223
  24.4175731   36.5753412
  24.4160321   36.5752793
  24.4144901   36.5752366
  24.4129474   36.5752129
  24.4114045   36.5752085
  24.4098617   36.5752232
  24.4083193   36.575257
  24.4067778   36.57531
  24.4052944   36.5753794
  24.4036272   36.5750896
  24.4020772   36.5748423
  24.4005224   36.5746146
  24.3989634   36.5744068
  24.3974005   36.5742188
  24.395834    36.5740507
  24.3942645   36.5739025
  24.3926922   36.5737744
  24.3908022   36.5736486
  24.3900156   36.5729479
  24.3889557   36.572033
  24.3878781   36.5711314
  24.3867832   36.5702434
  24.3856711   36.5693692
  24.3845422   36.568509
  24.3833968   36.567663
  24.3822351   36.5668315
  24.3810574   36.5660146
  24.3798639   36.5652125
  24.3786551   36.5644255
  24.3774311   36.5636537
  24.3761923   36.5628973
  24.374939    36.5621566
  24.3736714   36.5614315
  24.37239     36.5607225
  24.3710949   36.5600295
  24.3697865   36.5593529
  24.3684652   36.5586927
  24.3671312   36.5580492
  24.3657848   36.5574224
  24.3644265   36.5568125
  24.3630565   36.5562197
  24.3616752   36.5556442
  24.3602829   36.555086
  24.3588799   36.5545453
  24.3574694   36.5540229
  24.3560759   36.5535275
  24.3546732   36.5530493
  24.3532615   36.5525883
  24.3518413   36.5521447
  24.3504127   36.5517185
  24.3489763   36.5513099
  24.3475322   36.550919
  24.3460809   36.5505459
  24.3446226   36.5501905
  24.3431578   36.5498531
  24.3415978   36.549515
  24.3400616   36.549202
  24.3385195   36.5489086
  24.3369717   36.5486349
  24.3354187   36.548381
  24.3338609   36.548147
  24.3322986   36.5479328
  24.3307323   36.5477386
  24.3291624   36.5475644
  24.3275892   36.5474102
  24.3260132   36.5472761
  24.3244347   36.5471621
  24.3228542   36.5470683
  24.321272    36.5469947
  24.3196886   36.5469412
  24.3181043   36.546908
  24.3165196   36.5468949
  24.3149348   36.5469021
  24.3133503   36.5469295
  24.3117666   36.5469771
  24.310184    36.5470448
  24.3086029   36.5471328
  24.3070238   36.5472409
  24.3054471   36.5473691
  24.303873    36.5475175
  24.3023021   36.5476859
  24.3007347   36.5478743
  24.2991713   36.5480826
  24.2976121   36.5483109
  24.2960577   36.5485591
  24.2945083   36.548827
  24.2929645   36.5491147
  24.2914265   36.549422
  24.2898948   36.5497489
  24.2883698   36.5500952
  24.2868518   36.550461
  24.2853412   36.5508461
  24.2838384   36.5512504
  24.2823438   36.5516739
  24.281735    36.5518508
  24.2800477   36.5523608
  24.278605    36.5528181
  24.2771713   36.5532934
  24.2757469   36.5537865
  24.2743323   36.5542973
  24.2729277   36.5548257
  24.2715335   36.5553716
  24.2701501   36.5559348
  24.2687776   36.5565152
  24.2674166   36.5571127
  24.2660673   36.557727
  24.2647301   36.5583581
  24.2634052   36.5590059
  24.262093    36.5596701
  24.2607938   36.5603505
  24.259508    36.5610471
  24.2582357   36.5617597
  24.2569774   36.562488
  24.2557334   36.563232
  24.2545039   36.5639913
  24.2532892   36.564766
  24.2520896   36.5655556
  24.2509055   36.5663602
  24.2497371   36.5671794
  24.2485847   36.5680131
  24.2474485   36.568861
  24.2465781   36.5695312
  24.2467779   36.5684696
  24.2469865   36.5672307
  24.2472086   36.5656987
  24.2475507   36.5641437
  24.2477952   36.5628946
  24.2480153   36.5616425
  24.2482107   36.5603877
  24.2483814   36.5591306
  24.2485274   36.5578715
  24.2486487   36.5566107
  24.2487453   36.5553484
  24.248817    36.5540851
  24.2488639   36.552821
  24.248886    36.5515565
  24.2488833   36.5502918
  24.2488557   36.5490273
  24.2488033   36.5477632
  24.2487261   36.5465
  24.2486242   36.5452379
  24.2484974   36.5439772
  24.248346    36.5427182
  24.2481698   36.5414613
  24.247969    36.5402068
  24.2477436   36.538955
  24.2474936   36.5377061
  24.2472191   36.5364606
  24.2469203   36.5352186
  24.2465971   36.5339806
  24.2462496   36.5327468
  24.245878    36.5315176
  24.2454823   36.5302932
  24.2450626   36.5290739
  24.244619    36.5278601
  24.2441517   36.526652
  24.2436607   36.52545
  24.2431462   36.5242544
  24.2426082   36.5230654
  24.2420471   36.5218833
  24.2414627   36.5207085
  24.2408554   36.5195413
  24.2402253   36.5183818
  24.2395725   36.5172305
  24.2388972   36.5160875
  24.2381995   36.5149533
  24.2374797   36.513828
  24.2367379   36.512712
  24.2359742   36.5116055
  24.235189    36.5105088
  24.2343823   36.5094221
  24.2335544   36.5083458
  24.2327055   36.5072802
  24.2318358   36.5062254
  24.2309455   36.5051817
  24.2300349   36.5041495
  24.2290332   36.5030495
  24.2280936   36.5020521
  24.2271348   36.5010665
  24.226157    36.5000931
  24.2251604   36.499132
  24.2241453   36.4981836
  24.2231119   36.4972479
  24.2218806   36.4961699
  24.2207912   36.4952437
  24.2196837   36.4943315
  24.2185582   36.4934335
  24.2174152   36.4925501
  24.2162549   36.4916813
  24.2150775   36.4908274
  24.2138834   36.4899887
  24.212673    36.4891653
  24.2114463   36.4883575
  24.2102039   36.4875654
  24.208946    36.4867893
  24.2076729   36.4860293
  24.206385    36.4852857
  24.2050825   36.4845586
  24.2037659   36.4838482
  24.2024353   36.4831548
  24.2010912   36.4824784
  24.199734    36.4818192
  24.1983639   36.4811775
  24.1969813   36.4805534
  24.1955865   36.4799469
  24.1941799   36.4793584
  24.1927619   36.4787879
  24.1912464   36.4782035
  24.190578    36.4779289
  24.1891847   36.4773782
  24.1877808   36.4768449
  24.1863669   36.4763293
  24.1847217   36.4757573
  24.1838001   36.4754218
  24.1823606   36.4749196
  24.1809114   36.4744357
  24.179453    36.4739701
  24.1779857   36.473523
  24.1760919   36.4729791
  24.1755565   36.4728161
  24.1740867   36.4723897
  24.1726088   36.4719817
  24.1711231   36.4715925
  24.16963     36.471222
  24.1681299   36.4708703
  24.1666231   36.4705375
  24.16511     36.4702238
  24.163591    36.4699291
  24.1620665   36.4696536
  24.1605368   36.4693973
  24.1590022   36.4691603
  24.1574633   36.4689426
  24.1559203   36.4687444
  24.1543737   36.4685656
  24.1528237   36.4684062
  24.1512708   36.4682664
  24.1497154   36.4681462
  24.1481579   36.4680456
  24.1465986   36.4679646
  24.1450379   36.4679032
  24.1434762   36.4678615
  24.1419139   36.4678394
  24.1403513   36.467837
  24.1387889   36.4678543
  24.137227    36.4678913
  24.135666    36.4679479
  24.1341063   36.4680241
  24.1325483   36.46812
  24.1309924   36.4682355
  24.1294389   36.4683705
  24.1278882   36.4685251
  24.1263407   36.4686992
  24.1247968   36.4688927
  24.1232568   36.4691057
  24.1217212   36.469338
  24.1201902   36.4695896
  24.1186644   36.4698604
  24.117144    36.4701505
  24.1156295   36.4704596
  24.1141212   36.4707877
  24.1126194   36.4711348
  24.1111246   36.4715008
  24.109637    36.4718855
  24.1081572   36.4722889
  24.1066854   36.4727109
  24.105222    36.4731513
  24.1037673   36.4736102
  24.1023217   36.4740872
  24.1008856   36.4745824
  24.0994594   36.4750956
  24.0980433   36.4756267
  24.0966377   36.4761756
  24.0952429   36.476742
  24.0938594   36.477326
  24.0924874   36.4779273
  24.0911272   36.4785458
  24.0897793   36.4791813
  24.0884439   36.4798337
  24.0871214   36.4805028
  24.085812    36.4811885
  24.0845162   36.4818906
  24.0831067   36.4826801
  24.0817897   36.4834443
  24.0804884   36.4842257
  24.079203    36.485024
  24.077934    36.485839
  24.0766303   36.4867051
  24.0754335   36.487526
  24.0742529   36.4883619
  24.0730889   36.4892127
  24.0719416   36.490078
  24.0708115   36.4909579
  24.0696988   36.4918519
  24.0686037   36.4927598
  24.0675266   36.4936816
  24.0664677   36.4946168
  24.0654272   36.4955654
  24.0644054   36.496527
  24.0634027   36.4975014
  24.0624191   36.4984884
  24.0614551   36.4994877
  24.0605107   36.500499
  24.0595863   36.5015222
  24.058682    36.502557
  24.0577982   36.5036031
  24.056935    36.5046602
  24.0560926   36.5057281
  24.0552712   36.5068066
  24.0544711   36.5078953
  24.0536925   36.508994
  24.0529355   36.5101024
  24.0522003   36.5112202
  24.0514871   36.5123472
  24.0507961   36.5134831
  24.0501274   36.5146275
  24.0494813   36.5157803
  24.0488579   36.5169411
  24.0482573   36.5181096
  24.0476797   36.5192856
  24.0471252   36.5204687
  24.046594    36.5216587
  24.0460862   36.5228552
  24.0456019   36.524058
  24.0451413   36.5252668
  24.0447044   36.5264812
  24.0442914   36.527701
  24.0438914   36.5289617
  24.0435235   36.5302017
  24.0431801   36.5314462
  24.0428614   36.5326949
  24.0425675   36.5339475
  24.0422983   36.5352037
  24.042054    36.5364631
  24.0418347   36.5377255
  24.0416404   36.5389905
  24.0414711   36.5402578
  24.0413269   36.5415271
  24.0412078   36.542798
  24.0411139   36.5440703
  24.0410451   36.5453436
  24.0410016   36.5466176
  24.0409833   36.547892
  24.0409901   36.5491664
  24.0410222   36.5504405
  24.0410795   36.5517141
  24.041162    36.5529867
  24.0412696   36.5542581
  24.0414024   36.555528
  24.0415602   36.556796
  24.0417432   36.5580617
  24.0419512   36.559325
  24.0421841   36.5605854
  24.0424475   36.5618729
  24.0427269   36.5631139
  24.0430306   36.5643511
  24.0433585   36.5655844
  24.0437104   36.5668133
  24.0440864   36.5680377
  24.0444863   36.5692571
  24.0449101   36.5704713
  24.0453575   36.5716799
  24.0458286   36.5728828
  24.0463232   36.5740795
  24.0468412   36.5752698
  24.0473824   36.5764534
  24.0479467   36.57763
  24.048534    36.5787993
  24.0491442   36.5799611
  24.049777    36.5811149
  24.0504323   36.5822606
  24.05111     36.5833979
  24.0518099   36.5845265
  24.0525318   36.585646
  24.0532755   36.5867563
  24.0540409   36.5878571
  24.0545571   36.5885726
  24.0548773   36.5891777
  24.0555215   36.590343
  24.0561887   36.5914999
  24.0568788   36.5926481
  24.0575914   36.5937874
  24.0583266   36.5949174
  24.0590841   36.5960378
  24.0598637   36.5971484
  24.0606652   36.5982489
  24.0614883   36.599339
  24.062333    36.6004184
  24.063199    36.6014869
  24.064086    36.6025442
  24.0649938   36.60359
  24.0659223   36.6046241
  24.0668711   36.6056462
  24.0678401   36.606656
  24.068829    36.6076533
  24.0698375   36.6086378
  24.0708653   36.6096094
  24.0719123   36.6105676
  24.0729782   36.6115124
  24.0740626   36.6124434
  24.0751654   36.6133604
  24.0762862   36.6142633
  24.0774247   36.6151517
  24.0785807   36.6160254
  24.0800722   36.617121
  24.0812656   36.6179671
  24.0824757   36.6187978
  24.0837022   36.6196128
  24.0849447   36.6204121
  24.0862029   36.6211953
  24.0874766   36.6219623
  24.0887653   36.622713
  24.0900688   36.623447
  24.0913867   36.6241642
  24.0927187   36.6248644
  24.0940644   36.6255476
  24.0954236   36.6262133
  24.0967958   36.6268616
  24.0981807   36.6274923
  24.099578    36.6281051
  24.1009872   36.6287
  24.1026485   36.6293723
  24.1040831   36.6299317
  24.1055287   36.6304726
  24.1069849   36.630995
  24.1084513   36.6314985
  24.1099275   36.6319832
  24.1114132   36.632449
  24.112908    36.6328956
  24.1144114   36.6333229
  24.1159232   36.633731
  24.117443    36.6341196
  24.1189702   36.6344886
  24.1205047   36.6348381
  24.1220458   36.6351678
  24.1235934   36.6354777
  24.1251469   36.6357677
  24.126706    36.6360378
  24.1282703   36.6362878
  24.1298394   36.6365178
  24.1314128   36.6367276
  24.1329902   36.6369172
  24.1345712   36.6370866
  24.1361554   36.6372356
  24.1377423   36.6373643
  24.1393316   36.6374727
  24.1409229   36.6375607
  24.1425157   36.6376283
  24.1441096   36.6376754
  24.1457043   36.6377021
  24.1476517   36.6377124
  24.1492121   36.6376992
  24.1507721   36.6376663
  24.1523312   36.6376139
  24.1538891   36.637542
  24.1554454   36.6374505
  24.1569998   36.6373396
  24.1585517   36.6372091
  24.160101    36.6370592
  24.1616472   36.6368898
  24.1631898   36.6367011
  24.1647286   36.6364931
  24.1662632   36.6362658
  24.1677931   36.6360192
  24.1693181   36.6357535
  24.1708377   36.6354687
  24.1723515   36.6351649
  24.1738593   36.6348421
  24.1753605   36.6345005
  24.176855    36.63414
  24.1783422   36.6337609
  24.1798219   36.6333631
  24.1812936   36.6329468
  24.1827571   36.6325121
  24.1842119   36.6320591
  24.1856577   36.6315879
  24.1870941   36.6310986
  24.1885208   36.6305914
  24.1903232   36.6299264
  24.191724    36.6293858
  24.1931141   36.6288279
  24.1944932   36.6282526
  24.195861    36.6276601
  24.1972171   36.6270506
  24.1985612   36.6264243
  24.199893    36.6257812
  24.2012122   36.6251216
  24.2025184   36.6244455
  24.2038113   36.6237532
  24.2050907   36.6230448
  24.2063561   36.6223205
  24.2076074   36.6215805
  24.2088441   36.6208249
  24.2100661   36.620054
  24.2112729   36.6192678
  24.2124643   36.6184667
  24.2136401   36.6176508
  24.2147999   36.6168202
  24.2159434   36.6159753
  24.2167203   36.6153831
  24.216387    36.6167007
  24.2160973   36.6179532
  24.2158324   36.6192092
  24.2155925   36.6204684
  24.2153775   36.6217304
  24.2151876   36.6229951
  24.2150227   36.6242619
  24.214883    36.6255308
  24.2147684   36.6268012
  24.214679    36.6280728
  24.2146148   36.6293455
  24.2145758   36.6306188
  24.214562    36.6318924
  24.2145735   36.633166
  24.2146102   36.6344392
  24.2146722   36.6357118
  24.2147593   36.6369835
  24.2148716   36.6382538
  24.2150091   36.6395225
  24.2151717   36.6407893
  24.2153629   36.6420801
  24.2155745   36.6433366
  24.2158109   36.6445902
  24.216072    36.6458406
  24.2163577   36.6470875
  24.216668    36.6483307
  24.2170028   36.6495697
  24.217362    36.6508042
  24.2177455   36.6520341
  24.2178967   36.6524882
  24.2177222   36.6540859
  24.2176148   36.6553457
  24.2175325   36.6565899
  24.2174756   36.6578003
  24.2174415   36.6590113
  24.2174303   36.6602225
  24.2174419   36.6614337
  24.2174764   36.6626447
  24.2175336   36.663855
  24.2175711   36.664421
  24.2175959   36.6654599
  24.2176507   36.6667177
  24.217769    36.6684973
  24.2178806   36.6697489
  24.2180167   36.6709989
  24.2181772   36.672247
  24.218362    36.6734929
  24.2185712   36.6747364
  24.2188046   36.675977
  24.2190623   36.6772145
  24.2193441   36.6784486
  24.21965     36.679679
  24.2199799   36.6809054
  24.2203337   36.6821275
  24.2207113   36.6833449
  24.2211127   36.6845575
  24.2215378   36.6857648
  24.2221133   36.6872882
  24.2226048   36.6886878
  24.2229658   36.6896742
  24.221512    36.68991
  24.2199991   36.690175
  24.2184916   36.6904588
  24.2169898   36.6907613
  24.215494    36.6910825
  24.2140046   36.6914222
  24.2125219   36.6917804
  24.2110464   36.692157
  24.2095783   36.692552
  24.208118    36.6929651
  24.2066659   36.6933963
  24.2052223   36.6938456
  24.2037876   36.6943127
  24.2023621   36.6947977
  24.2009461   36.6953003
  24.1995401   36.6958204
  24.1981442   36.696358
  24.1963325   36.697087
  24.1949398   36.6976668
  24.1935586   36.6982641
  24.1921893   36.6988787
  24.1908323   36.6995105
  24.1894878   36.7001593
  24.1881561   36.700825
  24.1868377   36.7015074
  24.1855329   36.7022063
  24.1842419   36.7029215
  24.1829651   36.7036529
  24.1825227   36.7039149
  24.1809173   36.7047657
  24.1796262   36.705478
  24.1783493   36.7062064
  24.1770867   36.7069508
  24.1758389   36.707711
  24.1746062   36.7084868
  24.1733887   36.709278
  24.172187    36.7100844
  24.1710011   36.7109058
  24.1698315   36.7117421
  24.1686785   36.7125929
  24.1675422   36.7134582
  24.166423    36.7143376
  24.1660318   36.7146548
  24.1647779   36.7153591
  24.1635006   36.7161009
  24.1622381   36.7168587
  24.1609907   36.7176324
  24.1597587   36.7184218
  24.1585425   36.7192267
  24.1573422   36.7200469
  24.1561583   36.7208822
  24.154991    36.7217324
  24.1538405   36.7225972
  24.1527073   36.7234765
  24.1515916   36.7243701
  24.1504936   36.7252776
  24.1494136   36.7261989
  24.1483519   36.7271338
  24.1473088   36.7280819
  24.1462845   36.7290432
  24.1451958   36.7300967
  24.1442155   36.7310775
  24.1432546   36.7320705
  24.1423133   36.7330754
  24.1413917   36.7340921
  24.1404902   36.7351202
  24.139609    36.7361596
  24.1387483   36.7372099
  24.1379082   36.7382709
  24.137089    36.7393423
  24.136291    36.7404238
  24.1355142   36.7415153
  24.1347589   36.7426164
  24.1340253   36.7437268
  24.1333136   36.7448464
  24.1326239   36.7459747
  24.1319564   36.7471116
  24.1313112   36.7482567
  24.1306886   36.7494097
  24.1300887   36.7505705
  24.1295116   36.7517386
  24.1289575   36.7529138
  24.1284265   36.7540959
  24.1279187   36.7552844
  24.1274343   36.7564792
  24.1269733   36.7576799
  24.126536    36.7588863
  24.1261223   36.760098
  24.1257325   36.7613147
  24.1253666   36.7625362
  24.1250247   36.7637621
  24.1247068   36.7649921
  24.1245486   36.7656568
  24.1241613   36.7670577
  24.1237049   36.7688355
  24.1234214   36.7700497
  24.1231613   36.7712673
  24.1229247   36.7724879
  24.1227118   36.7737113
  24.1225224   36.7749372
  24.1223567   36.7761652
  24.1222147   36.7773951
  24.1220964   36.7786266
  24.1220474   36.7792662
  24.1218964   36.7802515
  24.1217037   36.7817311
  24.1216233   36.7821078
  24.1213775   36.783383
  24.1211574   36.7846613
  24.1209632   36.7859421
  24.1207947   36.7872253
  24.1206521   36.7885105
  24.1205355   36.7897974
  24.1204448   36.7910855
  24.1203801   36.7923747
  24.1203413   36.7936645
  24.1203213   36.7969168
  24.1203374   36.7981815
  24.1203785   36.7994457
  24.1204446   36.8007092
  24.1205356   36.8019717
  24.1206396   36.8031028
  24.120663    36.8035507
  24.1207497   36.8047654
  24.1208594   36.8059789
  24.1209922   36.807191
  24.1211481   36.8084012
  24.1213269   36.8096094
  24.1215287   36.8108152
  24.1217534   36.8120184
  24.1220009   36.8132188
  24.1222712   36.8144159
  24.1225643   36.8156096
  24.12288     36.8167996
  24.1234158   36.8186544
  24.1237845   36.819861
  24.1241766   36.821063
  24.124592    36.8222598
  24.1250306   36.8234514
  24.1254923   36.8246373
  24.1259769   36.8258173
  24.1264844   36.8269911
  24.1270146   36.8281584
  24.1275675   36.829319
  24.1281428   36.8304726
  24.1287404   36.8316188
  24.1293603   36.8327574
  24.1303299   36.834454
  24.1310095   36.8356028
  24.1317118   36.8367428
  24.1324367   36.8378737
  24.133184    36.8389952
  24.1339535   36.8401071
  24.134745    36.841209
  24.1355582   36.8423006
  24.1363931   36.8433818
  24.1372494   36.8444521
  24.1381268   36.8455114
  24.1390252   36.8465594
  24.1399443   36.8475958
  24.1408839   36.8486204
  24.1420595   36.8498648
  24.1430233   36.8508492
  24.1440062   36.8518214
  24.145008    36.8527812
  24.1460285   36.8537284
  24.1470674   36.8546626
  24.1481244   36.8555836
  24.1491993   36.8564913
  24.1502918   36.8573854
  24.1514017   36.8582657
  24.1525287   36.859132
  24.1536725   36.8599841
  24.1548329   36.8608217
  24.1560095   36.8616447
  24.157202    36.8624528
  24.1584102   36.8632458
  24.1596338   36.8640237
  24.1608724   36.8647861
  24.1621259   36.8655329
  24.1633937   36.8662639
  24.1646758   36.8669789
  24.1659716   36.8676777
  24.167281    36.8683603
  24.1686036   36.8690263
  24.169939    36.8696757
  24.171287    36.8703083
  24.1726472   36.870924
  24.1740193   36.8715225
  24.1754029   36.8721037
  24.1767978   36.8726676
  24.1782035   36.8732139
  24.1796197   36.8737425
  24.1819058   36.8745674
  24.1833563   36.8750649
  24.1848164   36.875544
  24.1862858   36.8760045
  24.1877642   36.8764464
  24.1892511   36.8768695
  24.1907461   36.8772738
  24.192249    36.8776591
  24.1931791   36.8778847
  24.1948676   36.8785139
  24.1963216   36.8790301
  24.1977856   36.8795277
  24.1992594   36.8800066
  24.2007426   36.8804666
  24.2022347   36.8809077
  24.2037354   36.8813296
  24.2052444   36.8817324
  24.2067611   36.8821159
  24.2082853   36.88248
  24.2098166   36.8828247
  24.2113546   36.8831498
  24.2128988   36.8834552
  24.2149414   36.8838449
  24.2164572   36.8841187
  24.2179781   36.8843735
  24.2195037   36.8846094
  24.2210338   36.8848262
  24.222568    36.885024
  24.2241057   36.8852026
  24.2256468   36.8853621
  24.2271908   36.8855024
  24.2287373   36.8856234
  24.230286    36.8857251
  24.2318365   36.8858076
  24.2333884   36.8858707
  24.2349414   36.8859146
  24.236495    36.885939
  24.2380489   36.8859442
  24.2396027   36.8859299
  24.2411561   36.8858964
  24.2427507   36.8858425
  24.2456149   36.8857166
  24.2471726   36.8856287
  24.2487284   36.8855214
  24.250282    36.8853946
  24.2518328   36.8852484
  24.2533806   36.8850828
  24.254925    36.8848979
  24.2564656   36.8846936
  24.258002    36.8844701
  24.2595338   36.8842274
  24.2610607   36.8839656
  24.2625823   36.8836847
  24.2640982   36.8833847
  24.2656081   36.8830659
  24.2671115   36.8827282
  24.2680581   36.8825027
  24.2699253   36.882236
  24.2722619   36.881862
  24.2737858   36.8816025
  24.2753045   36.8813239
  24.2768175   36.8810265
  24.2783246   36.8807102
  24.2798253   36.8803751
  24.2813193   36.8800213
  24.2828062   36.8796489
  24.2842857   36.879258
  24.2857573   36.8788487
  24.2872208   36.878421
  24.2886758   36.8779751
  24.2901218   36.8775111
  24.2915587   36.8770291
  24.292986    36.8765293
  24.2944033   36.8760116
  24.2958104   36.8754763
  24.2972069   36.8749235
  24.2985924   36.8743534
  24.2999666   36.873766
  24.3013292   36.8731615
  24.3026798   36.87254
  24.3040181   36.8719018
  24.3053438   36.8712469
  24.3066566   36.8705756
  24.3079561   36.8698879
  24.3092421   36.8691841
  24.3105141   36.8684643
  24.311772    36.8677287
  24.3130153   36.8669775
  24.3142439   36.8662109
  24.3154573   36.8654289
  24.3166553   36.864632
  24.3178377   36.8638201
  24.319004    36.8629936
  24.3201541   36.8621526
  24.3212877   36.8612973
  24.3224044   36.860428
  24.323504    36.8595448
  24.3245863   36.858648
  24.3256509   36.8577377
  24.3266977   36.8568143
  24.3277263   36.8558779
  24.3287365   36.8549288
  24.3297281   36.8539671
  24.3307008   36.8529932
  24.3316544   36.8520072
  24.3325886   36.8510094
  24.3335033   36.85
  24.3343981   36.8489794
  24.3350573   36.848202
  24.3354608   36.8484135
  24.336768    36.8490758
  24.3380879   36.8497218
  24.339463    36.8503717
  24.3408181   36.8509893
  24.3421851   36.8515899
  24.3435636   36.8521733
  24.3449533   36.8527394
  24.346354    36.853288
  24.3477781   36.8538237
  24.3484217   36.8541478
  24.3497531   36.8547952
  24.3510969   36.8554259
  24.3524528   36.8560398
  24.3538205   36.8566366
  24.3551998   36.8572162
  24.3565901   36.8577786
  24.3579913   36.8583235
  24.3594211   36.8588577
  24.3608537   36.859371
  24.3622961   36.8598662
  24.3637481   36.8603432
  24.3652093   36.8608018
  24.3666793   36.861242
  24.3681578   36.8616637
  24.3696444   36.8620667
  24.3711388   36.862451
  24.3726405   36.8628164
  24.3741492   36.8631629
  24.3756645   36.8634903
  24.3771861   36.8637987
  24.3787135   36.8640879
  24.3802465   36.8643578
  24.3817845   36.8646084
  24.3833273   36.8648396
  24.3848744   36.8650514
  24.3864256   36.8652437
  24.3879803   36.8654164
  24.3895382   36.8655696
  24.3910989   36.8657031
  24.392662    36.865817
  24.3942272   36.8659113
  24.3957941   36.8659858
  24.3973622   36.8660406
  24.3989312   36.8660757
  24.4005007   36.866091
  24.4020704   36.8660866
  24.4036397   36.8660624
  24.4052083   36.8660185
  24.406776    36.8659549
  24.4083421   36.8658715
  24.4099064   36.8657685
  24.4114686   36.8656458
  24.4130281   36.8655035
  24.4145846   36.8653415
  24.4161377   36.86516
  24.4176871   36.864959
  24.4192324   36.8647385
  24.4207731   36.8644986
  24.4223089   36.8642394
  24.4238394   36.8639609
  24.4253643   36.8636631
  24.4268831   36.8633462
  24.4284051   36.863008
  24.4300497   36.8626192
  24.4316857   36.8622079
  24.4331243   36.8618244
  24.4334141   36.862239
  24.4342027   36.8633264
  24.4350125   36.8644037
  24.4358434   36.8654707
  24.4366952   36.8665271
  24.4375676   36.8675726
  24.4384606   36.868607
  24.4393737   36.86963
  24.4403069   36.8706413
  24.4412599   36.8716408
  24.4422324   36.8726281
  24.4432243   36.8736031
  24.4442352   36.8745654
  24.4452649   36.8755149
  24.4463131   36.8764512
  24.4473797   36.8773743
  24.4484642   36.8782838
  24.4495666   36.8791795
  24.4506864   36.8800612
  24.4518235   36.8809287
  24.4532436   36.8819723
  24.4540454   36.8827467
  24.455071    36.883706
  24.4561154   36.8846522
  24.4571784   36.8855851
  24.4582597   36.8865044
  24.459359    36.8874099
  24.4604761   36.8883014
  24.4616107   36.8891786
  24.4627624   36.8900414
  24.4639311   36.8908894
  24.4651164   36.8917226
  24.466318    36.8925407
  24.4675357   36.8933435
  24.468769    36.8941308
  24.4700178   36.8949024
  24.4712816   36.8956581
  24.4725603   36.8963977
  24.4738534   36.8971211
  24.4750609   36.8977772
  24.4763434   36.8984644
  24.4776391   36.8991357
  24.4789476   36.8997908
  24.4802685   36.9004297
  24.4816017   36.9010522
  24.4832314   36.9017817
  24.484438    36.9025815
  24.4850285   36.9030934
  24.4860996   36.9039933
  24.487188    36.9048797
  24.4882936   36.9057525
  24.489416    36.9066114
  24.4905551   36.9074563
  24.4917104   36.9082868
  24.4928817   36.9091029
  24.4940688   36.9099042
  24.4952713   36.9106907
  24.496489    36.9114621
  24.4977216   36.9122183
  24.4989687   36.912959
  24.5002301   36.9136842
  24.5015055   36.9143935
  24.5027945   36.9150869
  24.5040969   36.9157641
  24.5054123   36.916425
  24.5067404   36.9170695
  24.5081251   36.9177178
  24.5095003   36.918339
  24.5108877   36.9189426
  24.5122868   36.9195287
  24.5136973   36.920097
  24.5151189   36.9206474
  24.5165512   36.9211797
  24.5179939   36.9216938
  24.5194465   36.9221896
  24.5209088   36.922667
  24.5223804   36.9231258
  24.5238608   36.9235659
  24.5253498   36.9239873
  24.526847    36.9243897
  24.5283519   36.9247732
  24.529823    36.9251324
  24.5313302   36.9254907
  24.5328444   36.9258301
  24.5343651   36.9261503
  24.5358918   36.9264514
  24.5374243   36.9267332
  24.5389622   36.9269957
  24.5405051   36.9272387
  24.5420526   36.9274623
  24.5436042   36.9276664
  24.5451597   36.9278509
  24.5467187   36.9280158
  24.5482807   36.9281611
  24.5498454   36.9282866
  24.5514123   36.9283925
  24.5529811   36.9284786
  24.5545515   36.9285449
  24.5561229   36.9285914
  24.5576951   36.9286182
  24.5592676   36.9286251
  24.5608401   36.9286123
  24.5624121   36.9285796
  24.5639833   36.9285272
  24.5655532   36.928455
  24.5671215   36.928363
  24.5686878   36.9282513
  24.5702518   36.9281198
  24.5718129   36.9279687
  24.5733708   36.927798
  24.5749253   36.9276076
  24.5762697   36.9274256
  24.5758247   36.9281578
  24.5751673   36.9292839
  24.5745319   36.930418
  24.5739186   36.9315599
  24.5733277   36.9327093
  24.5727592   36.9338659
  24.5722133   36.9350294
  24.5716902   36.9361995
  24.5712758   36.937174
  24.5704712   36.938235
  24.5696686   36.9393325
  24.568888    36.94044
  24.5681296   36.9415574
  24.5673936   36.9426842
  24.5666801   36.9438202
  24.5658517   36.9451873
  24.5652049   36.9463022
  24.5645797   36.9474249
  24.5639762   36.9485551
  24.5633945   36.9496927
  24.5628349   36.9508372
  24.5622973   36.9519885
  24.561782    36.9531462
  24.5612891   36.9543101
  24.5608187   36.95548
  24.5603709   36.9566555
  24.5599459   36.9578363
  24.5595436   36.9590222
  24.5591642   36.9602129
  24.5587431   36.9616327
  24.5584058   36.9628473
  24.5580922   36.9640659
  24.5578025   36.9652882
  24.5575366   36.9665139
  24.5572947   36.9677428
  24.5570768   36.9689746
  24.556883    36.9702089
  24.5567133   36.9714454
  24.5565678   36.9726839
  24.5564465   36.9739241
  24.5563494   36.9751655
  24.5562765   36.976408
  24.5562466   36.9771736
  24.5553073   36.9782147
  24.5544097   36.9792441
  24.5535325   36.9802846
  24.5526759   36.981336
  24.5518401   36.9823981
  24.5510253   36.9834705
  24.5502317   36.984553
  24.5494596   36.9856453
  24.548709    36.9867472
  24.5479803   36.9878583
  24.5472735   36.9889785
  24.5465889   36.9901073
  24.5459266   36.9912447
  24.5452867   36.9923902
  24.5446695   36.9935435
  24.5440751   36.9947045
  24.5435037   36.9958728
  24.5429553   36.9970481
  24.5424163   36.9982629
  24.5422193   36.9986651
  24.5416672   36.9998472
  24.5411385   37.0010361
  24.5403591   37.0028999
  24.5398809   37.0040763
  24.5394083   37.0052708
  24.5389593   37.006471
  24.5385339   37.0076767
  24.5381323   37.0088876
  24.5377546   37.0101034
  24.5374009   37.0113237
  24.5370712   37.0125483
  24.5367656   37.0137768
  24.5364843   37.015009
  24.5362273   37.0162446
  24.5359946   37.0174832
  24.5357863   37.0187246
  24.5356024   37.0199684
  24.5354431   37.0212144
  24.5353083   37.0224621
  24.5351981   37.0237114
  24.5351125   37.0249619
  24.5350515   37.0262133
  24.5350151   37.0274653
  24.5350034   37.0287176
  24.5350164   37.0299698
  24.5350539   37.0312217
  24.5351162   37.0324729
  24.535203    37.0337232
  24.5352981   37.0347885
  24.5340457   37.0344682
  24.532533    37.0340985
  24.5310132   37.033748
  24.5294867   37.0334168
  24.5279537   37.033105
  24.5264148   37.0328126
  24.5248702   37.0325396
  24.5233204   37.0322863
  24.5213805   37.0319997
  24.5198827   37.0316745
  24.5183634   37.0313651
  24.5165935   37.03103
  24.5150619   37.0307619
  24.5137716   37.0305516
  24.5119839   37.0302834
  24.5104382   37.0300732
  24.5091369   37.0299116
  24.5075843   37.0297371
  24.5069131   37.0296698
  24.5070126   37.0296726
  24.505452    37.0295099
  24.5038884   37.0293668
  24.5023222   37.0292435
  24.5007538   37.0291399
  24.4991835   37.029056
  24.4976117   37.028992
  24.4960389   37.0289477
  24.4944654   37.0289232
  24.4928916   37.0289185
  24.4913179   37.0289336
  24.4897447   37.0289686
  24.4881724   37.0290233
  24.4866014   37.0290978
  24.485032    37.0291921
  24.4834647   37.0293061
  24.4818999   37.0294398
  24.4803378   37.0295933
  24.478779    37.0297663
  24.4772238   37.029959
  24.4764184   37.0300691
  24.4746519   37.0301741
  24.473082    37.0302895
  24.4710315   37.0304694
  24.4694644   37.0306246
  24.4679004   37.0307996
  24.4663402   37.0309943
  24.464784    37.0312086
  24.4632322   37.0314427
  24.4616853   37.0316962
  24.4601436   37.0319693
  24.4586075   37.0322618
  24.4570774   37.0325737
  24.4555537   37.0329048
  24.4540367   37.0332552
  24.4525268   37.0336247
  24.4510245   37.0340131
  24.44953     37.0344206
  24.4480438   37.0348468
  24.4465663   37.0352917
  24.4450977   37.0357553
  24.4436385   37.0362373
  24.442189    37.0367377
  24.4407497   37.0372563
  24.4393208   37.037793
  24.4379027   37.0383478
  24.4364958   37.0389203
  24.4351004   37.0395105
  24.4337169   37.0401183
  24.4323456   37.0407435
  24.4309869   37.0413859
  24.4302926   37.041726
  24.4290814   37.0416152
  24.4275212   37.0414908
  24.4255006   37.041359
  24.4239358   37.0412795
  24.4223696   37.0412197
  24.4212617   37.0411893
  24.4196941   37.041163
  24.4176667   37.0411581
  24.4165583   37.0411693
  24.4149909   37.041202
  24.4129654   37.0412734
  24.4118589   37.0413263
  24.4107246   37.0413927
  24.4109883   37.0413439
  24.4094255   37.0414114
  24.4078643   37.0414985
  24.406305    37.0416051
  24.4047479   37.0417312
  24.4031935   37.0418768
  24.4016422   37.0420418
  24.4000943   37.0422263
  24.3985502   37.04243
  24.3970103   37.0426531
  24.395475    37.0428954
  24.3939447   37.0431568
  24.3924196   37.0434374
  24.3909003   37.0437371
  24.389387    37.0440557
  24.3878801   37.0443932
  24.3863801   37.0447496
  24.3848873   37.0451246
  24.383402    37.0455183
  24.3819246   37.0459305
  24.3804555   37.0463612
  24.3789951   37.0468102
  24.3775436   37.0472774
  24.3761016   37.0477627
  24.3746692   37.048266
  24.3732468   37.0487871
  24.3718349   37.049326
  24.3704338   37.0498825
  24.3690437   37.0504564
  24.3676651   37.0510476
  24.3662983   37.0516561
  24.3649436   37.0522815
  24.3636014   37.0529238
  24.3622719   37.0535828
  24.3609556   37.0542584
  24.3596526   37.0549504
  24.3585084   37.0555684
  24.3572041   37.0562851
  24.3559141   37.0570181
  24.3546388   37.0577674
  24.3533787   37.0585328
  24.3521338   37.059314
  24.3509047   37.0601109
  24.3496916   37.0609232
  24.3484948   37.0617507
  24.3473145   37.0625933
  24.3461512   37.0634507
  24.3450051   37.0643227
  24.3438764   37.0652092
  24.3427655   37.0661097
  24.3416727   37.0670243
  24.3405982   37.0679525
  24.3395422   37.0688942
  24.3385052   37.0698491
  24.3374872   37.070817
  24.3364886   37.0717977
  24.3355096   37.0727909
  24.3345505   37.0737963
  24.3336116   37.0748138
  24.3326929   37.0758429
  24.3317949   37.0768836
  24.3309176   37.0779355
  24.3300614   37.0789983
  24.3292264   37.0800719
  24.3284129   37.0811558
  24.327621    37.0822499
  24.326851    37.0833538
  24.3256388   37.0851246
  24.3248812   37.0862527
  24.3241465   37.0873904
  24.3234348   37.0885373
  24.3227462   37.0896931
  24.3220811   37.0908577
  24.3214395   37.0920305
  24.3208216   37.0932115
  24.3192942   37.0962961
  24.3187439   37.0974649
  24.3182167   37.0986403
  24.3177127   37.0998222
  24.3172319   37.1010102
  24.3167746   37.102204
  24.3163407   37.1034035
  24.3159306   37.1046081
  24.3155441   37.1058178
  24.3151815   37.1070321
  24.3148428   37.1082507
  24.3145281   37.1094734
  24.3142375   37.1106999
  24.313971    37.1119299
  24.3137287   37.113163
  24.3135107   37.114399
  24.3133171   37.1156375
  24.3131478   37.1168783
  24.313003    37.118121
  24.3128826   37.1193654
  24.3127866   37.120611
  24.3127152   37.1218578
  24.3126683   37.1231052
  24.312646    37.124353
  24.3126482   37.125601
  24.3126749   37.1268487
  24.3127262   37.128096
  24.3128019   37.1293424
  24.3129022   37.1305877
  24.313027    37.1318316
  24.313269    37.1337873
  24.3134447   37.1350411
  24.3136453   37.1362926
  24.3138708   37.1375414
  24.3141211   37.1387871
  24.3143961   37.1400296
  24.3146958   37.1412683
  24.3150201   37.1425031
  24.3153689   37.1437336
  24.3157421   37.1449595
  24.3161397   37.1461806
  24.3165615   37.1473964
  24.3170074   37.1486068
  24.3171742   37.1490342
  24.3175685   37.1503977
  24.3179448   37.151603
  24.3183446   37.1528034
  24.3187679   37.1539987
  24.3192146   37.1551885
  24.3196845   37.1563726
  24.3201775   37.1575507
  24.320705    37.1587472
  24.3207273   37.1592628
  24.3208066   37.1605206
  24.3209108   37.1617771
  24.3210401   37.1630322
  24.3211942   37.1642854
  24.3213732   37.1655366
  24.321577    37.1667853
  24.3218057   37.1680312
  24.322059    37.1692741
  24.322337    37.1705136
  24.3226396   37.1717494
  24.3231533   37.1736575
  24.3235081   37.1748962
  24.3238878   37.1761303
  24.3242921   37.1773593
  24.3244508   37.1778121
  24.3248086   37.178923
  24.3252256   37.1801378
  24.3256668   37.1813472
  24.3261319   37.1825509
  24.3266209   37.1837485
  24.3271336   37.1849398
  24.32767     37.1861244
  24.3282298   37.1873021
  24.328813    37.1884726
  24.3294194   37.1896355
  24.3300488   37.1907907
  24.3307011   37.1919377
  24.3313761   37.1930764
  24.3320736   37.1942063
  24.3327936   37.1953274
  24.3336676   37.1966293
  24.3340376   37.1972166
  24.334484    37.1978985
  24.3351112   37.1992086
  24.3356882   37.2003534
  24.3362873   37.2014909
  24.3369086   37.2026209
  24.3375518   37.2037431
  24.3382168   37.2048571
  24.3389034   37.2059628
  24.3396114   37.2070598
  24.3403408   37.208148
  24.3410912   37.209227
  24.3418626   37.2102966
  24.3426547   37.2113565
  24.3434674   37.2124064
  24.3443004   37.2134462
  24.3451536   37.2144756
  24.3460267   37.2154942
  24.3469196   37.216502
  24.3472294   37.2168405
  24.3478878   37.2176665
  24.3483202   37.2181909
  24.3489158   37.2192389
  24.3495838   37.2203668
  24.3500377   37.2211031
  24.3497815   37.221143
  24.348228    37.2214056
  24.3466798   37.2216878
  24.3451375   37.2219897
  24.3447018   37.2220808
  24.3440605   37.2221776
  24.3425128   37.2224316
  24.3409704   37.222705
  24.3394336   37.2229978
  24.3379028   37.22331
  24.3363784   37.2236414
  24.3348607   37.223992
  24.3333503   37.2243616
  24.3318473   37.2247503
  24.3303523   37.2251579
  24.3288656   37.2255842
  24.3273875   37.2260292
  24.3259185   37.2264929
  24.3244589   37.2269749
  24.323009    37.2274753
  24.3215693   37.2279939
  24.32014     37.2285306
  24.3187216   37.2290852
  24.3173144   37.2296576
  24.3159188   37.2302477
  24.3145351   37.2308553
  24.3131636   37.2314803
  24.3118047   37.2321224
  24.3104588   37.2327816
  24.3091261   37.2334577
  24.3078071   37.2341505
  24.306502    37.2348598
  24.3052111   37.2355855
  24.3039349   37.2363273
  24.3026735   37.2370851
  24.3014274   37.2378587
  24.3001968   37.238648
  24.2989821   37.2394526
  24.2989369   37.239483
  24.2977506   37.2402943
  24.2965804   37.2411202
  24.2954267   37.2419606
  24.2942896   37.2428153
  24.2931695   37.2436841
  24.2920666   37.2445667
  24.2909812   37.245463
  24.2899136   37.2463727
  24.288864    37.2472955
  24.2878327   37.2482314
  24.2868199   37.2491799
  24.285826    37.250141
  24.2848511   37.2511143
  24.2838954   37.2520997
  24.2829593   37.2530968
  24.2820429   37.2541055
  24.2811465   37.2551255
  24.2802702   37.2561565
  24.2794144   37.2571983
  24.2785791   37.2582506
  24.2777647   37.2593132
  24.2769713   37.2603858
  24.2761991   37.2614681
  24.2754484   37.26256
  24.2747192   37.263661
  24.2740117   37.264771
  24.2733262   37.2658896
  24.2726628   37.2670167
  24.2726268   37.2670791
  24.271988    37.2682101
  24.2713714   37.2693489
  24.2707772   37.2704952
  24.2702056   37.2716487
  24.2696567   37.2728092
  24.2691306   37.2739763
  24.2686274   37.2751498
  24.2681474   37.2763294
  24.2676905   37.2775148
  24.267257    37.2787057
  24.2668469   37.2799018
  24.2664602   37.2811029
  24.2660972   37.2823086
  24.2657579   37.2835186
  24.2654424   37.2847327
  24.2651507   37.2859505
  24.264883    37.2871718
  24.2646392   37.2883962
  24.2644195   37.2896235
  24.264224    37.2908533
  24.264217    37.2909031
  24.2641064   37.2913134
  24.263802    37.2925351
  24.2635217   37.2937605
  24.2632657   37.2949892
  24.2630339   37.2962209
  24.2628264   37.2974554
  24.2626432   37.2986922
  24.2624845   37.2999312
  24.2623502   37.301172
  24.2622404   37.3024143
  24.2621551   37.3036578
  24.2620943   37.3049021
  24.2620638   37.3059506
  24.2620233   37.306436
  24.261945    37.3076618
  24.2618904   37.3088884
  24.2618598   37.3101154
  24.261853    37.3113427
  24.26187     37.3125699
  24.2619109   37.3137967
  24.2619756   37.3150229
  24.2620641   37.3162481
  24.2621765   37.317472
  24.2623126   37.3186944
  24.2624724   37.3199149
  24.262656    37.3211333
  24.2628632   37.3223493
  24.2630941   37.3235626
  24.2633485   37.3247729
  24.2634103   37.3250535
  24.2636804   37.3262283
  24.2639728   37.3273996
  24.2642873   37.3285673
  24.2646238   37.3297311
  24.2649823   37.3308908
  24.2653627   37.3320459
  24.265765    37.3331964
  24.2661889   37.334342
  24.2666345   37.3354823
  24.2671016   37.3366171
  24.2673006   37.3370885
  24.2678153   37.3382766
  24.2683536   37.3394581
  24.2689153   37.3406326
  24.2695004   37.3417998
  24.2701087   37.3429595
  24.2702968   37.3433028
  24.2703854   37.343859
  24.2706098   37.3451069
  24.2708591   37.3463518
  24.2711332   37.3475934
  24.2714321   37.3488314
  24.2717557   37.3500654
  24.2721039   37.3512952
  24.2724766   37.3525203
  24.2728738   37.3537406
  24.2732953   37.3549557
  24.273741    37.3561653
  24.2742109   37.3573692
  24.2747047   37.3585669
  24.2752225   37.3597582
  24.2757639   37.3609428
  24.276329    37.3621204
  24.2769175   37.3632906
  24.2769588   37.3633709
  24.2775579   37.3645099
  24.2781793   37.3656414
  24.2788227   37.366765
  24.279488    37.3678805
  24.2801751   37.3689876
  24.2801807   37.3689963
  24.2799999   37.3692287
  24.2791965   37.3702979
  24.2784143   37.3713771
  24.2776536   37.3724658
  24.2769145   37.3735639
  24.2761971   37.374671
  24.2755017   37.375787
  24.2748285   37.3769114
  24.2741775   37.3780441
  24.273549    37.3791848
  24.2735178   37.3792438
  24.2730025   37.3801757
  24.2723845   37.3813435
  24.2717901   37.382519
  24.2712193   37.3837019
  24.2706724   37.3848918
  24.2701495   37.3860885
  24.2696508   37.3872916
  24.2691762   37.388501
  24.2687261   37.3897161
  24.2683004   37.3909368
  24.2678993   37.3921628
  24.2675229   37.3933936
  24.2671713   37.394629
  24.2668446   37.3958688
  24.2665429   37.3971124
  24.2662661   37.3983598
  24.2660145   37.3996105
  24.2657881   37.4008641
  24.2655869   37.4021205
  24.265411    37.4033793
  24.2652604   37.40464
  24.2651352   37.4059026
  24.265114    37.4061406
  24.2650179   37.4073517
  24.2649451   37.4085638
  24.2648956   37.4097766
  24.2648695   37.4109899
  24.2648668   37.4122034
  24.2648875   37.4134167
  24.26491     37.414035
  24.2648714   37.4144917
  24.2648585   37.4146645
  24.2647788   37.4158932
  24.264723    37.4171229
  24.2646914   37.418353
  24.2646837   37.4195833
  24.2647001   37.4208136
  24.2647405   37.4220435
  24.264805    37.4232727
  24.2648766   37.4244233
  24.2649726   37.4257431
  24.2650964   37.4270615
  24.2652478   37.428378
  24.2654268   37.4296923
  24.2656334   37.4310041
  24.2658675   37.4323129
  24.2661291   37.4336183
  24.2664181   37.4349202
  24.2665174   37.4353467
  24.266805    37.4365313
  24.2668081   37.4365434
  24.2670331   37.437517
  24.2673436   37.4387503
  24.2676788   37.4399796
  24.2680385   37.4412045
  24.2684226   37.4424246
  24.2685559   37.4428214
  24.267964    37.4428552
  24.2663637   37.442967
  24.2647659   37.4430993
  24.2631709   37.443252
  24.2615793   37.443425
  24.2599913   37.4436183
  24.2584075   37.4438319
  24.2568283   37.4440657
  24.2552539   37.4443197
  24.2536849   37.4445938
  24.2521217   37.4448878
  24.2505647   37.4452018
  24.2490142   37.4455356
  24.2474706   37.4458893
  24.2459345   37.4462625
  24.2444061   37.4466554
  24.2428859   37.4470677
  24.2427      37.4471195
  24.2412058   37.4475461
  24.2397204   37.4479914
  24.2382441   37.4484555
  24.2367772   37.4489382
  24.2353203   37.4494393
  24.2338735   37.4499588
  24.2324373   37.4504964
  24.2310121   37.4510522
  24.2295983   37.4516258
  24.228196    37.4522172
  24.2268058   37.4528263
  24.225428    37.4534528
  24.224063    37.4540966
  24.2227109   37.4547576
  24.2213723   37.4554356
  24.2200475   37.4561304
  24.2187368   37.4568418
  24.2174404   37.4575696
  24.2161588   37.4583138
  24.2148923   37.459074
  24.2136412   37.4598501
  24.2124058   37.4606419
  24.2111864   37.4614492
  24.2099834   37.4622717
  24.208797    37.4631094
  24.2076275   37.4639619
  24.2064753   37.464829
  24.2053405   37.4657106
  24.2042236   37.4666064
  24.2031248   37.4675161
  24.2020444   37.4684396
  24.2009826   37.4693767
  24.1999397   37.4703269
  24.198916    37.4712903
  24.1979117   37.4722664
  24.1969271   37.473255
  24.1959625   37.474256
  24.195018    37.475269
  24.1947666   37.4755431
  24.1938611   37.476547
  24.1929754   37.4775619
  24.1921098   37.4785876
  24.1912644   37.4796239
  24.1904395   37.4806705
  24.1896352   37.4817272
  24.1888518   37.4827936
  24.1880894   37.4838696
  24.1873483   37.4849549
  24.1866285   37.4860492
  24.1859303   37.4871523
  24.1857605   37.4874313
  24.1856662   37.4875548
  24.1848783   37.4886234
  24.1841115   37.4897017
  24.1833661   37.4907894
  24.1826422   37.4918862
  24.1819399   37.4929918
  24.1812596   37.4941059
  24.1806013   37.4952283
  24.1799652   37.4963588
  24.1793514   37.497497
  24.1787601   37.4986426
  24.1781915   37.4997954
  24.1776456   37.5009551
  24.1771227   37.5021214
  24.1766228   37.503294
  24.1761461   37.5044727
  24.1756927   37.5056571
  24.1752626   37.506847
  24.1748561   37.508042
  24.1744731   37.509242
  24.1741138   37.5104465
  24.1737784   37.5116553
  24.1734667   37.5128681
  24.1731791   37.5140845
  24.1729154   37.5153044
  24.1726758   37.5165274
  24.1724603   37.5177532
  24.172269    37.5189815
  24.172102    37.5202119
  24.1719592   37.5214443
  24.1718407   37.5226783
  24.1717465   37.5239136
  24.1716768   37.5251499
  24.1716313   37.5263868
  24.1716103   37.5276242
  24.1716137   37.5288616
  24.1716224   37.5295537
  24.1716497   37.5307785
  24.171701    37.5320028
  24.1717761   37.5332263
  24.1718751   37.5344487
  24.1719979   37.5356698
  24.1721446   37.5368891
  24.172315    37.5381065
  24.1723328   37.5382178
  24.1722522   37.5391785
  24.1721727   37.5404186
  24.1721441   37.5409469
  24.1720878   37.5422318
  24.1720577   37.5435173
  24.172054    37.5448029
  24.1720766   37.5460884
  24.1721256   37.5473734
  24.1722009   37.5486576
  24.1723025   37.5499406
  24.1724303   37.5512221
  24.1724413   37.5513135
  24.1724313   37.551332
  24.1718382   37.5524787
  24.1712679   37.5536326
  24.1707205   37.5547934
  24.170196    37.5559609
  24.1696947   37.5571347
  24.1692166   37.5583145
  24.1687619   37.5595001
  24.1683307   37.5606912
  24.1679231   37.5618875
  24.1675391   37.5630887
  24.1671789   37.5642945
  24.1668426   37.5655046
  24.1667956   37.5656802
  24.1667685   37.5657853
  24.1667398   37.5658901
  24.1666119   37.5663942
  24.1664823   37.566898
  24.1664573   37.5670034
  24.1664307   37.5671086
  24.1663128   37.5676142
  24.1661932   37.5681195
  24.1661703   37.5682252
  24.1661457   37.5683307
  24.1660379   37.5688377
  24.1659283   37.5693445
  24.1659075   37.5694505
  24.1658851   37.5695562
  24.1657873   37.5700645
  24.1656877   37.5705726
  24.1656691   37.5706788
  24.1656487   37.5707848
  24.165561    37.5712942
  24.1654715   37.5718035
  24.165455    37.5719099
  24.1654367   37.5720161
  24.1653591   37.5725266
  24.1652798   37.5730369
  24.1652653   37.5731435
  24.1652491   37.5732499
  24.1651817   37.5737613
  24.1651124   37.5742725
  24.1651001   37.5743793
  24.165086    37.5744859
  24.1650287   37.574998
  24.1649696   37.57551
  24.1649594   37.5756169
  24.1649475   37.5757238
  24.1649003   37.5762365
  24.1648514   37.5767492
  24.1648433   37.5768562
  24.1648335   37.5769631
  24.1647964   37.5774764
  24.1647577   37.5779896
  24.1647517   37.5780967
  24.164744    37.5782038
  24.1647172   37.5787174
  24.1646886   37.579231
  24.1646848   37.5793382
  24.1646792   37.5794453
  24.1646625   37.5799593
  24.1646441   37.5804732
  24.1646424   37.5805804
  24.1646389   37.5806876
  24.1646348   37.581016
  24.164315    37.5808337
  24.1630277   37.5801237
  24.1617264   37.5794298
  24.1604116   37.5787522
  24.160313    37.5787022
  24.1589529   37.5780255
  24.1575793   37.5773661
  24.1561925   37.5767243
  24.1547928   37.5761003
  24.1533806   37.5754943
  24.1519563   37.5749063
  24.1505203   37.5743365
  24.1490729   37.5737851
  24.1476144   37.5732522
  24.1461454   37.572738
  24.1446661   37.5722426
  24.1431769   37.5717661
  24.14293     37.5716889
  24.1421701   37.5714572
  24.1420437   37.5714175
  24.1418543   37.5713608
  24.1413847   37.5712176
  24.141319    37.5711985
  24.1412408   37.5711746
  24.1409083   37.5710777
  24.1405768   37.5709785
  24.1401725   37.5708632
  24.1397692   37.5707457
  24.1394348   37.5706529
  24.1391014   37.5705578
  24.1386949   37.5704476
  24.1382893   37.570335
  24.1379531   37.5702464
  24.1376179   37.5701555
  24.1372092   37.5700504
  24.1368014   37.5699429
  24.1364635   37.5698585
  24.1361266   37.5697718
  24.1357158   37.5696717
  24.135306    37.5695693
  24.1349665   37.5694891
  24.1346278   37.5694066
  24.1342151   37.5693117
  24.1338033   37.5692144
  24.1334622   37.5691384
  24.133122    37.5690602
  24.1327075   37.5689704
  24.1322938   37.5688782
  24.1319513   37.5688065
  24.1316095   37.5687325
  24.1311933   37.5686479
  24.1307778   37.5685609
  24.1304339   37.5684935
  24.1300907   37.5684237
  24.1296729   37.5683443
  24.1292557   37.5682625
  24.1289105   37.5681994
  24.128566    37.5681339
  24.1281466   37.5680597
  24.1277279   37.5679831
  24.1273815   37.5679242
  24.1270357   37.567863
  24.1266149   37.5677941
  24.1261947   37.5677227
  24.1258472   37.5676682
  24.1255002   37.5676113
  24.1250781   37.5675476
  24.1246566   37.5674814
  24.124308    37.5674313
  24.12396     37.5673787
  24.1235366   37.5673202
  24.1231139   37.5672594
  24.1227643   37.5672135
  24.1226766   37.5672014
  24.122682    37.5672007
  24.1225412   37.5671827
  24.1224153   37.5671653
  24.1219909   37.5671121
  24.1215669   37.5670565
  24.1214193   37.5670391
  24.1211724   37.5670074
  24.1209584   37.5669827
  24.1208666   37.5669712
  24.1205689   37.5669377
  24.1203015   37.5669067
  24.1200162   37.566873
  24.1199375   37.5668647
  24.1196593   37.5668325
  24.1193681   37.5668024
  24.1193142   37.5667964
  24.1191612   37.5667811
  24.1185149   37.5667143
  24.1184619   37.5667087
  24.1184494   37.5667076
  24.118143    37.5666759
  24.1177704   37.5666421
  24.1177585   37.5666409
  24.1177289   37.5666383
  24.1166238   37.5665378
  24.1151021   37.5664181
  24.1135783   37.566317
  24.1120527   37.5662343
  24.1105257   37.5661702
  24.1089976   37.5661246
  24.1074688   37.5660976
  24.1059397   37.5660891
  24.1057556   37.5660892
  24.1041629   37.5661002
  24.1025706   37.5661313
  24.1009791   37.5661825
  24.0993889   37.5662538
  24.0978003   37.5663452
  24.0962137   37.5664568
  24.0946296   37.5665883
  24.0930484   37.5667399
  24.0914704   37.5669115
  24.089896    37.567103
  24.0883257   37.5673144
  24.0867599   37.5675456
  24.0851989   37.5677966
  24.0836431   37.5680673
  24.082093    37.5683577
  24.080549    37.5686676
  24.0790114   37.568997
  24.0774806   37.5693458
  24.075957    37.5697139
  24.0744411   37.5701012
  24.0729331   37.5705077
  24.0714335   37.5709332
  24.0699426   37.5713775
  24.0684609   37.5718407
  24.0669887   37.5723226
  24.0655264   37.572823
  24.0652482   37.5729203
  24.0644344   37.5732109
  24.0643604   37.5732367
  24.0642854   37.5732641
  24.063839    37.5734235
  24.0634005   37.5735866
  24.0633888   37.5735909
  24.0633625   37.5736005
END
2
  24.5992863   37.8769843
  24.6093922   37.951434
  24.6885133   38.0571974
  24.6887699   38.0573155
  24.6901561   38.05793
  24.6915545   38.0585271
  24.6929649   38.0591065
  24.6943868   38.0596682
  24.6958199   38.0602119
  24.6972638   38.0607376
  24.6981557   38.0610489
  24.6993861   38.0615762
  24.7007911   38.0621557
  24.7022076   38.0627177
  24.7036353   38.0632618
  24.7050738   38.063788
  24.7065227   38.0642961
  24.7079817   38.064786
  24.7094504   38.0652576
  24.7109284   38.0657108
  24.7113571   38.0658361
  24.7116923   38.0659441
  24.7120296   38.0660504
  24.7135044   38.0665045
  24.7149881   38.0669401
  24.7164805   38.0673572
  24.717981    38.0677555
  24.7194894   38.068135
  24.7203194   38.0683325
  24.7208039   38.068476
  24.7222886   38.0688948
  24.7237816   38.0692951
  24.7252824   38.0696768
  24.7267907   38.0700397
  24.7283061   38.0703838
  24.7298282   38.0707091
  24.7313567   38.0710153
  24.7328911   38.0713026
  24.7331986   38.0713581
  24.73471     38.0716214
  24.7362265   38.0718662
  24.7377476   38.0720925
  24.738411    38.072187
  24.7390649   38.0722784
  24.7391859   38.072295
  24.7407276   38.0724965
  24.7422731   38.072679
  24.743822    38.0728424
  24.745374    38.0729867
  24.7467065   38.0730939
  24.7471      38.0731946
  24.748596    38.0735572
  24.750099    38.0739013
  24.7516087   38.0742268
  24.7531247   38.0745336
  24.7546466   38.0748217
  24.7561741   38.0750909
  24.7577067   38.0753412
  24.758295    38.0754298
  24.7592184   38.0755868
  24.7606931   38.0758192
  24.7614858   38.0759393
  24.7630524   38.0761664
  24.7646234   38.0763738
  24.7661984   38.0765614
  24.7677771   38.0767293
  24.7693589   38.0768773
  24.7709435   38.0770053
  24.7725305   38.0771135
  24.773372    38.0771602
  24.774239    38.0772714
  24.775787    38.0774504
  24.7773383   38.0776103
  24.7788927   38.077751
  24.7804496   38.0778725
  24.7820088   38.0779747
  24.7835699   38.0780578
  24.7851324   38.0781215
  24.786696    38.078166
  24.7882602   38.0781912
  24.7898248   38.078197
  24.7913893   38.0781836
  24.7929534   38.0781509
  24.7945166   38.0780989
  24.7960786   38.0780276
  24.7976389   38.077937
  24.7991973   38.0778272
  24.8007533   38.0776982
  24.8023065   38.0775499
  24.8038566   38.0773826
  24.8054032   38.0771961
  24.8069458   38.0769906
  24.8084842   38.0767661
  24.8100179   38.0765226
  24.8115466   38.0762603
  24.8130699   38.0759791
  24.8145874   38.0756791
  24.8160987   38.0753604
  24.8176035   38.0750232
  24.8191014   38.0746674
  24.820592    38.0742932
  24.822075    38.0739006
  24.82355     38.0734898
  24.8250167   38.0730608
  24.8264746   38.0726138
  24.8279234   38.0721488
  24.8293628   38.071666
  24.8307925   38.0711656
  24.8322119   38.0706475
  24.8336209   38.070112
  24.8350191   38.0695591
  24.836406    38.0689891
  24.8377815   38.068402
  24.8391451   38.067798
  24.8404965   38.0671772
  24.8418354   38.0665399
  24.8429174   38.0660064
  24.8431754   38.0658878
  24.84451     38.0652525
  24.8458317   38.0646008
  24.8459725   38.0645301
  24.8472777   38.063864
  24.8485695   38.063182
  24.8498476   38.0624842
  24.8511118   38.0617708
  24.8523618   38.061042
  24.8535971   38.060298
  24.8548176   38.0595388
  24.8560229   38.0587648
  24.8572127   38.057976
  24.8583868   38.0571728
  24.8595449   38.0563552
  24.8606866   38.0555236
  24.8618117   38.054678
  24.86292     38.0538187
  24.8640111   38.0529458
  24.8650849   38.0520597
  24.8661409   38.0511606
  24.8671791   38.0502485
  24.868199    38.0493239
  24.8692006   38.0483868
  24.8701835   38.0474375
  24.8711475   38.0464762
  24.8720923   38.0455033
  24.8730178   38.0445188
  24.8739237   38.0435231
  24.8748098   38.0425164
  24.8756759   38.041499
  24.8765217   38.040471
  24.8773471   38.0394327
  24.8781518   38.0383844
  24.8789358   38.0373264
  24.8790937   38.0371094
  24.8798595   38.0360376
  24.880604    38.0349565
  24.8813269   38.0338664
  24.8820281   38.0327674
  24.8821401   38.0325884
  24.8828111   38.0314947
  24.8834605   38.0303929
  24.8840883   38.0292833
  24.8846943   38.0281662
  24.8848651   38.0278372
  24.8861045   38.0271025
  24.8873404   38.0263457
  24.888561    38.0255736
  24.8897662   38.0247866
  24.8909555   38.0239848
  24.8913443   38.0237143
  24.8915994   38.0235597
  24.8928348   38.0227865
  24.8940545   38.0219979
  24.8952582   38.0211943
  24.8964457   38.0203758
  24.8976166   38.0195426
  24.8987706   38.0186949
  24.8999074   38.0178329
  24.9010269   38.0169569
  24.9021286   38.016067
  24.9032123   38.0151635
  24.9042778   38.0142466
  24.9053247   38.0133166
  24.9063529   38.0123736
  24.907362    38.0114179
  24.9083517   38.0104498
  24.909322    38.0094694
  24.9102725   38.0084771
  24.9112029   38.007473
  24.9121131   38.0064575
  24.9130028   38.0054307
  24.9138718   38.004393
  24.9147198   38.0033445
  24.9150934   38.0028745
  24.9157347   38.0020519
  24.9157368   38.0020493
  24.9165796   38.0010061
  24.9174014   37.9999525
  24.9182021   37.9988889
  24.9189815   37.9978155
  24.9197393   37.9967325
  24.9204755   37.9956403
  24.9211898   37.9945391
  24.921882    37.9934291
  24.922552    37.9923107
  24.9231996   37.9911841
  24.9238247   37.9900496
  24.924427    37.9889075
  24.9250065   37.987758
  24.925563    37.9866015
  24.9260964   37.9854382
  24.9266065   37.9842684
  24.9267446   37.9839346
  24.9276369   37.9839546
  24.9292021   37.9839703
  24.9307676   37.9839666
  24.9323327   37.9839436
  24.9338972   37.9839013
  24.9354606   37.9838396
  24.9370227   37.9837586
  24.9385829   37.9836583
  24.940141    37.9835388
  24.9403581   37.9835194
  24.9405915   37.983525
  24.9421656   37.9835428
  24.9437398   37.9835411
  24.9453137   37.9835198
  24.9468871   37.983479
  24.9484594   37.9834186
  24.9500303   37.9833387
  24.9515995   37.9832392
  24.9531664   37.9831203
  24.9547308   37.9829819
  24.9562922   37.9828241
  24.9578503   37.9826469
  24.9594046   37.9824503
  24.9609548   37.9822345
  24.9625005   37.9819994
  24.9640413   37.9817451
  24.9648603   37.9815993
  24.9661838   37.9814009
  24.9677301   37.9811491
  24.9692711   37.980878
  24.9708065   37.9805878
  24.9723359   37.9802784
  24.9738588   37.97995
  24.975375    37.9796027
  24.976884    37.9792365
  24.9783855   37.9788515
  24.9798791   37.9784479
  24.9813644   37.9780256
  24.9828411   37.977585
  24.9843087   37.9771259
  24.9857669   37.9766486
  24.9872153   37.9761532
  24.9886537   37.9756398
  24.9900815   37.9751085
  24.9914985   37.9745595
  24.991635    37.9745055
  24.9929759   37.9739656
  24.9943062   37.9734097
  24.9956258   37.9728381
  24.9959098   37.9727107
  24.9962857   37.9725691
  24.997693    37.9720176
  24.9990891   37.9714486
  25.0004737   37.9708623
  25.0018464   37.970259
  25.0032068   37.9696386
  25.0045547   37.9690015
  25.0058897   37.9683477
  25.0072115   37.9676774
  25.0085198   37.9669908
  25.0098142   37.966288
  25.0110943   37.9655692
  25.01236     37.9648347
  25.0136108   37.9640844
  25.0148465   37.9633188
  25.0160668   37.9625379
  25.0172713   37.9617419
  25.0184598   37.9609311
  25.0196319   37.9601057
  25.0201128   37.9597561
  25.0203044   37.959632
  25.0215102   37.9588253
  25.0226996   37.9580037
  25.0238724   37.9571673
  25.0250282   37.9563164
  25.0261668   37.9554511
  25.0272878   37.9545717
  25.0283911   37.9536784
  25.0294762   37.9527714
  25.030543    37.9518509
  25.0315912   37.9509173
  25.0326205   37.9499706
  25.0336306   37.9490112
  25.0346214   37.9480393
  25.0355925   37.9470551
  25.0365437   37.9460589
  25.0374747   37.945051
  25.0383854   37.9440315
  25.0392755   37.9430007
  25.0401448   37.941959
  25.0409931   37.9409065
  25.0418201   37.9398435
  25.0426256   37.9387703
  25.0434095   37.9376871
  25.0441716   37.9365943
  25.0449149   37.9355081
  25.0456883   37.934355
  25.0464374   37.933192
  25.0471619   37.9320194
  25.0472919   37.9318045
  25.0479587   37.9306795
  25.0486029   37.9295464
  25.0492243   37.9284054
  25.0498229   37.9272567
  25.0503984   37.9261008
  25.0509507   37.9249378
  25.0514797   37.9237681
  25.0519853   37.9225919
  25.0524672   37.9214096
  25.0529255   37.9202213
  25.0533599   37.9190276
  25.0537705   37.9178285
  25.054157    37.9166245
  25.0545194   37.9154157
  25.0548576   37.9142026
  25.0551715   37.9129855
  25.055461    37.9117645
  25.055726    37.9105401
  25.0559666   37.9093125
  25.0561826   37.908082
  25.056374    37.906849
  25.0565407   37.9056138
  25.0566826   37.9043766
  25.0567999   37.9031378
  25.0568247   37.9028446
  25.0569172   37.901603
  25.0569849   37.9003604
  25.0570278   37.8991171
  25.0570387   37.8983593
  25.057115    37.8973772
  25.0571856   37.8961596
  25.057201    37.8957595
  25.0572644   37.8952865
  25.0574048   37.8940571
  25.0574413   37.8936689
  25.0575613   37.8929216
  25.0577285   37.891736
  25.057873    37.8905484
  25.0579947   37.8893593
  25.0580005   37.8892967
  25.0581042   37.8880384
  25.0581825   37.8867789
  25.0582352   37.8855187
  25.0582623   37.8842578
  25.0582638   37.8829968
  25.0582398   37.8817359
  25.0581902   37.8804755
  25.0581151   37.8792158
  25.0580144   37.8779572
  25.0579197   37.8770141
  25.0579315   37.8761717
  25.0579238   37.8749182
  25.0578908   37.8736649
  25.0578326   37.8724121
  25.0577491   37.8711603
  25.0576404   37.8699096
  25.0575065   37.8686604
  25.0573475   37.867413
  25.0571633   37.8661677
  25.0569541   37.8649249
  25.0569142   37.8647139
  25.0569961   37.8646335
  25.0579471   37.8636687
  25.0588789   37.8626923
  25.0597915   37.8617047
  25.0606846   37.860706
  25.0615578   37.8596966
  25.0618598   37.8593565
  25.0627711   37.8582936
  25.0636603   37.8572191
  25.0645273   37.8561333
  25.0653718   37.8550365
  25.0661935   37.853929
  25.0669923   37.852811
  25.0677679   37.8516829
  25.0685201   37.8505449
  25.0692488   37.8493974
  25.0699537   37.8482407
  25.0699942   37.8481728
  25.0706483   37.847054
  25.0710074   37.846427
  25.0716681   37.8452478
  25.0723043   37.8440601
  25.0729158   37.8428645
  25.0735024   37.841661
  25.074064    37.8404501
  25.0746004   37.8392321
  25.0751116   37.8380074
  25.0755973   37.8367761
  25.0760575   37.8355387
  25.0764919   37.8342956
  25.0769006   37.8330469
  25.0769663   37.8328392
  25.0772935   37.8317731
  25.0776019   37.8307035
  25.0778914   37.8296306
  25.0779622   37.8293589
  25.0782732   37.8281152
  25.0785588   37.8268676
  25.078819    37.8256166
  25.0790537   37.8243624
  25.0792628   37.8231054
  25.0794463   37.8218458
  25.0796042   37.8205841
  25.0797363   37.8193205
  25.079739    37.8192891
  25.0800355   37.8189827
  25.0809648   37.8179904
  25.0818744   37.8169868
  25.082764    37.8159719
  25.0836334   37.8149462
  25.0844824   37.8139099
  25.0853107   37.8128632
  25.0861182   37.8118063
  25.0869046   37.8107396
  25.0876698   37.8096632
  25.0884136   37.8085775
  25.0891358   37.8074828
  25.0898362   37.8063792
  25.0905146   37.805267
  25.091171    37.8041466
  25.091805    37.8030182
  25.0924167   37.8018821
  25.0930057   37.8007386
  25.093572    37.7995878
  25.0941155   37.7984302
  25.0946216   37.7973257
  25.0951431   37.7961589
  25.0956415   37.7949858
  25.0961165   37.7938066
  25.096568    37.7926216
  25.096996    37.7914312
  25.0974002   37.7902355
  25.0977807   37.789035
  25.0981373   37.78783
  25.0984699   37.7866206
  25.0987785   37.7854072
  25.099063    37.7841901
  25.0993233   37.7829697
  25.0995593   37.7817461
  25.099771    37.7805197
  25.0999583   37.7792909
  25.1001212   37.7780598
  25.1002597   37.7768269
  25.1003736   37.7755924
  25.1004631   37.7743566
  25.100528    37.7731198
  25.1005684   37.7718823
  25.1005841   37.7706445
  25.1005754   37.7694066
  25.100542    37.768169
  25.1004841   37.7669319
  25.1004017   37.7656956
  25.1002947   37.7644605
  25.1001633   37.7632269
  25.1000073   37.761995
  25.099827    37.7607652
  25.0996222   37.7595377
  25.0993932   37.758313
  25.0991398   37.7570911
  25.0988623   37.7558726
  25.0985606   37.7546577
  25.0982348   37.7534466
  25.0982068   37.7533463
  25.0978563   37.752137
  25.0974818   37.7509322
  25.0970834   37.7497322
  25.0966613   37.7485372
  25.0962154   37.7473476
  25.096043    37.746913
  25.0959862   37.7465967
  25.0959122   37.7462269
  25.0965009   37.7459897
  25.0977429   37.7455007
  25.0991346   37.7449311
  25.1005147   37.7443442
  25.1018831   37.7437402
  25.1032393   37.7431194
  25.104583    37.7424818
  25.1059139   37.7418275
  25.1072316   37.7411568
  25.1085358   37.7404699
  25.1098263   37.7397668
  25.1111026   37.7390478
  25.1115807   37.7387695
  25.1115825   37.7387685
  25.1128616   37.7380499
  25.1141262   37.7373156
  25.1153762   37.7365656
  25.116611    37.7358001
  25.1178305   37.7350194
  25.1190343   37.7342237
  25.1202222   37.733413
  25.1213938   37.7325877
  25.1216715   37.7323889
  25.1218513   37.7322582
  25.1220342   37.7322463
  25.1235831   37.7321264
  25.1251294   37.7319873
  25.1266728   37.7318293
  25.1282129   37.7316522
  25.1297493   37.7314561
  25.1309894   37.7312821
  25.1311729   37.7312632
  25.1327137   37.7310843
  25.1342508   37.7308865
  25.1357839   37.7306697
  25.1373124   37.730434
  25.1388361   37.7301795
  25.1403546   37.7299062
  25.1418676   37.7296142
  25.1433746   37.7293036
  25.1448752   37.7289744
  25.1463692   37.7286268
  25.1478562   37.7282607
  25.1493358   37.7278764
  25.1495089   37.7278302
  25.1509914   37.7274246
  25.1524657   37.7270007
  25.1539313   37.7265585
  25.155388    37.7260981
  25.1568354   37.7256196
  25.1575825   37.7253617
  25.1580273   37.7252245
  25.1594573   37.7247632
  25.1608782   37.7242843
  25.1622895   37.7237882
  25.1631212   37.7234836
  25.1640373   37.7233062
  25.1655791   37.722987
  25.1671143   37.7226484
  25.1686425   37.7222905
  25.1701632   37.7219133
  25.1716761   37.7215169
  25.1719483   37.7214437
  25.1734284   37.7210352
  25.1749002   37.7206084
  25.1763633   37.7201634
  25.1778174   37.7197003
  25.1785784   37.7194469
  25.1798974   37.7194882
  25.1814769   37.719518
  25.1830569   37.7195279
  25.1846368   37.7195181
  25.1862163   37.7194885
  25.187795    37.7194391
  25.1893725   37.71937
  25.1909485   37.7192811
  25.1925225   37.7191725
  25.1940941   37.7190442
  25.195663    37.7188963
  25.1972287   37.7187287
  25.1988591   37.7185438
  25.2005011   37.7183465
  25.2021389   37.7181277
  25.2037717   37.7178873
  25.2046293   37.7177493
  25.2047979   37.7177285
  25.2063503   37.7175176
  25.2078983   37.7172873
  25.2094415   37.7170376
  25.2109795   37.7167688
  25.212512    37.7164808
  25.2140385   37.7161737
  25.2155588   37.7158475
  25.2170723   37.7155025
  25.2185787   37.7151386
  25.2186161   37.7151293
  25.2201047   37.7147493
  25.2215855   37.714351
  25.2230583   37.7139343
  25.2245226   37.7134995
  25.2259781   37.7130465
  25.2274245   37.7125756
  25.2288614   37.7120868
  25.2302884   37.7115802
  25.2317052   37.711056
  25.2331115   37.7105143
  25.2345068   37.7099553
  25.235891    37.709379
  25.2372081   37.7088095
  25.2382953   37.7084391
  25.239693    37.7079427
  25.2410808   37.7074294
  25.2417876   37.7071575
  25.2427358   37.7068742
  25.2442084   37.7064129
  25.2456716   37.7059333
  25.2471249   37.7054353
  25.2485681   37.7049191
  25.2500007   37.7043849
  25.2514225   37.7038328
  25.252833    37.7032629
  25.2542319   37.7026753
  25.2556188   37.7020703
  25.2569934   37.7014479
  25.2583554   37.7008083
  25.2583997   37.7007871
  25.2597453   37.7001322
  25.2610776   37.6994606
  25.2623962   37.6987723
  25.263701    37.6980676
  25.2649915   37.6973466
  25.2653602   37.6971337
  25.2663658   37.6968879
  25.2678532   37.6965041
  25.2693329   37.6961019
  25.2708044   37.6956814
  25.2722674   37.6952427
  25.2737215   37.6947859
  25.2751665   37.6943111
  25.2766018   37.6938184
  25.2780272   37.693308
  25.2794423   37.69278
  25.2808468   37.6922345
  25.2822403   37.6916717
  25.2836224   37.6910916
  25.284993    37.6904945
  25.2863515   37.6898804
  25.2876977   37.6892495
  25.2890312   37.688602
  25.2903518   37.6879381
  25.291659    37.6872578
  25.2929526   37.6865614
  25.2942323   37.6858491
  25.2954976   37.685121
  25.2967485   37.6843772
  25.2971937   37.6841081
  25.2984382   37.6833436
  25.2996673   37.6825636
  25.3008807   37.6817683
  25.3020781   37.6809579
  25.3032592   37.6801327
  25.3044237   37.6792929
  25.304832    37.6789889
  25.3049064   37.6789541
  25.3062518   37.6783029
  25.3075841   37.6776348
  25.3089028   37.6769502
  25.3102077   37.6762492
  25.3114985   37.6755319
  25.3127748   37.6747986
  25.3140363   37.6740494
  25.3152826   37.6732845
  25.3165136   37.6725041
  25.3177288   37.6717084
  25.318928    37.6708976
  25.3201109   37.6700719
  25.3212771   37.6692315
  25.3224264   37.6683766
  25.3235585   37.6675074
  25.3246731   37.6666242
  25.3257699   37.6657271
  25.3259444   37.6655821
  25.3270187   37.6646753
  25.3280749   37.6637552
  25.3291126   37.662822
  25.3301316   37.6618761
  25.3311317   37.6609175
  25.3321127   37.6599466
  25.3330742   37.6589636
  25.3340161   37.6579687
  25.3349381   37.6569622
  25.3358399   37.6559443
  25.3367215   37.6549153
  25.3375825   37.6538754
  25.3384227   37.652825
  25.3392419   37.6517641
  25.3400399   37.6506932
  25.3408166   37.6496125
  25.3415717   37.6485222
  25.342305    37.6474226
  25.3430164   37.646314
  25.3437057   37.6451967
  25.3443727   37.6440709
  25.3450172   37.6429369
  25.3456392   37.641795
  25.3462383   37.6406454
  25.3468146   37.6394886
  25.3473678   37.6383247
  25.3478978   37.637154
  25.3484045   37.6359768
  25.3488877   37.6347935
  25.3493474   37.6336042
  25.3497834   37.6324094
  25.3501956   37.6312093
  25.3505839   37.6300041
  25.3509482   37.6287943
  25.3512884   37.62758
  25.3516045   37.6263616
  25.3518963   37.6251394
  25.3521639   37.6239137
  25.352407    37.6226849
  25.3526257   37.6214531
  25.3528199   37.6202187
  25.3529896   37.618982
  25.3531346   37.6177434
  25.3531447   37.6176491
  25.3532681   37.6163748
  25.3533655   37.615099
  25.3534369   37.6138221
  25.3534822   37.6125445
  25.3535014   37.6112664
  25.3534945   37.6099883
  25.3534615   37.6087104
  25.3534025   37.607433
  25.3533542   37.6067087
  25.3533805   37.6060257
  25.3533946   37.605263
  25.353422    37.6050023
  25.3535263   37.6037768
  25.3536067   37.6025502
  25.3536629   37.6013227
  25.3536943   37.600126
  25.3538183   37.5989288
  25.3539219   37.5976893
  25.3540009   37.5964487
  25.3540554   37.5952073
  25.3540852   37.5939652
  25.3540904   37.592723
  25.3540709   37.5914808
  25.3540269   37.590239
  25.3539582   37.5889979
  25.353865    37.5877578
  25.3538196   37.5872245
  25.353699    37.5859598
  25.3535529   37.5846967
  25.3533813   37.5834357
  25.3531841   37.5821769
  25.3529615   37.5809208
  25.3527571   37.5798878
  25.3527538   37.5798368
  25.3527286   37.579505
  25.3541477   37.5794184
  25.3557317   37.5793016
  25.3573131   37.5791648
  25.3588916   37.579008
  25.3604667   37.5788314
  25.3616368   37.578685
  25.3627114   37.5785891
  25.3642647   37.5784309
  25.3658146   37.5782534
  25.3673609   37.5780567
  25.3689031   37.5778407
  25.3694781   37.5777565
  25.3710151   37.5775215
  25.3725473   37.5772674
  25.3740743   37.5769943
  25.3755957   37.5767023
  25.3766859   37.5764786
  25.3781182   37.5761978
  25.3796343   37.5758806
  25.3810297   37.5755698
  25.38211     37.5756202
  25.3836677   37.5756734
  25.3852262   37.5757073
  25.3864131   37.5757185
  25.3868745   37.575748
  25.3884332   37.5758284
  25.3899933   37.5758895
  25.3915544   37.5759312
  25.3931162   37.5759536
  25.3946782   37.5759566
  25.39624     37.5759402
  25.3978014   37.5759045
  25.3993619   37.5758493
  25.3994857   37.5758434
  25.399543    37.5758439
  25.4011078   37.5758379
  25.4026723   37.5758124
  25.4037863   37.5757873
  25.4053651   37.5757419
  25.4069429   37.5756766
  25.4085191   37.5755916
  25.4100935   37.5754868
  25.4116656   37.5753623
  25.413235    37.575218
  25.4148013   37.5750541
  25.4163641   37.5748706
  25.4179231   37.5746675
  25.4194778   37.5744449
  25.4210279   37.5742027
  25.422573    37.5739412
  25.4241126   37.5736603
  25.4256465   37.5733602
  25.4271741   37.5730408
  25.4286952   37.5727023
  25.4302094   37.5723448
  25.4317162   37.5719683
  25.4332153   37.571573
  25.4347063   37.5711589
  25.4361889   37.5707261
  25.4376626   37.5702749
  25.4391272   37.5698051
  25.4405821   37.5693171
  25.4420272   37.5688109
  25.4423865   37.5686823
  25.4438203   37.5681583
  25.4452435   37.5676164
  25.4455417   37.5674983
  25.4465496   37.5671247
  25.4479546   37.5665824
  25.4493488   37.5660228
  25.449777    37.5658475
  25.451167    37.5652677
  25.4525453   37.5646705
  25.4539116   37.5640563
  25.4552655   37.5634251
  25.4566067   37.562777
  25.4579349   37.5621123
  25.4592498   37.5614312
  25.4605509   37.5607337
  25.461838    37.56002
  25.4631109   37.5592904
  25.464369    37.558545
  25.4656123   37.5577839
  25.4668402   37.5570075
  25.4680526   37.5562158
  25.468816    37.5557011
  25.4689725   37.5556369
  25.4700032   37.5552823
  25.4714472   37.5547638
  25.4728806   37.5542272
  25.4741796   37.5537207
  25.4744364   37.5536951
  25.4748678   37.5536465
  25.4752997   37.5536003
  25.475644    37.5535591
  25.4759888   37.5535203
  25.4764192   37.5534664
  25.4768501   37.5534148
  25.4771936   37.5533694
  25.4775375   37.5533263
  25.4779668   37.553267
  25.4783967   37.5532101
  25.4787392   37.5531603
  25.4790822   37.553113
  25.4795103   37.5530483
  25.479939    37.5529861
  25.4802805   37.5529321
  25.4806225   37.5528804
  25.4810493   37.5528105
  25.4814766   37.5527429
  25.481817    37.5526846
  25.482158    37.5526287
  25.4825833   37.5525535
  25.4830093   37.5524806
  25.4833485   37.5524181
  25.4836883   37.552358
  25.4841121   37.5522774
  25.4845366   37.5521992
  25.4848745   37.5521325
  25.4852131   37.5520682
  25.4856352   37.5519824
  25.4860581   37.5518989
  25.4863946   37.551828
  25.4867319   37.5517594
  25.4871523   37.5516684
  25.4875735   37.5515796
  25.4879086   37.5515046
  25.4882444   37.5514318
  25.488663    37.5513355
  25.4890823   37.5512416
  25.4894159   37.5511623
  25.4897503   37.5510854
  25.4901669   37.5509839
  25.4905843   37.5508847
  25.4909163   37.5508013
  25.4912491   37.5507203
  25.4916636   37.5506136
  25.492079    37.5505092
  25.4924093   37.5504217
  25.4927405   37.5503365
  25.4931528   37.5502247
  25.4935661   37.5501152
  25.4938946   37.5500236
  25.4942241   37.5499342
  25.4946342   37.5498173
  25.4950452   37.5497026
  25.4953719   37.5496069
  25.4956995   37.5495135
  25.4961072   37.5493915
  25.4963125   37.5493314
  25.4963092   37.5493336
  25.4964186   37.5493003
  25.496516    37.5492717
  25.4968407   37.549172
  25.4971664   37.5490745
  25.4973957   37.5490026
  25.497778    37.5488861
  25.4979554   37.5488295
  25.497978    37.5488226
  25.4980836   37.5487886
  25.4984016   37.5486871
  25.4986245   37.5486172
  25.4987602   37.5485727
  25.4992377   37.5484203
  25.5000048   37.5481643
  25.5000733   37.5481419
  25.5001156   37.5481274
  25.500688    37.5479364
  25.5021285   37.5474343
  25.5035589   37.5469143
  25.5049787   37.5463765
  25.5063876   37.545821
  25.5077854   37.545248
  25.5091715   37.5446576
  25.5105458   37.5440499
  25.5119078   37.5434251
  25.5132572   37.5427833
  25.5145937   37.5421248
  25.515917    37.5414496
  25.5172266   37.540758
  25.5185223   37.5400501
  25.5198038   37.539326
  25.5210708   37.5385861
  25.5223229   37.5378304
  25.5223392   37.5378202
  25.5237701   37.5374563
  25.5252554   37.537058
  25.5267326   37.5366413
  25.5282014   37.5362063
  25.5296614   37.535753
  25.5311122   37.5352815
  25.5325535   37.5347921
  25.533985    37.5342847
  25.5354062   37.5337596
  25.5368168   37.5332169
  25.5382166   37.5326566
  25.539605    37.532079
  25.5409818   37.5314841
  25.5423467   37.5308722
  25.5436993   37.5302433
  25.5450393   37.5295977
  25.5463663   37.5289354
  25.5476801   37.5282567
  25.5489802   37.5275617
  25.5502664   37.5268506
  25.5515384   37.5261235
  25.5527958   37.5253807
  25.5540383   37.5246223
  25.5552657   37.5238485
  25.5564776   37.5230595
  25.5576737   37.5222555
  25.5588538   37.5214367
  25.5600175   37.5206032
  25.5611645   37.5197554
  25.5622946   37.5188934
  25.5634075   37.5180174
  25.5645029   37.5171276
  25.5655806   37.5162243
  25.5666402   37.5153076
  25.5676816   37.5143779
  25.5687044   37.5134353
  25.5697084   37.51248
  25.5706934   37.5115124
  25.5716591   37.5105325
  25.5717281   37.5104614
  25.5726805   37.509463
  25.5736129   37.5084528
  25.5745251   37.507431
  25.5754167   37.5063979
  25.5762877   37.5053537
  25.5771377   37.5042987
  25.5779666   37.5032332
  25.5783118   37.5027732
  25.5797984   37.5027606
  25.5813612   37.502728
  25.5829231   37.5026759
  25.5844838   37.5026044
  25.586043    37.5025135
  25.5876001   37.5024033
  25.5891549   37.5022737
  25.5907069   37.5021249
  25.5922558   37.5019568
  25.5938012   37.5017694
  25.5953427   37.5015629
  25.5968799   37.5013372
  25.5984125   37.5010925
  25.5999401   37.5008288
  25.6014622   37.5005461
  25.6029786   37.5002445
  25.6044889   37.4999241
  25.6059927   37.4995851
  25.6074896   37.4992273
  25.6089792   37.498851
  25.6104612   37.4984563
  25.6119353   37.4980431
  25.613401    37.4976117
  25.614858    37.4971622
  25.616306    37.4966946
  25.6177445   37.496209
  25.6178062   37.4961877
  25.6192688   37.4956722
  25.6207209   37.4951381
  25.6221619   37.4945857
  25.6235916   37.4940149
  25.6250095   37.4934261
  25.6264154   37.4928192
  25.6278089   37.4921946
  25.6291895   37.4915523
  25.630557    37.4908925
  25.6319109   37.4902154
  25.6321352   37.4900993
  25.6327414   37.4897972
  25.6340568   37.4891185
  25.6353586   37.4884235
  25.6366465   37.4877124
  25.6379202   37.4869852
  25.6391793   37.4862423
  25.6404235   37.4854838
  25.6416525   37.4847098
  25.6428661   37.4839206
  25.6440638   37.4831163
  25.6452455   37.4822972
  25.6464108   37.4814634
  25.6475595   37.4806152
  25.6486912   37.4797527
  25.6498057   37.4788763
  25.6509027   37.477986
  25.6519819   37.4770822
  25.6530431   37.476165
  25.654086    37.4752346
  25.6551104   37.4742914
  25.6561159   37.4733354
  25.6571024   37.4723671
  25.6580696   37.4713865
  25.6590172   37.470394
  25.6599451   37.4693898
  25.6608529   37.4683741
  25.6617406   37.4673471
  25.6626078   37.4663093
  25.6634543   37.4652607
  25.6642799   37.4642017
  25.6650845   37.4631325
  25.6658678   37.4620533
  25.6666297   37.4609645
  25.6673699   37.4598664
  25.6680882   37.4587591
  25.6687846   37.457643
  25.6694587   37.4565183
  25.6701105   37.4553853
  25.6707398   37.4542443
  25.6713464   37.4530955
  25.6719302   37.4519394
  25.672491    37.450776
  25.6730288   37.4496058
  25.6735432   37.448429
  25.6740344   37.447246
  25.674502    37.4460569
  25.6749461   37.4448621
  25.6753664   37.4436619
  25.6757629   37.4424566
  25.6761355   37.4412464
  25.6764842   37.4400318
  25.6768087   37.4388129
  25.677109    37.4375901
  25.6773851   37.4363637
  25.6776369   37.4351339
  25.6778644   37.4339012
  25.6780673   37.4326657
  25.6780797   37.4325854
  25.6782587   37.4313445
  25.6784129   37.4301015
  25.6785425   37.4288568
  25.6786474   37.4276105
  25.6787275   37.4263631
  25.6787829   37.4251148
  25.6788135   37.4238659
  25.6788193   37.4226168
  25.6788004   37.4213678
  25.6787566   37.4201191
  25.6786881   37.4188711
  25.6785948   37.4176241
  25.6784769   37.4163784
  25.6783342   37.4151343
  25.6781668   37.4138921
  25.6779748   37.4126522
  25.6777583   37.4114148
  25.6775172   37.4101802
  25.6772517   37.4089488
  25.6769618   37.4077208
  25.6766476   37.4064966
  25.6763091   37.4052765
  25.676309    37.4052763
  25.6761991   37.4048711
  25.675842    37.4036489
  25.6754606   37.4024313
  25.675055    37.4012186
  25.6746253   37.4000111
  25.6741716   37.3988092
  25.673694    37.3976131
  25.6731926   37.3964232
  25.6726676   37.3952397
  25.6721191   37.3940629
  25.6715473   37.3928932
  25.6709522   37.3917307
  25.670334    37.3905759
  25.6696929   37.3894289
  25.6690291   37.3882902
  25.6683426   37.3871599
  25.6676338   37.3860384
  25.6673818   37.385655
  25.6669225   37.3847614
  25.6663044   37.3836108
  25.6656635   37.3824682
  25.665       37.3813336
  25.6643141   37.3802075
  25.663736    37.3792955
  25.6631501   37.3782536
  25.6624694   37.3770939
  25.6617653   37.375943
  25.6610379   37.3748013
  25.6602874   37.373669
  25.6595141   37.3725465
  25.658718    37.3714341
  25.6578995   37.370332
  25.6570587   37.3692404
  25.6561959   37.3681598
  25.6551678   37.3668949
  25.6543022   37.3658482
  25.653416    37.3648125
  25.6525094   37.363788
  25.6515825   37.362775
  25.6506355   37.3617738
  25.6496689   37.3607845
  25.6486827   37.3598075
  25.6476772   37.358843
  25.6466526   37.3578912
  25.6456093   37.3569523
  25.6445475   37.3560267
  25.6434675   37.3551145
  25.6423694   37.3542159
  25.6412536   37.3533312
  25.6401204   37.3524606
  25.6389701   37.3516044
  25.6378029   37.3507627
  25.6366191   37.3499357
  25.6354191   37.3491236
  25.6342031   37.3483268
  25.6329714   37.3475452
  25.6317243   37.3467793
  25.6304622   37.346029
  25.6291853   37.3452947
  25.627894    37.3445765
  25.6265886   37.3438746
  25.6252695   37.3431892
  25.6239369   37.3425203
  25.6225911   37.3418683
  25.6212326   37.3412333
  25.6198617   37.3406154
  25.6184786   37.3400147
  25.6170838   37.3394315
  25.6156776   37.3388659
  25.6142604   37.338318
  25.6136809   37.3381029
  25.6130568   37.3378402
  25.6116622   37.3372754
  25.6102567   37.336728
  25.6097226   37.3365241
  25.6083132   37.3359968
  25.6068936   37.335487
  25.6054641   37.3349949
  25.6040251   37.3345205
  25.6025771   37.3340641
  25.6011202   37.3336257
  25.5996549   37.3332054
  25.5981816   37.3328034
  25.5967005   37.3324197
  25.5952121   37.3320544
  25.5937167   37.3317076
  25.5922146   37.3313794
  25.5907063   37.3310699
  25.5891922   37.3307791
  25.5876725   37.3305071
  25.5861476   37.3302541
  25.584618    37.33002
  25.5830839   37.3298049
  25.5815459   37.3296089
  25.5800041   37.3294319
  25.5784591   37.3292742
  25.5769112   37.3291356
  25.5753607   37.3290162
  25.5738081   37.3289161
  25.5722537   37.3288353
  25.5706979   37.3287737
  25.5691411   37.3287315
  25.5675837   37.3287086
  25.566026    37.328705
  25.5644684   37.3287208
  25.5629113   37.3287559
  25.5613551   37.3288102
  25.5598002   37.3288839
  25.5582468   37.3289769
  25.5566955   37.3290892
  25.5553015   37.3292075
  25.554618    37.3292506
  25.5530511   37.3293691
  25.5514868   37.3295072
  25.5499254   37.329665
  25.5483674   37.3298423
  25.546813    37.3300391
  25.5452628   37.3302553
  25.543717    37.330491
  25.5421761   37.330746
  25.5406405   37.3310203
  25.5391104   37.3313138
  25.5375864   37.3316265
  25.5360688   37.3319582
  25.534558    37.332309
  25.5330542   37.3326786
  25.531558    37.333067
  25.5308681   37.3332509
  25.5305712   37.3333227
  25.5290789   37.333704
  25.5275943   37.3341039
  25.5261178   37.3345224
  25.5246497   37.3349591
  25.5231905   37.3354142
  25.5217404   37.3358874
  25.5202998   37.3363787
  25.5188691   37.3368879
  25.5174487   37.3374148
  25.5160388   37.3379595
  25.5146398   37.3385217
  25.5132522   37.3391012
  25.5118761   37.339698
  25.510512    37.340312
  25.5091602   37.3409428
  25.507821    37.3415905
  25.5064948   37.3422548
  25.5051819   37.3429355
  25.5038826   37.3436326
  25.5035746   37.3438006
  25.5029974   37.3441179
  25.5025066   37.3443897
  25.5012252   37.3451114
  25.4999583   37.345849
  25.4987062   37.3466023
  25.4974691   37.3473712
  25.4962474   37.3481554
  25.4950413   37.3489548
  25.4938513   37.3497692
  25.4926774   37.3505984
  25.4923172   37.350861
  25.491271    37.3515588
  25.4900818   37.3523777
  25.4889089   37.3532113
  25.4877528   37.3540596
  25.4866136   37.3549222
  25.4854916   37.3557989
  25.4843872   37.3566896
  25.4833005   37.357594
  25.482232    37.3585119
  25.4811817   37.3594431
  25.4801501   37.3603873
  25.4791373   37.3613443
  25.4781436   37.3623138
  25.477895    37.3625644
  25.4776121   37.3625725
  25.4766615   37.3626119
  25.4759314   37.3619519
  25.4758404   37.361871
  25.4747946   37.3609551
  25.473731    37.3600523
  25.4726498   37.3591627
  25.4715514   37.3582867
  25.4704358   37.3574243
  25.4693035   37.3565759
  25.4687465   37.3561713
  25.4682467   37.3557928
  25.4670891   37.3549431
  25.4659147   37.3541082
  25.4647239   37.353288
  25.463517    37.3524829
  25.4622942   37.351693
  25.4610559   37.3509185
  25.4598024   37.3501597
  25.4585339   37.3494167
  25.4572509   37.3486897
  25.4559536   37.3479788
  25.4546423   37.3472844
  25.4533175   37.3466064
  25.4519793   37.3459452
  25.4506281   37.3453008
  25.4492644   37.3446735
  25.4478883   37.3440633
  25.4465003   37.3434705
  25.4451008   37.3428952
  25.4436899   37.3423375
  25.4422682   37.3417976
  25.4408359   37.3412756
  25.4393935   37.3407716
  25.4379412   37.3402857
  25.4364794   37.3398182
  25.4350086   37.339369
  25.433529    37.3389384
  25.432041    37.3385264
  25.4305451   37.3381331
  25.4290415   37.3377586
  25.4275307   37.3374031
  25.426013    37.3370665
  25.4244889   37.336749
  25.4229586   37.3364507
  25.4214226   37.3361717
  25.4198812   37.3359119
  25.4183349   37.3356715
  25.416784    37.3354506
  25.4152289   37.3352491
  25.41367     37.3350672
  25.4121076   37.3349049
  25.4105423   37.3347622
  25.4089743   37.3346391
  25.4076028   37.3345489
  25.4075674   37.3345363
  25.4061122   37.3340427
  25.4046474   37.3335675
  25.4031733   37.3331109
  25.4016903   37.3326728
  25.4001988   37.3322535
  25.3986991   37.3318531
  25.3971916   37.3314715
  25.3960219   37.3311917
  25.3959903   37.3311829
  25.394504    37.3307879
  25.39301     37.3304116
  25.3915088   37.3300539
  25.3900008   37.3297151
  25.3893484   37.3295772
  25.3884743   37.3292752
  25.3870095   37.328791
  25.3855351   37.3283253
  25.3855085   37.3283171
  25.384024    37.3278698
  25.3825307   37.3274413
  25.3810291   37.3270317
  25.3795194   37.3266412
  25.3780022   37.3262698
  25.3764777   37.3259177
  25.3749463   37.3255849
  25.3734085   37.3252714
  25.3718646   37.3249775
  25.3703151   37.3247031
  25.3687602   37.3244484
  25.3672004   37.3242134
  25.3656362   37.3239981
  25.3640678   37.3238026
  25.3624957   37.323627
  25.3609203   37.3234713
  25.359342    37.3233355
  25.3577612   37.3232197
  25.3561782   37.3231239
  25.3547978   37.3230579
  25.3545605   37.3229286
  25.3532589   37.3222429
  25.3519439   37.3215735
  25.350616    37.3209205
  25.3492754   37.3202841
  25.3479224   37.3196645
  25.3465574   37.3190617
  25.3451807   37.318476
  25.3437926   37.3179075
  25.3432006   37.3176743
  25.3428914   37.317365
  25.3418934   37.3163983
  25.3408764   37.3154442
  25.3398406   37.314503
  25.3387863   37.3135748
  25.3377138   37.31266
  25.3366232   37.3117587
  25.3355149   37.3108712
  25.3343892   37.3099976
  25.3332464   37.3091383
  25.3320866   37.3082934
  25.3309103   37.3074631
  25.3297176   37.3066477
  25.328509    37.3058473
  25.3272846   37.3050621
  25.3260448   37.3042924
  25.32479     37.3035382
  25.3235204   37.3027999
  25.3222363   37.3020776
  25.320938    37.3013715
  25.319626    37.3006817
  25.3183004   37.3000085
  25.3169617   37.2993519
  25.3156101   37.2987122
  25.314246    37.2980895
  25.3128698   37.297484
  25.3114817   37.2968958
  25.3100822   37.296325
  25.3086715   37.2957719
  25.3072501   37.2952365
  25.3058182   37.294719
  25.3043762   37.2942195
  25.3029246   37.2937381
  25.3014636   37.2932749
  25.2999936   37.2928302
  25.2985149   37.2924039
  25.2970281   37.2919962
  25.2955333   37.2916072
  25.294031    37.291237
  25.2925215   37.2908856
  25.2910053   37.2905532
  25.2894827   37.2902399
  25.2879541   37.2899456
  25.2864199   37.2896706
  25.2848803   37.2894148
  25.283336    37.2891784
  25.2817871   37.2889614
  25.2815969   37.2889359
  25.280071    37.2887416
  25.2785415   37.2885661
  25.2770087   37.2884094
  25.2754731   37.2882716
  25.273935    37.2881528
  25.2723948   37.2880529
  25.2708528   37.287972
  25.2693094   37.2879101
  25.267765    37.2878672
  25.26622     37.2878434
  25.2646746   37.2878386
  25.2631294   37.2878528
  25.2615846   37.287886
  25.2600407   37.2879383
  25.2584979   37.2880096
  25.2569568   37.2880998
  25.2554176   37.2882091
  25.2538806   37.2883372
  25.2523464   37.2884843
  25.2508152   37.2886503
  25.2492874   37.2888351
  25.2477634   37.2890387
  25.2462436   37.2892611
  25.2447282   37.2895021
  25.2432177   37.2897618
  25.2417125   37.2900401
  25.2402129   37.2903368
  25.240186    37.2903425
  25.2396621   37.2902498
  25.2381531   37.2900022
  25.2366395   37.2897731
  25.2351216   37.2895627
  25.2335999   37.2893709
  25.2320746   37.2891978
  25.2305461   37.2890435
  25.2290148   37.288908
  25.227481    37.2887913
  25.2259452   37.2886934
  25.2244077   37.2886144
  25.2228688   37.2885543
  25.2213289   37.2885131
  25.2197884   37.2884908
  25.2182477   37.2884875
  25.216707    37.288503
  25.2163433   37.2885089
  25.2147883   37.2885438
  25.2132341   37.288598
  25.2116812   37.2886714
  25.21013     37.2887641
  25.2085807   37.288876
  25.2070338   37.2890071
  25.2054897   37.2891574
  25.2039487   37.2893268
  25.2024111   37.2895152
  25.2008775   37.2897227
  25.1993482   37.2899492
  25.1978234   37.2901947
  25.1963036   37.290459
  25.1947892   37.2907421
  25.1932806   37.291044
  25.191778    37.2913645
  25.1913689   37.2914545
  25.189852    37.2917984
  25.1883422   37.2921614
  25.1868397   37.2925433
  25.185345    37.2929441
  25.1838585   37.2933636
  25.1823805   37.2938017
  25.1809113   37.2942583
  25.1794514   37.2947334
  25.1780012   37.2952267
  25.1765609   37.2957382
  25.175131    37.2962677
  25.1737117   37.2968152
  25.1723035   37.2973804
  25.1709067   37.2979632
  25.1695217   37.2985635
  25.1681487   37.2991812
  25.1667882   37.299816
  25.1654405   37.3004678
  25.1641058   37.3011365
  25.1627847   37.3018219
  25.1614773   37.3025238
  25.160184    37.303242
  25.1589052   37.3039764
  25.1576411   37.3047267
  25.156392    37.3054929
  25.1551583   37.3062746
  25.1539404   37.3070717
  25.1527384   37.3078841
  25.1515526   37.3087114
  25.1503835   37.3095535
  25.1492313   37.3104102
  25.1480962   37.3112813
  25.1469785   37.3121665
  25.1458786   37.3130656
  25.1447967   37.3139784
  25.1437331   37.3149047
  25.1426879   37.3158443
  25.1416616   37.3167968
  25.1406544   37.3177621
  25.1399977   37.3184121
  25.1390795   37.3174581
  25.1381036   37.3164766
  25.1371084   37.3155075
  25.1370494   37.315451
  25.1360326   37.3144921
  25.1349968   37.3135461
  25.1339424   37.3126132
  25.1328696   37.3116937
  25.1317787   37.3107878
  25.1306699   37.3098956
  25.1295435   37.3090176
  25.1291685   37.3087343
  25.1289737   37.3085798
  25.1278453   37.3077126
  25.1266999   37.3068596
  25.1255378   37.3060211
  25.1243593   37.3051971
  25.1231646   37.304388
  25.1219541   37.303594
  25.1207281   37.3028151
  25.1194868   37.3020517
  25.1182306   37.3013038
  25.1169598   37.3005718
  25.1156746   37.2998557
  25.1143755   37.2991558
  25.1130627   37.2984722
  25.1117366   37.2978051
  25.1103974   37.2971547
  25.1090456   37.296521
  25.1076814   37.2959044
  25.1063051   37.2953049
  25.1049172   37.2947226
  25.103518    37.2941578
  25.1021078   37.2936106
  25.100687    37.293081
  25.0992558   37.2925693
  25.0978148   37.2920755
  25.0963641   37.2915998
  25.0949042   37.2911423
  25.0948617   37.2911293
  25.0933786   37.2906859
  25.0918868   37.2902613
  25.0903867   37.2898556
  25.0888787   37.2894688
  25.0873632   37.2891012
  25.0858405   37.2887527
  25.0843111   37.2884235
  25.0827753   37.2881137
  25.0812335   37.2878233
  25.0796861   37.2875524
  25.0781335   37.287301
  25.0765761   37.2870693
  25.0750143   37.2868573
  25.0734484   37.2866651
  25.0718789   37.2864926
  25.0703061   37.28634
  25.0687305   37.2862073
  25.0671525   37.2860945
  25.0655724   37.2860016
  25.0639906   37.2859287
  25.0624076   37.2858757
  25.0608238   37.2858428
  25.0592394   37.2858299
  25.0576551   37.285837
  25.056071    37.2858641
  25.0544877   37.2859111
  25.0529055   37.2859782
  25.0513249   37.2860653
  25.0497462   37.2861723
  25.0481699   37.2862992
  25.0465962   37.286446
  25.0450258   37.2866127
  25.0434588   37.2867991
  25.0418957   37.2870054
  25.0418581   37.2870106
  25.0402758   37.2872401
  25.0386983   37.2874899
  25.0371261   37.2877599
  25.0355595   37.2880499
  25.033999    37.2883601
  25.0324451   37.2886902
  25.030898    37.2890401
  25.0293581   37.2894099
  25.027826    37.2897993
  25.026302    37.2902084
  25.0247864   37.2906369
  25.0247505   37.2906473
  25.0232924   37.2910804
  25.021843    37.2915315
  25.0204025   37.2920006
  25.0189715   37.2924874
  25.0175501   37.292992
  25.0161389   37.2935141
  25.014738    37.2940536
  25.0133478   37.2946105
  25.0119688   37.2951845
  25.0106012   37.2957756
  25.0095825   37.2962323
  25.0093968   37.2963148
  25.0093298   37.2963456
  25.0092453   37.2963835
  25.0090105   37.2964927
  25.0080423   37.2969385
  25.0067003   37.297579
  25.0053711   37.2982362
  25.004055    37.2989099
  25.0027523   37.2995999
  25.0014634   37.3003061
  25.0001886   37.3010282
  24.9989282   37.3017662
  24.9976824   37.3025198
  24.9964517   37.3032888
  24.9952363   37.304073
  24.9940365   37.3048723
  24.9928525   37.3056865
  24.9916848   37.3065153
  24.9905336   37.3073586
  24.9893991   37.3082161
  24.9882817   37.3090876
  24.9874044   37.3097936
  24.9868435   37.3096048
  24.9853996   37.3091396
  24.9839467   37.3086924
  24.9824853   37.3082633
  24.9810155   37.3078524
  24.9795379   37.3074598
  24.9780528   37.3070855
  24.9765605   37.3067297
  24.9750614   37.3063925
  24.9735559   37.306074
  24.9720443   37.3057742
  24.970527    37.3054931
  24.9690044   37.305231
  24.9674768   37.3049878
  24.9659446   37.3047635
  24.9644083   37.3045583
  24.9642462   37.3045388
  24.9639525   37.3044915
  24.9624281   37.3042656
  24.9608995   37.3040587
  24.959367    37.3038706
  24.9578311   37.3037015
  24.956292    37.3035513
  24.955811    37.3035105
  24.9549315   37.3031942
  24.9534997   37.3027005
  24.9520582   37.3022247
  24.9506076   37.3017669
  24.9491482   37.3013272
  24.9476804   37.3009056
  24.9462044   37.3005024
  24.9447206   37.3001176
  24.9432295   37.2997512
  24.9430617   37.2997123
  24.9424388   37.2995083
  24.9409667   37.2990477
  24.9394857   37.2986057
  24.9391404   37.2985076
  24.9383917   37.2981209
  24.9370657   37.2974593
  24.9368632   37.29736
  24.9355139   37.2967101
  24.9341519   37.2960772
  24.9327775   37.2954615
  24.9313911   37.2948631
  24.9299929   37.2942823
  24.9285833   37.2937191
  24.9271628   37.2931737
  24.9257316   37.2926462
  24.9242901   37.2921367
  24.9228386   37.2916455
  24.9216025   37.2912453
  24.920877    37.2909625
  24.9194913   37.290443
  24.9180957   37.2899406
  24.9166906   37.2894553
  24.9152762   37.2889871
  24.9138531   37.2885363
  24.9124214   37.2881029
  24.9109815   37.2876871
  24.9095337   37.2872888
  24.9080785   37.2869083
  24.906616    37.2865456
  24.9051468   37.2862008
  24.903671    37.285874
  24.9021892   37.2855652
  24.9007016   37.2852745
  24.900088    37.2851586
  24.8985933   37.2848859
  24.8970936   37.2846315
  24.8955891   37.2843954
  24.8940803   37.2841777
  24.8925674   37.2839785
  24.8910509   37.2837979
  24.8895311   37.2836357
  24.8880083   37.2834922
  24.8864829   37.2833673
  24.8849553   37.2832611
  24.8834258   37.2831735
  24.8818948   37.2831047
  24.8803627   37.2830545
  24.8788297   37.2830231
  24.8772964   37.2830105
  24.875763    37.2830166
  24.8742298   37.2830414
  24.8726974   37.2830849
  24.8725699   37.2830894
  24.8712877   37.2831402
  24.8700065   37.2832042
  24.8694467   37.283235
  24.8678397   37.2833339
  24.8662349   37.2834534
  24.8646328   37.2835936
  24.8630337   37.2837542
  24.8614381   37.2839355
  24.8598464   37.2841371
  24.8582589   37.2843592
  24.8566762   37.2846017
  24.8550986   37.2848645
  24.854912    37.2848968
  24.8533428   37.2851793
  24.8517795   37.2854818
  24.8502226   37.2858044
  24.8486723   37.2861468
  24.8471293   37.2865091
  24.8455937   37.2868912
  24.8440661   37.2872929
  24.8425468   37.2877141
  24.8410363   37.2881547
  24.8395349   37.2886147
  24.838043    37.2890938
  24.836561    37.2895921
  24.8350892   37.2901092
  24.8336282   37.2906451
  24.8321782   37.2911997
  24.8307396   37.2917729
  24.8293128   37.2923643
  24.8291222   37.2924449
  24.8277518   37.2930352
  24.8263932   37.2936424
  24.8250466   37.2942665
  24.8237124   37.2949071
  24.822391    37.2955643
  24.8210826   37.2962378
  24.8197876   37.2969274
  24.8185063   37.2976331
  24.817239    37.2983545
  24.815986    37.2990916
  24.8147476   37.2998442
  24.8135242   37.300612
  24.812316    37.3013949
  24.8111232   37.3021928
  24.8099463   37.3030053
  24.8087855   37.3038323
  24.807641    37.3046737
  24.8065132   37.3055291
  24.8054024   37.3063985
  24.8043087   37.3072815
  24.8032325   37.308178
  24.802174    37.3090877
  24.8011335   37.3100104
  24.8001112   37.310946
  24.7991074   37.3118941
  24.7981224   37.3128545
  24.7971563   37.313827
  24.7962094   37.3148114
  24.795282    37.3158075
  24.7943743   37.3168149
  24.7934864   37.3178334
  24.7926186   37.3188629
  24.7917711   37.3199029
  24.7909442   37.3209534
  24.7906564   37.3213254
  24.7898662   37.3223645
  24.7890961   37.3234131
  24.7883462   37.3244709
  24.7876168   37.3255377
  24.786908    37.3266133
  24.7862199   37.3276973
  24.7855528   37.3287895
  24.7849068   37.3298898
  24.784282    37.3309977
  24.7836786   37.3321131
  24.7830968   37.3332357
  24.7825366   37.3343652
  24.7819982   37.3355013
  24.7814817   37.3366439
  24.7809873   37.3377926
  24.780515    37.3389472
  24.780065    37.3401073
  24.7798322   37.3407242
  24.7796413   37.3412452
  24.7791368   37.3418171
  24.7782572   37.3428482
  24.777398    37.3438901
  24.7765596   37.3449427
  24.775742    37.3460055
  24.7749568   37.3470633
  24.7747981   37.3472283
  24.7738637   37.3482322
  24.7729493   37.3492476
  24.7720551   37.3502743
  24.7711813   37.3513121
  24.7703282   37.3523607
  24.769496    37.3534198
  24.7686848   37.3544892
  24.7678949   37.3555685
  24.7671265   37.3566576
  24.7663797   37.3577562
  24.7656547   37.3588639
  24.7649518   37.3599806
  24.7642711   37.3611059
  24.7636128   37.3622395
  24.7629769   37.3633812
  24.7623638   37.3645308
  24.7617735   37.3656878
  24.7612061   37.3668521
  24.7606619   37.3680232
  24.760141    37.3692011
  24.7596434   37.3703853
  24.7591694   37.3715755
  24.758719    37.3727715
  24.7582923   37.373973
  24.7578894   37.3751796
  24.7575106   37.3763911
  24.7571557   37.3776072
  24.756825    37.3788275
  24.7565184   37.3800518
  24.7562362   37.3812798
  24.7559783   37.3825111
  24.7557449   37.3837455
  24.7555359   37.3849826
  24.7553514   37.3862222
  24.7551915   37.3874639
  24.7550562   37.3887074
  24.7549456   37.3899524
  24.7548597   37.3911987
  24.7547984   37.3924458
  24.7547618   37.3936935
  24.75475     37.3949415
  24.7547569   37.3956074
  24.7547424   37.396745
  24.7547518   37.3980121
  24.7547867   37.3992788
  24.754847    37.4005449
  24.7549328   37.4018101
  24.755044    37.403074
  24.7551806   37.4043363
  24.7552718   37.4050455
  24.7552967   37.405293
  24.7554487   37.4065495
  24.7556259   37.4078039
  24.7558282   37.4090558
  24.7560555   37.4103051
  24.7563079   37.4115512
  24.7565852   37.412794
  24.7568727   37.4139728
  24.7569105   37.414305
  24.7570765   37.4155441
  24.757267    37.416781
  24.757482    37.4180153
  24.7575805   37.4185223
  24.7575815   37.4185317
  24.7577384   37.419786
  24.7579204   37.4210383
  24.7581274   37.422288
  24.7583594   37.423535
  24.7586164   37.4247788
  24.7588982   37.4260193
  24.7592048   37.427256
  24.7595361   37.4284886
  24.7598921   37.4297169
  24.7602727   37.4309405
  24.7606776   37.4321592
  24.761107    37.4333725
  24.7615605   37.4345803
  24.7617829   37.4351397
  24.7619123   37.4361628
  24.7620942   37.4374036
  24.7623008   37.438642
  24.7625318   37.4398776
  24.7627874   37.4411102
  24.7630674   37.4423394
  24.7633718   37.4435649
  24.7637004   37.4447864
  24.7640533   37.4460036
  24.7644303   37.4472163
  24.7648313   37.4484241
  24.7652562   37.4496267
  24.765705    37.4508238
  24.7661774   37.4520151
  24.7666735   37.4532003
  24.767193    37.4543792
  24.7677359   37.4555514
  24.7683019   37.4567166
  24.7688911   37.4578746
  24.7695031   37.4590251
  24.7701379   37.4601677
  24.7707954   37.4613023
  24.7714752   37.4624285
  24.7721774   37.463546
  24.7729016   37.4646545
  24.7736478   37.4657539
  24.7744157   37.4668438
  24.7752052   37.4679239
  24.776016    37.4689939
  24.7768479   37.4700537
  24.7777008   37.471103
  24.7785744   37.4721414
  24.7794686   37.4731688
  24.780383    37.4741848
  24.7813175   37.4751892
  24.7822718   37.4761819
  24.782512    37.4764237
  24.7825763   37.4764946
  24.7835135   37.4774939
  24.7844703   37.4784814
  24.7846703   37.4786813
  24.7842188   37.4795074
  24.783644    37.480604
  24.7830899   37.4817072
  24.7825568   37.4828169
  24.7825124   37.4829115
  24.7819757   37.4840822
  24.7814623   37.4852594
  24.7809723   37.4864429
  24.7805058   37.4876323
  24.7800629   37.4888274
  24.7796438   37.4900278
  24.7792485   37.4912333
  24.7788772   37.4924436
  24.7785299   37.4936584
  24.7782067   37.4948772
  24.7779078   37.4961
  24.7776331   37.4973263
  24.7773827   37.4985559
  24.7771567   37.4997884
  24.7769552   37.5010236
  24.7767783   37.5022611
  24.7766258   37.5035007
  24.776498    37.5047419
  24.7764812   37.5049444
  24.7755865   37.5047776
  24.7740461   37.5045107
  24.7725005   37.5042632
  24.7709503   37.5040351
  24.7693957   37.5038264
  24.7678371   37.5036372
  24.766275    37.5034675
  24.7647097   37.5033175
  24.7631416   37.5031871
  24.7615711   37.5030763
  24.7599986   37.5029853
  24.7584244   37.5029139
  24.7568491   37.5028623
  24.7552729   37.5028305
  24.7536962   37.5028184
  24.7521196   37.502826
  24.7505432   37.5028534
  24.7489677   37.5029006
  24.7473932   37.5029675
  24.7458203   37.5030541
  24.7442493   37.5031604
  24.7426806   37.5032864
  24.7411147   37.503432
  24.7395518   37.5035972
  24.7379924   37.503782
  24.7364368   37.5039863
  24.7348856   37.5042101
  24.733339    37.5044533
  24.7317974   37.5047158
  24.7302612   37.5049976
  24.7287309   37.5052986
  24.7272067   37.5056188
  24.7256891   37.505958
  24.7241784   37.5063162
  24.7226751   37.5066933
  24.7211794   37.5070891
  24.7196918   37.5075037
  24.7182127   37.5079368
  24.7167423   37.5083884
  24.7152812   37.5088584
  24.7138296   37.5093466
  24.7123878   37.5098529
  24.7109564   37.5103772
  24.7095356   37.5109194
  24.7081257   37.5114794
  24.7067272   37.5120569
  24.7053403   37.5126519
  24.7039654   37.5132641
  24.702603    37.5138935
  24.7012532   37.5145399
  24.7002199   37.5150526
  24.6998121   37.5150689
  24.6982384   37.5151514
  24.6966666   37.5152537
  24.695097    37.5153756
  24.6935301   37.5155172
  24.6919662   37.5156784
  24.6904056   37.5158592
  24.6888489   37.5160595
  24.6872964   37.5162793
  24.6857484   37.5165186
  24.6842054   37.5167772
  24.6826677   37.5170551
  24.6811358   37.5173522
  24.6796099   37.5176685
  24.6780906   37.5180039
  24.6765781   37.5183582
  24.6750729   37.5187315
  24.6735753   37.5191236
  24.6721102   37.5195276
  24.6711631   37.5196043
  24.6696122   37.5197493
  24.6680642   37.5199135
  24.6665197   37.520097
  24.664979    37.5202995
  24.6634425   37.5205212
  24.6619105   37.5207619
  24.6603835   37.5210216
  24.6588618   37.5213002
  24.6586344   37.5213448
  24.6571534   37.5213824
  24.6555717   37.5214426
  24.6539914   37.5215227
  24.6524129   37.5216226
  24.6508366   37.5217423
  24.6494785   37.5218628
  24.6492933   37.5218759
  24.6477293   37.5220066
  24.646168    37.5221567
  24.64461     37.5223264
  24.6430555   37.5225155
  24.641505    37.522724
  24.6399588   37.5229519
  24.6384173   37.523199
  24.6368809   37.5234654
  24.63535     37.5237509
  24.633825    37.5240555
  24.6323062   37.5243791
  24.630794    37.5247217
  24.6292888   37.5250831
  24.627791    37.5254633
  24.626301    37.5258622
  24.624819    37.5262796
  24.6233455   37.5267155
  24.6218808   37.5271697
  24.6204254   37.5276422
  24.6189795   37.5281328
  24.6175435   37.5286413
  24.6161179   37.5291678
  24.6147028   37.529712
  24.6132988   37.5302738
  24.6119061   37.5308531
  24.610525    37.5314497
  24.609156    37.5320635
  24.6077994   37.5326943
  24.6064554   37.533342
  24.6051245   37.5340064
  24.6038069   37.5346873
  24.6025031   37.5353846
  24.6012132   37.536098
  24.5999377   37.5368275
  24.5986769   37.5375729
  24.597431    37.5383339
  24.5972113   37.5384724
  24.5967959   37.5386845
  24.5955374   37.5393483
  24.5951142   37.5395752
  24.5935717   37.540419
  24.5928065   37.5408461
  24.5915093   37.5415824
  24.5902271   37.5423351
  24.5889602   37.5431039
  24.587709    37.5438887
  24.5864737   37.5446893
  24.5852548   37.5455054
  24.5840524   37.5463368
  24.582867    37.5471833
  24.5816988   37.5480447
  24.580548    37.5489208
  24.5794152   37.5498114
  24.5783003   37.5507162
  24.5772039   37.551635
  24.5769839   37.5518224
  24.5759167   37.5527457
  24.574868    37.5536822
  24.5738382   37.5546318
  24.5728275   37.5555942
  24.571836    37.5565691
  24.5708642   37.5575564
  24.5699122   37.5585556
  24.5689803   37.5595667
  24.5680686   37.5605894
  24.5671775   37.5616233
  24.5663072   37.5626683
  24.5654578   37.563724
  24.5646296   37.5647902
  24.5638227   37.5658667
  24.5630375   37.5669532
  24.5622741   37.5680493
  24.5615326   37.5691549
  24.5608133   37.5702696
  24.5601164   37.5713932
  24.559442    37.5725254
  24.5587902   37.5736658
  24.5581613   37.5748143
  24.5575555   37.5759705
  24.5569728   37.5771342
  24.5564133   37.578305
  24.5558774   37.5794826
  24.555365    37.5806668
  24.5548763   37.5818572
  24.5544115   37.5830536
  24.5539706   37.5842557
  24.5535538   37.5854631
  24.5531611   37.5866756
  24.5527927   37.5878929
  24.5524486   37.5891146
  24.552129    37.5903404
  24.5518339   37.59157
  24.5515634   37.5928032
  24.5513176   37.5940396
  24.5510965   37.5952789
  24.5509002   37.5965208
  24.5507286   37.597765
  24.550582    37.5990112
  24.5504603   37.600259
  24.5503635   37.6015082
  24.5502917   37.6027584
  24.5502448   37.6040093
  24.550223    37.6052607
  24.5502261   37.6065121
  24.5502542   37.6077634
  24.5503074   37.609014
  24.5503182   37.6092198
  24.5503952   37.610455
  24.5504966   37.611689
  24.5506224   37.6129216
  24.5507725   37.6141525
  24.5509468   37.6153814
  24.5511454   37.6166079
  24.5513682   37.6178318
  24.5516151   37.6190527
  24.5518861   37.6202705
  24.5521811   37.6214847
  24.5525001   37.622695
  24.5528429   37.6239013
  24.5532095   37.6251032
  24.5535998   37.6263003
  24.5540136   37.6274924
  24.554451    37.6286793
  24.5549117   37.6298606
  24.5553957   37.631036
  24.5559028   37.6322052
  24.556433    37.633368
  24.5569861   37.6345241
  24.5575619   37.6356732
  24.5581604   37.636815
  24.5582787   37.6370358
  24.5583536   37.6371755
  24.558981    37.6383208
  24.5596313   37.6394581
  24.5603041   37.6405871
  24.5609994   37.6417076
  24.5617169   37.6428192
  24.5624566   37.6439216
  24.5632181   37.6450147
  24.5640013   37.6460981
  24.564806    37.6471715
  24.5656321   37.6482348
  24.5664792   37.6492875
  24.5673473   37.6503295
  24.568236    37.6513605
  24.5691452   37.6523803
  24.5700746   37.6533886
  24.571024    37.654385
  24.5719932   37.6553695
  24.5729819   37.6563417
  24.5739898   37.6573015
  24.5750168   37.6582485
  24.5760625   37.6591825
  24.5771268   37.6601033
  24.5782092   37.6610107
  24.5793097   37.6619044
  24.5804278   37.6627843
  24.5811328   37.6633218
  24.5816878   37.663817
  24.5827511   37.6647361
  24.5838326   37.6656419
  24.584932    37.666534
  24.5860491   37.6674122
  24.5871835   37.6682764
  24.588335    37.6691264
  24.5895033   37.6699618
  24.5906881   37.6707825
  24.5918891   37.6715884
  24.593106    37.6723791
  24.5943385   37.6731545
  24.5955863   37.6739145
  24.5968491   37.6746587
  24.5981265   37.6753871
  24.5994184   37.6760995
  24.6007242   37.6767956
  24.6020438   37.6774753
  24.6033767   37.6781385
  24.6047227   37.6787849
  24.6060814   37.6794145
  24.6074525   37.680027
  24.6075475   37.6800687
  24.6089489   37.6806717
  24.6103622   37.6812569
  24.6117872   37.6818242
  24.6132235   37.6823733
  24.6146706   37.6829042
  24.6161283   37.6834168
  24.6175962   37.6839108
  24.6190738   37.6843863
  24.6205609   37.6848429
  24.622057    37.6852807
  24.6235617   37.6856996
  24.6250747   37.6860993
  24.6265956   37.6864799
  24.6281239   37.6868411
  24.6296594   37.687183
  24.6312016   37.6875055
  24.6327501   37.6878084
  24.6343045   37.6880917
  24.6358644   37.6883552
  24.6360785   37.68839
  24.6376264   37.6886313
  24.6380667   37.6886942
  24.6387219   37.6891799
  24.6398767   37.6900096
  24.6410477   37.6908249
  24.6422347   37.6916255
  24.6434373   37.6924114
  24.6446553   37.6931824
  24.6458884   37.6939381
  24.6471363   37.6946785
  24.6483986   37.6954034
  24.6496751   37.6961126
  24.6509654   37.6968059
  24.6522693   37.6974832
  24.6535864   37.6981443
  24.6549164   37.698789
  24.6562589   37.6994171
  24.6576137   37.7000286
  24.6589804   37.7006233
  24.6603587   37.701201
  24.6617482   37.7017615
  24.6631486   37.7023049
  24.6645596   37.7028308
  24.6659808   37.7033392
  24.6674118   37.70383
  24.6688524   37.7043031
  24.6703021   37.7047582
  24.6717607   37.7051954
  24.6732277   37.7056145
  24.6747028   37.7060155
  24.6761856   37.7063981
  24.6776758   37.7067624
  24.6791731   37.7071081
  24.6806769   37.7074354
  24.6821871   37.707744
  24.6837031   37.7080339
  24.6852247   37.708305
  24.6867515   37.7085573
  24.6882831   37.7087906
  24.6898191   37.7090051
  24.6913591   37.7092005
  24.6929028   37.7093768
  24.6944498   37.709534
  24.6959997   37.7096721
  24.6975522   37.709791
  24.6985488   37.7098612
  24.7001206   37.7099619
  24.7016942   37.7100429
  24.7032692   37.7101043
  24.7048453   37.710146
  24.706422    37.710168
  24.7067017   37.7101684
  24.7077437   37.7104013
  24.7092744   37.7107229
  24.7108114   37.7110252
  24.7123543   37.7113082
  24.7139026   37.7115718
  24.715456    37.7118159
  24.7170142   37.7120405
  24.7185766   37.7122455
  24.720143    37.7124309
  24.7217129   37.7125966
  24.7232859   37.7127426
  24.7248616   37.7128688
  24.7264397   37.7129752
  24.7280197   37.7130618
  24.7296012   37.7131285
  24.7311839   37.7131754
  24.7327673   37.7132024
  24.7343511   37.7132096
  24.7359348   37.7131968
  24.737518    37.7131642
  24.7391004   37.7131117
  24.7406816   37.7130394
  24.7422611   37.7129472
  24.7438385   37.7128352
  24.7454135   37.7127034
  24.7464301   37.7126055
  24.7477439   37.7125571
  24.7492835   37.7124816
  24.7508213   37.7123873
  24.7523572   37.7122741
  24.7538906   37.7121422
  24.7554213   37.7119916
  24.7569489   37.7118223
  24.758473    37.7116344
  24.7599932   37.7114278
  24.7615092   37.7112027
  24.7630206   37.710959
  24.7645271   37.7106969
  24.7660283   37.7104165
  24.7667327   37.7102803
  24.768259    37.7099752
  24.7697791   37.709651
  24.7712925   37.7093079
  24.7727989   37.708946
  24.7742978   37.7085653
  24.7757891   37.708166
  24.7772721   37.7077481
  24.7787466   37.7073118
  24.7802123   37.7068571
  24.7816687   37.7063841
  24.7831155   37.7058931
  24.7845524   37.7053841
  24.7859789   37.7048572
  24.7873947   37.7043125
  24.7887995   37.7037503
  24.7901929   37.7031706
  24.7915746   37.7025735
  24.7929442   37.7019593
  24.7943014   37.7013281
  24.7956459   37.7006801
  24.7969772   37.7000153
  24.7982952   37.699334
  24.7995994   37.6986363
  24.8008895   37.6979224
  24.8021653   37.6971925
  24.8034263   37.6964468
  24.8046723   37.6956854
  24.805903    37.6949085
  24.8071181   37.6941164
  24.8083172   37.6933092
  24.8095001   37.6924872
  24.8106664   37.6916504
  24.8118159   37.6907992
  24.8129484   37.6899338
  24.8140634   37.6890543
  24.8151607   37.688161
  24.8162402   37.6872541
  24.8173014   37.6863339
  24.8183441   37.6854005
  24.8192977   37.6845192
  24.8186892   37.6855775
  24.8180587   37.6867214
  24.8174511   37.6878731
  24.8168666   37.6890322
  24.8163053   37.6901984
  24.8157674   37.6913715
  24.8152529   37.6925511
  24.8147621   37.6937371
  24.814295    37.6949289
  24.8138517   37.6961265
  24.8134324   37.6973294
  24.8130372   37.6985374
  24.8126662   37.6997502
  24.8123747   37.7007731
  24.8122236   37.7010374
  24.8111691   37.7016214
  24.8098573   37.7023734
  24.8085612   37.7031421
  24.8072809   37.7039274
  24.8060169   37.7047289
  24.8047695   37.7055466
  24.8043876   37.7058053
  24.8033312   37.7062234
  24.8019432   37.7067943
  24.8005666   37.7073824
  24.7992019   37.7079875
  24.7978493   37.7086094
  24.7965092   37.709248
  24.795182    37.7099032
  24.7938678   37.7105747
  24.7925672   37.7112624
  24.7912803   37.7119662
  24.7900075   37.7126858
  24.7887491   37.7134211
  24.7875055   37.7141719
  24.7862768   37.714938
  24.7850635   37.7157192
  24.7838659   37.7165154
  24.7826841   37.7173263
  24.7815186   37.7181518
  24.7803695   37.7189916
  24.7792373   37.7198455
  24.7781221   37.7207134
  24.7770242   37.721595
  24.7759439   37.72249
  24.7748815   37.7233983
  24.7738372   37.7243197
  24.7728114   37.7252539
  24.7718041   37.7262007
  24.7708157   37.7271598
  24.7698465   37.7281311
  24.7688966   37.7291142
  24.7679663   37.730109
  24.7670558   37.7311152
  24.7661654   37.7321325
  24.7652953   37.7331607
  24.7644456   37.7341996
  24.7636166   37.7352489
  24.7631623   37.7358445
  24.7626716   37.7361575
  24.7614363   37.7369715
  24.7602177   37.7378012
  24.7590163   37.7386463
  24.7589246   37.7387118
  24.757674    37.7396212
  24.7564432   37.7405473
  24.7552325   37.7414897
  24.7548273   37.7418106
  24.7537133   37.7427068
  24.7526175   37.7436169
  24.7515402   37.7445407
  24.7504816   37.7454779
  24.7494419   37.7464283
  24.7489276   37.746914
  24.7475609   37.7474995
  24.7462006   37.7481042
  24.7448524   37.7487257
  24.7435166   37.7493637
  24.7421937   37.7500182
  24.7408838   37.7506889
  24.7395874   37.7513758
  24.7383047   37.7520785
  24.737036    37.7527971
  24.7357817   37.7535312
  24.7345421   37.7542807
  24.7333174   37.7550455
  24.732108    37.7558253
  24.7309142   37.7566199
  24.7297363   37.7574292
  24.7285744   37.7582529
  24.7274291   37.7590909
  24.7263004   37.7599429
  24.7251887   37.7608088
  24.7240943   37.7616883
  24.7230174   37.7625812
  24.7219583   37.7634873
  24.7209172   37.7644063
  24.7198944   37.7653381
  24.7188902   37.7662824
  24.7179048   37.767239
  24.7170805   37.7680652
  24.7166259   37.7681205
  24.7150716   37.7683295
  24.7135216   37.7685578
  24.7119764   37.7688055
  24.7104363   37.7690724
  24.7089017   37.7693585
  24.7073731   37.7696638
  24.7058507   37.769988
  24.7043351   37.7703313
  24.7028264   37.7706934
  24.7027968   37.7707007
  24.7013127   37.7710772
  24.6998361   37.771472
  24.6983676   37.7718849
  24.6969074   37.7723159
  24.6954558   37.7727648
  24.6940134   37.7732316
  24.6925803   37.7737162
  24.6911569   37.7742184
  24.6897437   37.7747381
  24.6883409   37.7752751
  24.6869488   37.7758294
  24.6855679   37.7764009
  24.6841985   37.7769892
  24.6828408   37.7775945
  24.6814953   37.7782163
  24.6801622   37.7788548
  24.6788419   37.7795095
  24.6775347   37.7801805
  24.6762409   37.7808676
  24.6749608   37.7815705
  24.6736948   37.7822891
  24.6724431   37.7830232
  24.6724018   37.7830478
  24.6711504   37.7838062
  24.6699144   37.78458
  24.668694    37.7853692
  24.6674895   37.7861735
  24.6663012   37.7869927
  24.6651295   37.7878267
  24.6639745   37.7886751
  24.6628367   37.7895379
  24.6617162   37.7904147
  24.6606135   37.7913055
  24.6595286   37.7922098
  24.658462    37.7931276
  24.6574139   37.7940586
  24.6563845   37.7950025
  24.6553741   37.7959591
  24.6543829   37.7969283
  24.6534113   37.7979096
  24.6524594   37.798903
  24.6515274   37.7999081
  24.6506157   37.8009247
  24.6497244   37.8019525
  24.6488538   37.8029913
  24.648004    37.8040408
  24.6471754   37.8051008
  24.646368    37.806171
  24.6455821   37.8072512
  24.6448179   37.8083409
  24.6440756   37.8094401
  24.6433554   37.8105484
  24.6426574   37.8116655
  24.6419819   37.8127911
  24.6413289   37.813925
  24.6410208   37.8144834
  24.6406526   37.8147611
  24.6395401   37.8156267
  24.6384449   37.8165059
  24.6373672   37.8173986
  24.6363074   37.8183044
  24.6352656   37.8192233
  24.6342421   37.8201548
  24.6332372   37.8210989
  24.6322512   37.8220553
  24.6312842   37.8230238
  24.6303364   37.824004
  24.6294082   37.8249959
  24.6284998   37.825999
  24.6276113   37.8270133
  24.6267431   37.8280384
  24.6258952   37.8290741
  24.625068    37.8301201
  24.6249764   37.830238
  24.6241797   37.831281
  24.6234036   37.8323337
  24.6226481   37.8333956
  24.6219135   37.8344667
  24.6212      37.8355466
  24.6205076   37.836635
  24.6198366   37.8377318
  24.6191872   37.8388365
  24.6185595   37.8399491
  24.6179535   37.8410692
  24.6173696   37.8421965
  24.6168705   37.8431817
  24.6163067   37.8443202
  24.6157653   37.8454654
  24.6152464   37.8466171
  24.6147502   37.847775
  24.6142768   37.8489389
  24.6138333   37.8500904
  24.61366     37.8504006
  24.6130475   37.8515452
  24.612458    37.8526972
  24.6118916   37.8538564
  24.6113484   37.8550225
  24.6108285   37.8561953
  24.6103321   37.8573743
  24.6102715   37.8575261
  24.6098854   37.8584035
  24.6093989   37.8595671
  24.6089353   37.8607365
  24.6084949   37.8619115
  24.6080776   37.8630917
  24.6076836   37.8642768
  24.6073131   37.8654666
  24.606966    37.8666609
  24.6066424   37.8678592
  24.6066163   37.8679639
  24.6062827   37.868496
  24.6056101   37.8696126
  24.6055977   37.8696336
  24.6049517   37.8707508
  24.6049092   37.8708274
  24.6048703   37.8708654
  24.6039006   37.8718429
  24.6029506   37.8728323
  24.6020204   37.8738334
  24.6011103   37.8748459
  24.6002206   37.8758696
  24.5993513   37.8769042
  24.5992863   37.8769843
END
3
  25.1812344   36.1499857
  25.1803204   36.1503871
  25.1789424   36.1510153
  25.1775768   36.1516611
  25.1762241   36.1523242
  25.1748846   36.1530046
  25.1735586   36.1537021
  25.1722465   36.1544164
  25.1709486   36.1551474
  25.1696652   36.155895
  25.1683966   36.1566588
  25.1671432   36.1574388
  25.1659052   36.1582348
  25.1646831   36.1590464
  25.1646764   36.159051
  25.1644873   36.1591762
  25.1633007   36.1599877
  25.1621299   36.160814
  25.1609751   36.1616549
  25.1598367   36.1625102
  25.158715    36.1633798
  25.1576101   36.1642633
  25.1565225   36.1651606
  25.1554523   36.1660714
  25.1551326   36.1663521
  25.1538505   36.1670799
  25.1525618   36.1678365
  25.1518681   36.1682506
  25.1506457   36.1689921
  25.1494376   36.1697486
  25.1482439   36.17052
  25.147065    36.1713061
  25.1459012   36.1721066
  25.1447527   36.1729214
  25.1436198   36.1737503
  25.1425028   36.1745931
  25.1414018   36.1754496
  25.1403173   36.1763196
  25.1392494   36.1772029
  25.1381984   36.1780992
  25.1371645   36.1790085
  25.136522    36.1795912
  25.1365048   36.1796062
  25.1362015   36.1798783
  25.1361015   36.1799374
  25.1348485   36.1807014
  25.1336105   36.1814812
  25.1323879   36.1822766
  25.131181    36.1830874
  25.12999     36.1839134
  25.1288152   36.1847545
  25.127657    36.1856103
  25.1265156   36.1864808
  25.1253913   36.1873656
  25.1242844   36.1882646
  25.1231952   36.1891775
  25.1221239   36.1901041
  25.1210707   36.1910442
  25.1200361   36.1919975
  25.1190201   36.1929638
  25.1180231   36.1939429
  25.1170453   36.1949346
  25.116087    36.1959385
  25.1151484   36.1969544
  25.1142296   36.1979821
  25.1133311   36.1990213
  25.1124528   36.2000718
  25.1115952   36.2011333
  25.1107584   36.2022056
  25.1099426   36.2032883
  25.109148    36.2043812
  25.1083748   36.205484
  25.1076231   36.2065966
  25.1068933   36.2077185
  25.1061854   36.2088495
  25.1054997   36.2099893
  25.1048363   36.2111377
  25.1041954   36.2122943
  25.103577    36.213459
  25.1029815   36.2146313
  25.1024089   36.215811
  25.1018594   36.2169978
  25.101333    36.2181914
  25.1008301   36.2193915
  25.1003505   36.2205979
  25.0998946   36.2218102
  25.0994623   36.223028
  25.0990539   36.2242512
  25.0986694   36.2254794
  25.0983088   36.2267124
  25.0979724   36.2279497
  25.0976601   36.2291911
  25.097372    36.2304363
  25.0971083   36.231685
  25.096869    36.2329369
  25.0966541   36.2341916
  25.0964637   36.2354489
  25.0962979   36.2367084
  25.0961566   36.2379698
  25.0960399   36.2392329
  25.0959479   36.2404972
  25.0958806   36.2417626
  25.095838    36.2430286
  25.09582     36.244295
  25.0958268   36.2455615
  25.0958288   36.2456427
  25.0958299   36.2467565
  25.0958561   36.2480319
  25.0959074   36.2493068
  25.0959838   36.2505808
  25.0960852   36.2518537
  25.0962115   36.2531251
  25.0963629   36.2543947
  25.0965391   36.2556622
  25.0967403   36.2569273
  25.0969663   36.2581896
  25.097217    36.2594489
  25.0974925   36.2607048
  25.0977926   36.261957
  25.0981173   36.2632051
  25.0984664   36.264449
  25.09884     36.2656882
  25.0992379   36.2669224
  25.09966     36.2681514
  25.1000007   36.2691138
  25.1004456   36.2703339
  25.1009144   36.2715483
  25.1010628   36.2719121
  25.1011242   36.2720799
  25.1015908   36.2732845
  25.101888    36.2740311
  25.1023758   36.2752242
  25.1028865   36.276411
  25.1034202   36.2775911
  25.1039767   36.2787645
  25.1045558   36.2799306
  25.1051575   36.2810893
  25.1057815   36.2822403
  25.1064277   36.2833832
  25.1070959   36.2845179
  25.1071743   36.2846458
  25.1077444   36.2857859
  25.108343    36.2869317
  25.1089635   36.2880698
  25.1096058   36.2892001
  25.1102696   36.2903222
  25.1109549   36.2914359
  25.1116614   36.2925409
  25.112389    36.293637
  25.1131376   36.2947238
  25.1139069   36.2958012
  25.1146968   36.2968689
  25.115507    36.2979266
  25.1158255   36.2983353
  25.1166446   36.2993687
  25.1174831   36.3003919
  25.1183409   36.3014047
  25.1192177   36.3024068
  25.1201134   36.303398
  25.1210278   36.3043781
  25.1211835   36.3045398
  25.1219267   36.3053937
  25.1228533   36.3064232
  25.1237999   36.3074407
  25.1247663   36.308446
  25.1257524   36.3094389
  25.1267578   36.310419
  25.1277823   36.3113862
  25.1288257   36.3123403
  25.1289866   36.3124851
  25.1300083   36.3133906
  25.131047    36.3142835
  25.1321025   36.3151636
  25.1323814   36.3153926
  25.1335386   36.3163274
  25.1347147   36.3172468
  25.1359093   36.3181505
  25.1371223   36.3190383
  25.1383531   36.3199098
  25.1396015   36.320765
  25.1408672   36.3216036
  25.1421498   36.3224253
  25.143449    36.3232299
  25.1436904   36.3233768
  25.1450087   36.3241659
  25.1463429   36.3249373
  25.1476927   36.3256909
  25.1490577   36.3264265
  25.1504375   36.3271439
  25.1518318   36.327843
  25.1532402   36.3285234
  25.1546623   36.3291851
  25.1560977   36.3298279
  25.157546    36.3304515
  25.157715    36.3305228
  25.1591121   36.3311013
  25.1605203   36.331662
  25.1619392   36.3322047
  25.1633686   36.3327294
  25.1648081   36.3332359
  25.1662572   36.3337241
  25.1677158   36.3341938
  25.1691833   36.334645
  25.1706594   36.3350776
  25.1721438   36.3354913
  25.1736362   36.3358862
  25.175136    36.3362622
  25.176643    36.3366191
  25.1781568   36.3369568
  25.179677    36.3372753
  25.1812032   36.3375745
  25.1827351   36.3378543
  25.1842723   36.3381146
  25.1858143   36.3383555
  25.1873609   36.3385767
  25.1889116   36.3387783
  25.1904661   36.3389603
  25.1920239   36.3391225
  25.1935847   36.339265
  25.195148    36.3393876
  25.1967136   36.3394904
  25.198281    36.3395734
  25.1998498   36.3396365
  25.2014197   36.3396797
  25.2029902   36.339703
  25.204561    36.3397063
  25.2061316   36.3396898
  25.2077017   36.3396534
  25.2092709   36.339597
  25.2108389   36.3395208
  25.2124051   36.3394247
  25.2139693   36.3393088
  25.215531    36.3391731
  25.2170898   36.3390176
  25.2172657   36.3389989
  25.2188017   36.338826
  25.2203342   36.3386338
  25.2218628   36.3384226
  25.2233872   36.3381922
  25.2249069   36.3379428
  25.2264216   36.3376743
  25.227931    36.337387
  25.2294346   36.3370808
  25.2309322   36.3367558
  25.2324233   36.3364121
  25.2339076   36.3360498
  25.2353847   36.3356689
  25.2368543   36.3352696
  25.2383161   36.334852
  25.2397695   36.3344161
  25.2412145   36.333962
  25.2426504   36.33349
  25.2440771   36.333
  25.2454942   36.3324922
  25.2469013   36.3319667
  25.2482981   36.3314237
  25.2496843   36.3308633
  25.2510595   36.3302855
  25.2524234   36.3296907
  25.2537756   36.3290788
  25.2551159   36.3284501
  25.2564439   36.3278046
  25.2577593   36.3271426
  25.2590618   36.3264642
  25.260351    36.3257696
  25.2616267   36.325059
  25.2628885   36.3243324
  25.2632887   36.3240943
  25.2631001   36.3244192
  25.2624555   36.3255773
  25.2618336   36.3267434
  25.2612347   36.3279172
  25.2606588   36.3290984
  25.2601061   36.3302868
  25.2595768   36.3314821
  25.259071    36.332684
  25.2585887   36.3338921
  25.2581302   36.3351061
  25.2576955   36.3363259
  25.2572848   36.3375509
  25.2568981   36.3387811
  25.2565356   36.3400159
  25.2561973   36.3412553
  25.2558833   36.3424987
  25.2555938   36.3437459
  25.2553287   36.3449967
  25.2550881   36.3462506
  25.254953    36.3470368
  25.2548228   36.3472442
  25.2541394   36.3483771
  25.2534781   36.3495184
  25.252839    36.3506679
  25.2522224   36.3518253
  25.2516284   36.3529903
  25.2510571   36.3541627
  25.2505087   36.3553421
  25.2499833   36.3565282
  25.249481    36.3577209
  25.249002    36.3589196
  25.2485463   36.3601243
  25.2481142   36.3613346
  25.2477056   36.3625501
  25.2473208   36.3637706
  25.2469597   36.3649958
  25.2466965   36.3659559
  25.246475    36.3661701
  25.2454923   36.3671514
  25.2445289   36.3681449
  25.243585    36.3691504
  25.2426607   36.3701678
  25.2417564   36.3711966
  25.2408723   36.3722368
  25.2400085   36.3732879
  25.2391653   36.3743498
  25.2383428   36.3754222
  25.2375414   36.3765049
  25.2367611   36.3775975
  25.2360022   36.3786999
  25.2352649   36.3798116
  25.2345493   36.3809325
  25.2338557   36.3820623
  25.2331841   36.3832007
  25.2325348   36.3843475
  25.2319079   36.3855022
  25.2318902   36.3855355
  25.2312888   36.3866924
  25.2307099   36.3878566
  25.2301536   36.389028
  25.2296201   36.3902061
  25.2291095   36.3913909
  25.2286219   36.3925818
  25.2281574   36.3937788
  25.2277163   36.3949814
  25.2272984   36.3961893
  25.2269041   36.3974024
  25.2265333   36.3986203
  25.2261862   36.3998426
  25.2258628   36.4010691
  25.2255633   36.4022995
  25.2252876   36.4035336
  25.2250359   36.4047709
  25.2248082   36.4060112
  25.2246046   36.4072542
  25.2244251   36.4084995
  25.2242698   36.409747
  25.2241387   36.4109962
  25.2240319   36.4122469
  25.2239493   36.4134988
  25.2238909   36.4147516
  25.2238569   36.4160049
  25.2238472   36.4172584
  25.2238618   36.4185119
  25.2239007   36.4197651
  25.223964    36.4210176
  25.2240514   36.4222691
  25.2241632   36.4235193
  25.2241944   36.4238056
  25.2241918   36.4240924
  25.2241923   36.4247406
  25.2242053   36.4259864
  25.2242423   36.427232
  25.2242999   36.4284084
  25.2242781   36.4288458
  25.22424     36.4301053
  25.2242264   36.4313651
  25.2242374   36.4326248
  25.224273    36.4338843
  25.2243331   36.4351431
  25.2244177   36.436401
  25.2245269   36.4376576
  25.2246605   36.4389127
  25.2246807   36.4390864
  25.2248424   36.4403662
  25.2250296   36.4416437
  25.2252422   36.4429186
  25.2254801   36.4441906
  25.2257433   36.4454594
  25.2260318   36.4467246
  25.2263454   36.4479858
  25.2266841   36.4492429
  25.2270478   36.4504954
  25.2274364   36.451743
  25.2278498   36.4529855
  25.2282879   36.4542224
  25.2287505   36.4554535
  25.2292377   36.4566785
  25.2293623   36.4569834
  25.2293951   36.4570636
  25.2296269   36.4576288
  25.2301426   36.4588531
  25.2306828   36.4600705
  25.2312472   36.4612808
  25.2318358   36.4624835
  25.2324484   36.4636785
  25.2330849   36.4648654
  25.233745    36.4660438
  25.2339726   36.4664331
  25.2344532   36.4673842
  25.2350749   36.4685601
  25.2357197   36.469728
  25.2363876   36.4708874
  25.2370037   36.4719137
  25.2371722   36.4722518
  25.2378063   36.4734661
  25.2380032   36.4738346
  25.2386559   36.4750295
  25.2388164   36.4753108
  25.2391602   36.4762627
  25.2396191   36.4774968
  25.2401027   36.4787248
  25.2406107   36.4799464
  25.241143    36.4811613
  25.2416995   36.4823691
  25.2422801   36.4835696
  25.2428845   36.4847624
  25.2435127   36.4859473
  25.2441644   36.4871238
  25.2448395   36.4882918
  25.2454551   36.4893348
  25.2456327   36.4896699
  25.2462563   36.4907979
  25.2469015   36.491918
  25.2475679   36.49303
  25.2482556   36.4941336
  25.2489643   36.4952286
  25.2496939   36.4963147
  25.2504442   36.4973916
  25.2512149   36.4984591
  25.2520061   36.4995169
  25.2528173   36.5005647
  25.2536485   36.5016025
  25.2544995   36.5026298
  25.25537     36.5036464
  25.2562599   36.5046522
  25.257169    36.5056468
  25.2572556   36.50574
  25.2582104   36.5067513
  25.259185    36.5077503
  25.2601791   36.5087367
  25.2611926   36.5097104
  25.262225    36.510671
  25.2632763   36.5116184
  25.2643461   36.5125523
  25.2654341   36.5134724
  25.2665401   36.5143786
  25.2676638   36.5152706
  25.268805    36.5161482
  25.2699632   36.5170112
  25.2711383   36.5178593
  25.27233     36.5186923
  25.2735379   36.5195101
  25.2747617   36.5203125
  25.2760012   36.5210991
  25.2772561   36.5218699
  25.2785259   36.5226246
  25.2798105   36.5233631
  25.2811094   36.5240851
  25.2824224   36.5247906
  25.2837491   36.5254792
  25.2850892   36.5261509
  25.2864423   36.5268055
  25.2878082   36.5274427
  25.2891865   36.5280625
  25.2905767   36.5286647
  25.2919787   36.5292492
  25.293392    36.5298158
  25.2948163   36.5303643
  25.2962512   36.5308946
  25.2976963   36.5314066
  25.2991514   36.5319002
  25.300616    36.5323752
  25.3020898   36.5328315
  25.3026362   36.5329928
  25.3035571   36.5333146
  25.304392    36.5335938
  25.3047648   36.5338677
  25.3058872   36.5346676
  25.3070244   36.535454
  25.3081762   36.5362264
  25.3093423   36.5369849
  25.3104861   36.5377175
  25.3113111   36.5382377
  25.3117084   36.5385242
  25.3128989   36.5393559
  25.3141057   36.5401724
  25.3153284   36.5409734
  25.3165667   36.5417588
  25.3174735   36.5423155
  25.317683    36.5424554
  25.3189118   36.5432502
  25.3201562   36.5440293
  25.3214156   36.5447924
  25.32269     36.5455395
  25.3239788   36.5462703
  25.3252819   36.5469846
  25.3265989   36.5476823
  25.3279294   36.5483631
  25.3292732   36.549027
  25.3306298   36.5496738
  25.331999    36.5503032
  25.3333804   36.5509152
  25.3347737   36.5515095
  25.3361785   36.5520861
  25.3375945   36.5526448
  25.3390212   36.5531854
  25.3404585   36.5537078
  25.3419058   36.5542119
  25.3433629   36.5546976
  25.3448293   36.5551647
  25.3463048   36.5556132
  25.3477889   36.5560429
  25.3492812   36.5564536
  25.3496483   36.556552
  25.3497537   36.5565864
  25.35123     36.5570449
  25.3527151   36.5574846
  25.3542087   36.5579053
  25.3557104   36.5583069
  25.3572199   36.5586894
  25.3587367   36.5590526
  25.3602605   36.5593964
  25.3617909   36.5597207
  25.3633275   36.5600256
  25.3648699   36.5603108
  25.3660487   36.5605209
  25.3675904   36.5607854
  25.3691371   36.5610303
  25.3706884   36.5612556
  25.372244    36.5614612
  25.3738034   36.561647
  25.3753662   36.561813
  25.3769322   36.5619591
  25.3785008   36.5620854
  25.3800717   36.5621918
  25.3816445   36.5622782
  25.3832188   36.5623447
  25.3847942   36.5623912
  25.3863703   36.5624177
  25.3879468   36.5624242
  25.3895231   36.5624107
  25.3910991   36.5623772
  25.3926741   36.5623237
  25.3942479   36.5622503
  25.3958201   36.5621569
  25.3973903   36.5620435
  25.398958    36.5619103
  25.4005229   36.5617572
  25.4020846   36.5615843
  25.4036427   36.5613915
  25.4051968   36.5611791
  25.4067465   36.5609469
  25.4082915   36.5606951
  25.4098314   36.5604238
  25.4113657   36.5601329
  25.4128941   36.5598227
  25.4144162   36.559493
  25.4144645   36.5594822
  25.415861    36.5591615
  25.4172515   36.5588245
  25.4186357   36.5584712
  25.4200134   36.5581018
  25.4213842   36.5577164
  25.422748    36.5573149
  25.4240221   36.5569314
  25.4254779   36.5564827
  25.4269249   36.5560158
  25.4272122   36.5559189
  25.4306804   36.5553618
  25.4322184   36.5551046
  25.4356628   36.5545059
  25.4379493   36.5540858
  25.4398768   36.5537125
  25.4412895   36.5534301
  25.4426968   36.5531312
  25.4440986   36.5528159
  25.4454946   36.5524841
  25.4468843   36.5521361
  25.4476994   36.5519267
  25.4492365   36.5515207
  25.4507652   36.5510948
  25.4522851   36.5506491
  25.4537958   36.5501836
  25.455297    36.5496985
  25.4567881   36.549194
  25.4582688   36.54867
  25.459624    36.5481693
  25.4605189   36.5478465
  25.4619741   36.5472988
  25.4634181   36.5467324
  25.4645402   36.5462741
  25.4649319   36.5461262
  25.4663616   36.5455634
  25.4677799   36.5449825
  25.4691866   36.5443834
  25.4705812   36.5437664
  25.4719633   36.5431315
  25.4733327   36.5424791
  25.4746889   36.5418091
  25.4760317   36.5411219
  25.4773607   36.5404176
  25.4786755   36.5396963
  25.4799758   36.5389582
  25.4812613   36.5382036
  25.4825317   36.5374325
  25.4837866   36.5366453
  25.4850257   36.5358421
  25.4862487   36.5350231
  25.4874553   36.5341886
  25.4886452   36.5333386
  25.489818    36.5324736
  25.4909736   36.5315936
  25.4921115   36.5306988
  25.4932315   36.5297897
  25.4943334   36.5288662
  25.4954167   36.5279287
  25.4955391   36.5278211
  25.4965778   36.5268934
  25.4975984   36.5259528
  25.4986007   36.5249996
  25.4995844   36.5240339
  25.5005492   36.5230561
  25.5014951   36.5220663
  25.5016363   36.5219136
  25.5023039   36.5212131
  25.5032461   36.5201912
  25.504168    36.5191575
  25.5050695   36.5181122
  25.5059501   36.5170554
  25.5068099   36.5159876
  25.5076484   36.514909
  25.5084656   36.5138197
  25.5092612   36.5127202
  25.510035    36.5116107
  25.5107868   36.5104914
  25.5115165   36.5093627
  25.5122238   36.5082248
  25.5129085   36.507078
  25.5135706   36.5059226
  25.513607    36.5058578
  25.5137216   36.5056491
  25.5139696   36.5054804
  25.5151469   36.5046542
  25.516308    36.5038132
  25.5174525   36.5029577
  25.5185802   36.5020878
  25.5196909   36.5012039
  25.5207842   36.5003061
  25.5218599   36.4993946
  25.5229177   36.4984697
  25.5239456   36.4975422
  25.5242933   36.497261
  25.5253713   36.4963616
  25.5264316   36.4954488
  25.5274742   36.4945229
  25.5284987   36.493584
  25.5295049   36.4926324
  25.5304926   36.4916684
  25.5314615   36.490692
  25.5324114   36.4897037
  25.533342    36.4887036
  25.5342532   36.4876919
  25.5351446   36.486669
  25.5360162   36.485635
  25.5368676   36.4845902
  25.5376987   36.4835349
  25.5385093   36.4824692
  25.5392991   36.4813936
  25.53962     36.4809406
  25.5397611   36.4808656
  25.5401126   36.4806818
  25.5404366   36.4805065
  25.5407516   36.4803391
  25.5410743   36.4801616
  25.5414104   36.4799798
  25.5417426   36.4797939
  25.5420651   36.4796165
  25.5423735   36.4794409
  25.5426944   36.4792614
  25.5430344   36.4790647
  25.5433642   36.478877
  25.5436583   36.4787039
  25.5439642   36.478527
  25.5443118   36.4783192
  25.5446484   36.478121
  25.5449285   36.4779506
  25.5452195   36.4777766
  25.5455744   36.4775575
  25.5459174   36.4773487
  25.5460637   36.4772581
  25.5463178   36.4770984
  25.54646     36.4770105
  25.5466405   36.4768954
  25.5472984   36.4764817
  25.5485178   36.4756897
  25.5497215   36.4748824
  25.5509094   36.47406
  25.552081    36.4732227
  25.5532362   36.4723707
  25.5543745   36.4715042
  25.5554958   36.4706235
  25.5565998   36.4697286
  25.5576861   36.46882
  25.5587546   36.4678977
  25.559805    36.466962
  25.5608369   36.4660132
  25.5618502   36.4650515
  25.5628446   36.464077
  25.5638198   36.4630901
  25.5647757   36.462091
  25.5657119   36.46108
  25.5666283   36.4600572
  25.5675246   36.4590229
  25.5684005   36.4579775
  25.569256    36.4569211
  25.5700907   36.455854
  25.5709045   36.4547765
  25.5716972   36.4536889
  25.5724686   36.4525913
  25.5732184   36.4514841
  25.5739465   36.4503676
  25.5746527   36.449242
  25.5753369   36.4481076
  25.5759988   36.4469647
  25.5766383   36.4458136
  25.5772553   36.4446544
  25.5773941   36.4443821
  25.5777152   36.4438493
  25.5783764   36.4427069
  25.5790153   36.4415562
  25.5796317   36.4403976
  25.5802254   36.4392314
  25.5807963   36.4380577
  25.5813442   36.436877
  25.581869    36.4356895
  25.5823706   36.4344955
  25.5828488   36.4332953
  25.5833036   36.4320892
  25.5837347   36.4308775
  25.5841422   36.4296605
  25.5845259   36.4284384
  25.5848858   36.4272117
  25.5852216   36.4259805
  25.5855334   36.4247452
  25.5858211   36.4235061
  25.5860845   36.4222635
  25.5863237   36.4210178
  25.5865386   36.4197691
  25.5867291   36.4185178
  25.5868951   36.4172643
  25.5870367   36.4160088
  25.5871538   36.4147517
  25.5872464   36.4134932
  25.5873144   36.4122337
  25.5873579   36.4109735
  25.5873588   36.410913
  25.58746     36.4098361
  25.5875558   36.4085374
  25.5876254   36.4072377
  25.5876515   36.4066379
  25.5876952   36.4053293
  25.5877124   36.4040204
  25.5877031   36.4027113
  25.5876673   36.4014025
  25.587605    36.4000944
  25.5875162   36.3987872
  25.587401    36.3974813
  25.5872434   36.3958799
  25.587117    36.3947051
  25.5869692   36.3935319
  25.5868      36.3923606
  25.5866136   36.3912165
  25.5865901   36.3904029
  25.5865888   36.3903699
  25.5867303   36.389372
  25.5868978   36.3881009
  25.5870402   36.3868279
  25.5871575   36.3855531
  25.5872495   36.384277
  25.5873163   36.3829998
  25.5873578   36.381722
  25.5873741   36.3804437
  25.5873652   36.3791654
  25.587331    36.3778873
  25.5872715   36.3766098
  25.5871868   36.3753332
  25.5870769   36.3740578
  25.5869418   36.372784
  25.5867816   36.371512
  25.5865963   36.3702423
  25.5864273   36.3692241
  25.5864994   36.3685212
  25.5866061   36.3672287
  25.5866869   36.3659349
  25.5867418   36.3646402
  25.5867707   36.363345
  25.5867759   36.3629243
  25.5867793   36.3616653
  25.5867581   36.3604064
  25.5867125   36.3591479
  25.5866423   36.3578902
  25.5865478   36.3566334
  25.5864288   36.355378
  25.5862854   36.3541242
  25.5861176   36.3528724
  25.5859255   36.3516228
  25.5857092   36.3503757
  25.5854686   36.3491315
  25.5852038   36.3478905
  25.5850874   36.3473918
  25.5849134   36.3465557
  25.5846299   36.3453134
  25.5843221   36.3440749
  25.5839903   36.3428404
  25.5836344   36.3416102
  25.5832545   36.3403847
  25.5828508   36.3391641
  25.5824234   36.3379488
  25.5819723   36.336739
  25.5814977   36.335535
  25.5809996   36.3343371
  25.5804783   36.3331457
  25.5799338   36.3319611
  25.5793662   36.3307834
  25.5787758   36.3296131
  25.5781626   36.3284503
  25.5775268   36.3272954
  25.5768685   36.3261488
  25.576188    36.3250105
  25.5754854   36.323881
  25.5747609   36.3227605
  25.5740146   36.3216493
  25.5732467   36.3205477
  25.5724574   36.3194559
  25.5716469   36.3183743
  25.5708155   36.317303
  25.5699633   36.3162423
  25.5690905   36.3151926
  25.5681973   36.314154
  25.5681812   36.3141356
  25.5672755   36.3131168
  25.5663502   36.3121096
  25.5654056   36.311114
  25.5644418   36.3101305
  25.5634592   36.3091591
  25.5624579   36.3082002
  25.5614381   36.3072539
  25.5604002   36.3063206
  25.5593444   36.3054004
  25.5582709   36.3044935
  25.55718     36.3036003
  25.5560719   36.3027208
  25.554947    36.3018553
  25.5538055   36.3010041
  25.5526477   36.3001673
  25.5514739   36.2993451
  25.5502843   36.2985377
  25.5490792   36.2977454
  25.547859    36.2969683
  25.5466239   36.2962066
  25.5465995   36.296192
  25.5458978   36.2957171
  25.544677    36.2949171
  25.5434407   36.2941327
  25.5421892   36.2933641
  25.5409228   36.2926115
  25.5396419   36.291875
  25.5393062   36.2916884
  25.539264    36.2916531
  25.5384544   36.2909881
  25.537369    36.29011
  25.5371505   36.2899387
  25.5366499   36.2895154
  25.5352922   36.2883842
  25.5342138   36.2874994
  25.5331186   36.2866281
  25.5320068   36.2857705
  25.5308787   36.2849268
  25.5297347   36.2840972
  25.5285749   36.2832819
  25.5273997   36.2824811
  25.5262093   36.2816951
  25.5248052   36.2807823
  25.523448    36.2799156
  25.5220723   36.2790679
  25.5206785   36.2782397
  25.5192672   36.277431
  25.5169669   36.276137
  25.5159661   36.2755813
  25.514957    36.2750355
  25.5140479   36.2745501
  25.5127648   36.2738765
  25.5123157   36.2736485
  25.5111966   36.2728823
  25.509973    36.272071
  25.5087335   36.2712755
  25.5074785   36.270496
  25.5063644   36.2698264
  25.5060074   36.2695925
  25.5047599   36.2688012
  25.5034969   36.2680259
  25.5022187   36.267267
  25.5009258   36.2665245
  25.4996184   36.2657987
  25.4982968   36.2650898
  25.4969614   36.2643979
  25.4956125   36.2637231
  25.4942505   36.2630658
  25.4928757   36.262426
  25.4914885   36.2618039
  25.4900892   36.2611996
  25.4886781   36.2606134
  25.4872556   36.2600454
  25.4858222   36.2594956
  25.484378    36.2589643
  25.4829236   36.2584515
  25.4814592   36.2579575
  25.4811427   36.2578531
  25.4796883   36.2573841
  25.4782249   36.2569335
  25.4767529   36.2565014
  25.4752727   36.2560881
  25.4737846   36.2556935
  25.472289    36.2553178
  25.4707863   36.2549611
  25.4692768   36.2546235
  25.467761    36.2543049
  25.4662391   36.2540056
  25.4647116   36.2537256
  25.4631789   36.253465
  25.4616412   36.2532238
  25.4600991   36.253002
  25.4585528   36.2527998
  25.4570028   36.2526172
  25.4562899   36.2525378
  25.4546113   36.2523626
  25.4529293   36.2522104
  25.4512442   36.2520811
  25.4505716   36.2520342
  25.44925     36.2519491
  25.447927    36.2518781
  25.446603    36.2518213
  25.4461361   36.2518038
  25.4445148   36.2517536
  25.4428927   36.2517247
  25.4412702   36.251717
  25.4396478   36.2517306
  25.4380259   36.2517655
  25.4364049   36.2518216
  25.4347853   36.251899
  25.4331674   36.2519975
  25.4315517   36.2521173
  25.4299387   36.2522582
  25.4283287   36.2524203
  25.4267222   36.2526034
  25.4251196   36.2528076
  25.4235213   36.2530328
  25.423166    36.2530852
  25.4216623   36.2533168
  25.4201633   36.253567
  25.4186692   36.2538357
  25.4171803   36.2541228
  25.4167049   36.2542176
  25.4152221   36.254523
  25.4137453   36.2548467
  25.4122748   36.2551886
  25.410811    36.2555487
  25.4093542   36.2559268
  25.4079047   36.2563229
  25.406463    36.2567369
  25.4050293   36.2571686
  25.4036039   36.257618
  25.4021873   36.258085
  25.4007798   36.2585694
  25.400632    36.2586213
  25.3991966   36.2591367
  25.3977715   36.2596702
  25.396357    36.2602218
  25.3949534   36.2607912
  25.3935611   36.2613784
  25.3921804   36.2619831
  25.3908117   36.2626053
  25.3894554   36.2632448
  25.3881116   36.2639014
  25.3867809   36.264575
  25.3859726   36.2649986
  25.3854522   36.2649852
  25.3838891   36.2649649
  25.3823257   36.2649642
  25.3807625   36.2649833
  25.3791999   36.2650222
  25.3776382   36.2650808
  25.3760779   36.265159
  25.3745192   36.265257
  25.3729627   36.2653747
  25.3714086   36.265512
  25.3698574   36.2656689
  25.3683095   36.2658453
  25.3667651   36.2660413
  25.3652248   36.2662568
  25.3636888   36.2664917
  25.3621575   36.2667459
  25.3606314   36.2670195
  25.3591108   36.2673123
  25.3575961   36.2676243
  25.3560876   36.2679553
  25.3560584   36.2679619
  25.3545488   36.2683138
  25.3530463   36.2686848
  25.3515512   36.2690749
  25.3500639   36.2694838
  25.3485848   36.2699116
  25.3471142   36.2703581
  25.3456525   36.2708232
  25.3442001   36.2713069
  25.3427573   36.2718088
  25.3413244   36.272329
  25.3399019   36.2728674
  25.3384901   36.2734237
  25.3370894   36.2739979
  25.3357      36.2745897
  25.3343223   36.2751992
  25.3329567   36.275826
  25.3318413   36.2763569
  25.3306895   36.2766525
  25.3291919   36.277058
  25.3277024   36.2774826
  25.3262215   36.2779261
  25.3247494   36.2783885
  25.3232866   36.2788696
  25.3218335   36.2793693
  25.3203903   36.2798874
  25.3189574   36.2804239
  25.3175353   36.2809786
  25.3161243   36.2815514
  25.3147247   36.2821421
  25.3133368   36.2827506
  25.3119611   36.2833767
  25.3105978   36.2840203
  25.3092473   36.2846812
  25.30791     36.2853592
  25.3065862   36.2860542
  25.3065238   36.2860875
  25.3052155   36.2867984
  25.3039213   36.2875258
  25.3026415   36.2882696
  25.3013765   36.2890296
  25.3001265   36.2898056
  25.2988919   36.2905974
  25.2983131   36.2909809
  25.2975026   36.2914216
  25.2962005   36.2921542
  25.2957453   36.2924191
  25.2959659   36.2921281
  25.2960422   36.2920256
  25.2968266   36.2909537
  25.2975904   36.2898721
  25.2983333   36.2887812
  25.2990552   36.287681
  25.2997558   36.286572
  25.3004352   36.2854544
  25.3010929   36.2843284
  25.3017291   36.2831943
  25.3023433   36.2820524
  25.3029356   36.280903
  25.3035058   36.2797463
  25.3040537   36.2785827
  25.304365    36.2778894
  25.3047012   36.2771704
  25.3052113   36.2760278
  25.3057      36.2748791
  25.3061671   36.2737246
  25.3066126   36.2725645
  25.3070362   36.2713991
  25.3070685   36.271305
  25.3077841   36.2705697
  25.3087293   36.2695664
  25.3096549   36.2685514
  25.3105607   36.2675247
  25.3114464   36.2664868
  25.3123119   36.2654377
  25.3123363   36.2654077
  25.3131926   36.2643334
  25.3140277   36.2632483
  25.3148413   36.2621526
  25.3156332   36.2610466
  25.3164033   36.2599307
  25.3171513   36.258805
  25.3178771   36.2576698
  25.3185805   36.2565255
  25.3192612   36.2553723
  25.3199192   36.2542106
  25.3205543   36.2530405
  25.3211662   36.2518625
  25.3217549   36.2506768
  25.3223202   36.2494836
  25.3228619   36.2482834
  25.32338     36.2470763
  25.3238742   36.2458628
  25.3243445   36.2446431
  25.3247908   36.2434175
  25.3252129   36.2421863
  25.3256107   36.2409498
  25.3259841   36.2397084
  25.3263331   36.2384624
  25.3266575   36.237212
  25.3269573   36.2359576
  25.3272323   36.2346995
  25.3274826   36.233438
  25.327708    36.2321735
  25.3277152   36.2321307
  25.3279146   36.2308714
  25.3280893   36.2296097
  25.3282393   36.2283459
  25.3283647   36.2270803
  25.3284565   36.2259226
  25.3284692   36.2257698
  25.3285482   36.2245257
  25.3286033   36.2232808
  25.3286345   36.2220353
  25.3286419   36.2207895
  25.3286253   36.2195438
  25.3286231   36.2194476
  25.3285793   36.2181239
  25.3285086   36.216801
  25.3284109   36.2154791
  25.3282863   36.2141587
  25.3281348   36.2128402
  25.3279564   36.2115237
  25.3277513   36.2102099
  25.3275741   36.209208
  25.3275194   36.2088988
  25.3272608   36.207591
  25.3272527   36.2075521
  25.3269919   36.2063546
  25.3267086   36.2051604
  25.3267006   36.205128
  25.3263822   36.2038888
  25.3260396   36.2026537
  25.325673    36.2014231
  25.3252825   36.2001972
  25.3248681   36.1989765
  25.3244301   36.1977611
  25.3239684   36.1965515
  25.3234833   36.1953478
  25.3229748   36.1941503
  25.322443    36.1929595
  25.3218881   36.1917756
  25.3213102   36.1905988
  25.3207095   36.1894294
  25.3200861   36.1882678
  25.3194401   36.1871143
  25.3187718   36.185969
  25.3180813   36.1848324
  25.3173687   36.1837046
  25.3166342   36.182586
  25.3158781   36.1814768
  25.3151005   36.1803774
  25.3143015   36.1792879
  25.3134815   36.1782087
  25.3126405   36.17714
  25.3117789   36.1760821
  25.3108967   36.1750352
  25.3099943   36.1739996
  25.3090719   36.1729756
  25.3081296   36.1719634
  25.3071677   36.1709633
  25.3061865   36.1699754
  25.3051862   36.1690002
  25.304167    36.1680377
  25.3031293   36.1670883
  25.3020731   36.1661521
  25.3009989   36.1652294
  25.2999069   36.1643205
  25.2987973   36.1634255
  25.2976704   36.1625447
  25.2965265   36.1616783
  25.2953659   36.1608265
  25.2941889   36.1599895
  25.2929957   36.1591676
  25.2917867   36.1583608
  25.2905621   36.1575695
  25.2893222   36.1567939
  25.2880675   36.156034
  25.2867981   36.1552902
  25.2855143   36.1545625
  25.2842166   36.1538512
  25.2829052   36.1531565
  25.2815805   36.1524784
  25.2802427   36.1518173
  25.2788922   36.1511732
  25.2775293   36.1505463
  25.2761544   36.1499368
  25.2747678   36.1493448
  25.2733699   36.1487704
  25.271961    36.1482139
  25.2705414   36.1476753
  25.2691115   36.1471547
  25.2676716   36.1466524
  25.2662222   36.1461684
  25.2647635   36.1457029
  25.263296    36.1452559
  25.2618199   36.1448276
  25.2603357   36.144418
  25.2588436   36.1440274
  25.2588      36.1440163
  25.2572759   36.1436386
  25.2557445   36.1432807
  25.2542062   36.1429426
  25.2526614   36.1426243
  25.2511106   36.1423261
  25.249554    36.1420478
  25.2479921   36.1417897
  25.2464253   36.1415517
  25.244854    36.141334
  25.2432786   36.1411366
  25.2416995   36.1409595
  25.2401171   36.1408028
  25.2385318   36.1406665
  25.236944    36.1405507
  25.2353541   36.1404554
  25.2337625   36.1403806
  25.2321697   36.1403264
  25.230576    36.1402926
  25.2289818   36.1402795
  25.2273876   36.1402869
  25.2257937   36.1403149
  25.2242006   36.1403634
  25.2226086   36.1404325
  25.2210182   36.1405221
  25.2194298   36.1406322
  25.2178438   36.1407627
  25.2162605   36.1409138
  25.2162055   36.1409194
  25.2146371   36.1410894
  25.2130722   36.1412796
  25.2115112   36.1414897
  25.2099546   36.1417198
  25.2084026   36.1419698
  25.2068558   36.1422396
  25.2053145   36.1425292
  25.203779    36.1428385
  25.2022498   36.1431674
  25.2007273   36.1435158
  25.1992118   36.1438837
  25.1977036   36.144271
  25.1962033   36.1446775
  25.1947112   36.1451031
  25.1932276   36.1455478
  25.1917529   36.1460114
  25.1902875   36.1464939
  25.1888318   36.146995
  25.1873861   36.1475147
  25.1859507   36.1480529
  25.1845261   36.1486093
  25.1831127   36.149184
  25.1817106   36.1497766
  25.1812344   36.1499857
END
4
  25.9565287   36.3393248
  25.9574526   36.3387636
  25.9586804   36.3379932
  25.9598931   36.3372076
  25.9610904   36.3364068
  25.9622721   36.3355911
  25.9634378   36.3347606
  25.9645874   36.3339155
  25.9657204   36.3330561
  25.9668367   36.3321826
  25.9679359   36.3312952
  25.9690178   36.330394
  25.9700822   36.3294794
  25.9711287   36.3285515
  25.9721572   36.3276106
  25.9731673   36.3266568
  25.9741588   36.3256905
  25.9751316   36.3247118
  25.9760852   36.323721
  25.9770196   36.3227183
  25.9779345   36.321704
  25.9788296   36.3206783
  25.9797048   36.3196415
  25.9805598   36.3185938
  25.9813944   36.3175355
  25.9822084   36.3164668
  25.9830017   36.315388
  25.983774    36.3142993
  25.9845252   36.3132011
  25.9845964   36.3130951
  25.9853467   36.3119558
  25.9860742   36.310807
  25.9867788   36.3096489
  25.9874602   36.3084818
  25.9881184   36.307306
  25.988753    36.3061219
  25.989364    36.3049297
  25.9899513   36.3037298
  25.9899775   36.3036736
  25.9901672   36.3032879
  25.9907226   36.3021046
  25.9912548   36.3009144
  25.9917638   36.2997176
  25.9922493   36.2985145
  25.9927113   36.2973053
  25.9931497   36.2960904
  25.9935643   36.2948701
  25.993955    36.2936447
  25.9943218   36.2924144
  25.9946645   36.2911797
  25.9949831   36.2899407
  25.9952775   36.2886978
  25.9955476   36.2874514
  25.9957933   36.2862016
  25.9960147   36.2849488
  25.9962115   36.2836934
  25.9963839   36.2824357
  25.9965317   36.2811758
  25.9966549   36.2799143
  25.9967534   36.2786513
  25.9968273   36.2773872
  25.9968766   36.2761223
  25.9969012   36.2748569
  25.9969011   36.2735913
  25.9968762   36.2723259
  25.9968268   36.2710609
  25.9967526   36.2697967
  25.9966538   36.2685335
  25.9965304   36.2672718
  25.9965266   36.2672365
  25.9963773   36.2659664
  25.996203    36.2646983
  25.9960039   36.2634326
  25.9957799   36.2621696
  25.9955311   36.2609096
  25.9952575   36.2596529
  25.9949593   36.2583999
  25.9946365   36.2571508
  25.9942891   36.255906
  25.9939174   36.2546657
  25.9935213   36.2534304
  25.9931009   36.2522002
  25.9926565   36.2509755
  25.992188    36.2497567
  25.9916957   36.248544
  25.9911795   36.2473377
  25.9906397   36.2461381
  25.9900764   36.2449456
  25.9894898   36.2437604
  25.9888799   36.2425828
  25.9882469   36.2414132
  25.9875911   36.2402517
  25.9869125   36.2390988
  25.9862113   36.2379547
  25.9854877   36.2368197
  25.9847419   36.2356941
  25.9839741   36.2345781
  25.9831845   36.2334721
  25.9823732   36.2323763
  25.9815405   36.231291
  25.9806865   36.2302164
  25.9798116   36.2291529
  25.9789158   36.2281007
  25.9779995   36.2270601
  25.9770629   36.2260313
  25.9761062   36.2250146
  25.9751296   36.2240102
  25.9741334   36.2230185
  25.9731178   36.2220396
  25.9720831   36.2210738
  25.9710296   36.2201213
  25.9699575   36.2191825
  25.9688671   36.2182574
  25.9677587   36.2173464
  25.9666325   36.2164496
  25.9654888   36.2155674
  25.9643279   36.2146999
  25.9638955   36.2143869
  25.9635675   36.2140732
  25.9625306   36.2131127
  25.961475    36.2121656
  25.9614052   36.2121039
  25.9603426   36.2111801
  25.9592622   36.2102698
  25.9581642   36.2093732
  25.957049    36.2084906
  25.9559168   36.2076221
  25.9547679   36.2067681
  25.9536025   36.2059286
  25.9524211   36.205104
  25.9512237   36.2042943
  25.9500109   36.2034999
  25.9487828   36.2027209
  25.9475397   36.2019575
  25.9462819   36.2012099
  25.9450098   36.2004782
  25.9437237   36.1997627
  25.9424239   36.1990635
  25.9411107   36.1983808
  25.9397843   36.1977147
  25.9384453   36.1970655
  25.9370938   36.1964333
  25.9357302   36.1958182
  25.9343549   36.1952204
  25.9342899   36.1951927
  25.9328894   36.1946067
  25.9314776   36.1940386
  25.9300549   36.1934887
  25.9286216   36.1929569
  25.927178    36.1924435
  25.9257246   36.1919485
  25.9242617   36.1914721
  25.9227896   36.1910145
  25.9213087   36.1905757
  25.9198195   36.1901558
  25.9183222   36.1897549
  25.9168172   36.1893733
  25.915305    36.1890108
  25.9137858   36.1886677
  25.9122601   36.188344
  25.9107283   36.1880398
  25.9091907   36.1877551
  25.9076477   36.1874902
  25.9060998   36.1872449
  25.9045472   36.1870194
  25.9029904   36.1868137
  25.9014298   36.1866279
  25.8998657   36.1864621
  25.8982985   36.1863162
  25.8967288   36.1861903
  25.8951567   36.1860844
  25.8935828   36.1859987
  25.8920073   36.185933
  25.8904308   36.1858874
  25.8897621   36.1858766
  25.8892115   36.185844
  25.8876407   36.1857713
  25.8860687   36.1857186
  25.8844959   36.1856859
  25.8829226   36.1856732
  25.8813493   36.1856805
  25.8797764   36.1857078
  25.8782041   36.1857551
  25.876633    36.1858224
  25.8750634   36.1859097
  25.8734957   36.186017
  25.8719302   36.1861442
  25.8703675   36.1862913
  25.8688078   36.1864582
  25.8672516   36.186645
  25.8656992   36.1868515
  25.864151    36.1870777
  25.8626075   36.1873237
  25.8610689   36.1875892
  25.8595358   36.1878742
  25.8581655   36.1881474
  25.8576615   36.1882453
  25.8574914   36.1882807
  25.8559974   36.1879543
  25.8544707   36.1876415
  25.8529381   36.1873482
  25.8513999   36.1870745
  25.8498565   36.1868204
  25.8483084   36.1865859
  25.8467559   36.1863713
  25.8451994   36.1861764
  25.8436393   36.1860014
  25.8420759   36.1858462
  25.8405097   36.185711
  25.8389411   36.1855957
  25.8373703   36.1855005
  25.835798    36.1854252
  25.8342243   36.18537
  25.8326498   36.1853349
  25.8310748   36.1853198
  25.8294996   36.1853247
  25.8279248   36.1853497
  25.8263507   36.1853948
  25.8247776   36.1854599
  25.823206    36.1855451
  25.8216363   36.1856502
  25.8200688   36.1857753
  25.8198042   36.1857981
  25.8183064   36.1859366
  25.8168115   36.1860932
  25.8153196   36.1862681
  25.8138311   36.1864611
  25.8123465   36.1866723
  25.810866    36.1869015
  25.8095001   36.1871216
  25.8079714   36.1873781
  25.8064478   36.1876537
  25.8049298   36.1879486
  25.8034177   36.1882626
  25.8019118   36.1885956
  25.8004126   36.1889477
  25.7989204   36.1893186
  25.7974356   36.1897082
  25.7959585   36.1901166
  25.7944894   36.1905436
  25.7930289   36.1909891
  25.7915772   36.1914529
  25.7901346   36.191935
  25.7887015   36.1924353
  25.7872784   36.1929535
  25.7862481   36.1933366
  25.784872    36.1938585
  25.7835059   36.1943973
  25.7821501   36.1949528
  25.780805    36.1955248
  25.7794709   36.1961134
  25.778148    36.1967182
  25.7768367   36.1973393
  25.7755372   36.1979764
  25.7742499   36.1986294
  25.7729751   36.1992981
  25.7717131   36.1999824
  25.7704641   36.2006822
  25.7692285   36.2013972
  25.7680066   36.2021273
  25.7667985   36.2028723
  25.7656047   36.2036321
  25.7639932   36.2046738
  25.7627922   36.2054626
  25.7616064   36.2062663
  25.7604363   36.2070848
  25.7592821   36.2079178
  25.758144    36.2087651
  25.7570224   36.2096266
  25.7559174   36.210502
  25.7548294   36.2113911
  25.7537587   36.2122937
  25.7527054   36.2132096
  25.7516698   36.2141386
  25.7506523   36.2150804
  25.7496529   36.2160348
  25.7486721   36.2170016
  25.7477099   36.2179805
  25.7467667   36.2189714
  25.7458427   36.2199739
  25.744938    36.2209878
  25.744053    36.222013
  25.7439119   36.2221819
  25.7434952   36.2225947
  25.742526    36.2235863
  25.7415761   36.22459
  25.7406459   36.2256056
  25.7397355   36.2266329
  25.7388453   36.2276715
  25.7379753   36.2287212
  25.7371258   36.2297818
  25.736297    36.230853
  25.7354892   36.2319345
  25.7347025   36.2330261
  25.7339371   36.2341275
  25.7331933   36.2352384
  25.7324711   36.2363586
  25.7317708   36.2374877
  25.7310925   36.2386256
  25.7304364   36.2397718
  25.7298027   36.2409263
  25.7291915   36.2420885
  25.728603    36.2432584
  25.7280373   36.2444355
  25.7274945   36.2456196
  25.7269749   36.2468105
  25.7264784   36.2480077
  25.7260053   36.249211
  25.7255557   36.2504202
  25.7251296   36.2516348
  25.7247272   36.2528547
  25.7243546   36.25406
  25.7233673   36.2548518
  25.7231636   36.2550183
  25.7220018   36.2559841
  25.7208601   36.2569654
  25.7197389   36.257962
  25.7186386   36.2589735
  25.7175594   36.2599997
  25.7165015   36.2610403
  25.7162551   36.2612868
  25.7152798   36.2622786
  25.714324    36.2632827
  25.7133878   36.2642987
  25.7124716   36.2653264
  25.7115756   36.2663656
  25.7106999   36.2674161
  25.7098448   36.2684775
  25.7090105   36.2695496
  25.7081972   36.2706321
  25.7074052   36.2717248
  25.7066346   36.2728274
  25.7058855   36.2739395
  25.7051583   36.2750611
  25.704453    36.2761917
  25.7038541   36.2771906
  25.7027497   36.2775235
  25.7012849   36.2779865
  25.6998293   36.278468
  25.6983832   36.278968
  25.6969472   36.2794862
  25.6955215   36.2800226
  25.6941064   36.2805771
  25.6927023   36.2811495
  25.6913096   36.2817396
  25.6899286   36.2823474
  25.6885597   36.2829726
  25.6872032   36.2836152
  25.6858594   36.2842749
  25.6845287   36.2849515
  25.6832113   36.285645
  25.6819077   36.2863552
  25.6806181   36.2870818
  25.6793429   36.2878247
  25.6780824   36.2885837
  25.6768369   36.2893586
  25.6756067   36.2901492
  25.6743921   36.2909553
  25.6733156   36.2916931
  25.6732499   36.2917316
  25.6720093   36.2924837
  25.6707834   36.2932512
  25.6695725   36.2940339
  25.6683768   36.2948318
  25.6671967   36.2956445
  25.6660323   36.2964719
  25.6648841   36.2973138
  25.6637522   36.2981699
  25.662637    36.2990402
  25.6615388   36.2999242
  25.6604577   36.300822
  25.6593941   36.3017332
  25.6588046   36.3022542
  25.658014    36.3028963
  25.6569287   36.3038061
  25.6558611   36.3047294
  25.6548117   36.3056661
  25.6537807   36.3066159
  25.6527683   36.3075787
  25.6517747   36.3085541
  25.6508003   36.309542
  25.6498452   36.310542
  25.6489096   36.3115539
  25.6479939   36.3125776
  25.6470983   36.3136127
  25.6462229   36.314659
  25.645368    36.3157161
  25.6445338   36.316784
  25.6437204   36.3178622
  25.6429282   36.3189506
  25.6421572   36.3200489
  25.6414077   36.3211567
  25.6406799   36.3222739
  25.6399739   36.3234001
  25.63929     36.3245351
  25.6386282   36.3256785
  25.6379888   36.3268302
  25.6373718   36.3279898
  25.6370622   36.328598
  25.636658    36.329338
  25.6360582   36.3304837
  25.6354805   36.3316367
  25.634925    36.3327968
  25.6343918   36.3339637
  25.6338811   36.335137
  25.6333929   36.3363165
  25.6329275   36.337502
  25.6324848   36.3386931
  25.6320651   36.3398896
  25.6316684   36.3410911
  25.6312948   36.3422974
  25.6309444   36.3435082
  25.6306173   36.3447231
  25.6303135   36.345942
  25.6300332   36.3471646
  25.6297764   36.3483904
  25.6295431   36.3496193
  25.6293335   36.3508509
  25.629319    36.3509473
  25.6292887   36.3510942
  25.6292729   36.3511554
  25.6289789   36.3523958
  25.6287091   36.3536398
  25.6284635   36.354887
  25.6282424   36.3561372
  25.6280456   36.35739
  25.6278733   36.3586451
  25.6277256   36.3599022
  25.6276023   36.361161
  25.6275036   36.3624211
  25.6274295   36.3636824
  25.6273801   36.3649444
  25.6273552   36.3662069
  25.627355    36.3674695
  25.6273794   36.3687319
  25.6274284   36.3699938
  25.627502    36.371255
  25.6276003   36.372515
  25.6277231   36.3737736
  25.6278704   36.3750305
  25.6280422   36.3762854
  25.6282385   36.3775379
  25.6284592   36.3787877
  25.6287043   36.3800346
  25.6289737   36.3812782
  25.6292673   36.3825182
  25.629585    36.3837544
  25.6299268   36.3849863
  25.6302927   36.3862138
  25.6306824   36.3874364
  25.6310959   36.388654
  25.6315332   36.3898662
  25.631994    36.3910726
  25.6324783   36.3922731
  25.632986    36.3934673
  25.6335169   36.3946549
  25.634071    36.3958356
  25.634648    36.3970092
  25.6352478   36.3981753
  25.6358703   36.3993336
  25.6365154   36.4004839
  25.6371828   36.4016259
  25.6378724   36.4027594
  25.6385841   36.4038839
  25.6393176   36.4049993
  25.6400728   36.4061052
  25.6408495   36.4072015
  25.6416474   36.4082878
  25.6424665   36.4093638
  25.6433065   36.4104294
  25.6441672   36.4114842
  25.6449916   36.4124607
  25.645027    36.412518
  25.6457556   36.4136513
  25.6465064   36.4147752
  25.646564    36.4148582
  25.6472025   36.415827
  25.6479549   36.4169266
  25.6487285   36.4180166
  25.6495232   36.4190967
  25.6503388   36.4201667
  25.651175    36.4212263
  25.6520318   36.4222753
  25.6529087   36.4233133
  25.6538058   36.4243401
  25.6547227   36.4253556
  25.6556591   36.4263593
  25.656615    36.4273512
  25.65759     36.4283309
  25.6585839   36.4292982
  25.6595965   36.4302529
  25.6606275   36.4311947
  25.6616767   36.4321235
  25.6627437   36.4330389
  25.6638285   36.4339408
  25.6649306   36.4348289
  25.6660498   36.4357031
  25.6671859   36.436563
  25.6683385   36.4374086
  25.6695074   36.4382396
  25.6695391   36.4382618
  25.6702113   36.4387247
  25.6710947   36.4396493
  25.672073    36.4406404
  25.6730706   36.441619
  25.6740872   36.4425848
  25.6751227   36.4435376
  25.6761766   36.4444772
  25.6772489   36.4454032
  25.6773697   36.4455043
  25.6780029   36.4463599
  25.678829    36.447437
  25.6796762   36.4485035
  25.6805441   36.4495592
  25.6814326   36.4506037
  25.6823414   36.4516368
  25.6832704   36.4526582
  25.6842193   36.4536677
  25.6851879   36.454665
  25.6861758   36.4556499
  25.687183    36.4566222
  25.6882091   36.4575815
  25.6892538   36.4585278
  25.690317    36.4594606
  25.6913983   36.4603798
  25.6914598   36.4604313
  25.6925529   36.4613317
  25.6936633   36.4622182
  25.6947909   36.4630906
  25.6959354   36.4639487
  25.6970964   36.4647922
  25.6982738   36.465621
  25.6994671   36.4664348
  25.7006762   36.4672335
  25.7019007   36.4680169
  25.7031403   36.4687846
  25.7043947   36.4695367
  25.7056636   36.4702729
  25.7069467   36.4709929
  25.7082437   36.4716967
  25.7095542   36.4723841
  25.710878    36.4730548
  25.7122147   36.4737088
  25.713564    36.4743458
  25.7149255   36.4749658
  25.716299    36.4755685
  25.717684    36.4761538
  25.7190802   36.4767216
  25.7191724   36.4767584
  25.7205636   36.4773023
  25.721965    36.4778289
  25.7233765   36.478338
  25.7247975   36.4788293
  25.7262279   36.479303
  25.7276672   36.4797587
  25.7291152   36.4801964
  25.7305714   36.4806161
  25.7320355   36.4810175
  25.7335072   36.4814007
  25.734986    36.4817655
  25.7364718   36.4821118
  25.737964    36.4824395
  25.7394624   36.4827486
  25.7409665   36.4830391
  25.7424761   36.4833107
  25.7439907   36.4835635
  25.74551     36.4837974
  25.7470336   36.4840123
  25.7485612   36.4842082
  25.7500924   36.4843851
  25.7516268   36.4845428
  25.7531641   36.4846815
  25.7547039   36.4848009
  25.7548272   36.4848097
  25.7556481   36.4848632
  25.7560476   36.4849007
  25.7561496   36.4849089
  25.7562514   36.4849183
  25.7569296   36.4849722
  25.7576077   36.4850272
  25.7577098   36.4850342
  25.7578118   36.4850423
  25.7584909   36.4850876
  25.75917     36.485134
  25.7592722   36.4851397
  25.7593744   36.4851465
  25.7600543   36.4851833
  25.7607342   36.4852211
  25.7608366   36.4852255
  25.7609388   36.485231
  25.7616194   36.4852592
  25.7622999   36.4852884
  25.7624024   36.4852915
  25.7625047   36.4852958
  25.7631858   36.4853153
  25.7638668   36.485336
  25.7639693   36.4853378
  25.7640717   36.4853407
  25.764753    36.4853517
  25.7654344   36.4853637
  25.7655369   36.4853642
  25.7656393   36.4853659
  25.7663208   36.4853682
  25.7670023   36.4853716
  25.7671048   36.4853709
  25.7672073   36.4853712
  25.7678887   36.4853649
  25.7685702   36.4853598
  25.7686727   36.4853577
  25.7687752   36.4853568
  25.7694564   36.4853419
  25.7701377   36.4853281
  25.7702401   36.4853248
  25.7703425   36.4853225
  25.7710234   36.485299
  25.7717043   36.4852767
  25.7718067   36.485272
  25.7719091   36.4852685
  25.7721072   36.485261
  25.7736799   36.4851898
  25.7752511   36.4850987
  25.7768202   36.4849877
  25.778387    36.4848567
  25.7799511   36.4847059
  25.7815119   36.4845353
  25.7830693   36.4843449
  25.7846227   36.4841347
  25.7861718   36.4839049
  25.7877162   36.4836554
  25.7892554   36.4833864
  25.7907893   36.4830979
  25.7923172   36.4827899
  25.793839    36.4824626
  25.7953541   36.4821161
  25.7968622   36.4817503
  25.798363    36.4813655
  25.799856    36.4809616
  25.8013409   36.4805389
  25.8028173   36.4800974
  25.8042849   36.4796372
  25.8057433   36.4791584
  25.8071921   36.4786612
  25.8086309   36.4781457
  25.8100595   36.4776119
  25.8114774   36.4770601
  25.8128843   36.4764904
  25.8142798   36.4759029
  25.8156637   36.4752977
  25.8170355   36.4746751
  25.8183949   36.4740351
  25.8197415   36.473378
  25.8210752   36.4727038
  25.8223954   36.4720128
  25.8237019   36.4713051
  25.8249943   36.4705809
  25.8262724   36.4698404
  25.8275357   36.4690838
  25.8287841   36.4683112
  25.8300172   36.4675229
  25.8312346   36.466719
  25.8324361   36.4658998
  25.8326497   36.4657494
  25.8329752   36.4655775
  25.8342993   36.4648537
  25.8345341   36.4647231
  25.8357963   36.4640094
  25.8370447   36.4632801
  25.8382789   36.4625353
  25.8394987   36.4617753
  25.8407037   36.4610002
  25.8418937   36.4602103
  25.8420457   36.4601061
  25.8421084   36.4600645
  25.8433322   36.4592401
  25.8435732   36.4590724
  25.8445596   36.4586471
  25.8459324   36.4580326
  25.847293    36.4574008
  25.8486411   36.4567519
  25.8499763   36.4560859
  25.8512983   36.4554032
  25.8526068   36.4547038
  25.8539014   36.4539879
  25.8551819   36.4532557
  25.8564479   36.4525073
  25.8576991   36.451743
  25.8589352   36.450963
  25.8601558   36.4501674
  25.8613608   36.4493565
  25.8623898   36.4486415
  25.862718    36.4485125
  25.8641328   36.447934
  25.865536    36.4473374
  25.8655662   36.4473243
  25.8669464   36.4467148
  25.8683145   36.4460878
  25.8696701   36.4454436
  25.8710129   36.4447823
  25.8723426   36.4441039
  25.8736588   36.4434088
  25.8749612   36.4426971
  25.8762495   36.4419689
  25.8775234   36.4412245
  25.8787825   36.440464
  25.8800266   36.4396876
  25.8802268   36.4395585
  25.8814985   36.4388502
  25.8827923   36.4381047
  25.8828049   36.4380971
  25.8831993   36.4378804
  25.8844833   36.4371506
  25.8857527   36.4364047
  25.8870074   36.4356428
  25.8882471   36.4348651
  25.8894713   36.4340718
  25.8904235   36.4334347
  25.8918269   36.4330258
  25.8933099   36.4325723
  25.8947837   36.4320998
  25.896248    36.4316085
  25.8977024   36.4310986
  25.8991466   36.4305701
  25.9005801   36.4300232
  25.9020027   36.4294581
  25.9034139   36.4288748
  25.9048134   36.4282735
  25.9062009   36.4276545
  25.9064009   36.4275635
  25.9077655   36.4269317
  25.9091176   36.4262826
  25.9104568   36.4256165
  25.9117827   36.4249334
  25.9130952   36.4242336
  25.9143937   36.4235172
  25.915678    36.4227844
  25.9169478   36.4220354
  25.9182028   36.4212704
  25.9194426   36.4204895
  25.9206669   36.419693
  25.9218755   36.418881
  25.923068    36.4180538
  25.9242442   36.4172115
  25.9254037   36.4163544
  25.9265462   36.4154827
  25.9276716   36.4145966
  25.9287794   36.4136963
  25.9298694   36.412782
  25.9309414   36.411854
  25.9319951   36.4109125
  25.9330302   36.4099578
  25.9340464   36.40899
  25.9350436   36.4080094
  25.9360214   36.4070162
  25.9369796   36.4060108
  25.937918    36.4049933
  25.9388364   36.403964
  25.9397344   36.4029232
  25.940612    36.4018711
  25.9414688   36.4008079
  25.9423047   36.399734
  25.9431195   36.3986497
  25.9439129   36.397555
  25.9446847   36.3964505
  25.9454348   36.3953362
  25.946163    36.3942126
  25.9468691   36.3930798
  25.9475528   36.3919382
  25.9482142   36.390788
  25.9488529   36.3896296
  25.9494688   36.3884632
  25.9500619   36.3872891
  25.9506318   36.3861076
  25.9511785   36.3849189
  25.9517019   36.3837235
  25.9522017   36.3825216
  25.952678    36.3813134
  25.9531305   36.3800993
  25.9535592   36.3788796
  25.953964    36.3776546
  25.9543447   36.3764246
  25.9547013   36.3751899
  25.9550336   36.3739508
  25.9553416   36.3727076
  25.9553945   36.3724749
  25.9555061   36.3721045
  25.9558554   36.3708579
  25.9561801   36.369607
  25.95648     36.3683521
  25.9567551   36.3670936
  25.9570053   36.3658316
  25.9572306   36.3645665
  25.9574309   36.3632987
  25.9576061   36.3620285
  25.9577562   36.3607562
  25.9578812   36.3594821
  25.957981    36.3582065
  25.9580557   36.3569298
  25.9581051   36.3556523
  25.9581292   36.3543743
  25.9581282   36.3530962
  25.9581019   36.3518181
  25.9580504   36.3505406
  25.958043    36.3503932
  25.9579686   36.3491495
  25.9578703   36.3479069
  25.9577481   36.3466656
  25.957602    36.345426
  25.9574321   36.3441883
  25.9572385   36.3429529
  25.9570211   36.3417201
  25.9567801   36.34049
  25.9565287   36.3393248
END
5
  26.1391162   35.9023313
  26.1392162   35.9024827
  26.1400008   35.9036261
  26.1408082   35.9047591
  26.1416382   35.9058813
  26.1424904   35.9069925
  26.1429756   35.9076028
  26.1432201   35.9079177
  26.1440702   35.9089933
  26.1449412   35.9100579
  26.1458328   35.9111112
  26.1467449   35.9121529
  26.1476772   35.9131829
  26.1486294   35.9142007
  26.1496014   35.9152063
  26.1505929   35.9161992
  26.1516036   35.9171794
  26.1517213   35.9172917
  26.1527377   35.9182465
  26.1537724   35.9191884
  26.1548251   35.9201171
  26.1558956   35.9210323
  26.1569835   35.9219339
  26.1580887   35.9228217
  26.1592108   35.9236954
  26.1603497   35.9245548
  26.1615049   35.9253997
  26.1626763   35.9262299
  26.1638635   35.9270452
  26.1650663   35.9278453
  26.1662843   35.9286303
  26.166604    35.928833
  26.1678424   35.9296057
  26.1690956   35.9303626
  26.1703633   35.9311036
  26.1716451   35.9318283
  26.1729408   35.9325367
  26.1742501   35.9332286
  26.1755726   35.9339038
  26.1769079   35.9345621
  26.1782559   35.9352034
  26.179616    35.9358275
  26.1809881   35.9364343
  26.1823718   35.9370236
  26.1837667   35.9375953
  26.1851724   35.9381493
  26.1865888   35.9386853
  26.1880153   35.9392033
  26.1894516   35.9397032
  26.1908975   35.9401847
  26.1923525   35.9406479
  26.1938162   35.9410926
  26.1952884   35.9415186
  26.1967687   35.941926
  26.1982566   35.9423145
  26.1997519   35.9426841
  26.2012541   35.9430346
  26.202763    35.9433661
  26.2042781   35.9436784
  26.205799    35.9439715
  26.2073254   35.9442453
  26.2088569   35.9444996
  26.2103932   35.9447345
  26.2119338   35.9449499
  26.2134784   35.9451458
  26.2150266   35.945322
  26.216578    35.9454786
  26.2181322   35.9456155
  26.2196889   35.9457326
  26.2212477   35.94583
  26.2214314   35.9458392
  26.2225704   35.9459705
  26.2241149   35.9461288
  26.2256623   35.9462676
  26.2272122   35.9463869
  26.2287642   35.9464865
  26.230318    35.9465665
  26.2318731   35.946627
  26.2334292   35.9466677
  26.2349858   35.9466888
  26.2365427   35.9466903
  26.2380994   35.9466721
  26.2396556   35.9466343
  26.2412109   35.9465768
  26.2415616   35.9465616
  26.243131    35.9464836
  26.2446987   35.9463856
  26.2462643   35.9462676
  26.2478274   35.9461297
  26.2493876   35.9459718
  26.2509446   35.9457941
  26.2524979   35.9455966
  26.2540472   35.9453793
  26.255592    35.9451422
  26.2571321   35.9448855
  26.2586669   35.9446091
  26.2601962   35.9443132
  26.2617196   35.9439979
  26.2632366   35.9436632
  26.2647469   35.9433091
  26.2648864   35.9432754
  26.2664617   35.9428838
  26.2680288   35.9424711
  26.2695872   35.9420375
  26.2704205   35.9417995
  26.2711942   35.9415755
  26.2721104   35.9413069
  26.2735993   35.9408594
  26.2750793   35.9403928
  26.2765499   35.9399072
  26.2780108   35.9394028
  26.2794616   35.9388795
  26.280902    35.9383376
  26.2823315   35.9377773
  26.2837498   35.9371986
  26.2851565   35.9366017
  26.2865514   35.9359867
  26.287934    35.9353539
  26.289304    35.9347033
  26.290661    35.9340351
  26.2920047   35.9333495
  26.2933348   35.9326467
  26.2946509   35.9319269
  26.2959527   35.9311902
  26.2972398   35.9304368
  26.298512    35.9296669
  26.2997689   35.9288807
  26.3010102   35.9280784
  26.3022356   35.9272602
  26.3034447   35.9264263
  26.3046373   35.9255769
  26.305813    35.9247123
  26.3069717   35.9238326
  26.3081129   35.9229381
  26.3092363   35.922029
  26.3103418   35.9211055
  26.311429    35.9201679
  26.3124976   35.9192163
  26.3135474   35.9182511
  26.3145781   35.9172725
  26.3155895   35.9162808
  26.3165812   35.9152761
  26.3175531   35.9142587
  26.3185048   35.913229
  26.3194362   35.9121871
  26.3195946   35.9120069
  26.3205556   35.910894
  26.3214934   35.9097682
  26.3224077   35.9086298
  26.3232982   35.907479
  26.3234791   35.9072409
  26.3242942   35.9061485
  26.3250879   35.9050459
  26.32586     35.9039332
  26.3266103   35.9028108
  26.3273386   35.9016789
  26.3280448   35.9005378
  26.3287287   35.8993878
  26.32939     35.8982292
  26.3300287   35.8970623
  26.3306446   35.8958873
  26.3312375   35.8947046
  26.3318073   35.8935144
  26.3323538   35.8923171
  26.332877    35.8911129
  26.3329223   35.891006
  26.3334279   35.8897803
  26.3339092   35.8885483
  26.3343662   35.8873102
  26.3347987   35.8860663
  26.3352066   35.8848169
  26.3355898   35.8835624
  26.3359482   35.8823031
  26.3362818   35.8810393
  26.3365904   35.8797713
  26.3368739   35.8784994
  26.3371323   35.877224
  26.3373655   35.8759455
  26.3375735   35.874664
  26.3377562   35.87338
  26.3379136   35.8720937
  26.3380455   35.8708056
  26.3381521   35.8695159
  26.3382332   35.868225
  26.3382888   35.8669331
  26.3383189   35.8656407
  26.3383236   35.8643481
  26.3383198   35.8637401
  26.3382994   35.8624617
  26.338254    35.8611837
  26.3381837   35.8599064
  26.3380885   35.8586302
  26.3379684   35.8573553
  26.3378235   35.8560821
  26.3376538   35.8548109
  26.3374593   35.853542
  26.3372401   35.8522757
  26.3369962   35.8510124
  26.3367277   35.8497523
  26.336592    35.8491441
  26.3363013   35.8478969
  26.3359864   35.8466535
  26.3356475   35.8454142
  26.3352847   35.8441794
  26.3348981   35.8429494
  26.3344876   35.8417243
  26.3340536   35.8405047
  26.3335959   35.8392907
  26.3331149   35.8380826
  26.3326105   35.8368808
  26.3320829   35.8356855
  26.3315323   35.8344971
  26.3309587   35.8333158
  26.3303623   35.8321419
  26.3297433   35.8309757
  26.3291019   35.8298176
  26.3290189   35.8296708
  26.3283251   35.8284702
  26.3276072   35.8272789
  26.3268653   35.8260972
  26.3260996   35.8249256
  26.3253104   35.8237643
  26.3244978   35.8226136
  26.3236621   35.8214739
  26.3228035   35.8203454
  26.3219221   35.8192284
  26.3210184   35.8181233
  26.3209242   35.8180101
  26.3200514   35.8169789
  26.3191591   35.8159587
  26.3182474   35.8149498
  26.3173166   35.8139525
  26.316367    35.8129669
  26.3153987   35.8119933
  26.3144119   35.811032
  26.3134069   35.8100831
  26.312384    35.8091469
  26.3113434   35.8082236
  26.3102853   35.8073135
  26.30921     35.8064168
  26.3081177   35.8055336
  26.3070087   35.8046641
  26.3058834   35.8038087
  26.3047418   35.8029675
  26.3035843   35.8021407
  26.3024113   35.8013284
  26.3012229   35.800531
  26.3000194   35.7997485
  26.2988012   35.7989812
  26.2975685   35.7982293
  26.2963217   35.7974929
  26.2950609   35.7967722
  26.2949251   35.7966958
  26.2936508   35.795991
  26.2933301   35.7958194
  26.2932926   35.7957895
  26.292123    35.7948858
  26.2909354   35.7939975
  26.2897303   35.7931248
  26.288508    35.7922681
  26.2872687   35.7914276
  26.2860128   35.7906034
  26.2847406   35.7897958
  26.2834525   35.789005
  26.2821487   35.7882313
  26.2808297   35.7874747
  26.2794958   35.7867355
  26.2791659   35.7865559
  26.277852    35.7858525
  26.2765246   35.785166
  26.275184    35.7844966
  26.2738306   35.7838444
  26.2724647   35.7832095
  26.2710865   35.7825923
  26.2696966   35.7819927
  26.2682952   35.781411
  26.2668826   35.7808473
  26.2654593   35.7803017
  26.2640255   35.7797744
  26.2625817   35.7792655
  26.2611281   35.7787752
  26.2596652   35.7783035
  26.2581933   35.7778505
  26.2567128   35.7774165
  26.255224    35.7770014
  26.2537274   35.7766055
  26.2522232   35.7762287
  26.2514892   35.7760551
  26.2514042   35.7760343
  26.251263    35.7760016
  26.2507119   35.7758713
  26.2504621   35.7758139
  26.2501789   35.7757508
  26.2498964   35.7756855
  26.2494229   35.7755824
  26.2489501   35.7754771
  26.2486657   35.7754176
  26.2483819   35.7753559
  26.2479065   35.7752589
  26.2474318   35.7751596
  26.2471462   35.7751038
  26.2468613   35.7750457
  26.246384    35.7749547
  26.2459074   35.7748615
  26.2456208   35.7748093
  26.2453349   35.7747549
  26.2448559   35.77467
  26.2443776   35.7745829
  26.24409     35.7745344
  26.243803    35.7744835
  26.2433224   35.7744048
  26.2428425   35.7743238
  26.242554    35.7742789
  26.242266    35.7742318
  26.241784    35.7741592
  26.2413025   35.7740843
  26.2410132   35.7740431
  26.2407244   35.7739996
  26.240241    35.7739332
  26.2397582   35.7738644
  26.2394681   35.7738269
  26.2391785   35.7737871
  26.2386939   35.7737269
  26.2382097   35.7736643
  26.2379189   35.7736305
  26.2376286   35.7735944
  26.2371429   35.7735403
  26.2366576   35.7734839
  26.2363662   35.7734538
  26.2360752   35.7734214
  26.2355885   35.7733735
  26.2351022   35.7733233
  26.2348102   35.7732969
  26.2345186   35.7732683
  26.2340311   35.7732266
  26.2335438   35.7731826
  26.2332514   35.7731599
  26.2329593   35.7731349
  26.232471    35.7730995
  26.231983    35.7730617
  26.2316901   35.7730428
  26.2313976   35.7730215
  26.2309087   35.7729923
  26.2304199   35.7729607
  26.2301268   35.7729456
  26.2298339   35.772928
  26.2293444   35.772905
  26.2288552   35.7728797
  26.2285618   35.7728683
  26.2282685   35.7728545
  26.2277787   35.7728377
  26.227289    35.7728186
  26.2269954   35.7728109
  26.2267019   35.7728009
  26.2262119   35.7727904
  26.2257219   35.7727775
  26.2254282   35.7727735
  26.2251345   35.7727672
  26.2246443   35.772763
  26.2241541   35.7727564
  26.2238604   35.7727562
  26.2235666   35.7727536
  26.2230764   35.7727556
  26.2225861   35.7727552
  26.2222924   35.7727587
  26.2219987   35.7727599
  26.2215086   35.7727682
  26.2210184   35.772774
  26.2207247   35.7727813
  26.2204311   35.7727862
  26.2202009   35.7727917
  26.2197168   35.7728063
  26.2194511   35.7728128
  26.2192583   35.7728201
  26.2186293   35.772839
  26.2170588   35.7729065
  26.2154898   35.772994
  26.2139227   35.7731015
  26.2123579   35.7732291
  26.2107957   35.7733766
  26.2092366   35.7735441
  26.207681    35.7737315
  26.2061292   35.7739388
  26.2045816   35.7741659
  26.2030386   35.7744127
  26.2015006   35.7746792
  26.1999679   35.7749654
  26.198441    35.7752711
  26.1969202   35.7755962
  26.195406    35.7759408
  26.1938986   35.7763047
  26.1923984   35.7766878
  26.1909059   35.77709
  26.1894214   35.7775113
  26.1879453   35.7779515
  26.1864778   35.7784105
  26.1850195   35.7788882
  26.1835706   35.7793844
  26.1821316   35.7798991
  26.1807027   35.7804322
  26.1792844   35.7809834
  26.1778769   35.7815527
  26.1764807   35.7821399
  26.175096    35.7827449
  26.1737233   35.7833675
  26.1723628   35.7840075
  26.1710149   35.7846649
  26.16968     35.7853394
  26.1683583   35.7860308
  26.1670502   35.7867391
  26.165756    35.787464
  26.1644761   35.7882053
  26.1632107   35.7889629
  26.1619602   35.7897366
  26.1607249   35.7905261
  26.1595051   35.7913313
  26.1583011   35.792152
  26.1571131   35.792988
  26.1559415   35.793839
  26.1558379   35.7939155
  26.1546453   35.7948101
  26.1534708   35.7957204
  26.1523147   35.7966461
  26.1511773   35.7975868
  26.1500589   35.7985425
  26.1489599   35.7995128
  26.1479418   35.8004264
  26.1468568   35.8014162
  26.145792    35.8024202
  26.1447475   35.8034382
  26.1437237   35.8044699
  26.1427209   35.805515
  26.1417393   35.8065733
  26.1407791   35.8076445
  26.1398407   35.8087282
  26.1389243   35.8098242
  26.1380301   35.8109322
  26.1379028   35.8110928
  26.1370643   35.8121691
  26.1362468   35.8132558
  26.1354504   35.8143529
  26.1346755   35.81546
  26.1339221   35.8165768
  26.1331904   35.8177031
  26.1324807   35.8188385
  26.1317931   35.8199828
  26.1311278   35.8211358
  26.1304849   35.822297
  26.1298647   35.8234663
  26.1292671   35.8246434
  26.1286925   35.8258279
  26.1281409   35.8270195
  26.1276125   35.8282181
  26.1271075   35.8294232
  26.1266258   35.8306345
  26.1261677   35.8318519
  26.1257333   35.8330749
  26.1253227   35.8343033
  26.1249359   35.8355367
  26.1245731   35.8367749
  26.1245072   35.837008
  26.1241764   35.8382207
  26.1238685   35.8394374
  26.1235837   35.8406578
  26.123322    35.8418815
  26.1230836   35.8431084
  26.1228684   35.844338
  26.1226765   35.8455702
  26.122508    35.8468046
  26.1223628   35.8480409
  26.1222411   35.8492788
  26.1221892   35.8498633
  26.1220935   35.8510657
  26.1220199   35.8522692
  26.1219685   35.8534734
  26.1219332   35.854526
  26.1219025   35.8558246
  26.1218975   35.8571234
  26.1219183   35.8584221
  26.1219209   35.8585225
  26.1219655   35.8597803
  26.1220343   35.8610374
  26.1221272   35.8622935
  26.1222442   35.8635482
  26.1223853   35.8648013
  26.1225504   35.8660524
  26.1227395   35.8673013
  26.1229525   35.8685476
  26.1231895   35.869791
  26.1234502   35.8710314
  26.1237348   35.8722682
  26.124043    35.8735013
  26.1243749   35.8747303
  26.1247304   35.875955
  26.1251093   35.8771751
  26.1255115   35.8783902
  26.1259371   35.8796001
  26.1263858   35.8808044
  26.1268576   35.8820029
  26.1273524   35.8831953
  26.1278699   35.8843814
  26.1284102   35.8855607
  26.1289731   35.8867331
  26.1295584   35.8878982
  26.130166    35.8890558
  26.1303125   35.8893289
  26.1309559   35.8905033
  26.1316224   35.8916691
  26.1323116   35.8928262
  26.1330234   35.8939743
  26.1337576   35.8951131
  26.1345141   35.8962423
  26.1352926   35.8973615
  26.136093    35.8984706
  26.136915    35.8995692
  26.1377585   35.9006571
  26.1378279   35.9007451
  26.1387468   35.9018883
  26.1391162   35.9023313
END
6
  26.3650381   37.4611587
  26.3642723   37.4603188
  26.3633528   37.4592755
  26.3628849   37.458726
  26.3625711   37.4583689
  26.3616996   37.4573437
  26.3608484   37.4563078
  26.3600177   37.4552615
  26.3598389   37.4550283
  26.3598179   37.4550032
  26.3589927   37.4539803
  26.3581872   37.4529475
  26.3574018   37.451905
  26.3566366   37.4508531
  26.3563917   37.4505104
  26.355638    37.4494362
  26.3549054   37.448353
  26.354194    37.4472608
  26.353504    37.4461599
  26.3528357   37.4450507
  26.3521891   37.4439333
  26.3515644   37.4428081
  26.3509618   37.4416753
  26.3503814   37.4405353
  26.3498233   37.4393882
  26.3492877   37.4382343
  26.3487748   37.437074
  26.3482845   37.4359074
  26.3478171   37.434735
  26.3473727   37.4335569
  26.3469514   37.4323734
  26.3465532   37.4311849
  26.3465373   37.4311359
  26.3461547   37.4299174
  26.3457965   37.4286942
  26.3454628   37.4274665
  26.3451535   37.4262349
  26.3448689   37.4249994
  26.344609    37.4237605
  26.3443738   37.4225185
  26.3441634   37.4212737
  26.3439779   37.4200263
  26.3438173   37.4187768
  26.3436816   37.4175254
  26.3435709   37.4162724
  26.3434852   37.4150181
  26.3434245   37.4137629
  26.3433889   37.4125071
  26.3433784   37.4112509
  26.3433929   37.4099948
  26.3434324   37.408739
  26.343497    37.4074838
  26.3435867   37.4062295
  26.3437013   37.4049766
  26.3438409   37.4037252
  26.3440054   37.4024757
  26.3441949   37.4012284
  26.3444092   37.3999836
  26.3446483   37.3987417
  26.3449121   37.3975029
  26.3452006   37.3962675
  26.3455137   37.395036
  26.3458513   37.3938085
  26.3462134   37.3925854
  26.3465998   37.3913669
  26.3470104   37.3901535
  26.3474452   37.3889454
  26.347904    37.3877429
  26.3483868   37.3865462
  26.3488933   37.3853558
  26.3489092   37.3853194
  26.3494376   37.3841395
  26.3499894   37.3829664
  26.3505644   37.3818003
  26.3511625   37.3806415
  26.3517835   37.3794904
  26.3524274   37.3783472
  26.3530939   37.3772122
  26.3537829   37.3760857
  26.3544941   37.3749679
  26.3552275   37.3738592
  26.3559828   37.3727598
  26.3567599   37.3716701
  26.3575585   37.3705902
  26.3583785   37.3695204
  26.3592196   37.368461
  26.3600816   37.3674124
  26.3609644   37.3663746
  26.3618677   37.365348
  26.3627913   37.3643329
  26.363735    37.3633295
  26.3646984   37.3623381
  26.3656814   37.3613588
  26.3666838   37.360392
  26.3677052   37.3594379
  26.3687455   37.3584967
  26.3698043   37.3575687
  26.3708814   37.356654
  26.3719766   37.355753
  26.3730895   37.3548659
  26.3742199   37.3539928
  26.3742586   37.3539633
  26.3754376   37.3530814
  26.3766345   37.3522148
  26.3778488   37.3513637
  26.3790804   37.3505284
  26.3803288   37.3497091
  26.3815938   37.3489059
  26.382875    37.3481192
  26.3841721   37.347349
  26.3854847   37.3465957
  26.3868125   37.3458594
  26.3881552   37.3451403
  26.3885411   37.3449373
  26.3898856   37.344242
  26.391244    37.343564
  26.3926159   37.3429034
  26.394001    37.3422605
  26.3953989   37.3416353
  26.3968092   37.341028
  26.3982317   37.3404388
  26.3996658   37.3398679
  26.4011113   37.3393154
  26.4025678   37.3387814
  26.4040349   37.338266
  26.4055123   37.3377695
  26.4069994   37.3372919
  26.4070664   37.3372709
  26.4085356   37.3368205
  26.4100135   37.3363887
  26.4114998   37.3359754
  26.4129942   37.3355809
  26.4144961   37.3352051
  26.4160053   37.3348482
  26.4175215   37.3345102
  26.4190441   37.3341914
  26.4205729   37.3338916
  26.4221074   37.3336111
  26.4236473   37.3333498
  26.4251922   37.3331079
  26.4267417   37.3328854
  26.4267928   37.3328784
  26.4283763   37.3326717
  26.4299638   37.3324852
  26.4312467   37.3323512
  26.4312378   37.3322232
  26.4311759   37.3309709
  26.4311402   37.3297599
  26.4310606   37.3294338
  26.4307862   37.3282059
  26.430536    37.3269746
  26.4303102   37.3257404
  26.4301088   37.3245034
  26.4299319   37.3232641
  26.4297795   37.3220227
  26.4296517   37.3207795
  26.4295484   37.3195349
  26.4294697   37.3182891
  26.4294157   37.3170425
  26.429387    37.3158262
  26.4292188   37.3153499
  26.4288196   37.314147
  26.4284442   37.3129393
  26.4280926   37.3117271
  26.4277649   37.3105106
  26.4274612   37.3092901
  26.4271817   37.308066
  26.4269262   37.3068385
  26.426695    37.305608
  26.4264881   37.3043748
  26.4263054   37.303139
  26.4261472   37.3019012
  26.4260133   37.3006615
  26.4259039   37.2994202
  26.4258189   37.2981778
  26.4257585   37.2969344
  26.4257225   37.2956903
  26.425711    37.294446
  26.4257241   37.2932017
  26.4257616   37.2919576
  26.4258237   37.2907141
  26.4259102   37.2894716
  26.4260212   37.2882303
  26.4261567   37.2869904
  26.4263165   37.2857524
  26.4265007   37.2845166
  26.4267092   37.2832831
  26.426942    37.2820524
  26.427199    37.2808247
  26.4274801   37.2796004
  26.4277854   37.2783797
  26.4277908   37.2783587
  26.4278731   37.2777914
  26.4280772   37.2765542
  26.4283058   37.2753197
  26.4285587   37.2740883
  26.428836    37.2728601
  26.4291374   37.2716355
  26.4294629   37.2704148
  26.4298125   37.2691983
  26.4301861   37.2679863
  26.4305836   37.2667791
  26.4310048   37.265577
  26.4314497   37.2643803
  26.4319182   37.2631893
  26.4324101   37.2620043
  26.4329254   37.2608255
  26.4334638   37.2596534
  26.4334799   37.2596191
  26.4340392   37.2584585
  26.4346211   37.257305
  26.4352257   37.2561588
  26.4358527   37.2550203
  26.4365021   37.2538897
  26.4371735   37.2527673
  26.437867    37.2516534
  26.4385823   37.2505482
  26.4393192   37.2494521
  26.4400775   37.2483653
  26.4408571   37.247288
  26.4416578   37.2462206
  26.4424794   37.2451632
  26.4433217   37.2441162
  26.4441844   37.2430798
  26.4450674   37.2420543
  26.4459705   37.2410399
  26.4468933   37.2400368
  26.4478358   37.2390453
  26.4487977   37.2380657
  26.4497786   37.2370982
  26.4507785   37.236143
  26.451797    37.2352003
  26.4528339   37.2342705
  26.453889    37.2333537
  26.454962    37.2324501
  26.4560525   37.2315599
  26.4571605   37.2306835
  26.4582855   37.229821
  26.4594273   37.2289725
  26.4605857   37.2281384
  26.4616828   37.2273729
  26.4620492   37.2269912
  26.4630129   37.2260189
  26.4639955   37.2250586
  26.4649967   37.2241107
  26.4660164   37.2231753
  26.4670543   37.2222526
  26.4681101   37.2213429
  26.4691836   37.2204465
  26.4702745   37.2195634
  26.4713825   37.218694
  26.4725074   37.2178384
  26.473649    37.2169969
  26.4748068   37.2161696
  26.4759807   37.2153568
  26.4771704   37.2145587
  26.4783755   37.2137754
  26.4795958   37.2130071
  26.480831    37.2122541
  26.4820808   37.2115165
  26.4833449   37.2107945
  26.4846229   37.2100882
  26.484645    37.2100762
  26.485912    37.2093989
  26.4871919   37.2087371
  26.4884843   37.2080909
  26.489789    37.2074605
  26.4911056   37.2068461
  26.4913267   37.2067465
  26.4915696   37.2066286
  26.4924159   37.206232
  26.4933771   37.2055472
  26.4945636   37.2047282
  26.4957662   37.2039242
  26.4969844   37.2031353
  26.4982181   37.2023618
  26.499467    37.2016039
  26.5007306   37.2008616
  26.5020087   37.2001353
  26.503301    37.1994251
  26.5046072   37.1987312
  26.5059269   37.1980537
  26.5072599   37.1973928
  26.5086057   37.1967487
  26.5099641   37.1961215
  26.5113347   37.1955114
  26.5127171   37.1949186
  26.5141111   37.1943431
  26.5155163   37.1937852
  26.5169323   37.1932449
  26.5183589   37.1927225
  26.5197955   37.192218
  26.521242    37.1917315
  26.5226979   37.1912632
  26.5241628   37.1908133
  26.5256364   37.1903817
  26.5271184   37.1899686
  26.5286084   37.1895742
  26.5301059   37.1891985
  26.5316107   37.1888416
  26.5331223   37.1885036
  26.5346405   37.1881845
  26.5361647   37.1878846
  26.5376947   37.1876037
  26.53923     37.1873421
  26.5407703   37.1870997
  26.5423152   37.1868767
  26.5438643   37.1866731
  26.5454173   37.1864888
  26.5469737   37.1863241
  26.5485331   37.1861789
  26.5500952   37.1860533
  26.5516597   37.1859472
  26.553226    37.1858608
  26.5547938   37.1857939
  26.5563627   37.1857468
  26.5579324   37.1857193
  26.5595024   37.1857115
  26.5610724   37.1857233
  26.562642    37.1857549
  26.5642107   37.1858061
  26.5657783   37.1858769
  26.5673442   37.1859674
  26.5689082   37.1860775
  26.5704698   37.1862071
  26.5720287   37.1863564
  26.5735844   37.1865251
  26.5751366   37.1867133
  26.5766848   37.1869209
  26.5782288   37.1871479
  26.5797681   37.1873943
  26.5813024   37.1876599
  26.5828312   37.1879446
  26.5843543   37.1882485
  26.5858711   37.1885715
  26.5873814   37.1889134
  26.5888847   37.1892741
  26.5903807   37.1896537
  26.591869    37.190052
  26.5933493   37.1904688
  26.5948212   37.1909042
  26.5962843   37.1913579
  26.5977383   37.19183
  26.5991828   37.1923201
  26.6006174   37.1928283
  26.6020418   37.1933544
  26.6021257   37.1933861
  26.6025673   37.193556
  26.6028296   37.1936229
  26.6029752   37.1933202
  26.6035323   37.1922117
  26.6041103   37.19111
  26.6047089   37.1900153
  26.6053281   37.1889279
  26.6059678   37.187848
  26.6066277   37.1867759
  26.6066523   37.1867366
  26.6073482   37.1856483
  26.6080649   37.1845685
  26.6088024   37.1834976
  26.6095605   37.1824358
  26.6103389   37.1813835
  26.6103868   37.1813198
  26.611203    37.1802545
  26.6120401   37.1791995
  26.6128979   37.1781551
  26.6137762   37.1771216
  26.6146747   37.1760991
  26.6155932   37.175088
  26.6165315   37.1740884
  26.6174895   37.1731007
  26.6184667   37.1721251
  26.619463    37.1711619
  26.6204782   37.1702112
  26.621512    37.1692732
  26.6225641   37.1683484
  26.6236343   37.1674368
  26.6247223   37.1665386
  26.6258279   37.1656542
  26.6269508   37.1647837
  26.6280906   37.1639273
  26.6292472   37.1630853
  26.6304202   37.1622579
  26.6316094   37.1614452
  26.6328145   37.1606475
  26.6340351   37.1598649
  26.6352709   37.1590977
  26.6365217   37.158346
  26.6377872   37.1576101
  26.639067    37.1568901
  26.6403608   37.1561861
  26.6416683   37.1554985
  26.6429892   37.1548272
  26.6443231   37.1541726
  26.6456698   37.1535347
  26.6470289   37.1529137
  26.6484      37.1523098
  26.6497828   37.1517231
  26.6511771   37.1511538
  26.6525823   37.150602
  26.6539983   37.1500678
  26.6554246   37.1495515
  26.6568609   37.149053
  26.6583068   37.1485725
  26.659762    37.1481102
  26.6612262   37.1476661
  26.6626989   37.1472404
  26.6641798   37.1468332
  26.6656685   37.1464445
  26.6671647   37.1460745
  26.668668    37.1457233
  26.6694631   37.1455483
  26.6702063   37.1445421
  26.6710216   37.1434771
  26.6718577   37.1424223
  26.6727145   37.1413781
  26.6735632   37.1403782
  26.674027    37.1395681
  26.6747038   37.1384335
  26.6754031   37.1373076
  26.6761245   37.1361906
  26.676868    37.1350829
  26.6776333   37.1339846
  26.6784202   37.132896
  26.6792286   37.1318175
  26.6800583   37.1307493
  26.680909    37.1296916
  26.6817806   37.1286448
  26.6826728   37.127609
  26.6835854   37.1265846
  26.6845181   37.1255718
  26.6854708   37.1245709
  26.6864432   37.123582
  26.6874351   37.1226055
  26.6884461   37.1216416
  26.6894761   37.1206906
  26.6905249   37.1197526
  26.691592    37.1188279
  26.6926774   37.1179168
  26.6937806   37.1170194
  26.6949015   37.116136
  26.6960397   37.1152668
  26.6961396   37.1151929
  26.6965092   37.1148285
  26.6975183   37.113865
  26.6985463   37.1129143
  26.699593    37.1119767
  26.7006581   37.1110523
  26.7017413   37.1101414
  26.7028425   37.1092443
  26.7039612   37.1083611
  26.7050972   37.107492
  26.7062503   37.1066374
  26.7074202   37.1057974
  26.7086065   37.1049721
  26.709809    37.1041619
  26.7101342   37.1039497
  26.7101853   37.1037317
  26.7104999   37.1024962
  26.710839    37.1012649
  26.7112025   37.100038
  26.7115904   37.0988158
  26.7120024   37.0975986
  26.7124386   37.0963868
  26.7128987   37.0951806
  26.7133828   37.0939804
  26.7138906   37.0927864
  26.714422    37.091599
  26.714977    37.0904184
  26.7155553   37.0892449
  26.7161569   37.0880789
  26.7167815   37.0869206
  26.717429    37.0857703
  26.7180993   37.0846283
  26.7187922   37.0834949
  26.7195075   37.0823704
  26.720245    37.0812551
  26.7210045   37.0801492
  26.7217859   37.079053
  26.722589    37.0779668
  26.7234135   37.0768909
  26.7242593   37.0758255
  26.7251261   37.0747709
  26.7260138   37.0737274
  26.726922    37.0726952
  26.7269374   37.072678
  26.7278409   37.0716845
  26.7287634   37.0707023
  26.7297048   37.0697316
  26.7306649   37.0687725
  26.7316433   37.0678253
  26.73264     37.0668903
  26.7336545   37.0659676
  26.7346868   37.0650575
  26.7357365   37.0641602
  26.7368035   37.0632759
  26.7378873   37.0624048
  26.7389879   37.0615471
  26.7401049   37.0607031
  26.7412381   37.0598728
  26.7423872   37.0590566
  26.7435519   37.0582547
  26.7447319   37.0574671
  26.7447581   37.0574499
  26.7459714   37.0566654
  26.7471999   37.0558961
  26.7484434   37.0551422
  26.7497015   37.0544039
  26.7509739   37.0536814
  26.7522603   37.0529749
  26.7535604   37.0522845
  26.7548738   37.0516105
  26.7562003   37.0509529
  26.7575396   37.0503119
  26.7588912   37.0496878
  26.7602549   37.0490806
  26.7616304   37.0484905
  26.7630172   37.0479176
  26.7644151   37.0473621
  26.7658237   37.0468241
  26.7672427   37.0463038
  26.7681008   37.046002
  26.7683387   37.045785
  26.7693845   37.0448606
  26.7704482   37.0439494
  26.7715296   37.0430515
  26.7726285   37.0421673
  26.7737445   37.0412968
  26.7748775   37.0404404
  26.7760271   37.0395982
  26.7771931   37.0387705
  26.7783751   37.0379573
  26.7787792   37.0376837
  26.7799563   37.036899
  26.7811484   37.0361289
  26.7823551   37.0353734
  26.7835763   37.0346328
  26.7848115   37.0339072
  26.7860606   37.0331969
  26.787258    37.0325379
  26.7872488   37.0325105
  26.7868651   37.0312905
  26.7865056   37.0300659
  26.7861704   37.0288368
  26.7859969   37.028149
  26.7858882   37.0278684
  26.7854481   37.0266672
  26.7850318   37.0254607
  26.7846393   37.024249
  26.7842706   37.0230326
  26.7839259   37.0218117
  26.7836053   37.0205866
  26.7833088   37.0193576
  26.7830365   37.018125
  26.7827885   37.0168891
  26.7825648   37.0156503
  26.7823655   37.0144088
  26.7821907   37.0131649
  26.7820403   37.0119189
  26.7819145   37.0106712
  26.7818132   37.0094221
  26.7817365   37.0081718
  26.7816844   37.0069207
  26.7816569   37.0056691
  26.781654    37.0044172
  26.7816757   37.0031655
  26.7817221   37.0019142
  26.781793    37.0006636
  26.7818885   36.999414
  26.7820086   36.9981657
  26.7821532   36.9969191
  26.7823223   36.9956744
  26.7825159   36.994432
  26.7827339   36.9931921
  26.7829762   36.9919551
  26.7832428   36.9907213
  26.7835336   36.9894909
  26.7838486   36.9882644
  26.7841876   36.9870419
  26.7845507   36.9858238
  26.7849376   36.9846104
  26.7853484   36.9834019
  26.7857829   36.9821988
  26.7862409   36.9810012
  26.7867225   36.9798095
  26.7872274   36.978624
  26.7877555   36.9774449
  26.7883068   36.9762726
  26.788881    36.9751074
  26.7894781   36.9739494
  26.7900979   36.9727991
  26.7907402   36.9716567
  26.7914048   36.9705224
  26.7920917   36.9693966
  26.7928007   36.9682796
  26.7935315   36.9671716
  26.7942839   36.9660729
  26.7950579   36.9649837
  26.7958532   36.9639043
  26.7966696   36.9628351
  26.797507    36.9617762
  26.798365    36.9607279
  26.7992435   36.9596906
  26.8001423   36.9586643
  26.8010612   36.9576495
  26.8019999   36.9566463
  26.8029582   36.9556549
  26.8039358   36.9546758
  26.8049326   36.9537089
  26.8059483   36.9527548
  26.8069825   36.9518134
  26.8080352   36.9508852
  26.809106    36.9499702
  26.809392    36.9497334
  26.8093983   36.949517
  26.809459    36.9482718
  26.809544    36.9470274
  26.8096534   36.9457843
  26.809787    36.9445426
  26.8099449   36.9433027
  26.8101271   36.942065
  26.8103333   36.9408296
  26.8105637   36.939597
  26.8108182   36.9383673
  26.8110967   36.937141
  26.8113991   36.9359183
  26.8117253   36.9346994
  26.8120754   36.9334848
  26.8124491   36.9322747
  26.8128464   36.9310694
  26.8132673   36.9298691
  26.8137115   36.9286743
  26.814179    36.9274851
  26.8146698   36.9263019
  26.8151835   36.9251249
  26.8157203   36.9239545
  26.8162798   36.9227909
  26.816862    36.9216344
  26.8174667   36.9204853
  26.8180938   36.9193439
  26.8187431   36.9182105
  26.8194145   36.9170852
  26.8201078   36.9159685
  26.8208228   36.9148606
  26.8215594   36.9137617
  26.8223174   36.9126721
  26.8229936   36.9117348
  26.8229052   36.9115052
  26.8224699   36.9103076
  26.822058    36.9091047
  26.8216696   36.9078968
  26.821305    36.9066842
  26.820964    36.9054672
  26.8206469   36.904246
  26.8203537   36.903021
  26.8200844   36.9017924
  26.8198392   36.9005606
  26.8196181   36.8993259
  26.8195751   36.8990717
  26.819381    36.8978531
  26.8192103   36.8966322
  26.8190631   36.8954094
  26.8189395   36.8941848
  26.8188395   36.8929589
  26.818763    36.8917319
  26.8187102   36.890504
  26.818681    36.8892756
  26.8186754   36.888047
  26.8186935   36.8868185
  26.8187352   36.8855903
  26.8188006   36.8843627
  26.8188895   36.8831361
  26.8189311   36.8826299
  26.8190486   36.8813557
  26.8191916   36.8800833
  26.81936     36.8788128
  26.8195538   36.8775446
  26.819773    36.876279
  26.8200174   36.8750164
  26.8202871   36.873757
  26.8205819   36.8725012
  26.8209018   36.8712494
  26.8212467   36.8700018
  26.8216165   36.8687587
  26.8220111   36.8675205
  26.8224304   36.8662875
  26.8228743   36.86506
  26.8229577   36.8648426
  26.8232861   36.8638703
  26.8233276   36.8637512
  26.8237656   36.8625313
  26.8242278   36.8613172
  26.8247141   36.860109
  26.8252243   36.8589072
  26.8257583   36.857712
  26.8263159   36.8565237
  26.8268971   36.8553426
  26.8275017   36.8541691
  26.8281295   36.8530034
  26.8287804   36.8518458
  26.8294542   36.8506966
  26.8301507   36.8495561
  26.8308698   36.8484245
  26.8316112   36.8473023
  26.8323749   36.8461896
  26.8331606   36.8450867
  26.833968    36.843994
  26.8347971   36.8429116
  26.8356475   36.8418399
  26.8365192   36.8407792
  26.8374117   36.8397296
  26.838325    36.8386915
  26.8392588   36.8376652
  26.8402129   36.8366508
  26.841187    36.8356487
  26.8421808   36.8346591
  26.8431942   36.8336823
  26.8442269   36.8327184
  26.8452785   36.8317678
  26.8463489   36.8308307
  26.8474378   36.8299073
  26.8485448   36.8289978
  26.8496698   36.8281026
  26.8508124   36.8272218
  26.8519724   36.8263555
  26.852187    36.8261978
  26.8533638   36.8253466
  26.8545574   36.8245105
  26.8556202   36.8237894
  26.8547211   36.823145
  26.8535566   36.8222834
  26.8524093   36.821407
  26.8512796   36.8205161
  26.8501677   36.819611
  26.8490738   36.8186918
  26.8479984   36.8177588
  26.8469416   36.8168122
  26.8459037   36.8158523
  26.844885    36.8148794
  26.8438858   36.8138935
  26.8429062   36.8128951
  26.8419466   36.8118844
  26.8410071   36.8108615
  26.8400881   36.8098268
  26.8391897   36.8087805
  26.8383121   36.807723
  26.8374557   36.8066543
  26.8366206   36.805575
  26.8365811   36.805523
  26.8357706   36.8044373
  26.8349817   36.8033415
  26.8342145   36.8022358
  26.8334692   36.8011205
  26.8327461   36.7999959
  26.8320454   36.7988623
  26.8313671   36.7977199
  26.8307114   36.796569
  26.8300786   36.7954099
  26.8294688   36.794243
  26.8288821   36.7930684
  26.8283187   36.7918866
  26.8277788   36.7906977
  26.8272624   36.7895021
  26.8267696   36.7883002
  26.8266633   36.7880337
  26.8260625   36.7864731
  26.8260339   36.786396
  26.8256011   36.7851953
  26.8251918   36.7839892
  26.824806    36.7827782
  26.824444    36.7815625
  26.8241057   36.7803424
  26.8237913   36.7791181
  26.8235008   36.7778901
  26.8232343   36.7766586
  26.8229919   36.7754238
  26.8229166   36.7749968
  26.8228195   36.7747585
  26.8226621   36.7743617
  26.8221834   36.7731203
  26.82173     36.7718727
  26.821302    36.7706194
  26.8208994   36.7693607
  26.8205224   36.7680968
  26.8201712   36.7668282
  26.8201552   36.7667681
  26.8198362   36.7655218
  26.819542    36.7642715
  26.8192727   36.7630176
  26.8190284   36.7617604
  26.818809    36.7605002
  26.8186147   36.7592374
  26.8184455   36.7579722
  26.8183014   36.756705
  26.8181825   36.7554361
  26.8180889   36.7541659
  26.8180204   36.7528945
  26.8179773   36.7516225
  26.8179547   36.7506811
  26.8179369   36.7494379
  26.8179432   36.7481945
  26.8179737   36.7469514
  26.8180283   36.7457088
  26.8181069   36.744467
  26.8182097   36.7432263
  26.8183365   36.741987
  26.8184873   36.7407494
  26.8186621   36.7395138
  26.8188609   36.7382806
  26.8190836   36.7370499
  26.8192192   36.7363743
  26.8190649   36.7357123
  26.818797    36.7344515
  26.8185543   36.7331873
  26.8183368   36.7319203
  26.8181446   36.7306505
  26.8179778   36.7293785
  26.8178363   36.7281044
  26.8177203   36.7268287
  26.8176298   36.7255517
  26.8175647   36.7242736
  26.8175349   36.7233101
  26.8174627   36.7221683
  26.817407    36.7208744
  26.8173775   36.71958
  26.8173741   36.7182853
  26.8173968   36.7169907
  26.8174457   36.7156965
  26.8175206   36.7144031
  26.8176217   36.7131109
  26.8177488   36.7118201
  26.817902    36.7105311
  26.8180812   36.7092442
  26.8182863   36.7079599
  26.8185173   36.7066783
  26.8186572   36.7059442
  26.8189071   36.7046987
  26.8191814   36.7034566
  26.8194802   36.702218
  26.8198032   36.7009834
  26.8201505   36.6997529
  26.8205219   36.698527
  26.8209174   36.697306
  26.8213368   36.69609
  26.8217801   36.6948795
  26.8222471   36.6936747
  26.8227377   36.692476
  26.8232519   36.6912836
  26.8237894   36.6900978
  26.8243502   36.6889189
  26.824934    36.6877473
  26.8255408   36.6865831
  26.8261705   36.6854268
  26.8265289   36.6847959
  26.8269706   36.6836366
  26.8274583   36.6824259
  26.8279699   36.6812216
  26.8285053   36.6800239
  26.8290644   36.6788332
  26.829647    36.6776498
  26.830253    36.6764739
  26.8308822   36.6753058
  26.8315345   36.6741459
  26.8322096   36.6729945
  26.8329076   36.6718517
  26.833628    36.6707181
  26.8343709   36.6695937
  26.8351359   36.6684789
  26.8359229   36.667374
  26.8367317   36.6662792
  26.8375621   36.6651949
  26.8377185   36.6649978
  26.8381911   36.6643238
  26.8389955   36.6632185
  26.8398219   36.6621237
  26.8406699   36.6610395
  26.8415395   36.6599664
  26.8424303   36.6589045
  26.8433421   36.6578542
  26.8442748   36.6568157
  26.845228    36.6557893
  26.8462016   36.6547752
  26.8471952   36.6537737
  26.8482087   36.652785
  26.8492418   36.6518095
  26.8502941   36.6508473
  26.8513655   36.6498987
  26.8524556   36.648964
  26.8535642   36.6480434
  26.8546911   36.6471371
  26.8547212   36.6471136
  26.8554117   36.6461725
  26.8562315   36.6450943
  26.8570725   36.6440266
  26.8579343   36.6429697
  26.8588168   36.6419237
  26.8597197   36.6408891
  26.8606429   36.639866
  26.861586    36.6388547
  26.8625489   36.6378554
  26.8635313   36.6368685
  26.864533    36.635894
  26.8652677   36.6352019
  26.8654191   36.6350529
  26.8664476   36.6340729
  26.8674956   36.6331063
  26.8685626   36.6321532
  26.8696486   36.631214
  26.8707531   36.6302888
  26.8718759   36.6293778
  26.8730168   36.6284814
  26.8741753   36.6275997
  26.8753513   36.626733
  26.8765444   36.6258816
  26.8765712   36.6258631
  26.8771701   36.6252757
  26.8781879   36.6243092
  26.8792246   36.6233556
  26.8802799   36.6224154
  26.8813536   36.6214886
  26.8824454   36.6205755
  26.883555    36.6196764
  26.8846822   36.6187915
  26.8858266   36.6179209
  26.8869881   36.617065
  26.8881662   36.6162238
  26.8893608   36.6153977
  26.8905715   36.6145869
  26.891118    36.6142267
  26.8923666   36.6134171
  26.8936313   36.6126238
  26.8949117   36.6118469
  26.8962075   36.6110866
  26.8975184   36.6103431
  26.898844    36.6096166
  26.9001839   36.6089073
  26.901538    36.6082154
  26.9029057   36.607541
  26.9042867   36.6068844
  26.9056807   36.6062457
  26.9070873   36.6056251
  26.9085062   36.6050227
  26.9099369   36.6044387
  26.9113792   36.6038732
  26.9128326   36.6033264
  26.9131804   36.6031983
  26.9146038   36.6026847
  26.9160372   36.602189
  26.91748     36.6017114
  26.9189319   36.6012519
  26.9203926   36.6008107
  26.9218617   36.6003879
  26.9233388   36.5999836
  26.9248237   36.5995978
  26.9255508   36.599419
  26.9260678   36.5992159
  26.9274778   36.5986837
  26.9288981   36.5981693
  26.9298823   36.5978275
  26.9298248   36.5972348
  26.9297273   36.5959736
  26.9296546   36.5947112
  26.9296067   36.5934481
  26.9295836   36.5921845
  26.9295853   36.5909207
  26.9296119   36.5896571
  26.9296632   36.5883939
  26.9296689   36.5883002
  26.9297123   36.5872539
  26.9297896   36.5859893
  26.9298919   36.5847259
  26.930019    36.583464
  26.9301708   36.5822037
  26.9303253   36.5811039
  26.9294343   36.5808142
  26.9289772   36.5806622
  26.9275464   36.5801757
  26.9261252   36.5796714
  26.924714    36.5791494
  26.9233131   36.5786098
  26.9219228   36.5780528
  26.9205434   36.5774785
  26.9191754   36.576887
  26.9178189   36.5762784
  26.9164745   36.575653
  26.9151423   36.5750108
  26.9138227   36.5743521
  26.9125161   36.5736769
  26.9112227   36.5729855
  26.9099428   36.572278
  26.9086769   36.5715545
  26.9074251   36.5708154
  26.9061877   36.5700606
  26.9049652   36.5692905
  26.9037577   36.5685052
  26.9025656   36.5677048
  26.9013892   36.5668897
  26.9002287   36.5660599
  26.8990844   36.5652157
  26.8979566   36.5643573
  26.8968455   36.5634849
  26.8957516   36.5625988
  26.8956027   36.5624762
  26.8945087   36.5615618
  26.8934329   36.5606336
  26.8923755   36.5596918
  26.8913368   36.5587367
  26.8903171   36.5577685
  26.8893165   36.5567874
  26.8883353   36.5557938
  26.8873739   36.5547878
  26.8864324   36.5537697
  26.8857058   36.5529575
  26.8852252   36.55249
  26.884887    36.5521558
  26.8838809   36.5511447
  26.8828952   36.5501207
  26.8819302   36.5490841
  26.8809862   36.5480351
  26.8800634   36.5469739
  26.879162    36.5459009
  26.8782823   36.5448164
  26.8774245   36.5437205
  26.8765888   36.5426137
  26.8757754   36.5414961
  26.8749847   36.5403682
  26.8742167   36.5392301
  26.8734886   36.5381084
  26.8731097   36.5375527
  26.8723835   36.5364474
  26.8716789   36.535333
  26.8709959   36.53421
  26.8703349   36.5330786
  26.8696958   36.531939
  26.8690789   36.5307915
  26.8689992   36.5306367
  26.868495    36.5297325
  26.8678753   36.5285727
  26.8672784   36.5274051
  26.8667044   36.5262302
  26.8661535   36.5250481
  26.8656258   36.5238591
  26.8651215   36.5226637
  26.8646406   36.521462
  26.8641834   36.5202543
  26.8637498   36.519041
  26.86334     36.5178223
  26.8629542   36.5165985
  26.8625923   36.5153701
  26.8622546   36.5141372
  26.861941    36.5129001
  26.8616517   36.5116592
  26.8613868   36.5104148
  26.8611462   36.5091672
  26.8609301   36.5079166
  26.8607384   36.5066635
  26.8605714   36.5054081
  26.8604289   36.5041507
  26.8603111   36.5028916
  26.8602179   36.5016312
  26.8601495   36.5003697
  26.8601057   36.4991075
  26.8600866   36.4978449
  26.8600923   36.4965821
  26.8601226   36.4953196
  26.8601777   36.4940576
  26.8602575   36.4927965
  26.8603619   36.4915364
  26.860491    36.4902779
  26.8606448   36.4890211
  26.8608231   36.4877664
  26.8610259   36.486514
  26.8612532   36.4852644
  26.8615049   36.4840178
  26.8617811   36.4827745
  26.8620815   36.4815349
  26.8624061   36.4802991
  26.8627549   36.4790676
  26.8631277   36.4778407
  26.8635245   36.4766186
  26.8639452   36.4754017
  26.8643896   36.4741902
  26.8648577   36.4729844
  26.8653493   36.4717848
  26.8658643   36.4705914
  26.8659161   36.4704744
  26.866451    36.4692951
  26.8670088   36.4681226
  26.8675893   36.4669573
  26.8681923   36.4657994
  26.8688179   36.4646492
  26.8694657   36.463507
  26.8701356   36.4623731
  26.8708275   36.4612478
  26.8715412   36.4601312
  26.8722765   36.4590237
  26.8730333   36.4579257
  26.8738113   36.4568372
  26.8746104   36.4557587
  26.8754303   36.4546903
  26.876271    36.4536323
  26.8771321   36.4525851
  26.8780134   36.4515488
  26.8789148   36.4505236
  26.879836    36.44951
  26.8807768   36.448508
  26.881737    36.447518
  26.8827163   36.4465401
  26.8837144   36.4455747
  26.8847313   36.444622
  26.8857665   36.4436821
  26.8868199   36.4427554
  26.8878911   36.441842
  26.88898     36.4409422
  26.8900862   36.4400562
  26.8912095   36.4391842
  26.8923497   36.4383265
  26.8935063   36.4374832
  26.8946793   36.4366545
  26.8958681   36.4358407
  26.8970727   36.4350419
  26.8982926   36.4342584
  26.8995276   36.4334903
  26.9007774   36.4327378
  26.9020417   36.4320011
  26.9033201   36.4312805
  26.9046124   36.4305759
  26.9059182   36.4298878
  26.9072372   36.4292161
  26.9085691   36.4285611
  26.9099136   36.427923
  26.9112704   36.4273018
  26.912639    36.4266978
  26.9140192   36.426111
  26.9154106   36.4255417
  26.916813    36.42499
  26.9182258   36.424456
  26.9196489   36.4239398
  26.9210819   36.4234416
  26.9225243   36.4229615
  26.9239759   36.4224995
  26.9254363   36.4220559
  26.9269052   36.4216308
  26.9283821   36.4212241
  26.9298668   36.4208361
  26.9313588   36.4204668
  26.9328578   36.4201164
  26.9343634   36.4197848
  26.9358753   36.4194722
  26.9373931   36.4191787
  26.9389164   36.4189043
  26.9404448   36.4186492
  26.9419781   36.4184132
  26.9433295   36.4182229
  26.9441484   36.4180789
  26.9456734   36.4178308
  26.947203    36.4176019
  26.9487369   36.4173921
  26.9502746   36.4172017
  26.9518159   36.4170305
  26.9533603   36.4168787
  26.9549074   36.4167463
  26.9564569   36.4166333
  26.9580084   36.4165397
  26.9595616   36.4164657
  26.9603044   36.4164396
  26.9607888   36.4164135
  26.9623303   36.4163496
  26.9638729   36.416305
  26.9654161   36.4162796
  26.9669596   36.4162733
  26.9685031   36.4162863
  26.9700461   36.4163185
  26.9715883   36.4163699
  26.9731293   36.4164404
  26.9746688   36.4165302
  26.9762064   36.416639
  26.9777418   36.416767
  26.9792744   36.4169141
  26.9808041   36.4170802
  26.9823304   36.4172654
  26.9838529   36.4174695
  26.9853714   36.4176925
  26.9868854   36.4179344
  26.9870255   36.4179587
  26.9880268   36.4181159
  26.989412    36.4183416
  26.9907931   36.418583
  26.9921698   36.4188402
  26.9935418   36.419113
  26.9949089   36.4194014
  26.9957334   36.4195804
  26.9973568   36.4199447
  26.9989722   36.4203309
  27.0005794   36.420739
  27.0009841   36.4208448
  27.0024503   36.4212383
  27.0039088   36.42165
  27.0053591   36.4220797
  27.0068011   36.4225275
  27.0082342   36.4229933
  27.0096583   36.4234768
  27.0110728   36.423978
  27.0124775   36.4244967
  27.0138721   36.4250329
  27.0152562   36.4255864
  27.0166295   36.4261571
  27.0179916   36.4267448
  27.0193423   36.4273493
  27.0206811   36.4279707
  27.0220079   36.4286086
  27.0233222   36.429263
  27.0246237   36.4299337
  27.0259122   36.4306205
  27.0271874   36.4313233
  27.0284488   36.4320418
  27.0296963   36.432776
  27.0309295   36.4335257
  27.0321481   36.4342906
  27.0333518   36.4350705
  27.0335241   36.435184
  27.0344368   36.4357015
  27.0357055   36.4364453
  27.0369596   36.4372051
  27.0381987   36.4379806
  27.0394225   36.4387717
  27.0406306   36.4395781
  27.0418229   36.4403998
  27.0429989   36.4412364
  27.0441584   36.4420878
  27.0453012   36.4429538
  27.0464269   36.4438341
  27.0475352   36.4447285
  27.0486259   36.4456368
  27.0496987   36.4465588
  27.0502679   36.4470557
  27.0512868   36.447959
  27.0522886   36.4488746
  27.0531165   36.4496549
  27.0533168   36.4498281
  27.0543617   36.4507609
  27.0553883   36.4517067
  27.0563963   36.4526652
  27.0573857   36.4536363
  27.0574138   36.4536648
  27.0580006   36.4542384
  27.0589966   36.4552279
  27.059973    36.4562299
  27.0609296   36.4572443
  27.061866    36.4582707
  27.062782    36.4593089
  27.0636775   36.4603586
  27.0645521   36.4614196
  27.0654058   36.4624916
  27.0662382   36.4635744
  27.0670491   36.4646676
  27.0678384   36.465771
  27.0686058   36.4668843
  27.0693512   36.4680073
  27.0700022   36.4690266
  27.0703603   36.4695444
  27.0711036   36.4706602
  27.071825    36.4717853
  27.0725242   36.4729193
  27.0732011   36.4740621
  27.0738555   36.4752133
  27.0744873   36.4763727
  27.0750962   36.4775399
  27.0756822   36.4787146
  27.0762451   36.4798966
  27.0767847   36.4810856
  27.0773009   36.4822813
  27.0777936   36.4834833
  27.0782627   36.4846915
  27.0784961   36.4853276
  27.07853     36.4853303
  27.0800864   36.4854753
  27.0816397   36.4856398
  27.0831896   36.485824
  27.0847357   36.4860276
  27.0862206   36.4862426
  27.0873958   36.4863811
  27.0889378   36.4865827
  27.0904756   36.4868037
  27.092009    36.487044
  27.0935375   36.4873036
  27.0950607   36.4875824
  27.0965784   36.4878803
  27.09809     36.4881973
  27.0987232   36.4883386
  27.0993216   36.4881569
  27.1008313   36.4877207
  27.1023496   36.487304
  27.1038759   36.486907
  27.1054101   36.4865298
  27.1069515   36.4861724
  27.1083133   36.4858662
  27.109805    36.4855408
  27.1113028   36.485234
  27.1128063   36.4849458
  27.1143152   36.4846764
  27.1158291   36.4844259
  27.1173477   36.4841942
  27.1188705   36.4839814
  27.1203972   36.4837876
  27.1219275   36.4836129
  27.1234609   36.4834572
  27.1249972   36.4833206
  27.1265359   36.4832032
  27.1280767   36.483105
  27.1285592   36.4830802
  27.1300488   36.4827929
  27.1314915   36.4825336
  27.1320343   36.4824021
  27.1335429   36.4820573
  27.1339159   36.4819771
  27.1343333   36.4818642
  27.1358159   36.4814839
  27.1373056   36.4811222
  27.1388021   36.4807792
  27.1403051   36.480455
  27.1418142   36.4801497
  27.143329    36.4798633
  27.1448493   36.4795959
  27.1463745   36.4793477
  27.1479043   36.4791185
  27.1494384   36.4789086
  27.1509764   36.478718
  27.1525179   36.4785466
  27.1540625   36.4783946
  27.1556099   36.478262
  27.1571596   36.4781487
  27.1578735   36.4781011
  27.1595223   36.4780021
  27.1611729   36.477925
  27.1628248   36.47787
  27.1644777   36.477837
  27.166131    36.477826
  27.166449    36.477826
  27.1679536   36.4778355
  27.1683892   36.4778203
  27.1699716   36.4777851
  27.1715544   36.4777701
  27.1716316   36.4777704
  27.1726382   36.4777344
  27.1742131   36.477698
  27.1757886   36.4776817
  27.1758445   36.4776819
  27.1766185   36.4775914
  27.1773775   36.4775075
  27.1788655   36.4773522
  27.1803563   36.4772149
  27.1818494   36.4770956
  27.1821606   36.4770746
  27.1821635   36.4770103
  27.1822453   36.4757444
  27.182352    36.4744796
  27.1824835   36.4732163
  27.1826398   36.4719548
  27.1828208   36.4706955
  27.1830266   36.4694386
  27.183257    36.4681844
  27.183512    36.4669333
  27.1837915   36.4656856
  27.1840956   36.4644415
  27.184424    36.4632015
  27.1847767   36.4619657
  27.1851536   36.4607346
  27.1855547   36.4595084
  27.1859798   36.4582874
  27.1864288   36.457072
  27.1869016   36.4558623
  27.1873982   36.4546589
  27.1879182   36.4534618
  27.1884618   36.4522715
  27.1890286   36.4510883
  27.1896186   36.4499124
  27.1902316   36.448744
  27.1908675   36.4475837
  27.191526    36.4464315
  27.1917612   36.4460284
  27.1924371   36.4448934
  27.1931349   36.443767
  27.1934752   36.4432386
  27.1936442   36.4425575
  27.1938599   36.4417543
  27.1937913   36.441295
  27.1936285   36.44004
  27.193606    36.4398355
  27.1935347   36.4394813
  27.1932484   36.4379678
  27.1931722   36.4375373
  27.1929584   36.4362556
  27.1927702   36.4349712
  27.1926078   36.4336845
  27.1924712   36.4323959
  27.1923604   36.4311057
  27.1922754   36.4298141
  27.1922162   36.4285216
  27.192183    36.4272285
  27.1921756   36.4259351
  27.1921941   36.4246418
  27.1922385   36.4233488
  27.1923088   36.4220566
  27.1924049   36.4207654
  27.1924771   36.4199108
  27.1925945   36.4186646
  27.192736    36.41742
  27.1929015   36.4161773
  27.193091    36.4149368
  27.1933045   36.4136988
  27.1935419   36.4124636
  27.1938032   36.4112315
  27.1940882   36.4100028
  27.194397    36.4087778
  27.1947294   36.4075568
  27.1950854   36.4063401
  27.1954648   36.405128
  27.1958676   36.4039208
  27.1962938   36.4027187
  27.1967431   36.4015221
  27.1972155   36.4003312
  27.1977108   36.3991464
  27.198229    36.3979679
  27.1987699   36.3967961
  27.1993334   36.3956311
  27.1999193   36.3944733
  27.2005276   36.393323
  27.201158    36.3921804
  27.2018104   36.3910458
  27.2024847   36.3899195
  27.2026417   36.3896624
  27.2033589   36.3885112
  27.2040989   36.3873694
  27.2048616   36.3862373
  27.2056467   36.3851152
  27.2064541   36.3840033
  27.2072834   36.3829019
  27.2081346   36.3818114
  27.2090074   36.380732
  27.2099016   36.379664
  27.2108169   36.3786076
  27.2117531   36.3775631
  27.21271     36.3765309
  27.2136874   36.3755111
  27.2146849   36.3745041
  27.2157023   36.37351
  27.2167393   36.3725292
  27.2177958   36.3715619
  27.2188714   36.3706083
  27.2189557   36.370536
  27.2191877   36.3703126
  27.2202129   36.3693565
  27.2212567   36.3684135
  27.2223187   36.3674838
  27.2233987   36.3665676
  27.2244965   36.3656652
  27.2256118   36.3647768
  27.2267443   36.3639026
  27.2278937   36.3630429
  27.2290597   36.3621978
  27.2302421   36.3613675
  27.2314405   36.3605523
  27.2326547   36.3597524
  27.2338844   36.3589679
  27.2351292   36.358199
  27.2363888   36.357446
  27.237663    36.3567091
  27.2389515   36.3559883
  27.2402538   36.355284
  27.2415697   36.3545962
  27.2421048   36.354326
  27.24231     36.3541273
  27.2433407   36.3531607
  27.2443902   36.3522074
  27.2454584   36.3512677
  27.2465449   36.3503416
  27.2476495   36.3494296
  27.2487719   36.3485317
  27.2499119   36.3476483
  27.2510691   36.3467795
  27.2511551   36.346716
  27.2523436   36.3458517
  27.2535492   36.345003
  27.2547715   36.3441699
  27.2560103   36.3433527
  27.2572652   36.3425516
  27.2585359   36.3417668
  27.259822    36.3409986
  27.2611233   36.340247
  27.2624393   36.3395124
  27.2637699   36.3387948
  27.2651145   36.3380945
  27.2664729   36.3374117
  27.2678448   36.3367465
  27.2692297   36.3360991
  27.2706273   36.3354697
  27.2720373   36.3348584
  27.2734593   36.3342654
  27.2735795   36.3342163
  27.2749785   36.3336553
  27.2763883   36.333112
  27.2778084   36.3325866
  27.2792386   36.3320792
  27.2806785   36.3315898
  27.2821277   36.3311187
  27.2835859   36.3306659
  27.2850527   36.3302316
  27.2865278   36.3298157
  27.2880107   36.3294186
  27.2895012   36.3290402
  27.2909989   36.3286806
  27.2925034   36.32834
  27.2940143   36.3280184
  27.2955313   36.3277159
  27.2970539   36.3274325
  27.2985819   36.3271684
  27.3001149   36.3269236
  27.3016524   36.3266982
  27.3018679   36.3266694
  27.3025342   36.3260115
  27.3035433   36.3250467
  27.304571    36.3240947
  27.3056171   36.3231557
  27.3066814   36.3222301
  27.3077636   36.3213181
  27.3088634   36.3204199
  27.3099806   36.3195356
  27.3111148   36.3186656
  27.3122658   36.31781
  27.3134334   36.316969
  27.3146172   36.3161429
  27.3158169   36.3153319
  27.3170323   36.3145361
  27.318263    36.3137558
  27.3195087   36.3129911
  27.3207692   36.3122423
  27.3220441   36.3115094
  27.3233332   36.3107928
  27.324636    36.3100926
  27.3259523   36.3094089
  27.3272817   36.3087419
  27.3286239   36.3080918
  27.3299787   36.3074587
  27.3313456   36.3068429
  27.3327243   36.3062444
  27.3341145   36.3056634
  27.3355159   36.3051
  27.336928    36.3045544
  27.3383506   36.3040267
  27.3397833   36.3035171
  27.3412257   36.3030257
  27.3426775   36.3025525
  27.3441384   36.3020978
  27.3456079   36.3016616
  27.3470857   36.301244
  27.3485715   36.3008452
  27.3500649   36.3004651
  27.3515654   36.300104
  27.3530729   36.299762
  27.3545867   36.299439
  27.3561067   36.2991352
  27.3576325   36.2988506
  27.3591635   36.2985854
  27.3606996   36.2983396
  27.3622402   36.2981132
  27.3637746   36.2979077
  27.3652607   36.2975481
  27.3667671   36.2972042
  27.3682801   36.2968794
  27.3697993   36.2965738
  27.3713241   36.2962874
  27.3728544   36.2960203
  27.3743897   36.2957726
  27.3759296   36.2955443
  27.3774738   36.2953355
  27.3790218   36.2951463
  27.3805734   36.2949766
  27.382128    36.2948266
  27.3836854   36.2946963
  27.3852451   36.2945857
  27.3868068   36.2944948
  27.38837     36.2944236
  27.3895313   36.2943855
  27.3896127   36.2943818
  27.390889    36.2943402
  27.3915577   36.2939334
  27.3928252   36.2931872
  27.3941071   36.2924572
  27.395403    36.2917436
  27.3967127   36.2910464
  27.3980359   36.2903659
  27.3993722   36.2897023
  27.4007212   36.2890556
  27.4020827   36.2884262
  27.4034563   36.2878141
  27.4048417   36.2872194
  27.4062385   36.2866424
  27.4076464   36.2860831
  27.409065    36.2855418
  27.410494    36.2850185
  27.411933    36.2845134
  27.4133817   36.2840265
  27.4148397   36.2835581
  27.4163067   36.2831083
  27.4177823   36.282677
  27.4192661   36.2822645
  27.4207578   36.2818709
  27.4222569   36.2814963
  27.4237632   36.2811406
  27.4252762   36.2808042
  27.4267957   36.2804869
  27.4283211   36.2801889
  27.4298521   36.2799103
  27.4298826   36.2799052
  27.4307362   36.279746
  27.4323107   36.2794738
  27.4325548   36.2794349
  27.4321317   36.2789006
  27.4313083   36.277824
  27.430506    36.276737
  27.429725    36.27564
  27.4289655   36.2745332
  27.4282277   36.273417
  27.4275117   36.2722914
  27.4268178   36.271157
  27.426146    36.2700139
  27.4260469   36.2698417
  27.4254267   36.268743
  27.4248271   36.2676369
  27.424248    36.2665237
  27.4236898   36.2654036
  27.4231524   36.2642768
  27.4226361   36.2631437
  27.4225152   36.2628721
  27.4219959   36.2616759
  27.4215      36.2604733
  27.4210277   36.2592645
  27.420579    36.2580498
  27.4201541   36.2568296
  27.4197531   36.2556041
  27.4193761   36.2543736
  27.4190231   36.2531385
  27.4186943   36.251899
  27.4183897   36.2506556
  27.4181095   36.2494083
  27.4178536   36.2481577
  27.4176222   36.2469039
  27.4174153   36.2456473
  27.4172329   36.2443883
  27.4170752   36.243127
  27.4169421   36.2418639
  27.4168337   36.2405992
  27.4167499   36.2393333
  27.4166909   36.2380665
  27.4166567   36.2367991
  27.4166472   36.2355313
  27.4166529   36.2350571
  27.416541    36.2343198
  27.4163768   36.233078
  27.4162365   36.2318343
  27.4161201   36.230589
  27.4160277   36.2293424
  27.4159593   36.2280947
  27.4159148   36.2268463
  27.4158944   36.2255974
  27.415898    36.2243485
  27.4159256   36.2230997
  27.4159772   36.2218514
  27.4160527   36.2206039
  27.4161523   36.2193574
  27.4162758   36.2181123
  27.4163469   36.2175131
  27.4164312   36.2166476
  27.4165761   36.2154061
  27.4167449   36.2141666
  27.4169374   36.2129294
  27.4171536   36.2116946
  27.4173935   36.2104627
  27.417657    36.209234
  27.417944    36.2080086
  27.4182546   36.206787
  27.4185885   36.2055693
  27.4187807   36.2049166
  27.41886     36.2038104
  27.4189679   36.202489
  27.4190779   36.2012803
  27.4192105   36.200073
  27.4193655   36.1988675
  27.419543    36.197664
  27.4197429   36.1964627
  27.4199652   36.195264
  27.4200278   36.1949429
  27.4202816   36.1937045
  27.4205592   36.1924693
  27.4208606   36.1912378
  27.4211858   36.1900102
  27.4215347   36.1887868
  27.4219071   36.1875679
  27.422303    36.1863539
  27.4227223   36.1851449
  27.4231649   36.1839414
  27.4236307   36.1827435
  27.4241195   36.1815517
  27.4246313   36.1803661
  27.4251659   36.179187
  27.4257232   36.1780148
  27.4263031   36.1768498
  27.4269054   36.1756922
  27.42753     36.1745422
  27.4281767   36.1734003
  27.4288453   36.1722666
  27.4295358   36.1711414
  27.4302479   36.1700251
  27.4309814   36.1689178
  27.4317363   36.1678199
  27.4325122   36.1667316
  27.433309    36.1656531
  27.4341266   36.1645848
  27.4344049   36.1642274
  27.4352026   36.1632197
  27.4360186   36.1622217
  27.436853    36.1612335
  27.4377054   36.1602555
  27.4385757   36.1592877
  27.4394637   36.1583305
  27.4399897   36.1577721
  27.4409565   36.1567625
  27.4419429   36.1557655
  27.4429488   36.1547811
  27.4439739   36.1538097
  27.4450179   36.1528515
  27.4460806   36.1519068
  27.4471616   36.1509757
  27.4482608   36.1500586
  27.4493778   36.1491557
  27.4495813   36.1489937
  27.4507106   36.1481092
  27.451857    36.1472392
  27.4530203   36.1463839
  27.4542001   36.1455434
  27.4553962   36.1447181
  27.4566082   36.1439081
  27.4578359   36.1431136
  27.4590789   36.1423348
  27.460337    36.1415719
  27.4616099   36.1408252
  27.4628971   36.1400947
  27.4641984   36.1393807
  27.4655135   36.1386833
  27.4668421   36.1380027
  27.4681837   36.1373392
  27.4695382   36.1366928
  27.4709051   36.1360637
  27.4722841   36.1354521
  27.4736749   36.1348581
  27.4750771   36.1342818
  27.4764903   36.1337235
  27.4779143   36.1331833
  27.4793486   36.1326612
  27.480793    36.1321574
  27.482247    36.1316721
  27.4837103   36.1312054
  27.4851825   36.1307574
  27.4866633   36.1303281
  27.4881522   36.1299177
  27.489649    36.1295264
  27.4911533   36.1291541
  27.4926646   36.128801
  27.4941826   36.1284673
  27.495707    36.1281528
  27.4972373   36.1278579
  27.4987731   36.1275824
  27.5003142   36.1273265
  27.50186     36.1270903
  27.5034103   36.1268738
  27.5049646   36.126677
  27.5065225   36.1265
  27.5080837   36.126343
  27.5096478   36.1262057
  27.5112143   36.1260885
  27.512783    36.1259911
  27.5143533   36.1259138
  27.515925    36.1258565
  27.5174976   36.1258191
  27.5190707   36.1258018
  27.520644    36.1258046
  27.522217    36.1258273
  27.5237894   36.1258701
  27.5253607   36.1259329
  27.5269306   36.1260157
  27.5270762   36.1260243
  27.5286445   36.1261271
  27.5302105   36.1262498
  27.531774    36.1263924
  27.5333345   36.1265549
  27.5348916   36.1267373
  27.5364449   36.1269395
  27.5379942   36.1271614
  27.5395389   36.127403
  27.5410787   36.1276643
  27.5426132   36.1279451
  27.544142    36.1282454
  27.5456648   36.1285652
  27.5471811   36.1289043
  27.5486478   36.1292525
  27.5492102   36.1290991
  27.5507057   36.1287125
  27.5522086   36.1283448
  27.5537184   36.1279964
  27.5552349   36.1276671
  27.5567575   36.1273571
  27.558286    36.1270666
  27.55982     36.1267954
  27.5602855   36.1267163
  27.5618117   36.1264667
  27.5633425   36.1262364
  27.5648776   36.1260254
  27.5664166   36.1258337
  27.5679591   36.1256615
  27.5695047   36.1255088
  27.5710531   36.1253755
  27.5726039   36.1252617
  27.5741566   36.1251675
  27.5757111   36.1250929
  27.5772667   36.1250379
  27.5788233   36.1250025
  27.5803803   36.1249867
  27.5819374   36.1249905
  27.5834943   36.125014
  27.5850506   36.125057
  27.5866058   36.1251197
  27.5881596   36.1252019
  27.5890887   36.1252629
  27.5894838   36.1243046
  27.5900037   36.1231071
  27.5905469   36.1219163
  27.5911132   36.1207325
  27.5917025   36.1195561
  27.5923147   36.1183873
  27.5929495   36.1172264
  27.5936069   36.1160736
  27.5942867   36.1149294
  27.5949887   36.113794
  27.5954888   36.1130158
  27.5955265   36.112948
  27.5961865   36.1118103
  27.5968683   36.1106809
  27.5975719   36.1095603
  27.5982969   36.1084486
  27.5990433   36.1073462
  27.5998109   36.1062533
  27.6005994   36.1051702
  27.6010576   36.1045627
  27.6010973   36.1041404
  27.6012401   36.1028822
  27.6014074   36.1016259
  27.6015989   36.1003719
  27.6018148   36.0991204
  27.6020549   36.0978717
  27.6023191   36.0966263
  27.6026075   36.0953843
  27.6029199   36.0941461
  27.6032563   36.092912
  27.6036166   36.0916823
  27.6040007   36.0904573
  27.6044085   36.0892373
  27.6048399   36.0880226
  27.6052947   36.0868134
  27.605773    36.0856102
  27.6062745   36.0844131
  27.6067992   36.0832225
  27.6073469   36.0820387
  27.6079174   36.0808619
  27.6085108   36.0796925
  27.6091267   36.0785308
  27.609765    36.0773769
  27.6104256   36.0762313
  27.6111084   36.0750941
  27.6118131   36.0739658
  27.6125396   36.0728464
  27.6132877   36.0717364
  27.6140573   36.070636
  27.614848    36.0695455
  27.6156598   36.068465
  27.6164925   36.067395
  27.6173458   36.0663357
  27.6182195   36.0652872
  27.6191134   36.06425
  27.6200273   36.0632241
  27.620961    36.06221
  27.6219142   36.0612078
  27.6228867   36.0602178
  27.6238783   36.0592402
  27.6248887   36.0582752
  27.6259177   36.0573232
  27.626965    36.0563843
  27.6280304   36.0554588
  27.6291136   36.0545469
  27.6302143   36.0536488
  27.6313323   36.0527647
  27.6324673   36.0518949
  27.633619    36.0510396
  27.6347871   36.0501989
  27.6359714   36.0493732
  27.6365585   36.0489766
  27.6363851   36.0488475
  27.6353225   36.0480338
  27.6343577   36.047284
  27.6332079   36.0463758
  27.6320764   36.0454528
  27.6309633   36.0445151
  27.6303268   36.0439702
  27.6292626   36.0430447
  27.6282165   36.0421059
  27.6271887   36.0411539
  27.6261794   36.040189
  27.625189    36.0392114
  27.6242175   36.0382214
  27.6232654   36.0372193
  27.6223328   36.0362051
  27.62142     36.0351793
  27.6205271   36.034142
  27.6196544   36.0330936
  27.6188021   36.0320342
  27.6179704   36.0309641
  27.6171596   36.0298836
  27.6163697   36.028793
  27.6156011   36.0276925
  27.6148539   36.0265823
  27.6141282   36.0254629
  27.6134244   36.0243343
  27.6127424   36.023197
  27.6120826   36.0220511
  27.611445    36.0208971
  27.6108298   36.0197351
  27.6102372   36.0185654
  27.6096673   36.0173883
  27.6091203   36.0162041
  27.6085963   36.0150132
  27.6080953   36.0138157
  27.6076176   36.012612
  27.6071633   36.0114024
  27.6067324   36.0101872
  27.6063251   36.0089667
  27.6059415   36.0077411
  27.6055817   36.0065108
  27.6052457   36.0052761
  27.6049336   36.0040372
  27.6046456   36.0027945
  27.6043816   36.0015483
  27.6041418   36.0002989
  27.6039262   35.9990466
  27.6037349   35.9977917
  27.6035679   35.9965345
  27.6034252   35.9952754
  27.6033069   35.9940145
  27.603213    35.9927523
  27.6031435   35.991489
  27.6030985   35.990225
  27.603078    35.9889606
  27.603082    35.987696
  27.6031104   35.9864316
  27.6031632   35.9851677
  27.6032405   35.9839046
  27.6033423   35.9826427
  27.6034684   35.9813821
  27.603619    35.9801233
  27.6037938   35.9788665
  27.603993    35.9776121
  27.6042164   35.9763603
  27.604464    35.9751115
  27.6047357   35.973866
  27.6050315   35.972624
  27.6053512   35.9713859
  27.6056949   35.970152
  27.6060624   35.9689226
  27.6064537   35.967698
  27.6068686   35.9664785
  27.6070358   35.9660154
  27.607033    35.96601
  27.6064614   35.9648314
  27.6059127   35.9636457
  27.605387    35.9624532
  27.6048845   35.9612542
  27.6044052   35.9600489
  27.6039493   35.9588377
  27.603517    35.9576208
  27.6031082   35.9563985
  27.6027232   35.9551712
  27.6023619   35.9539392
  27.6020246   35.9527027
  27.6017112   35.951462
  27.6014219   35.9502175
  27.6011568   35.9489695
  27.6009158   35.9477182
  27.600699    35.946464
  27.6005066   35.9452073
  27.6003385   35.9439481
  27.6001948   35.942687
  27.6000756   35.9414242
  27.5999808   35.9401601
  27.5999104   35.9388948
  27.5998646   35.9376288
  27.5998433   35.9363624
  27.5998465   35.9350958
  27.5998742   35.9338294
  27.5999264   35.9325635
  27.6000031   35.9312984
  27.6001043   35.9300344
  27.6002299   35.9287718
  27.60038     35.9275109
  27.6005544   35.9262521
  27.6007532   35.9249956
  27.6009762   35.9237418
  27.6012235   35.922491
  27.601495    35.9212434
  27.6017906   35.9199994
  27.6021102   35.9187593
  27.6024538   35.9175234
  27.6028213   35.9162919
  27.6032125   35.9150653
  27.6036274   35.9138437
  27.6040659   35.9126276
  27.6045279   35.9114171
  27.6050132   35.9102127
  27.6055218   35.9090145
  27.6060535   35.9078229
  27.6066082   35.9066382
  27.6071858   35.9054607
  27.607786    35.9042906
  27.6084089   35.9031283
  27.6090541   35.901974
  27.6097216   35.900828
  27.6104111   35.8996906
  27.6111226   35.8985621
  27.6118559   35.8974428
  27.6126107   35.8963328
  27.6133869   35.8952326
  27.6141842   35.8941424
  27.6150026   35.8930623
  27.6158417   35.8919928
  27.6167015   35.8909341
  27.6175816   35.8898864
  27.6184818   35.88885
  27.619402    35.8878251
  27.620342    35.8868121
  27.6213014   35.885811
  27.62228     35.8848223
  27.6232776   35.8838461
  27.6239802   35.8831694
  27.6249525   35.8822474
  27.6249824   35.8822177
  27.6259999   35.8812367
  27.6270366   35.8802688
  27.628092    35.8793144
  27.629166    35.8783736
  27.6302582   35.8774467
  27.6313684   35.876534
  27.6324963   35.8756356
  27.6336417   35.8747518
  27.6348042   35.8738828
  27.6359835   35.8730288
  27.6371794   35.87219
  27.6383915   35.8713668
  27.6396196   35.8705591
  27.6408633   35.8697673
  27.6421223   35.8689916
  27.6433964   35.8682322
  27.6446851   35.8674892
  27.6459882   35.8667628
  27.6473054   35.8660532
  27.6486362   35.8653606
  27.6499804   35.8646852
  27.6504277   35.8644684
  27.6505991   35.8635691
  27.6508614   35.862323
  27.6511476   35.8610804
  27.6514577   35.8598416
  27.6517917   35.8586068
  27.6521494   35.8573764
  27.6525308   35.8561507
  27.6529358   35.8549299
  27.6533643   35.8537144
  27.6538162   35.8525044
  27.6542913   35.8513003
  27.6547896   35.8501023
  27.6553109   35.8489108
  27.6558551   35.847726
  27.6564221   35.8465482
  27.6570118   35.8453777
  27.6576239   35.8442148
  27.6582583   35.8430598
  27.658915    35.841913
  27.6595937   35.8407746
  27.6602942   35.8396449
  27.6610164   35.8385242
  27.6617601   35.8374128
  27.6625252   35.8363109
  27.6633114   35.8352188
  27.6641186   35.8341368
  27.6649465   35.8330652
  27.6657949   35.8320041
  27.6666637   35.8309539
  27.6675527   35.8299149
  27.6684615   35.8288872
  27.6693901   35.8278711
  27.6703381   35.8268669
  27.6713054   35.8258749
  27.6722916   35.8248952
  27.6732966   35.8239281
  27.6743202   35.8229738
  27.675362    35.8220326
  27.6764218   35.8211047
  27.6774993   35.8201903
  27.6785944   35.8192897
  27.6797066   35.8184031
  27.6808358   35.8175307
  27.6819817   35.8166726
  27.683144    35.8158292
  27.6843224   35.8150006
  27.6855166   35.814187
  27.6867263   35.8133886
  27.6879513   35.8126057
  27.6891912   35.8118384
  27.6904457   35.8110868
  27.6917146   35.8103513
  27.6929975   35.8096319
  27.6942941   35.8089288
  27.6956041   35.8082423
  27.6969271   35.8075724
  27.6982629   35.8069194
  27.6996111   35.8062833
  27.7009714   35.8056645
  27.7023435   35.8050629
  27.7037269   35.8044788
  27.7051215   35.8039123
  27.7065268   35.8033635
  27.7079425   35.8028326
  27.7093683   35.8023197
  27.7108037   35.8018249
  27.7122486   35.8013484
  27.7137024   35.8008902
  27.7151649   35.8004506
  27.7166356   35.8000295
  27.7181144   35.799627
  27.7196006   35.7992434
  27.7210941   35.7988787
  27.7225944   35.7985329
  27.7241012   35.7982062
  27.7256142   35.7978986
  27.7271328   35.7976102
  27.7271776   35.797602
  27.728714    35.7973308
  27.7302555   35.7970793
  27.7318016   35.7968475
  27.7333521   35.7966354
  27.7349065   35.7964432
  27.7364644   35.7962709
  27.7380255   35.7961185
  27.7395894   35.7959861
  27.7411556   35.7958737
  27.7427238   35.7957813
  27.7442936   35.7957089
  27.7458647   35.7956566
  27.7474365   35.7956244
  27.7490088   35.7956123
  27.7505811   35.7956202
  27.7521531   35.7956483
  27.7537243   35.7956964
  27.7550542   35.7957542
  27.7562948   35.7956885
  27.7578693   35.7956254
  27.7594448   35.7955825
  27.761021    35.7955598
  27.7625974   35.7955573
  27.7641737   35.795575
  27.7657495   35.7956129
  27.7673243   35.7956709
  27.7688978   35.7957491
  27.7704695   35.7958475
  27.7720392   35.795966
  27.7736063   35.7961045
  27.7751706   35.7962631
  27.7767315   35.7964418
  27.7782888   35.7966404
  27.7798421   35.7968589
  27.7813909   35.7970973
  27.7829348   35.7973555
  27.7844736   35.7976335
  27.7860067   35.7979311
  27.7875338   35.7982483
  27.7890546   35.7985851
  27.7905686   35.7989413
  27.7920756   35.7993168
  27.793575    35.7997116
  27.7950665   35.8001255
  27.7965498   35.8005585
  27.7980245   35.8010104
  27.7994902   35.8014812
  27.8009465   35.8019706
  27.8023931   35.8024787
  27.8038297   35.8030052
  27.8052558   35.80355
  27.8066711   35.8041131
  27.8080753   35.8046942
  27.809468    35.8052932
  27.8108489   35.8059099
  27.8122176   35.8065443
  27.8135738   35.8071961
  27.8149171   35.8078652
  27.8162472   35.8085514
  27.8171912   35.8090556
  27.8172504   35.8090692
  27.8187588   35.8094365
  27.8202599   35.8098231
  27.8217532   35.8102288
  27.8232385   35.8106536
  27.8247154   35.8110974
  27.8261834   35.8115599
  27.8263957   35.8116284
  27.8278318   35.8121021
  27.8292587   35.8125937
  27.8306761   35.8131033
  27.8320835   35.8136307
  27.8334806   35.8141757
  27.8348671   35.8147383
  27.8348974   35.8147511
  27.8359524   35.8151237
  27.8373813   35.8156502
  27.8387998   35.8161948
  27.8402076   35.8167575
  27.8416043   35.817338
  27.8429896   35.8179363
  27.8440351   35.8183964
  27.8453485   35.8189852
  27.8457843   35.8191733
  27.8471857   35.8198018
  27.8485745   35.8204485
  27.8487794   35.8205456
  27.850148    35.8212067
  27.8515034   35.8218854
  27.8528453   35.8225815
  27.8541733   35.823295
  27.8554871   35.8240254
  27.8567864   35.8247728
  27.8580708   35.8255369
  27.8593399   35.8263176
  27.8605936   35.8271145
  27.8618314   35.8279275
  27.863053    35.8287565
  27.8642582   35.8296011
  27.8653989   35.8304267
  27.8659316   35.8306654
  27.8672946   35.8312991
  27.8686451   35.8319501
  27.8699829   35.8326183
  27.8713074   35.8333034
  27.8726185   35.8340054
  27.8739159   35.834724
  27.8751991   35.835459
  27.8756683   35.8357369
  27.8766381   35.8359885
  27.8781288   35.8363964
  27.8796114   35.8368232
  27.8810854   35.8372689
  27.8825507   35.8377335
  27.8840067   35.8382166
  27.8854531   35.8387184
  27.8868896   35.8392385
  27.8883158   35.8397769
  27.8897314   35.8403335
  27.891136    35.8409081
  27.8925292   35.8415005
  27.8939107   35.8421107
  27.8952803   35.8427384
  27.8966374   35.8433836
  27.8979818   35.844046
  27.8993132   35.8447255
  27.9006312   35.8454219
  27.9019354   35.8461351
  27.9032257   35.8468648
  27.9045016   35.8476109
  27.9057629   35.8483732
  27.9070091   35.8491515
  27.9082401   35.8499457
  27.9094555   35.8507554
  27.910655    35.8515806
  27.9118383   35.852421
  27.9130051   35.8532764
  27.9141551   35.8541466
  27.9152881   35.8550313
  27.9164037   35.8559304
  27.9175017   35.8568437
  27.9185818   35.8577708
  27.9196437   35.8587116
  27.9206872   35.8596659
  27.9217121   35.8606333
  27.9227179   35.8616137
  27.9237046   35.8626068
  27.9246719   35.8636124
  27.9251314   35.8641059
  27.9252658   35.8641927
  27.9264667   35.8649927
  27.9276522   35.8658078
  27.9288218   35.8666378
  27.9299754   35.8674824
  27.9311125   35.8683415
  27.932233    35.8692148
  27.9333366   35.8701021
  27.9344231   35.8710033
  27.935492    35.871918
  27.9365433   35.8728461
  27.9375766   35.8737874
  27.9385916   35.8747415
  27.9395882   35.8757084
  27.9405661   35.8766877
  27.9415251   35.8776792
  27.941959    35.878135
  27.9429178   35.8791591
  27.9438563   35.8801953
  27.9447744   35.8812435
  27.9456718   35.8823034
  27.9465484   35.8833746
  27.9474038   35.884457
  27.9482378   35.8855503
  27.9490504   35.8866542
  27.9495733   35.887391
  27.9499349   35.8878301
  27.9507877   35.888902
  27.9516195   35.8899847
  27.9524301   35.8910778
  27.9532194   35.8921812
  27.9539871   35.8932944
  27.954733    35.8944174
  27.955457    35.8955497
  27.9561589   35.8966911
  27.9564106   35.8971172
  27.9574237   35.8978135
  27.9586014   35.8986489
  27.9597627   35.8994993
  27.9609075   35.9003642
  27.9620354   35.9012436
  27.9631461   35.9021372
  27.9642394   35.9030448
  27.9653149   35.9039661
  27.9663725   35.904901
  27.9674119   35.9058492
  27.9684328   35.9068105
  27.9694349   35.9077846
  27.9704181   35.9087713
  27.971382    35.9097703
  27.9723265   35.9107815
  27.9732513   35.9118045
  27.9741562   35.9128392
  27.9750409   35.9138851
  27.9759052   35.9149422
  27.976749    35.9160101
  27.977572    35.9170886
  27.9778597   35.9174723
  27.9786491   35.9185437
  27.979418    35.9196247
  27.9801662   35.9207153
  27.9808935   35.921815
  27.9815998   35.9229237
  27.9822849   35.9240411
  27.9829486   35.9251669
  27.9835907   35.9263008
  27.9842112   35.9274426
  27.9848098   35.928592
  27.9853865   35.9297487
  27.985941    35.9309125
  27.9860648   35.9311784
  27.9866124   35.9323834
  27.9871363   35.9335952
  27.9876363   35.9348136
  27.9881123   35.9360382
  27.9882599   35.9364401
  27.9883238   35.9365416
  27.9889617   35.937556
  27.9902446   35.9395948
  27.9910493   35.9409029
  27.9918248   35.9422224
  27.9925247   35.9434713
  27.9926279   35.9436352
  27.9932777   35.9446854
  27.9939085   35.9457432
  27.9945202   35.9468082
  27.9951128   35.9478804
  27.9956861   35.9489593
  27.9963309   35.9501978
  27.9975387   35.9522024
  27.9983679   35.9534348
  27.999027    35.9544309
  27.9996688   35.9554344
  28.0002933   35.956445
  28.0024993   35.9600785
  28.0028073   35.9605679
  28.0037872   35.9621231
  28.0044315   35.9631472
  28.0054402   35.9647502
  28.0070217   35.9671888
  28.0085283   35.9695113
  28.0086879   35.9697577
  28.0100812   35.9716647
  28.0102159   35.9718496
  28.0112711   35.9733025
  28.0124964   35.9737708
  28.0126645   35.9735834
  28.0136072   35.9725663
  28.0139872   35.9721629
  28.0149289   35.9711792
  28.0158892   35.9702072
  28.016868    35.9692474
  28.0178648   35.9682998
  28.0188796   35.9673648
  28.019912    35.9664425
  28.0209619   35.9655332
  28.022029    35.9646371
  28.023113    35.9637544
  28.0242136   35.9628853
  28.0253307   35.96203
  28.0264639   35.9611887
  28.027613    35.9603617
  28.0287777   35.9595491
  28.0299577   35.958751
  28.0311528   35.9579678
  28.0323626   35.9571996
  28.0329149   35.9568544
  28.0341901   35.9560706
  28.0354806   35.9553034
  28.0367862   35.9545531
  28.0381065   35.9538198
  28.0394411   35.9531037
  28.0407897   35.9524051
  28.0408721   35.9523631
  28.042199    35.9516995
  28.0435386   35.9510527
  28.0448904   35.9504229
  28.0462543   35.9498103
  28.0476298   35.949215
  28.0490166   35.9486372
  28.0504144   35.948077
  28.0518229   35.9475345
  28.0532417   35.9470099
  28.0546704   35.9465033
  28.0561087   35.9460149
  28.0575562   35.9455447
  28.0590127   35.9450928
  28.0604777   35.9446595
  28.0619509   35.9442447
  28.0634319   35.9438486
  28.0649204   35.9434713
  28.066416    35.9431129
  28.0679183   35.9427734
  28.069427    35.942453
  28.0709417   35.9421517
  28.072462    35.9418695
  28.0739875   35.9416067
  28.075518    35.9413632
  28.077053    35.9411391
  28.0785921   35.9409344
  28.0801349   35.9407492
  28.0816812   35.9405835
  28.0832305   35.9404375
  28.0847824   35.940311
  28.0863365   35.9402042
  28.0878925   35.9401171
  28.08945     35.9400496
  28.0910086   35.9400019
  28.092568    35.9399739
  28.0941277   35.9399656
  28.0956874   35.9399771
  28.0972466   35.9400083
  28.0988051   35.9400592
  28.1003624   35.9401298
  28.1019181   35.9402201
  28.1034719   35.9403301
  28.1050234   35.9404597
  28.1065722   35.940609
  28.108118    35.9407778
  28.1096603   35.9409661
  28.1111987   35.9411739
  28.112733    35.9414012
  28.1142627   35.9416479
  28.1157874   35.9419138
  28.1173069   35.942199
  28.1188206   35.9425034
  28.1203283   35.942827
  28.1218295   35.9431695
  28.123324    35.943531
  28.1248113   35.9439113
  28.126291    35.9443105
  28.1277629   35.9447282
  28.1292266   35.9451646
  28.1306816   35.9456194
  28.1321277   35.9460926
  28.1335645   35.9465839
  28.1349916   35.9470934
  28.1364088   35.9476209
  28.1378155   35.9481663
  28.1392116   35.9487293
  28.1405966   35.94931
  28.1419703   35.9499081
  28.1433322   35.9505235
  28.1446821   35.951156
  28.1460196   35.9518056
  28.1473445   35.9524719
  28.1486563   35.953155
  28.1499547   35.9538545
  28.1512395   35.9545704
  28.1525103   35.9553024
  28.1537669   35.9560504
  28.1550088   35.9568142
  28.1562358   35.9575936
  28.1574477   35.9583884
  28.1586441   35.9591984
  28.1598246   35.9600235
  28.1609891   35.9608634
  28.1621373   35.9617179
  28.1632688   35.9625868
  28.1643834   35.9634699
  28.1654809   35.964367
  28.1665608   35.9652778
  28.1676231   35.9662022
  28.1686674   35.9671399
  28.1696934   35.9680907
  28.170701    35.9690543
  28.1716898   35.9700305
  28.1717303   35.9700711
  28.1727056   35.9710653
  28.1736615   35.9720718
  28.1745978   35.9730904
  28.1755141   35.9741206
  28.1764103   35.9751624
  28.1772862   35.9762155
  28.1781415   35.9772795
  28.1789761   35.9783543
  28.1797897   35.9794395
  28.1805821   35.980535
  28.1813532   35.9816403
  28.1821027   35.9827553
  28.1828304   35.9838797
  28.1835362   35.9850132
  28.1842199   35.9861555
  28.1848814   35.9873064
  28.1855204   35.9884654
  28.1861369   35.9896325
  28.1867306   35.9908072
  28.1873014   35.9919894
  28.1878492   35.9931786
  28.1883738   35.9943746
  28.1888751   35.9955771
  28.189353    35.9967858
  28.1898074   35.9980004
  28.1902381   35.9992207
  28.1906451   36.0004462
  28.1910282   36.0016767
  28.1913874   36.002912
  28.1917225   36.0041516
  28.1920335   36.0053954
  28.1923204   36.0066429
  28.1925829   36.0078938
  28.1928211   36.009148
  28.193035    36.010405
  28.1932244   36.0116645
  28.1933893   36.0129263
  28.1935296   36.01419
  28.1936454   36.0154552
  28.1937366   36.0167218
  28.1938032   36.0179894
  28.1938452   36.0192577
  28.1938625   36.0205262
  28.1938552   36.0217949
  28.1938232   36.0230633
  28.1937666   36.024331
  28.1936853   36.0255979
  28.1935795   36.0268636
  28.193449    36.0281278
  28.1932941   36.0293901
  28.1931146   36.0306503
  28.1929106   36.031908
  28.1926823   36.033163
  28.1924296   36.0344148
  28.1921526   36.0356633
  28.1918513   36.0369081
  28.1915259   36.0381489
  28.1911765   36.0393854
  28.190803    36.0406173
  28.1904057   36.0418443
  28.1899846   36.043066
  28.1895398   36.0442823
  28.189285    36.0449406
  28.1895284   36.0454641
  28.1900596   36.0466637
  28.1905673   36.0478699
  28.1910514   36.0490825
  28.1915118   36.050301
  28.1919483   36.0515253
  28.1923608   36.0527549
  28.1927493   36.0539897
  28.1931137   36.0552292
  28.1934537   36.0564732
  28.1937695   36.0577214
  28.1940608   36.0589735
  28.1943276   36.060229
  28.1945699   36.0614878
  28.1947876   36.0627496
  28.1949806   36.0640139
  28.1951489   36.0652805
  28.1952925   36.0665491
  28.1954112   36.0678193
  28.1955051   36.0690909
  28.1955742   36.0703634
  28.1956184   36.0716367
  28.1956377   36.0729104
  28.1956322   36.0741841
  28.1956018   36.0754576
  28.1955465   36.0767305
  28.1954663   36.0780026
  28.1953614   36.0792734
  28.1952581   36.0802828
  28.1953634   36.0805535
  28.1958083   36.0817639
  28.1962298   36.0829798
  28.1966276   36.0842009
  28.1970018   36.0854268
  28.1973522   36.0866573
  28.1976787   36.087892
  28.1979812   36.0891307
  28.1982597   36.0903731
  28.1985141   36.0916188
  28.1987444   36.0928675
  28.1989504   36.094119
  28.1991322   36.0953729
  28.1992897   36.096629
  28.1994228   36.0978869
  28.1995315   36.0991462
  28.1996158   36.1004068
  28.1996757   36.1016683
  28.1997112   36.1029303
  28.1997222   36.1041927
  28.1997087   36.105455
  28.1996708   36.1067169
  28.1996084   36.1079782
  28.1995217   36.1092385
  28.1995173   36.1092945
  28.199405    36.110565
  28.1992678   36.1118339
  28.1991059   36.1131008
  28.1989192   36.1143655
  28.1987079   36.1156276
  28.1984719   36.1168869
  28.1982112   36.118143
  28.1979261   36.1193955
  28.1976165   36.1206443
  28.1976104   36.1206673
  28.1981856   36.1210253
  28.1994157   36.1218163
  28.2006302   36.1226227
  28.2018289   36.1234446
  28.2030114   36.1242815
  28.2041774   36.1251334
  28.2053266   36.126
  28.2064589   36.1268811
  28.2075738   36.1277765
  28.2086711   36.128686
  28.2097505   36.1296093
  28.2108118   36.1305462
  28.2118547   36.1314964
  28.2128789   36.1324599
  28.2138842   36.1334362
  28.2148704   36.1344251
  28.2158371   36.1354265
  28.2167842   36.13644
  28.2177114   36.1374655
  28.2186185   36.1385025
  28.2195053   36.139551
  28.2203715   36.1406107
  28.2212169   36.1416811
  28.2220413   36.1427622
  28.2228446   36.1438537
  28.2236265   36.1449552
  28.2243868   36.1460665
  28.2251253   36.1471873
  28.2258133   36.1482724
  28.2259028   36.1483606
  28.2268744   36.1493493
  28.2278267   36.1503502
  28.2287595   36.151363
  28.2296725   36.1523875
  28.2305655   36.1534234
  28.2314383   36.1544704
  28.2322908   36.1555283
  28.2331226   36.1565969
  28.2339335   36.1576758
  28.2347235   36.1587648
  28.2354922   36.1598637
  28.2362395   36.1609721
  28.2369653   36.1620898
  28.2376693   36.1632166
  28.2383513   36.1643521
  28.2390112   36.165496
  28.2396489   36.1666482
  28.2402641   36.1678082
  28.2408567   36.1689759
  28.2408917   36.1690464
  28.2414637   36.1702257
  28.2420127   36.1714122
  28.2425384   36.1726054
  28.2430409   36.1738051
  28.24352     36.175011
  28.2439755   36.1762228
  28.2444074   36.1774402
  28.2448155   36.178663
  28.2451998   36.1798907
  28.2455601   36.1811232
  28.2458963   36.1823601
  28.2462085   36.183601
  28.2464964   36.1848457
  28.2467601   36.186094
  28.2469994   36.1873453
  28.2472144   36.1885996
  28.2474049   36.1898564
  28.2475708   36.1911154
  28.2477123   36.1923764
  28.2478212   36.1935529
  28.2488637   36.1944639
  28.2499007   36.1953989
  28.2509195   36.1963467
  28.2519199   36.1973073
  28.2529016   36.1982803
  28.2538644   36.1992655
  28.2548081   36.2002627
  28.2557325   36.2012716
  28.2566372   36.202292
  28.2575222   36.2033236
  28.2583871   36.2043662
  28.2592318   36.2054196
  28.260056    36.2064834
  28.2608596   36.2075574
  28.2616424   36.2086414
  28.2624042   36.2097351
  28.2631448   36.2108382
  28.2638639   36.2119504
  28.2645616   36.2130716
  28.2652375   36.2142013
  28.2658915   36.2153394
  28.2665234   36.2164856
  28.2671332   36.2176395
  28.2677205   36.218801
  28.2682854   36.2199697
  28.2688277   36.2211453
  28.2693472   36.2223276
  28.2698438   36.2235162
  28.2703174   36.2247109
  28.2707679   36.2259114
  28.2711951   36.2271174
  28.271599    36.2283286
  28.2719487   36.2294463
  28.2721421   36.2299804
  28.2725564   36.2311953
  28.2729472   36.2324152
  28.2733142   36.2336399
  28.2736574   36.234869
  28.2739768   36.2361023
  28.2742721   36.2373395
  28.2745435   36.2385802
  28.2747907   36.2398242
  28.2750138   36.2410711
  28.2752126   36.2423206
  28.2753872   36.2435725
  28.2755375   36.2448265
  28.2756634   36.2460821
  28.275765    36.2473392
  28.2758421   36.2485974
  28.2758948   36.2498563
  28.2759231   36.2511158
  28.275927    36.2523754
  28.2759064   36.253635
  28.2758613   36.254894
  28.2757934   36.2561252
  28.2757903   36.2562287
  28.2757295   36.2574784
  28.2756886   36.2580799
  28.2761535   36.2583896
  28.2773391   36.2592046
  28.2785089   36.2600344
  28.2796624   36.2608788
  28.2800932   36.2611992
  28.2812394   36.2620651
  28.2823686   36.2629454
  28.2834805   36.2638399
  28.2845748   36.2647484
  28.2856513   36.2656707
  28.2867096   36.2666065
  28.2877495   36.2675556
  28.2887707   36.2685178
  28.2897731   36.2694928
  28.2907563   36.2704804
  28.2917201   36.2714803
  28.2926643   36.2724923
  28.2935886   36.2735162
  28.2944928   36.2745516
  28.2953767   36.2755984
  28.2958987   36.2762271
  28.2967407   36.2772584
  28.297563    36.2783
  28.2983654   36.2793516
  28.2991477   36.280413
  28.2999098   36.2814839
  28.3006513   36.2825641
  28.3013722   36.2836533
  28.3020723   36.2847513
  28.3022898   36.285099
  28.3030655   36.2863666
  28.3034128   36.2869468
  28.3040946   36.2881095
  28.3047532   36.2892808
  28.3053885   36.2904605
  28.3060003   36.2916481
  28.3065885   36.2928435
  28.307153    36.2940463
  28.3076935   36.2952561
  28.3082099   36.2964728
  28.3087022   36.2976959
  28.3091272   36.2988126
  28.3096025   36.2998281
  28.3101389   36.3010317
  28.3106515   36.3022421
  28.3111401   36.3034588
  28.3116047   36.3046816
  28.3120451   36.3059102
  28.3124612   36.3071442
  28.3128529   36.3083834
  28.3132201   36.3096275
  28.3135628   36.310876
  28.3138807   36.3121288
  28.3141739   36.3133855
  28.3144423   36.3146457
  28.3146858   36.3159093
  28.3149043   36.3171757
  28.3150978   36.3184448
  28.3152662   36.3197161
  28.3154096   36.3209895
  28.3155278   36.3222645
  28.3156208   36.3235408
  28.3156886   36.3248181
  28.3156906   36.3248761
  28.3161671   36.3253231
  28.3171876   36.3263118
  28.3173646   36.3264861
  28.3183788   36.3275017
  28.3193725   36.3285303
  28.3203453   36.3295717
  28.3212971   36.3306257
  28.3222275   36.331692
  28.3231364   36.3327702
  28.3240235   36.3338602
  28.3248885   36.3349616
  28.3257312   36.3360741
  28.3265515   36.3371975
  28.3270229   36.3378552
  28.3277841   36.338937
  28.3284642   36.3396808
  28.3293757   36.3407112
  28.330267    36.3417531
  28.3311379   36.3428061
  28.331988    36.3438701
  28.3328173   36.3449446
  28.3336254   36.3460295
  28.3344123   36.3471245
  28.3351777   36.3482294
  28.3359214   36.3493437
  28.3366432   36.3504674
  28.337343    36.3516
  28.3380206   36.3527414
  28.3386758   36.3538912
  28.3393085   36.3550491
  28.3399184   36.3562149
  28.3405055   36.3573882
  28.3410696   36.3585688
  28.3416106   36.3597564
  28.3421282   36.3609507
  28.3426225   36.3621514
  28.3430933   36.3633582
  28.3435404   36.3645708
  28.3439638   36.3657889
  28.3443633   36.3670122
  28.3447388   36.3682404
  28.3450904   36.3694731
  28.3454177   36.3707102
  28.3457209   36.3719512
  28.3459998   36.3731958
  28.3462543   36.3744439
  28.3464844   36.375695
  28.34669     36.3769488
  28.3468711   36.3782051
  28.3470276   36.3794634
  28.3471595   36.3807236
  28.3472667   36.3819853
  28.3473493   36.3832482
  28.3474072   36.3845119
  28.3474403   36.3857762
  28.3474488   36.3870407
  28.3474325   36.3883052
  28.3473915   36.3895693
  28.3473259   36.3908326
  28.3472355   36.392095
  28.3472271   36.3921982
  28.3471134   36.393446
  28.3469756   36.3946922
  28.3468137   36.3959365
  28.3466277   36.3971786
  28.3464177   36.3984182
  28.3461838   36.399655
  28.345926    36.4008887
  28.3456444   36.402119
  28.3453389   36.4033456
  28.3450098   36.4045682
  28.3446571   36.4057865
  28.3442809   36.4070002
  28.3438812   36.4082091
  28.3434582   36.4094127
  28.3430119   36.410611
  28.3425426   36.4118034
  28.3420502   36.4129898
  28.3415349   36.4141699
  28.3409968   36.4153433
  28.3404361   36.4165099
  28.3398529   36.4176693
  28.3392474   36.4188212
  28.3391974   36.4189123
  28.3392462   36.4191291
  28.3394963   36.4203479
  28.339723    36.4215695
  28.3399264   36.4227939
  28.3401064   36.4240205
  28.3402629   36.4252493
  28.3403959   36.4264798
  28.3405054   36.4277117
  28.3405913   36.4289449
  28.3406537   36.430179
  28.3406924   36.4314137
  28.3407076   36.4326487
  28.3407077   36.4326929
  28.3407456   36.4334367
  28.3407856   36.4347332
  28.3407996   36.4360301
  28.3407875   36.437327
  28.3407494   36.4386235
  28.3406853   36.4399194
  28.3405952   36.4412142
  28.3404834   36.4426176
  28.3403699   36.4438855
  28.3402314   36.4451518
  28.340068    36.4464162
  28.3398798   36.4476783
  28.3396667   36.4489378
  28.3394289   36.4501944
  28.3391664   36.4514478
  28.3388793   36.4526977
  28.3385676   36.4539438
  28.338276    36.4550208
  28.338196    36.4556754
  28.338019    36.4569234
  28.3379601   36.4573117
  28.33776     36.4585503
  28.337536    36.4597864
  28.3372881   36.4610194
  28.3370164   36.4622492
  28.3367209   36.4634754
  28.3364017   36.4646977
  28.3360589   36.4659159
  28.3356926   36.4671296
  28.3353029   36.4683386
  28.3348898   36.4695425
  28.3344535   36.4707411
  28.333994    36.4719341
  28.3335115   36.4731212
  28.3330062   36.474302
  28.332478    36.4754764
  28.3319271   36.476644
  28.3313538   36.4778046
  28.330758    36.4789578
  28.3301401   36.4801035
  28.3295      36.4812412
  28.328838    36.4823708
  28.3281542   36.4834919
  28.3274488   36.4846044
  28.3267219   36.4857079
  28.3259738   36.4868021
  28.3252047   36.4878868
  28.3244146   36.4889618
  28.3236038   36.4900267
  28.3227725   36.4910813
  28.3219209   36.4921254
  28.3210492   36.4931587
  28.3201575   36.494181
  28.3192463   36.495192
  28.3183155   36.4961914
  28.3173656   36.4971791
  28.3163966   36.4981548
  28.3154089   36.4991182
  28.3144026   36.5000691
  28.3133781   36.5010073
  28.3123355   36.5019326
  28.3112752   36.5028447
  28.3101973   36.5037435
  28.3091022   36.5046286
  28.30799     36.5055
  28.3068611   36.5063573
  28.3057158   36.5072003
  28.3045543   36.508029
  28.3027932   36.5092658
  28.30224     36.5096482
  28.3017028   36.5100205
  28.301656    36.510052
  28.3016096   36.510084
  28.3010475   36.5104605
  28.300502    36.5108267
  28.3004559   36.5108567
  28.3004103   36.5108872
  28.2998392   36.5112576
  28.2992856   36.5116176
  28.2992403   36.5116461
  28.2991954   36.5116753
  28.2986156   36.5120395
  28.2980539   36.5123932
  28.2980095   36.5124202
  28.2979654   36.5124479
  28.2973769   36.5128058
  28.2968072   36.513153
  28.2967637   36.5131787
  28.2967205   36.513205
  28.2961233   36.5135565
  28.2955459   36.5138971
  28.2955033   36.5139215
  28.295461    36.5139464
  28.2948553   36.5142913
  28.2942702   36.5146252
  28.2942286   36.5146482
  28.2941873   36.5146718
  28.293573    36.5150101
  28.2929805   36.5153372
  28.2929399   36.5153589
  28.2928995   36.5153811
  28.2922769   36.5157126
  28.2916771   36.5160328
  28.2916375   36.5160532
  28.2915982   36.5160741
  28.2909673   36.5163988
  28.2903602   36.5167119
  28.2903217   36.516731
  28.2902835   36.5167507
  28.2896444   36.5170684
  28.2890303   36.5173743
  28.2889929   36.5173922
  28.2889558   36.5174107
  28.2887728   36.5174985
  28.2878516   36.5181714
  28.286659    36.5190149
  28.2854499   36.5198431
  28.2842246   36.5206557
  28.2829833   36.5214526
  28.2817264   36.5222334
  28.2804542   36.5229981
  28.279167    36.5237464
  28.2778651   36.5244781
  28.276549    36.5251931
  28.2752188   36.5258911
  28.273875    36.526572
  28.2725178   36.5272357
  28.2711477   36.5278819
  28.269765    36.5285105
  28.2696264   36.5285724
  28.2682443   36.5291776
  28.2668506   36.5297653
  28.2654455   36.5303352
  28.2640294   36.5308873
  28.2626027   36.5314213
  28.2611656   36.5319372
  28.2597186   36.5324348
  28.258262    36.5329141
  28.2567962   36.5333748
  28.2553215   36.5338169
  28.2538384   36.5342402
  28.2523471   36.5346447
  28.250848    36.5350302
  28.2493416   36.5353967
  28.2478282   36.5357441
  28.2463081   36.5360723
  28.2447818   36.5363811
  28.2446715   36.5364027
  28.2431664   36.5366873
  28.2416559   36.536953
  28.2401405   36.5372
  28.2386205   36.5374281
  28.2370964   36.5376372
  28.2355683   36.5378273
  28.2340368   36.5379984
  28.2325021   36.5381504
  28.2309648   36.5382833
  28.229425    36.538397
  28.2278832   36.5384916
  28.2263398   36.5385669
  28.2247951   36.5386231
  28.2232496   36.53866
  28.2217034   36.5386776
  28.2201572   36.5386761
  28.2186112   36.5386552
  28.2170657   36.5386152
  28.2155212   36.5385559
  28.213978    36.5384774
  28.2124366   36.5383797
  28.2108972   36.5382628
  28.2093602   36.5381268
  28.207826    36.5379717
  28.2062951   36.5377975
  28.2047676   36.5376042
  28.2032441   36.537392
  28.2017248   36.5371609
  28.2002102   36.5369108
  28.200053    36.5368838
  28.1985261   36.5366118
  28.1970047   36.5363205
  28.1955188   36.5360163
  28.1949576   36.535771
  28.1890969   36.5332102
  28.1686394   36.5243254
  28.1585031   36.519945
  28.15455     36.5182185
  28.153354    36.5176961
  28.1530818   36.5175013
  28.1519386   36.5166566
  28.1508118   36.5157977
  28.1497018   36.5149248
  28.1486088   36.5140381
  28.1475331   36.5131379
  28.1464749   36.5122243
  28.1454346   36.5112975
  28.1444123   36.5103579
  28.1434084   36.5094056
  28.142423    36.5084408
  28.1414564   36.5074639
  28.1405088   36.5064749
  28.1395805   36.5054742
  28.1386716   36.504462
  28.1384842   36.5042498
  28.1376132   36.5032467
  28.13646     36.5031122
  28.1348855   36.5029079
  28.1333152   36.5026834
  28.1317496   36.5024387
  28.1301891   36.502174
  28.128634    36.5018892
  28.1279316   36.5017559
  28.1258296   36.5013374
  28.1250218   36.501169
  28.1246696   36.5010951
  28.1233051   36.5008065
  28.122424    36.5006162
  28.1218823   36.5005711
  28.1204184   36.5004315
  28.1189571   36.5002746
  28.1183591   36.5002031
  28.1179182   36.5001855
  28.1163345   36.5001021
  28.1147527   36.4999984
  28.1131731   36.4998744
  28.1115962   36.4997304
  28.1100223   36.4995661
  28.1084519   36.4993818
  28.1080654   36.4993314
  28.1058542   36.4984071
  28.104449    36.4978263
  28.0972807   36.494946
  28.0869191   36.4908263
  28.0766345   36.4867637
  28.0685439   36.483872
  28.0644049   36.4824143
  28.0480452   36.4786847
  28.0463119   36.4783905
  28.0444152   36.4780783
  28.037753    36.4769594
  28.036268    36.476716
  28.0351073   36.4765365
  28.0268787   36.4754138
  28.0237601   36.4749969
  28.0226535   36.4746257
  28.0212125   36.4741207
  28.0197815   36.4735975
  28.0191308   36.4733496
  28.0177405   36.4729284
  28.0162805   36.472465
  28.0148298   36.4719831
  28.0133887   36.471483
  28.0119576   36.4709647
  28.0105367   36.4704283
  28.0091265   36.4698741
  28.0077274   36.4693021
  28.0063396   36.4687125
  28.0049635   36.4681054
  28.0035994   36.4674809
  28.0022477   36.4668393
  28.0009087   36.4661807
  27.9995828   36.4655052
  27.9982702   36.464813
  27.9969714   36.4641043
  27.9956865   36.4633793
  27.994416    36.4626381
  27.9931601   36.4618809
  27.9919192   36.4611079
  27.9906936   36.4603193
  27.9894835   36.4595153
  27.989182    36.4593085
  27.9887867   36.4592037
  27.9873343   36.4587988
  27.9858899   36.4583759
  27.9844538   36.4579352
  27.9830263   36.4574768
  27.9816077   36.4570007
  27.9801985   36.4565071
  27.9787988   36.4559961
  27.9774091   36.4554678
  27.9760296   36.4549224
  27.9746608   36.4543599
  27.9733029   36.4537806
  27.9719563   36.4531845
  27.9706212   36.4525718
  27.969298    36.4519426
  27.9689662   36.451782
  27.9676118   36.4511148
  27.9662707   36.4504302
  27.9649434   36.4497286
  27.9636301   36.4490101
  27.9623312   36.4482749
  27.961047    36.4475231
  27.9597778   36.446755
  27.958524    36.4459708
  27.9572859   36.4451705
  27.9572646   36.4451563
  27.9570277   36.4451058
  27.9554436   36.444745
  27.9538671   36.4443633
  27.9522986   36.4439607
  27.9513541   36.4437114
  27.9498733   36.44331
  27.9484004   36.4428901
  27.9469358   36.4424517
  27.94548     36.4419949
  27.9440333   36.4415198
  27.9425959   36.4410265
  27.9414441   36.440614
  27.9407808   36.4404144
  27.9393143   36.439952
  27.9378572   36.4394709
  27.9364096   36.4389714
  27.934972    36.4384536
  27.9335448   36.4379176
  27.9321282   36.4373636
  27.9307227   36.4367916
  27.9293286   36.4362019
  27.9279462   36.4355945
  27.9265759   36.4349696
  27.925218    36.4343275
  27.9238729   36.4336681
  27.9229373   36.4332013
  27.921613    36.432529
  27.920302    36.43184
  27.9190046   36.4311346
  27.9177211   36.4304129
  27.9164519   36.429675
  27.9151972   36.4289212
  27.9139573   36.4281517
  27.9127326   36.4273666
  27.9115233   36.4265661
  27.9106534   36.4259716
  27.9100577   36.4258296
  27.9085696   36.4254544
  27.907089    36.4250605
  27.9056162   36.424648
  27.9041516   36.4242171
  27.9026955   36.4237679
  27.9019863   36.4235388
  27.9005482   36.4230916
  27.8990979   36.4226194
  27.897657    36.4221291
  27.8969354   36.4218727
  27.8959005   36.4217134
  27.894362    36.4214563
  27.8928287   36.4211797
  27.891301    36.4208837
  27.8897792   36.4205684
  27.8882638   36.4202339
  27.8867552   36.4198802
  27.8852536   36.4195075
  27.8837596   36.4191157
  27.8822734   36.4187051
  27.8807954   36.4182758
  27.8793259   36.4178277
  27.8778655   36.4173611
  27.8764143   36.416876
  27.8749728   36.4163727
  27.8735413   36.4158511
  27.8721202   36.4153114
  27.8707099   36.4147538
  27.8693106   36.4141784
  27.8679227   36.4135854
  27.8665467   36.4129748
  27.8651827   36.4123469
  27.8638312   36.4117017
  27.8624925   36.4110396
  27.8611669   36.4103605
  27.8598547   36.4096647
  27.8585563   36.4089524
  27.857272    36.4082237
  27.8566823   36.4078835
  27.855442    36.4071562
  27.8542158   36.4064137
  27.8530039   36.4056561
  27.8518065   36.4048836
  27.8508534   36.404249
  27.8505288   36.404108
  27.849154    36.403488
  27.8477915   36.4028507
  27.8467111   36.402336
  27.845315    36.4016585
  27.8439327   36.4009627
  27.8425648   36.4002489
  27.8412115   36.3995171
  27.8398733   36.3987677
  27.8385505   36.3980007
  27.8372434   36.3972165
  27.8359523   36.3964151
  27.8346777   36.3955969
  27.8343463   36.3953806
  27.8331179   36.3945656
  27.832138    36.393894
  27.8317097   36.3937139
  27.8303418   36.3931165
  27.8289856   36.392502
  27.8276414   36.3918706
  27.8263097   36.3912223
  27.8249906   36.3905575
  27.8236846   36.3898761
  27.8234549   36.3897542
  27.8221516   36.3890507
  27.8208622   36.3883308
  27.819587    36.3875946
  27.8183264   36.3868424
  27.8170806   36.3860743
  27.8158499   36.3852905
  27.8146347   36.3844913
  27.8134353   36.3836767
  27.8122519   36.3828471
  27.8110848   36.3820026
  27.8099344   36.3811434
  27.8088009   36.3802698
  27.8076846   36.3793819
  27.8065858   36.37848
  27.8055048   36.3775643
  27.8044417   36.376635
  27.8033969   36.3756923
  27.8023706   36.3747365
  27.8013632   36.3737679
  27.8003747   36.3727866
  27.7994056   36.3717929
  27.798456    36.370787
  27.7975261   36.3697692
  27.7966162   36.3687398
  27.7957265   36.367699
  27.7948573   36.366647
  27.7940087   36.3655841
  27.7931809   36.3645106
  27.7923742   36.3634268
  27.7915888   36.3623329
  27.7908248   36.3612291
  27.7900824   36.3601158
  27.7893619   36.3589932
  27.7891709   36.3586898
  27.7890438   36.358498
  27.7884262   36.3575509
  27.7878243   36.3565972
  27.7870676   36.3553783
  27.78644     36.354349
  27.7858307   36.3533126
  27.7855039   36.3527356
  27.7847327   36.3517855
  27.78464     36.3516673
  27.7846369   36.3516666
  27.7831484   36.3513015
  27.7816671   36.3509177
  27.7801935   36.3505153
  27.7787278   36.3500945
  27.7785595   36.3500438
  27.7785302   36.3500603
  27.7772215   36.3507721
  27.7758991   36.3514671
  27.7745631   36.3521452
  27.773214    36.3528061
  27.7718521   36.3534498
  27.7704777   36.3540761
  27.7690912   36.3546847
  27.7676929   36.3552756
  27.7662832   36.3558487
  27.7648624   36.3564036
  27.7634308   36.3569405
  27.7619889   36.357459
  27.760537    36.357959
  27.7590755   36.3584405
  27.7588468   36.3585125
  27.7579271   36.358829
  27.7564283   36.3593218
  27.7549197   36.359795
  27.7536721   36.3601677
  27.7531497   36.3603327
  27.7516827   36.360775
  27.7502073   36.3611987
  27.7487238   36.3616037
  27.7479473   36.3618048
  27.7477897   36.3618502
  27.7463219   36.3622521
  27.7448465   36.3626357
  27.7433639   36.3630008
  27.7418744   36.3633473
  27.7403784   36.3636751
  27.7388763   36.3639842
  27.7373684   36.3642744
  27.7358551   36.3645458
  27.7343367   36.3647981
  27.7328136   36.3650315
  27.7312125   36.3652665
  27.7296827   36.3654811
  27.7281489   36.3656765
  27.7266116   36.3658527
  27.725071    36.3660096
  27.7235276   36.3661472
  27.7219817   36.3662654
  27.7204337   36.3663643
  27.718884    36.3664437
  27.7173329   36.3665038
  27.7157809   36.3665444
  27.7142283   36.3665655
  27.7126754   36.3665672
  27.7111227   36.3665495
  27.7095706   36.3665123
  27.7080193   36.3664557
  27.7064693   36.3663796
  27.704921    36.3662841
  27.7033747   36.3661693
  27.7018308   36.3660351
  27.7002897   36.3658816
  27.6987518   36.3657087
  27.6972174   36.3655167
  27.6956868   36.3653054
  27.6941606   36.365075
  27.6926389   36.3648255
  27.6911223   36.364557
  27.6896111   36.3642695
  27.6881055   36.3639631
  27.6866061   36.3636379
  27.686413    36.3635934
  27.6863721   36.3635857
  27.6848234   36.3632714
  27.6832812   36.3629372
  27.6817458   36.3625832
  27.6802177   36.3622095
  27.6786971   36.3618161
  27.6771846   36.3614032
  27.6770509   36.3613657
  27.6764122   36.3611823
  27.6761791   36.3611373
  27.6746608   36.3608236
  27.6731487   36.3604906
  27.6724524   36.3603326
  27.6709469   36.3599806
  27.6694485   36.3596096
  27.6679575   36.3592197
  27.6664743   36.358811
  27.6649992   36.3583835
  27.6635326   36.3579375
  27.662075    36.357473
  27.6606265   36.3569901
  27.6591877   36.3564889
  27.6584109   36.3562066
  27.6579489   36.3560579
  27.6562584   36.3555011
  27.6548006   36.3550101
  27.6533528   36.3545006
  27.6519151   36.3539727
  27.6504879   36.3534265
  27.6490717   36.3528622
  27.6476667   36.3522799
  27.6462734   36.3516798
  27.644892    36.351062
  27.643523    36.3504266
  27.6421666   36.3497739
  27.6408232   36.3491039
  27.6394931   36.3484169
  27.6381767   36.347713
  27.6368743   36.3469924
  27.6355862   36.3462553
  27.6343128   36.3455019
  27.6330543   36.3447323
  27.6318112   36.3439467
  27.6305836   36.3431454
  27.6293719   36.3423286
  27.6281764   36.3414963
  27.6269974   36.340649
  27.6258352   36.3397867
  27.6246901   36.3389097
  27.6235624   36.3380181
  27.6235615   36.3380173
  27.6228746   36.3378628
  27.6213612   36.3375016
  27.6198552   36.337121
  27.6183568   36.3367214
  27.6168664   36.3363027
  27.6153844   36.3358651
  27.6139112   36.3354086
  27.6124471   36.3349335
  27.6109926   36.3344397
  27.6095479   36.3339275
  27.6081135   36.3333969
  27.6066896   36.3328482
  27.6052767   36.3322813
  27.6036559   36.3316181
  27.6022442   36.331029
  27.6008442   36.3304219
  27.5994565   36.3297969
  27.5980813   36.3291541
  27.5974541   36.3288501
  27.5963419   36.328841
  27.5947228   36.3288067
  27.5931046   36.3287511
  27.5914878   36.3286744
  27.5898727   36.3285766
  27.5891034   36.328525
  27.5874387   36.3284019
  27.5857768   36.3282564
  27.5841181   36.3280885
  27.5824632   36.3278982
  27.581457    36.3277686
  27.5807596   36.3277035
  27.5796284   36.3275902
  27.5773812   36.3273442
  27.576864    36.3272828
  27.5752908   36.3270856
  27.5737217   36.3268682
  27.5721571   36.3266306
  27.5705974   36.326373
  27.569043    36.3260954
  27.5674943   36.3257978
  27.5659517   36.3254804
  27.5644155   36.3251432
  27.5629397   36.3247987
  27.5622445   36.3247366
  27.5604938   36.3245644
  27.5589174   36.3243992
  27.5573444   36.3242137
  27.5561819   36.3240613
  27.5555085   36.3240748
  27.5539421   36.3240864
  27.5523756   36.3240781
  27.5508095   36.32405
  27.5492441   36.3240022
  27.5476798   36.3239345
  27.547145    36.3239046
  27.5473702   36.3241308
  27.5483438   36.3251411
  27.5492974   36.3261638
  27.5502307   36.3271986
  27.5511435   36.3282452
  27.5520354   36.3293033
  27.5529064   36.3303727
  27.5533737   36.3309669
  27.5534049   36.3310038
  27.5542601   36.3320509
  27.555095    36.3331086
  27.5559092   36.3341766
  27.5567028   36.3352548
  27.5574753   36.3363427
  27.5582268   36.3374402
  27.5589569   36.3385469
  27.5596654   36.3396627
  27.5603524   36.3407873
  27.5610174   36.3419203
  27.5616605   36.3430615
  27.5622814   36.3442106
  27.56288     36.3453674
  27.5634562   36.3465315
  27.5640097   36.3477027
  27.5645405   36.3488806
  27.5650485   36.3500651
  27.5653705   36.3508354
  27.5658603   36.3520384
  27.5663266   36.3532474
  27.5667692   36.3544622
  27.5671879   36.3556825
  27.5675828   36.3569078
  27.5679537   36.3581381
  27.5683004   36.3593728
  27.568623    36.3606118
  27.5689212   36.3618547
  27.5691952   36.3631012
  27.5694447   36.364351
  27.5696698   36.3656038
  27.5698704   36.3668592
  27.5700463   36.3681171
  27.5701977   36.3693769
  27.5703244   36.3706386
  27.5704263   36.3719016
  27.5705036   36.3731658
  27.5705562   36.3744308
  27.570584    36.3756963
  27.570587    36.3769619
  27.5705653   36.3782274
  27.5705614   36.3783722
  27.570517    36.3795935
  27.5704495   36.3808142
  27.570359    36.3820338
  27.5702454   36.3832522
  27.5701757   36.3839308
  27.5700335   36.385194
  27.5698666   36.3864551
  27.5696749   36.387714
  27.5694586   36.3889702
  27.5692177   36.3902236
  27.5689522   36.3914736
  27.5686623   36.3927202
  27.568348    36.3939629
  27.5680093   36.3952014
  27.5676464   36.3964354
  27.5672593   36.3976647
  27.5668482   36.3988888
  27.5664132   36.4001076
  27.5659543   36.4013207
  27.5654717   36.4025277
  27.5649654   36.4037285
  27.5644357   36.4049227
  27.5638826   36.40611
  27.5633063   36.4072901
  27.562707    36.4084627
  27.5620847   36.4096275
  27.5614397   36.4107842
  27.560772    36.4119326
  27.560082    36.4130724
  27.5593696   36.4142033
  27.5586352   36.4153249
  27.5578788   36.4164371
  27.5571008   36.4175394
  27.5563012   36.4186318
  27.5554803   36.4197139
  27.5546383   36.4207853
  27.5537753   36.421846
  27.5528917   36.4228955
  27.5519876   36.4239337
  27.5510632   36.4249602
  27.5501189   36.4259749
  27.5491547   36.4269774
  27.548171    36.4279676
  27.547168    36.4289451
  27.5471622   36.4289506
  27.5470778   36.4291859
  27.5470099   36.4293699
  27.5465457   36.4305916
  27.5460575   36.4318072
  27.5455452   36.4330164
  27.5450092   36.4342189
  27.5444494   36.4354143
  27.5438661   36.4366024
  27.5432593   36.4377829
  27.5426293   36.4389554
  27.5419762   36.4401197
  27.5413002   36.4412755
  27.5406014   36.4424225
  27.53988     36.4435603
  27.5391362   36.4446888
  27.5383701   36.4458076
  27.5375821   36.4469164
  27.5367722   36.448015
  27.5359407   36.4491031
  27.5350878   36.4501804
  27.5342137   36.4512467
  27.5333186   36.4523016
  27.5324027   36.4533449
  27.5314664   36.4543763
  27.5305098   36.4553956
  27.5295331   36.4564025
  27.5285367   36.4573968
  27.5277302   36.4581758
  27.5274874   36.4584337
  27.526508    36.4594403
  27.5255087   36.4604342
  27.5244899   36.4614152
  27.5244575   36.4614453
  27.5242279   36.4617121
  27.5233163   36.4627362
  27.5223848   36.4637488
  27.5214337   36.4647494
  27.5204632   36.4657379
  27.5194735   36.466714
  27.5184649   36.4676775
  27.5174376   36.4686282
  27.5163919   36.4695657
  27.515328    36.47049
  27.5142463   36.4714007
  27.5131469   36.4722976
  27.5120301   36.4731805
  27.5108963   36.4740493
  27.5097456   36.4749036
  27.5085784   36.4757432
  27.507395    36.4765681
  27.5061956   36.4773779
  27.5049806   36.4781724
  27.5037502   36.4789516
  27.5025048   36.4797151
  27.5012446   36.4804627
  27.49997     36.4811944
  27.4986813   36.48191
  27.4973788   36.4826091
  27.4960628   36.4832918
  27.4947336   36.4839577
  27.4933916   36.4846068
  27.4920371   36.4852389
  27.4906704   36.4858538
  27.4892919   36.4864514
  27.487902    36.4870315
  27.4865008   36.4875941
  27.4850889   36.4881388
  27.4836665   36.4886657
  27.482234    36.4891746
  27.4809997   36.4895946
  27.4804725   36.4901675
  27.4795253   36.4911638
  27.4785589   36.4921481
  27.4775734   36.4931201
  27.4765692   36.4940796
  27.4755464   36.4950263
  27.4745054   36.4959601
  27.4734463   36.4968807
  27.4723695   36.4977878
  27.4712752   36.4986813
  27.4701636   36.499561
  27.4690351   36.5004265
  27.4678899   36.5012778
  27.4667283   36.5021146
  27.4655506   36.5029366
  27.464357    36.5037438
  27.4642318   36.5038271
  27.4630061   36.5046299
  27.4617647   36.505417
  27.4605079   36.5061881
  27.4592361   36.5069432
  27.4579496   36.5076819
  27.4573389   36.508021
  27.4567668   36.5089292
  27.4560341   36.5100484
  27.4552794   36.5111581
  27.4545031   36.5122581
  27.4537054   36.5133481
  27.4528863   36.5144279
  27.4520462   36.5154971
  27.4511852   36.5165555
  27.4503036   36.5176029
  27.4494015   36.518639
  27.4484793   36.5196635
  27.447537    36.5206762
  27.446575    36.5216768
  27.4462987   36.521955
  27.4460056   36.5223483
  27.4451752   36.5234234
  27.4443237   36.5244878
  27.4434515   36.5255413
  27.4425587   36.5265837
  27.4416456   36.5276145
  27.4407123   36.5286336
  27.4397592   36.5296408
  27.4387864   36.5306357
  27.4377942   36.5316182
  27.4367828   36.532588
  27.4357525   36.5335448
  27.4347036   36.5344884
  27.4336363   36.5354186
  27.4325508   36.5363352
  27.4314475   36.5372378
  27.4303266   36.5381264
  27.4291884   36.5390006
  27.4280331   36.5398603
  27.4268612   36.5407053
  27.4256727   36.5415352
  27.4244682   36.54235
  27.4232478   36.5431494
  27.4220118   36.5439333
  27.4211599   36.5444648
  27.4199408   36.5452135
  27.419748    36.5453282
  27.4191195   36.5457232
  27.4178658   36.5464859
  27.4165974   36.5472326
  27.4153144   36.5479631
  27.4140173   36.5486773
  27.4127064   36.549375
  27.4113819   36.550056
  27.4100442   36.5507202
  27.4086937   36.5513673
  27.4073306   36.5519973
  27.4059554   36.5526099
  27.4045683   36.5532051
  27.4031698   36.5537826
  27.40176     36.5543424
  27.4003395   36.5548842
  27.3989085   36.555408
  27.3974674   36.5559136
  27.3960166   36.5564009
  27.3945565   36.5568698
  27.3930873   36.5573201
  27.3916094   36.5577518
  27.3901233   36.5581648
  27.3886292   36.5585589
  27.3871276   36.558934
  27.3856189   36.5592901
  27.3854519   36.5593272
  27.3842452   36.5596667
  27.3827515   36.5600658
  27.3812501   36.560446
  27.3797414   36.560807
  27.3782258   36.561149
  27.3767036   36.5614717
  27.3751754   36.561775
  27.3736413   36.562059
  27.3721019   36.5623235
  27.3705575   36.5625684
  27.3690084   36.5627938
  27.3680731   36.5629238
  27.3665426   36.5631266
  27.3650083   36.5633104
  27.3634707   36.5634749
  27.36193     36.5636203
  27.3603867   36.5637464
  27.3588412   36.5638532
  27.3572938   36.5639407
  27.3557449   36.5640089
  27.3541948   36.5640577
  27.352644    36.5640872
  27.3522843   36.5640918
  27.3507049   36.5641019
  27.3491254   36.564092
  27.3475464   36.564062
  27.3459681   36.5640119
  27.344391    36.5639418
  27.3428155   36.5638517
  27.341242    36.5637415
  27.3396709   36.5636113
  27.3381025   36.5634612
  27.3365372   36.5632912
  27.3349755   36.5631013
  27.3334178   36.5628916
  27.3318643   36.5626621
  27.3303156   36.5624129
  27.328772    36.5621441
  27.3272339   36.5618557
  27.3257016   36.5615477
  27.3241756   36.5612203
  27.3241378   36.5612117
  27.3234498   36.561354
  27.3219353   36.5616471
  27.3204153   36.5619213
  27.3188902   36.5621763
  27.3173603   36.5624122
  27.3158259   36.5626289
  27.3157572   36.5626377
  27.3145721   36.5628786
  27.3130345   36.5631703
  27.3114914   36.5634425
  27.3111627   36.5634961
  27.3112969   36.5639451
  27.3116484   36.5652103
  27.3119744   36.5664799
  27.3122748   36.5677536
  27.3125495   36.569031
  27.3127474   36.5699977
  27.3129724   36.5711491
  27.3131766   36.5723031
  27.3133598   36.5734592
  27.3135221   36.5746174
  27.3136634   36.5757773
  27.3138685   36.5775973
  27.3139984   36.5788612
  27.3141034   36.5801266
  27.3141834   36.5813931
  27.3142385   36.5826605
  27.3142686   36.5839284
  27.3142737   36.5851965
  27.3142538   36.5864645
  27.314209    36.5877321
  27.3141392   36.5889989
  27.3140444   36.5902647
  27.3139247   36.591529
  27.3137801   36.5927917
  27.3136106   36.5940523
  27.3134163   36.5953107
  27.3131973   36.5965663
  27.3129535   36.597819
  27.3126851   36.5990685
  27.3123921   36.6003143
  27.3120746   36.6015563
  27.3117326   36.602794
  27.3113663   36.6040273
  27.3110503   36.605055
  27.3106664   36.6062631
  27.3102592   36.6074661
  27.3098287   36.608664
  27.309375    36.6098562
  27.3088982   36.6110427
  27.3083986   36.612223
  27.3078761   36.613397
  27.3073309   36.6145642
  27.3067632   36.6157245
  27.306173    36.6168776
  27.3055606   36.6180231
  27.3050411   36.6189545
  27.3032483   36.6207205
  27.2975929   36.6262913
  27.2912566   36.6325961
  27.2899847   36.6338728
  27.2883828   36.6360502
  27.2854056   36.6401897
  27.2744531   36.6553532
  27.2736392   36.6567233
  27.273392    36.6626374
  27.2726851   36.6819192
  27.2724518   36.6900057
  27.2719995   36.6923295
  27.2704093   36.7007574
  27.2679523   36.7139915
  27.2653838   36.7253616
  27.2646328   36.7263064
  27.2637663   36.7273595
  27.2628792   36.7284016
  27.2619717   36.7294323
  27.2610441   36.7304514
  27.2600965   36.7314586
  27.2591292   36.7324537
  27.2581424   36.7334364
  27.2571365   36.7344066
  27.2561116   36.7353639
  27.2550679   36.7363081
  27.2540059   36.737239
  27.2529256   36.7381564
  27.2518274   36.7390599
  27.2507116   36.7399495
  27.2495785   36.7408249
  27.2484282   36.7416858
  27.2472611   36.7425321
  27.2460776   36.7433635
  27.2448778   36.7441798
  27.2448197   36.7442182
  27.2458168   36.7445232
  27.2472629   36.7449864
  27.2486998   36.7454676
  27.2501272   36.7459667
  27.2515447   36.7464836
  27.2520268   36.7466667
  27.252712    36.7468012
  27.2542154   36.7471162
  27.2557126   36.7474499
  27.2572031   36.7478023
  27.2586866   36.7481732
  27.2601627   36.7485626
  27.261631    36.7489703
  27.2630913   36.7493964
  27.264543    36.7498405
  27.265986    36.7503027
  27.2667978   36.7505746
  27.2679358   36.7506074
  27.2695064   36.7506726
  27.2710756   36.7507576
  27.2726429   36.7508624
  27.2742079   36.750987
  27.2761302   36.7511522
  27.2776921   36.7512965
  27.2789599   36.7514298
  27.293506    36.7590266
  27.2948208   36.7597265
  27.2972584   36.7610153
  27.3095624   36.7666648
  27.3109717   36.7673105
  27.3158226   36.7694774
  27.316431    36.7697452
  27.3263713   36.7727936
  27.3270155   36.7732334
  27.333702    36.7776802
  27.334514    36.7782037
  27.3376093   36.7801782
  27.3405244   36.7817399
  27.3471737   36.7851377
  27.3496445   36.7863768
  27.3548764   36.7889802
  27.3609499   36.7919841
  27.3706829   36.7962376
  27.3721445   36.7968643
  27.3740425   36.7976933
  27.3831058   36.8011188
  27.3909099   36.8032711
  27.421037    36.8273145
  27.4326871   36.8365467
  27.4556578   36.8546292
  27.455685    36.8550019
  27.4557521   36.8562587
  27.4557944   36.8575162
  27.455812    36.8587741
  27.4558047   36.860032
  27.4557728   36.8612896
  27.4557161   36.8625466
  27.4556346   36.8638028
  27.4555284   36.8650577
  27.4553975   36.8663112
  27.455242    36.8675628
  27.4550619   36.8688122
  27.4548572   36.8700593
  27.4546279   36.8713035
  27.4543742   36.8725448
  27.4540961   36.8737826
  27.4537936   36.8750168
  27.4534669   36.8762469
  27.453116    36.8774728
  27.452741    36.8786941
  27.4523421   36.8799105
  27.4520361   36.8807869
  27.4517143   36.8810411
  27.4516059   36.8811334
  27.4346071   36.8965157
  27.4343479   36.8967074
  27.432164    36.8984418
  27.4299472   36.9002683
  27.4285183   36.9014536
  27.4214146   36.9072259
  27.4155244   36.9120443
  27.4146646   36.9128508
  27.4138676   36.9134634
  27.3990198   36.9249709
  27.3908887   36.9317776
  27.3904785   36.9321371
  27.3707233   36.9380362
  27.3594277   36.9341614
  27.3358944   36.9256131
  27.3209811   36.9202999
  27.3201783   36.9206245
  27.3105075   36.9245896
  27.3061465   36.9265345
  27.2955687   36.9310931
  27.2930333   36.9322144
  27.2924084   36.9324968
  27.2910137   36.9331391
  27.2890432   36.9340627
  27.2840771   36.9364296
  27.2791836   36.9369542
  27.2700831   36.9379809
  27.2695296   36.9379355
  27.2680911   36.9378263
  27.2644411   36.9375749
  27.2636573   36.9375261
  27.2569518   36.9373477
  27.2486004   36.9361956
  27.2367145   36.9359348
  27.2357027   36.9359643
  27.2350424   36.9360078
  27.2333748   36.9361711
  27.229726    36.9365537
  27.2274442   36.9368104
  27.226299    36.9369536
  27.2221897   36.9422305
  27.2210769   36.9428674
  27.2185515   36.9460944
  27.2144254   36.9514899
  27.2038291   36.9640844
  27.2022235   36.9647747
  27.1951724   36.9678962
  27.1865706   36.9713319
  27.1790213   36.9744425
  27.1771562   36.9757311
  27.1750457   36.9772445
  27.1715294   36.9796791
  27.1682649   36.982014
  27.1677685   36.9821684
  27.1582878   36.9852056
  27.1562917   36.9858562
  27.1547457   36.9864055
  27.153921    36.9867395
  27.1434541   36.9908982
  27.1421284   36.9916916
  27.1413728   36.9922191
  27.1409982   36.9924832
  27.1237576   37.0042435
  27.118267    37.0083687
  27.1406054   37.0288887
  27.1419994   37.0301895
  27.1654677   37.0500724
  27.1634678   37.0565661
  27.1556148   37.0715548
  27.1549886   37.0732297
  27.1542801   37.0751501
  27.1525694   37.0793683
  27.15122     37.0827618
  27.1401229   37.1106634
  27.1398595   37.1114799
  27.138888    37.1140898
  27.1362493   37.1212525
  27.1351794   37.1241835
  27.1345022   37.1345308
  27.1338891   37.1415526
  27.1338288   37.142244
  27.1337691   37.1432508
  27.1328511   37.1439298
  27.1316769   37.144771
  27.1304861   37.1455973
  27.1292791   37.1464085
  27.1280561   37.1472043
  27.1268175   37.1479847
  27.1255636   37.1487493
  27.1242946   37.149498
  27.123011    37.1502306
  27.121713    37.1509469
  27.1204009   37.1516467
  27.1190751   37.15233
  27.1177359   37.1529964
  27.1163837   37.1536459
  27.1150188   37.1542782
  27.1136414   37.1548932
  27.1122521   37.1554908
  27.110851    37.1560708
  27.1094386   37.1566331
  27.1080153   37.1571775
  27.1065813   37.1577038
  27.105137    37.158212
  27.1036828   37.158702
  27.1022191   37.1591736
  27.1007463   37.1596266
  27.0992646   37.160061
  27.0977745   37.1604767
  27.0962763   37.1608736
  27.0947704   37.1612515
  27.0932572   37.1616104
  27.0917371   37.1619502
  27.0902104   37.1622708
  27.0886776   37.1625721
  27.087139    37.162854
  27.0855949   37.1631165
  27.0840459   37.1633595
  27.0824922   37.1635829
  27.0809343   37.1637868
  27.0793725   37.163971
  27.0778073   37.1641354
  27.076239    37.1642802
  27.074668    37.1644051
  27.0730948   37.1645102
  27.0715196   37.1645955
  27.069943    37.1646609
  27.0683653   37.1647065
  27.0667868   37.1647321
  27.0652081   37.1647379
  27.0636294   37.1647237
  27.0620512   37.1646897
  27.0604739   37.1646358
  27.0588978   37.164562
  27.0573234   37.1644683
  27.0557511   37.1643548
  27.0541812   37.1642215
  27.0526141   37.1640685
  27.0510503   37.1638957
  27.0494901   37.1637032
  27.0479339   37.1634911
  27.0463822   37.1632594
  27.0448352   37.1630081
  27.0448151   37.1630047
  27.0432305   37.1627262
  27.0416518   37.1624272
  27.0400794   37.1621078
  27.0385138   37.1617681
  27.0369552   37.1614081
  27.0354043   37.161028
  27.0338613   37.1606278
  27.0323266   37.1602077
  27.0308007   37.1597678
  27.029284    37.1593081
  27.0277769   37.1588289
  27.0262797   37.1583302
  27.0262064   37.1583052
  27.0247826   37.1578096
  27.0233686   37.1572964
  27.0219648   37.1567656
  27.0205716   37.1562176
  27.0191892   37.1556523
  27.0178181   37.1550699
  27.0164584   37.1544706
  27.0151107   37.1538545
  27.0137751   37.1532217
  27.0124521   37.1525724
  27.0111418   37.1519068
  27.0098448   37.1512251
  27.0085612   37.1505273
  27.0072914   37.1498136
  27.0060357   37.1490843
  27.0047944   37.1483395
  27.0035678   37.1475794
  27.0024672   37.1468752
  27.0021107   37.1476147
  27.0015254   37.1487742
  27.0009173   37.1499262
  27.0002866   37.1510704
  26.9996334   37.1522066
  26.9989579   37.1533345
  26.9982602   37.1544537
  26.9975406   37.1555641
  26.9967992   37.1566653
  26.9960361   37.157757
  26.9952517   37.1588391
  26.994446    37.1599112
  26.9936193   37.160973
  26.9927717   37.1620244
  26.9919035   37.163065
  26.991015    37.1640946
  26.9901385   37.1650933
  26.9892252   37.1661166
  26.9882917   37.1671283
  26.9873383   37.1681281
  26.9863652   37.1691158
  26.9853727   37.1700911
  26.984761    37.1706732
  26.9843928   37.171491
  26.9838383   37.1726639
  26.9832607   37.1738296
  26.9826602   37.174988
  26.9820368   37.1761386
  26.9813907   37.1772813
  26.9807222   37.1784157
  26.9800312   37.1795415
  26.9793181   37.1806586
  26.978583    37.1817665
  26.9778261   37.182865
  26.9770475   37.1839539
  26.9762475   37.1850328
  26.9754263   37.1861016
  26.974584    37.1871599
  26.9737209   37.1882074
  26.9728371   37.189244
  26.971933    37.1902694
  26.9716873   37.1905434
  26.9707724   37.1915472
  26.9698379   37.1925396
  26.968884    37.1935201
  26.9679111   37.1944887
  26.9669193   37.1954451
  26.965909    37.196389
  26.9648802   37.1973202
  26.9638334   37.1982385
  26.9627687   37.1991437
  26.9616864   37.2000355
  26.9605867   37.2009138
  26.95947     37.2017783
  26.9583365   37.2026288
  26.9571865   37.2034651
  26.9560202   37.204287
  26.954838    37.2050943
  26.9541395   37.2055564
  26.9537863   37.2066652
  26.9533832   37.2078531
  26.9529571   37.2090359
  26.952508    37.2102133
  26.9520361   37.211385
  26.9515415   37.2125507
  26.9510243   37.2137102
  26.9504847   37.2148631
  26.9499227   37.2160092
  26.9493385   37.2171482
  26.9487322   37.2182799
  26.948104    37.219404
  26.947454    37.2205201
  26.9467824   37.2216281
  26.9460893   37.2227277
  26.945375    37.2238186
  26.9446395   37.2249005
  26.9438831   37.2259733
  26.943106    37.2270365
  26.9423083   37.2280901
  26.9414901   37.2291336
  26.9406518   37.230167
  26.9402413   37.2306645
  26.9393679   37.2317051
  26.938474    37.2327346
  26.9375598   37.2337528
  26.9366256   37.2347594
  26.9356717   37.2357541
  26.9346981   37.2367367
  26.9337053   37.237707
  26.9326933   37.2386647
  26.9316626   37.2396096
  26.9306133   37.2405414
  26.9295457   37.24146
  26.9284601   37.242365
  26.9273567   37.2432564
  26.9262358   37.2441337
  26.9250976   37.2449969
  26.9239426   37.2458457
  26.9227709   37.2466799
  26.9215828   37.2474993
  26.9203787   37.2483037
  26.9193142   37.2490036
  26.9181132   37.2497808
  26.9168971   37.2505431
  26.9156664   37.2512902
  26.9144332   37.2520151
  26.9144552   37.2524113
  26.9144999   37.253666
  26.9145197   37.2549211
  26.9145146   37.2561762
  26.9144846   37.2574311
  26.9144297   37.2586855
  26.9143498   37.259939
  26.9142452   37.2611913
  26.9141156   37.2624421
  26.9139613   37.2636911
  26.9137822   37.264938
  26.9135783   37.2661825
  26.9133498   37.2674242
  26.9130967   37.2686629
  26.912819    37.2698982
  26.9125168   37.2711299
  26.9121902   37.2723575
  26.9121493   37.2725055
  26.9117862   37.2737699
  26.9113972   37.2750294
  26.9109824   37.2762837
  26.9105419   37.2775324
  26.9100758   37.2787752
  26.9095843   37.2800117
  26.9090675   37.2812417
  26.9085255   37.2824647
  26.9079585   37.2836806
  26.9073666   37.2848889
  26.90675     37.2860893
  26.9065271   37.2865133
  26.9061254   37.2872613
  26.9061742   37.2874171
  26.9065245   37.2886136
  26.9068516   37.2898143
  26.9071552   37.2910187
  26.9074354   37.2922268
  26.907692    37.2934381
  26.9079251   37.2946525
  26.9081345   37.2958695
  26.9083203   37.297089
  26.9084823   37.2983106
  26.9086205   37.299534
  26.908735    37.3007589
  26.9088256   37.3019851
  26.9088731   37.302859
  26.9091048   37.3040755
  26.9093164   37.3053188
  26.9095033   37.3065645
  26.9096655   37.3078124
  26.9098028   37.3090622
  26.9099153   37.3103135
  26.9100029   37.311566
  26.9100656   37.3128195
  26.9101034   37.3140736
  26.9101163   37.315328
  26.9101043   37.3165823
  26.9100673   37.3178364
  26.9100054   37.3190897
  26.9099187   37.3203422
  26.909807    37.3215934
  26.9096706   37.3228429
  26.9095093   37.3240906
  26.9093232   37.3253361
  26.9091124   37.3265791
  26.908877    37.3278193
  26.9086169   37.3290563
  26.9083323   37.3302899
  26.9080232   37.3315197
  26.9076897   37.3327455
  26.9073319   37.3339669
  26.9069499   37.3351837
  26.9065437   37.3363954
  26.9061135   37.3376019
  26.9056594   37.3388029
  26.9051815   37.3399979
  26.9046798   37.3411868
  26.9041547   37.3423692
  26.903606    37.3435449
  26.9030341   37.3447135
  26.9024391   37.3458747
  26.901821    37.3470283
  26.9011801   37.348174
  26.9005165   37.3493115
  26.9004687   37.3493917
  26.8997904   37.350508
  26.8990903   37.3516157
  26.8983685   37.3527146
  26.8976251   37.3538043
  26.8968605   37.3548847
  26.8960747   37.3559554
  26.895268    37.3570162
  26.8944405   37.3580669
  26.8935925   37.3591071
  26.8927241   37.3601367
  26.8918356   37.3611553
  26.8909272   37.3621628
  26.8899991   37.3631589
  26.8890516   37.3641433
  26.8880848   37.3651158
  26.887099    37.3660762
  26.8860944   37.3670242
  26.8859582   37.3671507
  26.8849272   37.3680932
  26.8838777   37.3690228
  26.8828098   37.369939
  26.881724    37.3708418
  26.8806204   37.3717309
  26.8794993   37.3726061
  26.878361    37.3734671
  26.8772058   37.3743137
  26.876034    37.3751458
  26.8748458   37.3759631
  26.8736416   37.3767655
  26.8732152   37.3770406
  26.8724634   37.3775871
  26.8712899   37.3784136
  26.8701003   37.3792254
  26.8688947   37.3800222
  26.8676735   37.3808038
  26.8664371   37.3815701
  26.8651856   37.3823208
  26.8645039   37.3827166
  26.8642673   37.3832526
  26.8637236   37.3844252
  26.8631568   37.3855907
  26.8625669   37.3867491
  26.8619541   37.3878998
  26.8613185   37.3890428
  26.8606604   37.3901776
  26.8599799   37.391304
  26.8592771   37.3924217
  26.8585522   37.3935305
  26.8578055   37.3946301
  26.857037    37.3957202
  26.856247    37.3968005
  26.8554357   37.3978708
  26.8546032   37.3989307
  26.8537986   37.3999202
  26.8534065   37.4008156
  26.852878    37.401965
  26.8523273   37.4031077
  26.8517544   37.4042435
  26.8511596   37.4053722
  26.8505429   37.4064934
  26.8499044   37.4076069
  26.8492445   37.4087125
  26.8485631   37.4098097
  26.8478605   37.4108985
  26.8471368   37.4119786
  26.8463922   37.4130496
  26.8456269   37.4141114
  26.8448411   37.4151636
  26.8440349   37.4162061
  26.8432086   37.4172385
  26.8423623   37.4182607
  26.8414963   37.4192724
  26.8406106   37.4202733
  26.8405929   37.4202931
  26.8405683   37.420327
  26.8397633   37.4213987
  26.838937    37.4224602
  26.8386098   37.4228733
  26.8377504   37.4239392
  26.8368697   37.4249941
  26.835968    37.4260376
  26.8350453   37.4270696
  26.834102    37.4280897
  26.8331383   37.4290978
  26.8321545   37.4300934
  26.8311508   37.4310765
  26.8301275   37.4320467
  26.8290847   37.4330038
  26.8280229   37.4339475
  26.8269422   37.4348776
  26.8266521   37.4351234
  26.825566    37.4360289
  26.8244621   37.4369207
  26.8237151   37.4375053
  26.8233446   37.4378209
  26.8222797   37.4387005
  26.8211978   37.4395669
  26.8195355   37.4408778
  26.8184633   37.4417107
  26.8177698   37.4422335
  26.8177328   37.4422761
  26.8168445   37.4432664
  26.8159371   37.4442457
  26.815011    37.4452138
  26.8140662   37.4461706
  26.81367     37.4465655
  26.8126121   37.447602
  26.8115324   37.4486242
  26.8104311   37.4496318
  26.8093087   37.4506246
  26.8081653   37.4516022
  26.8070014   37.4525643
  26.8068229   37.4527094
  26.8060252   37.4533476
  26.8053106   37.4540953
  26.8043331   37.4550852
  26.804015    37.4554021
  26.8030418   37.4563562
  26.8020502   37.4572983
  26.801424    37.4578748
  26.8012526   37.4580654
  26.8003271   37.459061
  26.7993822   37.460045
  26.798418    37.4610171
  26.7974348   37.4619772
  26.7964328   37.462925
  26.7954124   37.4638602
  26.7943736   37.4647826
  26.7933168   37.4656921
  26.7922423   37.4665883
  26.7911503   37.4674711
  26.790041    37.4683402
  26.7889147   37.4691955
  26.7885823   37.469444
  26.7874602   37.4702701
  26.7863223   37.4710825
  26.7851687   37.4718809
  26.7839999   37.4726652
  26.7828161   37.4734351
  26.7816175   37.4741905
  26.7804045   37.4749313
  26.7791774   37.4756572
  26.7779363   37.4763681
  26.7766817   37.4770638
  26.7754137   37.4777441
  26.7741328   37.478409
  26.7728391   37.4790581
  26.7715331   37.4796915
  26.770215    37.4803088
  26.7689224   37.4808932
  26.7689191   37.4808948
  26.7675507   37.4815235
  26.76617     37.482135
  26.7647771   37.4827291
  26.7633726   37.4833055
  26.7619568   37.4838642
  26.76053     37.4844051
  26.7590926   37.484928
  26.7576449   37.4854327
  26.7561873   37.4859191
  26.7547202   37.4863872
  26.753244    37.4868367
  26.7517589   37.4872677
  26.7502655   37.4876799
  26.7487639   37.4880733
  26.7472548   37.4884478
  26.7457383   37.4888033
  26.7442149   37.4891396
  26.7426851   37.4894568
  26.741149    37.4897547
  26.7396072   37.4900332
  26.7380601   37.4902924
  26.736508    37.490532
  26.7349512   37.4907521
  26.7333903   37.4909526
  26.7318256   37.4911335
  26.7302575   37.4912947
  26.7286863   37.4914362
  26.7271125   37.4915579
  26.7255365   37.4916598
  26.7239586   37.4917419
  26.7223793   37.4918041
  26.720799    37.4918465
  26.719218    37.491869
  26.7176368   37.4918716
  26.7160557   37.4918544
  26.7144751   37.4918173
  26.7128955   37.4917603
  26.7113172   37.4916835
  26.7097407   37.4915869
  26.7081663   37.4914704
  26.7065944   37.4913342
  26.7050254   37.4911783
  26.7034597   37.4910026
  26.7018977   37.4908073
  26.7003399   37.4905924
  26.6987865   37.4903579
  26.697238    37.4901039
  26.6968052   37.4900301
  26.6952695   37.4897581
  26.6937395   37.4894669
  26.6922154   37.4891567
  26.6906977   37.4888274
  26.6891867   37.4884791
  26.6876828   37.488112
  26.6861864   37.4877262
  26.6846979   37.4873216
  26.6832175   37.4868985
  26.6817458   37.486457
  26.680283    37.485997
  26.6788295   37.4855189
  26.6773858   37.4850226
  26.675952    37.4845083
  26.6745286   37.4839762
  26.673116    37.4834263
  26.6717145   37.4828587
  26.6703244   37.4822738
  26.6689462   37.4816715
  26.66758     37.481052
  26.6662264   37.4804156
  26.6648855   37.4797622
  26.6635578   37.4790922
  26.6622436   37.4784057
  26.6609431   37.4777027
  26.6596568   37.4769836
  26.6583849   37.4762485
  26.6581579   37.4761151
  26.656991    37.4754189
  26.655837    37.4747091
  26.6552849   37.4743644
  26.6540688   37.4735929
  26.6528681   37.4728064
  26.651683    37.4720052
  26.6505138   37.4711894
  26.6493607   37.4703591
  26.6482241   37.4695148
  26.6471043   37.4686564
  26.6460014   37.4677842
  26.6449158   37.4668985
  26.6438477   37.4659995
  26.6427975   37.4650874
  26.6417653   37.4641623
  26.6407514   37.4632246
  26.639756    37.4622744
  26.6387794   37.461312
  26.6378219   37.4603376
  26.6368836   37.4593514
  26.6359648   37.4583538
  26.6350657   37.4573449
  26.6341866   37.4563249
  26.6333276   37.4552942
  26.6324889   37.454253
  26.6316709   37.4532015
  26.6308735   37.45214
  26.6300972   37.4510687
  26.6293419   37.4499879
  26.628608    37.4488979
  26.6280466   37.448032
  26.6280284   37.4480098
  26.6277613   37.4476735
  26.6270221   37.4467989
  26.6263594   37.4459874
  26.6261624   37.4460762
  26.6248116   37.4466641
  26.6245174   37.4467897
  26.6231392   37.4473675
  26.6217498   37.4479282
  26.6203496   37.4484715
  26.6189388   37.4489974
  26.6175179   37.4495058
  26.6160872   37.4499964
  26.614647    37.4504693
  26.6131976   37.4509243
  26.6117395   37.4513612
  26.6115357   37.4514195
  26.6111923   37.451559
  26.61053     37.4518178
  26.3650381   37.4611587
END
7
  26.4139561   35.9005108
  26.4135527   35.9015573
  26.4131016   35.9027967
  26.4126749   35.9040419
  26.4122729   35.9052923
  26.4118956   35.9065478
  26.4115432   35.907808
  26.4112156   35.9090726
  26.410913    35.9103413
  26.4106355   35.9116137
  26.4103832   35.9128895
  26.410156    35.9141683
  26.4099542   35.9154499
  26.4098855   35.9159492
  26.4096817   35.9159922
  26.4081785   35.9163296
  26.4066819   35.916686
  26.4051924   35.9170612
  26.4037103   35.9174553
  26.4022361   35.917868
  26.4007699   35.9182994
  26.3993123   35.9187493
  26.3978635   35.9192176
  26.3964239   35.9197041
  26.3949939   35.9202088
  26.3935738   35.9207315
  26.392164    35.9212721
  26.3907648   35.9218305
  26.3893765   35.9224066
  26.3879995   35.9230001
  26.3866341   35.923611
  26.3852807   35.924239
  26.3839396   35.9248842
  26.3826111   35.9255462
  26.3812955   35.9262249
  26.3799932   35.9269202
  26.3787044   35.9276318
  26.3774295   35.9283597
  26.3761689   35.9291037
  26.3749227   35.9298634
  26.3736914   35.9306389
  26.3724752   35.9314298
  26.3712744   35.932236
  26.3700893   35.9330573
  26.3689202   35.9338935
  26.3677674   35.9347444
  26.3666311   35.9356097
  26.3655117   35.9364893
  26.3644094   35.9373829
  26.3633244   35.9382904
  26.3622572   35.9392115
  26.3612078   35.9401459
  26.3611599   35.9401893
  26.3601365   35.9411296
  26.3591313   35.9420826
  26.3581444   35.9430481
  26.3571762   35.9440258
  26.3562268   35.9450156
  26.3552964   35.9460172
  26.3543854   35.9470303
  26.3534939   35.9480548
  26.3526221   35.9490903
  26.3517702   35.9501365
  26.3509385   35.9511934
  26.3501271   35.9522605
  26.3493363   35.9533377
  26.3485662   35.9544247
  26.347817    35.9555212
  26.3470889   35.9566269
  26.3463821   35.9577416
  26.3456967   35.9588651
  26.345033    35.959997
  26.344391    35.9611371
  26.3437709   35.9622851
  26.3431728   35.9634407
  26.342597    35.9646037
  26.3420436   35.9657737
  26.3415126   35.9669505
  26.3410042   35.9681339
  26.3405186   35.9693234
  26.3400558   35.9705189
  26.339616    35.97172
  26.3391992   35.9729265
  26.3388056   35.9741381
  26.3384353   35.9753544
  26.3380883   35.9765752
  26.3377648   35.9778002
  26.3374648   35.9790291
  26.3371883   35.9802616
  26.3369355   35.9814974
  26.3367064   35.9827362
  26.3365011   35.9839777
  26.3364839   35.9840882
  26.3362986   35.9853599
  26.3361483   35.9865545
  26.3359875   35.9873373
  26.3357568   35.9885803
  26.33555     35.9898261
  26.3353925   35.9909016
  26.3345604   35.9916304
  26.3335045   35.9925851
  26.3324675   35.9935532
  26.3314496   35.9945345
  26.3304511   35.9955287
  26.3294722   35.9965356
  26.3285131   35.9975549
  26.3275742   35.9985864
  26.3266556   35.9996298
  26.3257576   36.0006848
  26.3248803   36.0017512
  26.3240241   36.0028287
  26.3239023   36.0029847
  26.3230989   36.0040312
  26.3223153   36.0050875
  26.3215517   36.0061534
  26.3208082   36.0072285
  26.3200852   36.0083127
  26.3193827   36.0094056
  26.3193519   36.0094545
  26.3185871   36.0106928
  26.3178487   36.0119415
  26.3171369   36.0132003
  26.3164519   36.0144687
  26.3157938   36.0157464
  26.315776    36.0157819
  26.3151592   36.0170391
  26.3145686   36.0183044
  26.3140042   36.0195776
  26.3134663   36.0208582
  26.3129549   36.0221459
  26.312512    36.023329
  26.3124546   36.0234282
  26.3118242   36.0245632
  26.3112156   36.025706
  26.3106287   36.0268562
  26.3100639   36.0280136
  26.3100573   36.0280277
  26.3094114   36.0288162
  26.3085732   36.029875
  26.3077554   36.0309442
  26.3069583   36.0320235
  26.306182    36.0331128
  26.3054269   36.0342116
  26.304693    36.0353199
  26.3039805   36.0364372
  26.3032897   36.0375634
  26.3026206   36.0386981
  26.3019734   36.039841
  26.3013484   36.040992
  26.3013317   36.0410234
  26.30072     36.0421995
  26.3001314   36.0433832
  26.299566    36.0445743
  26.299024    36.0457724
  26.2985054   36.0469773
  26.2980105   36.0481886
  26.2975393   36.0494062
  26.297092    36.0506295
  26.2966687   36.0518584
  26.2962694   36.0530925
  26.2958943   36.0543316
  26.2955435   36.0555753
  26.2954315   36.0560036
  26.2953443   36.0562162
  26.2948697   36.0574375
  26.2944192   36.0586646
  26.2939928   36.0598974
  26.2935907   36.0611355
  26.2932129   36.0623785
  26.2928595   36.0636263
  26.2925307   36.0648783
  26.2922264   36.0661345
  26.2919469   36.0673943
  26.2916921   36.0686575
  26.2914622   36.0699239
  26.2912571   36.071193
  26.291077    36.0724645
  26.2909218   36.0737382
  26.2907916   36.0750137
  26.2906865   36.0762907
  26.2906065   36.0775688
  26.2905862   36.0779534
  26.290528    36.0793341
  26.290499    36.0807154
  26.2904975   36.08086
  26.2904965   36.0821087
  26.2905194   36.0833572
  26.2905663   36.0846053
  26.290637    36.0858526
  26.2907316   36.0870988
  26.2908501   36.0883437
  26.2909923   36.089587
  26.2911584   36.0908283
  26.2913483   36.0920674
  26.2915618   36.0933039
  26.291799    36.0945376
  26.2920599   36.0957681
  26.2923442   36.0969952
  26.2924788   36.0975522
  26.2928274   36.0989307
  26.2932057   36.100304
  26.2936136   36.1016718
  26.2936249   36.1017083
  26.2940252   36.1029582
  26.2944501   36.1042028
  26.2948997   36.1054417
  26.2953737   36.1066746
  26.2958722   36.1079012
  26.2963948   36.1091212
  26.2969416   36.1103343
  26.2975123   36.1115401
  26.2981069   36.1127383
  26.2987251   36.1139287
  26.2993669   36.1151109
  26.3000319   36.1162847
  26.3007202   36.1174497
  26.3014314   36.1186056
  26.3021655   36.1197522
  26.3029222   36.1208891
  26.3037013   36.122016
  26.3045027   36.1231328
  26.305326    36.124239
  26.3061712   36.1253344
  26.3062256   36.1254036
  26.3067757   36.1260961
  26.3067985   36.1261245
  26.3076794   36.1272021
  26.3085815   36.1282682
  26.3095047   36.1293225
  26.3104486   36.1303646
  26.3114131   36.1313944
  26.3123979   36.1324116
  26.3134028   36.1334159
  26.3144274   36.1344071
  26.3154716   36.1353849
  26.316535    36.136349
  26.3176174   36.1372993
  26.3187185   36.1382354
  26.319838    36.1391571
  26.3209757   36.1400643
  26.3221312   36.1409566
  26.3233042   36.1418338
  26.3244945   36.1426957
  26.3257017   36.1435421
  26.3269256   36.1443728
  26.3281658   36.1451875
  26.329422    36.1459861
  26.3302339   36.1464938
  26.3314262   36.1472279
  26.332632    36.1479474
  26.3338511   36.1486521
  26.3350831   36.1493421
  26.3363278   36.150017
  26.337585    36.1506767
  26.3388542   36.1513211
  26.3401354   36.15195
  26.3402358   36.1519984
  26.341641    36.1526641
  26.3430595   36.1533112
  26.3444909   36.1539396
  26.3459348   36.1545489
  26.3473908   36.1551392
  26.3488586   36.1557101
  26.3503377   36.1562617
  26.3518277   36.1567937
  26.3533283   36.157306
  26.3548391   36.1577984
  26.3563596   36.1582709
  26.3567748   36.1583967
  26.3580629   36.1587791
  26.3593574   36.1591472
  26.360658    36.1595008
  26.3619646   36.15984
  26.3632439   36.1601643
  26.3648147   36.160551
  26.3663932   36.1609168
  26.3679789   36.1612616
  26.3695715   36.1615853
  26.3711704   36.1618878
  26.3727753   36.1621691
  26.3743857   36.1624289
  26.3760011   36.1626674
  26.3776212   36.1628843
  26.3792455   36.1630797
  26.3793071   36.1630867
  26.380874    36.1632544
  26.382444    36.163402
  26.3840166   36.1635296
  26.3855916   36.163637
  26.3871684   36.1637242
  26.3887468   36.1637913
  26.3903263   36.1638382
  26.3919065   36.163865
  26.393487    36.1638715
  26.3950675   36.1638578
  26.3966475   36.1638239
  26.3982266   36.1637698
  26.3998045   36.1636955
  26.4013808   36.1636011
  26.4029549   36.1634866
  26.4045267   36.1633519
  26.4060956   36.1631971
  26.4076612   36.1630224
  26.4092233   36.1628276
  26.4107813   36.1626129
  26.4123349   36.1623783
  26.4138837   36.1621238
  26.4154274   36.1618496
  26.4169654   36.1615557
  26.4184975   36.1612422
  26.4200233   36.1609091
  26.4215424   36.1605565
  26.4230543   36.1601846
  26.4245588   36.1597934
  26.4260554   36.159383
  26.4275437   36.1589536
  26.4290235   36.1585051
  26.4304942   36.1580378
  26.4319557   36.1575517
  26.4334074   36.1570471
  26.434849    36.1565239
  26.4362802   36.1559823
  26.4377006   36.1554226
  26.4391098   36.1548447
  26.4391368   36.1548334
  26.4405275   36.1542406
  26.4419064   36.1536303
  26.4432732   36.1530024
  26.4446277   36.1523573
  26.4454602   36.1519463
  26.4464721   36.1515429
  26.4478683   36.1509639
  26.4492531   36.1503674
  26.4506262   36.1497533
  26.4519871   36.1491218
  26.4533355   36.1484731
  26.4546711   36.1478074
  26.4559528   36.1471459
  26.4570818   36.1466069
  26.4584053   36.1459524
  26.459716    36.1452814
  26.4610136   36.144594
  26.4622979   36.1438904
  26.4635684   36.1431708
  26.4648249   36.1424353
  26.4660671   36.1416841
  26.4672947   36.1409173
  26.4685074   36.1401353
  26.4697049   36.1393381
  26.4708869   36.138526
  26.4720532   36.1376991
  26.4732033   36.1368576
  26.4743372   36.1360018
  26.4754544   36.1351319
  26.4765547   36.134248
  26.4776379   36.1333505
  26.4787037   36.1324394
  26.4797518   36.131515
  26.480782    36.1305776
  26.4817941   36.1296273
  26.4827877   36.1286645
  26.4837627   36.1276892
  26.4847187   36.1267018
  26.4856557   36.1257026
  26.4865733   36.1246916
  26.4865957   36.1246666
  26.4875031   36.1236334
  26.4883902   36.1225888
  26.489257    36.1215332
  26.4901031   36.1204666
  26.4909283   36.1193894
  26.4917325   36.1183018
  26.4925155   36.1172042
  26.493277    36.1160967
  26.4940169   36.1149797
  26.494735    36.1138535
  26.495431    36.1127182
  26.496105    36.1115742
  26.4967565   36.1104218
  26.4973856   36.1092613
  26.4979921   36.1080929
  26.4985757   36.1069169
  26.4991365   36.1057337
  26.4996741   36.1045434
  26.5001885   36.1033465
  26.5006796   36.1021432
  26.5011473   36.1009337
  26.5015913   36.0997185
  26.5020117   36.0984977
  26.5024083   36.0972718
  26.502781    36.0960409
  26.5031297   36.0948055
  26.5034544   36.0935657
  26.5037549   36.092322
  26.5040312   36.0910746
  26.5042832   36.0898238
  26.5045109   36.0885699
  26.5047142   36.0873133
  26.5048648   36.0862526
  26.5048671   36.0862461
  26.5052679   36.0850147
  26.5056445   36.0837784
  26.505997    36.0825373
  26.5063252   36.081292
  26.5066291   36.0800425
  26.5069085   36.0787894
  26.5071634   36.0775328
  26.5073937   36.0762731
  26.5075994   36.0750106
  26.5077804   36.0737456
  26.5079367   36.0724784
  26.5080682   36.0712094
  26.508175    36.0699388
  26.5082569   36.068667
  26.5083139   36.0673943
  26.5083461   36.066121
  26.5083535   36.0648475
  26.5083487   36.0645003
  26.5085656   36.0634797
  26.5085708   36.0634615
  26.5089067   36.0622177
  26.5092183   36.0609697
  26.5095055   36.0597179
  26.5097682   36.0584625
  26.5100064   36.0572039
  26.5100762   36.0568146
  26.5102806   36.0556109
  26.5103064   36.0554399
  26.5106018   36.055173
  26.5116238   36.0542197
  26.5126273   36.0532536
  26.513612    36.052275
  26.5145776   36.051284
  26.515524    36.0502809
  26.5164509   36.049266
  26.517358    36.0482395
  26.5182451   36.0472016
  26.5191121   36.0461526
  26.5199587   36.0450928
  26.5207847   36.0440224
  26.52159     36.0429416
  26.5223742   36.0418508
  26.5231372   36.0407502
  26.5238789   36.0396401
  26.524599    36.0385207
  26.5248985   36.0380462
  26.5255963   36.0369188
  26.5262722   36.0357828
  26.5269261   36.0346384
  26.5275578   36.0334858
  26.5281672   36.0323253
  26.5287541   36.0311573
  26.5293183   36.029982
  26.5298598   36.0287997
  26.5303784   36.0276107
  26.530874    36.0264153
  26.5313464   36.0252137
  26.5317956   36.0240063
  26.5322214   36.0227934
  26.5326237   36.0215752
  26.5330024   36.0203521
  26.5333575   36.0191243
  26.5336889   36.0178921
  26.5339964   36.0166559
  26.5342799   36.0154159
  26.5345396   36.0141725
  26.5347751   36.0129259
  26.5349866   36.0116765
  26.535174    36.0104246
  26.5353371   36.0091704
  26.535476    36.0079143
  26.5355906   36.0066566
  26.535681    36.0053975
  26.535747    36.0041375
  26.5357601   36.0037402
  26.536378    36.0036071
  26.5378938   36.0032599
  26.5394027   36.0028934
  26.5409043   36.0025077
  26.5423981   36.0021028
  26.5438838   36.0016789
  26.5453611   36.0012361
  26.5468296   36.0007745
  26.5482889   36.0002942
  26.5497386   35.9997953
  26.5511784   35.9992779
  26.5526079   35.9987423
  26.5540269   35.9981884
  26.5554348   35.9976165
  26.5568314   35.9970267
  26.5582163   35.9964191
  26.5584112   35.996332
  26.5597848   35.9957065
  26.561146    35.9950635
  26.5624945   35.9944032
  26.56383     35.9937257
  26.565152    35.9930313
  26.5664603   35.9923201
  26.5677546   35.9915922
  26.5690346   35.9908479
  26.5702998   35.9900873
  26.57155     35.9893106
  26.572785    35.988518
  26.5740043   35.9877098
  26.5752077   35.986886
  26.5763948   35.986047
  26.5775654   35.9851929
  26.5787193   35.984324
  26.579856    35.9834404
  26.5809753   35.9825424
  26.582077    35.9816302
  26.5831607   35.980704
  26.5842263   35.9797641
  26.5852733   35.9788106
  26.5863016   35.9778439
  26.587311    35.9768642
  26.5883011   35.9758716
  26.5892717   35.9748666
  26.5902225   35.9738492
  26.5911534   35.9728198
  26.5920641   35.9717786
  26.5929544   35.9707259
  26.593824    35.969662
  26.5946728   35.968587
  26.5955004   35.9675013
  26.5963068   35.9664052
  26.5970917   35.9652989
  26.597855    35.9641826
  26.5985963   35.9630568
  26.5993156   35.9619215
  26.6000127   35.9607773
  26.6006873   35.9596242
  26.6013394   35.9584626
  26.6019687   35.9572929
  26.6025752   35.9561152
  26.6031585   35.9549299
  26.6037187   35.9537372
  26.6042556   35.9525376
  26.604769    35.9513312
  26.6052588   35.9501183
  26.6057248   35.9488994
  26.6061671   35.9476746
  26.606468    35.9467897
  26.6065862   35.946451
  26.6069872   35.9452302
  26.6073645   35.9440044
  26.6077181   35.942774
  26.6080479   35.9415392
  26.6083539   35.9403004
  26.6086358   35.9390579
  26.6088938   35.9378119
  26.6091277   35.9365628
  26.6093374   35.9353109
  26.6095229   35.9340564
  26.6096842   35.9327997
  26.6098212   35.9315411
  26.6099339   35.930281
  26.6100223   35.9290195
  26.6100863   35.927757
  26.6101259   35.9264939
  26.6101411   35.9252304
  26.6101319   35.9239668
  26.6100984   35.9227035
  26.6100404   35.9214408
  26.6099581   35.9201789
  26.6098515   35.9189182
  26.6097205   35.9176589
  26.6095653   35.9164015
  26.6093858   35.9151462
  26.609182    35.9138933
  26.6089542   35.912643
  26.6087022   35.9113958
  26.6084262   35.910152
  26.6081262   35.9089117
  26.607863    35.9078669
  26.6075378   35.9066259
  26.6071887   35.9053892
  26.6068156   35.9041571
  26.6064187   35.9029298
  26.6059981   35.9017077
  26.6055539   35.9004911
  26.6050861   35.8992803
  26.604595    35.8980755
  26.6040806   35.8968771
  26.603543    35.8956854
  26.6029824   35.8945006
  26.602399    35.8933231
  26.6017928   35.8921532
  26.601164    35.890991
  26.6005128   35.889837
  26.5998394   35.8886914
  26.5991438   35.8875545
  26.5984263   35.8864265
  26.597687    35.8853078
  26.5969262   35.8841986
  26.5961439   35.8830992
  26.5953405   35.8820099
  26.5945161   35.8809309
  26.5936709   35.8798625
  26.5928051   35.8788049
  26.5919189   35.8777585
  26.5910126   35.8767235
  26.5900863   35.8757001
  26.5891404   35.8746886
  26.5881749   35.8736892
  26.5871903   35.8727022
  26.5861866   35.8717278
  26.5851642   35.8707663
  26.5841233   35.869818
  26.5830642   35.8688829
  26.5819871   35.8679614
  26.5808923   35.8670538
  26.5797801   35.8661601
  26.5786507   35.8652807
  26.5775044   35.8644157
  26.5763415   35.8635654
  26.5751623   35.86273
  26.573967    35.8619097
  26.572756    35.8611047
  26.5715296   35.8603152
  26.5702881   35.8595413
  26.5690317   35.8587834
  26.5677608   35.8580415
  26.5664757   35.8573158
  26.5651767   35.8566066
  26.5638871   35.8559261
  26.5643387   35.855005
  26.5648946   35.8538173
  26.5654275   35.8526225
  26.5659372   35.8514212
  26.5664235   35.8502135
  26.5668864   35.8489997
  26.5673257   35.8477801
  26.5677413   35.8465551
  26.5681331   35.845325
  26.5685011   35.84409
  26.5688451   35.8428504
  26.569165    35.8416066
  26.5694608   35.8403589
  26.5697325   35.8391075
  26.5699798   35.8378528
  26.5702028   35.8365951
  26.5704014   35.8353347
  26.5705756   35.8340719
  26.5707253   35.832807
  26.5708505   35.8315403
  26.5709511   35.8302722
  26.5710272   35.8290029
  26.5710787   35.8277329
  26.5711056   35.8264622
  26.5711078   35.8251914
  26.5710855   35.8239207
  26.5710386   35.8226504
  26.570967    35.8213809
  26.5708709   35.8201123
  26.5707503   35.8188452
  26.5706051   35.8175797
  26.5704354   35.8163162
  26.5702413   35.815055
  26.5701733   35.8146398
  26.5699458   35.8133324
  26.5696921   35.8120283
  26.5694121   35.8107276
  26.5691061   35.8094308
  26.568774    35.8081382
  26.5684159   35.8068501
  26.568032    35.8055669
  26.5676224   35.8042889
  26.567187    35.8030166
  26.5667262   35.8017501
  26.56624     35.8004898
  26.5657284   35.7992362
  26.5651918   35.7979894
  26.5651374   35.7978663
  26.564621    35.7967246
  26.5645904   35.7966585
  26.56401     35.7954345
  26.5634053   35.7942183
  26.5627763   35.7930102
  26.5621233   35.7918105
  26.5614465   35.7906195
  26.5607459   35.7894375
  26.5600218   35.7882649
  26.5592744   35.787102
  26.5585039   35.785949
  26.5577105   35.7848062
  26.5568943   35.783674
  26.5560557   35.7825527
  26.5551948   35.7814425
  26.5543118   35.7803437
  26.5541532   35.7801498
  26.553267    35.7790848
  26.5523601   35.7780312
  26.5514327   35.7769895
  26.5504851   35.7759598
  26.5495174   35.7749425
  26.5485299   35.7739377
  26.547523    35.7729457
  26.5464967   35.7719668
  26.5454515   35.7710013
  26.5453184   35.7708822
  26.5445883   35.7701826
  26.5435514   35.7692203
  26.542496    35.7682714
  26.5414222   35.7673361
  26.5403304   35.7664146
  26.5392208   35.7655073
  26.5380936   35.7646142
  26.5369493   35.7637357
  26.5367441   35.763583
  26.5362579   35.7631958
  26.5351226   35.7623193
  26.5339705   35.7614574
  26.5328019   35.7606103
  26.531617    35.7597781
  26.5304161   35.7589611
  26.5291996   35.7581595
  26.5279678   35.7573736
  26.5267209   35.7566033
  26.5254592   35.7558491
  26.5241831   35.755111
  26.5228929   35.7543893
  26.5215889   35.7536841
  26.5202714   35.7529955
  26.5189408   35.7523239
  26.5175973   35.7516692
  26.5162413   35.7510318
  26.5148732   35.7504117
  26.5134932   35.7498091
  26.5121018   35.7492242
  26.5106992   35.748657
  26.5092858   35.7481078
  26.507862    35.7475767
  26.5064281   35.7470637
  26.5049844   35.7465691
  26.5035313   35.746093
  26.5020692   35.7456354
  26.5005984   35.7451965
  26.4991194   35.7447763
  26.4976323   35.7443751
  26.4961377   35.7439929
  26.4946359   35.7436298
  26.4931273   35.7432858
  26.4916122   35.7429611
  26.490091    35.7426557
  26.4885641   35.7423698
  26.4883418   35.7423297
  26.4868542   35.7420707
  26.485362    35.7418302
  26.4838654   35.7416081
  26.4823648   35.7414046
  26.4808606   35.7412197
  26.4793531   35.7410534
  26.4778426   35.7409058
  26.4763295   35.7407769
  26.4748142   35.7406667
  26.473297    35.7405752
  26.4717783   35.7405026
  26.471723    35.7405003
  26.4701484   35.7404448
  26.468573    35.7404096
  26.466997    35.7403945
  26.4657043   35.7403987
  26.4651275   35.7403393
  26.463579    35.7401996
  26.462028    35.7400795
  26.4604749   35.7399791
  26.45892     35.7398984
  26.4573638   35.7398374
  26.4558066   35.7397962
  26.4542487   35.7397746
  26.4526907   35.7397728
  26.4511328   35.7397907
  26.4495755   35.7398284
  26.4480191   35.7398858
  26.4464639   35.7399629
  26.4449104   35.7400597
  26.443359    35.7401762
  26.44181     35.7403123
  26.4402639   35.740468
  26.4387209   35.7406433
  26.4371814   35.7408381
  26.4356459   35.7410523
  26.4341147   35.7412861
  26.4325882   35.7415391
  26.4310667   35.7418115
  26.4295507   35.7421031
  26.4280404   35.7424139
  26.4265363   35.7427438
  26.4250388   35.7430927
  26.4235481   35.7434605
  26.4220647   35.7438472
  26.4205889   35.7442526
  26.419121    35.7446766
  26.4176615   35.7451192
  26.4162107   35.7455803
  26.414769    35.7460596
  26.4133366   35.7465571
  26.4129877   35.7466809
  26.4115528   35.7472011
  26.4101282   35.7477395
  26.4087142   35.7482961
  26.4073111   35.7488707
  26.4059194   35.7494631
  26.4045394   35.7500732
  26.4031713   35.7507008
  26.4018156   35.7513459
  26.4004726   35.7520082
  26.3991426   35.7526875
  26.3978259   35.7533838
  26.3965229   35.7540968
  26.3952339   35.7548263
  26.3939592   35.7555723
  26.3926992   35.7563344
  26.3914541   35.7571125
  26.3902242   35.7579064
  26.3890099   35.7587159
  26.3878114   35.7595408
  26.3866291   35.7603809
  26.3854632   35.761236
  26.3843141   35.7621059
  26.3837426   35.7625524
  26.3834905   35.7627368
  26.3823434   35.7636029
  26.3812132   35.7644836
  26.3801001   35.7653785
  26.3790045   35.7662875
  26.3779266   35.7672103
  26.3768667   35.7681467
  26.3766203   35.7683679
  26.3755847   35.7693121
  26.3745674   35.7702693
  26.3735686   35.7712392
  26.3725885   35.7722217
  26.3716275   35.7732164
  26.3706857   35.7742232
  26.3697634   35.7752418
  26.3688609   35.7762719
  26.3679782   35.7773133
  26.3671157   35.7783657
  26.3662735   35.7794289
  26.3654519   35.7805026
  26.364651    35.7815866
  26.3638711   35.7826806
  26.3631123   35.7837843
  26.3623749   35.7848974
  26.3616589   35.7860198
  26.3609647   35.787151
  26.3602922   35.7882909
  26.3596418   35.7894391
  26.3590136   35.7905955
  26.3584077   35.7917596
  26.3578242   35.7929312
  26.3572634   35.79411
  26.3567253   35.7952958
  26.3562101   35.7964883
  26.3557179   35.7976871
  26.3552488   35.7988919
  26.3548029   35.8001025
  26.3543804   35.8013187
  26.3539814   35.8025399
  26.3536059   35.8037661
  26.353254    35.8049969
  26.3529259   35.8062319
  26.3526216   35.8074709
  26.3523411   35.8087136
  26.3520846   35.8099597
  26.3518521   35.8112089
  26.3516437   35.8124608
  26.3514594   35.8137152
  26.3512992   35.8149718
  26.3511633   35.8162302
  26.3510516   35.8174901
  26.3509641   35.8187513
  26.350901    35.8200135
  26.3508621   35.8212762
  26.3508475   35.8225393
  26.3508573   35.8238024
  26.3508913   35.8250651
  26.3509497   35.8263273
  26.3510323   35.8275886
  26.3511392   35.8288486
  26.3512704   35.8301072
  26.3514257   35.8313639
  26.3516053   35.8326184
  26.3518089   35.8338705
  26.3520366   35.8351199
  26.3522884   35.8363662
  26.3525641   35.8376091
  26.3528637   35.8388484
  26.3531871   35.8400838
  26.3532808   35.8404284
  26.3536296   35.8416647
  26.3540021   35.8428965
  26.3543985   35.8441234
  26.3548185   35.845345
  26.3552621   35.8465611
  26.3557291   35.8477715
  26.3562195   35.8489757
  26.3567331   35.8501736
  26.3572698   35.8513647
  26.3578295   35.8525489
  26.358412    35.8537258
  26.3590172   35.8548951
  26.3596449   35.8560566
  26.360295    35.85721
  26.3609673   35.8583549
  26.3616617   35.8594912
  26.362378    35.8606184
  26.363116    35.8617364
  26.3638755   35.8628449
  26.3646564   35.8639436
  26.3654584   35.8650322
  26.3662814   35.8661105
  26.3671251   35.8671782
  26.3679894   35.868235
  26.368874    35.8692808
  26.3697787   35.8703151
  26.3700786   35.8706468
  26.3708175   35.8715418
  26.3717159   35.8725935
  26.3726347   35.8736336
  26.3735737   35.8746617
  26.3745326   35.8756777
  26.3755113   35.8766813
  26.3765094   35.8776722
  26.3775267   35.8786501
  26.378563    35.8796149
  26.379618    35.8805663
  26.3806914   35.881504
  26.381783    35.8824279
  26.3828924   35.8833376
  26.3840195   35.884233
  26.385164    35.8851139
  26.3863254   35.8859799
  26.3875037   35.886831
  26.3886984   35.8876668
  26.3899092   35.8884873
  26.391136    35.8892921
  26.3923782   35.8900811
  26.3936358   35.890854
  26.3949082   35.8916108
  26.3961953   35.8923511
  26.3974967   35.8930749
  26.398812    35.8937819
  26.4001409   35.8944719
  26.4014832   35.8951449
  26.4026326   35.895711
  26.403979    35.8963624
  26.4053378   35.8969966
  26.4067087   35.8976134
  26.4080915   35.8982127
  26.4094857   35.8987944
  26.410891    35.8993582
  26.4123071   35.899904
  26.4137336   35.9004318
  26.4139561   35.9005108
END
8
  26.4997141   36.4510677
  26.4993712   36.4509712
  26.4979407   36.4505877
  26.4965032   36.4502216
  26.495059    36.449873
  26.4936084   36.4495421
  26.4921517   36.4492287
  26.4906377   36.4489129
  26.4903414   36.4488515
  26.4892445   36.4486256
  26.4877354   36.4483248
  26.4862206   36.448043
  26.4847006   36.4477801
  26.4831757   36.4475364
  26.4816463   36.4473118
  26.4801127   36.4471064
  26.4785753   36.4469202
  26.4770345   36.4467533
  26.4754906   36.4466057
  26.4739441   36.4464775
  26.4723953   36.4463686
  26.4708445   36.4462792
  26.4692923   36.4462093
  26.4677388   36.4461587
  26.4661846   36.4461277
  26.4658752   36.4461254
  26.4652684   36.446114
  26.4636999   36.4461045
  26.4621314   36.4461148
  26.4605633   36.446145
  26.458996    36.4461949
  26.4574298   36.4462647
  26.4558652   36.4463542
  26.4543025   36.4464636
  26.4527422   36.4465926
  26.4524838   36.4466156
  26.4509387   36.4467631
  26.4493966   36.44693
  26.4478579   36.4471161
  26.446323    36.4473216
  26.4447923   36.4475462
  26.4432662   36.44779
  26.4417449   36.4480529
  26.4402289   36.4483349
  26.4387186   36.4486358
  26.4372143   36.4489556
  26.4357164   36.4492943
  26.4349027   36.4494893
  26.4346685   36.449317
  26.4335118   36.4484919
  26.4323393   36.4476814
  26.4311514   36.4468855
  26.4299482   36.4461045
  26.4287302   36.4453386
  26.4274976   36.444588
  26.4270986   36.4443489
  26.4269802   36.4442791
  26.4268629   36.4442081
  26.4263478   36.4439063
  26.4258338   36.4436033
  26.4257141   36.443535
  26.4255954   36.4434655
  26.4250745   36.4431703
  26.4245547   36.4428739
  26.4244336   36.4428071
  26.4243136   36.4427391
  26.423787    36.4424505
  26.4232615   36.4421606
  26.4231391   36.4420954
  26.4230178   36.4420289
  26.4224856   36.441747
  26.4219545   36.4414638
  26.4218308   36.4414001
  26.4217082   36.4413352
  26.4211706   36.44106
  26.420634    36.4407836
  26.4205092   36.4407215
  26.4203853   36.4406581
  26.4198424   36.4403898
  26.4193005   36.4401201
  26.4191744   36.4400596
  26.4190493   36.4399978
  26.4185012   36.4397364
  26.4179541   36.4394736
  26.4178269   36.4394147
  26.4177006   36.4393545
  26.4171475   36.4391
  26.4165953   36.4388442
  26.4164669   36.4387869
  26.4163395   36.4387282
  26.4157815   36.4384808
  26.4152244   36.438232
  26.4150949   36.4381763
  26.4149663   36.4381193
  26.4144036   36.4378789
  26.4138417   36.4376372
  26.4137111   36.4375832
  26.4135815   36.4375278
  26.4130141   36.4372945
  26.4124475   36.4370599
  26.4123159   36.4370076
  26.4121852   36.4369538
  26.4116133   36.4367278
  26.4110423   36.4365004
  26.4109097   36.4364497
  26.4107779   36.4363976
  26.4102017   36.4361788
  26.4096262   36.4359586
  26.4094927   36.4359096
  26.4093599   36.4358592
  26.4087795   36.4356477
  26.4081998   36.4354348
  26.4080653   36.4353875
  26.4079316   36.4353388
  26.4073471   36.4351346
  26.4067634   36.4349291
  26.406628    36.4348835
  26.4064933   36.4348365
  26.4059049   36.4346397
  26.4053172   36.4344416
  26.405181    36.4343977
  26.4050454   36.4343524
  26.4044532   36.4341631
  26.4038617   36.4339725
  26.4037246   36.4339303
  26.4035882   36.4338867
  26.4029924   36.4337049
  26.4023973   36.4335218
  26.4022593   36.4334813
  26.4021221   36.4334394
  26.4015228   36.4332652
  26.4009242   36.4330896
  26.4007855   36.4330509
  26.4006474   36.4330108
  26.4000448   36.4328442
  26.3994428   36.4326761
  26.3993034   36.4326392
  26.3991645   36.4326008
  26.3985588   36.4324418
  26.3979536   36.4322814
  26.3978134   36.4322462
  26.3976739   36.4322096
  26.3970651   36.4320583
  26.3964568   36.4319056
  26.396316    36.4318721
  26.3961757   36.4318373
  26.3955641   36.4316937
  26.3949529   36.4315487
  26.3948115   36.431517
  26.3946705   36.431484
  26.3940561   36.4313481
  26.3934422   36.4312108
  26.3933002   36.431181
  26.3931586   36.4311497
  26.3925416   36.4310216
  26.3919251   36.4308921
  26.3917825   36.4308641
  26.3916404   36.4308346
  26.3910209   36.4307143
  26.390402    36.4305926
  26.3902588   36.4305664
  26.3901161   36.4305387
  26.3894944   36.4304263
  26.3888732   36.4303124
  26.3887295   36.430288
  26.3885863   36.4302621
  26.3879625   36.4301576
  26.3873391   36.4300516
  26.387195    36.430029
  26.3870513   36.4300049
  26.3864255   36.4299082
  26.3858001   36.4298101
  26.3856556   36.4297893
  26.3855114   36.4297671
  26.3848839   36.4296784
  26.3842566   36.4295882
  26.3841117   36.4295692
  26.3839671   36.4295488
  26.3833379   36.429468
  26.382709    36.4293857
  26.3825637   36.4293686
  26.3824187   36.42935
  26.381788    36.4292772
  26.3811576   36.4292029
  26.381012    36.4291876
  26.3808667   36.4291708
  26.3802346   36.429106
  26.3796028   36.4290397
  26.3794569   36.4290262
  26.3793113   36.4290113
  26.378678    36.4289545
  26.3782682   36.4289141
  26.3767123   36.4287803
  26.375154    36.4286661
  26.3735936   36.4285716
  26.3720316   36.4284968
  26.3704683   36.4284417
  26.3689041   36.4284063
  26.3673394   36.4283906
  26.3657747   36.4283947
  26.3642101   36.4284185
  26.3626463   36.4284621
  26.3620969   36.4284843
  26.3613855   36.4284177
  26.3598259   36.4282914
  26.358264    36.4281849
  26.3567002   36.4280981
  26.3551349   36.4280311
  26.3535685   36.4279838
  26.3520014   36.4279564
  26.350434    36.4279488
  26.3490299   36.4279597
  26.3486079   36.4278854
  26.3470524   36.4276325
  26.3454922   36.4273995
  26.3439275   36.4271866
  26.3423588   36.4269936
  26.3407865   36.4268208
  26.339211    36.4266681
  26.3376326   36.4265355
  26.3360519   36.4264232
  26.3344691   36.4263311
  26.3328847   36.4262592
  26.3312991   36.4262077
  26.3297126   36.4261764
  26.3281258   36.4261654
  26.3265389   36.4261747
  26.3261961   36.4261789
  26.3246284   36.4262081
  26.3230615   36.426257
  26.3214957   36.4263258
  26.3199315   36.4264143
  26.3183691   36.4265226
  26.3168091   36.4266506
  26.3152518   36.4267983
  26.3136975   36.4269657
  26.3125975   36.4270984
  26.3114725   36.4272092
  26.3098929   36.4273854
  26.308317    36.4275819
  26.3067453   36.4277986
  26.305178    36.4280355
  26.3036156   36.4282925
  26.3030342   36.4283959
  26.3019411   36.4285623
  26.3004046   36.4288164
  26.2988732   36.4290899
  26.2973473   36.4293826
  26.2958274   36.4296947
  26.2943137   36.4300259
  26.2928067   36.4303762
  26.2913067   36.4307455
  26.2898141   36.4311338
  26.2888244   36.4313981
  26.2873014   36.4318159
  26.2857871   36.4322534
  26.2842817   36.4327104
  26.2827856   36.433187
  26.2812993   36.4336828
  26.2794164   36.4343253
  26.2779654   36.4348314
  26.2765245   36.435356
  26.2750941   36.4358988
  26.2737281   36.4364386
  26.2729122   36.4366178
  26.271404    36.4369697
  26.2699028   36.4373406
  26.268409    36.4377305
  26.266923    36.4381393
  26.2654453   36.4385668
  26.263976    36.4390129
  26.2633001   36.439223
  26.2630811   36.4392704
  26.2615683   36.4396183
  26.2600625   36.4399853
  26.2585641   36.4403713
  26.2570734   36.4407763
  26.2555908   36.4412002
  26.2541167   36.4416427
  26.2526515   36.442104
  26.2511955   36.4425837
  26.2497491   36.4430818
  26.2483126   36.4435983
  26.2468864   36.4441328
  26.2454708   36.4446854
  26.2440663   36.4452558
  26.2426731   36.445844
  26.2412916   36.4464498
  26.2399222   36.447073
  26.2387161   36.4476422
  26.2376557   36.4475551
  26.2360894   36.4474463
  26.2345211   36.4473574
  26.2329513   36.4472884
  26.2313803   36.4472393
  26.2298085   36.4472101
  26.2282364   36.4472008
  26.2266643   36.4472114
  26.2250926   36.4472419
  26.2235216   36.4472924
  26.2219519   36.4473627
  26.2203837   36.4474529
  26.2188175   36.447563
  26.2172537   36.4476929
  26.2156926   36.4478426
  26.2141346   36.4480121
  26.2125801   36.4482012
  26.2110295   36.4484101
  26.2094832   36.4486385
  26.2079415   36.4488866
  26.2064049   36.4491541
  26.2048738   36.449441
  26.2033484   36.4497474
  26.2033103   36.4497553
  26.2017961   36.4500798
  26.2002884   36.4504234
  26.1987876   36.4507859
  26.197294    36.4511674
  26.1958081   36.4515677
  26.1943302   36.4519867
  26.1928606   36.4524243
  26.1913997   36.4528804
  26.189948    36.4533549
  26.1885056   36.4538477
  26.1870731   36.4543586
  26.1865556   36.4545511
  26.1852894   36.4540767
  26.183856    36.4535615
  26.1824127   36.4530646
  26.1809599   36.4525859
  26.1794979   36.4521257
  26.1780271   36.451684
  26.1765478   36.451261
  26.1750605   36.4508568
  26.1735654   36.4504714
  26.172063    36.450105
  26.1705536   36.4497576
  26.1690375   36.4494294
  26.1675153   36.4491204
  26.1659872   36.4488307
  26.1644536   36.4485603
  26.162915    36.4483094
  26.1613716   36.448078
  26.1598239   36.4478661
  26.1582722   36.4476739
  26.156717    36.4475013
  26.1561844   36.447449
  26.1559542   36.4474243
  26.1553542   36.4473675
  26.1551585   36.4473483
  26.1550834   36.4473419
  26.1543993   36.4472772
  26.1528417   36.4471498
  26.1512819   36.4470421
  26.1497201   36.4469541
  26.1481568   36.4468857
  26.1465924   36.4468371
  26.1450272   36.4468083
  26.1434616   36.4467992
  26.141896    36.4468098
  26.1403309   36.4468402
  26.1387665   36.4468903
  26.1372033   36.4469602
  26.1356417   36.4470498
  26.134082    36.447159
  26.1325246   36.447288
  26.1309699   36.4474365
  26.1294184   36.4476047
  26.1278702   36.4477924
  26.126326    36.4479996
  26.1247859   36.4482263
  26.1232505   36.4484724
  26.1217201   36.4487378
  26.1216367   36.4487528
  26.1201275   36.4490344
  26.118624    36.4493349
  26.1171265   36.449654
  26.1156353   36.4499918
  26.1141508   36.4503482
  26.1126733   36.450723
  26.1112033   36.4511163
  26.109741    36.4515279
  26.1093666   36.4516359
  26.1072298   36.4522745
  26.1067199   36.4524323
  26.105262    36.4528939
  26.1038134   36.4533739
  26.1023743   36.453872
  26.1009451   36.4543883
  26.0995261   36.4549226
  26.0981177   36.4554747
  26.0967203   36.4560445
  26.0953342   36.4566319
  26.0939597   36.4572367
  26.0925972   36.4578588
  26.091247    36.458498
  26.0899094   36.4591542
  26.0885848   36.4598271
  26.0872735   36.4605167
  26.0859758   36.4612227
  26.0846921   36.4619451
  26.0834226   36.4626835
  26.083263    36.4627779
  26.082011    36.4635305
  26.0807738   36.4642987
  26.0795517   36.4650824
  26.0783451   36.4658814
  26.0771541   36.4666955
  26.0759792   36.4675244
  26.0748205   36.4683681
  26.0736784   36.4692262
  26.0725531   36.4700986
  26.071445    36.4709851
  26.0703542   36.4718854
  26.0692812   36.4727993
  26.068226    36.4737266
  26.067189    36.474667
  26.0661705   36.4756204
  26.0651707   36.4765865
  26.0641898   36.477565
  26.0632281   36.4785557
  26.0622857   36.4795585
  26.0613631   36.4805729
  26.0604603   36.4815988
  26.0595776   36.482636
  26.0587151   36.4836841
  26.0578732   36.484743
  26.0570521   36.4858123
  26.0562518   36.4868917
  26.0554727   36.4879812
  26.0547149   36.4890802
  26.0539786   36.4901887
  26.053264    36.4913063
  26.0525712   36.4924327
  26.0519004   36.4935677
  26.0512519   36.494711
  26.0506256   36.4958622
  26.0500219   36.4970212
  26.0494408   36.4981877
  26.048864    36.4993723
  26.0482557   36.5006539
  26.0476747   36.5019436
  26.0471212   36.5032411
  26.0465954   36.504546
  26.0460974   36.5058579
  26.0459792   36.5061791
  26.0455459   36.5073916
  26.0451364   36.5086093
  26.0447507   36.5098321
  26.044389    36.5110595
  26.0440513   36.5122913
  26.0437378   36.5135273
  26.0436696   36.5138194
  26.0436273   36.5139574
  26.0432748   36.515189
  26.0429465   36.5164249
  26.0427514   36.5172202
  26.0422766   36.5179809
  26.0416124   36.5190868
  26.0409694   36.5202008
  26.040392    36.5212214
  26.0397569   36.5223678
  26.0391441   36.523522
  26.0385539   36.5246838
  26.0379864   36.5258529
  26.0374417   36.5270289
  26.03692     36.5282116
  26.0364213   36.5294007
  26.0359459   36.5305959
  26.0354938   36.5317969
  26.0350651   36.5330035
  26.0346599   36.5342152
  26.0342784   36.5354319
  26.0339207   36.5366532
  26.0335867   36.5378788
  26.0332767   36.5391085
  26.0329907   36.5403419
  26.0327286   36.5415787
  26.0324907   36.5428186
  26.032277    36.5440614
  26.0320875   36.5453067
  26.0319223   36.5465541
  26.0317814   36.5478035
  26.0316648   36.5490545
  26.0315726   36.5503068
  26.0315048   36.55156
  26.0314614   36.552814
  26.0314424   36.5540683
  26.0314479   36.5553226
  26.0314778   36.5565768
  26.0315321   36.5578303
  26.0316108   36.5590831
  26.0317139   36.5603346
  26.0318414   36.5615847
  26.0319932   36.562833
  26.0321692   36.5640793
  26.0323696   36.5653231
  26.0325941   36.5665643
  26.0328428   36.5678025
  26.0331156   36.5690373
  26.0334123   36.5702686
  26.0337331   36.571496
  26.0340777   36.5727192
  26.0344461   36.5739378
  26.0348381   36.5751517
  26.0352538   36.5763605
  26.035693    36.5775639
  26.0361555   36.5787616
  26.0366414   36.5799534
  26.0371503   36.5811388
  26.0376824   36.5823178
  26.0382373   36.5834898
  26.038815    36.5846548
  26.0394153   36.5858123
  26.040038    36.5869621
  26.0406832   36.588104
  26.0413504   36.5892376
  26.0420397   36.5903626
  26.0427508   36.5914789
  26.0434836   36.592586
  26.0438265   36.5930945
  26.04458     36.5941911
  26.0453547   36.5952782
  26.0461504   36.5963554
  26.0469671   36.5974224
  26.0478044   36.5984791
  26.0486622   36.5995251
  26.0495402   36.6005602
  26.0504383   36.6015842
  26.0513562   36.6025967
  26.0522937   36.6035976
  26.0532505   36.6045866
  26.0542265   36.6055635
  26.0552214   36.606528
  26.056235    36.6074799
  26.0572669   36.6084189
  26.058317    36.6093449
  26.059385    36.6102576
  26.0604707   36.6111567
  26.0615737   36.6120421
  26.0626938   36.6129136
  26.0638308   36.6137709
  26.0649843   36.6146138
  26.066154    36.6154422
  26.0673398   36.6162557
  26.0685412   36.6170543
  26.0697581   36.6178377
  26.07099     36.6186057
  26.0722368   36.6193582
  26.073498    36.620095
  26.0747735   36.6208158
  26.0760628   36.6215206
  26.0773657   36.622209
  26.0786818   36.6228811
  26.0800109   36.6235365
  26.0813525   36.6241752
  26.0827065   36.624797
  26.0840723   36.6254018
  26.0848376   36.6257344
  26.0858174   36.6261485
  26.086199    36.6263389
  26.0875365   36.6269836
  26.0888863   36.6276114
  26.0893884   36.6278365
  26.0898002   36.6280694
  26.0910714   36.628765
  26.0923558   36.6294447
  26.0936532   36.6301085
  26.0949631   36.6307561
  26.0962853   36.6313875
  26.0976194   36.6320024
  26.0989652   36.6326008
  26.1003224   36.6331824
  26.1016905   36.6337472
  26.1030694   36.6342949
  26.1044586   36.6348256
  26.1058578   36.635339
  26.1072667   36.635835
  26.108685    36.6363136
  26.1101123   36.6367745
  26.1115483   36.6372178
  26.1122085   36.6374169
  26.1136738   36.6378483
  26.1151474   36.6382614
  26.1166288   36.6386558
  26.1181177   36.6390317
  26.1196138   36.6393888
  26.1211167   36.6397271
  26.1226259   36.6400465
  26.1241412   36.6403469
  26.1256622   36.6406283
  26.1271885   36.6408905
  26.1287197   36.6411336
  26.1302554   36.6413574
  26.1317953   36.641562
  26.133339    36.6417471
  26.1348862   36.6419129
  26.1364363   36.6420593
  26.1379892   36.6421862
  26.1395443   36.6422936
  26.1411013   36.6423815
  26.1426599   36.6424498
  26.1442195   36.6424986
  26.14578     36.6425278
  26.1473408   36.6425374
  26.1489016   36.6425274
  26.1504621   36.6424979
  26.1520217   36.6424488
  26.1524897   36.6424311
  26.1540581   36.6423619
  26.1556249   36.6422729
  26.1571898   36.6421642
  26.1587524   36.6420357
  26.1603122   36.6418875
  26.161869    36.6417196
  26.1634222   36.6415321
  26.1649716   36.641325
  26.1665168   36.6410983
  26.1680573   36.6408522
  26.1695928   36.6405867
  26.1711228   36.6403018
  26.1726472   36.6399976
  26.1738671   36.6397377
  26.1743387   36.6402624
  26.1752861   36.6412817
  26.1762535   36.6422888
  26.1772407   36.6432834
  26.1782475   36.6442653
  26.1792736   36.6452343
  26.1803187   36.6461901
  26.1813826   36.6471324
  26.182465    36.648061
  26.1835656   36.6489758
  26.1846842   36.6498763
  26.1858205   36.6507625
  26.1869742   36.6516342
  26.188145    36.652491
  26.1893165   36.6533214
  26.1901859   36.6542497
  26.1911461   36.655242
  26.1921256   36.6562222
  26.1931241   36.6571899
  26.1941414   36.6581449
  26.1951773   36.659087
  26.1962315   36.6600159
  26.1963103   36.6600842
  26.1973454   36.6609686
  26.1983971   36.6618402
  26.1994652   36.662699
  26.2005494   36.6635447
  26.2016494   36.6643771
  26.202765    36.665196
  26.2038959   36.6660013
  26.205042    36.6667928
  26.2062028   36.6675702
  26.2062775   36.6676194
  26.2075087   36.6684183
  26.2087555   36.6692014
  26.2100177   36.6699685
  26.2112949   36.6707194
  26.2125868   36.671454
  26.213893    36.6721721
  26.2152133   36.6728734
  26.2165473   36.6735578
  26.2178946   36.6742252
  26.219255    36.6748754
  26.2206281   36.6755081
  26.2220135   36.6761233
  26.2234109   36.6767208
  26.22482     36.6773004
  26.2262403   36.6778621
  26.2276716   36.6784055
  26.2291134   36.6789307
  26.2305655   36.6794375
  26.2320274   36.6799258
  26.2334987   36.6803953
  26.2349792   36.6808461
  26.2364684   36.681278
  26.237966    36.6816909
  26.2394715   36.6820847
  26.2409846   36.6824593
  26.242505    36.6828146
  26.2440322   36.6831505
  26.2455658   36.6834669
  26.2456484   36.6834834
  26.2471867   36.68378
  26.2487306   36.6840571
  26.2502798   36.6843144
  26.2518339   36.6845521
  26.2533925   36.6847699
  26.2549552   36.6849679
  26.2565217   36.6851461
  26.2580914   36.6853042
  26.2596641   36.6854425
  26.2612393   36.6855607
  26.2628167   36.6856589
  26.2643958   36.685737
  26.2659762   36.685795
  26.2675576   36.685833
  26.2691395   36.6858508
  26.2707216   36.6858486
  26.2723035   36.6858262
  26.2738847   36.6857837
  26.2754649   36.6857212
  26.2770436   36.6856385
  26.2786205   36.6855359
  26.2801952   36.6854131
  26.2813246   36.6853106
  26.2822656   36.6858079
  26.2835947   36.6864864
  26.284937    36.6871479
  26.2862921   36.6877924
  26.2876597   36.6884196
  26.2890395   36.6890295
  26.2904311   36.6896218
  26.2918342   36.6901964
  26.2932485   36.6907532
  26.2946735   36.691292
  26.296109    36.6918127
  26.2975545   36.6923151
  26.297698    36.6923629
  26.298455    36.6931272
  26.2994446   36.6940948
  26.3004529   36.69505
  26.3014797   36.6959923
  26.3025248   36.6969217
  26.3035878   36.6978378
  26.3046686   36.6987405
  26.3057669   36.6996295
  26.3068823   36.7005046
  26.3080147   36.7013657
  26.3091638   36.7022124
  26.3103292   36.7030446
  26.3115107   36.7038621
  26.3127079   36.7046647
  26.3139207   36.7054521
  26.3151487   36.7062243
  26.3156874   36.7065522
  26.3163026   36.7069738
  26.3175061   36.7077729
  26.318725    36.7085567
  26.3199591   36.7093251
  26.321208    36.7100779
  26.3224715   36.710815
  26.3237492   36.7115361
  26.3250409   36.7122411
  26.3263461   36.7129298
  26.3276646   36.713602
  26.3289961   36.7142575
  26.3303403   36.7148963
  26.3316967   36.7155182
  26.3330652   36.7161229
  26.3344452   36.7167104
  26.3358366   36.7172804
  26.3372389   36.717833
  26.3386519   36.7183679
  26.3400751   36.718885
  26.3415083   36.7193841
  26.342951    36.7198652
  26.3444029   36.7203282
  26.3458637   36.7207729
  26.347333    36.7211992
  26.3488105   36.721607
  26.3502957   36.7219962
  26.3517884   36.7223667
  26.3532881   36.7227184
  26.3547945   36.7230513
  26.3563072   36.7233653
  26.3578258   36.7236602
  26.3593501   36.723936
  26.3608795   36.7241927
  26.3624137   36.7244302
  26.3639524   36.7246483
  26.3654952   36.7248472
  26.3670417   36.7250266
  26.3685915   36.7251867
  26.3701442   36.7253272
  26.3716995   36.7254483
  26.3732569   36.7255498
  26.3748162   36.7256318
  26.3763768   36.7256943
  26.3779385   36.7257371
  26.3795008   36.7257603
  26.3810634   36.7257639
  26.3826259   36.725748
  26.3841878   36.7257124
  26.3857489   36.7256572
  26.3873087   36.7255825
  26.3888669   36.7254881
  26.390423    36.7253743
  26.3919767   36.7252409
  26.3935276   36.7250881
  26.3950754   36.7249158
  26.3966196   36.7247241
  26.3981598   36.7245131
  26.3996958   36.7242828
  26.401227    36.7240332
  26.4020013   36.7239019
  26.4032572   36.7236807
  26.4045771   36.7235326
  26.4061258   36.7233389
  26.4076705   36.7231258
  26.4092108   36.7228932
  26.4107464   36.7226413
  26.4122769   36.7223701
  26.4138018   36.7220797
  26.4153209   36.7217701
  26.4168337   36.7214414
  26.4174643   36.7212958
  26.4181689   36.721152
  26.4196745   36.7208247
  26.4211735   36.7204785
  26.4226655   36.7201135
  26.4241503   36.7197299
  26.4256274   36.7193278
  26.4270965   36.7189072
  26.4285572   36.7184683
  26.4300092   36.7180111
  26.4304995   36.7178496
  26.4311325   36.7176859
  26.4326535   36.717282
  26.4341662   36.7168585
  26.4356702   36.7164157
  26.4371652   36.7159535
  26.4386508   36.7154721
  26.4401265   36.7149717
  26.441592    36.7144524
  26.4430469   36.7139142
  26.4444908   36.7133574
  26.4459234   36.7127821
  26.4473443   36.7121885
  26.4487531   36.7115766
  26.4501495   36.7109467
  26.4515332   36.7102988
  26.4529036   36.7096333
  26.4542606   36.7089502
  26.4556037   36.7082497
  26.4564271   36.7078127
  26.4577052   36.7071229
  26.4589699   36.7064173
  26.4602208   36.7056962
  26.4614578   36.7049597
  26.4626804   36.704208
  26.4638884   36.7034412
  26.4650814   36.7026595
  26.4662593   36.7018632
  26.466903    36.7014211
  26.4680849   36.7005965
  26.4692506   36.699757
  26.4693499   36.6996832
  26.4698749   36.6994553
  26.4712519   36.6988347
  26.4726166   36.6981967
  26.4739684   36.6975415
  26.4753072   36.6968691
  26.4766325   36.6961799
  26.477944    36.695474
  26.4792415   36.6947514
  26.4805245   36.6940125
  26.4817928   36.6932575
  26.483046    36.6924864
  26.4842839   36.6916994
  26.4855061   36.6908969
  26.4867122   36.690079
  26.4879021   36.6892458
  26.4890754   36.6883976
  26.4902318   36.6875347
  26.4913711   36.6866572
  26.4924928   36.6857653
  26.4935969   36.6848592
  26.4946829   36.6839393
  26.4957506   36.6830057
  26.4967998   36.6820587
  26.4978302   36.6810984
  26.4982268   36.6807167
  26.4982387   36.6807063
  26.4982729   36.6806859
  26.4995184   36.6799193
  26.5007487   36.6791371
  26.5019635   36.6783395
  26.5031625   36.6775266
  26.5043454   36.6766986
  26.5049235   36.6762876
  26.506051    36.6754734
  26.507163    36.6746457
  26.5082591   36.6738044
  26.5085338   36.6735871
  26.5097877   36.6728853
  26.5110408   36.6721605
  26.5122798   36.6714202
  26.5135044   36.6706647
  26.5147142   36.669894
  26.515909    36.6691084
  26.5170885   36.668308
  26.5182524   36.6674931
  26.5188313   36.667075
  26.519398    36.6666894
  26.5205809   36.6658584
  26.5217473   36.6650126
  26.522897    36.6641522
  26.5240296   36.6632773
  26.5251449   36.6623882
  26.5262426   36.6614851
  26.5273224   36.6605683
  26.5283841   36.6596379
  26.5294274   36.6586942
  26.5304521   36.6577374
  26.5309031   36.6573026
  26.5318773   36.6564312
  26.532546    36.6558135
  26.533136    36.655373
  26.5342632   36.6545045
  26.5345068   36.6543138
  26.5356177   36.6534305
  26.5367113   36.6525334
  26.5377872   36.6516226
  26.5388452   36.6506984
  26.5398851   36.6497611
  26.5409065   36.6488107
  26.5419092   36.6478476
  26.5428929   36.646872
  26.5438575   36.6458841
  26.5448027   36.6448843
  26.5457283   36.6438726
  26.546634    36.6428494
  26.5475195   36.641815
  26.5483848   36.6407695
  26.5492296   36.6397133
  26.5500536   36.6386465
  26.5508567   36.6375696
  26.5516387   36.6364826
  26.5523993   36.6353859
  26.5531385   36.6342798
  26.5538559   36.6331645
  26.5543902   36.6323177
  26.555094    36.63118
  26.5557752   36.6300334
  26.5564337   36.6288783
  26.5570693   36.627715
  26.5576818   36.6265437
  26.5582711   36.6253647
  26.5584822   36.6249222
  26.5585755   36.6248092
  26.559415    36.6237571
  26.5602339   36.6226947
  26.5610321   36.6216221
  26.5618094   36.6205397
  26.5625655   36.6194477
  26.5633003   36.6183463
  26.5640137   36.6172358
  26.5647053   36.6161165
  26.5653752   36.6149887
  26.566023    36.6138526
  26.5666488   36.6127085
  26.5672522   36.6115567
  26.5678331   36.6103975
  26.5683915   36.6092312
  26.5687168   36.6085187
  26.5689363   36.6080529
  26.5694633   36.6068798
  26.5699675   36.6057002
  26.5704488   36.6045144
  26.570907    36.6033228
  26.5713421   36.6021255
  26.571754    36.600923
  26.5721424   36.5997154
  26.5725074   36.5985031
  26.5728489   36.5972864
  26.5731667   36.5960655
  26.5734608   36.5948408
  26.5737312   36.5936125
  26.5739777   36.592381
  26.5742003   36.5911465
  26.574399    36.5899094
  26.5745736   36.58867
  26.5747242   36.5874284
  26.5748507   36.5861852
  26.5749531   36.5849404
  26.5750314   36.5836946
  26.5750855   36.5824478
  26.5751155   36.5812006
  26.5751161   36.5811587
  26.5751217   36.5798853
  26.5751022   36.5786119
  26.5750574   36.577339
  26.5749875   36.5760668
  26.5748924   36.5747956
  26.5747722   36.5735257
  26.5746269   36.5722575
  26.5744565   36.5709913
  26.5742611   36.5697275
  26.5740408   36.5684662
  26.5737955   36.5672079
  26.5735253   36.5659529
  26.5732304   36.5647015
  26.5729107   36.5634539
  26.5725664   36.5622106
  26.5721976   36.5609718
  26.5720646   36.5605545
  26.57225     36.5601401
  26.572761    36.5589383
  26.5732483   36.5577301
  26.5737116   36.5565158
  26.574151    36.5552957
  26.5745663   36.5540702
  26.5749573   36.5528396
  26.5753241   36.5516041
  26.5756664   36.5503641
  26.5759842   36.5491198
  26.5762775   36.5478716
  26.5763015   36.5477649
  26.5765713   36.5465075
  26.5768161   36.5452468
  26.5770359   36.5439831
  26.5772307   36.5427167
  26.5774004   36.541448
  26.5775449   36.5401773
  26.5776643   36.5389048
  26.5777584   36.537631
  26.5778273   36.5363561
  26.577871    36.5350805
  26.5778893   36.5338044
  26.5778825   36.5325283
  26.5778503   36.5312523
  26.5777929   36.529977
  26.5777102   36.5287025
  26.5776023   36.5274292
  26.5774692   36.5261574
  26.577311    36.5248875
  26.5771276   36.5236197
  26.5769192   36.5223544
  26.5766857   36.5210919
  26.5764273   36.5198326
  26.5761439   36.5185767
  26.5758358   36.5173245
  26.5755029   36.5160764
  26.5751453   36.5148327
  26.5747631   36.5135938
  26.5743565   36.5123598
  26.5739255   36.5111312
  26.5734702   36.5099083
  26.5729908   36.5086913
  26.5724873   36.5074805
  26.57196     36.5062763
  26.5714089   36.5050791
  26.5708341   36.503889
  26.5703576   36.5029251
  26.5697952   36.5018118
  26.5692121   36.5007054
  26.5686085   36.4996062
  26.5679845   36.4985143
  26.5673402   36.49743
  26.5668763   36.4966784
  26.5668782   36.496679
  26.5683652   36.4970787
  26.5698598   36.4974596
  26.5713616   36.4978215
  26.5728704   36.4981645
  26.5743857   36.4984884
  26.5759071   36.4987931
  26.5774343   36.4990785
  26.5789668   36.4993447
  26.5805044   36.4995914
  26.5820466   36.4998187
  26.5835931   36.5000265
  26.5851434   36.5002148
  26.5856178   36.5002693
  26.587207    36.5004416
  26.5887995   36.5005933
  26.5903947   36.5007244
  26.5919924   36.5008349
  26.5928421   36.5008827
  26.5940455   36.5011185
  26.5955445   36.5013926
  26.5970485   36.5016481
  26.5985572   36.501885
  26.6000703   36.5021032
  26.6015874   36.5023026
  26.6031081   36.5024832
  26.6046321   36.502645
  26.6050737   36.5026891
  26.6061629   36.5028197
  26.6076648   36.5029904
  26.6091698   36.5031428
  26.6106774   36.5032767
  26.6121875   36.5033922
  26.6136995   36.5034893
  26.6152132   36.5035678
  26.6167282   36.5036279
  26.6182442   36.5036695
  26.6197542   36.5036924
  26.6204614   36.5037088
  26.6220209   36.5037253
  26.6235804   36.5037222
  26.6251397   36.5036995
  26.6266984   36.5036572
  26.6282561   36.5035954
  26.6298123   36.503514
  26.6313668   36.5034131
  26.6329192   36.5032927
  26.634469    36.5031528
  26.6360159   36.5029934
  26.6375595   36.5028147
  26.6390995   36.5026165
  26.6406354   36.5023991
  26.6421669   36.5021624
  26.6436936   36.5019065
  26.6452152   36.5016314
  26.6467312   36.5013373
  26.6482414   36.5010242
  26.6497452   36.5006921
  26.6512424   36.5003412
  26.6527326   36.4999715
  26.6542155   36.4995832
  26.6556906   36.4991763
  26.6571576   36.4987509
  26.6586162   36.4983071
  26.660066    36.4978451
  26.6615066   36.4973649
  26.6629378   36.4968666
  26.664359    36.4963505
  26.6657701   36.4958165
  26.6671706   36.4952649
  26.6685602   36.4946958
  26.6699386   36.4941093
  26.6713054   36.4935055
  26.6726603   36.4928847
  26.674003    36.4922469
  26.6753332   36.4915923
  26.6754535   36.491532
  26.6767712   36.4908605
  26.6780758   36.4901726
  26.6793668   36.4894683
  26.6806439   36.4887478
  26.6819069   36.4880114
  26.6831555   36.4872592
  26.6843892   36.4864915
  26.6856079   36.4857082
  26.6868112   36.4849098
  26.6879989   36.4840963
  26.6891705   36.483268
  26.690326    36.4824251
  26.6914649   36.4815677
  26.692587    36.4806962
  26.693692    36.4798106
  26.6947797   36.4789112
  26.6958498   36.4779983
  26.696902    36.477072
  26.697936    36.4761326
  26.6989517   36.4751803
  26.6999487   36.4742153
  26.7009269   36.4732379
  26.7018859   36.4722484
  26.7028256   36.4712468
  26.7037457   36.4702336
  26.704646    36.4692089
  26.7055263   36.4681731
  26.7063863   36.4671262
  26.7072259   36.4660687
  26.7080449   36.4650008
  26.7082724   36.4646988
  26.7090645   36.4636289
  26.7098359   36.4625491
  26.7105864   36.4614599
  26.7113158   36.4603614
  26.7120239   36.4592539
  26.7127106   36.4581377
  26.7133756   36.4570131
  26.7140189   36.4558803
  26.7146403   36.4547396
  26.7152396   36.4535912
  26.7158166   36.4524355
  26.716178    36.4516952
  26.7162574   36.4515364
  26.716896    36.4502261
  26.717506    36.4489069
  26.7182388   36.4472784
  26.7187649   36.4460798
  26.7192673   36.4448746
  26.7197459   36.4436631
  26.7202007   36.4424457
  26.7206314   36.4412226
  26.721038    36.4399942
  26.7214204   36.4387607
  26.7217785   36.4375225
  26.7221121   36.4362799
  26.7224213   36.4350331
  26.7227059   36.4337825
  26.7228585   36.4330462
  26.7240226   36.4326192
  26.7254379   36.4320783
  26.7268425   36.4315196
  26.7282361   36.4309432
  26.7296182   36.4303493
  26.7309886   36.4297379
  26.7323469   36.4291094
  26.7336928   36.4284637
  26.7350259   36.4278012
  26.7363459   36.4271218
  26.7376524   36.4264259
  26.7389453   36.4257136
  26.7402241   36.424985
  26.7414885   36.4242403
  26.7427383   36.4234798
  26.743973    36.4227035
  26.7451925   36.4219118
  26.7463963   36.4211047
  26.7475843   36.4202825
  26.7487561   36.4194454
  26.7499114   36.4185936
  26.7510499   36.4177273
  26.7521715   36.4168467
  26.7532757   36.4159521
  26.7543623   36.4150436
  26.755431    36.4141215
  26.7564817   36.413186
  26.7575139   36.4122373
  26.7585276   36.4112756
  26.7595223   36.4103013
  26.7604979   36.4093145
  26.7614542   36.4083155
  26.7623908   36.4073046
  26.7633077   36.4062819
  26.7642044   36.4052477
  26.7650809   36.4042023
  26.7659369   36.403146
  26.7667722   36.402079
  26.7674136   36.4012304
  26.7674444   36.4012206
  26.7689029   36.4007388
  26.7703519   36.4002386
  26.7717908   36.3997199
  26.7732194   36.399183
  26.7733228   36.3991434
  26.7750092   36.3984807
  26.7750832   36.398451
  26.7765721   36.3978393
  26.778048    36.3972077
  26.7795106   36.3965563
  26.7809594   36.3958853
  26.7823941   36.3951948
  26.7838142   36.3944851
  26.7852193   36.3937563
  26.7853674   36.3936781
  26.7866449   36.3929919
  26.7879091   36.39229
  26.7891597   36.3915725
  26.7903965   36.3908395
  26.7916191   36.3900914
  26.7928273   36.3893282
  26.7940207   36.3885501
  26.7951992   36.3877573
  26.7963623   36.38695
  26.7975099   36.3861283
  26.7986416   36.3852926
  26.7997573   36.3844429
  26.7997927   36.3844155
  26.8009308   36.3835211
  26.8020511   36.3826122
  26.8031532   36.381689
  26.8042369   36.3807518
  26.805302    36.3798008
  26.8063481   36.3788363
  26.807375    36.3778584
  26.8083824   36.3768675
  26.80937     36.3758638
  26.8103377   36.3748475
  26.8112851   36.3738189
  26.8122121   36.3727782
  26.8131183   36.3717259
  26.8140036   36.3706619
  26.8148678   36.3695868
  26.8157105   36.3685007
  26.8158231   36.368353
  26.815869    36.3682917
  26.816476    36.3679701
  26.8177846   36.3672526
  26.8190788   36.3665184
  26.8203584   36.3657678
  26.8216231   36.365001
  26.8228725   36.3642181
  26.8241063   36.3634193
  26.8253243   36.3626049
  26.8261658   36.3620331
  26.8274364   36.3611548
  26.8286885   36.3602595
  26.8299218   36.3593474
  26.831136    36.3584187
  26.8323306   36.3574738
  26.8335054   36.3565129
  26.8340616   36.3560502
  26.8351369   36.3551415
  26.8361946   36.3542195
  26.8372342   36.3532842
  26.8382556   36.352336
  26.8392585   36.351375
  26.8402426   36.3504015
  26.8412077   36.3494158
  26.8421536   36.348418
  26.84308     36.3474084
  26.8439868   36.3463873
  26.8448736   36.3453549
  26.8457403   36.3443115
  26.8465867   36.3432572
  26.8474126   36.3421925
  26.8482177   36.3411175
  26.8490018   36.3400324
  26.8497649   36.3389376
  26.8505066   36.3378334
  26.8507919   36.3374006
  26.851521    36.3362732
  26.8522278   36.3351366
  26.8529123   36.3339912
  26.8535742   36.3328371
  26.8542133   36.3316748
  26.8548296   36.3305045
  26.8554229   36.3293264
  26.8559929   36.3281409
  26.8565396   36.3269483
  26.8570628   36.3257488
  26.8575625   36.3245428
  26.8580384   36.3233306
  26.8584905   36.3221125
  26.8589186   36.3208887
  26.8593226   36.3196596
  26.8597025   36.3184255
  26.8600581   36.3171867
  26.8603894   36.3159435
  26.8606962   36.3146962
  26.8609785   36.3134452
  26.8612363   36.3121907
  26.8613272   36.3117254
  26.8616369   36.3100217
  26.8616963   36.3096687
  26.8618903   36.3084457
  26.8620609   36.3072203
  26.8622082   36.3059931
  26.8623322   36.3047641
  26.8624328   36.3035337
  26.8625099   36.3023022
  26.8625637   36.3010698
  26.8625701   36.300882
  26.8626007   36.2996232
  26.862607    36.2983642
  26.8625887   36.2971052
  26.8625461   36.2958465
  26.862479    36.2945886
  26.8623874   36.2933316
  26.8622715   36.2920759
  26.8621312   36.2908218
  26.8619666   36.2895696
  26.8617777   36.2883196
  26.8615645   36.2870721
  26.8613272   36.2858275
  26.8610657   36.284586
  26.8607801   36.2833479
  26.8604706   36.2821135
  26.8601371   36.2808832
  26.8597797   36.2796572
  26.8593986   36.2784359
  26.8589939   36.2772195
  26.8585656   36.2760083
  26.8581138   36.2748027
  26.8576387   36.2736029
  26.8571403   36.2724092
  26.8566188   36.2712219
  26.8560744   36.2700414
  26.8555071   36.2688678
  26.8549171   36.2677015
  26.8543045   36.2665428
  26.8536695   36.265392
  26.8530122   36.2642493
  26.8523329   36.263115
  26.8516316   36.2619894
  26.8509085   36.2608727
  26.8501639   36.2597653
  26.8493979   36.2586675
  26.8486106   36.2575794
  26.8478024   36.2565013
  26.8477585   36.2564449
  26.8475867   36.2560324
  26.8470652   36.2548427
  26.8465207   36.2536597
  26.8459532   36.2524836
  26.8453629   36.2513149
  26.8447499   36.2501538
  26.8441145   36.2490005
  26.8434567   36.2478555
  26.8427768   36.2467188
  26.8420748   36.2455909
  26.841351    36.2444719
  26.8406056   36.2433622
  26.8398387   36.2422621
  26.8390504   36.2411718
  26.8382411   36.2400916
  26.8374109   36.2390217
  26.83656     36.2379625
  26.8356886   36.2369141
  26.834797    36.2358768
  26.8338853   36.234851
  26.8329537   36.2338368
  26.8320026   36.2328344
  26.8310321   36.2318442
  26.8300425   36.2308664
  26.829034    36.2299012
  26.8280069   36.2289489
  26.8269614   36.2280097
  26.8258977   36.2270838
  26.8256471   36.226869
  26.8245878   36.2259751
  26.8235117   36.2250944
  26.8224188   36.2242271
  26.8213096   36.2233735
  26.8201843   36.2225337
  26.8190431   36.2217079
  26.8178864   36.2208964
  26.8167143   36.2200993
  26.8155272   36.2193167
  26.8143253   36.218549
  26.813109    36.2177963
  26.8118785   36.2170587
  26.8106341   36.2163364
  26.8093761   36.2156296
  26.8081047   36.2149385
  26.8075214   36.2146266
  26.806185    36.2139244
  26.8048349   36.2132396
  26.8034714   36.2125722
  26.8020948   36.2119224
  26.8007055   36.2112905
  26.7993039   36.2106765
  26.7978904   36.2100807
  26.7964652   36.2095032
  26.7950287   36.2089442
  26.7935814   36.2084037
  26.7921236   36.2078819
  26.7906556   36.207379
  26.7891778   36.2068951
  26.7876907   36.2064303
  26.7861945   36.2059847
  26.7846897   36.2055585
  26.7831766   36.2051517
  26.7816557   36.2047645
  26.7801274   36.2043969
  26.7785919   36.2040491
  26.7770497   36.2037211
  26.7755013   36.203413
  26.7739469   36.2031249
  26.7723871   36.2028569
  26.7722731   36.2028389
  26.7708859   36.2025885
  26.7693577   36.2023329
  26.7678248   36.2020965
  26.7662874   36.2018795
  26.7647461   36.201682
  26.7632011   36.2015039
  26.7616528   36.2013453
  26.7601017   36.2012063
  26.758548    36.2010868
  26.7569923   36.200987
  26.7554348   36.2009068
  26.7538759   36.2008463
  26.752316    36.2008055
  26.7507556   36.2007843
  26.7491949   36.2007828
  26.7476344   36.200801
  26.7460744   36.2008389
  26.7445153   36.2008965
  26.7429576   36.2009737
  26.7414015   36.2010706
  26.7398476   36.2011871
  26.738296    36.2013232
  26.737727    36.2013804
  26.7374658   36.201387
  26.7359057   36.2014462
  26.7343469   36.2015251
  26.7327899   36.2016236
  26.7312349   36.2017418
  26.7296824   36.2018796
  26.7281328   36.202037
  26.7265864   36.2022139
  26.7250437   36.2024103
  26.7235049   36.2026262
  26.7219705   36.2028615
  26.7204409   36.2031161
  26.7189164   36.20339
  26.7173974   36.2036831
  26.7171994   36.203724
  26.7157308   36.2034134
  26.714198    36.2031101
  26.7126595   36.2028264
  26.7111156   36.2025624
  26.7095667   36.202318
  26.7080132   36.2020935
  26.7064555   36.2018888
  26.704894    36.201704
  26.7033291   36.2015392
  26.7017611   36.2013943
  26.7001905   36.2012695
  26.6986177   36.2011647
  26.6970429   36.20108
  26.6954668   36.2010153
  26.6938895   36.2009708
  26.6923116   36.2009465
  26.6907334   36.2009422
  26.6891553   36.2009582
  26.6875778   36.2009942
  26.6860011   36.2010503
  26.6844257   36.2011266
  26.682852    36.201223
  26.6812804   36.2013394
  26.6797113   36.2014758
  26.6781451   36.2016323
  26.6765821   36.2018087
  26.6750227   36.202005
  26.6734674   36.2022212
  26.6719166   36.2024572
  26.6703705   36.202713
  26.6688297   36.2029885
  26.6672944   36.2032836
  26.6657651   36.2035982
  26.6642422   36.2039323
  26.662726    36.2042858
  26.6612169   36.2046585
  26.6597154   36.2050505
  26.6582216   36.2054616
  26.6567362   36.2058917
  26.6552593   36.2063407
  26.6537914   36.2068085
  26.6523329   36.2072949
  26.6508841   36.2077999
  26.6494453   36.2083233
  26.648017    36.2088649
  26.6465995   36.2094247
  26.6451932   36.2100026
  26.6437983   36.2105983
  26.6424153   36.2112117
  26.6410444   36.2118426
  26.6410207   36.2118538
  26.639679    36.2124941
  26.6383498   36.2131512
  26.6370335   36.213825
  26.6357305   36.2145153
  26.6344409   36.2152219
  26.6331652   36.2159447
  26.6319036   36.2166835
  26.6306564   36.217438
  26.6294241   36.2182082
  26.6282067   36.2189938
  26.6270048   36.2197946
  26.6258185   36.2206105
  26.6246481   36.2214412
  26.6234939   36.2222865
  26.6223563   36.2231463
  26.6222003   36.2232679
  26.6219418   36.2234633
  26.6208189   36.2243392
  26.6197131   36.2252291
  26.6186247   36.2261328
  26.617554    36.2270502
  26.6165012   36.2279809
  26.6154666   36.2289249
  26.6154029   36.2289839
  26.614393    36.2299347
  26.6134015   36.2308981
  26.6124287   36.2318738
  26.6114749   36.2328616
  26.6105402   36.2338612
  26.6096249   36.2348724
  26.6087292   36.2358949
  26.6078533   36.2369286
  26.6069975   36.2379731
  26.6061619   36.2390281
  26.6053467   36.2400936
  26.6045522   36.241169
  26.6037785   36.2422544
  26.6030258   36.2433492
  26.6022943   36.2444534
  26.6015842   36.2455666
  26.6008957   36.2466885
  26.6002289   36.2478189
  26.5995839   36.2489576
  26.598961    36.2501041
  26.5983602   36.2512583
  26.5977818   36.2524199
  26.5972259   36.2535886
  26.5966925   36.2547641
  26.5961819   36.2559462
  26.5961511   36.2560193
  26.59569     36.257141
  26.5952493   36.2582681
  26.5948293   36.2594002
  26.5944299   36.2605371
  26.5942409   36.2610906
  26.5938351   36.2623163
  26.5934534   36.263547
  26.5930958   36.2647823
  26.5927624   36.266022
  26.5924533   36.2672658
  26.5921685   36.2685134
  26.5919082   36.2697643
  26.5916723   36.2710185
  26.591461    36.2722754
  26.5912742   36.2735349
  26.5911122   36.2747965
  26.5909748   36.27606
  26.5908621   36.2773251
  26.5908288   36.2778043
  26.5905458   36.2780714
  26.5895531   36.279038
  26.5895323   36.2790589
  26.5885405   36.2798804
  26.5874775   36.2807887
  26.5864321   36.2817102
  26.5854045   36.2826446
  26.5843951   36.2835918
  26.583404    36.2845515
  26.5824315   36.2855234
  26.5814778   36.2865074
  26.5805432   36.2875031
  26.5796278   36.2885104
  26.5792182   36.2889686
  26.578307    36.290005
  26.5774162   36.2910529
  26.5765461   36.292112
  26.5756968   36.293182
  26.5748685   36.2942626
  26.5740615   36.2953536
  26.573276    36.2964548
  26.5725122   36.2975658
  26.5717702   36.2986863
  26.5710503   36.2998162
  26.5703526   36.300955
  26.5696773   36.3021026
  26.5690245   36.3032586
  26.5683945   36.3044227
  26.5677873   36.3055947
  26.5672032   36.3067743
  26.5666423   36.3079611
  26.5661047   36.3091549
  26.5655905   36.3103553
  26.5651      36.3115622
  26.5646331   36.3127751
  26.5641901   36.3139938
  26.5637709   36.3152179
  26.5633759   36.3164472
  26.5630049   36.3176814
  26.5626582   36.3189201
  26.5623358   36.320163
  26.5620378   36.3214098
  26.5617643   36.3226603
  26.5615153   36.3239141
  26.5612909   36.3251709
  26.5612408   36.3254865
  26.560781    36.3265189
  26.560269    36.3277287
  26.5597809   36.3289449
  26.5593169   36.3301672
  26.558877    36.3313952
  26.5584614   36.3326287
  26.5583346   36.3330304
  26.5579171   36.3342101
  26.5575151   36.3354172
  26.5571363   36.3366292
  26.556781    36.3378458
  26.5564493   36.3390666
  26.5563392   36.3395042
  26.5557057   36.3396828
  26.5542364   36.3401179
  26.5527758   36.3405715
  26.5513242   36.3410436
  26.5498819   36.3415338
  26.5484494   36.3420423
  26.5470269   36.3425688
  26.5469604   36.3425939
  26.5455653   36.3431316
  26.5441807   36.3436867
  26.5428069   36.344259
  26.5414443   36.3448484
  26.5400932   36.3454547
  26.5387539   36.3460777
  26.5374267   36.3467174
  26.536112    36.3473736
  26.5348102   36.3480461
  26.5335213   36.3487348
  26.5322459   36.3494395
  26.5309843   36.35016
  26.5297366   36.3508961
  26.5285032   36.3516477
  26.5272844   36.3524146
  26.5260806   36.3531966
  26.5248919   36.3539936
  26.5237187   36.3548052
  26.5225613   36.3556314
  26.5214198   36.356472
  26.5202947   36.3573266
  26.5191862   36.3581952
  26.5180945   36.3590775
  26.51702     36.3599733
  26.5159627   36.3608824
  26.5149231   36.3618046
  26.5139014   36.3627396
  26.5128978   36.3636873
  26.5119125   36.3646473
  26.5109459   36.3656195
  26.509998    36.3666037
  26.5098638   36.3667453
  26.5089243   36.3677528
  26.5080046   36.368772
  26.5071047   36.3698026
  26.5062251   36.3708445
  26.5053659   36.3718974
  26.5045272   36.3729609
  26.5037094   36.3740349
  26.5029125   36.3751191
  26.5021369   36.3762132
  26.5013827   36.3773169
  26.50065     36.37843
  26.4999391   36.3795521
  26.4992501   36.3806831
  26.4985833   36.3818226
  26.4979387   36.3829704
  26.4973165   36.3841262
  26.4967169   36.3852896
  26.49614     36.3864605
  26.495586    36.3876385
  26.495055    36.3888233
  26.4945472   36.3900146
  26.4940626   36.3912122
  26.4936013   36.3924157
  26.4931636   36.3936249
  26.4927495   36.3948395
  26.492359    36.3960591
  26.4919924   36.3972834
  26.4916496   36.3985122
  26.4913308   36.3997452
  26.4910361   36.400982
  26.4907655   36.4022224
  26.4905191   36.403466
  26.4902969   36.4047125
  26.490099    36.4059617
  26.4899255   36.4072132
  26.4897763   36.4084667
  26.4896516   36.4097219
  26.4895514   36.4109785
  26.4894757   36.4122362
  26.4894244   36.4134947
  26.4893977   36.4147536
  26.4893955   36.4160127
  26.4894178   36.4172717
  26.4894646   36.4185302
  26.489536    36.419788
  26.4896318   36.4210446
  26.4897521   36.4222999
  26.4898968   36.4235535
  26.490066    36.4248051
  26.4902595   36.4260544
  26.4904773   36.4273011
  26.4907193   36.4285448
  26.4909856   36.4297854
  26.491276    36.4310224
  26.4915905   36.4322555
  26.4915962   36.432277
  26.4919374   36.4335157
  26.4923028   36.4347498
  26.4926925   36.4359791
  26.4931062   36.4372033
  26.493544    36.4384221
  26.4940056   36.4396351
  26.4944909   36.4408421
  26.495       36.4420427
  26.4955325   36.4432368
  26.4960884   36.4444238
  26.4966675   36.4456037
  26.4972698   36.446776
  26.497895    36.4479405
  26.4985429   36.4490969
  26.4992135   36.4502449
  26.4997141   36.4510677
END
9
  26.7206676   35.858806
  26.7203152   35.8595466
  26.7199693   35.8602914
  26.7194362   35.861467
  26.7189256   35.862649
  26.7184376   35.8638374
  26.7179724   35.8650316
  26.7175301   35.8662316
  26.7171107   35.8674369
  26.7167144   35.8686474
  26.7163413   35.8698626
  26.7159915   35.8710824
  26.715665    35.8723064
  26.7153619   35.8735343
  26.7150823   35.8747658
  26.7148263   35.8760007
  26.7145939   35.8772386
  26.7143852   35.8784793
  26.7142002   35.8797225
  26.714039    35.8809678
  26.7139015   35.8822149
  26.713788    35.8834636
  26.7136983   35.8847135
  26.7136325   35.8859644
  26.7135906   35.887216
  26.7135727   35.8884679
  26.7135786   35.8897199
  26.7136085   35.8909716
  26.7136623   35.8922228
  26.71374     35.8934731
  26.7138416   35.8947223
  26.713967    35.8959701
  26.7141163   35.8972161
  26.7142088   35.8979306
  26.7143883   35.8992174
  26.7145931   35.9005016
  26.7148234   35.9017831
  26.7150789   35.9030613
  26.7153597   35.9043361
  26.7156656   35.905607
  26.7159967   35.9068738
  26.7163527   35.9081361
  26.7166551   35.9091344
  26.7167633   35.9095913
  26.717085    35.9108428
  26.717431    35.91209
  26.7178014   35.9133326
  26.718196    35.9145703
  26.7186147   35.9158028
  26.7190574   35.9170297
  26.719524    35.9182508
  26.7200144   35.9194657
  26.7205284   35.9206742
  26.721066    35.921876
  26.721627    35.9230707
  26.7222112   35.924258
  26.7228185   35.9254377
  26.7234488   35.9266094
  26.7241019   35.927773
  26.7247776   35.928928
  26.7254758   35.9300741
  26.7261963   35.9312112
  26.7269389   35.9323389
  26.7277034   35.933457
  26.7284897   35.9345651
  26.7292975   35.9356629
  26.7293261   35.9357011
  26.7301132   35.9367343
  26.7309194   35.9377577
  26.7317444   35.9387712
  26.7325882   35.9397745
  26.7334505   35.9407675
  26.7343311   35.9417499
  26.7343554   35.9417765
  26.7352697   35.9427647
  26.7362025   35.9437413
  26.7371537   35.9447063
  26.7381229   35.9456594
  26.7391101   35.9466005
  26.7401149   35.9475291
  26.7411371   35.9484453
  26.7421764   35.9493486
  26.7432327   35.9502391
  26.7443057   35.9511163
  26.7453951   35.9519801
  26.7465006   35.9528304
  26.7468415   35.9530846
  26.7472576   35.9534178
  26.7484006   35.9543045
  26.7495608   35.9551763
  26.750738    35.9560331
  26.7519318   35.9568747
  26.7531419   35.9577009
  26.7543681   35.9585114
  26.7555046   35.9592386
  26.7555117   35.9592463
  26.7564633   35.9602411
  26.7574339   35.9612239
  26.7584233   35.9621943
  26.7594313   35.9631521
  26.7604575   35.9640971
  26.7615018   35.965029
  26.762564    35.9659476
  26.7636436   35.9668528
  26.7647406   35.9677442
  26.7658545   35.9686216
  26.7669852   35.9694849
  26.7670558   35.9695371
  26.7671044   35.9695749
  26.7682569   35.9704435
  26.7694261   35.9712973
  26.7706118   35.972136
  26.7718137   35.9729594
  26.7730315   35.9737674
  26.7742649   35.9745598
  26.7755136   35.9753363
  26.7767773   35.9760967
  26.7780556   35.9768409
  26.7793483   35.9775687
  26.780655    35.9782799
  26.7819754   35.9789743
  26.7833092   35.9796518
  26.7846561   35.9803121
  26.7860156   35.9809552
  26.7873875   35.9815808
  26.7887714   35.9821888
  26.7901671   35.9827791
  26.791574    35.9833515
  26.7929919   35.9839059
  26.7944205   35.984442
  26.7958593   35.9849599
  26.7973081   35.9854594
  26.7987664   35.9859402
  26.8002339   35.9864025
  26.8017102   35.9868459
  26.803195    35.9872704
  26.8046879   35.9876759
  26.8061885   35.9880623
  26.8074481   35.988369
  26.8074499   35.9883694
  26.8074506   35.9883696
  26.8076965   35.9884295
  26.8084138   35.9885942
  26.8089737   35.9887248
  26.8091656   35.9887668
  26.8092114   35.9887774
  26.8093501   35.9888073
  26.8105043   35.9890604
  26.8120413   35.9893764
  26.8135843   35.9896726
  26.8151329   35.9899489
  26.8166868   35.9902053
  26.8182455   35.9904416
  26.8198086   35.9906579
  26.8213758   35.9908541
  26.8229466   35.9910301
  26.8245207   35.9911859
  26.8260977   35.9913214
  26.8276771   35.9914367
  26.8292586   35.9915316
  26.8308417   35.9916062
  26.8324262   35.9916604
  26.8340114   35.9916943
  26.8355972   35.9917078
  26.837183    35.9917009
  26.8387685   35.9916736
  26.8403532   35.9916259
  26.8419368   35.9915579
  26.8435188   35.9914695
  26.845099    35.9913608
  26.8466768   35.9912318
  26.8468964   35.9912125
  26.8484342   35.991067
  26.849969    35.9909022
  26.8515004   35.9907182
  26.8530282   35.990515
  26.8545519   35.9902926
  26.8560711   35.9900512
  26.8575855   35.9897907
  26.8590948   35.9895112
  26.8605985   35.9892129
  26.8620963   35.9888957
  26.8635878   35.9885597
  26.8650727   35.9882051
  26.8665507   35.9878318
  26.8680213   35.9874401
  26.8694842   35.9870299
  26.8709391   35.9866015
  26.8723856   35.9861548
  26.8738234   35.98569
  26.8752521   35.9852072
  26.8766713   35.9847066
  26.8780808   35.9841882
  26.8794802   35.9836522
  26.8808692   35.9830986
  26.8822473   35.9825277
  26.8836144   35.9819396
  26.8836666   35.9819167
  26.8850598   35.9812944
  26.8864406   35.9806542
  26.8878086   35.9799962
  26.8891634   35.9793207
  26.8905048   35.9786278
  26.8918323   35.9779176
  26.8931457   35.9771904
  26.8944446   35.9764464
  26.8957287   35.9756857
  26.8969976   35.9749085
  26.898251    35.974115
  26.8994887   35.9733054
  26.9007103   35.97248
  26.9008798   35.9723617
  26.9012483   35.9721138
  26.9024308   35.9712928
  26.9035974   35.9704569
  26.9047476   35.9696064
  26.9058814   35.9687415
  26.9069983   35.9678623
  26.9080981   35.9669692
  26.9091806   35.9660622
  26.9102454   35.9651417
  26.9112924   35.9642078
  26.9123212   35.9632608
  26.9133316   35.9623009
  26.9143234   35.9613283
  26.9152964   35.9603433
  26.9162502   35.9593461
  26.9171846   35.958337
  26.9180996   35.9573162
  26.9189947   35.9562839
  26.9198698   35.9552405
  26.9207246   35.9541861
  26.9215591   35.953121
  26.9223729   35.9520455
  26.9231658   35.9509598
  26.9239377   35.9498642
  26.9246885   35.948759
  26.9254178   35.9476444
  26.9261255   35.9465208
  26.9268115   35.9453883
  26.9274756   35.9442472
  26.9281176   35.9430979
  26.9287373   35.9419406
  26.928768    35.941882
  26.929404    35.94064
  26.9300143   35.9393895
  26.9305989   35.9381309
  26.9311575   35.9368647
  26.93169     35.9355911
  26.9319551   35.9349205
  26.9319896   35.9348363
  26.9320579   35.9346604
  26.9321963   35.9343104
  26.9322541   35.9341554
  26.9324588   35.9336283
  26.9329046   35.9324145
  26.9333268   35.9311951
  26.9337254   35.9299705
  26.9341002   35.928741
  26.9344512   35.9275069
  26.9347783   35.9262685
  26.9350814   35.925026
  26.9353604   35.9237798
  26.9356153   35.9225302
  26.9358459   35.9212776
  26.9360523   35.9200221
  26.9362344   35.9187641
  26.9363921   35.917504
  26.9365255   35.916242
  26.9366343   35.9149784
  26.9367188   35.9137136
  26.9367787   35.9124479
  26.9368142   35.9111815
  26.9368252   35.9099148
  26.9368116   35.9086481
  26.9367736   35.9073817
  26.936711    35.906116
  26.936624    35.9048511
  26.9365126   35.9035875
  26.9363767   35.9023255
  26.9362164   35.9010653
  26.9360317   35.8998073
  26.9358228   35.8985518
  26.9355896   35.897299
  26.9353322   35.8960493
  26.9350506   35.8948031
  26.934745    35.8935605
  26.9344154   35.892322
  26.9340619   35.8910878
  26.9336845   35.8898582
  26.9332835   35.8886335
  26.9328587   35.887414
  26.9328029   35.8872585
  26.9323571   35.886051
  26.9318882   35.8848492
  26.9313961   35.8836535
  26.9308812   35.8824641
  26.9303434   35.8812814
  26.9297829   35.8801056
  26.9291999   35.878937
  26.9285945   35.8777758
  26.9279668   35.8766225
  26.9274709   35.8757484
  26.9274735   35.8751167
  26.9274546   35.8738565
  26.9274115   35.8725967
  26.9273441   35.8713375
  26.9272526   35.8700793
  26.927245    35.8699871
  26.9271312   35.8687495
  26.926994    35.8675135
  26.9268334   35.8662793
  26.9266495   35.8650472
  26.9264423   35.8638175
  26.9262118   35.8625906
  26.9259581   35.8613666
  26.9256813   35.8601459
  26.9253814   35.8589288
  26.9250585   35.8577155
  26.9250326   35.8576217
  26.9246786   35.8563851
  26.9243008   35.8551531
  26.9238991   35.8539261
  26.9234738   35.8527043
  26.9230248   35.8514881
  26.9225524   35.8502777
  26.9220565   35.8490735
  26.9215375   35.8478756
  26.9209953   35.8466845
  26.9204301   35.8455005
  26.919842    35.8443237
  26.9192313   35.8431546
  26.918598    35.8419933
  26.9179423   35.8408403
  26.9172644   35.8396957
  26.9165644   35.8385598
  26.9158425   35.837433
  26.9150989   35.8363155
  26.9143337   35.8352075
  26.9135472   35.8341094
  26.9127395   35.8330215
  26.9119109   35.8319439
  26.9110616   35.830877
  26.9101916   35.829821
  26.9093014   35.8287762
  26.908391    35.8277428
  26.9074608   35.8267212
  26.9065109   35.8257114
  26.9055416   35.8247139
  26.9045531   35.8237288
  26.9035456   35.8227564
  26.9025195   35.821797
  26.9014749   35.8208506
  26.9004122   35.8199177
  26.8993315   35.8189984
  26.8982332   35.818093
  26.8977698   35.8177169
  26.8965825   35.8167693
  26.8953759   35.815838
  26.8941503   35.814923
  26.8929061   35.8140248
  26.8916435   35.8131435
  26.890363    35.8122794
  26.8890649   35.8114328
  26.888709    35.8112046
  26.8874416   35.8104053
  26.8861584   35.8096227
  26.8848599   35.8088569
  26.8835464   35.8081081
  26.8822182   35.8073765
  26.8808757   35.8066624
  26.8795192   35.8059658
  26.8795142   35.8059633
  26.8786625   35.805506
  26.8773404   35.80482
  26.8760051   35.804151
  26.874657    35.803499
  26.8732965   35.8028643
  26.8719239   35.8022471
  26.8714139   35.802022
  26.8700478   35.8014301
  26.8686705   35.8008555
  26.8672824   35.8002983
  26.8658839   35.7997586
  26.8644752   35.7992366
  26.8630566   35.7987324
  26.8616286   35.798246
  26.8601915   35.7977777
  26.8587456   35.7973276
  26.8572912   35.7968957
  26.8558287   35.7964821
  26.8543586   35.796087
  26.85399     35.7959905
  26.8525059   35.7956123
  26.8510147   35.7952529
  26.8495169   35.7949125
  26.8480127   35.794591
  26.8465024   35.7942885
  26.8449866   35.7940052
  26.8434655   35.793741
  26.8419395   35.7934961
  26.840409    35.7932706
  26.8388743   35.7930644
  26.8373359   35.7928776
  26.835794    35.7927103
  26.8342491   35.7925625
  26.8327016   35.7924343
  26.8311518   35.7923256
  26.8296001   35.7922365
  26.8280469   35.7921671
  26.8264926   35.7921173
  26.8249374   35.7920872
  26.8233819   35.7920767
  26.8218264   35.7920858
  26.8202712   35.7921147
  26.8187168   35.7921632
  26.8171635   35.7922313
  26.8156117   35.7923191
  26.8140617   35.7924264
  26.812514    35.7925534
  26.810969    35.7926999
  26.8094269   35.7928659
  26.8078883   35.7930513
  26.8063533   35.7932562
  26.8048225   35.7934805
  26.8032962   35.7937241
  26.8017748   35.793987
  26.8002586   35.794269
  26.7987479   35.7945702
  26.7972433   35.7948905
  26.795745    35.7952297
  26.7955038   35.7952859
  26.793999    35.7956473
  26.7925014   35.7960278
  26.7910114   35.7964274
  26.7895293   35.7968459
  26.7880554   35.7972833
  26.7865903   35.7977394
  26.7851341   35.7982141
  26.7836874   35.7987073
  26.7822504   35.7992189
  26.7808234   35.7997488
  26.779407    35.8002968
  26.7780013   35.8008627
  26.7766068   35.8014466
  26.7752237   35.8020481
  26.7738525   35.8026672
  26.7724935   35.8033037
  26.7711469   35.8039574
  26.7698132   35.8046282
  26.7684927   35.805316
  26.7671857   35.8060205
  26.7658924   35.8067415
  26.7646134   35.807479
  26.7633487   35.8082326
  26.7620989   35.8090023
  26.7608641   35.8097878
  26.7596447   35.810589
  26.758441    35.8114055
  26.7572532   35.8122374
  26.7560817   35.8130842
  26.7549268   35.8139459
  26.7537888   35.8148222
  26.7526678   35.8157129
  26.7515643   35.8166177
  26.7504785   35.8175365
  26.7494106   35.818469
  26.7483609   35.819415
  26.7473297   35.8203742
  26.7463172   35.8213465
  26.7453237   35.8223316
  26.7443494   35.8233291
  26.7433946   35.824339
  26.7424594   35.8253609
  26.7415442   35.8263945
  26.7406492   35.8274397
  26.7397745   35.8284962
  26.7389204   35.8295636
  26.7380872   35.8306418
  26.7372749   35.8317305
  26.7364838   35.8328294
  26.7357142   35.8339382
  26.7349662   35.8350567
  26.7345725   35.8356679
  26.7344342   35.8358255
  26.7335316   35.836889
  26.7326501   35.837964
  26.7317898   35.8390503
  26.730951    35.8401475
  26.7301339   35.8412555
  26.7293388   35.8423738
  26.7285657   35.8435023
  26.7278149   35.8446406
  26.7270866   35.8457884
  26.726381    35.8469456
  26.7256983   35.8481116
  26.7250386   35.8492864
  26.7244021   35.8504694
  26.7237889   35.8516606
  26.7231993   35.8528595
  26.7226334   35.8540659
  26.7220912   35.8552794
  26.721573    35.8564997
  26.7210789   35.8577266
  26.7206676   35.858806
END
10
  27.0192556   35.3191773
  27.0191648   35.3191398
  27.0177537   35.3185794
  27.0169645   35.3182723
  27.0155777   35.3177431
  27.0141811   35.3172313
  27.0138762   35.3171241
  27.0131129   35.3162636
  27.0121007   35.3151622
  27.0110658   35.3140749
  27.0098146   35.312783
  27.0088375   35.3117902
  27.0078415   35.3108099
  27.0068268   35.3098424
  27.0057938   35.308888
  27.0047425   35.3079469
  27.0036734   35.3070193
  27.0025866   35.3061054
  27.0014825   35.3052055
  27.0003613   35.3043198
  26.9992232   35.3034484
  26.9980686   35.3025917
  26.9968977   35.3017499
  26.9957108   35.300923
  26.9945082   35.3001114
  26.9932903   35.2993152
  26.9920572   35.2985347
  26.9908094   35.2977699
  26.989547    35.2970212
  26.9882704   35.2962887
  26.98698     35.2955725
  26.985676    35.2948729
  26.9843588   35.29419
  26.9830287   35.293524
  26.981686    35.292875
  26.980331    35.2922433
  26.978964    35.2916289
  26.9775855   35.291032
  26.9761957   35.2904528
  26.974795    35.2898913
  26.9733837   35.2893479
  26.9719621   35.2888224
  26.9705307   35.2883152
  26.9690898   35.2878263
  26.9676396   35.2873559
  26.9661806   35.286904
  26.9647132   35.2864708
  26.9632376   35.2860563
  26.9617543   35.2856607
  26.9602635   35.2852841
  26.9587658   35.2849266
  26.9584375   35.2848528
  26.9583412   35.2847661
  26.9572661   35.2838289
  26.9561731   35.2829057
  26.9550624   35.2819967
  26.9539344   35.281102
  26.9527891   35.280222
  26.9516271   35.2793567
  26.9504485   35.2785066
  26.9492536   35.2776716
  26.9480427   35.2768522
  26.9468162   35.2760484
  26.9455743   35.2752605
  26.9443174   35.2744886
  26.9430458   35.273733
  26.9417597   35.2729938
  26.9404595   35.2722713
  26.9391455   35.2715656
  26.9385013   35.2712255
  26.9371921   35.2705461
  26.9358702   35.2698833
  26.9345358   35.2692374
  26.9331892   35.2686086
  26.9318309   35.2679968
  26.930461    35.2674024
  26.9290801   35.2668254
  26.9276883   35.266266
  26.926286    35.2657243
  26.9248736   35.2652005
  26.9234514   35.2646947
  26.9220197   35.264207
  26.9205789   35.2637374
  26.9191294   35.2632863
  26.9176715   35.2628535
  26.9162054   35.2624394
  26.9147317   35.2620438
  26.9132507   35.261667
  26.9117626   35.2613091
  26.9102679   35.2609701
  26.908767    35.2606501
  26.9072601   35.2603491
  26.9057477   35.2600673
  26.9042301   35.2598048
  26.9027077   35.2595615
  26.9011808   35.2593376
  26.8996499   35.2591331
  26.8981152   35.258948
  26.8965773   35.2587824
  26.8950363   35.2586364
  26.8934928   35.2585099
  26.891947    35.2584031
  26.8912742   35.2583652
  26.8912237   35.2583608
  26.8896636   35.2582462
  26.8881015   35.2581516
  26.8865377   35.258077
  26.8849727   35.2580225
  26.8834069   35.2579881
  26.8818405   35.2579737
  26.8802741   35.2579794
  26.878708    35.2580051
  26.8771426   35.2580509
  26.8755783   35.2581168
  26.8740154   35.2582027
  26.8724543   35.2583086
  26.8708955   35.2584345
  26.8693393   35.2585804
  26.8677861   35.2587462
  26.8665111   35.2588989
  26.865333    35.2589159
  26.8637653   35.2589586
  26.8621986   35.2590213
  26.8606334   35.2591042
  26.8590699   35.2592072
  26.8575086   35.2593302
  26.8559498   35.2594732
  26.854394    35.2596362
  26.8528416   35.2598192
  26.8512928   35.260022
  26.8497481   35.2602447
  26.848208    35.2604872
  26.8466726   35.2607494
  26.8451425   35.2610313
  26.8436181   35.2613327
  26.8420996   35.2616537
  26.8405874   35.2619941
  26.839082    35.2623539
  26.8375838   35.262733
  26.836093    35.2631312
  26.83461     35.2635485
  26.8331353   35.2639848
  26.8316691   35.26444
  26.8302119   35.2649138
  26.828764    35.2654064
  26.8273257   35.2659174
  26.8258975   35.2664468
  26.8244796   35.2669945
  26.8243991   35.2670263
  26.822995    35.2675908
  26.821602    35.2681732
  26.8202203   35.2687734
  26.8188503   35.2693912
  26.8183182   35.2696401
  26.8177752   35.2697752
  26.816308    35.2701608
  26.8148483   35.2705647
  26.8133963   35.270987
  26.8119526   35.2714276
  26.8105173   35.2718863
  26.8090909   35.2723631
  26.8076737   35.2728577
  26.806266    35.2733702
  26.8048681   35.2739003
  26.8034805   35.2744481
  26.8021033   35.2750132
  26.8007371   35.2755956
  26.799382    35.2761952
  26.7980384   35.2768117
  26.7967066   35.2774452
  26.7953869   35.2780953
  26.7940798   35.278762
  26.7927853   35.2794451
  26.791504    35.2801444
  26.790236    35.2808597
  26.7889818   35.281591
  26.7877414   35.282338
  26.7874971   35.2824875
  26.7862541   35.2832607
  26.7850261   35.2840498
  26.7838133   35.2848544
  26.7829665   35.2854345
  26.7818166   35.2858593
  26.7804049   35.2864027
  26.7790038   35.286964
  26.7776137   35.2875432
  26.7762348   35.28814
  26.7748675   35.2887543
  26.7735121   35.289386
  26.772169    35.2900349
  26.7708385   35.2907009
  26.7695209   35.2913838
  26.7682165   35.2920834
  26.7681433   35.2921233
  26.7668628   35.2928337
  26.7655959   35.2935602
  26.764343    35.2943026
  26.7631044   35.2950607
  26.7618803   35.2958345
  26.7606711   35.2966237
  26.759477    35.297428
  26.7582983   35.2982474
  26.7571354   35.2990816
  26.7559884   35.2999304
  26.7548577   35.3007936
  26.7537436   35.301671
  26.7526463   35.3025624
  26.751566    35.3034675
  26.7505031   35.3043862
  26.7494577   35.3053183
  26.7484302   35.3062634
  26.7474208   35.3072215
  26.7464297   35.3081922
  26.7454572   35.3091753
  26.7445035   35.3101706
  26.7435688   35.3111778
  26.7426533   35.3121967
  26.7417574   35.3132271
  26.7408811   35.3142686
  26.7400248   35.3153211
  26.7391885   35.3163844
  26.7383726   35.317458
  26.737867    35.318135
  26.7370583   35.3192372
  26.736271    35.3203496
  26.7355054   35.3214721
  26.7347615   35.3226042
  26.7340396   35.3237457
  26.7333398   35.3248964
  26.7326624   35.3260559
  26.7320075   35.327224
  26.7313753   35.3284003
  26.7307658   35.3295847
  26.7301794   35.3307767
  26.729616    35.331976
  26.7290759   35.3331825
  26.7288855   35.3336184
  26.7283728   35.334822
  26.7278833   35.336032
  26.727417    35.337248
  26.7269741   35.3384698
  26.7265547   35.3396971
  26.7261589   35.3409296
  26.7257867   35.342167
  26.7254384   35.343409
  26.7251139   35.3446552
  26.7248133   35.3459054
  26.7245368   35.3471593
  26.7242844   35.3484165
  26.7240561   35.3496767
  26.723852    35.3509398
  26.7236722   35.3522052
  26.7235166   35.3534727
  26.7233854   35.3547421
  26.7232786   35.356013
  26.7231962   35.357285
  26.7231381   35.358558
  26.7231046   35.3598315
  26.7230954   35.3611052
  26.7231107   35.3623789
  26.7231504   35.3636522
  26.7232145   35.3649248
  26.7233031   35.3661965
  26.7233164   35.3663643
  26.7234347   35.367689
  26.7235795   35.3690119
  26.7237508   35.3703327
  26.7239484   35.371651
  26.7241725   35.3729665
  26.7244228   35.3742788
  26.7246993   35.3755876
  26.725002    35.3768925
  26.7253308   35.3781932
  26.7256855   35.3794893
  26.7260662   35.3807805
  26.7264726   35.3820665
  26.7266114   35.3824913
  26.727028    35.3837271
  26.7274684   35.3849573
  26.7279326   35.3861818
  26.7284203   35.3874001
  26.7289315   35.388612
  26.729466    35.3898171
  26.7300238   35.3910153
  26.7306046   35.392206
  26.7312084   35.3933892
  26.7314575   35.3938667
  26.7322079   35.3952685
  26.7322762   35.3953898
  26.732123    35.3956444
  26.7314615   35.3967881
  26.7308218   35.39794
  26.7302042   35.3990999
  26.7296088   35.4002674
  26.7290357   35.4014423
  26.7284851   35.4026243
  26.7279571   35.4038132
  26.7274518   35.4050085
  26.7269693   35.4062101
  26.7265099   35.4074176
  26.7260735   35.4086308
  26.7256602   35.4098494
  26.7252703   35.411073
  26.7251235   35.4115488
  26.7247536   35.4127888
  26.7244076   35.4140333
  26.7240856   35.415282
  26.7237877   35.4165347
  26.7235139   35.4177911
  26.7232644   35.4190507
  26.7230391   35.4203134
  26.7228382   35.4215788
  26.7226616   35.4228465
  26.7225094   35.4241164
  26.7223817   35.425388
  26.7222785   35.4266611
  26.7221999   35.4279353
  26.7221457   35.4292104
  26.7221161   35.4304859
  26.7221111   35.4317617
  26.7221306   35.4330373
  26.7221747   35.4343126
  26.7222433   35.435587
  26.7223364   35.4368605
  26.7224541   35.4381325
  26.7225962   35.4394029
  26.7227628   35.4406713
  26.7229537   35.4419374
  26.723169    35.4432009
  26.7234086   35.4444614
  26.7236725   35.4457187
  26.7239605   35.4469725
  26.7242726   35.4482224
  26.7246088   35.4494681
  26.7249689   35.4507094
  26.7253528   35.4519459
  26.7257605   35.4531773
  26.7261919   35.4544034
  26.7266468   35.4556237
  26.7271252   35.4568381
  26.7276269   35.4580462
  26.7281518   35.4592478
  26.7286998   35.4604424
  26.7292707   35.4616299
  26.7298644   35.46281
  26.7304807   35.4639823
  26.7311196   35.4651465
  26.7312501   35.4653794
  26.7319163   35.466544
  26.7326051   35.4676999
  26.7333163   35.4688468
  26.7340495   35.4699843
  26.7348048   35.4711123
  26.7355819   35.4722303
  26.7363805   35.4733382
  26.7372006   35.4744357
  26.7380418   35.4755225
  26.7389041   35.4765983
  26.7397871   35.4776629
  26.7406907   35.4787159
  26.7416145   35.4797572
  26.7425585   35.4807864
  26.7435223   35.4818034
  26.7445058   35.4828078
  26.7445958   35.4828982
  26.7455995   35.4838907
  26.7466223   35.4848701
  26.7476641   35.4858362
  26.7487245   35.4867888
  26.7498033   35.4877276
  26.7509002   35.4886523
  26.7520149   35.4895628
  26.7531471   35.4904589
  26.7542966   35.4913402
  26.7554631   35.4922066
  26.7566463   35.4930579
  26.7578458   35.4938938
  26.7590615   35.4947141
  26.7602929   35.4955187
  26.7615398   35.4963073
  26.7628019   35.4970797
  26.7640789   35.4978358
  26.7653703   35.4985754
  26.766676    35.4992982
  26.7679955   35.5000041
  26.7693286   35.5006929
  26.7706749   35.5013645
  26.7720341   35.5020186
  26.7734059   35.5026552
  26.7747898   35.503274
  26.7761856   35.5038749
  26.7775928   35.5044577
  26.7790113   35.5050224
  26.7804405   35.5055687
  26.7812769   35.5058754
  26.781889    35.5062582
  26.7831538   35.5070237
  26.7844333   35.5077728
  26.7857271   35.5085054
  26.787035    35.5092213
  26.7883566   35.5099203
  26.7896917   35.5106022
  26.7910397   35.5112669
  26.7924005   35.5119141
  26.7937737   35.5125438
  26.7951589   35.5131557
  26.7965559   35.5137497
  26.7979641   35.5143257
  26.7993834   35.5148836
  26.8008133   35.5154231
  26.8022535   35.5159442
  26.8037036   35.5164467
  26.8051633   35.5169305
  26.8066322   35.5173955
  26.80811     35.5178415
  26.8095962   35.5182685
  26.8110905   35.5186764
  26.8125925   35.519065
  26.8141019   35.5194342
  26.8156182   35.519784
  26.8171412   35.5201143
  26.8186703   35.5204249
  26.8192926   35.5205471
  26.820776    35.5208286
  26.8222644   35.5210916
  26.8237576   35.5213362
  26.8252552   35.5215621
  26.8267568   35.5217695
  26.8282622   35.5219581
  26.8297709   35.5221281
  26.8300019   35.5221512
  26.8314117   35.5224823
  26.8329138   35.5228147
  26.8344222   35.5231279
  26.8359364   35.523422
  26.837456    35.5236968
  26.8389808   35.5239522
  26.8405102   35.5241883
  26.842044    35.524405
  26.8431742   35.5245499
  26.8432975   35.5246163
  26.8446131   35.5253019
  26.8459418   35.5259705
  26.8472832   35.5266222
  26.8486369   35.5272567
  26.8500027   35.5278739
  26.8513802   35.5284736
  26.852769    35.5290557
  26.8541689   35.52962
  26.8555794   35.5301664
  26.8570003   35.5306948
  26.8584311   35.531205
  26.8598716   35.531697
  26.8613214   35.5321705
  26.8627801   35.5326255
  26.8642474   35.5330619
  26.8657229   35.5334795
  26.8672063   35.5338783
  26.8676183   35.5339833
  26.8688703   35.5344641
  26.8702897   35.5349874
  26.8717191   35.5354927
  26.8731579   35.5359797
  26.8746059   35.5364483
  26.8760628   35.5368985
  26.8775281   35.5373301
  26.8790015   35.5377431
  26.8804826   35.5381373
  26.8819711   35.5385126
  26.8834666   35.538869
  26.8849688   35.5392063
  26.8864773   35.5395246
  26.8879917   35.5398236
  26.8895117   35.5401033
  26.8910368   35.5403637
  26.8925667   35.5406047
  26.8941011   35.5408262
  26.8956396   35.5410282
  26.8971817   35.5412106
  26.8987271   35.5413734
  26.9002755   35.5415166
  26.9018265   35.5416401
  26.9033796   35.5417439
  26.9049345   35.5418279
  26.9064908   35.5418922
  26.9080482   35.5419367
  26.9096063   35.5419614
  26.9111646   35.5419663
  26.9127228   35.5419514
  26.9142806   35.5419167
  26.9143539   35.5419146
  26.9159081   35.5418602
  26.917461    35.5417862
  26.9190124   35.5416925
  26.9205618   35.5415791
  26.9221088   35.541446
  26.923653    35.5412934
  26.9251942   35.5411212
  26.9267319   35.5409295
  26.9282657   35.5407183
  26.9297953   35.5404877
  26.9313203   35.5402377
  26.9328403   35.5399684
  26.934355    35.5396799
  26.9358639   35.5393722
  26.9373668   35.5390454
  26.9388633   35.5386995
  26.9403529   35.5383348
  26.9418354   35.5379512
  26.9433103   35.5375488
  26.9447774   35.5371278
  26.9462362   35.5366882
  26.9476864   35.5362302
  26.9491277   35.5357538
  26.9505597   35.5352592
  26.951982    35.5347465
  26.9533944   35.5342159
  26.9547964   35.5336674
  26.9561877   35.5331011
  26.957568    35.5325173
  26.958937    35.5319161
  26.9602943   35.5312975
  26.9616396   35.5306618
  26.9629725   35.5300092
  26.9642928   35.5293397
  26.9656001   35.5286535
  26.9668942   35.5279508
  26.9681746   35.5272318
  26.969441    35.5264966
  26.9706933   35.5257455
  26.971931    35.5249785
  26.9731539   35.524196
  26.9743616   35.523398
  26.9755539   35.5225848
  26.9767305   35.5217565
  26.9778911   35.5209135
  26.9790354   35.5200558
  26.9791257   35.519987
  26.9802857   35.5190895
  26.9804176   35.5189842
  26.9813911   35.5188932
  26.9829342   35.5187292
  26.984474    35.5185455
  26.9860101   35.5183424
  26.987542    35.5181198
  26.9883103   35.517998
  26.9892572   35.5181992
  26.9907931   35.5185045
  26.9923346   35.5187899
  26.9938816   35.5190554
  26.9954335   35.5193009
  26.99699     35.5195264
  26.9979285   35.5196499
  26.9975005   35.52011
  26.9965642   35.5211503
  26.9956483   35.5222025
  26.9949059   35.5230699
  26.9940069   35.5241383
  26.9937689   35.524431
  26.993706    35.5244975
  26.9927757   35.5255117
  26.991865    35.5265375
  26.990974    35.5275747
  26.990103    35.5286231
  26.9892521   35.5296825
  26.9884217   35.5307524
  26.9876118   35.5318327
  26.9868227   35.5329232
  26.9860545   35.5340235
  26.9858066   35.5343919
  26.9851648   35.5350239
  26.9841853   35.5360197
  26.9832252   35.5370279
  26.9822847   35.5380483
  26.9813639   35.5390805
  26.9804632   35.5401243
  26.9795828   35.5411795
  26.9787228   35.5422458
  26.9778835   35.543323
  26.9770651   35.5444107
  26.9762678   35.5455087
  26.9754917   35.5466168
  26.9747372   35.5477346
  26.9740043   35.5488619
  26.9739549   35.5489408
  26.9737694   35.5491593
  26.9728991   35.5502195
  26.9720493   35.5512907
  26.9712203   35.5523726
  26.9704122   35.5534649
  26.9696254   35.5545674
  26.9688599   35.5556798
  26.9681159   35.5568018
  26.9673937   35.5579332
  26.9666934   35.5590737
  26.9660153   35.5602229
  26.9653593   35.5613806
  26.9647258   35.5625466
  26.9642853   35.5633931
  26.9636898   35.5644544
  26.9630648   35.565616
  26.9624622   35.5667853
  26.9618821   35.5679622
  26.9613247   35.5691463
  26.9607901   35.5703372
  26.9602784   35.5715349
  26.9597897   35.5727388
  26.9593242   35.5739488
  26.9590522   35.5746757
  26.958605    35.5759058
  26.9581817   35.5771414
  26.9577824   35.5783823
  26.9574073   35.5796281
  26.9570565   35.5808786
  26.95673     35.5821334
  26.9564279   35.5833923
  26.9561503   35.5846548
  26.9558973   35.5859207
  26.9556688   35.5871898
  26.9554651   35.5884615
  26.9552861   35.5897357
  26.9551319   35.591012
  26.9550025   35.5922902
  26.9548979   35.5935698
  26.9548182   35.5948505
  26.9547634   35.5961321
  26.9547335   35.5974143
  26.9547285   35.5986966
  26.9547485   35.5999788
  26.9547933   35.6012606
  26.9548631   35.6025417
  26.9549577   35.6038216
  26.9550772   35.6051002
  26.9552215   35.606377
  26.9553906   35.6076518
  26.9555845   35.6089243
  26.955803    35.6101941
  26.9560463   35.6114609
  26.9563141   35.6127244
  26.9566064   35.6139843
  26.9569231   35.6152402
  26.9572643   35.6164919
  26.9576297   35.6177391
  26.9580193   35.6189814
  26.958433    35.6202185
  26.9588707   35.6214501
  26.9593323   35.6226759
  26.9598176   35.6238956
  26.9603266   35.625109
  26.9608591   35.6263156
  26.961415    35.6275152
  26.9619941   35.6287075
  26.9625964   35.6298922
  26.9632216   35.631069
  26.9638696   35.6322376
  26.9645402   35.6333977
  26.9652333   35.6345491
  26.9659487   35.6356914
  26.9666862   35.6368243
  26.9674456   35.6379476
  26.9682268   35.6390611
  26.9690295   35.6401643
  26.9698535   35.6412571
  26.9706987   35.6423391
  26.9715649   35.6434101
  26.9724517   35.6444699
  26.9733591   35.6455181
  26.9742867   35.6465546
  26.9752343   35.647579
  26.9762017   35.6485911
  26.9771887   35.6495906
  26.978195    35.6505773
  26.9792204   35.651551
  26.9802645   35.6525114
  26.9813273   35.6534582
  26.9824082   35.6543913
  26.9835072   35.6553103
  26.9846239   35.6562152
  26.9851361   35.6566237
  26.9862537   35.6575012
  26.987388    35.6583645
  26.9885386   35.6592133
  26.9897054   35.6600475
  26.990888    35.6608668
  26.9920862   35.661671
  26.9932997   35.6624599
  26.9945281   35.6632334
  26.9957712   35.6639913
  26.9970287   35.6647333
  26.9983002   35.6654594
  26.9992937   35.6660081
  26.9993098   35.66602
  27.0004681   35.6668504
  27.0006662   35.666988
  27.0012075   35.6676359
  27.0021055   35.6686754
  27.0030234   35.6697033
  27.003961    35.6707193
  27.0049181   35.6717234
  27.0058945   35.6727151
  27.0068898   35.6736942
  27.0079039   35.6746606
  27.0089365   35.6756139
  27.0099873   35.676554
  27.0107561   35.6772205
  27.0112758   35.677752
  27.0122625   35.6787297
  27.013268    35.6796947
  27.0142918   35.6806469
  27.0153338   35.681586
  27.0163937   35.6825118
  27.0174713   35.683424
  27.0185662   35.6843224
  27.0196782   35.6852069
  27.0200664   35.6855061
  27.0201411   35.6857704
  27.0205137   35.6869996
  27.0209098   35.6882239
  27.0213295   35.6894429
  27.0217725   35.6906565
  27.0222388   35.6918643
  27.0227282   35.693066
  27.0231687   35.6941199
  27.0236821   35.6953173
  27.0242185   35.6965081
  27.0247778   35.6976919
  27.0253598   35.6988684
  27.0259644   35.7000373
  27.0260076   35.7001172
  27.0262546   35.7008187
  27.0267104   35.70204
  27.0271898   35.7032554
  27.0273662   35.7036908
  27.0276018   35.704257
  27.0276082   35.7042766
  27.0278753   35.7050635
  27.0282909   35.7062524
  27.0287288   35.707436
  27.0291888   35.708614
  27.0296709   35.7097861
  27.030175    35.7109522
  27.0307009   35.7121118
  27.0312485   35.7132648
  27.0318177   35.7144108
  27.0321596   35.7150702
  27.0325083   35.7158371
  27.0330728   35.7170212
  27.03366     35.718198
  27.0342699   35.7193671
  27.0349023   35.7205283
  27.035557    35.7216813
  27.0362338   35.7228258
  27.0369327   35.7239615
  27.0376534   35.7250882
  27.0383957   35.7262056
  27.0391596   35.7273134
  27.0399447   35.7284113
  27.0407509   35.7294991
  27.0415779   35.7305765
  27.0424257   35.7316432
  27.043294    35.732699
  27.0441825   35.7337436
  27.0450662   35.7347485
  27.0455387   35.735866
  27.0460659   35.7370523
  27.0466158   35.7382317
  27.0471882   35.739404
  27.047783    35.740569
  27.0484001   35.7417263
  27.0490393   35.7428756
  27.0497005   35.7440167
  27.0503834   35.7451493
  27.051088    35.7462731
  27.0518141   35.7473878
  27.0525614   35.7484933
  27.0533299   35.7495891
  27.0541193   35.7506751
  27.0549294   35.751751
  27.05576     35.7528165
  27.056611    35.7538714
  27.0574821   35.7549153
  27.0583732   35.7559482
  27.0592839   35.7569696
  27.0602141   35.7579794
  27.0611636   35.7589773
  27.0611838   35.758998
  27.0611917   35.7591674
  27.0612508   35.7602188
  27.061248    35.7610147
  27.0612673   35.7622635
  27.0613104   35.7635118
  27.0613772   35.7647594
  27.0614677   35.766006
  27.0615818   35.7672513
  27.0617196   35.768495
  27.061881    35.7697368
  27.062066    35.7709765
  27.0622746   35.7722136
  27.0625066   35.773448
  27.062762    35.7746793
  27.0627911   35.7748076
  27.0628384   35.775278
  27.0629723   35.7764975
  27.0631289   35.7777153
  27.0632949   35.7788408
  27.0633443   35.7793187
  27.063503    35.7806083
  27.0636872   35.7818956
  27.0638968   35.7831803
  27.0641067   35.784326
  27.0642396   35.7853419
  27.0644242   35.7866518
  27.0646248   35.7878955
  27.0646037   35.7879852
  27.0643343   35.7892366
  27.0640891   35.7904914
  27.0638683   35.791749
  27.0636718   35.7930093
  27.0634997   35.794272
  27.063352    35.7955366
  27.0632288   35.796803
  27.0631302   35.7980707
  27.063056    35.7993395
  27.0630064   35.8006091
  27.0629814   35.8018791
  27.062981    35.8031493
  27.0630051   35.8044193
  27.0630538   35.8056889
  27.063127    35.8069576
  27.0632248   35.8082252
  27.063347    35.8094914
  27.0634938   35.8107559
  27.063665    35.8120183
  27.0638606   35.8132784
  27.0640806   35.8145358
  27.0643248   35.8157902
  27.0645933   35.8170414
  27.064886    35.818289
  27.0652028   35.8195326
  27.0655436   35.8207721
  27.0659083   35.8220071
  27.0662969   35.8232372
  27.0663392   35.8233669
  27.066748    35.8245817
  27.0671801   35.8257911
  27.0676353   35.826995
  27.0681135   35.8281929
  27.0686147   35.8293847
  27.0691387   35.8305699
  27.0696853   35.8317484
  27.0702546   35.8329199
  27.0708462   35.834084
  27.0714601   35.8352405
  27.0720961   35.836389
  27.072754    35.8375295
  27.0734338   35.8386614
  27.0741352   35.8397846
  27.0748581   35.8408989
  27.0756023   35.8420038
  27.0763676   35.8430993
  27.0771538   35.8441849
  27.0779608   35.8452605
  27.0787883   35.8463257
  27.0796362   35.8473804
  27.0805042   35.8484242
  27.0813921   35.849457
  27.0822998   35.8504784
  27.0832269   35.8514882
  27.0841733   35.8524862
  27.0851387   35.8534722
  27.0861063   35.8544293
  27.0861044   35.8544482
  27.0860018   35.8557255
  27.0859242   35.8570039
  27.0858715   35.8582832
  27.0858438   35.8595629
  27.0858411   35.8608428
  27.0858634   35.8621226
  27.0859107   35.8634018
  27.0859829   35.8646803
  27.0860801   35.8659577
  27.0862022   35.8672337
  27.0863492   35.8685079
  27.086521    35.8697801
  27.0867177   35.8710499
  27.0869391   35.8723169
  27.0871853   35.873581
  27.087456    35.8748417
  27.0877514   35.8760988
  27.0880713   35.8773519
  27.0884156   35.8786007
  27.0887842   35.879845
  27.0891093   35.8809052
  27.0894996   35.8821365
  27.0899137   35.8833627
  27.0903515   35.8845834
  27.090813    35.8857983
  27.091298    35.8870073
  27.0918063   35.8882098
  27.092338    35.8894058
  27.0928927   35.8905948
  27.0934705   35.8917765
  27.0940711   35.8929508
  27.0946945   35.8941172
  27.0953404   35.8952756
  27.0960086   35.8964255
  27.0966992   35.8975668
  27.0974117   35.8986992
  27.0975186   35.8988625
  27.0978786   35.8994431
  27.0986008   35.9005636
  27.0993445   35.9016748
  27.1001096   35.9027765
  27.1008959   35.9038683
  27.1017031   35.9049499
  27.1025311   35.9060213
  27.1033797   35.907082
  27.1042486   35.9081318
  27.1051377   35.9091704
  27.1060467   35.9101977
  27.1069755   35.9112133
  27.1079237   35.912217
  27.1088912   35.9132086
  27.1098777   35.9141878
  27.1103992   35.9146893
  27.1106468   35.914938
  27.1116532   35.9159167
  27.1126785   35.9168826
  27.1137224   35.9178352
  27.1147848   35.9187743
  27.1158652   35.9196998
  27.1169636   35.9206114
  27.1180795   35.9215088
  27.1192128   35.9223918
  27.1203631   35.9232603
  27.1213711   35.9239976
  27.1216076   35.9246479
  27.1220697   35.9258489
  27.1225548   35.9270439
  27.1230629   35.9282326
  27.1235937   35.9294148
  27.1241472   35.9305901
  27.1247232   35.9317583
  27.1253215   35.932919
  27.1259422   35.9340721
  27.1265849   35.9352172
  27.1272495   35.936354
  27.1273025   35.9364429
  27.1279988   35.9375871
  27.1287173   35.9387223
  27.1294578   35.9398482
  27.1302202   35.9409644
  27.1310043   35.9420708
  27.1318098   35.943167
  27.1326367   35.9442527
  27.1334845   35.9453277
  27.1343532   35.9463918
  27.1352426   35.9474445
  27.1361524   35.9484858
  27.1370823   35.9495153
  27.1380322   35.9505328
  27.1390019   35.951538
  27.139991    35.9525307
  27.1409993   35.9535106
  27.1420266   35.9544775
  27.1430727   35.9554312
  27.1441372   35.9563713
  27.1452199   35.9572977
  27.1463205   35.9582102
  27.1474388   35.9591085
  27.1485745   35.9599924
  27.1497272   35.9608616
  27.1508968   35.961716
  27.1520828   35.9625553
  27.1532851   35.9633794
  27.1545033   35.964188
  27.1557372   35.964981
  27.1569863   35.965758
  27.1582504   35.9665191
  27.1595292   35.9672638
  27.1608224   35.9679921
  27.1621296   35.9687038
  27.1634505   35.9693988
  27.1647849   35.9700767
  27.1661322   35.9707375
  27.1674923   35.9713811
  27.1688648   35.9720071
  27.1702493   35.9726156
  27.1716455   35.9732063
  27.1730531   35.973779
  27.173809    35.9740747
  27.1742516   35.9743067
  27.1755799   35.9749795
  27.1769211   35.9756354
  27.1782748   35.9762741
  27.1796408   35.9768955
  27.1810186   35.9774995
  27.182408    35.978086
  27.1838086   35.9786547
  27.1852201   35.9792055
  27.1866421   35.9797383
  27.1880742   35.980253
  27.1895161   35.9807495
  27.1909675   35.9812275
  27.192428    35.9816871
  27.1938972   35.982128
  27.1953748   35.9825502
  27.1968604   35.9829536
  27.1983537   35.9833381
  27.1998542   35.9837036
  27.2013616   35.9840499
  27.2028756   35.9843771
  27.2043957   35.984685
  27.2059216   35.9849735
  27.2074529   35.9852427
  27.2089893   35.9854923
  27.2105303   35.9857224
  27.2120755   35.9859329
  27.2136247   35.9861237
  27.2151774   35.9862949
  27.2152525   35.9863027
  27.2168074   35.986454
  27.218365    35.9865855
  27.2199251   35.9866973
  27.221487    35.9867892
  27.2230506   35.9868613
  27.2246154   35.9869136
  27.226181    35.9869459
  27.227747    35.9869584
  27.2293131   35.9869511
  27.2308789   35.9869238
  27.2324439   35.9868766
  27.2340078   35.9868096
  27.2355703   35.9867228
  27.2371308   35.9866161
  27.2386891   35.9864897
  27.2402448   35.9863434
  27.2417974   35.9861775
  27.2433466   35.9859918
  27.244892    35.9857865
  27.2464333   35.9855616
  27.24797     35.9853172
  27.2495018   35.9850533
  27.2510282   35.9847699
  27.252549    35.9844673
  27.2540637   35.9841453
  27.2555721   35.9838042
  27.2570736   35.983444
  27.2581887   35.9831609
  27.258982    35.9830022
  27.2605012   35.9826774
  27.2620138   35.9823334
  27.2635197   35.9819702
  27.2650182   35.9815878
  27.2665092   35.9811863
  27.2679921   35.9807659
  27.2694667   35.9803267
  27.2709325   35.9798688
  27.2723893   35.9793922
  27.2733729   35.9790631
  27.2748117   35.978571
  27.2762408   35.9780608
  27.2775993   35.9775551
  27.2783074   35.9773322
  27.2797696   35.9768504
  27.2812222   35.97635
  27.2826649   35.975831
  27.2840973   35.9752936
  27.2855189   35.9747379
  27.2869296   35.9741642
  27.2883288   35.9735724
  27.2897163   35.9729628
  27.2910917   35.9723355
  27.2924547   35.9716906
  27.2938049   35.9710284
  27.295142    35.970349
  27.2964656   35.9696526
  27.2977755   35.9689392
  27.2990713   35.9682093
  27.3003526   35.9674628
  27.3016192   35.9666999
  27.3028708   35.965921
  27.3041069   35.9651261
  27.3053274   35.9643155
  27.3065319   35.9634894
  27.3077201   35.9626479
  27.3088916   35.9617914
  27.3100464   35.9609199
  27.3111839   35.9600338
  27.312304    35.9591331
  27.3134063   35.9582183
  27.3144906   35.9572894
  27.3155567   35.9563468
  27.3166042   35.9553906
  27.3176329   35.9544211
  27.3186425   35.9534386
  27.3196328   35.9524432
  27.3206035   35.9514353
  27.3215544   35.9504151
  27.3224852   35.9493828
  27.3233958   35.9483387
  27.3242858   35.947283
  27.3251552   35.9462161
  27.3260035   35.9451382
  27.3268307   35.9440495
  27.3276366   35.9429504
  27.3284208   35.941841
  27.3291833   35.9407218
  27.3292546   35.9406151
  27.3299848   35.9395022
  27.3306935   35.9383802
  27.3313806   35.9372494
  27.3320457   35.93611
  27.3326888   35.9349624
  27.3333098   35.9338067
  27.3339084   35.9326433
  27.3344846   35.9314725
  27.3350381   35.9302946
  27.3355689   35.9291098
  27.3360768   35.9279184
  27.3365617   35.9267207
  27.3370234   35.925517
  27.337462    35.9243077
  27.3378772   35.9230929
  27.3382689   35.921873
  27.3386372   35.9206483
  27.3389818   35.919419
  27.3393026   35.9181856
  27.3395997   35.9169482
  27.339873    35.9157072
  27.3401223   35.9144629
  27.3403476   35.9132156
  27.3405489   35.9119655
  27.3407261   35.9107131
  27.3408792   35.9094585
  27.3410081   35.9082022
  27.3411128   35.9069443
  27.3411932   35.9056852
  27.3412494   35.9044253
  27.3412814   35.9031648
  27.3412829   35.9030694
  27.3412906   35.9018026
  27.3412737   35.9005359
  27.3412324   35.8992695
  27.3412195   35.8990216
  27.3412172   35.8979558
  27.341192    35.8967391
  27.3411442   35.8955229
  27.3410737   35.8943073
  27.3410488   35.893937
  27.3409618   35.892792
  27.3408547   35.8916481
  27.3407276   35.8905055
  27.3405805   35.8893644
  27.3404134   35.8882252
  27.3404078   35.8881892
  27.3401983   35.8869229
  27.3399641   35.8856594
  27.3397053   35.884399
  27.339422    35.8831421
  27.3392557   35.882465
  27.3391889   35.8821599
  27.3388862   35.8808953
  27.3388711   35.8808348
  27.3385712   35.8796799
  27.3384729   35.8792679
  27.3381543   35.8780363
  27.337812    35.8768089
  27.3374463   35.875586
  27.3371461   35.8746465
  27.3374033   35.8738274
  27.3375635   35.8732812
  27.3376074   35.8731537
  27.3380078   35.8719123
  27.3383839   35.8706659
  27.3387355   35.8694148
  27.3390626   35.8681594
  27.3393651   35.8668998
  27.3396428   35.8656366
  27.3398959   35.8643698
  27.3401241   35.8631
  27.3403274   35.8618274
  27.3405058   35.8605523
  27.3406592   35.8592751
  27.3407876   35.857996
  27.3408909   35.8567154
  27.3409692   35.8554336
  27.3410224   35.854151
  27.3410504   35.8528678
  27.3410534   35.8515844
  27.3410312   35.8503011
  27.3409839   35.8490182
  27.3409115   35.8477361
  27.340896    35.8475022
  27.3407997   35.846234
  27.3406787   35.8449671
  27.3405333   35.8437019
  27.3403634   35.8424387
  27.3402176   35.8414936
  27.3401188   35.8403339
  27.3399845   35.839054
  27.3398251   35.837776
  27.3396452   35.8365306
  27.3396331   35.8352826
  27.3395957   35.8340025
  27.339591    35.8338819
  27.3395688   35.8334251
  27.3395736   35.8333408
  27.3396228   35.8319995
  27.3396445   35.8306576
  27.3396388   35.8293156
  27.3396368   35.8291774
  27.3396061   35.8279053
  27.3395507   35.8266338
  27.3394706   35.8253632
  27.3393659   35.8240936
  27.3392367   35.8228256
  27.3390828   35.8215593
  27.3389045   35.8202951
  27.3387016   35.8190334
  27.3384743   35.8177744
  27.3382226   35.8165183
  27.3379466   35.8152657
  27.3376464   35.8140167
  27.3373219   35.8127716
  27.3369734   35.8115309
  27.3366009   35.8102947
  27.3362044   35.8090634
  27.3357842   35.8078372
  27.3353402   35.8066166
  27.3348726   35.8054017
  27.3343815   35.804193
  27.3338671   35.8029906
  27.3333294   35.801795
  27.3329365   35.800962
  27.3329104   35.8005365
  27.3328088   35.7992764
  27.332683    35.7980177
  27.3325331   35.7967608
  27.332359    35.7955059
  27.3321607   35.7942534
  27.3319706   35.7931842
  27.3318859   35.7926452
  27.3316603   35.791371
  27.3314097   35.7900998
  27.3311343   35.788832
  27.330834    35.7875679
  27.3306172   35.7867275
  27.3303395   35.7855225
  27.3302599   35.7851914
  27.3299382   35.7839088
  27.329591    35.7826306
  27.3292184   35.781357
  27.3288205   35.7800885
  27.328192    35.7781506
  27.3277884   35.776944
  27.3273619   35.7757426
  27.3269125   35.7745466
  27.3264405   35.7733564
  27.3259458   35.7721723
  27.3254287   35.7709944
  27.3248893   35.7698232
  27.3243276   35.7686588
  27.3237438   35.7675016
  27.3231381   35.7663518
  27.3225106   35.7652097
  27.3218614   35.7640756
  27.3211907   35.7629498
  27.3204987   35.7618325
  27.3197855   35.7607239
  27.3190514   35.7596245
  27.3182963   35.7585343
  27.3175207   35.7574537
  27.31701     35.7567668
  27.3170189   35.7566502
  27.3170914   35.7553745
  27.3171391   35.754098
  27.317162    35.752821
  27.3171601   35.7515438
  27.3171574   35.7514186
  27.317175    35.751348
  27.3174604   35.7500978
  27.3177216   35.7488442
  27.3179585   35.7475874
  27.3181711   35.7463277
  27.3183593   35.7450654
  27.3185231   35.7438009
  27.3186532   35.7426184
  27.3187465   35.7421162
  27.3189554   35.7408585
  27.3191401   35.7395983
  27.3193004   35.7383359
  27.3194363   35.7370715
  27.3195478   35.7358056
  27.3196348   35.7345384
  27.3196974   35.7332702
  27.3197355   35.7320014
  27.3197492   35.7307322
  27.3197383   35.729463
  27.3197029   35.7281941
  27.3196431   35.7269257
  27.3195588   35.7256582
  27.3194501   35.724392
  27.3193169   35.7231272
  27.3191594   35.7218643
  27.3189775   35.7206035
  27.3187713   35.7193452
  27.3185409   35.7180896
  27.3182862   35.7168371
  27.3180075   35.715588
  27.3177046   35.7143425
  27.3173778   35.7131011
  27.3170271   35.7118639
  27.3166525   35.7106313
  27.3162543   35.7094036
  27.3158323   35.7081811
  27.3153869   35.7069641
  27.314918    35.7057529
  27.3144259   35.7045478
  27.3139105   35.7033491
  27.3133721   35.702157
  27.3128108   35.700972
  27.3122266   35.6997942
  27.312206    35.6997536
  27.3115971   35.6985793
  27.3115054   35.69841
  27.3111384   35.6976064
  27.3105788   35.6964369
  27.3099969   35.6952746
  27.309393    35.6941197
  27.3087671   35.6929726
  27.3081195   35.6918334
  27.3074502   35.6907025
  27.3067594   35.6895801
  27.3060474   35.6884665
  27.3053142   35.687362
  27.30456     35.6862668
  27.3037851   35.6851813
  27.3029896   35.6841055
  27.3021736   35.6830399
  27.3013375   35.6819847
  27.3004814   35.6809401
  27.2996054   35.6799063
  27.2987099   35.6788837
  27.297795    35.6778724
  27.2968609   35.6768728
  27.2959079   35.675885
  27.2949362   35.6749093
  27.2942672   35.6742481
  27.2932504   35.6732592
  27.2922144   35.6722835
  27.2921437   35.6722191
  27.2920089   35.6714281
  27.2917703   35.670173
  27.2915075   35.6689211
  27.2912207   35.6676727
  27.2909098   35.6664281
  27.290575    35.6651876
  27.2902162   35.6639514
  27.2898338   35.66272
  27.2894276   35.6614935
  27.2893249   35.6612018
  27.2892142   35.6608736
  27.2887766   35.659651
  27.2883153   35.6584342
  27.2878306   35.6572234
  27.2878188   35.6571947
  27.2873116   35.6559921
  27.2867813   35.6547961
  27.2862279   35.653607
  27.2856517   35.6524251
  27.2850528   35.6512506
  27.2844312   35.6500839
  27.2837873   35.6489252
  27.2831211   35.6477748
  27.2824327   35.6466331
  27.2817225   35.6455002
  27.2809904   35.6443766
  27.2802368   35.6432623
  27.2794618   35.6421578
  27.2786656   35.6410633
  27.2778484   35.639979
  27.2770104   35.6389053
  27.2761517   35.6378424
  27.2752727   35.6367905
  27.2743735   35.6357499
  27.2734543   35.6347209
  27.2725154   35.6337037
  27.2718186   35.6329729
  27.2727863   35.6322252
  27.2737792   35.6314363
  27.2747584   35.6306363
  27.2756807   35.6298722
  27.2767982   35.6289314
  27.2778968   35.6279762
  27.2789763   35.6270066
  27.2800365   35.626023
  27.2802316   35.625839
  27.2812737   35.6248402
  27.2822958   35.6238278
  27.2832976   35.622802
  27.284279    35.6217633
  27.2852396   35.6207118
  27.2861792   35.6196479
  27.2870976   35.6185717
  27.2879945   35.6174836
  27.2888696   35.6163838
  27.2889986   35.6162188
  27.2898278   35.6151396
  27.290636    35.61405
  27.2914231   35.6129501
  27.2921889   35.6118404
  27.2929332   35.610721
  27.2936558   35.6095922
  27.2943566   35.6084544
  27.2950353   35.6073077
  27.2956919   35.6061526
  27.296326    35.6049891
  27.2969377   35.6038177
  27.2975267   35.6026387
  27.2980929   35.6014523
  27.2986361   35.6002587
  27.2991563   35.5990584
  27.2996532   35.5978516
  27.3001269   35.5966385
  27.300577    35.5954196
  27.3010036   35.5941951
  27.3011126   35.5938626
  27.3017886   35.5930219
  27.3026155   35.5919763
  27.3034226   35.5909205
  27.3042097   35.5898547
  27.3045771   35.5893397
  27.3046111   35.5892953
  27.3054202   35.5882008
  27.3062081   35.5870961
  27.3069744   35.5859814
  27.3077192   35.5848571
  27.3084421   35.5837233
  27.3091429   35.5825805
  27.3098216   35.5814287
  27.3104779   35.5802685
  27.3111117   35.5790999
  27.3117228   35.5779234
  27.3123111   35.5767392
  27.3128764   35.5755476
  27.3134186   35.5743489
  27.3139375   35.5731433
  27.314433    35.5719313
  27.3149051   35.5707131
  27.3153535   35.5694889
  27.3157782   35.5682592
  27.3161791   35.5670241
  27.316556    35.5657841
  27.3169089   35.5645393
  27.3172377   35.5632902
  27.3175422   35.562037
  27.3178225   35.5607801
  27.3180785   35.5595197
  27.3183101   35.5582561
  27.3185172   35.5569897
  27.3186998   35.5557208
  27.3188015   35.5549025
  27.3189222   35.5540932
  27.3190886   35.5528071
  27.3192298   35.5515189
  27.3192456   35.5513431
  27.3199175   35.5505765
  27.3207571   35.5495879
  27.3215787   35.5485893
  27.322382    35.5475809
  27.3231669   35.5465629
  27.3239346   35.5455506
  27.3248165   35.5443652
  27.3256734   35.5431678
  27.3265052   35.5419585
  27.3273114   35.5407379
  27.3280919   35.5395063
  27.3286808   35.5385572
  27.3293835   35.537402
  27.3300637   35.5362378
  27.3303364   35.5357511
  27.3305864   35.5353358
  27.3312531   35.5341821
  27.3318976   35.5330201
  27.3321957   35.5324593
  27.3322621   35.5323488
  27.3329348   35.5311843
  27.3335846   35.5300111
  27.3342116   35.5288298
  27.3348155   35.5276405
  27.3353961   35.5264435
  27.3359534   35.5252392
  27.3364872   35.5240278
  27.3369973   35.5228097
  27.3374836   35.5215852
  27.3379461   35.5203545
  27.3383846   35.5191179
  27.3387989   35.5178759
  27.339189    35.5166287
  27.3395548   35.5153765
  27.3398962   35.5141198
  27.340213    35.5128588
  27.3405053   35.5115939
  27.340773    35.5103253
  27.3410159   35.5090535
  27.3410629   35.5087787
  27.3410844   35.5086752
  27.3413205   35.507415
  27.3415323   35.506152
  27.3417198   35.5048864
  27.3418828   35.5036185
  27.341963    35.5029438
  27.3421025   35.5016653
  27.3422171   35.5003852
  27.3423069   35.4991038
  27.3423718   35.4978213
  27.3424118   35.4965382
  27.342427    35.4952547
  27.3424172   35.4939711
  27.3423825   35.4926878
  27.3423229   35.4914051
  27.3422385   35.4901233
  27.3421292   35.4888427
  27.3419951   35.4875636
  27.3418362   35.4862864
  27.3416525   35.4850114
  27.3414442   35.4837389
  27.3413033   35.4829274
  27.3410721   35.4816676
  27.3408168   35.4804108
  27.3405373   35.4791574
  27.3402337   35.4779078
  27.3399062   35.4766621
  27.3395546   35.4754207
  27.3391793   35.474184
  27.3387802   35.4729522
  27.3383574   35.4717256
  27.3379111   35.4705046
  27.3374413   35.4692893
  27.3369482   35.4680802
  27.3365601   35.4671761
  27.3365135   35.4670631
  27.3359892   35.4658561
  27.3354416   35.464656
  27.3348709   35.463463
  27.3342771   35.4622774
  27.3336606   35.4610996
  27.3330213   35.4599298
  27.3323595   35.4587684
  27.3316754   35.4576156
  27.330969    35.4564716
  27.3302406   35.4553369
  27.3294904   35.4542116
  27.3293234   35.4539704
  27.3290627   35.453556
  27.3283301   35.4524353
  27.3275762   35.451324
  27.326801    35.4502224
  27.3265297   35.4498504
  27.3261826   35.4489967
  27.3256733   35.4478064
  27.3251415   35.4466228
  27.3245873   35.445446
  27.3240107   35.4442763
  27.3234119   35.443114
  27.3232525   35.4428111
  27.3226054   35.4416087
  27.3219346   35.4404149
  27.3215775   35.4397927
  27.3208994   35.4386353
  27.3201991   35.4374867
  27.3194766   35.4363472
  27.3187322   35.4352171
  27.3179659   35.4340967
  27.3171781   35.4329863
  27.3163689   35.4318861
  27.3155385   35.4307965
  27.3146871   35.4297176
  27.3138149   35.4286498
  27.3129222   35.4275933
  27.3120092   35.4265485
  27.311076    35.4255154
  27.310123    35.4244945
  27.3091503   35.4234859
  27.3081582   35.42249
  27.307147    35.4215069
  27.3061169   35.4205369
  27.3050681   35.4195802
  27.304001    35.4186372
  27.3029157   35.4177079
  27.3018126   35.4167927
  27.3006919   35.4158918
  27.299554    35.4150054
  27.298399    35.4141337
  27.2972273   35.413277
  27.2960391   35.4124354
  27.2948349   35.4116092
  27.2936148   35.4107986
  27.2923791   35.4100037
  27.2921533   35.4098608
  27.2909587   35.4091163
  27.2897504   35.4083866
  27.2885287   35.4076719
  27.287294    35.4069721
  27.2860465   35.4062877
  27.2850935   35.4057732
  27.2838284   35.4051015
  27.2825509   35.4044454
  27.2812614   35.4038051
  27.2799601   35.4031808
  27.2786475   35.4025725
  27.2773237   35.4019806
  27.2759367   35.4013714
  27.2745632   35.4007794
  27.2731786   35.4002049
  27.2717832   35.399648
  27.2703773   35.3991089
  27.2689613   35.3985877
  27.2675355   35.3980845
  27.2666192   35.3977748
  27.2664141   35.3973104
  27.26586     35.3961151
  27.265283    35.394927
  27.2646832   35.3937465
  27.2640607   35.3925737
  27.2634157   35.3914091
  27.2627483   35.3902528
  27.2620588   35.3891052
  27.2620317   35.389061
  27.2613231   35.387927
  27.2605928   35.3868022
  27.2598411   35.3856868
  27.2590681   35.3845812
  27.2582739   35.3834855
  27.2581549   35.3833269
  27.2581405   35.3833047
  27.2573896   35.3821875
  27.2566174   35.38108
  27.255824    35.3799825
  27.2550096   35.3788953
  27.2541745   35.3778185
  27.2533187   35.3767526
  27.2524427   35.3756977
  27.2515465   35.374654
  27.2506303   35.3736219
  27.2496945   35.3726017
  27.2487392   35.3715934
  27.2477646   35.3705975
  27.2467711   35.3696142
  27.2457588   35.3686436
  27.244728    35.3676861
  27.2436789   35.3667418
  27.2426118   35.365811
  27.2415271   35.3648939
  27.2404248   35.3639908
  27.2393053   35.3631019
  27.239242    35.3630531
  27.2387364   35.3624388
  27.2378484   35.3613954
  27.2369405   35.3603634
  27.236013    35.3593431
  27.2350661   35.3583347
  27.2341      35.3573384
  27.233115    35.3563546
  27.2321112   35.3553834
  27.231089    35.354425
  27.2300486   35.3534798
  27.2289903   35.3525479
  27.2279142   35.3516296
  27.2268207   35.3507251
  27.2257101   35.3498346
  27.2245825   35.3489583
  27.2234383   35.3480965
  27.2222778   35.3472494
  27.2211012   35.3464171
  27.2199089   35.3455998
  27.218701    35.3447978
  27.217478    35.3440113
  27.21624     35.3432405
  27.2153368   35.342696
  27.2144405   35.3419371
  27.2133522   35.3410437
  27.212247    35.3401642
  27.2111254   35.3392987
  27.2099874   35.3384474
  27.2088335   35.3376106
  27.2076638   35.3367884
  27.2064787   35.3359811
  27.2058192   35.3355389
  27.2046272   35.334752
  27.2034205   35.3339801
  27.2021995   35.3332235
  27.2009643   35.3324822
  27.1997154   35.3317565
  27.1984529   35.3310465
  27.1971772   35.3303524
  27.1958885   35.3296744
  27.1945873   35.3290126
  27.1932738   35.3283672
  27.1919482   35.3277383
  27.190611    35.3271261
  27.1892624   35.3265307
  27.1879028   35.3259523
  27.1865324   35.325391
  27.1851516   35.3248469
  27.1842399   35.3244947
  27.1830886   35.3240572
  27.1819306   35.3236317
  27.1805648   35.3231383
  27.1791125   35.3226249
  27.1776504   35.3221303
  27.1761788   35.3216548
  27.1746982   35.3211983
  27.1732089   35.320761
  27.1717113   35.320343
  27.1702058   35.3199445
  27.1686927   35.3195655
  27.1671725   35.3192061
  27.1656454   35.3188664
  27.164112    35.3185465
  27.1625725   35.3182465
  27.1610274   35.3179664
  27.1605248   35.3178821
  27.1594566   35.3176606
  27.157929    35.3173646
  27.1563959   35.3170882
  27.1548576   35.3168315
  27.1533146   35.3165946
  27.1526442   35.3165006
  27.1520791   35.3164142
  27.1505213   35.3161969
  27.1489595   35.3159998
  27.1473941   35.3158228
  27.1458255   35.3156661
  27.144254    35.3155296
  27.14268     35.3154135
  27.141104    35.3153178
  27.1395264   35.3152424
  27.1379475   35.3151874
  27.1363677   35.3151528
  27.1347874   35.3151386
  27.133207    35.3151448
  27.131627    35.3151714
  27.1300477   35.3152185
  27.1284695   35.3152859
  27.1268928   35.3153737
  27.125318    35.3154819
  27.1237455   35.3156104
  27.1221757   35.3157592
  27.120609    35.3159283
  27.1190457   35.3161176
  27.1174864   35.316327
  27.1159313   35.3165566
  27.1143808   35.3168062
  27.1128353   35.3170759
  27.1112953   35.3173654
  27.1097611   35.3176748
  27.1082331   35.318004
  27.1067117   35.3183529
  27.1051973   35.3187214
  27.1036901   35.3191094
  27.1021907   35.3195168
  27.1006994   35.3199436
  27.0992166   35.3203895
  27.0977426   35.3208546
  27.0962778   35.3213386
  27.0948226   35.3218415
  27.0933773   35.3223631
  27.0919423   35.3229033
  27.090518    35.323462
  27.0891047   35.324039
  27.0877027   35.3246342
  27.0863125   35.3252474
  27.0849344   35.3258785
  27.0835687   35.3265273
  27.0822158   35.3271937
  27.0808759   35.3278774
  27.0795495   35.3285784
  27.0782368   35.3292964
  27.0776874   35.3296073
  27.0775726   35.3296709
  27.0773886   35.3297764
  27.0769383   35.3300312
  27.0767724   35.3301267
  27.0765319   35.3302674
  27.0762897   35.3304063
  27.0758948   35.3306402
  27.0754983   35.3308722
  27.0752605   35.3310161
  27.075021    35.331158
  27.0746307   35.331397
  27.0742387   35.331634
  27.0740037   35.3317809
  27.073767    35.3319258
  27.0733813   35.3321698
  27.0729939   35.3324119
  27.0727618   35.3325617
  27.0725279   35.3327097
  27.072147    35.3329585
  27.0717643   35.3332056
  27.0715351   35.3333583
  27.071304    35.3335093
  27.070928    35.333763
  27.0705501   35.3340149
  27.0703238   35.3341706
  27.0700957   35.3343245
  27.0697246   35.334583
  27.0693516   35.3348397
  27.0691284   35.3349982
  27.0689032   35.335155
  27.0685371   35.3354183
  27.0681691   35.3356797
  27.067949    35.3358411
  27.0677269   35.3360008
  27.0673659   35.3362686
  27.067003    35.3365348
  27.066786    35.336699
  27.066567    35.3368615
  27.0662112   35.3371339
  27.0658535   35.3374047
  27.0656397   35.3375716
  27.0654238   35.3377369
  27.0650733   35.3380139
  27.0647208   35.3382892
  27.0645103   35.3384589
  27.0642977   35.3386269
  27.0639525   35.3389083
  27.0636054   35.3391881
  27.0633981   35.3393604
  27.0631888   35.3395311
  27.0628491   35.339817
  27.0625074   35.3401011
  27.0623034   35.3402761
  27.0620974   35.3404495
  27.0617633   35.3407396
  27.0614271   35.3410281
  27.0612265   35.3412057
  27.0610239   35.3413817
  27.0608114   35.3415721
  27.0605444   35.3413556
  27.0594046   35.3404604
  27.0582476   35.3395799
  27.0570736   35.3387146
  27.0558829   35.3378645
  27.0546758   35.3370299
  27.0534527   35.336211
  27.0527112   35.3357304
  27.0525922   35.3356482
  27.0514148   35.3348594
  27.0502227   35.3340854
  27.0490163   35.3333263
  27.0480885   35.3327516
  27.046788    35.3319596
  27.0454719   35.331185
  27.0441406   35.3304279
  27.0427943   35.3296885
  27.0414335   35.3289671
  27.0409587   35.3287243
  27.0406229   35.3285279
  27.0393316   35.3277973
  27.0380263   35.3270834
  27.0367074   35.3263863
  27.0353753   35.3257063
  27.0340301   35.3250435
  27.0326724   35.324398
  27.0313024   35.32377
  27.0299204   35.3231597
  27.0285268   35.3225672
  27.027122    35.3219927
  27.0257063   35.3214363
  27.02428     35.3208981
  27.0228434   35.3203783
  27.0213971   35.319877
  27.0199412   35.3193944
  27.0192556   35.3191773
END
11
  27.0672729   37.5413037
  27.0661239   37.5419942
  27.0648536   37.5427329
  27.0635688   37.5434556
  27.0622698   37.5441621
  27.0609569   37.5448522
  27.0596304   37.5455258
  27.0582906   37.5461828
  27.056938    37.5468229
  27.0555728   37.5474459
  27.0541953   37.5480519
  27.052806    37.5486405
  27.0514051   37.5492116
  27.049993    37.5497652
  27.0485701   37.550301
  27.0471367   37.5508189
  27.0456932   37.5513188
  27.0442399   37.5518006
  27.0427772   37.5522642
  27.0413054   37.5527094
  27.039825    37.5531361
  27.0397376   37.5531607
  27.0382469   37.5535694
  27.0367482   37.5539593
  27.0352419   37.5543305
  27.0337284   37.5546827
  27.0336099   37.5547094
  27.0328232   37.554882
  27.0315302   37.5553398
  27.0300918   37.5558279
  27.0295731   37.5559964
  27.0287083   37.5563756
  27.0273449   37.5569518
  27.0259704   37.5575112
  27.0245851   37.5580537
  27.0231895   37.5585791
  27.0217837   37.5590874
  27.0203682   37.5595783
  27.0189432   37.5600517
  27.0175092   37.5605077
  27.0160665   37.560946
  27.0146154   37.5613665
  27.0131562   37.5617692
  27.0116893   37.5621539
  27.0102152   37.5625206
  27.008734    37.5628691
  27.0072462   37.5631994
  27.0057521   37.5635115
  27.0042521   37.5638051
  27.0027466   37.5640804
  27.0012359   37.5643371
  26.9997203   37.5645752
  26.9982003   37.5647948
  26.9966761   37.5649956
  26.9962303   37.5650516
  26.9948249   37.5652198
  26.9936835   37.5653433
  26.9930059   37.5654283
  26.9913656   37.565612
  26.9897217   37.5657742
  26.9880747   37.5659147
  26.9878791   37.56593
  26.9863186   37.566043
  26.984756    37.5661365
  26.9831918   37.5662105
  26.9816263   37.5662651
  26.9800599   37.5663002
  26.978493    37.5663158
  26.976926    37.5663119
  26.9753593   37.5662885
  26.9737932   37.5662456
  26.9722282   37.5661832
  26.9706646   37.5661014
  26.9691028   37.5660001
  26.9675432   37.5658794
  26.9659862   37.5657393
  26.9659281   37.5657337
  26.9643929   37.5655763
  26.962861    37.5654001
  26.9613327   37.565205
  26.9598084   37.5649912
  26.9582884   37.5647587
  26.9567732   37.5645075
  26.9567129   37.5644967
  26.9565914   37.5645002
  26.9549469   37.5645372
  26.9533019   37.5645527
  26.9516568   37.5645467
  26.9515193   37.5645453
  26.9502918   37.5645252
  26.9498454   37.564525
  26.9482206   37.5645031
  26.9465964   37.5644602
  26.9449733   37.5643963
  26.9433517   37.5643116
  26.9432089   37.5643032
  26.9415574   37.5641952
  26.9399083   37.5640655
  26.9382621   37.5639141
  26.9366194   37.5637411
  26.9349804   37.5635465
  26.9333458   37.5633303
  26.931716    37.5630926
  26.9300913   37.5628336
  26.9299063   37.5628028
  26.9283871   37.5625403
  26.9268733   37.5622591
  26.9253651   37.5619593
  26.923863    37.5616408
  26.9223674   37.5613039
  26.9208785   37.5609485
  26.9206054   37.5608815
  26.9189101   37.5604522
  26.9172247   37.559999
  26.9169984   37.5599364
  26.9154976   37.5595103
  26.9140056   37.5590652
  26.9125227   37.5586014
  26.9110494   37.5581188
  26.909586    37.5576176
  26.9081329   37.557098
  26.9066904   37.55656
  26.905259    37.5560038
  26.9038389   37.5554296
  26.903593    37.5553282
  26.9021476   37.5547201
  26.900715    37.5540934
  26.8992955   37.5534481
  26.8978896   37.5527845
  26.8964975   37.5521026
  26.8951198   37.5514028
  26.8937567   37.5506851
  26.8924354   37.5499644
  26.8915108   37.5497067
  26.8900347   37.5492744
  26.8885674   37.5488237
  26.8871092   37.5483547
  26.8856606   37.5478676
  26.8842218   37.5473623
  26.8827932   37.5468392
  26.8813752   37.5462983
  26.8799681   37.5457397
  26.8785723   37.5451636
  26.8771882   37.5445701
  26.875816    37.5439594
  26.8744561   37.5433316
  26.8731089   37.5426869
  26.8717747   37.5420254
  26.8704537   37.5413473
  26.8691464   37.5406528
  26.8678531   37.539942
  26.8665741   37.5392152
  26.8653097   37.5384724
  26.8640602   37.5377139
  26.862826    37.5369399
  26.8616073   37.5361506
  26.8604044   37.5353461
  26.8592177   37.5345266
  26.8580474   37.5336924
  26.8568938   37.5328437
  26.8557573   37.5319806
  26.854638    37.5311035
  26.8535364   37.5302124
  26.8524525   37.5293077
  26.8513868   37.5283895
  26.8503395   37.5274582
  26.8493108   37.5265138
  26.848301    37.5255566
  26.8473104   37.524587
  26.8463392   37.523605
  26.8453876   37.5226111
  26.8444559   37.5216053
  26.8435442   37.520588
  26.842653    37.5195595
  26.8417822   37.5185199
  26.8409323   37.5174695
  26.8401033   37.5164086
  26.8392955   37.5153375
  26.8385091   37.5142563
  26.8377443   37.5131655
  26.8370012   37.5120652
  26.8362801   37.5109558
  26.8355812   37.5098374
  26.8349045   37.5087105
  26.8342504   37.5075752
  26.8336189   37.5064318
  26.8330101   37.5052807
  26.8324244   37.5041221
  26.8318617   37.5029563
  26.8313222   37.5017835
  26.8308062   37.5006042
  26.8303136   37.4994185
  26.8298446   37.4982268
  26.8293994   37.4970294
  26.8289781   37.4958265
  26.8285806   37.4946185
  26.8282073   37.4934056
  26.8278581   37.4921882
  26.8275331   37.4909666
  26.8272324   37.489741
  26.8269561   37.4885118
  26.8267042   37.4872793
  26.8264769   37.4860438
  26.8262742   37.4848055
  26.826096    37.4835649
  26.8259426   37.4823221
  26.8258138   37.4810776
  26.8257098   37.4798316
  26.8256306   37.4785844
  26.8255761   37.4773364
  26.8255464   37.4760878
  26.8255416   37.474839
  26.8255615   37.4735903
  26.8256062   37.4723419
  26.8256758   37.4710942
  26.8257701   37.4698476
  26.8258891   37.4686022
  26.8260329   37.4673585
  26.8262014   37.4661167
  26.8263945   37.4648772
  26.8266121   37.4636402
  26.8268544   37.462406
  26.8271211   37.4611751
  26.8274122   37.4599476
  26.8277277   37.4587238
  26.8280674   37.4575042
  26.8284313   37.4562889
  26.8288193   37.4550783
  26.8292313   37.4538727
  26.8296672   37.4526724
  26.829806    37.4523012
  26.8302591   37.4511231
  26.8307352   37.4499507
  26.8312342   37.4487843
  26.8317559   37.4476242
  26.8323003   37.4464706
  26.8328673   37.4453239
  26.8334566   37.4441843
  26.8340682   37.4430521
  26.8347018   37.4419275
  26.8353574   37.4408109
  26.8357697   37.4401227
  26.8363916   37.4391036
  26.8370317   37.4380916
  26.8376899   37.437087
  26.8379509   37.4366955
  26.8386899   37.4356075
  26.8394503   37.4345288
  26.8402317   37.4334596
  26.841034    37.4324003
  26.8418571   37.4313509
  26.8427006   37.4303119
  26.8435645   37.4292834
  26.8444484   37.4282658
  26.8453522   37.4272592
  26.8461591   37.4263896
  26.8467757   37.4252908
  26.8474398   37.424156
  26.8481263   37.4230296
  26.8488351   37.421912
  26.8495661   37.4208033
  26.850319    37.419704
  26.8510937   37.4186142
  26.8518899   37.4175342
  26.8525361   37.4166886
  26.8528299   37.4161608
  26.8534822   37.4150364
  26.8541565   37.4139202
  26.8548527   37.4128124
  26.8555706   37.4117135
  26.85631     37.4106235
  26.8570708   37.4095428
  26.8578526   37.4084717
  26.8586555   37.4074104
  26.8594791   37.4063592
  26.8603233   37.4053183
  26.8611879   37.404288
  26.8620726   37.4032685
  26.8629772   37.4022601
  26.8639015   37.4012631
  26.8648453   37.4002776
  26.864864    37.4002584
  26.8658316   37.3992803
  26.8668182   37.3983144
  26.8678239   37.3973609
  26.8688482   37.39642
  26.8691468   37.3961543
  26.8700497   37.3953133
  26.8710742   37.3943886
  26.8721167   37.3934765
  26.8731769   37.3925775
  26.8742545   37.3916916
  26.8753493   37.3908191
  26.8764611   37.3899603
  26.8775895   37.3891152
  26.8787342   37.3882842
  26.8798951   37.3874674
  26.8810718   37.386665
  26.8822641   37.3858772
  26.8834716   37.3851042
  26.8846941   37.3843462
  26.8859313   37.3836034
  26.8871828   37.382876
  26.8884484   37.382164
  26.8897278   37.3814678
  26.8910206   37.3807874
  26.8923266   37.3801231
  26.8936454   37.379475
  26.8947794   37.3789368
  26.8955507   37.378109
  26.8964855   37.3771375
  26.897439    37.3761775
  26.8984111   37.3752293
  26.8994014   37.3742932
  26.9004097   37.3733692
  26.9014359   37.3724577
  26.9024796   37.3715589
  26.9035407   37.370673
  26.9046188   37.3698001
  26.9057137   37.3689406
  26.9068251   37.3680946
  26.9079529   37.3672622
  26.9090966   37.3664438
  26.9102561   37.3656395
  26.911431    37.3648495
  26.9126212   37.364074
  26.9138262   37.3633131
  26.9150459   37.3625671
  26.9162798   37.3618361
  26.9175278   37.3611203
  26.9187896   37.3604199
  26.9200648   37.359735
  26.9213531   37.3590659
  26.9226542   37.3584125
  26.9239679   37.3577752
  26.9252937   37.3571541
  26.9253659   37.3571209
  26.9266934   37.3565207
  26.9280322   37.3559366
  26.9293821   37.355369
  26.9307428   37.3548178
  26.9307977   37.354796
  26.9322255   37.3542397
  26.9336643   37.3537016
  26.9351137   37.3531818
  26.9365734   37.3526803
  26.9380429   37.3521975
  26.9395219   37.3517333
  26.94101     37.3512878
  26.9411947   37.3512339
  26.9430261   37.3507149
  26.9432557   37.3506519
  26.9446966   37.3502658
  26.9461448   37.3498973
  26.9475999   37.3495463
  26.9490615   37.349213
  26.9505294   37.3488974
  26.9520031   37.3485997
  26.9534823   37.3483198
  26.9549668   37.3480578
  26.9564561   37.3478139
  26.9579499   37.347588
  26.9594478   37.3473803
  26.9609496   37.3471907
  26.9624548   37.3470193
  26.9639631   37.3468662
  26.9654742   37.3467313
  26.9656127   37.3467198
  26.9671396   37.3466023
  26.9686686   37.3465035
  26.9701993   37.3464233
  26.9717313   37.3463619
  26.9732644   37.3463192
  26.9747981   37.3462952
  26.9763322   37.34629
  26.9778661   37.3463035
  26.9793996   37.3463358
  26.9809322   37.3463868
  26.9824637   37.3464565
  26.9839937   37.3465449
  26.9855218   37.3466519
  26.9870477   37.3467777
  26.9885709   37.346922
  26.9900912   37.347085
  26.9916081   37.3472665
  26.9931213   37.3474665
  26.9946305   37.347685
  26.9961353   37.3479219
  26.9962826   37.347946
  26.9978421   37.3482118
  26.9993961   37.3484973
  27.0009441   37.3488025
  27.0024858   37.3491274
  27.0032608   37.3493013
  27.0025824   37.3484816
  27.0017445   37.347434
  27.0009273   37.3463761
  27.000131    37.3453081
  26.9993558   37.3442303
  26.9986019   37.343143
  26.9978696   37.3420464
  26.9971589   37.3409409
  26.9966866   37.3401771
  26.9963276   37.3396153
  26.9961697   37.3394244
  26.9953185   37.338359
  26.9944888   37.3372831
  26.9936807   37.3361968
  26.9928944   37.3351003
  26.9921302   37.3339941
  26.9913881   37.3328783
  26.9906685   37.3317533
  26.9899715   37.3306193
  26.9892972   37.3294766
  26.9886459   37.3283255
  26.9880177   37.3271662
  26.9874128   37.3259992
  26.9870782   37.3253389
  26.9865143   37.3242009
  26.9859726   37.3230561
  26.9854531   37.3219048
  26.984956    37.3207473
  26.9844813   37.3195837
  26.9840293   37.3184145
  26.9836      37.3172399
  26.9831935   37.3160601
  26.9828099   37.3148755
  26.9824493   37.3136862
  26.9821117   37.3124927
  26.9817974   37.3112952
  26.9815063   37.310094
  26.9812384   37.3088893
  26.980994    37.3076814
  26.980773    37.3064707
  26.9805754   37.3052573
  26.9804014   37.3040417
  26.980251    37.3028241
  26.980213    37.3024901
  26.9800839   37.3012471
  26.9799794   37.3000025
  26.9799557   37.2996331
  26.9799168   37.2994184
  26.9797244   37.2982311
  26.9795546   37.2970415
  26.9794074   37.29585
  26.9792827   37.2946569
  26.9791807   37.2934624
  26.9791013   37.2922668
  26.9790446   37.2910703
  26.9790106   37.2898733
  26.9789992   37.288676
  26.9789992   37.288419
  26.9790126   37.2871196
  26.9790527   37.2858204
  26.9791195   37.284522
  26.9792129   37.2832246
  26.9793331   37.2819285
  26.9794799   37.2806342
  26.9796533   37.2793419
  26.9798532   37.278052
  26.9800797   37.2767649
  26.9803325   37.2754809
  26.9804925   37.2747097
  26.98076     37.2734808
  26.9810517   37.2722554
  26.9813675   37.2710338
  26.9817073   37.2698162
  26.9819866   37.268885
  26.9821277   37.2681314
  26.9823835   37.2668985
  26.9826636   37.2656688
  26.982968    37.2644428
  26.9832966   37.2632208
  26.9836494   37.262003
  26.9840261   37.2607897
  26.9844268   37.2595813
  26.9848513   37.258378
  26.9852995   37.2571802
  26.9857714   37.2559881
  26.9862668   37.2548021
  26.9867855   37.2536224
  26.9873275   37.2524493
  26.9878926   37.2512831
  26.9884807   37.2501241
  26.9890916   37.2489727
  26.9897252   37.247829
  26.9903813   37.2466933
  26.9909912   37.24568
  26.9915945   37.2445869
  26.9922455   37.2434558
  26.9929187   37.2423329
  26.9936139   37.2412185
  26.994331    37.2401129
  26.9950697   37.2390163
  26.9958298   37.2379291
  26.9966113   37.2368515
  26.9974138   37.2357837
  26.9982373   37.2347261
  26.9990815   37.2336788
  26.9999461   37.2326422
  27.000831    37.2316164
  27.001736    37.2306018
  27.0026609   37.2295986
  27.0036053   37.228607
  27.0045691   37.2276274
  27.0055521   37.2266598
  27.006554    37.2257046
  27.0075745   37.224762
  27.0086135   37.2238322
  27.0096706   37.2229155
  27.0107456   37.2220121
  27.0118382   37.2211221
  27.0119992   37.220993
  27.0131401   37.2200928
  27.0142991   37.2192073
  27.0154758   37.2183367
  27.01667     37.2174813
  27.0178812   37.2166414
  27.0191093   37.215817
  27.0203539   37.2150085
  27.0216147   37.214216
  27.0227887   37.2135021
  27.0231862   37.2132435
  27.0244333   37.2124583
  27.0256959   37.211689
  27.0269737   37.2109358
  27.0282664   37.2101988
  27.0295737   37.2094784
  27.0308952   37.2087746
  27.0322306   37.2080877
  27.0335796   37.2074178
  27.0349418   37.2067651
  27.0363169   37.2061297
  27.0377045   37.2055119
  27.0391043   37.2049117
  27.040516    37.2043293
  27.0419391   37.203765
  27.0433732   37.2032187
  27.0448182   37.2026907
  27.0462735   37.2021811
  27.0477388   37.2016901
  27.0492137   37.2012176
  27.050698    37.2007639
  27.052191    37.2003292
  27.0536926   37.1999134
  27.0552023   37.1995167
  27.0567198   37.1991392
  27.0582446   37.198781
  27.0597764   37.1984422
  27.0613147   37.1981228
  27.0626007   37.1978646
  27.0640929   37.1975746
  27.0655905   37.197303
  27.0670931   37.1970497
  27.0686005   37.1968149
  27.0701123   37.1965986
  27.071628    37.1964008
  27.0731474   37.1962217
  27.07467     37.1960612
  27.0761956   37.1959193
  27.0777237   37.1957962
  27.079254    37.1956919
  27.0807862   37.1956063
  27.0823198   37.1955394
  27.0838546   37.1954914
  27.0853901   37.1954622
  27.086926    37.1954519
  27.091748    37.1954489
  27.0933204   37.1954578
  27.0948926   37.1954864
  27.0964639   37.1955347
  27.0980341   37.1956028
  27.0996028   37.1956905
  27.1011695   37.1957979
  27.102734    37.195925
  27.1042957   37.1960717
  27.1058543   37.196238
  27.1074094   37.1964238
  27.1089607   37.1966291
  27.1105077   37.1968538
  27.1120501   37.1970979
  27.1135875   37.1973613
  27.1151194   37.197644
  27.1166456   37.1979459
  27.1181656   37.1982669
  27.1196791   37.1986069
  27.1198514   37.198648
  27.1212626   37.1989407
  27.1227533   37.1992696
  27.1242374   37.1996168
  27.1257147   37.1999824
  27.1271846   37.2003661
  27.1286469   37.2007679
  27.1301012   37.2011877
  27.1315471   37.2016254
  27.1329844   37.2020809
  27.1341106   37.2024541
  27.1348765   37.2026866
  27.1363482   37.203155
  27.1378105   37.2036419
  27.1392628   37.2041472
  27.1407049   37.2046708
  27.1421364   37.2052126
  27.1435568   37.2057724
  27.144966    37.2063501
  27.1463634   37.2069455
  27.1477488   37.2075585
  27.1485629   37.2079323
  27.149259    37.2082289
  27.1506444   37.208842
  27.1520174   37.2094724
  27.1533777   37.2101202
  27.1547248   37.210785
  27.1560586   37.2114668
  27.1573786   37.2121654
  27.1586845   37.2128806
  27.159976    37.2136121
  27.1612528   37.21436
  27.1625145   37.2151238
  27.1637607   37.2159035
  27.1649913   37.2166989
  27.1662059   37.2175097
  27.1674042   37.2183357
  27.1685858   37.2191768
  27.1697505   37.2200327
  27.170898    37.2209032
  27.172028    37.2217881
  27.1721891   37.2219163
  27.1723501   37.2220444
  27.1724421   37.2221176
  27.1734081   37.2228882
  27.1735636   37.2230125
  27.1739119   37.2232916
  27.1740729   37.2234207
  27.1751847   37.2243266
  27.1762784   37.2252464
  27.1773534   37.22618
  27.1784097   37.2271271
  27.1794468   37.2280875
  27.1804646   37.2290609
  27.1814628   37.2300471
  27.1824412   37.2310458
  27.1833994   37.2320568
  27.1843372   37.2330798
  27.1852545   37.2341146
  27.1861509   37.2351608
  27.1870263   37.2362183
  27.1878804   37.2372867
  27.188713    37.2383658
  27.189524    37.2394553
  27.190313    37.240555
  27.1910798   37.2416645
  27.1918244   37.2427836
  27.1925465   37.243912
  27.1928685   37.2444252
  27.1935672   37.2455613
  27.194243    37.2467061
  27.1948959   37.2478594
  27.1955256   37.2490207
  27.196132    37.2501898
  27.196715    37.2513665
  27.1972744   37.2525504
  27.19781     37.2537412
  27.1983217   37.2549386
  27.1988094   37.2561423
  27.199273    37.257352
  27.1997124   37.2585675
  27.2001273   37.2597883
  27.2005178   37.2610142
  27.2008838   37.2622449
  27.201225    37.26348
  27.2013857   37.2641093
  27.1895213   37.2810075
  27.1750894   37.2962486
  27.1745487   37.2967249
  27.1707381   37.2996353
  27.1608807   37.3107876
  27.1528798   37.3198937
  27.1523306   37.3205223
  27.1467793   37.3267624
  27.145656    37.3280369
  27.1400049   37.3345188
  27.1337698   37.3417627
  27.1326406   37.3430564
  27.1310513   37.344896
  27.1269573   37.3502396
  27.103836    37.3820313
  27.1007653   37.3861041
  27.100549    37.3861227
  27.0989907   37.3862372
  27.0974303   37.3863323
  27.0958682   37.3864079
  27.0943048   37.386464
  27.0927406   37.3865007
  27.0911757   37.3865179
  27.0896108   37.3865156
  27.088046    37.3864938
  27.0864819   37.3864525
  27.0849188   37.3863917
  27.0833571   37.3863115
  27.0817972   37.3862118
  27.0802394   37.3860927
  27.0786841   37.3859542
  27.0771318   37.3857963
  27.0755828   37.3856192
  27.0740375   37.3854227
  27.0724962   37.3852071
  27.0709594   37.3849722
  27.0694274   37.3847183
  27.069355    37.3847053
  27.0701528   37.385671
  27.0710048   37.386739
  27.0718353   37.3878176
  27.072644    37.3889066
  27.0734308   37.3900057
  27.0741954   37.3911146
  27.0749377   37.392233
  27.0756574   37.3933606
  27.0763544   37.3944972
  27.0770286   37.3956425
  27.0776796   37.3967962
  27.0783074   37.3979579
  27.0783377   37.3980152
  27.0789285   37.3991578
  27.0794969   37.4003075
  27.079627    37.4005832
  27.0801161   37.4009983
  27.081191    37.4019401
  27.0822467   37.4028954
  27.083283    37.4038641
  27.0842996   37.4048459
  27.0852963   37.4058404
  27.0862727   37.4068475
  27.0872287   37.4078669
  27.088164    37.4088983
  27.0890784   37.4099415
  27.0899716   37.4109962
  27.0908435   37.4120621
  27.0909494   37.4121938
  27.0917702   37.4132328
  27.0925706   37.4142818
  27.0933506   37.4153404
  27.0941098   37.4164085
  27.0948482   37.4174857
  27.0955654   37.4185719
  27.0962615   37.4196668
  27.0969361   37.42077
  27.0975891   37.4218814
  27.0982205   37.4230007
  27.0988299   37.4241276
  27.0994173   37.4252618
  27.0999826   37.4264031
  27.1005255   37.4275511
  27.1010261   37.4286614
  27.0996967   37.4364113
  27.0982426   37.4450539
  27.0964638   37.468589
  27.0964039   37.469436
  27.0932248   37.4902345
  27.0928726   37.498835
  27.0780701   37.5248168
  27.0672729   37.5413037
END
12
  27.6482268   36.5808111
  27.658163    36.5863118
  27.6965478   36.6052448
  27.6980033   36.605974
  27.6985935   36.6063153
  27.7034214   36.6113033
  27.7163233   36.6247392
  27.7186693   36.6275124
  27.720405    36.6296088
  27.7270347   36.6377508
  27.7371685   36.65034
  27.7438635   36.6690525
  27.7458918   36.6709158
  27.7472664   36.6721857
  27.7512484   36.6759288
  27.7573405   36.684272
  27.7595278   36.6867432
  27.7615679   36.6891353
  27.7644424   36.6932376
  27.773188    36.6967408
  27.7734991   36.6968664
  27.7774915   36.6980649
  27.8042789   36.7033063
  27.8096235   36.702606
  27.8258231   36.7028221
  27.838456    36.7048934
  27.8594061   36.7045409
  27.8674667   36.7046144
  27.8702684   36.704655
  27.8744655   36.7046339
  27.8936764   36.6994045
  27.9073619   36.6948658
  27.9074708   36.6944079
  27.9117523   36.6769017
  27.9118306   36.676258
  27.9119108   36.676009
  27.9160405   36.6634826
  27.9176031   36.6588586
  27.9201818   36.6514929
  27.9274122   36.6417974
  27.9272361   36.6413752
  27.9262962   36.6390801
  27.9246401   36.6304108
  27.9211147   36.6193364
  27.9199029   36.6133358
  27.9192218   36.6062703
  27.9189395   36.6031559
  27.9186419   36.6004693
  27.9187102   36.5946808
  27.9189385   36.5932843
  27.9210605   36.5808195
  27.9218478   36.5794256
  27.9231501   36.5700992
  27.9241247   36.5612342
  27.9275181   36.5526597
  27.9281182   36.5512683
  27.9283811   36.5506759
  27.9284769   36.5411251
  27.9290057   36.5341098
  27.9335495   36.5244945
  27.9519204   36.4860346
  27.9578096   36.4752162
  27.9575441   36.4748467
  27.9567212   36.4737427
  27.9558764   36.4726495
  27.9555528   36.4722454
  27.9552714   36.4718692
  27.9544499   36.470809
  27.9544036   36.4707503
  27.9535545   36.4696916
  27.9526849   36.4686438
  27.9517949   36.4676071
  27.9508848   36.4665818
  27.9499548   36.465568
  27.9490052   36.4645661
  27.9480361   36.4635763
  27.9470478   36.4625988
  27.9460405   36.4616339
  27.9450146   36.4606819
  27.9439702   36.4597428
  27.9429076   36.4588171
  27.9418271   36.4579049
  27.9407289   36.4570064
  27.9396134   36.4561219
  27.9384807   36.4552515
  27.9373311   36.4543956
  27.936165    36.4535542
  27.9349827   36.4527277
  27.9337843   36.4519162
  27.9325703   36.4511199
  27.9313409   36.450339
  27.9300964   36.4495738
  27.9288371   36.4488243
  27.9275634   36.4480908
  27.9262755   36.4473735
  27.9249737   36.4466725
  27.9236585   36.445988
  27.9223301   36.4453202
  27.9209888   36.4446692
  27.9196349   36.4440353
  27.9182689   36.4434185
  27.916891    36.442819
  27.9155016   36.442237
  27.914101    36.4416726
  27.9126895   36.441126
  27.9112676   36.4405972
  27.9098355   36.4400864
  27.9083937   36.4395938
  27.9069424   36.4391195
  27.905482    36.4386635
  27.904013    36.438226
  27.9025355   36.4378071
  27.9010501   36.4374069
  27.8995571   36.4370255
  27.8980568   36.436663
  27.8965496   36.4363195
  27.8950359   36.4359951
  27.8935161   36.4356898
  27.8919904   36.4354037
  27.8904594   36.435137
  27.8889234   36.4348895
  27.8873828   36.4346616
  27.8858379   36.434453
  27.8842891   36.4342641
  27.8827368   36.4340947
  27.8811814   36.4339449
  27.8796233   36.4338147
  27.8780628   36.4337043
  27.8765004   36.4336136
  27.8749364   36.4335426
  27.8733712   36.4334914
  27.8718052   36.4334599
  27.8702387   36.4334482
  27.8686723   36.4334563
  27.8671062   36.4334841
  27.8655408   36.4335318
  27.8639765   36.4335992
  27.8624138   36.4336863
  27.8608529   36.4337932
  27.8592943   36.4339197
  27.8577384   36.4340659
  27.8561855   36.4342317
  27.8546361   36.4344172
  27.8530904   36.4346221
  27.851549    36.4348466
  27.8500121   36.4350904
  27.8484802   36.4353537
  27.8469535   36.4356362
  27.8454326   36.435938
  27.8439178   36.436259
  27.8424094   36.436599
  27.8409078   36.4369581
  27.8394134   36.437336
  27.8379266   36.4377328
  27.8365825   36.4381104
  27.835457    36.4383995
  27.8339612   36.4388047
  27.8324736   36.4392289
  27.8320794   36.439347
  27.8316536   36.4394267
  27.8301496   36.4397279
  27.8286517   36.4400479
  27.8271601   36.4403866
  27.8256752   36.4407438
  27.8241973   36.4411196
  27.8227269   36.4415138
  27.8212643   36.4419262
  27.8198098   36.4423569
  27.8183638   36.4428057
  27.8169267   36.4432726
  27.8154987   36.4437573
  27.8140803   36.4442597
  27.8126717   36.4447799
  27.8112733   36.4453175
  27.8098855   36.4458726
  27.8085086   36.4464449
  27.8071429   36.4470343
  27.8057887   36.4476408
  27.8044464   36.448264
  27.8031162   36.448904
  27.8017986   36.4495604
  27.8004938   36.4502333
  27.7992022   36.4509223
  27.797924    36.4516274
  27.7966596   36.4523484
  27.7954093   36.453085
  27.7941733   36.4538372
  27.792952    36.4546047
  27.7917456   36.4553874
  27.7905545   36.456185
  27.789379    36.4569974
  27.7882193   36.4578244
  27.7870756   36.4586657
  27.7859484   36.4595213
  27.7855935   36.4597991
  27.7847431   36.4603653
  27.7835575   36.4611801
  27.7823878   36.4620097
  27.7812345   36.4628539
  27.7800976   36.4637125
  27.7789776   36.4645852
  27.7778747   36.4654719
  27.7767891   36.4663723
  27.7757212   36.4672863
  27.7746711   36.4682135
  27.7745881   36.4682879
  27.7735697   36.4692157
  27.7725692   36.4701561
  27.7715869   36.4711086
  27.7706229   36.4720733
  27.7696775   36.4730498
  27.768751    36.4740378
  27.7678435   36.4750372
  27.7669553   36.4760478
  27.7660865   36.4770692
  27.7658726   36.4773292
  27.7648204   36.4780281
  27.7636305   36.478844
  27.7624566   36.4796748
  27.762014    36.4799981
  27.7609251   36.4798753
  27.7593664   36.4797197
  27.7578049   36.4795837
  27.7562408   36.4794676
  27.7546747   36.4793712
  27.7531069   36.4792947
  27.7515378   36.479238
  27.7499678   36.4792012
  27.7483973   36.4791842
  27.7468266   36.4791871
  27.7452562   36.4792099
  27.7436864   36.4792526
  27.7421176   36.4793151
  27.7405503   36.4793974
  27.7389847   36.4794996
  27.7374214   36.4796216
  27.7358606   36.4797633
  27.7343028   36.4799247
  27.7327484   36.4801059
  27.7311977   36.4803067
  27.7296511   36.4805271
  27.728109    36.480767
  27.7265718   36.4810264
  27.7250399   36.4813052
  27.7235136   36.4816033
  27.7219933   36.4819208
  27.7204794   36.4822574
  27.7189724   36.4826131
  27.7174724   36.4829879
  27.71598     36.4833815
  27.7144955   36.483794
  27.7130192   36.4842253
  27.7115515   36.4846751
  27.7100929   36.4851435
  27.7086435   36.4856303
  27.7072039   36.4861353
  27.7057744   36.4866585
  27.7043552   36.4871997
  27.7029469   36.4877587
  27.7015496   36.4883355
  27.7001638   36.48893
  27.6987898   36.4895418
  27.697428    36.490171
  27.6960786   36.4908173
  27.6947421   36.4914806
  27.6938889   36.4919191
  27.6932437   36.4922321
  27.69183     36.4929443
  27.6904312   36.4936753
  27.6890478   36.4944251
  27.6876802   36.4951933
  27.6863288   36.4959798
  27.6861637   36.4960776
  27.6849318   36.496819
  27.6837143   36.4975756
  27.6825115   36.4983472
  27.6813235   36.4991336
  27.6801509   36.4999346
  27.6789937   36.50075
  27.6778523   36.5015797
  27.6767269   36.5024234
  27.6756178   36.5032809
  27.6745254   36.5041521
  27.6734497   36.5050367
  27.6732212   36.5052275
  27.6721478   36.5061381
  27.6710923   36.5070621
  27.6700548   36.5079992
  27.6690358   36.5089492
  27.6680353   36.5099119
  27.6670536   36.5108871
  27.6660911   36.5118744
  27.6651478   36.5128737
  27.6642242   36.5138847
  27.6633203   36.5149072
  27.6624364   36.5159409
  27.6615727   36.5169856
  27.6607294   36.518041
  27.6599068   36.5191068
  27.659105    36.5201829
  27.6583243   36.5212688
  27.6575647   36.5223644
  27.6568266   36.5234694
  27.65611     36.5245836
  27.6554153   36.5257065
  27.6547424   36.5268381
  27.6540917   36.5279779
  27.6534632   36.5291258
  27.6528571   36.5302814
  27.6522736   36.5314445
  27.6517127   36.5326147
  27.6511747   36.5337919
  27.6506597   36.5349756
  27.6501678   36.5361656
  27.6496991   36.5373616
  27.6492537   36.5385634
  27.6488318   36.5397706
  27.6484334   36.5409829
  27.6480586   36.5422001
  27.6477076   36.5434218
  27.6473804   36.5446477
  27.647077    36.5458776
  27.6470466   36.5460061
  27.6467547   36.5472978
  27.6464892   36.5485931
  27.6462501   36.5498917
  27.6460374   36.5511933
  27.6458514   36.5524974
  27.6456919   36.5538039
  27.6455591   36.5551122
  27.6454529   36.556422
  27.6454438   36.5565505
  27.6453666   36.5578184
  27.6453143   36.559087
  27.645287    36.5603561
  27.6452848   36.5616254
  27.6453076   36.5628945
  27.6453554   36.5641631
  27.6454282   36.565431
  27.645526    36.5666978
  27.6456487   36.5679631
  27.6457963   36.5692267
  27.6459689   36.5704882
  27.6461662   36.5717474
  27.6461872   36.5718661
  27.6462729   36.5731153
  27.6463844   36.5743764
  27.6465205   36.575636
  27.6466814   36.5768937
  27.646867    36.5781491
  27.6470771   36.579402
  27.6472391   36.5802643
  27.6482268   36.5808111
END
13
  29.3870761   36.1611506
  29.46683     36.16555
  29.51131     36.18387
  29.53711     36.163
  29.56564     36.16093
  29.59148     36.1761
  29.6147      36.16824
  29.61252     36.15222
  29.61147     36.14959
  29.61134     36.14827
  29.6455      36.12568
  29.68381     36.08097
  29.63192     36.05687
  29.6528156   36.0279589
  29.6522823   36.0278655
  29.650643    36.0276016
  29.6489985   36.02736
  29.6473492   36.0271407
  29.6456956   36.0269438
  29.64551     36.026923
  29.64394     36.0267571
  29.6423669   36.0266114
  29.6407911   36.0264859
  29.6392131   36.0263806
  29.6376332   36.0262956
  29.6360519   36.0262308
  29.6344695   36.0261863
  29.6328864   36.0261622
  29.631303    36.0261583
  29.6297198   36.0261748
  29.628137    36.0262116
  29.6265552   36.0262686
  29.6249747   36.026346
  29.623396    36.0264436
  29.6218193   36.0265615
  29.6202452   36.0266996
  29.6186739   36.0268578
  29.6182305   36.0269054
  29.6165375   36.0270988
  29.6148489   36.0273158
  29.6131651   36.027556
  29.6117289   36.0277713
  29.6103327   36.0279888
  29.6100809   36.0280296
  29.6085414   36.0282889
  29.6070072   36.0285677
  29.6054786   36.0288661
  29.603956    36.0291839
  29.6024398   36.0295211
  29.6009303   36.0298776
  29.5994279   36.0302532
  29.5979331   36.0306479
  29.5964462   36.0310617
  29.5949674   36.0314943
  29.5934973   36.0319457
  29.5920362   36.0324157
  29.5905844   36.0329043
  29.5891423   36.0334114
  29.5877103   36.0339367
  29.5862887   36.0344802
  29.5848778   36.0350418
  29.5834781   36.0356212
  29.5820898   36.0362185
  29.5807133   36.0368333
  29.579349    36.0374655
  29.5779971   36.0381151
  29.5766581   36.0387818
  29.5753322   36.0394655
  29.5740198   36.0401659
  29.5727213   36.040883
  29.572283    36.0411333
  29.5711821   36.0410288
  29.5696357   36.0409018
  29.568087    36.0407943
  29.5665364   36.0407063
  29.5649844   36.0406379
  29.5634312   36.0405889
  29.5618772   36.0405596
  29.5603229   36.0405498
  29.5601278   36.0405498
  29.5585809   36.0405595
  29.5570344   36.0405886
  29.5554887   36.040637
  29.553944    36.0407048
  29.5524009   36.040792
  29.5508596   36.0408985
  29.5493205   36.0410243
  29.547784    36.0411693
  29.5462505   36.0413336
  29.5447203   36.0415171
  29.5431938   36.0417197
  29.5416714   36.0419415
  29.5401534   36.0421823
  29.5386402   36.042442
  29.5371322   36.0427207
  29.5356297   36.0430183
  29.5341331   36.0433347
  29.5326427   36.0436697
  29.5311589   36.0440234
  29.5296821   36.0443957
  29.5295298   36.0444351
  29.5280055   36.0448408
  29.5264895   36.0452662
  29.5249821   36.0457113
  29.5234837   36.0461759
  29.5219948   36.0466599
  29.5205157   36.0471633
  29.5190469   36.0476857
  29.5175885   36.0482272
  29.5161412   36.0487876
  29.5147051   36.0493667
  29.5132808   36.0499644
  29.5118686   36.0505805
  29.5104687   36.0512149
  29.5103833   36.0512543
  29.509044    36.051884
  29.5077169   36.0525303
  29.5064024   36.0531933
  29.5051008   36.0538726
  29.5038124   36.0545682
  29.5025375   36.0552799
  29.5012764   36.0560075
  29.5000294   36.0567508
  29.4987969   36.0575096
  29.497579    36.0582839
  29.4963762   36.0590732
  29.4951887   36.0598776
  29.4940167   36.0606968
  29.4936243   36.0609754
  29.4924436   36.0618273
  29.4912797   36.0626941
  29.490133    36.0635758
  29.4890037   36.064472
  29.4878921   36.0653826
  29.4867985   36.0663073
  29.4857232   36.0672459
  29.4846665   36.0681981
  29.4836285   36.0691638
  29.4826096   36.0701426
  29.4825676   36.0701843
  29.4822439   36.0701962
  29.480691    36.0702727
  29.4791398   36.0703688
  29.4775906   36.0704844
  29.4760439   36.0706196
  29.4744999   36.0707741
  29.4729591   36.0709482
  29.4714219   36.0711416
  29.4698885   36.0713543
  29.4683595   36.0715864
  29.4668351   36.0718376
  29.4653157   36.0721081
  29.4638018   36.0723976
  29.4622936   36.0727062
  29.4607915   36.0730338
  29.459296    36.0733802
  29.4578073   36.0737454
  29.4563258   36.0741294
  29.4548519   36.0745319
  29.4533859   36.074953
  29.4519283   36.0753924
  29.4504793   36.0758502
  29.4490393   36.0763262
  29.4476086   36.0768202
  29.4461877   36.0773322
  29.4447768   36.0778621
  29.4433763   36.0784096
  29.4419865   36.0789747
  29.4406078   36.0795573
  29.4393602   36.0800944
  29.4379839   36.0806983
  29.4366195   36.0813195
  29.4352674   36.0819579
  29.4339278   36.0826134
  29.4326011   36.0832857
  29.4312876   36.0839748
  29.4299876   36.0846805
  29.4287016   36.0854026
  29.4274296   36.0861408
  29.4261722   36.0868951
  29.4249296   36.0876653
  29.4237021   36.088451
  29.4224899   36.0892523
  29.4212935   36.0900688
  29.4201131   36.0909003
  29.418949    36.0917467
  29.4178014   36.0926078
  29.4166707   36.0934833
  29.4155571   36.094373
  29.414461    36.0952767
  29.4133825   36.0961941
  29.412322    36.0971251
  29.4112796   36.0980695
  29.4102558   36.0990269
  29.4092506   36.0999972
  29.4082644   36.10098
  29.4072974   36.1019753
  29.4063499   36.1029826
  29.405422    36.1040019
  29.4045141   36.1050327
  29.4036262   36.106075
  29.4027588   36.1071283
  29.4019118   36.1081925
  29.4010857   36.1092673
  29.4002805   36.1103524
  29.3994965   36.1114475
  29.3987338   36.1125525
  29.3979927   36.1136669
  29.3972733   36.1147906
  29.3965759   36.1159233
  29.3959005   36.1170646
  29.3952473   36.1182143
  29.3946166   36.1193722
  29.3940084   36.1205379
  29.393423    36.1217111
  29.3928604   36.1228916
  29.3923208   36.1240791
  29.3918043   36.1252732
  29.3913111   36.1264737
  29.3910819   36.1270622
  29.3908413   36.1276803
  29.3903949   36.1288927
  29.3899722   36.1301106
  29.3895731   36.1313336
  29.3891979   36.1325616
  29.3888466   36.1337941
  29.3885192   36.1350309
  29.3882159   36.1362717
  29.3879368   36.1375161
  29.3876818   36.138764
  29.3874512   36.1400148
  29.3872448   36.1412685
  29.3870629   36.1425245
  29.3869053   36.1437827
  29.3867722   36.1450427
  29.3866636   36.1463042
  29.3865796   36.147567
  29.3865715   36.1477095
  29.3865108   36.1490039
  29.3864759   36.1502988
  29.3864668   36.1515941
  29.3864834   36.1528893
  29.3864915   36.1531341
  29.3864938   36.1534745
  29.3865274   36.1547485
  29.386586    36.1560218
  29.3866694   36.1572942
  29.3867778   36.1585654
  29.3869111   36.159835
  29.3870692   36.1611027
  29.3870761   36.1611506
END
END
