polygon
1
  18.6885359   47.577244
  18.6912593   47.573849
  18.6933409   47.5714848
  18.6947651   47.5699197
  18.6988837   47.5656007
  18.699698    47.5632351
  18.7003701   47.5613126
  18.7002024   47.5607603
  18.6955101   47.5560952
  18.6944379   47.5548966
  18.693991    47.5536818
  18.6921315   47.5486267
  18.6941144   47.5449031
  18.6947587   47.5327779
  18.7107097   47.5158244
  18.7123003   47.5133791
  18.7129474   47.512366
  18.7139339   47.5109481
  18.717127    47.5061487
  18.7181942   47.5046089
  18.7207077   47.5014097
  18.7222103   47.4994762
  18.7244784   47.4965574
  18.7241993   47.49641
  18.7237615   47.4964111
  18.7227083   47.4963459
  18.722435    47.4963756
  18.7234136   47.4958641
  18.7239294   47.4954699
  18.7241635   47.495225
  18.724488    47.4948203
  18.7247221   47.4945481
  18.7249954   47.4943096
  18.7255076   47.4939981
  18.7259782   47.4938286
  18.726633    47.4936616
  18.7269776   47.4935083
  18.727264    47.4933372
  18.7275314   47.4931341
  18.7278095   47.4928546
  18.7280484   47.4924652
  18.72821     47.4921231
  18.7284691   47.491867
  18.7292808   47.4913354
  18.7302647   47.4910262
  18.731099    47.4914631
  18.7320135   47.4918481
  18.7324704   47.491989
  18.7326736   47.4919846
  18.7337075   47.4917545
  18.7346681   47.4911149
  18.7357235   47.490187
  18.7366327   47.4898906
  18.737716    47.4896217
  18.7387178   47.4895342
  18.7395041   47.489429
  18.7406739   47.4893142
  18.7415806   47.4888527
  18.7426058   47.4889969
  18.743507    47.4894852
  18.7468158   47.4911245
  18.7478685   47.4913595
  18.75025     47.4922588
  18.7515427   47.49242
  18.7533787   47.4907333
  18.7535619   47.4905857
  18.7576492   47.4878794
  18.7578509   47.486872
  18.7572902   47.4865637
  18.7573691   47.4858458
  18.7577393   47.4852772
  18.759857    47.4827353
  18.7609373   47.4805692
  18.7608541   47.4802094
  18.7619676   47.4783468
  18.7623793   47.4780615
  18.7628742   47.4778427
  18.7632514   47.477699
  18.7646131   47.477074
  18.7647929   47.4769459
  18.7658182   47.4764307
  18.766862    47.476018
  18.7673391   47.4758292
  18.7675627   47.4757074
  18.7689695   47.4744424
  18.7701193   47.4734047
  18.7713213   47.472373
  18.7722526   47.4717693
  18.7726167   47.4715805
  18.7740703   47.4706423
  18.7744098   47.4703827
  18.7759595   47.4691647
  18.7764101   47.4688081
  18.7776146   47.467855
  18.7782209   47.4674488
  18.7789071   47.4669905
  18.7796621   47.4664855
  18.7801276   47.4661595
  18.780374    47.46565
  18.7805867   47.4651373
  18.7807894   47.4646428
  18.7810001   47.4641227
  18.7813955   47.4631496
  18.7816508   47.4625205
  18.7831085   47.4603906
  18.7837337   47.4594641
  18.7843557   47.4585382
  18.7848217   47.4579365
  18.7853016   47.4573181
  18.7855833   47.45686
  18.7856709   47.4564954
  18.7858598   47.4547153
  18.7859421   47.4542533
  18.7860029   47.4539257
  18.7860684   47.4536254
  18.7861452   47.4532602
  18.7863652   47.4522476
  18.7864444   47.4519155
  18.7865115   47.451638
  18.7865539   47.4514823
  18.7866531   47.4511593
  18.7867745   47.4508354
  18.7867609   47.4499272
  18.7864732   47.4493219
  18.7862971   47.4483734
  18.7860203   47.4458721
  18.7860738   47.444179
  18.7865134   47.4429841
  18.7870594   47.4414999
  18.7873467   47.4407186
  18.7875671   47.4401059
  18.7877156   47.4396946
  18.7879172   47.439134
  18.7879408   47.4390698
  18.7879669   47.4390073
  18.7880329   47.4388481
  18.7883976   47.437973
  18.7899863   47.4361812
  18.7903636   47.435738
  18.7907046   47.4353349
  18.7870725   47.4323349
  18.7876389   47.4305089
  18.7877728   47.4301859
  18.7885326   47.4283538
  18.7887346   47.427768
  18.7888032   47.4275688
  18.7888932   47.427329
  18.7895284   47.4256639
  18.7762691   47.4183893
  18.7715052   47.4175426
  18.7709675   47.4171726
  18.7681309   47.4156273
  18.7659198   47.4140975
  18.7636936   47.4129536
  18.7625747   47.4118195
  18.7603494   47.40875
  18.7597967   47.4076469
  18.7597715   47.4072281
  18.7592226   47.4064766
  18.757147    47.4033223
  18.7622078   47.3999615
  18.7651201   47.3971252
  18.7674416   47.3955708
  18.7701077   47.3939973
  18.776162    47.3903356
  18.7773449   47.3895166
  18.7799217   47.3873567
  18.7820743   47.3837714
  18.783331    47.3820811
  18.7842838   47.3805056
  18.7855481   47.3792721
  18.7866382   47.3778353
  18.7877945   47.3758801
  18.7879611   47.3756911
  18.7897703   47.3736606
  18.7903905   47.3725796
  18.7906103   47.3721342
  18.7908071   47.3718644
  18.7914259   47.3712857
  18.7919035   47.3709452
  18.7928172   47.371404
  18.7944895   47.3701524
  18.7964014   47.3689344
  18.7991034   47.3673009
  18.8004171   47.3664612
  18.8010126   47.3657754
  18.8036026   47.3641399
  18.8045681   47.3632348
  18.8052291   47.3618909
  18.8062575   47.3609897
  18.8071992   47.3599891
  18.8075728   47.3594234
  18.8079312   47.3588679
  18.8072153   47.3583749
  18.8088733   47.3561926
  18.8098049   47.3553324
  18.81149     47.3537338
  18.8199762   47.3470317
  18.8253827   47.342938
  18.8262852   47.3423772
  18.8318669   47.3389171
  18.8338707   47.3399807
  18.8339844   47.3399125
  18.8341564   47.3398379
  18.8417909   47.33589
  18.844686    47.3340942
  18.8479322   47.3320802
  18.8541217   47.3271108
  18.8588662   47.3233657
  18.8636607   47.3191365
  18.8664687   47.3153697
  18.867622    47.3145272
  18.8642267   47.3115539
  18.8612669   47.3063062
  18.8583169   47.3054043
  18.8604005   47.3046396
  18.8646632   47.3060417
  18.8680175   47.3054631
  18.8719475   47.3042648
  18.8811361   47.3013987
  18.8783139   47.2962226
  18.8753206   47.2918566
  18.8733336   47.2866565
  18.8755302   47.2839783
  18.8777818   47.2812328
  18.8801467   47.2772862
  18.8807038   47.2784246
  18.8863429   47.2775087
  18.890716    47.2767985
  18.9006163   47.2752659
  18.908046    47.2749362
  18.9190647   47.2744845
  18.920477    47.2648836
  18.9196697   47.2623211
  18.9180016   47.2570259
  18.9127342   47.2466997
  18.9115599   47.2443974
  18.9113594   47.2370896
  18.9101424   47.231247
  18.9066871   47.2261108
  18.9060916   47.2251664
  18.8967082   47.2148378
  18.8867686   47.2047776
  18.881508    47.1961136
  18.8808618   47.1926138
  18.8801364   47.1886853
  18.8799489   47.1874254
  18.8796328   47.1853019
  18.8781924   47.1756231
  18.8737655   47.1647884
  18.8735909   47.1643611
  18.8733066   47.1622259
  18.8732057   47.1580645
  18.8732517   47.1573403
  18.8732423   47.1566077
  18.8730582   47.1555294
  18.8730353   47.1554311
  18.8727029   47.1536573
  18.8722651   47.1522138
  18.8720859   47.1508489
  18.8730272   47.1437093
  18.8796102   47.1322007
  18.8821969   47.1253015
  18.8852862   47.1110506
  18.8862098   47.1084769
  18.8908143   47.0956438
  18.8934113   47.0876647
  18.898058    47.0761015
  18.9007885   47.0731692
  18.9026569   47.0713409
  18.9041633   47.0721071
  18.9048574   47.0716317
  18.9053648   47.0713176
  18.9057844   47.0711084
  18.9065824   47.0705254
  18.907294    47.0700653
  18.9080538   47.0696805
  18.9082254   47.0694711
  18.9086527   47.0691434
  18.9097487   47.0685845
  18.9098027   47.0685223
  18.9106734   47.068024
  18.9111048   47.0678999
  18.9117012   47.0675096
  18.9119341   47.0673142
  18.9125981   47.0668994
  18.9140645   47.0663651
  18.9147963   47.0660272
  18.9150705   47.0658345
  18.9153863   47.0657453
  18.9158235   47.0655793
  18.9162991   47.0653448
  18.9168368   47.0651267
  18.9177549   47.0646525
  18.9191275   47.0640094
  18.9208963   47.0630957
  18.9227848   47.0621648
  18.9233643   47.0618959
  18.92403     47.061495
  18.9247069   47.0611951
  18.9252942   47.0609277
  18.9259643   47.0605733
  18.9263278   47.0604467
  18.9268452   47.0601605
  18.9270399   47.0601251
  18.9281972   47.0594162
  18.9286693   47.0592195
  18.9289291   47.0590788
  18.9291308   47.0588955
  18.9290773   47.0587353
  18.9302825   47.0579905
  18.9312105   47.0573932
  18.9326798   47.0561929
  18.9352882   47.0545592
  18.9360099   47.0542264
  18.9379381   47.0531796
  18.9402941   47.0519434
  18.9405226   47.0517212
  18.9405962   47.0515778
  18.9408406   47.0514656
  18.941021    47.0514574
  18.9417512   47.0510749
  18.9429093   47.0503701
  18.9434629   47.0500036
  18.9440909   47.0495678
  18.9457244   47.0486222
  18.9461966   47.0482737
  18.9469868   47.0486064
  18.9523956   47.0444738
  18.955839    47.0418428
  18.9621872   47.0358291
  18.9631561   47.0349112
  18.9666614   47.0305866
  18.9672065   47.0308349
  18.9691322   47.0312801
  18.9706261   47.0321309
  18.9728526   47.0344193
  18.9745179   47.036323
  18.9750768   47.0386103
  18.9756283   47.039751
  18.9761898   47.0401294
  18.9767423   47.040514
  18.9773038   47.0408924
  18.9773033   47.0412767
  18.9761858   47.0431787
  18.9750691   47.0443184
  18.9733232   47.0461842
  18.9689345   47.048504
  18.9672639   47.0500274
  18.9627994   47.052305
  18.9605664   47.0538279
  18.9594589   47.0545894
  18.9577788   47.0561127
  18.9572219   47.058393
  18.9566564   47.0603014
  18.9566519   47.0629664
  18.95665     47.0641056
  18.958881    47.0641085
  18.9611127   47.0637322
  18.9616659   47.0637326
  18.9661297   47.0625892
  18.9716992   47.0618307
  18.9800626   47.0603175
  18.9906478   47.0584143
  18.9934329   47.0572753
  18.9973325   47.056899
  19.0040254   47.0561394
  19.0095936   47.055379
  19.0123777   47.0550018
  19.0201764   47.0542416
  19.0212926   47.052333
  19.0207401   47.0511925
  19.0224084   47.0511929
  19.0240868   47.0489063
  19.0296543   47.0473888
  19.0346684   47.0458649
  19.0391202   47.0439626
  19.0463638   47.0432005
  19.0541601   47.0412976
  19.0602878   47.0390101
  19.0641856   47.0386316
  19.0675294   47.0355818
  19.0697588   47.034441
  19.0714278   47.0371056
  19.0730961   47.0378675
  19.0781099   47.0393847
  19.0875861   47.0435713
  19.0937069   47.0450936
  19.0953845   47.045471
  19.0959396   47.0477577
  19.0970573   47.0504222
  19.0981743   47.0523244
  19.0987293   47.054233
  19.0987341   47.0591787
  19.0981846   47.0629905
  19.1037567   47.0664151
  19.1065042   47.0675255
  19.1121208   47.0679291
  19.1215925   47.0698322
  19.129146    47.0711831
  19.1321896   47.0717274
  19.1349768   47.0732499
  19.1390045   47.0766829
  19.1394372   47.0770517
  19.1433574   47.0827627
  19.1589788   47.0907434
  19.1640075   47.0956902
  19.2024805   47.0975471
  19.204704    47.0944948
  19.2091433   47.0891586
  19.2226413   47.1093551
  19.2371666   47.1310051
  19.2433093   47.1321351
  19.2477799   47.1328896
  19.2511232   47.1332617
  19.2550295   47.133639
  19.2628514   47.1336281
  19.2689813   47.1343751
  19.2818794   47.1280823
  19.2982354   47.1257535
  19.3060904   47.1227751
  19.308174    47.1218964
  19.3086499   47.1216628
  19.3108146   47.1209154
  19.3119484   47.1204069
  19.3234081   47.1124793
  19.3265702   47.1097235
  19.330888    47.105805
  19.334442    47.1026299
  19.3380603   47.0993984
  19.3477932   47.0932229
  19.3311686   47.0778763
  19.328936    47.0759792
  19.3188721   47.0699112
  19.3143943   47.0668788
  19.2953042   47.036076
  19.3191342   47.0127927
  19.3253107   47.0226756
  19.3331266   47.0268459
  19.3556665   47.0322754
  19.3582211   47.0328727
  19.374373    47.0328275
  19.37828     47.0343409
  19.3833092   47.0369912
  19.3860993   47.0381296
  19.3895162   47.0400798
  19.3956797   47.0437118
  19.4139499   47.0544768
  19.4243318   47.0606658
  19.4292328   47.0636332
  19.4302762   47.0633218
  19.436173    47.060889
  19.4400309   47.0592244
  19.4544214   47.0555561
  19.4616414   47.0533986
  19.462951    47.0533696
  19.4723852   47.0547621
  19.474447    47.0550055
  19.4749966   47.0558311
  19.4790413   47.0610953
  19.4800304   47.0626547
  19.4806527   47.0638366
  19.4830441   47.0669723
  19.4859108   47.072341
  19.4873375   47.0759346
  19.4886766   47.080107
  19.4886397   47.0801433
  19.4888724   47.080619
  19.4903657   47.0855328
  19.4911348   47.0882855
  19.4927837   47.0951631
  19.4931094   47.0963889
  19.4945964   47.0989711
  19.4957485   47.1009703
  19.4985434   47.1050699
  19.4996207   47.107725
  19.5023187   47.112114
  19.5027347   47.1129659
  19.5060277   47.1189198
  19.5062306   47.1189426
  19.5071401   47.1186656
  19.5105436   47.1176557
  19.5327467   47.1112856
  19.5614116   47.1073235
  19.5620492   47.1073831
  19.5697389   47.1085155
  19.5779438   47.1126561
  19.5801808   47.1147858
  19.5827906   47.1169045
  19.5866596   47.1204995
  19.587166    47.120925
  19.5951575   47.1123297
  19.596816    47.1111814
  19.597367    47.1100384
  19.603989    47.1035297
  19.6086097   47.0976435
  19.6204906   47.0825059
  19.6243092   47.0748696
  19.6259461   47.0710559
  19.6270286   47.0680011
  19.6281028   47.0641902
  19.6291926   47.06266
  19.6367317   47.0382516
  19.6571399   47.0210074
  19.6615454   47.0171783
  19.6637437   47.0145014
  19.6670561   47.0118121
  19.671478    47.0095072
  19.674237    47.0075894
  19.6764342   47.0049122
  19.6824947   46.9995423
  19.6841478   46.9983926
  19.689668    46.9941719
  19.6963015   46.990707
  19.699054    46.9884105
  19.7029295   46.9868636
  19.7101273   46.9837726
  19.7200946   46.9799088
  19.7256301   46.9779732
  19.7355804   46.9729615
  19.7372316   46.9718111
  19.741661    46.9698753
  19.7493816   46.9648821
  19.7598693   46.9591025
  19.7670499   46.9552519
  19.7797496   46.9486941
  19.7875689   46.9513088
  19.8020895   46.9554035
  19.8280681   46.9449461
  19.8291755   46.9445604
  19.8330608   46.9441495
  19.8402963   46.9444837
  19.8442382   46.9478837
  19.8470789   46.9520537
  19.8521866   46.9588728
  19.8578857   46.9675903
  19.8590222   46.9691008
  19.8612633   46.9706095
  19.8613039   46.9732744
  19.8618768   46.9740327
  19.8635892   46.9770699
  19.8664102   46.9811785
  19.8681432   46.983508
  19.8743968   46.992605
  19.8755461   46.9948775
  19.8767075   46.9979185
  19.8789238   46.99714
  19.8794704   46.996758
  19.8805784   46.9963656
  19.8904997   46.9902001
  19.8932619   46.9890392
  19.9081693   46.9816884
  19.9109307   46.9805271
  19.9159194   46.9793488
  19.9209015   46.977786
  19.9242175   46.9762359
  19.9269783   46.9750742
  19.9341742   46.9727314
  19.9375148   46.9727054
  19.9391806   46.9726924
  19.9469664   46.9726313
  19.9536322   46.9722004
  19.9547392   46.9718074
  19.9586061   46.970258
  19.9779858   46.964765
  19.9835103   46.962817
  19.983158    46.9742431
  19.9826833   46.9791993
  19.98275     46.9830106
  19.9861514   46.9864102
  19.9878578   46.9886771
  19.9997163   46.9984834
  20.0265941   47.0073922
  20.032732    47.0081018
  20.0606625   47.0131878
  20.0696923   47.0195845
  20.0713595   47.0195695
  20.0884203   47.0091325
  20.0945144   47.007552
  20.1126537   47.0329531
  20.1080063   47.0396139
  20.1027412   47.042041
  20.0918724   47.0440919
  20.081603    47.0707955
  20.0796649   47.0755412
  20.0765001   47.0805092
  20.0753187   47.0839532
  20.0647999   47.0891441
  20.0661576   47.0937087
  20.0532655   47.1056336
  20.0586075   47.108493
  20.0559484   47.1148032
  20.0477077   47.1250606
  20.0554292   47.1418591
  20.0558343   47.1456452
  20.0635709   47.1490774
  20.0710254   47.1562019
  20.0758001   47.1590496
  20.0846453   47.1648483
  20.0872152   47.1676465
  20.0942026   47.1761258
  20.0987174   47.1810291
  20.0989508   47.1814601
  20.0988341   47.1815143
  20.0986712   47.1814866
  20.0985409   47.181494
  20.0985436   47.1818556
  20.0955525   47.1884559
  20.0895703   47.1971541
  20.0849901   47.2077102
  20.0849625   47.2079764
  20.0846821   47.208047
  20.080167    47.2101504
  20.0797818   47.2151007
  20.079792    47.2161296
  20.0795586   47.2204027
  20.0763004   47.2214164
  20.0657636   47.2247097
  20.058857    47.229064
  20.0544166   47.2313037
  20.0505324   47.234929
  20.0446657   47.2382317
  20.0426607   47.2391291
  20.0337575   47.2427939
  20.0316408   47.2432375
  20.0311644   47.2433648
  20.0233537   47.2450704
  20.0106856   47.2479745
  20.0079616   47.2485257
  20.0036088   47.2499565
  19.9975116   47.2516091
  19.9914024   47.2524683
  19.98827     47.2530607
  19.9899138   47.2564308
  19.9905688   47.2584577
  19.9937898   47.264146
  20.0005764   47.2776079
  20.0034322   47.283379
  20.0057211   47.2859208
  20.0092149   47.2903884
  20.0117934   47.2932059
  20.0132977   47.295039
  20.0165686   47.2995059
  20.0175947   47.3038896
  20.0121685   47.3070069
  20.0038067   47.3172791
  20.0030154   47.3182836
  19.9998988   47.3222889
  19.9938292   47.3273546
  19.9920271   47.3287868
  19.9892372   47.3339861
  19.9896421   47.3356986
  19.9902572   47.3375465
  19.9917718   47.341223
  19.9922869   47.3423847
  19.9904682   47.3466309
  19.9872861   47.3486912
  19.9814618   47.3521017
  19.9802223   47.3537961
  19.978595    47.35468
  19.9765772   47.3564282
  19.9751421   47.3579872
  19.9727074   47.3602041
  19.9707992   47.3621055
  19.9687507   47.3643699
  19.9668798   47.3658566
  19.9667427   47.3658728
  19.9650856   47.3672238
  19.9610125   47.3692779
  19.9541922   47.372065
  19.9502128   47.3740794
  19.9452178   47.3756653
  19.9407708   47.3769004
  19.9378645   47.3776926
  19.9370574   47.3779183
  19.9338628   47.3788117
  19.9322208   47.3792048
  19.9318005   47.3793857
  19.9306251   47.3800731
  19.9286661   47.3807701
  19.9260471   47.3810753
  19.9221516   47.3827091
  19.9151847   47.386382
  19.9121144   47.3875034
  19.9092186   47.3885403
  19.9013045   47.3927507
  19.8968441   47.3943176
  19.8927881   47.3964245
  19.8776474   47.404291
  19.8666895   47.4083604
  19.8584069   47.412117
  19.8550383   47.4136792
  19.854515    47.4137492
  19.8538064   47.414273
  19.8529985   47.4147653
  19.851084    47.415968
  19.8427713   47.422061
  19.8394699   47.424255
  19.8379496   47.4254128
  19.8350948   47.4263053
  19.8246123   47.4288263
  19.8265601   47.4323636
  19.8259935   47.4332735
  19.8242509   47.4359346
  19.8239087   47.4363313
  19.823563    47.4369538
  19.8229387   47.4380545
  19.8203919   47.4421435
  19.8199562   47.4429343
  19.8191469   47.4443918
  19.8184048   47.4453302
  19.8176304   47.4464886
  19.8151688   47.4493018
  19.8144846   47.4500801
  19.8141901   47.4504167
  19.8131579   47.451359
  19.8126991   47.451785
  19.8106304   47.4537037
  19.809557    47.4546529
  19.8070834   47.4561373
  19.8050992   47.4579902
  19.8037689   47.4596934
  19.7980468   47.4628329
  19.7896464   47.4670159
  19.7774126   47.4723008
  19.7704875   47.4757765
  19.7667072   47.4777351
  19.7587644   47.4811281
  19.7583136   47.4814728
  19.7578492   47.4817724
  19.7575192   47.4820141
  19.7568881   47.4824132
  19.7565629   47.4825641
  19.755419    47.4831655
  19.7545792   47.4835482
  19.7541666   47.4837724
  19.7537638   47.4840436
  19.753424    47.4842382
  19.7523583   47.4850134
  19.7517216   47.4856884
  19.7511404   47.4862296
  19.7499872   47.4870785
  19.7469639   47.4889348
  19.747799    47.4893726
  19.7505777   47.491541
  19.752739    47.49361
  19.754718    47.4953712
  19.7587026   47.4979515
  19.7611207   47.4991875
  19.7616977   47.4995876
  19.7621127   47.5001929
  19.7634793   47.5010888
  19.7638286   47.5014136
  19.7648004   47.5028702
  19.7656558   47.5043302
  19.7661088   47.5052261
  19.7667016   47.5062652
  19.7672224   47.5078294
  19.7672754   47.5082998
  19.7690494   47.5114761
  19.7689635   47.5130498
  19.7695326   47.5139757
  19.7695648   47.5149933
  19.7699299   47.5164388
  19.7713793   47.5171688
  19.7724996   47.5176353
  19.7755838   47.5194357
  19.7781854   47.5219292
  19.7792817   47.5230941
  19.7806203   47.5242469
  19.7841958   47.5267108
  19.7866097   47.5274503
  19.7899334   47.5313719
  19.7903328   47.5318205
  19.7910815   47.5324751
  19.7772497   47.5388348
  19.7737451   47.5359051
  19.7678599   47.5303541
  19.7651783   47.5317961
  19.7571614   47.5357966
  19.7547889   47.5338167
  19.7539418   47.5339536
  19.7521614   47.5344279
  19.7515612   47.5339075
  19.7484786   47.5329684
  19.7460906   47.5320441
  19.7444194   47.5336181
  19.7402425   47.5360616
  19.7395251   47.5375747
  19.737812    47.5387559
  19.7375689   47.5385173
  19.7370695   47.5382558
  19.7368256   47.5383129
  19.7364029   47.5385107
  19.7362475   47.5388811
  19.7349255   47.5365572
  19.7336696   47.5350498
  19.7302871   47.5328285
  19.7289634   47.5318672
  19.7269278   47.530782
  19.7237131   47.5295728
  19.7201814   47.5279354
  19.7189829   47.5275542
  19.7178424   47.5273945
  19.7158711   47.5253009
  19.7139391   47.5230393
  19.7116346   47.5199187
  19.7107488   47.5183957
  19.7027093   47.5172407
  19.7004262   47.5189592
  19.6981846   47.5208907
  19.6972251   47.5224258
  19.6932845   47.5247602
  19.6912945   47.5268687
  19.6846561   47.5319432
  19.6823318   47.5334913
  19.6803222   47.5343383
  19.6763816   47.5361623
  19.6743366   47.5377447
  19.6714342   47.5397837
  19.6654172   47.5419182
  19.6605406   47.5434739
  19.6558528   47.5459693
  19.6526744   47.5478376
  19.6542592   47.5502888
  19.654632    47.5510176
  19.6577476   47.5572881
  19.6585719   47.5591693
  19.6519435   47.5614894
  19.6510411   47.5618948
  19.6552471   47.566162
  19.6556234   47.5667058
  19.6571296   47.5747242
  19.6576843   47.576084
  19.659213    47.5782401
  19.6615222   47.5808389
  19.6630544   47.5832127
  19.6630407   47.584534
  19.6641959   47.5868289
  19.6663277   47.5885507
  19.6635928   47.5906072
  19.659296    47.5938917
  19.6579026   47.5948883
  19.6567213   47.595705
  19.6551832   47.5969245
  19.6536496   47.5985083
  19.6551523   47.6031232
  19.6556563   47.6048792
  19.6558355   47.6076597
  19.6561101   47.6082481
  19.6565716   47.6094752
  19.6573486   47.6120536
  19.6568573   47.6141083
  19.656519    47.6164968
  19.6546121   47.6184161
  19.6512447   47.622026
  19.6482784   47.6264498
  19.6471442   47.6278237
  19.6451976   47.6288831
  19.6442347   47.6296166
  19.6433188   47.6301548
  19.6431118   47.6307886
  19.6430466   47.6316025
  19.6432161   47.6327299
  19.6427809   47.6349458
  19.641361    47.6352819
  19.639165    47.6362297
  19.6376672   47.6367629
  19.6369362   47.6370501
  19.6431796   47.6439116
  19.6444036   47.6460791
  19.642903    47.6469693
  19.6410798   47.6474553
  19.6385835   47.6475656
  19.6359627   47.6473808
  19.6335079   47.6476152
  19.6314242   47.6485454
  19.6290593   47.649224
  19.6266414   47.6496665
  19.6241382   47.6502333
  19.6234513   47.6504429
  19.6192424   47.6523341
  19.6182398   47.6528651
  19.6172717   47.653511
  19.6162068   47.6541228
  19.6143121   47.655163
  19.6131639   47.6562615
  19.612263    47.6568243
  19.6120159   47.657048
  19.6116142   47.6580876
  19.6108681   47.6589934
  19.6101882   47.6596529
  19.6092207   47.6602936
  19.6073634   47.661398
  19.6071184   47.6623557
  19.6075242   47.6638945
  19.6079148   47.6648785
  19.6078104   47.6658734
  19.6071726   47.6673813
  19.6038018   47.6727689
  19.5992237   47.6783395
  19.5966256   47.6806086
  19.5951059   47.6821281
  19.5934184   47.6843872
  19.5914358   47.6879125
  19.5969813   47.6907546
  19.5994775   47.6921947
  19.6011494   47.6932657
  19.6012302   47.6933407
  19.5994593   47.6944926
  19.597711    47.6950959
  19.5956214   47.6959122
  19.5953904   47.6960243
  19.5950132   47.6963381
  19.5948132   47.696872
  19.5948925   47.697143
  19.5993038   47.7026218
  19.600801    47.7025272
  19.6011233   47.7024134
  19.6018708   47.7020288
  19.6027782   47.7016473
  19.6036652   47.7015119
  19.6044564   47.7049795
  19.6046083   47.7062728
  19.6046698   47.7065164
  19.60477     47.7067068
  19.6050441   47.7071428
  19.6042059   47.7074562
  19.6067257   47.711911
  19.6051611   47.7126346
  19.6009295   47.7153542
  19.5994554   47.7162253
  19.5984306   47.7166564
  19.5961401   47.7181574
  19.5910205   47.7213029
  19.5888534   47.7225969
  19.5876403   47.7234095
  19.5859861   47.724838
  19.584396    47.726087
  19.5832368   47.7273602
  19.5807978   47.729696
  19.5797053   47.7303877
  19.5791719   47.7306568
  19.5751146   47.7325543
  19.5725525   47.7339542
  19.5717764   47.7344445
  19.5709386   47.7349031
  19.5699484   47.7353422
  19.5697235   47.7356227
  19.5681857   47.7368301
  19.5670468   47.7375399
  19.5649396   47.7384961
  19.5608552   47.7395537
  19.5599242   47.7400073
  19.5597966   47.740098
  19.558229    47.7408507
  19.5567499   47.7411889
  19.5547877   47.7417474
  19.5531048   47.7425108
  19.5502396   47.7434303
  19.5486147   47.7437693
  19.5471395   47.7443189
  19.5411357   47.7464039
  19.5379119   47.7436291
  19.5369463   47.7429591
  19.5364091   47.7431065
  19.5355909   47.7424374
  19.5343573   47.7411956
  19.5340752   47.7408248
  19.5329596   47.7396865
  19.5311823   47.7374409
  19.5299323   47.7352434
  19.5294178   47.7341076
  19.5287172   47.7329296
  19.526864    47.7304659
  19.5265403   47.7302911
  19.5248542   47.7304933
  19.5238881   47.7295437
  19.5231479   47.7290438
  19.5225869   47.7290825
  19.5221117   47.7284924
  19.5215211   47.7286371
  19.5212538   47.7281979
  19.520114    47.7282061
  19.5196578   47.7271721
  19.5196115   47.7269186
  19.51886     47.7241332
  19.5184105   47.7232911
  19.5178132   47.7230495
  19.5162971   47.7225217
  19.513917    47.7220043
  19.5130003   47.7220028
  19.5119469   47.7219687
  19.5086655   47.7217864
  19.507286    47.7213668
  19.5064133   47.7212942
  19.5050029   47.7207916
  19.5033013   47.7200481
  19.5001833   47.7190036
  19.4994164   47.7189013
  19.4984953   47.7185663
  19.4974926   47.7182356
  19.4961284   47.7178413
  19.4948877   47.7172853
  19.4944426   47.7171222
  19.4937991   47.7168138
  19.4936823   47.7167055
  19.4934289   47.7153756
  19.4917278   47.7136554
  19.4910224   47.7128385
  19.4906986   47.7113705
  19.4897851   47.708398
  19.4895607   47.7072035
  19.4906646   47.7070164
  19.4918638   47.7070402
  19.4933902   47.7069082
  19.4951646   47.706866
  19.4967182   47.7068715
  19.4978494   47.7067394
  19.4991441   47.7067302
  19.5007997   47.7066511
  19.5028485   47.7064202
  19.5041166   47.7062244
  19.5052152   47.7058068
  19.5064352   47.7049482
  19.5075184   47.7044021
  19.5087962   47.7040636
  19.5097906   47.7004017
  19.5100649   47.6998599
  19.5112284   47.6984356
  19.5106331   47.6976338
  19.5098948   47.6968652
  19.5089451   47.6959454
  19.508206    47.6961065
  19.5070553   47.6963026
  19.5064193   47.6963212
  19.5042073   47.696148
  19.5023823   47.6958559
  19.5010104   47.6955939
  19.499781    47.6952589
  19.4989579   47.6949784
  19.4968521   47.6941587
  19.4954488   47.6937143
  19.4951119   47.6935857
  19.4936952   47.6932911
  19.491437    47.6925775
  19.4896675   47.6917776
  19.4870044   47.6904142
  19.4860174   47.6899603
  19.4855538   47.6898057
  19.4845456   47.6895193
  19.4824952   47.689127
  19.4815806   47.6889008
  19.480824    47.6886514
  19.4799622   47.6884681
  19.4773253   47.6877825
  19.4772471   47.6877951
  19.4767084   47.689191
  19.4755578   47.6908332
  19.4748178   47.6916761
  19.4740579   47.6929377
  19.4734042   47.6938916
  19.4711908   47.696475
  19.4689822   47.70013
  19.4678452   47.7021946
  19.4668296   47.7046237
  19.4661082   47.7071429
  19.4659215   47.7083633
  19.4655187   47.7091187
  19.4653272   47.7093742
  19.4654758   47.7111249
  19.4656149   47.7118175
  19.4654747   47.7119253
  19.4652932   47.7121055
  19.4647638   47.712343
  19.464506    47.7124205
  19.4643257   47.7124929
  19.4642156   47.712567
  19.4635948   47.7128163
  19.4633695   47.7128736
  19.4625585   47.7132744
  19.4624183   47.7133738
  19.4617875   47.7136736
  19.4614996   47.7137527
  19.4611241   47.713837
  19.4608588   47.713869
  19.4600578   47.714034
  19.4585984   47.714093
  19.4581328   47.7140879
  19.456751    47.7142934
  19.455602    47.7143894
  19.454136    47.7146057
  19.4536368   47.7146819
  19.4524332   47.7151821
  19.4513818   47.7167779
  19.4500012   47.7182593
  19.4491586   47.7200741
  19.4481108   47.7218436
  19.4460363   47.7244299
  19.4448394   47.7259091
  19.4438519   47.7282639
  19.4432712   47.7287455
  19.4407116   47.7302095
  19.4388868   47.7319762
  19.4370951   47.7325494
  19.4368297   47.7332628
  19.4358197   47.7347769
  19.4348799   47.7367198
  19.433885    47.7386012
  19.4332925   47.7406036
  19.4327581   47.7429052
  19.4335289   47.7448848
  19.4336791   47.7456525
  19.4342203   47.7474147
  19.4346257   47.7495143
  19.4362789   47.7512363
  19.4389924   47.7527161
  19.4405096   47.7534383
  19.4427033   47.7546546
  19.4440983   47.7557251
  19.4445913   47.7569546
  19.4446554   47.7578892
  19.4458977   47.7593241
  19.4465681   47.7605238
  19.4468737   47.7621111
  19.4468195   47.7632676
  19.4463709   47.7647256
  19.4455866   47.7656716
  19.4446706   47.7682294
  19.4437796   47.7687441
  19.4427455   47.7684494
  19.4405658   47.7686291
  19.4382684   47.7688621
  19.4361734   47.7687431
  19.433299    47.7687958
  19.4317      47.7692618
  19.428624    47.7702881
  19.426486    47.7713847
  19.4245484   47.7724957
  19.4241226   47.7728925
  19.4220311   47.7722156
  19.4197983   47.7717418
  19.4177252   47.7711003
  19.4155125   47.7711725
  19.4149654   47.7718704
  19.4151981   47.7725115
  19.4152589   47.7729332
  19.4158206   47.7736542
  19.4158724   47.7741669
  19.415756    47.7742077
  19.4158661   47.775125
  19.4156586   47.7755977
  19.4159192   47.7760738
  19.4157598   47.7762354
  19.4153398   47.7765908
  19.4155321   47.7768271
  19.4154222   47.7772848
  19.4152397   47.7775589
  19.4153792   47.7777296
  19.415551    47.7781672
  19.416077    47.7784582
  19.416145    47.7788934
  19.4165493   47.7788982
  19.4167425   47.7790593
  19.4171576   47.7790521
  19.4175158   47.7791752
  19.4177789   47.7794133
  19.4188163   47.7795391
  19.4194033   47.7797125
  19.4199802   47.7800049
  19.4210429   47.7809129
  19.4229329   47.7846063
  19.4236085   47.786564
  19.4240943   47.7884646
  19.4244232   47.7909244
  19.4250001   47.7917947
  19.4262702   47.7928435
  19.4274307   47.7962681
  19.4271444   47.7966311
  19.434376    47.7986454
  19.4395072   47.7999361
  19.4409098   47.8003784
  19.44101     47.8003303
  19.4412033   47.8003976
  19.441375    47.800513
  19.4420048   47.8007053
  19.442291    47.8009432
  19.4426059   47.8010369
  19.4429065   47.8012052
  19.4430246   47.8014287
  19.4461819   47.802244
  19.4447608   47.8030991
  19.4432427   47.8038231
  19.4410667   47.805356
  19.439665    47.8060562
  19.438324    47.8071913
  19.4372183   47.8085797
  19.4367325   47.8090232
  19.4360038   47.8095143
  19.4356344   47.8097012
  19.4344883   47.8101634
  19.4338911   47.8103112
  19.432621    47.8104642
  19.431953    47.810702
  19.4309865   47.81129
  19.4301262   47.8119187
  19.4288298   47.8130844
  19.4273412   47.8142546
  19.4265522   47.8148205
  19.4261676   47.8150369
  19.4253546   47.8165797
  19.4250086   47.8166409
  19.424923    47.8166306
  19.4229748   47.8166579
  19.4216561   47.8164572
  19.4203758   47.8164223
  19.4186458   47.8162952
  19.4173189   47.8160264
  19.4153723   47.8159583
  19.4143278   47.8158129
  19.4118411   47.8159823
  19.4106896   47.8163928
  19.4084799   47.8177478
  19.4068294   47.8185707
  19.4035943   47.8182007
  19.3998246   47.8189149
  19.3990103   47.8193641
  19.3978095   47.8199127
  19.3950269   47.8215933
  19.3941002   47.8219851
  19.3938598   47.8220424
  19.3878985   47.821818
  19.3807449   47.8213334
  19.3795652   47.8202153
  19.3786651   47.8189722
  19.3759802   47.8186606
  19.3589642   47.8190475
  19.3577926   47.8187781
  19.3569823   47.8184961
  19.3554043   47.8186005
  19.3545641   47.8189596
  19.3531966   47.8196078
  19.3508998   47.8205553
  19.3505205   47.8207514
  19.3499989   47.8211195
  19.349557    47.8215385
  19.3493977   47.8216072
  19.3489122   47.8217931
  19.348548    47.8220198
  19.3483925   47.8220797
  19.3477312   47.8221473
  19.3469024   47.8224499
  19.3466556   47.8225922
  19.3465376   47.8227056
  19.3462694   47.8228389
  19.3457999   47.8230093
  19.3454736   47.8230551
  19.3437895   47.823497
  19.343541    47.8236333
  19.3430346   47.8237428
  19.3424542   47.8239834
  19.3421337   47.8240051
  19.342221    47.8241006
  19.3413371   47.8245781
  19.3398236   47.8255637
  19.337697    47.8268169
  19.3365785   47.82753
  19.3347654   47.8289094
  19.3333063   47.829807
  19.3323782   47.8302419
  19.3315803   47.8309585
  19.3307742   47.8313456
  19.3297483   47.8315824
  19.3282422   47.8317301
  19.327679    47.8316779
  19.3271492   47.8316049
  19.3268304   47.8315499
  19.326421    47.8316351
  19.3253374   47.8320551
  19.3250121   47.8323108
  19.3246697   47.832561
  19.3245384   47.8325678
  19.3242027   47.8325015
  19.3221831   47.8321433
  19.3194526   47.8316355
  19.3169233   47.8314465
  19.3134311   47.8311152
  19.3104376   47.8307817
  19.3087288   47.8306607
  19.3063407   47.8303985
  19.3037456   47.8300855
  19.3022215   47.8299445
  19.2929926   47.8280684
  19.2913055   47.8276147
  19.2839925   47.8263865
  19.2826466   47.8261151
  19.2801051   47.8256961
  19.2776657   47.825118
  19.2753965   47.8247562
  19.2750943   47.8247856
  19.2734769   47.825126
  19.2720795   47.8254528
  19.26534     47.8265658
  19.264221    47.8269618
  19.2622485   47.8273517
  19.2603824   47.827539
  19.2597681   47.8274706
  19.2583573   47.8271969
  19.257668    47.827006
  19.2574695   47.827006
  19.2572522   47.8269736
  19.256984    47.8268799
  19.2568606   47.8268043
  19.2566192   47.8267287
  19.2562813   47.8266603
  19.2558655   47.8265144
  19.2554685   47.8263379
  19.2548516   47.8261758
  19.254519    47.8260066
  19.2522089   47.825402
  19.2515861   47.8253045
  19.2448953   47.8253223
  19.2436588   47.8253871
  19.2417276   47.8257202
  19.2412314   47.825686
  19.2401397   47.8257833
  19.2394531   47.8257761
  19.2386994   47.8255582
  19.2379832   47.8255438
  19.2377633   47.8255564
  19.2375031   47.8256554
  19.2373288   47.8257653
  19.2371383   47.8258319
  19.2367628   47.8259183
  19.2351428   47.8263829
  19.2346948   47.8264586
  19.2344769   47.8265401
  19.2339116   47.8266267
  19.2331606   47.8263775
  19.2329648   47.8264784
  19.2326403   47.8265558
  19.2323989   47.8265216
  19.2311972   47.8254519
  19.2307439   47.8251908
  19.2300935   47.8255968
  19.229331    47.8262055
  19.2266187   47.8281189
  19.2263496   47.8283663
  19.2223553   47.8313063
  19.2221505   47.8313725
  19.2220936   47.8314476
  19.2218679   47.8319327
  19.2216118   47.8325311
  19.221206    47.8332695
  19.2204246   47.8351793
  19.2186566   47.8357867
  19.2185493   47.8358443
  19.2181697   47.8360054
  19.2159221   47.8367382
  19.2149092   47.837024
  19.213502    47.8373486
  19.2129918   47.8375205
  19.2122984   47.837723
  19.2103377   47.8382451
  19.2095652   47.8385458
  19.2093104   47.8386358
  19.2089088   47.8387188
  19.2084574   47.8387569
  19.2084124   47.8387694
  19.2084503   47.8387837
  19.207924    47.8406522
  19.2078728   47.8411181
  19.2079771   47.8418869
  19.2068401   47.8422148
  19.2054641   47.842573
  19.2045642   47.8427359
  19.2005671   47.8436385
  19.2001859   47.8437022
  19.1993648   47.8437035
  19.1989732   47.8437395
  19.1983429   47.8438836
  19.1966826   47.844168
  19.1872017   47.8469225
  19.1856597   47.8474991
  19.1852349   47.8475984
  19.1844118   47.8476531
  19.1838769   47.8477397
  19.1833838   47.8478021
  19.182629    47.8480324
  19.1821738   47.8482221
  19.1815327   47.848581
  19.180683    47.8489196
  19.1802279   47.8490392
  19.179478    47.8474699
  19.1785498   47.8473915
  19.1782035   47.8474757
  19.1779307   47.846938
  19.1775276   47.8470716
  19.1769062   47.8473238
  19.1763313   47.8475945
  19.1755534   47.8480383
  19.1754918   47.84804
  19.175064    47.8481714
  19.1748454   47.8482794
  19.1743794   47.8483842
  19.1742592   47.8481534
  19.1735727   47.8483519
  19.1732749   47.8483716
  19.1729312   47.8483204
  19.1726657   47.8477766
  19.1719008   47.8480643
  19.1700431   47.8487758
  19.1696922   47.8488101
  19.1691327   47.8485187
  19.1685201   47.8485327
  19.1682678   47.8485848
  19.1681142   47.8485416
  19.1677387   47.8482514
  19.1673271   47.8477766
  19.167367    47.8477219
  19.1676761   47.8476493
  19.1677425   47.847424
  19.1678677   47.8473044
  19.1679113   47.847172
  19.1680497   47.8470995
  19.1679075   47.8468627
  19.1679284   47.8466591
  19.1680744   47.846528
  19.1678089   47.8461117
  19.1678999   47.8459972
  19.1678677   47.8459144
  19.1676078   47.8458177
  19.1675452   47.8458368
  19.1674599   47.845805
  19.1674883   47.8456981
  19.1672626   47.8456484
  19.1671394   47.8455453
  19.1670938   47.8454435
  19.1672285   47.8453124
  19.1670142   47.8452424
  19.1666204   47.8453525
  19.166505    47.8453003
  19.1664782   47.8451788
  19.1664112   47.8451581
  19.1662583   47.8451824
  19.1661255   47.8450807
  19.1661255   47.8450015
  19.1660772   47.8450015
  19.1659243   47.8450906
  19.1656373   47.8450375
  19.1654643   47.8450771
  19.1652283   47.8450537
  19.1650017   47.8448664
  19.1647871   47.8448583
  19.1646355   47.8447764
  19.1645618   47.8446045
  19.1642413   47.8446378
  19.163965    47.8444902
  19.1638429   47.8445028
  19.1636217   47.8446873
  19.1631939   47.8447404
  19.1630208   47.8448061
  19.1622739   47.8450015
  19.1616824   47.8452787
  19.1607624   47.8456099
  19.1605666   47.845717
  19.1603494   47.8459105
  19.1600583   47.8461499
  19.1597512   47.846338
  19.1592939   47.8465567
  19.1580199   47.8470293
  19.1575491   47.8472273
  19.1565392   47.8474979
  19.1562927   47.8476073
  19.1553747   47.8478708
  19.154176    47.8480986
  19.1533434   47.8481279
  19.1521258   47.8482208
  19.1514203   47.8481814
  19.1508797   47.8480935
  19.1501495   47.8480134
  19.1474621   47.8482081
  19.1472098   47.8482743
  19.1465043   47.848371
  19.1461136   47.8484576
  19.1457456   47.8485925
  19.1453701   47.848651
  19.1443099   47.848912
  19.1440557   47.8490469
  19.1439704   47.8490787
  19.14363     47.8491754
  19.1434735   47.849248
  19.1434479   47.849192
  19.1433028   47.8492327
  19.1431956   47.8493103
  19.1424436   47.8494325
  19.1404541   47.8495502
  19.1403522   47.8495457
  19.1401604   47.849588
  19.1395609   47.8496402
  19.1392459   47.8497087
  19.1386921   47.849794
  19.1376187   47.8498589
  19.1362607   47.8498704
  19.1346125   47.8501885
  19.1339203   47.8502598
  19.1327747   47.8504507
  19.1320863   47.8505042
  19.1304514   47.8504915
  19.1299298   47.8504647
  19.1291503   47.8504533
  19.1287501   47.8504762
  19.127157    47.8504876
  19.1258047   47.8505653
  19.1253438   47.8505106
  19.1246009   47.8505132
  19.1236836   47.8506896
  19.1229433   47.8506212
  19.1224095   47.8507166
  19.1220099   47.8506536
  19.1215995   47.8506302
  19.1212052   47.8504142
  19.1209853   47.8502
  19.1206554   47.8500434
  19.1195857   47.8498538
  19.1195402   47.8497622
  19.1194492   47.8496909
  19.1193035   47.8496456
  19.1192348   47.8496794
  19.1190717   47.8498869
  19.1188328   47.8498805
  19.1187379   47.8500778
  19.1184291   47.8502522
  19.1180039   47.8500829
  19.1177517   47.8499073
  19.117727    47.8498105
  19.1175544   47.8497736
  19.1171637   47.8500282
  19.1154871   47.8502751
  19.1145502   47.8502318
  19.1143056   47.8501975
  19.1139642   47.8500333
  19.1137783   47.8499747
  19.1135412   47.849948
  19.1132302   47.8500193
  19.1126214   47.8503515
  19.1121098   47.8503377
  19.1118443   47.8503818
  19.1114996   47.8504754
  19.1111268   47.8504646
  19.1106883   47.8505717
  19.1096865   47.8505465
  19.1089019   47.8506311
  19.108631    47.8506878
  19.108395    47.8505915
  19.1077204   47.8503719
  19.1067571   47.8501529
  19.1057594   47.8499785
  19.1044337   47.8496756
  19.1040658   47.8495127
  19.1038875   47.8493969
  19.1037908   47.8492429
  19.1033242   47.8487783
  19.1026016   47.8482959
  19.1024916   47.8482514
  19.101659    47.8475539
  19.101109    47.8473591
  19.100942    47.84713
  19.1006519   47.8468042
  19.1006955   47.8467838
  19.1003195   47.8462489
  19.099916    47.8459526
  19.0991561   47.8451869
  19.0999836   47.8450195
  19.0997623   47.8446864
  19.0999004   47.8446441
  19.0998763   47.8445982
  19.0996644   47.8443453
  19.0995933   47.8441995
  19.0994619   47.8440231
  19.0993841   47.8438701
  19.0991333   47.8436792
  19.0989053   47.8433728
  19.0988822   47.8433586
  19.0991678   47.843186
  19.0992797   47.8430924
  19.0986787   47.842069
  19.098684    47.8419114
  19.0979938   47.8418952
  19.0981      47.8420531
  19.0980696   47.842055
  19.0979511   47.8419856
  19.0978866   47.8420251
  19.0979208   47.842055
  19.097642    47.8420626
  19.0975964   47.8420709
  19.0969232   47.8417341
  19.0967877   47.8414389
  19.0964736   47.8411333
  19.0963257   47.8410481
  19.0958079   47.8409857
  19.0955196   47.8410035
  19.0953603   47.8409519
  19.0952228   47.8409271
  19.0950085   47.8410022
  19.0944357   47.8410162
  19.0937776   47.8408437
  19.0937017   47.84088
  19.0936837   47.841013
  19.0936496   47.8411022
  19.0935367   47.8411582
  19.0934564   47.841411
  19.0929361   47.8413435
  19.0927121   47.841357
  19.0925954   47.8414281
  19.0925083   47.8414101
  19.0924694   47.8412714
  19.0923701   47.841248
  19.0921193   47.8412876
  19.0920483   47.8413381
  19.0917358   47.8412417
  19.0912691   47.8410032
  19.0911698   47.8408232
  19.0907018   47.8405009
  19.0903598   47.8405144
  19.0899816   47.8406152
  19.0894492   47.8408934
  19.0888564   47.8412903
  19.0882215   47.8416642
  19.086562    47.8425291
  19.0863458   47.8425661
  19.0861713   47.8426361
  19.0859683   47.8424407
  19.0867583   47.8420047
  19.0875653   47.8415522
  19.0886325   47.8410869
  19.0890495   47.8408736
  19.0892507   47.8407251
  19.0901171   47.8402696
  19.0897965   47.8400211
  19.0894192   47.83984
  19.0891233   47.8395395
  19.0884481   47.8390704
  19.0885458   47.8389189
  19.0885581   47.8386866
  19.088305    47.8385988
  19.0882272   47.8386281
  19.0881068   47.8386096
  19.0879152   47.8385218
  19.0877919   47.8382493
  19.0876867   47.8382041
  19.0875567   47.8381844
  19.0874847   47.8381939
  19.0874534   47.838248
  19.0875055   47.8383117
  19.0874543   47.8384046
  19.0873073   47.8384759
  19.0872049   47.8383951
  19.0871291   47.8383881
  19.0869536   47.8384988
  19.0867317   47.8385116
  19.0865531   47.8383468
  19.0862828   47.8382483
  19.0861329   47.8381701
  19.0860726   47.8382347
  19.086506    47.8389985
  19.0868569   47.8393359
  19.0867791   47.8395975
  19.086653    47.8398069
  19.0856212   47.8405484
  19.0841798   47.8408915
  19.0837664   47.8412288
  19.0836753   47.8413307
  19.0823507   47.8419699
  19.0818652   47.8420131
  19.0815943   47.842078
  19.0811115   47.8421302
  19.0806636   47.8424362
  19.0798885   47.8427062
  19.0790135   47.8428607
  19.0780083   47.843543
  19.077316    47.8438473
  19.0762615   47.8441375
  19.0752354   47.8445639
  19.0744825   47.8449954
  19.073538    47.8458922
  19.0738281   47.8462365
  19.0738079   47.8469906
  19.0738723   47.8479302
  19.074119    47.8490048
  19.0739135   47.8497864
  19.0735949   47.8503196
  19.0735854   47.8507982
  19.0741298   47.8521079
  19.0742826   47.8531176
  19.072969    47.853646
  19.0714844   47.8544667
  19.0697343   47.8549885
  19.0693455   47.855503
  19.0691208   47.8555202
  19.0680169   47.8561473
  19.0660542   47.8573396
  19.0649411   47.8588077
  19.0583585   47.8598154
  19.0582779   47.8595994
  19.058353    47.8594037
  19.058183    47.8592619
  19.0582417   47.8591747
  19.0580901   47.8591461
  19.0578473   47.8591792
  19.0578596   47.8589151
  19.0580692   47.858758
  19.0580597   47.8586689
  19.0580133   47.8586053
  19.0579222   47.8586199
  19.0575552   47.8587236
  19.0574639   47.8587254
  19.0575107   47.8586403
  19.0577449   47.8585499
  19.0565217   47.8582254
  19.0564353   47.8584589
  19.0562294   47.8585084
  19.0560977   47.8583717
  19.0557305   47.8583068
  19.0556463   47.8583698
  19.0556226   47.8584481
  19.0557696   47.8585404
  19.05578     47.8587401
  19.0552547   47.8588127
  19.0551105   47.8588725
  19.0550783   47.8590087
  19.0550081   47.8590526
  19.0547008   47.8589877
  19.054496    47.8589654
  19.0543576   47.8590659
  19.0542675   47.8590627
  19.0541707   47.858917
  19.0539725   47.8589304
  19.0538512   47.8588572
  19.0533495   47.858716
  19.0531314   47.8587408
  19.0528934   47.8588967
  19.0526857   47.8590131
  19.0525861   47.8589667
  19.0524515   47.8591849
  19.0524259   47.8592727
  19.0523291   47.8593198
  19.0522504   47.8592854
  19.0518578   47.8592854
  19.0517383   47.8594693
  19.051249    47.8596729
  19.0508896   47.8598803
  19.0504984   47.8602023
  19.0502035   47.8602236
  19.0498759   47.8604839
  19.0494722   47.8606288
  19.0490739   47.860869
  19.0487702   47.8608812
  19.0486535   47.8610463
  19.0483244   47.8610161
  19.0478266   47.8612623
  19.0477563   47.8614129
  19.047508    47.8615709
  19.0476175   47.8618743
  19.0475127   47.8620302
  19.0470931   47.8624128
  19.0470673   47.8626935
  19.0468992   47.8628978
  19.046737    47.8629292
  19.0467654   47.8633167
  19.0465483   47.8633695
  19.0466547   47.8636814
  19.046424    47.8637398
  19.0463131   47.8638466
  19.046259    47.8640031
  19.0461263   47.8639981
  19.0460333   47.8640553
  19.0458845   47.864348
  19.0457498   47.8644937
  19.0457828   47.8645945
  19.0455307   47.8648385
  19.0453553   47.8648646
  19.0452586   47.8650777
  19.045049    47.865121
  19.0450879   47.8653862
  19.0449134   47.8654041
  19.0449627   47.8655854
  19.0448612   47.865642
  19.0449599   47.8657985
  19.0447133   47.865892
  19.0446849   47.8663284
  19.0444554   47.8665047
  19.0443757   47.866721
  19.0442245   47.8668739
  19.0444345   47.8669697
  19.044333    47.8671485
  19.0445768   47.8672693
  19.0446403   47.86752
  19.0447731   47.8675989
  19.0449637   47.8678966
  19.0449912   47.8682694
  19.0454302   47.8684049
  19.0454073   47.8685504
  19.0456071   47.8686143
  19.0457359   47.8689759
  19.0460028   47.8692391
  19.0459183   47.8694586
  19.0460521   47.869854
  19.0459821   47.8699546
  19.0457941   47.8701925
  19.0452231   47.8701925
  19.0452231   47.8709546
  19.0446614   47.8713388
  19.0446614   47.8717167
  19.0440904   47.8720947
  19.0435286   47.8740031
  19.0440903   47.8743811
  19.0440903   47.8747591
  19.0446612   47.8751433
  19.045794    47.8755213
  19.0463557   47.8762834
  19.0463557   47.8774297
  19.0457939   47.8781856
  19.0452229   47.8781856
  19.0429572   47.880094
  19.0395678   47.880856
  19.037873    47.8816118
  19.0356069   47.8831359
  19.0356066   47.8846602
  19.0344735   47.885038
  19.0344735   47.8854222
  19.0327785   47.8858
  19.0327784   47.8861841
  19.0322073   47.8861841
  19.0327783   47.8865621
  19.0327782   47.8869463
  19.0322069   47.8877021
  19.031645    47.8877021
  19.0310737   47.8884641
  19.0305118   47.888464
  19.0282452   47.889988
  19.0276833   47.8899879
  19.0271123   47.8896098
  19.0254172   47.8899875
  19.0237224   47.8896092
  19.022018    47.8899868
  19.020885    47.8899866
  19.0191896   47.8907483
  19.0174946   47.8907479
  19.0135328   47.8918869
  19.0112656   47.8934105
  19.0056065   47.8968351
  19.0033392   47.8979744
  19.0010714   47.8994978
  18.9993747   47.9010214
  18.9982397   47.9029231
  18.9971056   47.9036848
  18.9948371   47.905586
  18.9937017   47.9074877
  18.9914417   47.9097731
  18.9897356   47.9109123
  18.9886004   47.912436
  18.9880366   47.91396
  18.9869017   47.9150995
  18.9857648   47.9158683
  18.979536    47.9166197
  18.9784029   47.9162411
  18.9772775   47.9169964
  18.977277    47.9173805
  18.9761428   47.9177578
  18.9738756   47.9177564
  18.9738745   47.9185185
  18.9733025   47.9189023
  18.9716055   47.9196572
  18.9704713   47.9200406
  18.9687737   47.9211796
  18.9676394   47.921563
  18.9659416   47.9227019
  18.9653689   47.9234636
  18.9636711   47.9246025
  18.9631082   47.9249862
  18.9631076   47.9253642
  18.9614004   47.926503
  18.9613998   47.9268872
  18.9608362   47.9276489
  18.960835    47.928411
  18.9602628   47.9287886
  18.9602578   47.9318371
  18.9596941   47.9325926
  18.9591219   47.9329763
  18.9579965   47.9333534
  18.9579946   47.9344997
  18.9574223   47.9348772
  18.9568599   47.9348768
  18.9568593   47.9352609
  18.9562876   47.9352605
  18.956287    47.9356384
  18.9557239   47.936016
  18.9557233   47.9364001
  18.9551516   47.9363997
  18.9534531   47.9375384
  18.9517553   47.9382992
  18.9506212   47.9382982
  18.947787    47.940198
  18.9460804   47.9405807
  18.9449533   47.9417198
  18.9432397   47.9440015
  18.9455259   47.9459327
  18.9466613   47.9470511
  18.9477865   47.9474331
  18.9483231   47.9477956
  18.9489069   47.9489439
  18.9483311   47.9493292
  18.9477814   47.9493292
  18.9466002   47.9501017
  18.9454928   47.9500901
  18.9421059   47.9523592
  18.9409686   47.9527513
  18.9409537   47.9542819
  18.9500418   47.958511
  18.9602724   47.9642069
  18.9642118   47.9661097
  18.9670448   47.9672294
  18.9744621   47.9699414
  18.9771673   47.9714285
  18.9817456   47.9733264
  18.987952    47.9767595
  18.9902349   47.977532
  18.9919282   47.9782877
  18.99219     47.9784207
  18.9942002   47.9794437
  18.9936323   47.9798208
  18.9924956   47.9809618
  18.9890993   47.9878025
  18.9964473   47.9897044
  19.0049697   47.9916478
  19.0043773   47.9938964
  19.0043823   48.0015064
  19.0020847   48.0022839
  19.002132    48.0042201
  19.0026595   48.0049388
  19.0072372   48.0080005
  19.0072161   48.0102792
  19.0060891   48.0102789
  19.0055219   48.0099049
  19.0049547   48.0099022
  19.0043834   48.0095216
  19.0043752   48.0098967
  19.0037997   48.00952
  19.0032613   48.0098967
  19.0013623   48.0100248
  19.0004061   48.0099005
  19.0044102   48.0167652
  19.0054965   48.0170992
  19.0007373   48.0186517
  18.9954803   48.0273764
  18.9902822   48.0293173
  18.9810058   48.0281036
  18.9754415   48.0244444
  18.9681202   48.02843
  18.9651222   48.0284749
  18.9623311   48.028743
  18.9613202   48.027242
  18.9587918   48.0268362
  18.9542416   48.0300264
  18.9471124   48.0403998
  18.9421635   48.0425003
  18.9337305   48.0506001
  18.928061    48.057122
  18.927924    48.057064
  18.923243    48.054995
  18.920051    48.054002
  18.917679    48.053335
  18.916354    48.053047
  18.915847    48.053003
  18.9150734   48.0528617
  18.9128946   48.0524638
  18.911399    48.052151
  18.909613    48.051477
  18.908982    48.051139
  18.907598    48.051708
  18.90508     48.052652
  18.893082    48.055038
  18.892139    48.053989
  18.891661    48.054114
  18.891515    48.054287
  18.891548    48.054391
  18.89142     48.054552
  18.891322    48.055129
  18.890974    48.055607
  18.889768    48.056595
  18.889833    48.056778
  18.888597    48.057594
  18.887248    48.058242
  18.887084    48.058412
  18.886674    48.058682
  18.886715    48.058308
  18.885902    48.057299
  18.88603     48.056975
  18.886097    48.055887
  18.885963    48.055669
  18.885771    48.055494
  18.885679    48.055224
  18.885665    48.054991
  18.88581     48.054716
  18.88569     48.054638
  18.884836    48.054805
  18.884343    48.054595
  18.884259    48.054451
  18.884103    48.053457
  18.883314    48.051992
  18.883353    48.051806
  18.883976    48.051547
  18.884463    48.051251
  18.884963    48.051149
  18.884889    48.050946
  18.885047    48.050549
  18.885287    48.050374
  18.885241    48.050312
  18.884716    48.050346
  18.88432     48.050924
  18.884261    48.050734
  18.883682    48.050816
  18.883688    48.050964
  18.883008    48.051057
  18.882893    48.050593
  18.882066    48.050785
  18.881456    48.049986
  18.881073    48.049667
  18.880057    48.049382
  18.879518    48.049423
  18.878882    48.049585
  18.878273    48.049403
  18.876823    48.04825
  18.876178    48.048604
  18.87576     48.048764
  18.875462    48.048777
  18.8749365   48.0470707
  18.8657105   48.049007
  18.8601595   48.0501436
  18.858527    48.0492248
  18.8570918   48.0486185
  18.8560656   48.0483047
  18.8555268   48.0481714
  18.8539124   48.0481948
  18.853957    48.048376
  18.854042    48.048741
  18.853068    48.049037
  18.853149    48.049337
  18.851681    48.049931
  18.851841    48.050484
  18.849954    48.051072
  18.845585    48.052572
  18.840321    48.0506
  18.837923    48.046689
  18.833268    48.048239
  18.8291252   48.0415425
  18.825698    48.042448
  18.822878    48.043125
  18.821997    48.042571
  18.819998    48.039676
  18.821263    48.039217
  18.820696    48.038537
  18.821835    48.038091
  18.821266    48.037206
  18.822615    48.036791
  18.824138    48.036062
  18.82486     48.03558
  18.825595    48.034798
  18.825933    48.034304
  18.82618     48.033797
  18.826561    48.032751
  18.82662     48.032019
  18.826553    48.031355
  18.826374    48.03063
  18.826023    48.029827
  18.82533     48.028828
  18.824537    48.027929
  18.823526    48.026963
  18.822919    48.026479
  18.821622    48.025641
  18.820039    48.024811
  18.819323    48.024234
  18.819166    48.02406
  18.818543    48.023768
  18.818062    48.023411
  18.816766    48.022944
  18.816378    48.022632
  18.816065    48.022346
  18.815762    48.021951
  18.815567    48.021423
  18.815513    48.02103
  18.81576     48.020134
  18.816594    48.018758
  18.817271    48.016996
  18.817373    48.015789
  18.817361    48.01489
  18.816971    48.013074
  18.817001    48.012211
  18.81717     48.011047
  18.817476    48.010567
  18.817807    48.010241
  18.818301    48.009909
  18.818947    48.009683
  18.819237    48.009511
  18.820252    48.008471
  18.820818    48.008044
  18.821089    48.007759
  18.821151    48.007669
  18.821275    48.006299
  18.820949    48.006012
  18.819618    48.005296
  18.819307    48.005212
  18.818929    48.004868
  18.818849    48.004602
  18.819317    48.003803
  18.819388    48.003491
  18.819052    48.002997
  18.818603    48.002736
  18.817669    48.001821
  18.817351    48.001275
  18.817383    48.001035
  18.817533    48.000942
  18.81816     48.000934
  18.81877     48.00103
  18.81898     48.000983
  18.819036    48.000843
  18.818881    48.000763
  18.818795    48.000528
  18.818826    48.000454
  18.81862     48.000113
  18.817648    47.998826
  18.816676    47.998059
  18.815648    47.997486
  18.815453    47.997194
  18.815587    47.997017
  18.815986    47.99693
  18.816904    47.997035
  18.817375    47.997022
  18.817591    47.99695
  18.817718    47.996755
  18.817637    47.996627
  18.81772     47.996586
  18.817573    47.99639
  18.817217    47.995617
  18.816934    47.995187
  18.816447    47.994736
  18.816143    47.994198
  18.815986    47.99368
  18.815743    47.993442
  18.815411    47.993344
  18.814992    47.992977
  18.814052    47.992333
  18.81325     47.991716
  18.8120899   47.9906726
  18.81193     47.990545
  18.81082     47.989725
  18.809335    47.988941
  18.8075878   47.9881647
  18.803155    47.986195
  18.801561    47.985594
  18.80076     47.985341
  18.798916    47.985029
  18.797405    47.984984
  18.796124    47.985132
  18.792889    47.985796
  18.790791    47.986366
  18.790013    47.986537
  18.788596    47.986813
  18.787494    47.98687
  18.786003    47.986749
  18.785113    47.986611
  18.784065    47.986338
  18.782379    47.985786
  18.782015    47.985716
  18.781672    47.985744
  18.781191    47.985625
  18.780236    47.985304
  18.779593    47.98517
  18.777987    47.984381
  18.777252    47.984199
  18.777031    47.984216
  18.776541    47.984423
  18.776273    47.984447
  18.775967    47.984408
  18.775823    47.984334
  18.775277    47.984208
  18.77442     47.984182
  18.773852    47.984284
  18.773563    47.984599
  18.773415    47.984998
  18.773274    47.985173
  18.772982    47.985305
  18.772558    47.985381
  18.770871    47.98545
  18.769582    47.985327
  18.768791    47.985184
  18.767751    47.984878
  18.766865    47.984489
  18.766189    47.984106
  18.765758    47.98381
  18.764296    47.982431
  18.762891    47.981324
  18.76218     47.9809
  18.759061    47.979438
  18.758294    47.979017
  18.757109    47.978298
  18.756488    47.977846
  18.756004    47.977249
  18.755729    47.977068
  18.75525     47.976347
  18.754881    47.975553
  18.754754    47.975036
  18.754719    47.974283
  18.754845    47.973496
  18.755167    47.972684
  18.755476    47.972161
  18.756165    47.971364
  18.757028    47.970621
  18.758179    47.970007
  18.760643    47.969044
  18.76193     47.968575
  18.762078    47.968559
  18.763153    47.968109
  18.763754    47.967781
  18.764169    47.967457
  18.764574    47.96701
  18.765514    47.96491
  18.765855    47.96451
  18.766271    47.964205
  18.766902    47.963888
  18.767346    47.963739
  18.770018    47.963272
  18.771114    47.963008
  18.771584    47.962739
  18.772184    47.962303
  18.772472    47.962041
  18.772936    47.961449
  18.773133    47.960983
  18.773646    47.959084
  18.773795    47.958949
  18.774127    47.958363
  18.774642    47.957802
  18.775527    47.957203
  18.775951    47.956827
  18.77647     47.956084
  18.776706    47.955609
  18.776746    47.955092
  18.776663    47.954567
  18.77624     47.953635
  18.776026    47.953398
  18.775517    47.953016
  18.774713    47.952521
  18.773519    47.951902
  18.77325     47.951694
  18.772764    47.951238
  18.772337    47.950736
  18.771862    47.949843
  18.771699    47.949039
  18.771743    47.948614
  18.771924    47.948012
  18.772615    47.946492
  18.772788    47.945978
  18.772898    47.945267
  18.7728819   47.9446921
  18.772401    47.942844
  18.77233     47.941915
  18.772363    47.941525
  18.772653    47.940791
  18.773503    47.939339
  18.77369     47.93888
  18.773788    47.938384
  18.77379     47.938249
  18.773657    47.937148
  18.773406    47.936488
  18.77293     47.935827
  18.771879    47.934677
  18.771532    47.934117
  18.771446    47.933855
  18.771491    47.933551
  18.771606    47.93333
  18.772056    47.932992
  18.772593    47.932763
  18.773131    47.932793
  18.773446    47.932901
  18.77392     47.932813
  18.774172    47.93264
  18.774048    47.932347
  18.773312    47.932043
  18.772984    47.931995
  18.772001    47.931989
  18.771796    47.931938
  18.7716045   47.931832
  18.771604    47.931818
  18.771291    47.931473
  18.770915    47.930809
  18.77057     47.92988
  18.770022    47.929162
  18.76939     47.928532
  18.766415    47.926442
  18.764426    47.924569
  18.763346    47.92368
  18.762477    47.92317
  18.76077     47.922539
  18.759558    47.921887
  18.759178    47.921632
  18.758472    47.920963
  18.758056    47.920361
  18.75776     47.919722
  18.757544    47.91882
  18.757655    47.918337
  18.757417    47.918109
  18.75737     47.917723
  18.757678    47.916796
  18.758199    47.916
  18.758494    47.915669
  18.759654    47.914972
  18.759977    47.914933
  18.760301    47.914662
  18.76052     47.914138
  18.761066    47.913451
  18.761495    47.913057
  18.761734    47.912653
  18.761911    47.912002
  18.761812    47.911747
  18.761594    47.911504
  18.761611    47.911135
  18.762044    47.910445
  18.762437    47.910091
  18.762528    47.910013
  18.762674    47.909556
  18.762609    47.909234
  18.762453    47.909027
  18.762108    47.908863
  18.761179    47.908905
  18.760701    47.908657
  18.759412    47.908242
  18.759186    47.908021
  18.75904     47.907802
  18.759023    47.907529
  18.759244    47.906921
  18.759194    47.906425
  18.758808    47.905772
  18.758687    47.90537
  18.758717    47.905131
  18.758888    47.90482
  18.759777    47.904241
  18.760083    47.904246
  18.760548    47.904182
  18.761482    47.904262
  18.761619    47.904174
  18.762489    47.904187
  18.762726    47.904095
  18.762917    47.903926
  18.762862    47.903692
  18.76229     47.903264
  18.761866    47.90309
  18.761533    47.903021
  18.760932    47.902805
  18.760557    47.902557
  18.760132    47.902182
  18.759982    47.901874
  18.759868    47.901035
  18.759665    47.900527
  18.759033    47.899997
  18.757775    47.899251
  18.757309    47.898851
  18.757096    47.89855
  18.756854    47.898043
  18.756801    47.89757
  18.756858    47.896838
  18.757231    47.896367
  18.757365    47.896294
  18.757987    47.89614
  18.758965    47.896021
  18.760414    47.895683
  18.760847    47.895233
  18.760817    47.894918
  18.760541    47.894419
  18.760543    47.894124
  18.761027    47.893005
  18.761135    47.892979
  18.761083    47.892219
  18.761273    47.892148
  18.761259    47.892004
  18.761514    47.89167
  18.761485    47.891268
  18.761279    47.890755
  18.761282    47.890507
  18.761318    47.89041
  18.761724    47.890183
  18.761955    47.889738
  18.763568    47.883857
  18.764382    47.882108
  18.764535    47.881657
  18.764616    47.881289
  18.764457    47.880451
  18.763703    47.878479
  18.763566    47.877967
  18.763682    47.87624
  18.76393     47.875225
  18.763929    47.874933
  18.763895    47.874501
  18.763367    47.87362
  18.763153    47.873146
  18.763195    47.872077
  18.763323    47.87181
  18.76353     47.871605
  18.7637763   47.8713527
  18.76384     47.871406
  18.764337    47.871218
  18.764865    47.87112
  18.765175    47.871185
  18.765867    47.871482
  18.766107    47.871647
  18.767442    47.872127
  18.767964    47.872161
  18.768251    47.872114
  18.76869     47.87197
  18.768984    47.871817
  18.769346    47.87143
  18.769489    47.871148
  18.769566    47.870798
  18.769524    47.870519
  18.769249    47.869958
  18.7686      47.869373
  18.768586    47.869036
  18.768627    47.868825
  18.76875     47.868667
  18.76892     47.868561
  18.769383    47.868468
  18.769701    47.868457
  18.769853    47.868401
  18.77086     47.868469
  18.772896    47.868914
  18.773663    47.86888
  18.774354    47.8687
  18.774723    47.868652
  18.775174    47.868701
  18.77599     47.86894
  18.777147    47.869592
  18.777778    47.869643
  18.778081    47.869591
  18.778439    47.869459
  18.778726    47.869258
  18.779196    47.868509
  18.7809      47.86741
  18.781191    47.866825
  18.781218    47.866432
  18.781402    47.866019
  18.781418    47.865621
  18.781604    47.865441
  18.782211    47.865235
  18.782401    47.865237
  18.782909    47.865396
  18.783419    47.865385
  18.7845407   47.8655163
  18.785495    47.8660205
  18.7863731   47.8661213
  18.786532    47.866108
  18.786741    47.86603
  18.78734     47.865943
  18.7879589   47.8660221
  18.788826    47.865897
  18.790126    47.865639
  18.792346    47.865399
  18.7927648   47.8653583
  18.793039    47.865192
  18.793811    47.86372
  18.793802    47.863408
  18.793975    47.862806
  18.794407    47.861892
  18.794441    47.861141
  18.794549    47.860671
  18.794923    47.859959
  18.795172    47.859318
  18.795441    47.858867
  18.795706    47.858574
  18.795917    47.858407
  18.796523    47.858139
  18.798511    47.857695
  18.79944     47.857532
  18.800247    47.857219
  18.8006945   47.8572279
  18.801007    47.857104
  18.803083    47.856643
  18.804186    47.856553
  18.808438    47.855926
  18.809085    47.855876
  18.810551    47.85586
  18.811264    47.855774
  18.81233     47.855722
  18.812595    47.855741
  18.813575    47.85555
  18.813828    47.855408
  18.813958    47.855255
  18.814322    47.855098
  18.814531    47.854789
  18.815141    47.854426
  18.815757    47.85397
  18.816242    47.853756
  18.817174    47.853206
  18.817713    47.852972
  18.818266    47.852607
  18.818656    47.852272
  18.821745    47.850504
  18.822265    47.849976
  18.82252     47.849225
  18.822515    47.848662
  18.82272     47.848356
  18.822811    47.848058
  18.822336    47.846935
  18.82208     47.846059
  18.822011    47.845088
  18.821905    47.844601
  18.822501    47.842149
  18.8231      47.841266
  18.823582    47.840897
  18.823825    47.840778
  18.825387    47.839268
  18.825823    47.838912
  18.827265    47.837994
  18.827877    47.83751
  18.828135    47.837237
  18.828517    47.836588
  18.828552    47.836308
  18.828353    47.835739
  18.827835    47.835088
  18.827765    47.83471
  18.828014    47.834291
  18.829442    47.83344
  18.82986     47.8332358
  18.8299267   47.8332057
  18.830867    47.832744
  18.831732    47.832408
  18.832335    47.832201
  18.834263    47.831683
  18.835255    47.831309
  18.836425    47.830717
  18.837394    47.830059
  18.838078    47.829678
  18.839194    47.82918
  18.840254    47.828879
  18.840798    47.828797
  18.841974    47.828788
  18.844179    47.829005
  18.845031    47.82912
  18.846061    47.82933
  18.847135    47.829618
  18.848651    47.829921
  18.849527    47.830058
  18.8504      47.830106
  18.851308    47.82994
  18.851584    47.829821
  18.85204     47.829465
  18.852021    47.828819
  18.85241     47.82824
  18.8527165   47.82797
  18.852922    47.827887
  18.853644    47.827683
  18.854014    47.827624
  18.855626    47.827475
  18.855938    47.827274
  18.856084    47.827046
  18.856137    47.826796
  18.85605     47.82641
  18.855876    47.826077
  18.854849    47.825138
  18.8528912   47.823638
  18.8528524   47.8236022
  18.8528099   47.8235593
  18.852109    47.822964
  18.849971    47.821517
  18.848994    47.820568
  18.848337    47.81912
  18.848342    47.818875
  18.8485063   47.8183742
  18.8491063   47.8182474
  18.8508131   47.8144457
  18.8525163   47.8143454
  18.8548089   47.814054
  18.8570341   47.8136939
  18.8621221   47.8133241
  18.8689026   47.8129506
  18.8706055   47.8125752
  18.8728604   47.8121944
  18.8751244   47.8118198
  18.8779494   47.8114398
  18.879082    47.8110634
  18.8819069   47.8106833
  18.8841719   47.8099305
  18.886998    47.8091723
  18.8892617   47.8087912
  18.8909563   47.8080314
  18.8937925   47.806895
  18.896048    47.8061358
  18.8971814   47.8053751
  18.8983137   47.8049986
  18.9005803   47.8034771
  18.9011424   47.8030998
  18.9022756   47.8023391
  18.9028479   47.8015777
  18.9034141   47.799676
  18.9045483   47.7985311
  18.9051133   47.7970137
  18.9055631   47.7964037
  18.9056896   47.7947279
  18.9057018   47.7901611
  18.9057049   47.7890148
  18.9057079   47.7878746
  18.9079837   47.7825484
  18.9102597   47.7734113
  18.9108315   47.7726498
  18.9136609   47.7696106
  18.9147923   47.7692277
  18.9210116   47.7665701
  18.9272184   47.7650585
  18.9244051   47.7616289
  18.9238463   47.7608661
  18.9232775   47.7604814
  18.9229168   47.7600303
  18.922799    47.7594658
  18.9227933   47.7590356
  18.9230511   47.7583243
  18.9230568   47.7578688
  18.9227241   47.7574383
  18.9227277   47.7559139
  18.9238623   47.7540128
  18.9238641   47.7532506
  18.9250021   47.7498251
  18.9238738   47.7490618
  18.9221888   47.7467734
  18.9216228   47.7452547
  18.921314    47.7448892
  18.9193694   47.7425877
  18.9199445   47.7403018
  18.9205066   47.7395402
  18.9210761   47.7395408
  18.9216382   47.7387793
  18.9227698   47.7380183
  18.9233328   47.7368787
  18.923904    47.7361172
  18.9244652   47.7357398
  18.9250347   47.7357404
  18.9261644   47.7357416
  18.9272849   47.7357427
  18.9284155   47.7353597
  18.9289867   47.7345981
  18.9301189   47.7334591
  18.9306792   47.7334596
  18.9312478   47.7338382
  18.9317881   47.7320177
  18.9318122   47.7319364
  18.9335037   47.7311759
  18.9346358   47.7300368
  18.9340796   47.7281339
  18.9352108   47.7273728
  18.9380333   47.7258512
  18.9391635   47.7254742
  18.940854    47.7250916
  18.9419843   47.7247146
  18.9402961   47.7239509
  18.939169    47.7228097
  18.938602    47.7216628
  18.9369156   47.720143
  18.9352326   47.7170927
  18.9346649   47.7163299
  18.9341057   47.7159514
  18.9341065   47.7155672
  18.9335381   47.7151887
  18.9329797   47.7144259
  18.9324113   47.7140412
  18.9318512   47.7140406
  18.9318521   47.7136626
  18.9301628   47.7136609
  18.9290352   47.7128976
  18.927906    47.7128965
  18.9279068   47.7125185
  18.9273376   47.7125179
  18.925651    47.7113697
  18.925091    47.7113692
  18.9211469   47.7098468
  18.9211451   47.710609
  18.9194431   47.7121253
  18.9188821   47.7125088
  18.9160617   47.7132679
  18.9143604   47.7144061
  18.9121091   47.7151657
  18.9109778   47.7159266
  18.9092763   47.7170647
  18.9074602   47.7175532
  18.9064555   47.7178235
  18.9064545   47.7182015
  18.904763    47.7189617
  18.9036336   47.7189603
  18.9025022   47.719721
  18.9013717   47.7201038
  18.9008127   47.7197189
  18.8996833   47.7197175
  18.8991221   47.720101
  18.8979927   47.7200995
  18.8962951   47.7197131
  18.8934729   47.7208496
  18.8917845   47.7204694
  18.8906551   47.7204679
  18.8900847   47.7208451
  18.8895246   47.7208443
  18.8882945   47.7205601
  18.8878362   47.720464
  18.8867068   47.7204625
  18.8855809   47.7193207
  18.8844538   47.718557
  18.8844562   47.7177948
  18.8838973   47.7174098
  18.8827727   47.71589
  18.8810741   47.7158876
  18.8799516   47.7166482
  18.8793848   47.7158852
  18.8760085   47.7151181
  18.8748792   47.7151164
  18.8731782   47.715876
  18.8714863   47.7166357
  18.868665    47.7173874
  18.8675408   47.7158675
  18.8664128   47.7154815
  18.8652822   47.7158639
  18.8619035   47.7158586
  18.8596476   47.7150928
  18.859536    47.7150673
  18.8579504   47.7147058
  18.8568344   47.7135638
  18.8545718   47.7147003
  18.8534453   47.7139362
  18.8523202   47.7127941
  18.8517644   47.711653
  18.8523286   47.7105138
  18.8529048   47.7086062
  18.8551581   47.7074697
  18.8551609   47.7067076
  18.8546051   47.7055665
  18.8534816   47.7040402
  18.8534858   47.7029
  18.85293     47.7017527
  18.8523623   47.7013738
  18.8518053   47.7006106
  18.852368    47.6998494
  18.8518109   47.6990863
  18.8540652   47.6975719
  18.8557659   47.6968125
  18.8540735   47.6952853
  18.8467598   47.6926083
  18.8484541   47.6910868
  18.8507173   47.6895663
  18.8535444   47.6869065
  18.8541083   47.6857672
  18.8541139   47.6842428
  18.8546911   47.6819572
  18.8575148   47.6800595
  18.8597786   47.6781608
  18.859788    47.6754962
  18.8609232   47.6735956
  18.8620556   47.6724511
  18.8631854   47.6694103
  18.8637568   47.668649
  18.86377     47.6648442
  18.8637871   47.659893
  18.8632251   47.6579897
  18.8621115   47.6564635
  18.8643624   47.6553269
  18.8649336   47.6545656
  18.8654811   47.6532544
  18.8655009   47.6522799
  18.8649454   47.6511388
  18.858741    47.6526533
  18.8570736   47.6532087
  18.8569027   47.6532656
  18.8564824   47.6534056
  18.8547936   47.653787
  18.8531048   47.6541622
  18.8497209   47.6541565
  18.8452017   47.6560511
  18.8435113   47.6568103
  18.8401331   47.6552861
  18.8356333   47.6545158
  18.8294371   47.6537421
  18.8283075   47.654118
  18.8249279   47.655258
  18.8221001   47.6560085
  18.821539    47.6563916
  18.8209704   47.6563905
  18.8204094   47.6567674
  18.8192813   47.6567652
  18.8159047   47.6571427
  18.811952    47.6571348
  18.8074334   47.6605523
  18.8040386   47.6628256
  18.8029086   47.6632075
  18.8017843   47.6643453
  18.7995244   47.6651027
  18.7938705   47.6677551
  18.7910507   47.6685111
  18.7803323   47.6711515
  18.7797635   47.6711502
  18.7814817   47.6669651
  18.780363    47.6650601
  18.7792425   47.6635331
  18.7786946   47.6612515
  18.7786966   47.6608673
  18.7769998   47.6608633
  18.7758717   47.6608607
  18.7741841   47.6608567
  18.7719298   47.6604734
  18.7696827   47.660468
  18.7662984   47.6604598
  18.7651743   47.6596949
  18.7601066   47.6589203
  18.7584149   47.6596783
  18.7561566   47.6600506
  18.7550285   47.6600478
  18.7538962   47.6608071
  18.7527681   47.6608042
  18.7522086   47.6608028
  18.7493907   47.6611798
  18.7482626   47.6611769
  18.7488264   47.6604162
  18.7516485   47.659277
  18.7522213   47.6585224
  18.7533515   47.6581411
  18.7539131   47.6577645
  18.7556161   47.6566224
  18.7567391   47.655863
  18.7623936   47.6532125
  18.7640829   47.6528386
  18.7657723   47.6524647
  18.7669043   47.6517053
  18.7680342   47.6513238
  18.7686028   47.6513252
  18.7697347   47.6505657
  18.7708594   47.6494281
  18.7725598   47.64867
  18.7736896   47.6482947
  18.7742489   47.648296
  18.7748142   47.6471509
  18.774822    47.6456327
  18.7759537   47.6448731
  18.7759557   47.644489
  18.7759596   47.6437268
  18.77653     47.6433501
  18.7770932   47.6425892
  18.7782267   47.6414516
  18.7799137   47.6414555
  18.7821786   47.6395583
  18.7788087   47.6387883
  18.7765553   47.6383989
  18.7726191   47.6372494
  18.7709171   47.6383856
  18.7675534   47.6364751
  18.7653043   47.6353294
  18.7630573   47.6337995
  18.7613767   47.6326551
  18.7602513   47.6322681
  18.7596921   47.6322668
  18.7585667   47.6318859
  18.7585708   47.6311237
  18.7568813   47.6299793
  18.7518229   47.6280579
  18.7478901   47.6265295
  18.7456532   47.6249993
  18.7439663   47.6234705
  18.7434072   47.623469
  18.7411724   47.6200363
  18.7406222   47.6185104
  18.740631    47.6169922
  18.738949    47.614701
  18.733336    47.6123993
  18.7316545   47.6116325
  18.7277189   47.6108595
  18.7209707   47.6085602
  18.7204118   47.6085586
  18.7204282   47.605894
  18.7198719   47.60399
  18.7193249   47.6020798
  18.7193343   47.6005616
  18.7197814   47.6000251
  18.7204752   47.5982781
  18.7210388   47.5975175
  18.721609    47.5971411
  18.7216114   47.5967569
  18.7210481   47.5959931
  18.7210552   47.5948529
  18.7188133   47.5944685
  18.7176937   47.5933189
  18.7120699   47.5917783
  18.7109457   47.591397
  18.708316    47.5901151
  18.7030931   47.587569
  18.6980458   47.5848892
  18.6974921   47.5841253
  18.6958029   47.5829682
  18.6956537   47.5828661
  18.6946932   47.5822081
  18.6944322   47.5819977
  18.6885359   47.577244
END
2
  18.9251057   47.5441443
  18.929191    47.5456047
  18.9300003   47.5459961
  18.9309869   47.5459987
  18.9317004   47.5460493
  18.9322024   47.5461346
  18.9332235   47.5463736
  18.9336999   47.5466066
  18.9344007   47.5469754
  18.934465    47.5470083
  18.9354516   47.5476639
  18.935816    47.547907
  18.9361434   47.5480967
  18.936209    47.5481514
  18.9362695   47.548215
  18.9362811   47.5482248
  18.9368041   47.5484979
  18.9372667   47.5487394
  18.9373649   47.5487886
  18.9379228   47.5490877
  18.9384468   47.5493687
  18.9385708   47.5494338
  18.9391025   47.5497198
  18.9396568   47.5500179
  18.9402653   47.5503469
  18.9408244   47.5507918
  18.9406328   47.5510795
  18.9407033   47.5511965
  18.9404651   47.5515941
  18.9406011   47.5518196
  18.9407395   47.5519689
  18.9408943   47.552074
  18.940496    47.5527905
  18.9401648   47.5528905
  18.9399965   47.5529978
  18.9397484   47.5528449
  18.939393    47.5528648
  18.9389987   47.5530014
  18.9388626   47.5529981
  18.9383912   47.553168
  18.9375758   47.5539066
  18.9373316   47.5540581
  18.9364922   47.5543822
  18.9353549   47.5547501
  18.934679    47.5552171
  18.9344966   47.5552895
  18.9335623   47.5559461
  18.9381149   47.5571891
  18.937186    47.558968
  18.9366692   47.5602344
  18.9324604   47.5669193
  18.9319149   47.5677051
  18.9314085   47.5684281
  18.9311294   47.5688577
  18.9310888   47.568925
  18.9307544   47.5694785
  18.9307247   47.5695279
  18.9303117   47.5702147
  18.9301462   47.5704977
  18.9293772   47.5717985
  18.9288432   47.5724407
  18.9292448   47.5725531
  18.934112    47.5739149
  18.9369492   47.5747087
  18.9376484   47.5749043
  18.9377022   47.5749262
  18.9394691   47.5756486
  18.9394868   47.5756691
  18.9399361   47.5759266
  18.941917    47.5781514
  18.9425905   47.578906
  18.9485008   47.5781281
  18.9496287   47.5779797
  18.9535671   47.5779253
  18.959585    47.5778639
  18.9651818   47.5769028
  18.9690264   47.5762426
  18.9772115   47.5739078
  18.976838    47.57484
  18.977512    47.575754
  18.978421    47.576494
  18.979314    47.577222
  18.9807909   47.5784527
  18.9822879   47.5798608
  18.9834912   47.5810371
  18.9829852   47.5816325
  18.9850891   47.5831117
  18.9777865   47.5857341
  18.9821668   47.5884901
  18.9830234   47.5890291
  18.9842045   47.5885118
  18.993828    47.5837556
  18.9969086   47.5859382
  18.9971168   47.5857792
  18.9978493   47.585155
  18.9979865   47.585035
  18.9982449   47.5848081
  18.9984653   47.5846055
  18.9997551   47.5835448
  19.0016873   47.5834365
  19.0048488   47.5842367
  19.0093271   47.5854498
  19.0103743   47.5855655
  19.0111381   47.5858724
  19.0129663   47.5864513
  19.0136873   47.586677
  19.0142452   47.5867176
  19.0150177   47.5869491
  19.0158674   47.5866597
  19.0167944   47.5871633
  19.01985     47.5876438
  19.0260212   47.5881532
  19.0320208   47.5874296
  19.0323212   47.5872444
  19.0344669   47.5869376
  19.0345613   47.587337
  19.0341408   47.5882748
  19.0333855   47.5908566
  19.0331236   47.5914609
  19.0324459   47.5917327
  19.0328391   47.5922054
  19.0319983   47.5942413
  19.0313668   47.5957878
  19.0310695   47.5965298
  19.0304902   47.5980145
  19.0303186   47.5983905
  19.0302413   47.5985089
  19.0301449   47.5986856
  19.0298239   47.5994299
  19.029707    47.5996609
  19.0291508   47.6003158
  19.0290232   47.600449
  19.0285433   47.6009327
  19.0282371   47.6011227
  19.0270493   47.6025691
  19.0266159   47.6030198
  19.0255301   47.604149
  19.0252812   47.6045889
  19.0292269   47.6060129
  19.0310662   47.6066859
  19.0373362   47.6089718
  19.0381747   47.609626
  19.0461887   47.610102
  19.0537493   47.6090335
  19.056269    47.6092063
  19.0602037   47.6094768
  19.060416    47.6092463
  19.0626392   47.6089154
  19.0664286   47.6083514
  19.0665465   47.6086504
  19.0719511   47.6076328
  19.0748459   47.6075711
  19.0767223   47.6068533
  19.0757547   47.6057484
  19.074347    47.6041918
  19.0732032   47.6013076
  19.0718181   47.5975358
  19.0715663   47.5943584
  19.0712456   47.5903109
  19.0712811   47.5894956
  19.0728392   47.5893223
  19.0745731   47.5891295
  19.076668    47.5918706
  19.0817835   47.5973404
  19.0824294   47.5980291
  19.0885455   47.6045492
  19.0920077   47.6071193
  19.0924906   47.6075494
  19.0992826   47.6131468
  19.1025204   47.6122224
  19.1037685   47.6118661
  19.1050009   47.6114276
  19.1090625   47.6103547
  19.10726     47.6072473
  19.1078378   47.6066532
  19.1086333   47.6058353
  19.116401    47.6038908
  19.1177575   47.6034459
  19.118315    47.60326
  19.122452    47.6005516
  19.1234631   47.599848
  19.1237432   47.5996659
  19.1240397   47.599473
  19.1274307   47.5983234
  19.1279713   47.5979524
  19.1302263   47.5983137
  19.1313276   47.5983269
  19.1358257   47.5990781
  19.1381081   47.5998434
  19.1403634   47.596402
  19.1381137   47.5956474
  19.1538362   47.5849905
  19.1521564   47.5838494
  19.1495553   47.581635
  19.145354    47.5781449
  19.151554    47.5739475
  19.157766    47.5762296
  19.1596677   47.5748582
  19.1671363   47.569472
  19.1743919   47.5642885
  19.1729262   47.5637985
  19.1629549   47.5606664
  19.1611232   47.5595248
  19.1717513   47.5529982
  19.180781    47.5482346
  19.1773626   47.5461324
  19.1842072   47.5422383
  19.1845496   47.5420687
  19.1852901   47.541702
  19.186635    47.5410128
  19.18905     47.5396951
  19.190302    47.5389938
  19.1904218   47.5389946
  19.1914463   47.5394247
  19.1943513   47.537888
  19.1949325   47.5375716
  19.1951248   47.5376878
  19.1957981   47.5380826
  19.1959576   47.538178
  19.1968224   47.5387315
  19.197692    47.5392805
  19.1985332   47.5398106
  19.198708    47.5397247
  19.1998113   47.5391827
  19.2002826   47.5389586
  19.2013699   47.5384264
  19.2014645   47.5383811
  19.2025477   47.5378224
  19.2033053   47.5374669
  19.2033961   47.5374175
  19.2034636   47.5373749
  19.2038789   47.5375189
  19.2047332   47.537833
  19.2051189   47.5380031
  19.2051454   47.5380125
  19.2074644   47.5391329
  19.2080985   47.5394565
  19.2089618   47.5399963
  19.2094161   47.5403195
  19.2104793   47.5400124
  19.2144052   47.5369648
  19.2211482   47.5327422
  19.2305657   47.5344569
  19.230766    47.5344885
  19.2323889   47.5347757
  19.232518    47.5347986
  19.2343424   47.5351374
  19.2355628   47.5352772
  19.2448869   47.5369178
  19.2456246   47.5362636
  19.2509669   47.5300317
  19.2576361   47.5220752
  19.2582449   47.5208709
  19.258807    47.5204905
  19.2602356   47.5172633
  19.2606852   47.5164675
  19.2632245   47.5109846
  19.2633505   47.5104112
  19.2638164   47.508291
  19.2672679   47.5090385
  19.2705788   47.5090444
  19.2801356   47.510553
  19.2840115   47.5109093
  19.285623    47.5108157
  19.2899292   47.5105654
  19.2912043   47.510625
  19.2964014   47.5112745
  19.2993145   47.5119118
  19.2994491   47.5119547
  19.2995913   47.5120063
  19.2997763   47.5120552
  19.2999265   47.5120688
  19.3000405   47.512087
  19.3004509   47.5121812
  19.3007849   47.512269
  19.3010973   47.5123324
  19.3012945   47.5123632
  19.3014487   47.5123868
  19.3030138   47.5127564
  19.3033946   47.5128578
  19.3036521   47.512885
  19.3039069   47.5129067
  19.3042208   47.5129611
  19.3065686   47.5134622
  19.3084317   47.5138589
  19.3089526   47.5140395
  19.3096489   47.5141408
  19.3186944   47.5154243
  19.3185983   47.5152893
  19.3185645   47.5151472
  19.3186165   47.5149383
  19.3189049   47.5141749
  19.3194563   47.5132349
  19.3199541   47.5122838
  19.3200808   47.512135
  19.3210962   47.5104483
  19.3180998   47.5074914
  19.3169943   47.5065945
  19.3138981   47.5031401
  19.3134376   47.501017
  19.3132712   47.4987803
  19.3133479   47.4971925
  19.3135774   47.496105
  19.3135855   47.4960667
  19.3137198   47.4955492
  19.3136676   47.4953341
  19.3141237   47.4939196
  19.3142178   47.4930363
  19.3152536   47.4914259
  19.3163833   47.4904237
  19.3181958   47.4891579
  19.31828     47.4884369
  19.3226599   47.484187
  19.3260409   47.4816498
  19.3271995   47.4811293
  19.3298221   47.4776748
  19.3304895   47.4727847
  19.3304343   47.4700795
  19.3310621   47.4674813
  19.333456    47.4647695
  19.3343169   47.4638563
  19.3349258   47.4632105
  19.3304118   47.4597947
  19.3220233   47.4592147
  19.3210963   47.4591207
  19.3134043   47.4570728
  19.3124656   47.4570006
  19.3097565   47.4567349
  19.3087091   47.4566685
  19.3076148   47.4564439
  19.3069572   47.4564438
  19.30586     47.4564512
  19.3028865   47.4571691
  19.3012638   47.4571781
  19.3000694   47.4563718
  19.2986818   47.4554352
  19.2983714   47.4552257
  19.296168    47.4537382
  19.2922813   47.4506399
  19.2889328   47.4469392
  19.2871239   47.4442703
  19.2852328   47.4418664
  19.2816127   47.4372611
  19.2811683   47.4366995
  19.2808994   47.4363091
  19.2657695   47.4382332
  19.260142    47.4271733
  19.2547071   47.4289332
  19.2512715   47.4243343
  19.2470967   47.4193373
  19.2470463   47.4192769
  19.2469876   47.4192067
  19.2453452   47.4197854
  19.2438266   47.4202496
  19.2434466   47.4199933
  19.2430906   47.4197761
  19.2425027   47.4202977
  19.2419694   47.4207306
  19.2419165   47.4208477
  19.2417795   47.4209303
  19.2379199   47.4222537
  19.2387264   47.4239034
  19.2384692   47.4241868
  19.2364054   47.426036
  19.2360153   47.4253472
  19.235511    47.4244557
  19.2354365   47.4243244
  19.2349229   47.4234197
  19.2348294   47.4232551
  19.2347718   47.4231533
  19.2333892   47.4236331
  19.2330026   47.4237651
  19.2329717   47.4237756
  19.2316902   47.4241808
  19.2304335   47.4232601
  19.228147    47.4215846
  19.2279833   47.4214505
  19.2261385   47.4199385
  19.2229894   47.4173563
  19.2174223   47.4127942
  19.2263926   47.4074575
  19.2190853   47.4017609
  19.2189611   47.4015752
  19.2189524   47.4015623
  19.2188866   47.4016023
  19.2186591   47.4014305
  19.2183985   47.4012315
  19.2181274   47.4010369
  19.2179199   47.4008758
  19.2178338   47.4009602
  19.2172392   47.4015435
  19.2169611   47.4018128
  19.2159853   47.4026632
  19.2157579   47.4028661
  19.2156862   47.4029417
  19.2156657   47.4029107
  19.2151514   47.4015423
  19.2139474   47.4004437
  19.2139016   47.4004019
  19.2138444   47.4003387
  19.2132533   47.3998914
  19.2119725   47.3990474
  19.2108553   47.398342
  19.2099581   47.3978191
  19.2086535   47.3970744
  19.2084648   47.3969968
  19.2072115   47.3962705
  19.2068342   47.3960519
  19.2059377   47.3955309
  19.2058415   47.3954749
  19.205147    47.3945205
  19.2050805   47.3944341
  19.2043721   47.3934667
  19.2038923   47.3928357
  19.2036656   47.3925082
  19.2033693   47.3921078
  19.2031735   47.3918567
  19.2029581   47.3915571
  19.2029232   47.3914398
  19.2028912   47.3913766
  19.2028032   47.391263
  19.2027144   47.3911359
  19.2026385   47.3910273
  19.2024822   47.3908035
  19.2022432   47.3904741
  19.202176    47.3903814
  19.2019114   47.3900166
  19.2013633   47.389261
  19.2013039   47.3891724
  19.2012313   47.389152
  19.2006745   47.388228
  19.2001343   47.387269
  19.2001016   47.387211
  19.1995585   47.3863022
  19.1989987   47.3853659
  19.1979885   47.3836761
  19.197241    47.3824055
  19.1956629   47.3796018
  19.1947088   47.3779344
  19.1943484   47.3772708
  19.192576    47.3739836
  19.1886818   47.3699954
  19.1885848   47.3698903
  19.1879115   47.3692069
  19.1876167   47.3689052
  19.1848066   47.3660911
  19.1813324   47.3626616
  19.179723    47.3610728
  19.178084    47.3608453
  19.1690747   47.3595949
  19.1662195   47.3590857
  19.1645332   47.358785
  19.1610806   47.3581693
  19.1582779   47.3576695
  19.1561585   47.3576384
  19.1507446   47.3567436
  19.1503573   47.3564948
  19.1482034   47.3551111
  19.1450455   47.3530824
  19.1404776   47.3496899
  19.1336412   47.3560299
  19.128191    47.3598382
  19.1280548   47.3599261
  19.1143903   47.3686925
  19.104755    47.3748734
  19.1042452   47.3752004
  19.1020626   47.3765388
  19.1018935   47.3766444
  19.1018817   47.3767082
  19.1018246   47.3767406
  19.1017399   47.3767913
  19.1011242   47.37716
  19.1010685   47.3771753
  19.1010091   47.3771607
  19.1000568   47.3777365
  19.1000548   47.3777629
  19.0995953   47.3780387
  19.0993546   47.3781679
  19.0992633   47.3782094
  19.0991776   47.3782419
  19.0987075   47.3784033
  19.098589    47.3784401
  19.0981731   47.378676
  19.1025692   47.383968
  19.1051623   47.3869
  19.1052232   47.3869689
  19.1044291   47.3872364
  19.1035733   47.3876118
  19.1034635   47.3876601
  19.1033568   47.3877068
  19.10333     47.3877186
  19.1032245   47.3877649
  19.1031372   47.3878596
  19.103151    47.3879332
  19.1030896   47.3879254
  19.1030095   47.3879358
  19.102954    47.3879516
  19.1028824   47.3879667
  19.1028184   47.3879659
  19.1027815   47.388002
  19.1026666   47.3880629
  19.1025478   47.3881201
  19.1024438   47.3881755
  19.1019214   47.3884181
  19.1013174   47.3886972
  19.1006971   47.3889705
  19.1003254   47.3891334
  19.1002108   47.3891703
  19.0998884   47.3892519
  19.0996687   47.389307
  19.0994695   47.389358
  19.0981364   47.3897193
  19.096911    47.3901052
  19.0966309   47.3901865
  19.0963837   47.3902618
  19.0951555   47.390654
  19.09413     47.390981
  19.0940016   47.3910256
  19.0939486   47.3910714
  19.093287    47.3918559
  19.0932099   47.3919473
  19.0928792   47.3923528
  19.0921062   47.3933006
  19.0918962   47.3935756
  19.0915999   47.3939637
  19.0909888   47.3947422
  19.0907312   47.3950703
  19.0902893   47.3956108
  19.0901946   47.3957228
  19.0898736   47.3961027
  19.0894512   47.3966143
  19.089143    47.3970107
  19.0889612   47.3972331
  19.0886799   47.3975773
  19.0884873   47.3978098
  19.0881357   47.3982433
  19.0880786   47.3983138
  19.087608    47.3988942
  19.0873626   47.3991888
  19.0865312   47.4001865
  19.0864656   47.4002652
  19.0857818   47.4010858
  19.0854043   47.4015572
  19.0853606   47.4016242
  19.0850202   47.4021451
  19.0849489   47.4022772
  19.0847259   47.4026901
  19.0845822   47.4029702
  19.0841354   47.4038413
  19.0836491   47.4047895
  19.0836196   47.4048964
  19.0830527   47.4048529
  19.0823593   47.4047932
  19.08125     47.4046976
  19.0805955   47.4046331
  19.0794912   47.4045123
  19.0784002   47.4044059
  19.076139    47.4041691
  19.0752637   47.4040697
  19.0751458   47.404039
  19.0750299   47.4039963
  19.0749016   47.4039401
  19.0743539   47.4036662
  19.0739754   47.4034769
  19.0736061   47.4032923
  19.0735227   47.4032687
  19.0734151   47.4032589
  19.0733062   47.4032645
  19.0731927   47.4032892
  19.0731642   47.4032483
  19.0731078   47.4031966
  19.073039    47.4031626
  19.072916    47.403133
  19.0717848   47.4029306
  19.0708615   47.4027654
  19.0708025   47.4027246
  19.0707442   47.4026575
  19.0706992   47.4025948
  19.0706375   47.402553
  19.0700434   47.4022507
  19.0695542   47.4020137
  19.0690818   47.4017569
  19.0676603   47.4009127
  19.0675476   47.4008292
  19.0674403   47.400782
  19.0673076   47.4007339
  19.0664774   47.4003617
  19.0659705   47.4001466
  19.0658283   47.4000758
  19.0656151   47.3999505
  19.0655038   47.3998906
  19.0645257   47.3994581
  19.0632051   47.3988049
  19.0629076   47.3987215
  19.0605141   47.3976623
  19.0606168   47.3975812
  19.0608957   47.3972952
  19.0610473   47.39713
  19.0611975   47.3969403
  19.0613383   47.396825
  19.061577    47.3965763
  19.0616253   47.3965054
  19.0616213   47.396421
  19.0616468   47.3963693
  19.0624155   47.3956471
  19.0645702   47.3934571
  19.0644867   47.3933688
  19.0641063   47.3930856
  19.0639628   47.3929548
  19.0632266   47.3924038
  19.0631247   47.3923211
  19.0629315   47.3921268
  19.0628242   47.392037
  19.062615    47.3919235
  19.0625252   47.3918908
  19.0624461   47.3918427
  19.0622261   47.3917201
  19.0621041   47.3916829
  19.061817    47.3916405
  19.0592327   47.3921725
  19.0536513   47.393375
  19.0532441   47.3925206
  19.0521675   47.3902601
  19.0520058   47.3899252
  19.051314    47.3884779
  19.0512136   47.3882645
  19.0511244   47.3880492
  19.0508724   47.3873791
  19.050425    47.3875554
  19.049956    47.3877403
  19.0495923   47.3878956
  19.0492067   47.3880602
  19.0491175   47.3881075
  19.0489706   47.3882355
  19.0489094   47.3882854
  19.048483    47.3885287
  19.0479811   47.3888067
  19.0476564   47.3885305
  19.0472299   47.3881846
  19.0465324   47.3875084
  19.0457158   47.3869924
  19.0452443   47.386655
  19.0451219   47.3866029
  19.0450428   47.3865976
  19.0449088   47.3864985
  19.0445463   47.3860445
  19.0443921   47.3858102
  19.0439653   47.3850196
  19.0429846   47.385371
  19.042182    47.3857848
  19.0420962   47.3858493
  19.0420754   47.3858261
  19.0420016   47.3857893
  19.041669    47.3856704
  19.0415517   47.3856395
  19.0411279   47.3861117
  19.0406638   47.3865512
  19.0401475   47.3870024
  19.0397003   47.3874372
  19.0389733   47.3879085
  19.0382316   47.3883735
  19.0380279   47.3882595
  19.0378039   47.3881651
  19.0373966   47.388014
  19.0352096   47.3872049
  19.0350473   47.3871531
  19.0348837   47.3871132
  19.0348019   47.3870887
  19.0346879   47.3870451
  19.0341908   47.3868302
  19.0339892   47.3867491
  19.0338564   47.3867119
  19.0336901   47.3866728
  19.0335681   47.3866256
  19.0334393   47.3865493
  19.033391    47.3865112
  19.0327956   47.3862906
  19.0325515   47.3862097
  19.0323557   47.386158
  19.0322068   47.3861117
  19.0309677   47.3856368
  19.0305519   47.3854561
  19.0303509   47.3853211
  19.0301811   47.385342
  19.0277524   47.3883443
  19.0276588   47.3884606
  19.0273991   47.3883511
  19.0245596   47.387335
  19.0240622   47.3871571
  19.0224447   47.3890829
  19.0192133   47.3882051
  19.0188672   47.3880904
  19.0166532   47.3898082
  19.0153473   47.3896437
  19.0096583   47.388927
  18.9947161   47.3869779
  18.9918975   47.3863718
  18.9882457   47.3855297
  18.9801151   47.3838027
  18.9762979   47.3824776
  18.9725816   47.3807642
  18.9623767   47.3726234
  18.9597826   47.374335
  18.9596182   47.3744435
  18.9590767   47.3747568
  18.9572236   47.375829
  18.9561421   47.3769864
  18.9553262   47.3782385
  18.9546322   47.3803021
  18.9545372   47.3812114
  18.9543101   47.3815706
  18.95407     47.381865
  18.9537871   47.3821899
  18.9535537   47.3826003
  18.9534771   47.3828832
  18.9536034   47.3832432
  18.9538167   47.3833157
  18.9540306   47.3833884
  18.9542606   47.3834665
  18.9544841   47.3835424
  18.9547554   47.3836346
  18.9548797   47.383642
  18.9545776   47.384328
  18.9544556   47.3844618
  18.9543604   47.3846679
  18.9543291   47.3848573
  18.9540921   47.3852732
  18.9538692   47.385725
  18.9531274   47.3868945
  18.9528634   47.3874089
  18.9527813   47.3874725
  18.952598    47.3879509
  18.9519493   47.3897194
  18.9516279   47.3907922
  18.9514654   47.3915301
  18.9513396   47.3925554
  18.9514403   47.3928079
  18.9515649   47.3939608
  18.9515303   47.3939995
  18.9516045   47.3941713
  18.951684    47.3943513
  18.9517827   47.3945809
  18.9519217   47.3949051
  18.9520092   47.3951128
  18.9521989   47.3955586
  18.9523265   47.3956237
  18.9525671   47.3957511
  18.9534454   47.3965322
  18.9540778   47.3971046
  18.956002    47.3976327
  18.9574896   47.3980182
  18.957951    47.3980988
  18.9579976   47.3981394
  18.958031    47.3981679
  18.9582789   47.398227
  18.9584139   47.3982585
  18.9584962   47.3982776
  18.9589745   47.3983866
  18.9590783   47.3984127
  18.9591036   47.3984191
  18.9591116   47.3984087
  18.9592985   47.3984492
  18.9592872   47.3984756
  18.9594647   47.3985171
  18.9595365   47.3985296
  18.9597614   47.3985684
  18.9598167   47.3985775
  18.9600217   47.3986316
  18.9600718   47.3986447
  18.9603757   47.3987259
  18.96056     47.3987752
  18.9605952   47.3987831
  18.9607575   47.398824
  18.9609244   47.3988639
  18.9609767   47.3988707
  18.9610864   47.3988961
  18.9611817   47.3989156
  18.9613865   47.3989738
  18.9615336   47.3990193
  18.9616285   47.3990486
  18.9617955   47.3990895
  18.9620037   47.3991612
  18.962203    47.3992237
  18.9624741   47.3993087
  18.9624063   47.3993937
  18.9623126   47.3997761
  18.9622713   47.3999514
  18.9622299   47.4001072
  18.9622044   47.4002135
  18.9622001   47.4002301
  18.962174    47.4003311
  18.9621594   47.4003873
  18.9621572   47.4003956
  18.9621431   47.4004566
  18.9621223   47.4005323
  18.9621098   47.4005877
  18.9620849   47.4006985
  18.9620599   47.4008096
  18.9620353   47.4009186
  18.9620277   47.400947
  18.9620035   47.4010436
  18.962003    47.4010599
  18.9620019   47.4011088
  18.9619995   47.40114
  18.9619949   47.4012302
  18.9619737   47.4014299
  18.9619643   47.4014955
  18.9619497   47.4015975
  18.9619415   47.4016526
  18.9619251   47.4017631
  18.961902    47.4019183
  18.9619008   47.4019265
  18.9618783   47.4020565
  18.9618624   47.4021561
  18.9618433   47.4022754
  18.9618316   47.4023487
  18.9617941   47.4025833
  18.9617645   47.4027692
  18.9617364   47.4029449
  18.9617084   47.4031217
  18.9616971   47.4031929
  18.9616917   47.4032275
  18.961685    47.4032698
  18.9616597   47.4034295
  18.9616452   47.4035214
  18.9616401   47.4035535
  18.9616378   47.4035679
  18.9616281   47.4036295
  18.9616176   47.4036954
  18.9616116   47.4037335
  18.9616018   47.4037655
  18.9615809   47.4038336
  18.9615767   47.4038482
  18.9615546   47.4039259
  18.9615636   47.4039339
  18.9615732   47.4039515
  18.9615331   47.4041311
  18.9615098   47.4042353
  18.9614832   47.4043519
  18.9614596   47.4044552
  18.9614464   47.4045127
  18.9614437   47.404565
  18.9614479   47.4046955
  18.9614531   47.4047719
  18.9614572   47.4048422
  18.9614365   47.4048485
  18.9612671   47.4052712
  18.9612298   47.4053741
  18.9611677   47.4054832
  18.961033    47.4056882
  18.9609752   47.4058155
  18.9609478   47.4058829
  18.9609172   47.4060066
  18.9608911   47.406093
  18.960818    47.4062737
  18.9607282   47.4064495
  18.9606642   47.4066188
  18.9606628   47.4066468
  18.9606776   47.4066974
  18.9606702   47.4067294
  18.9606003   47.4068707
  18.9604602   47.4071083
  18.9603746   47.4072713
  18.9602112   47.4075825
  18.9598443   47.4083065
  18.959662    47.4086237
  18.9596141   47.4087108
  18.9593955   47.4091903
  18.9593626   47.4092593
  18.9592621   47.4094701
  18.9592332   47.4095262
  18.9590787   47.4098506
  18.9590197   47.4099724
  18.9589365   47.4101287
  18.9588646   47.4102714
  18.9587983   47.4104058
  18.9587946   47.4104133
  18.9587074   47.4105901
  18.9586114   47.4107802
  18.9585438   47.4109169
  18.9584833   47.4110382
  18.9583877   47.4112008
  18.9583016   47.4113755
  18.95827     47.4114436
  18.9582231   47.4115574
  18.9580675   47.4118575
  18.9569082   47.4142609
  18.9569682   47.4147793
  18.957001    47.4150076
  18.9570173   47.4156468
  18.9570693   47.4156946
  18.9573759   47.4168204
  18.9574482   47.4173741
  18.9570782   47.4181135
  18.9570475   47.418595
  18.9659438   47.4243354
  18.9671287   47.4250999
  18.9687083   47.4261987
  18.9697342   47.4269169
  18.9713761   47.4278233
  18.9743988   47.4294941
  18.9762365   47.4300716
  18.9765314   47.4305883
  18.9765959   47.4307048
  18.9766816   47.4308707
  18.9769695   47.4313188
  18.9771067   47.4315215
  18.9773403   47.431943
  18.9773504   47.431977
  18.9773578   47.4320271
  18.9773717   47.4320688
  18.9774934   47.432282
  18.9776705   47.4327509
  18.9777796   47.4330536
  18.9779766   47.4336
  18.9780539   47.4336148
  18.9781013   47.4336338
  18.9781235   47.4336693
  18.9781379   47.4337699
  18.9782919   47.4350279
  18.9784032   47.4355535
  18.978481    47.4358303
  18.9785062   47.4359471
  18.978528    47.4360478
  18.9785546   47.4362481
  18.9785662   47.4362949
  18.9786192   47.4364594
  18.9788262   47.4371013
  18.9788844   47.4372385
  18.9791295   47.4376792
  18.9791949   47.4378048
  18.9792097   47.4378484
  18.9792237   47.4379139
  18.9792329   47.4379932
  18.9792395   47.4384263
  18.979248    47.4389831
  18.979242    47.439305
  18.9792613   47.4393637
  18.9792746   47.4397419
  18.9792884   47.4400318
  18.9792827   47.4401872
  18.9792548   47.4404742
  18.9792301   47.4406674
  18.9791894   47.4409308
  18.9791761   47.4410004
  18.97917     47.4410228
  18.9791473   47.4411061
  18.979134    47.4411544
  18.9791084   47.4412336
  18.9790887   47.4412761
  18.9790554   47.4413764
  18.9788265   47.4417296
  18.9787646   47.4420271
  18.978789    47.4425914
  18.978744    47.4428322
  18.9786068   47.4435515
  18.9784724   47.4440968
  18.9783247   47.4444709
  18.9779521   47.4453368
  18.9781137   47.4457362
  18.9782926   47.4464204
  18.9784768   47.4470772
  18.9785151   47.4472141
  18.9774143   47.4472721
  18.9761259   47.4478355
  18.9756323   47.4480461
  18.9753754   47.448167
  18.9749664   47.4483586
  18.9734763   47.449051
  18.9732326   47.449158
  18.9717371   47.4498256
  18.9715386   47.4499126
  18.9709709   47.4502266
  18.9698967   47.4510976
  18.9774326   47.4550674
  18.9777746   47.4551814
  18.9810547   47.4552125
  18.9816301   47.4572084
  18.9818093   47.45783
  18.9826683   47.4607778
  18.9826406   47.4608482
  18.9817134   47.4632013
  18.981484    47.4632462
  18.9814603   47.4632992
  18.9813641   47.463507
  18.9810491   47.4641917
  18.9809748   47.4643533
  18.9809233   47.4644652
  18.9807479   47.4648417
  18.9805279   47.465314
  18.9803828   47.4656256
  18.9803375   47.4657228
  18.9802827   47.4658405
  18.9802572   47.4658952
  18.9801256   47.4661786
  18.9800471   47.4663477
  18.9799158   47.4666286
  18.9798729   47.4667203
  18.979534    47.467448
  18.9790015   47.4686192
  18.978875    47.4688119
  18.9787389   47.4689579
  18.9787033   47.4689961
  18.9784846   47.4692212
  18.9775655   47.4700026
  18.9770921   47.4703879
  18.9768099   47.4706072
  18.9766069   47.4707693
  18.9763967   47.4709235
  18.9762169   47.4710688
  18.9742961   47.472647
  18.9728635   47.473922
  18.9722793   47.4744247
  18.9714309   47.4751947
  18.9702877   47.4761415
  18.9702524   47.4761893
  18.9686924   47.4780123
  18.9676183   47.4793024
  18.9673041   47.4796792
  18.9636819   47.4822826
  18.9605913   47.4839008
  18.9579134   47.4851966
  18.9550643   47.4863048
  18.9523104   47.4843
  18.9470626   47.4824417
  18.9459781   47.4833355
  18.9415237   47.4870192
  18.9415953   47.4871059
  18.941698    47.4884174
  18.9410112   47.4888137
  18.9389122   47.4899446
  18.9388837   47.4899323
  18.93841     47.4901742
  18.9379134   47.4904065
  18.9372938   47.4907216
  18.9362555   47.4912422
  18.9361382   47.4913214
  18.9359282   47.4915402
  18.9359692   47.4915733
  18.936051    47.4917201
  18.9361891   47.4919802
  18.9362468   47.4920586
  18.936458    47.4923988
  18.9364962   47.4924659
  18.9365425   47.4925352
  18.9365767   47.4925706
  18.9366292   47.4925986
  18.9368148   47.4928343
  18.9372385   47.4936092
  18.9372467   47.4936291
  18.937256    47.4936473
  18.9372691   47.4936658
  18.9373291   47.4937125
  18.9373472   47.4937332
  18.9374667   47.4939487
  18.9375124   47.4940612
  18.9375721   47.4941827
  18.938151    47.495118
  18.9381859   47.4951743
  18.9386754   47.4959628
  18.9390237   47.4965239
  18.9392951   47.4969612
  18.9394654   47.4972357
  18.9395766   47.4973916
  18.9397601   47.4976155
  18.9398017   47.4976795
  18.9398282   47.497734
  18.939858    47.4978176
  18.9398544   47.4978647
  18.9408788   47.4976524
  18.9412159   47.4975928
  18.9414366   47.4975539
  18.9417694   47.4974947
  18.9419126   47.4974694
  18.9424599   47.4973722
  18.9425235   47.4973608
  18.9429981   47.4972768
  18.9433869   47.4972079
  18.9438493   47.4971261
  18.9442125   47.4970621
  18.9445975   47.4969936
  18.9447376   47.4973243
  18.944877    47.4976523
  18.9449051   47.4977189
  18.9449557   47.497839
  18.944783    47.4980782
  18.9444845   47.4982551
  18.9445106   47.4983273
  18.9451344   47.4986268
  18.9454594   47.4990473
  18.9455131   47.4991873
  18.9455163   47.4993342
  18.9454675   47.4995682
  18.9450347   47.4999526
  18.9448449   47.5001793
  18.9447486   47.5003897
  18.9446387   47.5005392
  18.9444744   47.5007205
  18.9442609   47.5008987
  18.9439373   47.5010903
  18.9438693   47.5012049
  18.9437757   47.5018258
  18.9436263   47.5020527
  18.9436269   47.5022151
  18.9437589   47.5024395
  18.9438998   47.5026262
  18.9440407   47.502846
  18.9442796   47.5031137
  18.9442502   47.5033266
  18.9440584   47.5035135
  18.9435007   47.5038833
  18.9420657   47.5045051
  18.9414051   47.5047954
  18.9411609   47.5048969
  18.9403401   47.5051685
  18.9394632   47.505455
  18.9360307   47.5064702
  18.9350867   47.5067479
  18.9341978   47.5070102
  18.933956    47.5070693
  18.9338566   47.5070997
  18.934004    47.5073361
  18.9347261   47.50846
  18.9348441   47.5086126
  18.9351822   47.5090412
  18.935428    47.5093544
  18.9357672   47.5096793
  18.9360817   47.510027
  18.9362726   47.5102277
  18.9364624   47.5103845
  18.9367271   47.5106184
  18.9368296   47.5107341
  18.9369085   47.5108402
  18.9369098   47.5108417
  18.9370823   47.5110433
  18.9372626   47.5112623
  18.9371746   47.5113142
  18.938002    47.5120231
  18.938325    47.5121508
  18.9382532   47.5124029
  18.9385632   47.5124118
  18.9392149   47.5124052
  18.9394148   47.5123896
  18.9395202   47.5123772
  18.9395875   47.5123751
  18.9396505   47.5123799
  18.9397343   47.5123995
  18.9398009   47.5124291
  18.939853    47.5124792
  18.9399345   47.5125727
  18.9399735   47.5126174
  18.9401832   47.5128804
  18.94163     47.5146954
  18.9424072   47.5161661
  18.9429264   47.5171486
  18.943563    47.5173096
  18.9447868   47.5175182
  18.9442225   47.5179792
  18.9437673   47.5182551
  18.9436915   47.518301
  18.9427854   47.5187886
  18.9427221   47.5188003
  18.9426151   47.5188211
  18.9421125   47.5190586
  18.941211    47.5194553
  18.9399521   47.519992
  18.939381    47.5202246
  18.9392438   47.5202805
  18.9389299   47.5204127
  18.9388297   47.5204443
  18.9387791   47.5205469
  18.9387012   47.520573
  18.9384046   47.5206723
  18.9384408   47.5207261
  18.9384075   47.5207386
  18.938297    47.5207802
  18.9381609   47.5208393
  18.9369522   47.5213646
  18.9361515   47.5217127
  18.9354566   47.5220147
  18.9353344   47.5220605
  18.9352452   47.5221271
  18.9353686   47.5223074
  18.9354588   47.522437
  18.9353871   47.5226081
  18.9353292   47.5226409
  18.9334747   47.5207347
  18.9312673   47.5212999
  18.9290285   47.5218794
  18.9282771   47.5219972
  18.9268967   47.5222438
  18.9269064   47.5222698
  18.9272981   47.5232972
  18.9277503   47.5237687
  18.9278705   47.5242603
  18.9279539   47.5243459
  18.9281644   47.5242771
  18.9285373   47.5242245
  18.9293087   47.5242418
  18.9298113   47.5244709
  18.9303547   47.5246384
  18.9304125   47.5246254
  18.9311165   47.5245152
  18.9329082   47.5238197
  18.9333266   47.5232981
  18.935328    47.5226433
  18.935131    47.5248185
  18.9348768   47.5308911
  18.934308    47.5322041
  18.9348292   47.5335871
  18.9343186   47.5356412
  18.9346908   47.5375673
  18.9351763   47.5386352
  18.9353202   47.5397449
  18.9354402   47.5416808
  18.9357518   47.5433397
  18.9356843   47.5433742
  18.935205    47.5433198
  18.9345262   47.5431365
  18.9337795   47.5430599
  18.9329269   47.5427213
  18.9317773   47.542664
  18.9307517   47.5421605
  18.9297897   47.5418333
  18.9251057   47.5441443
END
END
