polygon
1
  20.0519069   48.1677197
  20.0528833   48.167358
  20.0540076   48.1665862
  20.0545652   48.1662035
  20.0568725   48.1677077
  20.0585836   48.1680709
  20.0597226   48.168061
  20.0597153   48.1676831
  20.0619858   48.1672793
  20.0618623   48.1670841
  20.0608174   48.1657714
  20.0608099   48.1653873
  20.0624915   48.1642327
  20.0624767   48.1634707
  20.063036    48.1627037
  20.0635934   48.1623209
  20.0630138   48.1615638
  20.0630064   48.1611798
  20.0647404   48.1607849
  20.0646656   48.1588852
  20.063512    48.1581331
  20.063845    48.1579044
  20.0641446   48.1576986
  20.0646359   48.1573612
  20.0646211   48.1565992
  20.0646063   48.1558373
  20.0645989   48.1554594
  20.0657301   48.1550654
  20.0657228   48.1546875
  20.066854    48.1542934
  20.06855     48.1539007
  20.0708198   48.1534966
  20.0721768   48.1532487
  20.0725307   48.1538658
  20.0736843   48.1546177
  20.0742583   48.1546127
  20.0748304   48.1549856
  20.0765414   48.1553547
  20.0771078   48.1549655
  20.0793476   48.1530436
  20.0793402   48.1526657
  20.0804545   48.1518937
  20.0815931   48.1518836
  20.0821745   48.1522564
  20.0827468   48.1526355
  20.0838855   48.1526254
  20.0850316   48.1529932
  20.0861859   48.1533271
  20.0873089   48.1529729
  20.0878246   48.1527296
  20.0884323   48.1522008
  20.088997    48.1521958
  20.0906776   48.1510407
  20.0901053   48.1506616
  20.0900901   48.1498997
  20.0895011   48.149149
  20.0906396   48.1491388
  20.0912059   48.1487496
  20.0911831   48.1476097
  20.0911602   48.1464637
  20.0917173   48.1460807
  20.0922607   48.1445516
  20.0928177   48.1441687
  20.0933671   48.1434017
  20.0945055   48.1433914
  20.0956364   48.1430033
  20.0962102   48.1429982
  20.0967824   48.143371
  20.0979208   48.1433608
  20.0984701   48.1425937
  20.0984012   48.1391679
  20.1006549   48.1380075
  20.1012287   48.1380023
  20.1035115   48.1387438
  20.1060564   48.1387207
  20.106362    48.1387179
  20.1069341   48.1390907
  20.1078939   48.139082
  20.108637    48.1390752
  20.1097832   48.139449
  20.110357    48.1394437
  20.1109292   48.1398165
  20.1114953   48.1394334
  20.1120599   48.1394282
  20.1126321   48.139801
  20.1149088   48.1397802
  20.1166194   48.1401425
  20.1183316   48.1401268
  20.118904    48.1405057
  20.118943    48.1424075
  20.1200814   48.142397
  20.1206709   48.1431537
  20.1218078   48.1435212
  20.1240847   48.1435003
  20.126393    48.1450032
  20.1269576   48.144998
  20.1280883   48.1446095
  20.1292188   48.1442149
  20.1297848   48.1438317
  20.130914    48.1438212
  20.1314799   48.1434318
  20.1343134   48.1430275
  20.1360164   48.1430116
  20.1365981   48.1433841
  20.1377446   48.1437576
  20.1384621   48.1434827
  20.139972    48.1432664
  20.1407339   48.1428847
  20.1417006   48.1425805
  20.1429626   48.1420655
  20.144526    48.1417918
  20.1450825   48.1414024
  20.1456563   48.141397
  20.1467787   48.1406244
  20.1476059   48.1404704
  20.1485743   48.1399851
  20.1488892   48.1397478
  20.1490153   48.138701
  20.1495638   48.1379337
  20.1501204   48.1375505
  20.1500882   48.1360266
  20.150662    48.1360211
  20.1512185   48.1356379
  20.1523486   48.1352431
  20.1540434   48.134849
  20.1551735   48.1344541
  20.1557554   48.1348328
  20.1569016   48.1351999
  20.1580318   48.1348111
  20.1585882   48.1344217
  20.1608646   48.1344
  20.1620191   48.1351511
  20.1631563   48.1355244
  20.16373     48.1355189
  20.1637218   48.1351348
  20.1648601   48.1351239
  20.1648357   48.133984
  20.166514    48.1328279
  20.1664977   48.1320659
  20.1670388   48.1305364
  20.167595    48.1301469
  20.1675625   48.1286292
  20.1658436   48.1278835
  20.1652537   48.1271271
  20.1669491   48.1263487
  20.1675054   48.1259654
  20.1680535   48.125198
  20.1680452   48.1248139
  20.1691588   48.1236631
  20.1691343   48.1225232
  20.1685618   48.1221445
  20.1685537   48.1217667
  20.1691098   48.1213771
  20.1702232   48.1202263
  20.1702151   48.1198484
  20.1707887   48.1198429
  20.1707641   48.1186968
  20.1713203   48.1183135
  20.1712957   48.1171675
  20.1701497   48.1168005
  20.1701252   48.1156606
  20.173514    48.1144817
  20.1752079   48.1140873
  20.1757814   48.1140818
  20.1769017   48.1136868
  20.177467    48.1133033
  20.1780313   48.1132979
  20.179759    48.1140432
  20.180905    48.1144101
  20.1831384   48.1128703
  20.1837119   48.1128647
  20.1870909   48.1116854
  20.1888021   48.1116687
  20.1899316   48.1112796
  20.1910516   48.1108845
  20.1921644   48.1097335
  20.1932938   48.1093444
  20.1955691   48.109322
  20.1955607   48.1089379
  20.1966984   48.1089267
  20.197271    48.1093053
  20.1989737   48.1089043
  20.1995379   48.1088987
  20.2029257   48.1077251
  20.2040465   48.1069518
  20.2040382   48.1065739
  20.2034562   48.1061955
  20.2011642   48.1054561
  20.2005665   48.1039377
  20.1999764   48.1031876
  20.199968    48.1028035
  20.2027744   48.1008735
  20.2039034   48.1004781
  20.2032965   48.098966
  20.203288    48.0985819
  20.2038445   48.0978143
  20.2043834   48.0966688
  20.2066582   48.0966462
  20.2072139   48.0962627
  20.2083258   48.0951053
  20.2094717   48.0954781
  20.2106006   48.0950826
  20.2122936   48.0946878
  20.2134139   48.0939144
  20.2151153   48.0938974
  20.2156802   48.0935138
  20.2173645   48.0927347
  20.2179378   48.092729
  20.2185103   48.0931012
  20.2196476   48.0930898
  20.2207764   48.0927004
  20.2213318   48.0923107
  20.2241876   48.093044
  20.2253249   48.0930325
  20.2253164   48.0926546
  20.225881    48.0922648
  20.2270183   48.0922533
  20.227591    48.0926316
  20.228155    48.0926259
  20.2292923   48.0926144
  20.2309942   48.092213
  20.2315582   48.0922072
  20.2327128   48.0929577
  20.2338501   48.0929461
  20.2349961   48.0933186
  20.2355514   48.0929288
  20.2366887   48.0929172
  20.2389807   48.0936559
  20.240118    48.0936443
  20.2403072   48.0935136
  20.2406734   48.0932606
  20.2417846   48.0921029
  20.241776    48.091725
  20.2412032   48.0913467
  20.2411946   48.0909688
  20.2423226   48.0909573
  20.2434685   48.0913235
  20.2440331   48.0909397
  20.2445971   48.090934
  20.245179    48.091306
  20.2462896   48.0905324
  20.2468628   48.0905265
  20.2479828   48.089759
  20.2485293   48.0889912
  20.2491025   48.0889853
  20.2502746   48.0904913
  20.2514114   48.0908638
  20.2525662   48.091614
  20.2525925   48.0927539
  20.2553132   48.0945212
  20.255475    48.0946263
  20.2566036   48.0942367
  20.257741    48.0942249
  20.2594603   48.094585
  20.2600244   48.0945791
  20.2600774   48.096865
  20.2691672   48.0967701
  20.2714241   48.0959843
  20.2731077   48.0952045
  20.2748091   48.0951866
  20.2782749   48.0974365
  20.2799943   48.0981805
  20.2805766   48.0985523
  20.279466    48.0997042
  20.2789106   48.1004722
  20.280066    48.1012222
  20.2806842   48.103118
  20.2835234   48.1030879
  20.2840966   48.103466
  20.2841235   48.1046059
  20.2835684   48.1049959
  20.2830312   48.1061417
  20.2830492   48.1069037
  20.2819296   48.1076777
  20.2796543   48.1077018
  20.2785256   48.1080917
  20.2779705   48.1084817
  20.2796991   48.1096036
  20.2797439   48.1115054
  20.2803082   48.1114995
  20.2820284   48.1118654
  20.2825926   48.1118595
  20.2843395   48.1137432
  20.2837933   48.1145112
  20.2855223   48.115633
  20.2861139   48.1163889
  20.28615     48.1179128
  20.285748    48.1187521
  20.2856069   48.1190531
  20.2867413   48.1190466
  20.2878972   48.1197965
  20.2879242   48.1209363
  20.287396    48.1224663
  20.2874141   48.1232282
  20.2885521   48.1232161
  20.2891073   48.122826
  20.2902363   48.122436
  20.2913832   48.1228018
  20.2925211   48.1227896
  20.2947696   48.1220035
  20.2964811   48.1219852
  20.2970364   48.1216012
  20.2975827   48.1204553
  20.2998493   48.1204309
  20.30051     48.1199741
  20.3009689   48.1196568
  20.3026619   48.1192544
  20.3032537   48.1200102
  20.3038273   48.1203882
  20.306103    48.1203636
  20.3078143   48.1207231
  20.3095258   48.1207046
  20.310673    48.1210764
  20.3135592   48.1229474
  20.315835    48.1229227
  20.3181202   48.12366
  20.3186922   48.1236538
  20.3196185   48.1236436
  20.3198317   48.1236413
  20.3203867   48.1232511
  20.3203682   48.1224891
  20.3220427   48.1213307
  20.3225977   48.1205625
  20.3220149   48.1201909
  20.3219778   48.118667
  20.3236706   48.1178863
  20.3236613   48.1175084
  20.3230784   48.1171306
  20.3219314   48.1167652
  20.3207843   48.1160155
  20.3207566   48.1148757
  20.3246875   48.1129242
  20.3258252   48.1129117
  20.3263802   48.1125277
  20.3269258   48.1117595
  20.3257788   48.11101
  20.3257509   48.1098701
  20.3268699   48.1094737
  20.3285624   48.1086929
  20.3297      48.1086804
  20.3319567   48.1082776
  20.3325301   48.1082713
  20.333649    48.1074968
  20.3330663   48.1071252
  20.3341477   48.1048268
  20.3381245   48.1047829
  20.3387167   48.1055385
  20.3409637   48.1047514
  20.343201    48.1032022
  20.3449027   48.1031833
  20.344865    48.1016656
  20.3454099   48.1005132
  20.345974    48.1005069
  20.3476754   48.10011
  20.3487939   48.0993353
  20.3498842   48.0977988
  20.3498652   48.0970368
  20.3509836   48.0962622
  20.3526754   48.0954873
  20.3532489   48.0958588
  20.3543768   48.0954682
  20.3549312   48.0950778
  20.3543387   48.0939443
  20.3548931   48.0935539
  20.3554379   48.0924076
  20.3565561   48.0916329
  20.3588214   48.0916074
  20.3597909   48.0919081
  20.3607238   48.0922931
  20.3613956   48.0922939
  20.3622075   48.0927438
  20.3622609   48.0930911
  20.3623449   48.0936264
  20.3622269   48.0939147
  20.3612896   48.0946476
  20.3606163   48.0954028
  20.3607587   48.0968913
  20.3608086   48.0974586
  20.3618183   48.0979818
  20.3621041   48.0992167
  20.363067    48.0996686
  20.3637335   48.0996372
  20.3641691   48.1005588
  20.3643278   48.1017383
  20.3642503   48.101845
  20.3640498   48.1021145
  20.3630938   48.1033637
  20.3631225   48.1045035
  20.3625583   48.1045099
  20.3597288   48.1049259
  20.3603119   48.1056754
  20.3608949   48.106053
  20.3626158   48.1067957
  20.36318     48.1067894
  20.3637726   48.1075449
  20.3632373   48.109069
  20.363247    48.1094531
  20.3638396   48.1102086
  20.3638588   48.1109706
  20.3632853   48.110977
  20.3621855   48.1121296
  20.362195    48.1125075
  20.3633235   48.1124947
  20.3644709   48.112866
  20.3650827   48.1143834
  20.3668038   48.1151199
  20.3673965   48.1158754
  20.3685443   48.1166245
  20.369137    48.11738
  20.3691563   48.1181419
  20.3697398   48.1188975
  20.3743299   48.1203697
  20.3743588   48.1215095
  20.374952    48.1226429
  20.3738239   48.1230399
  20.3738528   48.1241798
  20.374436    48.1245511
  20.3744553   48.1253131
  20.3750294   48.1256907
  20.3750487   48.1264527
  20.3756513   48.1275859
  20.37569     48.1291098
  20.3774021   48.1294683
  20.3791144   48.129833
  20.3808455   48.1305754
  20.3831318   48.1313052
  20.386011    48.1324185
  20.3894161   48.1323794
  20.3905738   48.1331283
  20.3911768   48.1342615
  20.3923253   48.1350104
  20.3934732   48.1353751
  20.3952244   48.1368793
  20.3947193   48.1395496
  20.3941745   48.140318
  20.3930655   48.1414709
  20.3925016   48.1418616
  20.3908867   48.1453069
  20.3881038   48.1476191
  20.3881429   48.149143
  20.3864496   48.1495466
  20.3870239   48.149918
  20.3875885   48.1499115
  20.3893205   48.1506538
  20.3904492   48.1502566
  20.3921523   48.150237
  20.3927268   48.1506146
  20.3945807   48.1506186
  20.39482     48.1506139
  20.3950039   48.1505883
  20.3961325   48.1501911
  20.397271    48.1501779
  20.3978161   48.1494157
  20.4024094   48.1508806
  20.4047162   48.1520001
  20.4058646   48.1523647
  20.4081721   48.1538622
  20.4087361   48.1534714
  20.4115084   48.1507746
  20.4160234   48.1495816
  20.4183203   48.1503168
  20.4206073   48.1506679
  20.428003    48.1505807
  20.4285576   48.1501961
  20.4308548   48.1509311
  20.4342611   48.1508907
  20.4342509   48.1505066
  20.4348148   48.1501219
  20.4359938   48.1516322
  20.4365584   48.1516255
  20.4365685   48.1520034
  20.4377273   48.1527517
  20.4377172   48.1523739
  20.4394102   48.1519695
  20.439974    48.1515848
  20.4411125   48.1515712
  20.4433794   48.15116
  20.4439339   48.1507753
  20.4444985   48.1507686
  20.4462006   48.150364
  20.4467653   48.1503572
  20.4473494   48.1507344
  20.4479141   48.1507277
  20.4484888   48.1510987
  20.4490627   48.1510919
  20.4490526   48.150714
  20.4502012   48.1510782
  20.4507454   48.1503095
  20.4513296   48.1506866
  20.451877    48.15068
  20.4518942   48.1506798
  20.4524783   48.1510508
  20.4536075   48.1510372
  20.4541712   48.1506524
  20.4558333   48.149108
  20.4552585   48.148737
  20.4546847   48.1487439
  20.4541097   48.1483666
  20.4541201   48.1487507
  20.4529611   48.1480025
  20.4518227   48.1480162
  20.4518123   48.1476321
  20.4512477   48.1476389
  20.4529201   48.1464787
  20.4534847   48.1464719
  20.4552521   48.1454689
  20.4580076   48.1452771
  20.4591356   48.1448793
  20.4602432   48.1437257
  20.4619151   48.1425591
  20.4635769   48.1410208
  20.4635562   48.1402589
  20.4656676   48.1341421
  20.4666902   48.1330707
  20.4667747   48.1329822
  20.4679025   48.1325905
  20.4678922   48.1322127
  20.4684462   48.1318217
  20.4684255   48.1310598
  20.4689992   48.1310528
  20.4701477   48.131423
  20.4729883   48.1313883
  20.4741367   48.1317523
  20.4746908   48.1313675
  20.47467     48.1306056
  20.4757953   48.1298261
  20.4752021   48.1290747
  20.4746181   48.1287039
  20.4740329   48.1279488
  20.4745765   48.12718
  20.4768525   48.1271522
  20.4774064   48.1267612
  20.4779488   48.1256144
  20.4767797   48.1244885
  20.4767589   48.1237266
  20.4773024   48.1229577
  20.4772816   48.1221958
  20.4778448   48.1218109
  20.4777719   48.1191473
  20.4782945   48.1176165
  20.4794115   48.1168406
  20.4816766   48.1164348
  20.4827935   48.1156588
  20.4833577   48.1156519
  20.483295    48.1133661
  20.4844117   48.1125902
  20.4838266   48.1118352
  20.4838057   48.1110733
  20.48318     48.1091786
  20.481447    48.1080597
  20.4814156   48.1069137
  20.4808215   48.106165
  20.4807901   48.105019
  20.4813426   48.1042501
  20.4824801   48.1042361
  20.4836072   48.1038442
  20.4835968   48.1034663
  20.4847145   48.1030684
  20.4846517   48.1007826
  20.4840773   48.1004117
  20.4840695   48.1001285
  20.4840669   48.1000338
  20.4838152   48.0998704
  20.4832962   48.0995334
  20.4827909   48.0992053
  20.482334    48.0989087
  20.4817398   48.0981538
  20.4816773   48.0958742
  20.4872067   48.0900927
  20.4877497   48.0893238
  20.4894194   48.088163
  20.4916727   48.0873729
  20.4916412   48.0862331
  20.4933001   48.0846881
  20.4932791   48.0839262
  20.494374    48.0823882
  20.49549     48.0816121
  20.4953847   48.0778086
  20.4969788   48.0735998
  20.4997212   48.0701389
  20.5002744   48.069754
  20.5008263   48.0689849
  20.5008156   48.0686008
  20.5019221   48.067831
  20.5024844   48.0674398
  20.5024739   48.0670619
  20.5018374   48.0647832
  20.5000525   48.0617566
  20.4994889   48.0617637
  20.4932215   48.0610856
  20.4915107   48.0607226
  20.4909378   48.0607297
  20.489703    48.0604818
  20.4783827   48.0586041
  20.4811764   48.0566612
  20.4805515   48.0547664
  20.4815837   48.0509489
  20.4832418   48.0494041
  20.4832001   48.0478801
  20.4859931   48.0459433
  20.4870038   48.0455872
  20.4882354   48.0451533
  20.4887871   48.0443843
  20.4910385   48.0435942
  20.4936157   48.0423798
  20.4928617   48.041214
  20.4926647   48.0409094
  20.4920395   48.0390147
  20.4914447   48.0378819
  20.4902771   48.0367499
  20.4902353   48.0352322
  20.4918716   48.0329253
  20.4918296   48.0314013
  20.4912243   48.0298844
  20.4911477   48.0297358
  20.4906296   48.0287516
  20.4894833   48.0283877
  20.4888793   48.0272488
  20.4905458   48.0257099
  20.4904933   48.0238019
  20.4899      48.0230533
  20.4887327   48.0219213
  20.4887014   48.0207814
  20.4881172   48.0200264
  20.4864183   48.0200475
  20.4846789   48.0189287
  20.4857206   48.0154889
  20.4834389   48.0151329
  20.4833868   48.0132311
  20.4828028   48.0124761
  20.4821992   48.0113433
  20.4821784   48.0105813
  20.4815944   48.0098263
  20.4815632   48.0086864
  20.4809896   48.0083093
  20.4803653   48.0064145
  20.4797295   48.0037576
  20.4796878   48.0022337
  20.4807816   48.000702
  20.4813446   48.0006951
  20.4824381   47.9991571
  20.4824173   47.9983952
  20.4818139   47.9972623
  20.4818034   47.9968783
  20.4812301   47.9965073
  20.4811884   47.9949834
  20.480615    47.9946062
  20.4788454   47.9923475
  20.4784891   47.9921132
  20.478272    47.9919704
  20.4776999   47.9919774
  20.4742834   47.9912633
  20.473008    47.991426
  20.4725355   47.9916011
  20.4708885   47.9916829
  20.4619684   47.9761815
  20.4613965   47.9761884
  20.4613759   47.9754264
  20.4607825   47.9742934
  20.4613348   47.9739025
  20.46019     47.9735384
  20.4601797   47.9731543
  20.459045    47.9731681
  20.4584721   47.972797
  20.4539335   47.972852
  20.4539131   47.97209
  20.4521852   47.9709706
  20.4516021   47.9702154
  20.4515512   47.9682991
  20.4526765   47.9683
  20.4537907   47.9675243
  20.4543626   47.9675173
  20.4549048   47.9667486
  20.4555298   47.9663134
  20.4560188   47.9659728
  20.4576955   47.9651903
  20.4582673   47.9651833
  20.4588198   47.9647986
  20.4605158   47.9643938
  20.4610682   47.9640091
  20.4616401   47.9640021
  20.4616297   47.963618
  20.4621821   47.9632333
  20.4632858   47.9620796
  20.4644099   47.9616817
  20.4660966   47.9612831
  20.4666488   47.9608922
  20.467773    47.9605004
  20.4688867   47.9597246
  20.4688763   47.9593405
  20.4694379   47.9589556
  20.470562    47.9585639
  20.4711141   47.9581729
  20.4728007   47.9577742
  20.4733725   47.9577672
  20.4733621   47.9573831
  20.4744756   47.9566072
  20.4750072   47.9554604
  20.4760999   47.9539225
  20.478879    47.9519858
  20.4811163   47.950818
  20.4833741   47.9504059
  20.4856123   47.949616
  20.4873078   47.949217
  20.4878702   47.94921
  20.4906487   47.9472731
  20.4923334   47.9464899
  20.4945503   47.9449378
  20.4962139   47.9433926
  20.4984097   47.9410847
  20.5007092   47.9421963
  20.5012807   47.9421891
  20.5023831   47.941035
  20.5035079   47.941021
  20.5034972   47.9406369
  20.5052239   47.9413775
  20.5108845   47.9413064
  20.5119866   47.9401522
  20.513078    47.938614
  20.5146679   47.9347888
  20.5178987   47.9286562
  20.5139247   47.9283221
  20.5116361   47.9275887
  20.5110316   47.926078
  20.5109997   47.924932
  20.5098555   47.9245683
  20.5081398   47.9242057
  20.5075672   47.9238349
  20.507005    47.9238419
  20.5058502   47.9230942
  20.5041453   47.9231155
  20.5029906   47.9223678
  20.5024073   47.9216128
  20.5018451   47.9216198
  20.5007222   47.9220181
  20.4990173   47.9220394
  20.497311    47.9216765
  20.4967489   47.9216835
  20.4950125   47.9205649
  20.4938686   47.9202011
  20.49444     47.920194
  20.4972164   47.9182506
  20.4960515   47.9171249
  20.4949077   47.9167611
  20.4931806   47.9156361
  20.4931702   47.9152582
  20.4953739   47.912944
  20.4964863   47.9121679
  20.4975789   47.911014
  20.4992098   47.9083288
  20.4997403   47.9071819
  20.4985965   47.9068119
  20.4974422   47.9060641
  20.4963288   47.9064622
  20.4957576   47.9064693
  20.4946454   47.9072454
  20.4935226   47.9076375
  20.4924195   47.9084134
  20.4912757   47.9080434
  20.4889676   47.9065538
  20.4878344   47.9065678
  20.4861078   47.9054427
  20.4849746   47.9054568
  20.4838311   47.9050929
  20.4826979   47.9051069
  20.4809716   47.9039879
  20.4809819   47.9043658
  20.480421    47.9047508
  20.4737656   47.9097842
  20.473214    47.9101752
  20.4709474   47.910203
  20.468691    47.9106087
  20.468129    47.9106155
  20.4664142   47.9102585
  20.4658316   47.9095033
  20.4652604   47.9095103
  20.4629825   47.9087758
  20.4618082   47.9072656
  20.4617466   47.9049796
  20.4605931   47.9042376
  20.4583164   47.903881
  20.4537522   47.9024119
  20.4526089   47.9020477
  20.4514351   47.9005374
  20.4508538   47.9001663
  20.4491385   47.8994248
  20.4479952   47.8990544
  20.4485359   47.8979076
  20.4496385   47.896754
  20.4496079   47.8956079
  20.4501394   47.8944612
  20.4500175   47.8898953
  20.4522221   47.8875819
  20.4533141   47.8860442
  20.4549577   47.8841217
  20.4560496   47.882584
  20.4565707   47.8810593
  20.458223    47.8791305
  20.4599072   47.878732
  20.4604279   47.8772011
  20.4609682   47.8760543
  20.4626317   47.8748937
  20.4643054   47.874111
  20.4671413   47.8740764
  20.4688251   47.8736716
  20.4738961   47.8728471
  20.4744577   47.8728402
  20.4755799   47.8724484
  20.4789566   47.8716445
  20.4800891   47.8716305
  20.4840169   47.8704417
  20.4902301   47.8699804
  20.4907814   47.8695955
  20.4930356   47.8691833
  20.4947192   47.8687842
  20.4963922   47.8680011
  20.4997368   47.8660567
  20.5025104   47.8641194
  20.50306     47.8633503
  20.5041078   47.860288
  20.5057277   47.8576028
  20.5062468   47.8560717
  20.5062152   47.8549318
  20.5067331   47.8530227
  20.5078123   47.8511065
  20.5082997   47.8484355
  20.5088596   47.8480442
  20.5121296   47.8438136
  20.5126366   47.8415265
  20.5125941   47.8400025
  20.5131129   47.8384714
  20.5116951   47.8282078
  20.5093687   47.8259564
  20.5058778   47.8221889
  20.5035729   47.8206933
  20.5041011   47.8191683
  20.5035308   47.8191755
  20.5018489   47.8195746
  20.5017753   47.8169106
  20.5028224   47.8138546
  20.5022311   47.8130997
  20.5016595   47.8127226
  20.5016385   47.8119606
  20.501628    47.8115827
  20.5021364   47.8096737
  20.5026223   47.8066184
  20.5031621   47.8058494
  20.505922    47.803534
  20.5064814   47.8031427
  20.5070423   47.8031357
  20.5064498   47.8020028
  20.5080888   47.8000795
  20.5080782   47.7996954
  20.5075068   47.7993245
  20.5074962   47.7989404
  20.5080466   47.7985555
  20.5103083   47.7985269
  20.5108585   47.7981357
  20.5125489   47.7977364
  20.5130992   47.7973513
  20.5125277   47.7969743
  20.5125171   47.7965964
  20.513078    47.7965893
  20.5141981   47.7961909
  20.5147484   47.7958059
  20.5153184   47.7957987
  20.5158474   47.7946516
  20.5160451   47.7945236
  20.5186165   47.7927077
  20.519344    47.7919434
  20.5197153   47.7915534
  20.5199415   47.7916167
  20.5202747   47.7911682
  20.5207821   47.7892529
  20.5213307   47.7884837
  20.5218808   47.7880986
  20.5213095   47.7877278
  20.5201468   47.7865961
  20.5240247   47.7838818
  20.524532    47.7819727
  20.5261896   47.7804269
  20.5283772   47.7781183
  20.5289256   47.777349
  20.5310699   47.77351
  20.5333091   47.772719
  20.5344394   47.7727045
  20.5367216   47.7734375
  20.5412337   47.7733794
  20.541223    47.7730015
  20.5417928   47.7729942
  20.5423424   47.7726028
  20.5422668   47.7699388
  20.5428258   47.7695536
  20.5455818   47.767231
  20.5444516   47.7672457
  20.5461099   47.7660839
  20.5466796   47.7660765
  20.5495112   47.7664179
  20.5500717   47.7664106
  20.5550548   47.7629186
  20.5556245   47.7629112
  20.5556355   47.7632953
  20.5561959   47.763288
  20.5561741   47.7625259
  20.5567327   47.7621344
  20.5561631   47.7621418
  20.5571775   47.7615342
  20.5567219   47.7617565
  20.569473    47.7535947
  20.5705809   47.7528178
  20.5728094   47.7520261
  20.573379    47.7520186
  20.5739283   47.7516333
  20.5761881   47.7516035
  20.5855982   47.7450023
  20.5889225   47.7430554
  20.5961824   47.7402935
  20.5944703   47.7395541
  20.5933072   47.7384292
  20.5909922   47.7365512
  20.5898182   47.7350484
  20.5881063   47.7343088
  20.5835107   47.7317048
  20.5817768   47.7302032
  20.5812075   47.7302107
  20.577729    47.7268294
  20.578267    47.7260599
  20.5782339   47.72492
  20.5776405   47.7237812
  20.574778    47.7223006
  20.5712913   47.7189192
  20.5707202   47.7185424
  20.569591    47.7185573
  20.569011    47.7181868
  20.5689999   47.7178027
  20.5695581   47.7174173
  20.5700961   47.7166479
  20.5706543   47.7162625
  20.5717631   47.7158636
  20.5723323   47.7158561
  20.5734504   47.7154633
  20.5734284   47.7147013
  20.5761913   47.7127621
  20.5767512   47.7127547
  20.577847    47.7115937
  20.5789871   47.7119628
  20.5795341   47.7111933
  20.580094    47.7111859
  20.5806649   47.7115564
  20.5812339   47.7115488
  20.581805    47.7119255
  20.581816    47.7123034
  20.5835141   47.7122809
  20.5835253   47.712665
  20.5840963   47.7130355
  20.5891277   47.7114439
  20.5896543   47.7102965
  20.5890388   47.708402
  20.590694    47.7072333
  20.5929408   47.7068253
  20.5946184   47.7064248
  20.5957136   47.7052636
  20.5962379   47.7043223
  20.5984193   47.7014218
  20.6028445   47.6983131
  20.6084226   47.6963352
  20.6168603   47.6954588
  20.6336341   47.6906622
  20.638045    47.6871741
  20.6413981   47.6863656
  20.6492649   47.6854946
  20.6532768   47.6873418
  20.6639834   47.6871927
  20.6729785   47.6863105
  20.6771703   47.694247
  20.6804617   47.6911512
  20.6843243   47.6884314
  20.6876532   47.6868596
  20.6933191   47.6875415
  20.6989999   47.6889852
  20.7041332   47.6908146
  20.704681    47.6904287
  20.7063663   47.6900203
  20.7086354   47.690372
  20.7091829   47.6899799
  20.7097426   47.6899718
  20.7108471   47.6891936
  20.7108352   47.6888157
  20.7125205   47.6884134
  20.715313    47.6876108
  20.7186528   47.6864159
  20.724174    47.6825304
  20.7252296   47.680228
  20.7252176   47.6798501
  20.7257772   47.679842
  20.7268932   47.6794415
  20.7274407   47.6790555
  20.7280094   47.6790472
  20.7307648   47.6771043
  20.7412736   47.6708581
  20.7418054   47.6697037
  20.7423648   47.6696955
  20.7429213   47.6693092
  20.7440003   47.6677687
  20.7456756   47.667366
  20.7468158   47.6677273
  20.7473752   47.6677191
  20.7507592   47.6676693
  20.7513186   47.6676611
  20.7524344   47.6672665
  20.7535378   47.6664879
  20.7557444   47.6649306
  20.7562916   47.6645444
  20.7562669   47.6637824
  20.7573579   47.6626258
  20.7595148   47.6595443
  20.7606179   47.6587656
  20.762268    47.6576007
  20.7639178   47.6564295
  20.7667172   47.6556318
  20.77175     47.6544101
  20.7717749   47.6551722
  20.7717875   47.6555563
  20.7669031   47.6613376
  20.7647217   47.6636571
  20.7641903   47.6648055
  20.7642398   47.6663295
  20.7648455   47.667461
  20.7660108   47.6685903
  20.7683412   47.6708366
  20.7729563   47.6741955
  20.7746689   47.6749323
  20.7792566   47.6771509
  20.7843915   47.6789767
  20.7929401   47.6818914
  20.7963503   47.6826022
  20.7997352   47.682551
  20.8014105   47.6821475
  20.8052916   47.6801858
  20.8080188   47.677479
  20.8096647   47.6759292
  20.8118609   47.674371
  20.8162842   47.6716381
  20.8190615   47.6704551
  20.82242     47.6696413
  20.8235351   47.6692398
  20.8267007   47.6690254
  20.8305676   47.6689878
  20.8299896   47.6673544
  20.8293647   47.6663867
  20.828699    47.6655028
  20.8285207   47.6651248
  20.8277791   47.6626812
  20.8276185   47.6619272
  20.827599    47.6614575
  20.8276009   47.6605352
  20.8276312   47.6600869
  20.8276748   47.6598697
  20.827745    47.6597432
  20.8279707   47.6590164
  20.8289456   47.6582652
  20.830497    47.657159
  20.8311418   47.6568268
  20.8326667   47.6565381
  20.833376    47.6566991
  20.8339147   47.6568779
  20.8343585   47.6570976
  20.8348137   47.6573889
  20.8351399   47.6579382
  20.8355344   47.6594942
  20.8359327   47.6608508
  20.836164    47.6612953
  20.8365813   47.6622968
  20.8374006   47.66245
  20.8378255   47.6616044
  20.8388114   47.6604196
  20.8400184   47.6593755
  20.8429581   47.6574894
  20.8453721   47.6567739
  20.8480489   47.656727
  20.8506614   47.6570341
  20.8528425   47.6583516
  20.8535977   47.6578462
  20.8538442   47.657776
  20.8543373   47.6578731
  20.854563    47.6577568
  20.8546674   47.6576342
  20.8546256   47.657523
  20.8541686   47.6568153
  20.8540908   47.6565483
  20.8545365   47.6562034
  20.8544549   47.6558418
  20.8543734   47.6556694
  20.854307    47.6553755
  20.854307    47.6549603
  20.8544113   47.6545247
  20.8543506   47.6542449
  20.8542918   47.6541121
  20.8542823   47.6536368
  20.8540851   47.6532586
  20.8539429   47.6531833
  20.8537304   47.6529277
  20.8535389   47.6528345
  20.8534365   47.6527208
  20.8534497   47.6526403
  20.8534232   47.6524141
  20.8535635   47.652294
  20.8538556   47.6521407
  20.8540642   47.6520986
  20.8544455   47.6519478
  20.8546427   47.6517498
  20.8546579   47.6509615
  20.8545991   47.6508605
  20.8543829   47.6507622
  20.8543715   47.6506945
  20.8544379   47.6501387
  20.8546446   47.6499419
  20.8553274   47.6496889
  20.8557902   47.6493951
  20.8558717   47.6492954
  20.8558603   47.6491817
  20.8562548   47.6487779
  20.8566019   47.6486732
  20.8568333   47.6486361
  20.8570305   47.6485352
  20.8572278   47.6481276
  20.8572543   47.6479078
  20.8573567   47.6476791
  20.8577493   47.6476331
  20.8581116   47.6475258
  20.8582652   47.6470952
  20.8583942   47.6468895
  20.8587356   47.646694
  20.8588664   47.6463809
  20.859223    47.6459529
  20.859451    47.6457928
  20.8602017   47.6454277
  20.8606682   47.6452463
  20.8616014   47.6447607
  20.8623448   47.6442803
  20.8642149   47.6438024
  20.8677919   47.6430561
  20.8700223   47.6427392
  20.8712854   47.6426728
  20.8730607   47.642752
  20.8753935   47.6429871
  20.876539    47.643281
  20.8774342   47.6436848
  20.878356    47.6445256
  20.87964     47.645981
  20.8801388   47.6486834
  20.8795139   47.6496832
  20.8781094   47.6512528
  20.876357    47.6521024
  20.8733015   47.6531948
  20.868285    47.6545285
  20.8636061   47.6560054
  20.8615431   47.6571335
  20.8598493   47.6584424
  20.8600415   47.658953
  20.8571984   47.6609529
  20.856469    47.6611768
  20.8562502   47.6611584
  20.8550549   47.661554
  20.8553381   47.6631234
  20.8547115   47.6652139
  20.8531827   47.6670781
  20.8522663   47.668604
  20.8517235   47.6707917
  20.8519757   47.6753178
  20.853061    47.675638
  20.854771    47.6759956
  20.8564586   47.6759693
  20.8575868   47.6759516
  20.8749801   47.6733909
  20.8766545   47.6729863
  20.877214    47.6729775
  20.8783551   47.6733375
  20.8788973   47.6725665
  20.8817394   47.6732839
  20.8845153   47.6720993
  20.8861763   47.6713105
  20.889547    47.6708726
  20.8901064   47.6708637
  20.8929311   47.6708187
  20.8940499   47.6708008
  20.8935172   47.6715717
  20.8952181   47.6719289
  20.8980828   47.6730236
  20.8992284   47.6737676
  20.9003833   47.6745116
  20.9009787   47.6752644
  20.9021469   47.6763862
  20.9016318   47.6779193
  20.901099    47.6786902
  20.9005704   47.6798392
  20.8988959   47.6802441
  20.8977677   47.6802622
  20.8955112   47.6802983
  20.8960667   47.6799113
  20.8937836   47.6791853
  20.8932241   47.6791943
  20.8915139   47.6788434
  20.8898128   47.6784862
  20.8892441   47.6784953
  20.8875299   47.6777602
  20.8854725   47.6835078
  20.885499    47.6842698
  20.8850322   47.6869425
  20.8839436   47.6881003
  20.8834238   47.6892552
  20.8834767   47.690773
  20.8835431   47.692681
  20.8835694   47.6934368
  20.8847775   47.6957048
  20.8853769   47.6968358
  20.8865321   47.6975799
  20.8871052   47.6979551
  20.888247    47.698315
  20.8893756   47.698297
  20.8916196   47.6978832
  20.8921128   47.6959724
  20.8920862   47.6952105
  20.8931347   47.6929065
  20.8947428   47.6905937
  20.8980347   47.6878758
  20.9025215   47.6870415
  20.903041    47.6858927
  20.9053378   47.6869963
  20.9105319   47.6903405
  20.9145577   47.6925628
  20.9179881   47.6940323
  20.9202585   47.6943736
  20.9225426   47.695099
  20.9248134   47.6954465
  20.9265285   47.6961749
  20.9270748   47.6957879
  20.9293319   47.6957512
  20.9298872   47.6953641
  20.9310158   47.6953457
  20.9326903   47.6949342
  20.9349201   47.6941354
  20.935507    47.6948882
  20.9350019   47.6964213
  20.9339413   47.6983415
  20.9339821   47.6994814
  20.9328944   47.7006458
  20.9329624   47.7025476
  20.9341729   47.7048151
  20.9359295   47.7066894
  20.9365029   47.7070581
  20.9399439   47.7085267
  20.9416735   47.709639
  20.9434262   47.7111351
  20.9456565   47.7103361
  20.947455    47.7133562
  20.9491985   47.7148462
  20.9503963   47.7167357
  20.9520577   47.7159459
  20.9532142   47.7166893
  20.9589142   47.718114
  20.9623197   47.7188201
  20.9645917   47.7191668
  20.9674235   47.719498
  20.9696816   47.7194605
  20.9752897   47.7186048
  20.9755729   47.7185761
  20.9779384   47.7183361
  20.9842847   47.7176923
  20.9871118   47.7176449
  20.9927898   47.7186964
  20.9945069   47.7194299
  20.9948112   47.7196237
  20.9952055   47.7198748
  20.9956639   47.7201667
  20.9968071   47.7205318
  20.9979644   47.7212747
  20.9985665   47.7224051
  20.9997378   47.7235259
  21.0003352   47.7242782
  21.0003776   47.7254242
  21.0010364   47.7280785
  21.0005328   47.7296118
  21.0005608   47.7303675
  20.999474    47.7315326
  20.9978037   47.7323231
  20.9955964   47.7335008
  20.996782    47.7350057
  20.9962267   47.7353932
  20.996241    47.7357772
  20.9968242   47.7361455
  20.9973843   47.7361361
  20.9957651   47.7380663
  21.0021137   47.7417714
  21.0021417   47.7425271
  21.0015724   47.7425367
  20.9993415   47.7433367
  20.9988096   47.7441081
  20.9977082   47.7448891
  20.9971902   47.7460383
  20.996635    47.746432
  20.9966772   47.7475718
  20.9961594   47.7487272
  20.9962015   47.749867
  20.9967899   47.7506195
  20.9985503   47.7524928
  20.9997083   47.7532357
  21.0043262   47.7558231
  21.0077724   47.7572897
  21.0094766   47.7576389
  21.0134549   47.7583339
  21.021915    47.75819
  21.0252618   47.7569924
  21.0269233   47.7562016
  21.030198    47.753096
  21.0301838   47.7527181
  21.0312132   47.7500351
  21.0322712   47.748114
  21.0333722   47.7473328
  21.0333577   47.7469487
  21.0350332   47.7465418
  21.0361628   47.7465225
  21.0385946   47.751049
  21.0434801   47.7588733
  21.0440053   47.7597144
  21.0434503   47.7601083
  21.04176     47.7601374
  21.0417744   47.7605153
  21.0412193   47.7609091
  21.0418464   47.762417
  21.0424213   47.7627914
  21.0436233   47.7646736
  21.0442218   47.7654257
  21.0464726   47.7653869
  21.0470132   47.7646152
  21.0530018   47.7736545
  21.0530162   47.7740323
  21.0524701   47.7744199
  21.0507848   47.7748334
  21.0485626   47.7756342
  21.0480218   47.7764059
  21.0480362   47.7767838
  21.0492097   47.777904
  21.0492243   47.7782881
  21.0498084   47.7786561
  21.0537598   47.7785878
  21.0554216   47.7777966
  21.0602535   47.7860932
  21.0597656   47.7880046
  21.0597947   47.7887665
  21.0603845   47.7895186
  21.0609688   47.7898866
  21.064921    47.7898179
  21.0660808   47.7905601
  21.0660955   47.7909442
  21.0655985   47.7928558
  21.065067    47.7936274
  21.0656569   47.7943796
  21.0674304   47.7962516
  21.0674597   47.7970135
  21.0669335   47.7981632
  21.0653004   47.7997165
  21.0653149   47.8000943
  21.0670649   47.8015887
  21.0671526   47.8038744
  21.0677518   47.8046264
  21.0683272   47.8049945
  21.0700336   47.805349
  21.0712228   47.8068469
  21.0712376   47.8072309
  21.0706912   47.8076186
  21.0695751   47.8080224
  21.0695896   47.8084002
  21.0701798   47.8091523
  21.0808048   47.8207746
  21.081375    47.8207646
  21.0792007   47.8230837
  21.0786985   47.8246174
  21.0781871   47.8261511
  21.0776406   47.8265388
  21.0765975   47.8288443
  21.0761005   47.8307559
  21.0755688   47.8315276
  21.0755982   47.8322895
  21.0762326   47.8341813
  21.0751249   47.8345788
  21.0739789   47.8342207
  21.0722917   47.8346283
  21.0717453   47.8350221
  21.0712043   47.8357939
  21.0700965   47.8361913
  21.0683947   47.836221
  21.0613015   47.8428216
  21.0596721   47.8447528
  21.058584    47.8459122
  21.0603009   47.8462667
  21.0614618   47.8470089
  21.0614763   47.8473868
  21.0609495   47.8485364
  21.0592711   47.8489498
  21.0576363   47.850503
  21.0520206   47.8517406
  21.0526492   47.8532545
  21.0560648   47.8539578
  21.0572985   47.8566018
  21.0578979   47.8573476
  21.0602257   47.8592163
  21.0613722   47.8595745
  21.0619428   47.8595646
  21.0658857   47.859118
  21.0698138   47.8582873
  21.0715072   47.8582578
  21.0720979   47.8590099
  21.0715511   47.8593975
  21.0710483   47.8609311
  21.0704777   47.860941
  21.0699308   47.8613286
  21.0710922   47.8620708
  21.0745379   47.8635355
  21.0762553   47.8638836
  21.077393    47.864248
  21.0824829   47.8641589
  21.0844952   47.8721194
  21.0847754   47.879348
  21.0860999   47.8842772
  21.0867206   47.8857911
  21.0855881   47.885811
  21.0850855   47.8873446
  21.0834703   47.8896539
  21.0834998   47.8904157
  21.0846769   47.8915418
  21.0875779   47.8933937
  21.0887253   47.8937517
  21.0887402   47.8941357
  21.0893112   47.8941257
  21.0899026   47.8948777
  21.0910647   47.8956134
  21.0916507   47.8959874
  21.0922421   47.8967394
  21.0940405   47.899373
  21.0970016   47.9027484
  21.0981346   47.9027284
  21.0992973   47.9034703
  21.1010311   47.9042021
  21.1038589   47.904152
  21.1055685   47.9044999
  21.1078643   47.9052216
  21.114653    47.905101
  21.1163927   47.9062105
  21.1215318   47.9072656
  21.1209997   47.9080313
  21.1210298   47.9087931
  21.1240084   47.9125519
  21.1240386   47.9133137
  21.1246332   47.9149274
  21.1246342   47.915502
  21.1245118   47.9162176
  21.1245695   47.9162851
  21.124189    47.9171168
  21.1236571   47.9178887
  21.1225539   47.9186708
  21.1202874   47.9187113
  21.1163104   47.9183978
  21.1151623   47.9180402
  21.113467    47.9180703
  21.1100522   47.9177467
  21.1095052   47.9181407
  21.1078007   47.9181709
  21.105618    47.9201125
  21.1045145   47.9208944
  21.1039731   47.9216664
  21.1034707   47.9232
  21.1034855   47.9235779
  21.1029142   47.923588
  21.1027653   47.9197849
  21.1022033   47.9197948
  21.1010402   47.919053
  21.0970041   47.9172214
  21.0942497   47.9191728
  21.0936635   47.9187988
  21.0908202   47.9184707
  21.0914804   47.9207463
  21.0915395   47.9222638
  21.0921165   47.9226379
  21.093324    47.9245196
  21.0933387   47.9248974
  21.0945168   47.9260233
  21.0956799   47.9267652
  21.097405    47.927491
  21.1036793   47.9285268
  21.1054048   47.9292587
  21.1077017   47.9299804
  21.1117691   47.9325734
  21.1129923   47.9348327
  21.1135696   47.9352067
  21.1150031   47.9427989
  21.1181931   47.9518783
  21.1207016   47.9579264
  21.1220012   47.9620932
  21.1144643   47.9679963
  21.1132065   47.9691049
  21.1120871   47.9695029
  21.1114862   47.9697023
  21.1105884   47.970533
  21.1100489   47.9708325
  21.1097707   47.9712199
  21.1094953   47.9716092
  21.1091157   47.971844
  21.1087235   47.9717255
  21.1081427   47.9712904
  21.107455    47.970834
  21.1067849   47.9705769
  21.1065388   47.9705516
  21.1062963   47.9706966
  21.1060087   47.970959
  21.1055651   47.9712324
  21.1052351   47.9713427
  21.1049851   47.9713075
  21.1046617   47.9711256
  21.1042006   47.9707892
  21.1035663   47.9706856
  21.1030662   47.9708093
  21.1023942   47.9711793
  21.1021332   47.971128
  21.1019386   47.9711047
  21.1061067   47.9760859
  21.1055739   47.9768577
  21.1051631   47.9785176
  21.1047915   47.9805823
  21.1046575   47.9812116
  21.1046184   47.9814426
  21.0991629   47.9868693
  21.0964107   47.9892049
  21.0931047   47.9915501
  21.0869902   47.996188
  21.0861614   47.9967839
  21.0859934   47.9968876
  21.0859878   47.9983782
  21.0860138   47.9989076
  21.0832989   48.0019984
  21.0820208   48.001987
  21.0787586   48.0020777
  21.078803    48.0032235
  21.0793898   48.0035914
  21.0794635   48.0054929
  21.0798709   48.0059333
  21.080056    48.0062449
  21.0822357   48.0093041
  21.0824593   48.0096304
  21.0829838   48.0098266
  21.0846698   48.0100875
  21.0863935   48.0100995
  21.0869657   48.0100821
  21.0887432   48.010667
  21.0893062   48.0106571
  21.0915342   48.010283
  21.0918616   48.0104404
  21.0919374   48.0106803
  21.0918411   48.0121248
  21.091393    48.0151873
  21.0910455   48.0163368
  21.0910813   48.0172985
  21.0913103   48.0182331
  21.0920119   48.0189122
  21.0936676   48.0196601
  21.0940262   48.0201517
  21.0943647   48.0208742
  21.0954285   48.0219725
  21.1000568   48.0228149
  21.1011414   48.0230123
  21.1028401   48.0229823
  21.1045779   48.023714
  21.1057134   48.0236939
  21.1085177   48.0228819
  21.1096683   48.0232459
  21.1102315   48.0232359
  21.1108187   48.0236036
  21.1109536   48.0270287
  21.1115617   48.0281583
  21.1121549   48.0289101
  21.113968    48.0315431
  21.1174711   48.034146
  21.1203906   48.0360031
  21.1215623   48.0371227
  21.1244968   48.0393512
  21.1256537   48.040093
  21.1273621   48.0400625
  21.128483    48.0396644
  21.1299626   48.0411403
  21.1304405   48.0415765
  21.1306949   48.0416687
  21.1310111   48.0417841
  21.1311161   48.0418209
  21.1282679   48.045029
  21.1279964   48.0456046
  21.1279009   48.0457769
  21.1280682   48.0458252
  21.1290647   48.0462022
  21.1298611   48.0465689
  21.1304679   48.0469634
  21.1306959   48.0471295
  21.1310583   48.0476161
  21.1314101   48.0482626
  21.1316404   48.048243
  21.1320727   48.0473708
  21.1327746   48.0461017
  21.1328598   48.0457486
  21.1328533   48.0456078
  21.1330853   48.0454315
  21.1338026   48.0452023
  21.1343653   48.0448894
  21.1347573   48.0446558
  21.1353796   48.0443102
  21.1366069   48.0440869
  21.1371703   48.0440768
  21.1374869   48.0442157
  21.1377828   48.0443817
  21.1379382   48.0446171
  21.1380314   48.0448191
  21.1380097   48.0451573
  21.1381246   48.0452479
  21.1383298   48.0452355
  21.1386766   48.0450684
  21.1390503   48.0451373
  21.1394249   48.0452308
  21.1400975   48.0453003
  21.1405785   48.0453596
  21.1409068   48.0454773
  21.1412209   48.0455665
  21.1414607   48.0453433
  21.1419045   48.044908
  21.1423818   48.0444094
  21.1427364   48.0440244
  21.1430152   48.0437941
  21.1433662   48.0435547
  21.143847    48.0433109
  21.1443664   48.043081
  21.1449764   48.0428525
  21.1455415   48.0426349
  21.1472248   48.0417308
  21.1475939   48.0413601
  21.1477826   48.0411664
  21.1480047   48.0409777
  21.1487339   48.0404913
  21.1490528   48.0402479
  21.1493951   48.0400138
  21.149656    48.0398978
  21.1499643   48.039809
  21.1503576   48.0397628
  21.1505197   48.0397468
  21.150773    48.0397164
  21.1512584   48.0396633
  21.1515321   48.0396509
  21.1517557   48.0396785
  21.1520264   48.0397788
  21.152121    48.0398812
  21.1522638   48.0400935
  21.1524131   48.040351
  21.152627    48.0405943
  21.1529032   48.0407366
  21.1534512   48.0409347
  21.1537431   48.0409657
  21.1539663   48.0409905
  21.1542277   48.0410626
  21.1542905   48.041202
  21.1542958   48.0413814
  21.1543175   48.0415248
  21.1544499   48.0417314
  21.1547236   48.0419553
  21.154915    48.0422484
  21.1550797   48.0426251
  21.1552954   48.042923
  21.1557238   48.0432206
  21.1561486   48.0434883
  21.1571043   48.0439783
  21.1575999   48.0441497
  21.1582343   48.0442858
  21.1592129   48.0443576
  21.1602177   48.0444007
  21.1610279   48.0443878
  21.1618575   48.0442902
  21.162827    48.0441018
  21.1633746   48.0439658
  21.1637631   48.0438693
  21.1662577   48.0430777
  21.1687829   48.0422372
  21.1695839   48.041933
  21.1709259   48.0411209
  21.1713382   48.0407726
  21.1716549   48.0404385
  21.1718428   48.040171
  21.1719229   48.0400173
  21.1720254   48.0397869
  21.172028    48.0395274
  21.1719384   48.0390628
  21.1718064   48.0385894
  21.1717048   48.0383432
  21.1709744   48.0373727
  21.1701511   48.0367633
  21.1693215   48.0361085
  21.1688019   48.0355822
  21.1682898   48.0350724
  21.1679977   48.0347253
  21.167682    48.033896
  21.1676031   48.0332125
  21.1676406   48.0325236
  21.1685801   48.0308155
  21.1686442   48.0306989
  21.1694842   48.028642
  21.169438    48.0275024
  21.1699703   48.0267303
  21.1757101   48.0281503
  21.1791384   48.0288438
  21.188261    48.0298231
  21.1933667   48.0297291
  21.1956222   48.0293033
  21.2000932   48.0277021
  21.2023172   48.0265143
  21.2051046   48.0253223
  21.205089    48.0249445
  21.2073287   48.0241406
  21.2129747   48.0232733
  21.2186429   48.0231678
  21.2243901   48.0249633
  21.2278757   48.026801
  21.229043    48.0275415
  21.2296379   48.0282927
  21.2302578   48.0294216
  21.2302738   48.0298056
  21.2285815   48.0302154
  21.2269143   48.031009
  21.2230547   48.0337464
  21.2225231   48.0345187
  21.2219979   48.035669
  21.2220612   48.0371925
  21.222681    48.0383214
  21.2238709   48.039824
  21.2256426   48.0413156
  21.2267942   48.0416722
  21.2285411   48.0427861
  21.2320281   48.0446236
  21.2343383   48.0457208
  21.2355061   48.0464612
  21.2361263   48.04759
  21.2379055   48.0494656
  21.2379371   48.0502212
  21.240273    48.051702
  21.2420044   48.0524318
  21.2431405   48.0524104
  21.2477236   48.0534644
  21.2511961   48.0549236
  21.2529439   48.0560372
  21.254096    48.0563934
  21.2559013   48.0586464
  21.2570605   48.0593868
  21.2582127   48.059743
  21.2588014   48.0601099
  21.2593489   48.0597214
  21.2599217   48.0597106
  21.2604692   48.0593221
  21.260437    48.0585603
  21.2598413   48.0578092
  21.2598092   48.0570475
  21.2591561   48.055157
  21.2585443   48.054022
  21.2583516   48.0494575
  21.2588507   48.0479233
  21.259343    48.0460111
  21.2614609   48.0425432
  21.261445    48.0421654
  21.2625486   48.041382
  21.2641926   48.039826
  21.2658434   48.0386541
  21.2664067   48.0386433
  21.2691862   48.0370656
  21.2725519   48.0362389
  21.2748395   48.0365733
  21.2782306   48.0361303
  21.2799296   48.0360978
  21.2810492   48.0356982
  21.2827318   48.0352816
  21.2832882   48.0348928
  21.2843983   48.0344872
  21.2855014   48.0337036
  21.2866697   48.0344436
  21.2884104   48.0351725
  21.2907052   48.0358907
  21.2930746   48.0381323
  21.2936541   48.0384992
  21.2947899   48.0384773
  21.2953462   48.0380884
  21.2958768   48.0373158
  21.2952319   48.0354254
  21.2928299   48.0324221
  21.2933116   48.0305099
  21.2932463   48.0289864
  21.2943819   48.0289645
  21.2966368   48.0285428
  21.2972254   48.0289096
  21.2995201   48.0296276
  21.3029431   48.0299395
  21.3040952   48.0303015
  21.3063827   48.0306352
  21.3069625   48.0310083
  21.3075257   48.0309973
  21.3115542   48.0320596
  21.313253    48.0320266
  21.3155243   48.0319824
  21.3166507   48.0319604
  21.3177699   48.0315605
  21.3194613   48.0311432
  21.3211271   48.0303483
  21.3227764   48.0291756
  21.3233324   48.0287866
  21.3244181   48.0276187
  21.3259846   48.0245446
  21.3265146   48.0237718
  21.3270538   48.0229988
  21.326465    48.0226322
  21.3298381   48.0218038
  21.3332443   48.021737
  21.3366578   48.022048
  21.339525    48.022754
  21.3429812   48.0238265
  21.34473     48.0249387
  21.3470675   48.0264112
  21.3476567   48.0267839
  21.3488331   48.0279011
  21.3488665   48.0286629
  21.349606    48.0324542
  21.3496229   48.0328381
  21.3502027   48.0332048
  21.350792    48.0335774
  21.3525075   48.0339216
  21.3541897   48.0335102
  21.3564441   48.0330812
  21.3600728   48.0323869
  21.362119    48.0321874
  21.3636498   48.0322985
  21.3654877   48.0323164
  21.3683079   48.0326321
  21.3688782   48.0326933
  21.3688763   48.0316935
  21.3716093   48.0293518
  21.3721557   48.0289628
  21.373796    48.0274052
  21.3748977   48.0266207
  21.3754441   48.0262317
  21.3771088   48.025436
  21.3782272   48.0250293
  21.3793626   48.0250065
  21.379935    48.0249951
  21.3799521   48.0253791
  21.380532    48.0257455
  21.3811215   48.0261181
  21.3811554   48.0268798
  21.3805998   48.027269
  21.3800706   48.0280421
  21.3795321   48.0288153
  21.3784305   48.0295998
  21.3767824   48.0307733
  21.3767995   48.0311572
  21.3762699   48.0319241
  21.376287    48.032308
  21.3752358   48.034232
  21.3769515   48.0345758
  21.3780871   48.0345531
  21.3786504   48.0345418
  21.3809388   48.0348803
  21.3832101   48.0348348
  21.384909    48.0348007
  21.3865907   48.0343826
  21.388282    48.0339705
  21.394421    48.0315597
  21.3961028   48.0311477
  21.3989202   48.0307127
  21.4006189   48.0306784
  21.4017545   48.0306554
  21.4028901   48.0306325
  21.4057584   48.0313307
  21.4080639   48.0320464
  21.4121026   48.0334893
  21.4126921   48.0338555
  21.4156127   48.0357053
  21.4156642   48.0368448
  21.4145974   48.0383914
  21.4140512   48.0387806
  21.4123603   48.0391992
  21.4118314   48.0399724
  21.4101745   48.0411466
  21.4091167   48.0426929
  21.4080152   48.0434776
  21.4080665   48.0446171
  21.4075283   48.0453905
  21.4076826   48.0488152
  21.4089213   48.0510711
  21.4112621   48.0525485
  21.4124155   48.0529094
  21.4140976   48.052491
  21.4146531   48.0521016
  21.4163181   48.0513053
  21.4173852   48.0497587
  21.4184695   48.0485961
  21.4194928   48.046288
  21.4200308   48.0455146
  21.4205942   48.0455031
  21.4211496   48.0451137
  21.4211322   48.0447298
  21.4216784   48.0443405
  21.4233351   48.0431662
  21.4244271   48.0423815
  21.4289704   48.0422887
  21.4324297   48.0433585
  21.4359841   48.0467135
  21.4366609   48.0489869
  21.4372587   48.0497309
  21.4367476   48.0508881
  21.4368171   48.0524116
  21.4362964   48.0535628
  21.4364699   48.0573652
  21.4359759   48.0589002
  21.4362711   48.0653717
  21.4375462   48.0683891
  21.4392289   48.0679764
  21.4397749   48.0675809
  21.4403129   48.0668074
  21.4437568   48.0674991
  21.4449014   48.0678599
  21.4507228   48.0707835
  21.4530132   48.0711206
  21.455867    48.0714397
  21.4603861   48.0709682
  21.4609589   48.0709563
  21.4615399   48.0713224
  21.4621127   48.0713105
  21.4610114   48.0720958
  21.461064    48.0732352
  21.4604911   48.0732471
  21.458791    48.0732823
  21.4571086   48.0737014
  21.4560072   48.0744866
  21.4549755   48.076789
  21.4538916   48.0779581
  21.4533627   48.0787253
  21.4522438   48.0791327
  21.4505692   48.0799296
  21.4488862   48.0803424
  21.4454764   48.0804126
  21.4431602   48.0793197
  21.4414158   48.0785931
  21.4379981   48.0782851
  21.436323    48.0790757
  21.4357941   48.079849
  21.4347442   48.0817734
  21.4342152   48.0825467
  21.4331308   48.0837156
  21.4315249   48.0860295
  21.4309786   48.086425
  21.4310133   48.0871867
  21.431629    48.0883146
  21.4322192   48.0886807
  21.432783    48.0886692
  21.4339198   48.0886459
  21.437842    48.087425
  21.4428831   48.0857967
  21.4451566   48.08575
  21.4468571   48.085715
  21.4485845   48.0860637
  21.4497293   48.0864183
  21.4503549   48.0875521
  21.450971    48.0886799
  21.4510233   48.0898194
  21.4504945   48.0905927
  21.4499564   48.0913662
  21.4472237   48.0937098
  21.4428456   48.0964027
  21.4400387   48.0980414
  21.4361416   48.1000305
  21.4339115   48.1008385
  21.4261166   48.1044193
  21.4244754   48.1059776
  21.4233728   48.1067625
  21.4222874   48.1079251
  21.4206381   48.1091054
  21.4168864   48.1141342
  21.4158351   48.1160585
  21.4153226   48.1172094
  21.4143057   48.1198953
  21.4138019   48.1216086
  21.4144322   48.1228584
  21.4150248   48.1233085
  21.4165914   48.1241117
  21.4187908   48.1249693
  21.4205503   48.1256604
  21.4236242   48.1274901
  21.4260703   48.1294809
  21.4273041   48.1304835
  21.4289242   48.1325493
  21.4303498   48.1343804
  21.4248184   48.137216
  21.4251235   48.139627
  21.4260516   48.1411967
  21.4271861   48.1421023
  21.4282992   48.1424084
  21.4289993   48.1426026
  21.4291468   48.1435109
  21.4279854   48.1457606
  21.4272264   48.1519265
  21.4254181   48.1547091
  21.4261099   48.1554038
  21.4262219   48.1564572
  21.4238173   48.158038
  21.4239527   48.1589004
  21.4251034   48.159507
  21.4263821   48.1591259
  21.428053    48.1592741
  21.4289162   48.1609506
  21.4305443   48.1617392
  21.4312926   48.1632713
  21.4320434   48.1638397
  21.4329395   48.1640057
  21.4352556   48.1637382
  21.4371968   48.1646887
  21.4385775   48.1682205
  21.4409462   48.171232
  21.4395851   48.1718961
  21.4410424   48.1741782
  21.4412072   48.1751959
  21.4425069   48.1768283
  21.4436806   48.1775667
  21.4460011   48.1786595
  21.4477312   48.1790021
  21.4523298   48.1800541
  21.4529038   48.1800423
  21.4534509   48.1796468
  21.4545896   48.1796233
  21.4551019   48.1784722
  21.4573794   48.1784253
  21.4573443   48.1776636
  21.4585004   48.1780178
  21.4601865   48.1776049
  21.460169    48.1772272
  21.4607253   48.1768314
  21.4617181   48.174613
  21.4617584   48.1745229
  21.462181    48.1737421
  21.4627999   48.1725984
  21.4616002   48.1710984
  21.4615475   48.169959
  21.4632333   48.1695461
  21.4660398   48.1687256
  21.4688287   48.1675273
  21.4705233   48.1671078
  21.4710704   48.1667184
  21.4733827   48.1674328
  21.4739649   48.1677988
  21.4742476   48.1738859
  21.4742184   48.1739768
  21.4737536   48.175421
  21.4738244   48.1769443
  21.4750336   48.1784378
  21.4767903   48.1795479
  21.4779467   48.179902
  21.4791209   48.1806399
  21.4819632   48.1805807
  21.4836844   48.1809229
  21.4853972   48.1808872
  21.4859799   48.1812593
  21.4871187   48.1812356
  21.4882575   48.1812118
  21.4961307   48.1791441
  21.5012147   48.178275
  21.5017078   48.1767398
  21.501672    48.1759781
  21.5010538   48.1748506
  21.5010358   48.1744667
  21.5015827   48.1740771
  21.501547    48.1733154
  21.5037884   48.1725059
  21.5054917   48.17247
  21.5060837   48.1728419
  21.5066483   48.17283
  21.5066661   48.1732077
  21.5072578   48.1735734
  21.5072937   48.174335
  21.5067915   48.1758704
  21.5062626   48.176644
  21.5051775   48.1778073
  21.5091584   48.1777235
  21.5177301   48.1783049
  21.5188869   48.1786647
  21.5200164   48.1786408
  21.5240152   48.1789342
  21.5251901   48.1796717
  21.522994    48.1812431
  21.516269    48.1836665
  21.5157224   48.1840623
  21.516341    48.1851898
  21.5174799   48.1851657
  21.5203406   48.1854895
  21.5226362   48.185819
  21.5249501   48.1865323
  21.5284392   48.1879831
  21.5319551   48.1901894
  21.5331123   48.1905491
  21.5336772   48.1905371
  21.5336952   48.1909148
  21.5343238   48.1920481
  21.5343418   48.1924258
  21.533239    48.1932117
  21.5327104   48.1939854
  21.5326052   48.1948857
  21.5334122   48.1959972
  21.5352781   48.1975173
  21.5367639   48.1975371
  21.5384669   48.1971817
  21.5391185   48.1967869
  21.5419407   48.196454
  21.5447838   48.1963933
  21.5465243   48.1971185
  21.5470985   48.1971062
  21.54821     48.1966981
  21.5481735   48.1959365
  21.5487112   48.1951625
  21.5498322   48.1947604
  21.5504152   48.195126
  21.5504882   48.1966493
  21.5493856   48.1974353
  21.549404    48.1978192
  21.5499962   48.1981847
  21.5534044   48.1981116
  21.5545801   48.1988488
  21.5546532   48.2003721
  21.5552456   48.2007375
  21.5563848   48.200713
  21.5580523   48.1999148
  21.5608956   48.1998537
  21.5643683   48.2009256
  21.5649148   48.2005295
  21.5671749   48.2001027
  21.5683141   48.2000781
  21.5700182   48.2000414
  21.5711942   48.2007784
  21.5714148   48.2053419
  21.5725909   48.2060789
  21.5731927   48.2068284
  21.5737853   48.2071937
  21.5754897   48.2071568
  21.5760823   48.2075221
  21.575508    48.2075345
  21.5749798   48.2083084
  21.5749984   48.2086923
  21.5744241   48.2087047
  21.5756003   48.2094417
  21.5778973   48.2097701
  21.5796018   48.2097331
  21.5812509   48.2085569
  21.5835296   48.2085074
  21.5841223   48.2088727
  21.5862993   48.2069224
  21.5901431   48.2037892
  21.5907081   48.2037769
  21.5906897   48.2033992
  21.5912363   48.2030092
  21.6023584   48.1974295
  21.6113874   48.195713
  21.6119801   48.1960781
  21.6147857   48.1952541
  21.6153506   48.1952417
  21.6187491   48.1947888
  21.619314    48.1947764
  21.6277954   48.1934426
  21.6426407   48.1942605
  21.6443539   48.1942758
  21.6698723   48.1921275
  21.6800945   48.1915195
  21.6829846   48.1922106
  21.6881923   48.1940022
  21.6887856   48.1943669
  21.689944    48.1947251
  21.6962038   48.1945833
  21.7035546   48.193654
  21.7075363   48.1935634
  21.7109336   48.1931016
  21.7104076   48.1938761
  21.7110306   48.1950025
  21.7128317   48.1968707
  21.7134448   48.1976192
  21.714029    48.197984
  21.7146224   48.1983486
  21.7157422   48.1979448
  21.7162681   48.1971704
  21.7167748   48.1960182
  21.7167359   48.1952566
  21.7178166   48.1940913
  21.7189166   48.1933037
  21.7200359   48.1928938
  21.7211749   48.1928677
  21.7211359   48.1921061
  21.7205517   48.1917414
  21.7199386   48.1909929
  21.7193349   48.1902442
  21.7187415   48.1898797
  21.7187218   48.1894958
  21.7187025   48.1891181
  21.7186636   48.1883565
  21.7192183   48.1879657
  21.7197635   48.1875689
  21.7203375   48.1875558
  21.7209023   48.1875428
  21.7214087   48.1863906
  21.7248835   48.1874517
  21.7272002   48.188161
  21.728982    48.1896451
  21.73016     48.1903805
  21.7314357   48.1930167
  21.7297122   48.192672
  21.7279798   48.1923336
  21.7268603   48.1927374
  21.7240763   48.1939481
  21.7235308   48.1943387
  21.7235501   48.1947164
  21.723054    48.1962527
  21.7225865   48.1981665
  21.7220904   48.1997028
  21.7221294   48.2004643
  21.7222074   48.2019875
  21.7228206   48.2027359
  21.7234246   48.2034846
  21.7240182   48.2038491
  21.7245831   48.2038362
  21.7251574   48.203823
  21.7268421   48.2034062
  21.7290616   48.2022085
  21.7296072   48.2018179
  21.7301422   48.2010431
  21.7323134   48.1990902
  21.7328287   48.1979315
  21.7333547   48.1971631
  21.7339483   48.1975276
  21.7374738   48.1997339
  21.7392458   48.2008337
  21.7409891   48.201556
  21.745615    48.2029743
  21.7542326   48.2042937
  21.754699    48.2023798
  21.7546794   48.2020021
  21.7534902   48.2008828
  21.7528964   48.2005185
  21.752857    48.1997569
  21.7522921   48.19977
  21.7522725   48.1993923
  21.7528374   48.1993792
  21.75266     48.1959553
  21.7525613   48.1940482
  21.7530369   48.1921341
  21.7535822   48.1917434
  21.754721    48.191717
  21.7547012   48.1913331
  21.75584     48.1913067
  21.7610987   48.1938502
  21.7622576   48.1942077
  21.7628421   48.1945722
  21.7668238   48.1944796
  21.7702209   48.1940223
  21.7713599   48.1939958
  21.7719444   48.1943603
  21.7725093   48.1943471
  21.7720042   48.1955057
  21.7681611   48.1982609
  21.7670418   48.1986651
  21.7671011   48.1998043
  21.7676952   48.2001749
  21.7711229   48.2004731
  21.772282    48.2008305
  21.7729064   48.2019565
  21.7719154   48.2046452
  21.7714604   48.2069433
  21.7764431   48.2041614
  21.7798006   48.2029361
  21.7814849   48.2025186
  21.7837829   48.2028429
  21.7843878   48.2035913
  21.7850418   48.2051009
  21.7852214   48.2085248
  21.7858065   48.2088954
  21.7864405   48.2100212
  21.7881448   48.2099812
  21.7910082   48.2102922
  21.7927125   48.2102522
  21.7955855   48.210569
  21.7967354   48.2109201
  21.7973097   48.2109066
  21.7997489   48.2138991
  21.7992545   48.2154295
  21.7981954   48.2169794
  21.7971763   48.2192909
  21.7972964   48.2215693
  21.797891    48.2219397
  21.8002301   48.2230252
  21.8013899   48.2233823
  21.805414    48.2240499
  21.8077039   48.224374
  21.8094582   48.225095
  21.8152276   48.2264835
  21.8141484   48.2276497
  21.8130895   48.2291997
  21.8120505   48.2311274
  21.8109803   48.2322934
  21.811182    48.236101
  21.8118276   48.2376045
  21.8130482   48.2391006
  21.8148142   48.2402057
  21.8165287   48.2401651
  21.8176189   48.2393768
  21.8181126   48.2378401
  21.8212195   48.2320509
  21.8217739   48.2316596
  21.8223392   48.2316462
  21.823499    48.2319968
  21.8240939   48.232367
  21.8246997   48.2331151
  21.8254159   48.2357637
  21.8255171   48.2376644
  21.8250032   48.2388172
  21.8250236   48.2392011
  21.8228245   48.2407721
  21.822865    48.2415336
  21.8234801   48.2422815
  21.825226    48.2430025
  21.8275666   48.2440875
  21.8292925   48.2444308
  21.8298671   48.2444172
  21.8309166   48.2428672
  21.8318739   48.2394163
  21.8329936   48.2390115
  21.8329529   48.23825
  21.835192    48.2374341
  21.8368766   48.2370096
  21.8379761   48.2362271
  21.8396089   48.2346631
  21.8390139   48.234293
  21.8389937   48.2339153
  21.8372072   48.232433
  21.8360268   48.2316986
  21.8343016   48.2313616
  21.8331011   48.2302496
  21.8336458   48.2298523
  21.8342203   48.2298386
  21.8342001   48.2294609
  21.8380215   48.2263198
  21.8407642   48.2243511
  21.8412885   48.2235761
  21.8418427   48.2231847
  21.8424079   48.2231712
  21.8435676   48.2235216
  21.8436492   48.2250446
  21.8425707   48.2262111
  21.8403932   48.2281663
  21.8398687   48.2289413
  21.8398893   48.2293251
  21.8404747   48.2296893
  21.8422094   48.2300322
  21.8455986   48.2295668
  21.8495828   48.2294713
  21.8507431   48.2298279
  21.8509676   48.2340069
  21.8504639   48.2351659
  21.8506478   48.2385896
  21.8501547   48.2401202
  21.8597367   48.237987
  21.8642665   48.2374998
  21.8688258   48.2373899
  21.8711259   48.2377125
  21.8722657   48.237685
  21.874557    48.2380139
  21.8786036   48.2390567
  21.8815197   48.2401267
  21.8832872   48.2412307
  21.8861734   48.241917
  21.8873757   48.2430347
  21.8885571   48.2437685
  21.8938065   48.2459221
  21.8949675   48.2462782
  21.8955535   48.2466421
  21.8978335   48.2465866
  21.8973005   48.2473621
  21.9001552   48.2472924
  21.9006583   48.2461395
  21.9040156   48.2449107
  21.9045809   48.2448969
  21.9095184   48.2413479
  21.9117356   48.2401529
  21.9162858   48.2400414
  21.9162232   48.2389023
  21.9179376   48.2388602
  21.9185236   48.239224
  21.9190982   48.2392098
  21.9202499   48.2395659
  21.9220271   48.2406629
  21.9232509   48.2421579
  21.924005    48.2455676
  21.9247052   48.2478317
  21.9253338   48.2489631
  21.9265159   48.2496965
  21.9271233   48.2504441
  21.9318517   48.2533714
  21.9341529   48.2536928
  21.938181    48.2543559
  21.9404943   48.2550612
  21.9428169   48.2557662
  21.9422728   48.2561641
  21.9400555   48.2573596
  21.939544    48.2585129
  21.9385605   48.2612029
  21.938007    48.261601
  21.9380279   48.2619786
  21.938624    48.2623483
  21.938645    48.2627259
  21.9409164   48.2626697
  21.942547    48.2611043
  21.9453088   48.2595171
  21.9453298   48.2598948
  21.9459376   48.2606422
  21.9471413   48.2617531
  21.9494856   48.2628418
  21.9518508   48.264302
  21.9535781   48.2646434
  21.9564669   48.2653341
  21.9599517   48.2663881
  21.9605384   48.2667517
  21.9622751   48.2670928
  21.9623813   48.2689933
  21.9624024   48.269371
  21.9630747   48.2712636
  21.9649083   48.2734993
  21.9660915   48.2742323
  21.9661129   48.2746161
  21.9672958   48.2753429
  21.9690236   48.2756842
  21.9713687   48.2767663
  21.9725521   48.2774992
  21.9737143   48.2778545
  21.9743011   48.278218
  21.9755273   48.2797124
  21.9779368   48.2819334
  21.9791848   48.2838116
  21.9799003   48.2864594
  21.9811909   48.2890928
  21.9818301   48.2902174
  21.9830139   48.2909503
  21.9853937   48.2927938
  21.9883487   48.2946228
  21.9941616   48.296386
  21.9947488   48.2967494
  21.998781    48.2974103
  22.0005186   48.2977446
  22.0022474   48.2980854
  22.002312    48.2992244
  22.0023551   48.2999859
  22.0029642   48.300733
  22.0041486   48.3014656
  22.0064741   48.3021694
  22.0082027   48.3025039
  22.0093657   48.3028588
  22.0105498   48.3035852
  22.0105931   48.3043466
  22.0111902   48.3047158
  22.0112335   48.3054773
  22.0102003   48.3074066
  22.0102651   48.3085457
  22.011493    48.3100397
  22.0126466   48.3103886
  22.0144285   48.3114904
  22.0161574   48.3118247
  22.018462    48.3121506
  22.0218862   48.3120637
  22.0241812   48.3123835
  22.025898    48.3123399
  22.0262196   48.3123265
  22.026464    48.3123255
  22.0249533   48.3058917
  22.023573    48.301736
  22.0258769   48.3020555
  22.027584    48.3020121
  22.0310727   48.3030639
  22.0328234   48.3037818
  22.0381506   48.3070742
  22.0416181   48.3077481
  22.0444888   48.308059
  22.0467275   48.3072391
  22.0472714   48.3068408
  22.0504978   48.3033298
  22.0517955   48.3014335
  22.0518926   48.3012728
  22.0520297   48.3002465
  22.0531269   48.2994558
  22.0536582   48.2986796
  22.054746    48.2978891
  22.0553212   48.2978743
  22.0575593   48.2970543
  22.0621141   48.296937
  22.0627115   48.297306
  22.0656035   48.297994
  22.0662131   48.2987347
  22.0673983   48.2994667
  22.0680176   48.3002132
  22.0680399   48.300597
  22.0686937   48.3020991
  22.0682161   48.3036365
  22.0672514   48.3067116
  22.066198    48.3082576
  22.065145    48.3098098
  22.0651891   48.3105712
  22.064636    48.3109699
  22.0647019   48.3121089
  22.0653214   48.3128555
  22.0754516   48.3103063
  22.076273    48.3100617
  22.078256    48.3094712
  22.0804942   48.3086507
  22.0811046   48.3093974
  22.0833871   48.3093382
  22.0845508   48.3096924
  22.0851388   48.3100554
  22.0863245   48.3107871
  22.0863465   48.3111648
  22.0864798   48.3134489
  22.0865686   48.3149717
  22.0860914   48.3165092
  22.0856044   48.3180408
  22.0845961   48.3203546
  22.0846626   48.3214936
  22.0841188   48.321892
  22.0837205   48.3249463
  22.0843628   48.3260766
  22.0844072   48.326838
  22.0844292   48.3272156
  22.0856373   48.328325
  22.0874561   48.330181
  22.0886647   48.3312966
  22.0898285   48.3316445
  22.0903727   48.3312522
  22.0909482   48.3312373
  22.0940572   48.3318416
  22.0944088   48.3319099
  22.0955506   48.3318801
  22.0972454   48.3314517
  22.0983332   48.3306608
  22.0988866   48.3302682
  22.098842    48.3295068
  22.0981773   48.327999
  22.0979792   48.3276471
  22.0979506   48.3275963
  22.0975444   48.3268748
  22.0951499   48.3250338
  22.0951275   48.3246501
  22.0951054   48.3242725
  22.0956583   48.3238737
  22.0958757   48.3237946
  22.0967778   48.3234664
  22.0975066   48.3234474
  22.0979101   48.3234369
  22.0981263   48.3234313
  22.0996271   48.3233921
  22.1007909   48.32374
  22.1015912   48.3239834
  22.101955    48.324094
  22.1021679   48.3240884
  22.1025211   48.3240792
  22.1031319   48.3248259
  22.1040658   48.3259585
  22.1043629   48.3263188
  22.1038857   48.3278502
  22.1035183   48.3285386
  22.1028555   48.3297803
  22.1023565   48.3309403
  22.1018031   48.3313329
  22.1001398   48.3321388
  22.1001623   48.3325226
  22.0980255   48.3331543
  22.0973567   48.333352
  22.096759    48.3334692
  22.0950955   48.3337952
  22.0968928   48.3352736
  22.0992653   48.3367307
  22.1016162   48.3378163
  22.1045557   48.3392647
  22.1065075   48.3401609
  22.1069065   48.3403441
  22.1074728   48.3403293
  22.1103453   48.3406324
  22.1109209   48.3406174
  22.1115098   48.3409863
  22.111532    48.3413639
  22.1115546   48.3417477
  22.1110105   48.3421401
  22.1109449   48.3421867
  22.1104571   48.3425328
  22.1098907   48.3425476
  22.1087487   48.3425774
  22.1064203   48.3418819
  22.104712    48.3419265
  22.1041364   48.3419415
  22.1030258   48.3423486
  22.1047269   48.3462063
  22.1061442   48.3468363
  22.1067331   48.3472053
  22.1091291   48.349046
  22.1102934   48.3493937
  22.1126003   48.3497178
  22.1126225   48.3500954
  22.1149202   48.3504196
  22.1160624   48.3503897
  22.1178025   48.3507223
  22.1189131   48.350315
  22.1194888   48.3502999
  22.1206084   48.3498862
  22.1211525   48.3494938
  22.122272    48.34908
  22.1228611   48.3494489
  22.1234368   48.3494338
  22.1246012   48.3497814
  22.1246145   48.350006
  22.1246462   48.3505428
  22.1252354   48.3509117
  22.12528     48.3516669
  22.1248036   48.3532045
  22.1242728   48.353981
  22.1231979   48.3551499
  22.1214867   48.356389
  22.1210125   48.3567323
  22.1204594   48.3571312
  22.119362    48.3579225
  22.119249    48.3579639
  22.1182513   48.3583298
  22.1181367   48.358385
  22.116578    48.3591362
  22.1155573   48.3595075
  22.1154579   48.3595437
  22.1092927   48.3606677
  22.1081138   48.3608826
  22.1081807   48.3620216
  22.1082029   48.3623992
  22.1087921   48.3627681
  22.1150482   48.3622202
  22.1161906   48.3621903
  22.1178996   48.3621455
  22.1201399   48.3613305
  22.1218262   48.3609019
  22.1229236   48.3601105
  22.1239265   48.35902
  22.1239986   48.3589416
  22.1245425   48.358543
  22.125096    48.3581503
  22.1262383   48.3581203
  22.1268272   48.358483
  22.1274257   48.3588516
  22.1274931   48.3599905
  22.1275381   48.3607519
  22.1287837   48.3626224
  22.1288739   48.3641452
  22.1288962   48.3645227
  22.1283734   48.3645364
  22.1243586   48.3646419
  22.1231932   48.3646725
  22.1215068   48.3651011
  22.1209532   48.3654938
  22.1204564   48.365852
  22.1198556   48.3662852
  22.1187673   48.3670762
  22.117692    48.3682451
  22.1177369   48.3690065
  22.1189694   48.3704992
  22.1190366   48.3716382
  22.1196482   48.3723847
  22.1197158   48.3735298
  22.1204175   48.3766402
  22.1204847   48.376938
  22.1211053   48.3776781
  22.1210833   48.3783056
  22.120382    48.378605
  22.120281    48.378641
  22.119718    48.378763
  22.119484    48.378861
  22.119273    48.378925
  22.118687    48.379189
  22.118066    48.379593
  22.117975    48.379673
  22.117809    48.37975
  22.117625    48.379848
  22.117346    48.380011
  22.116869    48.380261
  22.116833    48.380303
  22.11671     48.380347
  22.116675    48.380387
  22.116569    48.380409
  22.116502    48.38045
  22.116297    48.380514
  22.115443    48.380685
  22.114751    48.380857
  22.11384     48.381009
  22.113439    48.381062
  22.112392    48.381199
  22.111556    48.381293
  22.111092    48.381259
  22.110303    48.381176
  22.109515    48.381013
  22.108627    48.380722
  22.107865    48.380121
  22.10728     48.379578
  22.106081    48.378658
  22.105132    48.377885
  22.104555    48.377421
  22.104106    48.37715
  22.103505    48.376817
  22.102987    48.376635
  22.102393    48.376426
  22.101549    48.376222
  22.101328    48.37619
  22.10001     48.376182
  22.099166    48.376294
  22.098467    48.376448
  22.097967    48.376745
  22.09761     48.376979
  22.097286    48.37721
  22.0969847   48.3770382
  22.096861    48.376953
  22.096786    48.376909
  22.095692    48.377267
  22.095599    48.377264
  22.0950549   48.3772379
  22.094945    48.377238
  22.094738    48.377284
  22.094489    48.377477
  22.094185    48.377934
  22.094114    48.377994
  22.09401     48.378023
  22.093759    48.378113
  22.09358     48.37819
  22.093426    48.3783
  22.093243    48.378552
  22.093243    48.378437
  22.093155    48.378234
  22.092887    48.3777
  22.092779    48.377538
  22.09254     48.377253
  22.092307    48.376893
  22.09225     48.376799
  22.092031    48.376524
  22.091967    48.376423
  22.091929    48.376323
  22.091909    48.376215
  22.091808    48.3761
  22.091458    48.375678
  22.091079    48.375163
  22.090988    48.375014
  22.090779    48.374709
  22.090485    48.374329
  22.090319    48.37415
  22.090157    48.373991
  22.089822    48.373731
  22.089706    48.373673
  22.089572    48.373645
  22.089441    48.373645
  22.089318    48.37369
  22.089173    48.373754
  22.089032    48.373668
  22.088599    48.373304
  22.088393    48.37313
  22.087983    48.372815
  22.0877      48.372551
  22.087528    48.372354
  22.087342    48.372104
  22.087161    48.371836
  22.087141    48.371757
  22.087114    48.371759
  22.087078    48.371742
  22.086955    48.371687
  22.086821    48.371589
  22.086743    48.371564
  22.086676    48.371576
  22.086561    48.371618
  22.086462    48.371673
  22.086346    48.371719
  22.086229    48.371741
  22.085936    48.371776
  22.085855    48.371993
  22.085752    48.372287
  22.08561     48.372675
  22.085575    48.372798
  22.085439    48.373282
  22.085269    48.373836
  22.085059    48.374344
  22.084986    48.374526
  22.084542    48.375615
  22.084031    48.376888
  22.084367    48.376966
  22.084154    48.377141
  22.084504    48.377285
  22.084017    48.377713
  22.082615    48.378709
  22.083195    48.379508
  22.083369    48.379854
  22.083624    48.380176
  22.083813    48.380373
  22.083991    48.380527
  22.084235    48.380703
  22.084264    48.380724
  22.084429    48.380788
  22.084393    48.380813
  22.084264    48.380915
  22.083777    48.381236
  22.083611    48.381357
  22.083284    48.381588
  22.082738    48.381987
  22.082262    48.382319
  22.082069    48.382469
  22.081858    48.382663
  22.081428    48.38301
  22.0806117   48.3836149
  22.0803434   48.3836051
  22.0801463   48.3835842
  22.079811    48.38383
  22.079462    48.384119
  22.078936    48.384619
  22.078643    48.3849
  22.078269    48.385278
  22.078074    48.385493
  22.077742    48.38587
  22.077501    48.386238
  22.077074    48.386763
  22.076486    48.387241
  22.07582     48.386798
  22.074963    48.386354
  22.074456    48.386117
  22.074264    48.386042
  22.073542    48.385717
  22.073367    48.38565
  22.07311     48.385566
  22.072173    48.385312
  22.072164    48.385168
  22.072114    48.384886
  22.072051    48.384659
  22.072003    48.384429
  22.07197     48.384166
  22.071955    48.384089
  22.071895    48.38406
  22.071899    48.383999
  22.071938    48.383901
  22.072097    48.383593
  22.072203    48.383356
  22.072395    48.382882
  22.07255     48.382534
  22.072814    48.382012
  22.071863    48.381778
  22.071792    48.381957
  22.071668    48.382337
  22.07152     48.382827
  22.070536    48.382596
  22.069533    48.38233
  22.069586    48.382086
  22.06892     48.38203
  22.068534    48.38199
  22.068385    48.381982
  22.067593    48.381919
  22.066715    48.381831
  22.066623    48.382331
  22.066075    48.382316
  22.065979    48.382319
  22.065774    48.382323
  22.065404    48.38235
  22.064909    48.382401
  22.064252    48.382482
  22.062731    48.382684
  22.062545    48.382709
  22.062196    48.38274
  22.061986    48.382756
  22.061564    48.382775
  22.06141     48.382155
  22.060233    48.382376
  22.059768    48.381532
  22.057807    48.381337
  22.057615    48.38132
  22.057757    48.38061
  22.057896    48.379913
  22.05805     48.379133
  22.058182    48.378483
  22.058209    48.378256
  22.058236    48.377891
  22.056397    48.377709
  22.054605    48.377528
  22.054355    48.377702
  22.054109    48.377878
  22.053701    48.378174
  22.053178    48.378533
  22.052994    48.378658
  22.052869    48.378739
  22.052541    48.378935
  22.052201    48.379151
  22.052084    48.379223
  22.05197     48.379311
  22.0513686   48.3797539
  22.050734    48.380195
  22.050687    48.380227
  22.050349    48.380457
  22.049942    48.380734
  22.049407    48.381102
  22.049227    48.381225
  22.049224    48.381274
  22.049165    48.381307
  22.049091    48.381326
  22.04899     48.381417
  22.048971    48.381431
  22.048958    48.381439
  22.048647    48.381652
  22.048478    48.38176
  22.048378    48.381823
  22.048303    48.381886
  22.047911    48.382148
  22.047535    48.382402
  22.047307    48.382556
  22.046964    48.382794
  22.04666     48.383027
  22.046612    48.383061
  22.04644     48.383176
  22.046017    48.383457
  22.045903    48.383541
  22.045662    48.383701
  22.045461    48.383841
  22.045145    48.384051
  22.045081    48.384081
  22.044725    48.384201
  22.044584    48.38425
  22.044325    48.38434
  22.043997    48.384433
  22.043645    48.384538
  22.04335     48.384629
  22.043198    48.384675
  22.042603    48.384842
  22.042546    48.384859
  22.042453    48.384884
  22.04217     48.384941
  22.041567    48.385109
  22.040923    48.385283
  22.040682    48.385352
  22.039793    48.385612
  22.038923    48.385854
  22.038918    48.385871
  22.038668    48.385944
  22.038369    48.386029
  22.03794     48.386144
  22.037126    48.386378
  22.037053    48.386395
  22.036903    48.386444
  22.036834    48.386428
  22.036741    48.386408
  22.036601    48.386375
  22.036476    48.38631
  22.036134    48.386056
  22.035613    48.386349
  22.034795    48.386865
  22.034125    48.387268
  22.033334    48.387765
  22.033126    48.387921
  22.032789    48.388215
  22.032539    48.388482
  22.032206    48.388804
  22.031028    48.389895
  22.030656    48.390215
  22.029911    48.390875
  22.029543    48.391217
  22.0292      48.391531
  22.028611    48.392026
  22.028484    48.39212
  22.028315    48.392235
  22.028177    48.392282
  22.027251    48.392462
  22.026832    48.3925
  22.026129    48.392535
  22.025768    48.39254
  22.024992    48.392513
  22.023865    48.392514
  22.022558    48.392487
  22.022113    48.39256
  22.021757    48.39263
  22.021382    48.392724
  22.0213621   48.3927331
  22.021347    48.39274
  22.021326    48.392749
  22.021167    48.392586
  22.021146    48.392578
  22.021137    48.392516
  22.021121    48.392403
  22.02123     48.391682
  22.021222    48.391539
  22.021177    48.391265
  22.021153    48.390834
  22.021172    48.390797
  22.021212    48.390764
  22.021273    48.390751
  22.021996    48.390803
  22.022092    48.390806
  22.022189    48.390793
  22.022892    48.390677
  22.022989    48.390645
  22.023868    48.390131
  22.023984    48.390037
  22.024058    48.389931
  22.024078    48.389779
  22.023976    48.389213
  22.023932    48.389153
  22.023869    48.389101
  22.023048    48.388631
  22.023013    48.388622
  22.022976    48.388623
  22.0224      48.388687
  22.02205     48.388756
  22.021121    48.389016
  22.020953    48.389048
  22.019925    48.389029
  22.019769    48.389008
  22.019623    48.388953
  22.019499    48.388864
  22.019035    48.388372
  22.018628    48.387895
  22.018524    48.387708
  22.01838     48.387253
  22.018228    48.386755
  22.01818     48.386629
  22.018131    48.386571
  22.018102    48.386526
  22.018       48.386432
  22.017838    48.386332
  22.017333    48.386131
  22.017024    48.386036
  22.015182    48.38564
  22.014881    48.385528
  22.014644    48.385408
  22.014451    48.385208
  22.014356    48.385154
  22.014236    48.38512
  22.012487    48.384916
  22.011413    48.384716
  22.010746    48.384569
  22.010584    48.384509
  22.010503    48.384459
  22.010426    48.384389
  22.01039     48.384341
  22.010178    48.383922
  22.010145    48.38386
  22.010138    48.383832
  22.010111    48.383817
  22.010062    48.383794
  22.009984    48.383797
  22.008517    48.384032
  22.00838     48.384049
  22.008341    48.384044
  22.008219    48.38401
  22.008151    48.38396
  22.008117    48.383906
  22.008245    48.382675
  22.008221    48.382632
  22.008166    48.382598
  22.007884    48.382488
  22.007732    48.382411
  22.007645    48.382344
  22.007547    48.382228
  22.007475    48.38209
  22.00744     48.382031
  22.007003    48.381317
  22.006961    48.381285
  22.006882    48.381261
  22.005918    48.381196
  22.005674    48.38121
  22.003702    48.381495
  22.003599    48.381483
  22.003503    48.381452
  22.00251     48.380857
  22.002437    48.380846
  22.002392    48.380846
  22.0023186   48.380849
  22.002273    48.380855
  22.002108    48.380891
  22.000456    48.380701
  22.000352    48.38067
  22.000297    48.380625
  22.000256    48.380548
  22.000186    48.380148
  22.000147    48.380078
  22.000051    48.380018
  21.999901    48.379973
  21.999035    48.379831
  21.998914    48.379766
  21.998865    48.379679
  21.998815    48.379352
  21.998758    48.379263
  21.998668    48.379172
  21.998459    48.379017
  21.998295    48.378929
  21.99797     48.378818
  21.995533    48.378234
  21.995444    48.378198
  21.995303    48.378107
  21.99525     48.378041
  21.995224    48.377969
  21.995214    48.37781
  21.995186    48.377747
  21.995114    48.37768
  21.994463    48.377323
  21.994393    48.377355
  21.992255    48.378344
  21.991679    48.379505
  21.991652    48.3795
  21.990346    48.379277
  21.989121    48.379213
  21.989091    48.379208
  21.989348    48.378968
  21.988791    48.378778
  21.988648    48.378702
  21.98782     48.378167
  21.987295    48.378032
  21.987122    48.37796
  21.987013    48.377891
  21.986934    48.377769
  21.986895    48.377647
  21.986741    48.376916
  21.986555    48.376007
  21.98651     48.37592
  21.986255    48.375857
  21.98592     48.375821
  21.985906    48.375842
  21.985426    48.376512
  21.984958    48.377211
  21.984322    48.378153
  21.983896    48.378807
  21.983399    48.379538
  21.983364    48.37953
  21.983393    48.379306
  21.98338     48.379055
  21.983414    48.378682
  21.983185    48.378697
  21.983001    48.378819
  21.982893    48.379096
  21.982744    48.37916
  21.982721    48.379154
  21.982645    48.378901
  21.98256     48.378721
  21.982442    48.378696
  21.982107    48.379115
  21.982215    48.379582
  21.982151    48.379686
  21.981908    48.379792
  21.981452    48.379718
  21.980902    48.37967
  21.980542    48.379602
  21.98025     48.379511
  21.980282    48.379255
  21.979643    48.379013
  21.979284    48.3789
  21.978892    48.378771
  21.97856     48.378638
  21.978554    48.378659
  21.97757     48.378429
  21.976532    48.378186
  21.975419    48.377925
  21.975375    48.377894
  21.975196    48.377981
  21.975031    48.378023
  21.974858    48.378052
  21.974396    48.378051
  21.974073    48.378074
  21.97351     48.378248
  21.973415    48.378257
  21.973142    48.378357
  21.972916    48.378457
  21.97243     48.378654
  21.97208     48.379082
  21.971847    48.379414
  21.971538    48.379918
  21.971394    48.38027
  21.968508    48.379128
  21.968482    48.379169
  21.968397    48.379137
  21.967798    48.380091
  21.966239    48.379914
  21.964839    48.379828
  21.963304    48.379723
  21.961156    48.379593
  21.961514    48.378435
  21.961477    48.37822
  21.961395    48.378002
  21.961044    48.377134
  21.9606      48.377132
  21.960215    48.37712
  21.959712    48.37723
  21.959241    48.377384
  21.958954    48.377623
  21.958622    48.3779
  21.958452    48.378064
  21.958168    48.378419
  21.957958    48.378621
  21.957556    48.378518
  21.956894    48.379642
  21.956692    48.379634
  21.954969    48.379571
  21.953207    48.379507
  21.952526    48.379482
  21.949887    48.378812
  21.949719    48.378778
  21.949321    48.378763
  21.949198    48.378728
  21.948       48.378018
  21.947604    48.377559
  21.947101    48.376768
  21.946871    48.376472
  21.9468      48.375969
  21.946397    48.375036
  21.946404    48.374989
  21.946292    48.374917
  21.9460227   48.3749648
  21.945628    48.375035
  21.945294    48.375097
  21.945181    48.375093
  21.945114    48.375148
  21.944729    48.375069
  21.944488    48.374979
  21.943795    48.374912
  21.943257    48.374801
  21.941933    48.374612
  21.940765    48.374512
  21.93949     48.374548
  21.939243    48.37457
  21.939172    48.374068
  21.939004    48.373281
  21.938944    48.373141
  21.938889    48.373055
  21.938754    48.372922
  21.938062    48.372403
  21.937765    48.372223
  21.936336    48.371416
  21.935544    48.370937
  21.934987    48.370559
  21.934231    48.370114
  21.933903    48.369976
  21.933439    48.369823
  21.933038    48.369738
  21.932637    48.369681
  21.932408    48.369665
  21.932182    48.36968
  21.931704    48.369783
  21.9315      48.369863
  21.931489    48.369888
  21.931396    48.369888
  21.930514    48.370234
  21.929904    48.370489
  21.929209    48.370836
  21.928835    48.370994
  21.928269    48.371204
  21.92801     48.371239
  21.92777     48.371235
  21.9274      48.371181
  21.92733     48.371192
  21.927145    48.371172
  21.926806    48.370899
  21.926687    48.370756
  21.926579    48.370567
  21.926505    48.370408
  21.926438    48.370187
  21.926401    48.369975
  21.926398    48.369815
  21.926426    48.369621
  21.926477    48.369441
  21.926643    48.369065
  21.926746    48.368913
  21.926804    48.368752
  21.927024    48.368332
  21.927147    48.36813
  21.927358    48.367861
  21.927658    48.367573
  21.927868    48.367412
  21.928207    48.367212
  21.928693    48.36698
  21.928971    48.366833
  21.929578    48.366563
  21.929796    48.366467
  21.930312    48.366279
  21.93089     48.366043
  21.931183    48.365879
  21.931431    48.365723
  21.931611    48.365594
  21.93186     48.365365
  21.932028    48.36515
  21.932196    48.364893
  21.932271    48.364724
  21.932306    48.364556
  21.932314    48.36442
  21.932293    48.364197
  21.932186    48.363904
  21.931897    48.363592
  21.931167    48.362931
  21.93067     48.362488
  21.930383    48.362272
  21.930135    48.362151
  21.929804    48.362011
  21.92944     48.3619
  21.92894     48.361765
  21.928423    48.361636
  21.928186    48.361597
  21.927559    48.3616
  21.927071    48.361631
  21.92673     48.361707
  21.926487    48.361806
  21.926359    48.361766
  21.926236    48.361813
  21.925629    48.362018
  21.925325    48.362136
  21.924941    48.362291
  21.92451     48.362448
  21.924       48.36266
  21.923651    48.362835
  21.922891    48.363267
  21.92263     48.363406
  21.922173    48.363592
  21.921896    48.363685
  21.921564    48.363777
  21.921342    48.363817
  21.921072    48.363843
  21.920814    48.363865
  21.920465    48.363845
  21.920131    48.363787
  21.918906    48.363356
  21.918488    48.36327
  21.918285    48.363252
  21.918133    48.363263
  21.917764    48.36331
  21.917542    48.363399
  21.917416    48.363518
  21.917298    48.36367
  21.917167    48.363889
  21.916894    48.364434
  21.91673     48.364678
  21.916346    48.365213
  21.916175    48.365419
  21.915739    48.365762
  21.915275    48.365998
  21.914832    48.36615
  21.914456    48.366223
  21.914092    48.366296
  21.913614    48.36636
  21.912647    48.36647
  21.912426    48.366505
  21.912248    48.366543
  21.912091    48.366595
  21.911785    48.366776
  21.911574    48.367042
  21.911507    48.367169
  21.911461    48.367337
  21.911458    48.367492
  21.9114628   48.3675146
  21.911494    48.367663
  21.911585    48.367867
  21.9116085   48.3679013
  21.911739    48.368092
  21.912046    48.368397
  21.912403    48.368683
  21.912525    48.368811
  21.912604    48.368957
  21.912633    48.369076
  21.912585    48.369191
  21.912458    48.369288
  21.912261    48.369366
  21.912061    48.36941
  21.911755    48.369419
  21.911585    48.369398
  21.911291    48.369308
  21.911206    48.369279
  21.9110033   48.3691865
  21.910908    48.369143
  21.910314    48.368723
  21.909966    48.368454
  21.90961     48.368229
  21.909272    48.368092
  21.908833    48.367927
  21.908007    48.367699
  21.907048    48.367514
  21.906632    48.367421
  21.906169    48.367281
  21.905741    48.367104
  21.905299    48.366829
  21.905052    48.366621
  21.90481     48.366392
  21.903905    48.365595
  21.903694    48.36543
  21.903572    48.365308
  21.903315    48.365136
  21.902881    48.364948
  21.902562    48.364867
  21.902156    48.364802
  21.901804    48.364826
  21.901545    48.364876
  21.90124     48.365005
  21.900921    48.36526
  21.90075     48.365562
  21.900652    48.365834
  21.900564    48.3662
  21.900513    48.366492
  21.900508    48.366769
  21.900501    48.366945
  21.90054     48.367125
  21.900581    48.367341
  21.900687    48.367677
  21.900914    48.368627
  21.900928    48.368874
  21.900919    48.369101
  21.900895    48.369264
  21.900821    48.369443
  21.900733    48.369607
  21.90059     48.369803
  21.900399    48.369971
  21.900185    48.370107
  21.899949    48.370192
  21.899796    48.370223
  21.899566    48.370223
  21.899309    48.370212
  21.899065    48.370177
  21.89886     48.370123
  21.898641    48.370041
  21.898368    48.369926
  21.898188    48.369826
  21.898013    48.369683
  21.89785     48.369517
  21.897696    48.369331
  21.897583    48.369149
  21.89745     48.368929
  21.897388    48.368771
  21.897341    48.368558
  21.897325    48.368308
  21.897345    48.368137
  21.897391    48.367955
  21.8975      48.367729
  21.897699    48.367404
  21.897909    48.367104
  21.898248    48.366604
  21.898481    48.366281
  21.898798    48.365831
  21.899056    48.365471
  21.899254    48.365152
  21.899403    48.364903
  21.899759    48.364268
  21.899916    48.363868
  21.899948    48.363822
  21.899955    48.363782
  21.899943    48.363679
  21.899877    48.363525
  21.899789    48.363344
  21.899593    48.363145
  21.899412    48.36299
  21.89921     48.362877
  21.89895     48.362794
  21.898683    48.362716
  21.898377    48.36265
  21.897883    48.36256
  21.897516    48.362515
  21.897229    48.36249
  21.896846    48.36248
  21.896507    48.362475
  21.896141    48.362508
  21.895829    48.362526
  21.895617    48.362557
  21.895195    48.362634
  21.894857    48.362711
  21.894408    48.362841
  21.893896    48.362993
  21.892172    48.363464
  21.891813    48.363515
  21.891404    48.363559
  21.891183    48.36359
  21.890955    48.363601
  21.890204    48.363576
  21.88993     48.363554
  21.889695    48.363525
  21.889007    48.363421
  21.888723    48.363387
  21.888522    48.363376
  21.888271    48.363392
  21.888137    48.36341
  21.888016    48.363442
  21.887753    48.363531
  21.88753     48.363627
  21.887363    48.363794
  21.8873477   48.3638184
  21.887277    48.363931
  21.887237    48.364086
  21.887213    48.364313
  21.88725     48.364536
  21.887338    48.364735
  21.887595    48.365185
  21.887739    48.365365
  21.8879      48.365522
  21.88818     48.365765
  21.888429    48.365933
  21.888694    48.366073
  21.88973     48.36652
  21.890301    48.366781
  21.890564    48.36691
  21.890806    48.367045
  21.891011    48.367175
  21.891223    48.367336
  21.891432    48.367526
  21.891556    48.367669
  21.891654    48.367792
  21.891759    48.367945
  21.891788    48.368034
  21.891798    48.368179
  21.891793    48.368313
  21.891749    48.368496
  21.891646    48.368628
  21.891423    48.368795
  21.89118     48.368887
  21.890894    48.368957
  21.89066     48.369005
  21.890162    48.369113
  21.889836    48.369144
  21.889026    48.369196
  21.888131    48.369131
  21.887553    48.36904
  21.887309    48.368981
  21.887049    48.368898
  21.886745    48.368778
  21.886523    48.368657
  21.885957    48.368404
  21.885618    48.368189
  21.885242    48.367834
  21.884843    48.367539
  21.884352    48.367001
  21.8841872   48.3667998
  21.884058    48.366642
  21.883922    48.366423
  21.883753    48.366143
  21.883451    48.365726
  21.883356    48.365447
  21.883187    48.364756
  21.883152    48.364693
  21.883115    48.364634
  21.8830987   48.3645609
  21.883052    48.364351
  21.883001    48.363843
  21.883107    48.363243
  21.88318     48.363071
  21.883262    48.362958
  21.883475    48.362725
  21.883694    48.362502
  21.88419     48.362055
  21.884404    48.361874
  21.884596    48.361724
  21.885021    48.361494
  21.885203    48.361388
  21.886115    48.361018
  21.886571    48.360837
  21.886981    48.360632
  21.88749     48.360376
  21.887818    48.360032
  21.888085    48.35969
  21.888194    48.359462
  21.888261    48.359198
  21.88825     48.358757
  21.8882      48.358548
  21.888103    48.358371
  21.887969    48.358181
  21.887744    48.357951
  21.887343    48.357591
  21.887161    48.357452
  21.886943    48.357307
  21.886695    48.357166
  21.885643    48.35663
  21.885065    48.356346
  21.884576    48.356152
  21.884298    48.356047
  21.883897    48.356016
  21.883575    48.355994
  21.883418    48.356009
  21.88314     48.356038
  21.882878    48.356096
  21.88273     48.35615
  21.882386    48.356338
  21.882262    48.356437
  21.882127    48.356555
  21.882001    48.356699
  21.881775    48.357134
  21.881598    48.357579
  21.881565    48.357765
  21.881539    48.358214
  21.881568    48.358433
  21.88167     48.358772
  21.8817807   48.3590976
  21.881791    48.359128
  21.882142    48.359792
  21.882307    48.360024
  21.882605    48.360621
  21.882689    48.360909
  21.882694    48.361185
  21.882676    48.36139
  21.88264     48.361583
  21.882528    48.361847
  21.882416    48.362017
  21.882252    48.362218
  21.882104    48.362331
  21.881835    48.362469
  21.881637    48.362538
  21.881419    48.362586
  21.881172    48.362615
  21.880914    48.362602
  21.880657    48.362568
  21.880066    48.362454
  21.879578    48.362331
  21.878961    48.362151
  21.878543    48.362054
  21.877939    48.361916
  21.876794    48.361613
  21.875912    48.361328
  21.875546    48.361195
  21.875256    48.361065
  21.874724    48.360713
  21.874603    48.360607
  21.87453     48.360531
  21.874284    48.360212
  21.874169    48.359979
  21.874111    48.359748
  21.874054    48.359495
  21.87403     48.359348
  21.874053    48.359182
  21.874109    48.358994
  21.874105    48.3589
  21.87413     48.358821
  21.874278    48.358481
  21.874346    48.35836
  21.87465     48.357976
  21.87492     48.357739
  21.875413    48.357296
  21.875587    48.357111
  21.875767    48.356879
  21.875853    48.356724
  21.875925    48.356494
  21.875905    48.356293
  21.875784    48.356149
  21.875512    48.355927
  21.87535     48.355847
  21.875181    48.355792
  21.875046    48.355754
  21.874544    48.355703
  21.874059    48.355735
  21.873816    48.355791
  21.873432    48.355844
  21.872855    48.356006
  21.872384    48.356152
  21.872263    48.3562
  21.871815    48.356454
  21.871436    48.35668
  21.870934    48.356964
  21.87069     48.357123
  21.870537    48.357237
  21.87026     48.357472
  21.87        48.357692
  21.869638    48.3579915
  21.869508    48.358099
  21.86921     48.358351
  21.868928    48.358631
  21.868522    48.358994
  21.868297    48.359178
  21.868066    48.359321
  21.867781    48.359525
  21.867522    48.359647
  21.867198    48.359799
  21.866961    48.359878
  21.866392    48.360017
  21.865875    48.360127
  21.865481    48.360186
  21.865112    48.3602
  21.864962    48.360189
  21.864544    48.360116
  21.864201    48.360005
  21.864052    48.359935
  21.863867    48.359797
  21.863763    48.359684
  21.863688    48.359578
  21.863633    48.359425
  21.863615    48.35931
  21.863617    48.359218
  21.863635    48.359125
  21.863698    48.358871
  21.863968    48.358416
  21.864089    48.358261
  21.864854    48.357385
  21.865159    48.357071
  21.865368    48.356842
  21.865453    48.356678
  21.865528    48.356563
  21.865562    48.356421
  21.865563    48.35625
  21.865516    48.356059
  21.865427    48.355895
  21.865344    48.355798
  21.86525     48.355746
  21.865048    48.355641
  21.864971    48.355614
  21.86462     48.355524
  21.864071    48.355423
  21.862968    48.355208
  21.862799    48.355235
  21.862223    48.355354
  21.861756    48.355502
  21.861427    48.355706
  21.861306    48.355807
  21.861156    48.355925
  21.860879    48.356275
  21.860739    48.356426
  21.860619    48.356565
  21.860416    48.356832
  21.860268    48.357012
  21.860079    48.357239
  21.859982    48.357417
  21.8599      48.357619
  21.859826    48.358031
  21.859739    48.359539
  21.859765    48.360097
  21.859718    48.360423
  21.859466    48.361533
  21.859351    48.361985
  21.8592      48.362444
  21.858926    48.363049
  21.858754    48.363435
  21.858495    48.363856
  21.858239    48.364145
  21.857942    48.364411
  21.857759    48.364548
  21.857268    48.364896
  21.857045    48.365031
  21.85636     48.36542
  21.855558    48.365842
  21.855087    48.366068
  21.854749    48.366172
  21.854289    48.366268
  21.853843    48.366292
  21.853627    48.36628
  21.853483    48.366266
  21.853259    48.366228
  21.85313     48.366194
  21.852811    48.366044
  21.852501    48.365871
  21.852353    48.365778
  21.851958    48.36553
  21.851668    48.365404
  21.851605    48.365385
  21.848216    48.364685
  21.847853    48.364653
  21.847192    48.364714
  21.846449    48.364576
  21.846384    48.364375
  21.846356    48.364235
  21.846238    48.36405
  21.845637    48.363887
  21.845251    48.363897
  21.844204    48.363973
  21.843496    48.363969
  21.842771    48.363931
  21.842086    48.363871
  21.841908    48.36388
  21.841305    48.363842
  21.841054    48.363817
  21.840448    48.363764
  21.839895    48.363733
  21.839599    48.363749
  21.839197    48.36369
  21.838663    48.363597
  21.838228    48.36351
  21.837875    48.36341
  21.837213    48.363253
  21.836964    48.363156
  21.836749    48.363078
  21.836475    48.362987
  21.83632     48.362911
  21.836215    48.362839
  21.836022    48.362633
  21.835817    48.362414
  21.835666    48.362237
  21.835438    48.36192
  21.835422    48.361835
  21.835251    48.36156
  21.83516     48.361288
  21.835148    48.36124
  21.835114    48.361062
  21.835166    48.360624
  21.835226    48.360203
  21.835503    48.359625
  21.835618    48.359322
  21.835642    48.35927
  21.835782    48.358756
  21.835923    48.358388
  21.835987    48.358012
  21.836067    48.357752
  21.836087    48.357505
  21.83614     48.356967
  21.83613     48.356684
  21.836133    48.356601
  21.836137    48.356531
  21.836066    48.356297
  21.836061    48.356063
  21.836096    48.355683
  21.836117    48.355282
  21.836131    48.355103
  21.83617     48.354707
  21.836151    48.354465
  21.836196    48.354296
  21.836298    48.35396
  21.836447    48.353625
  21.836514    48.353426
  21.836564    48.353294
  21.836704    48.353006
  21.836916    48.352769
  21.837095    48.352568
  21.837251    48.352353
  21.837424    48.352207
  21.83761     48.352034
  21.837607    48.35198
  21.837633    48.351925
  21.837612    48.351897
  21.837573    48.351684
  21.837617    48.351589
  21.837651    48.351432
  21.837593    48.351206
  21.837577    48.351114
  21.837577    48.350752
  21.83761     48.350478
  21.837658    48.350117
  21.837657    48.349864
  21.837608    48.349652
  21.837544    48.349055
  21.837433    48.348763
  21.837376    48.348667
  21.837215    48.348419
  21.83696     48.348121
  21.836783    48.347896
  21.836737    48.347834
  21.836614    48.347726
  21.836544    48.347627
  21.836119    48.3472
  21.835958    48.347045
  21.835621    48.34677
  21.835422    48.346606
  21.835231    48.346414
  21.835079    48.346209
  21.835053    48.34613
  21.835202    48.345737
  21.835223    48.34564
  21.835315    48.345499
  21.835396    48.345284
  21.835565    48.345056
  21.835751    48.34487
  21.835887    48.344775
  21.836068    48.344621
  21.836208    48.344496
  21.836789    48.344035
  21.837035    48.343791
  21.837172    48.343642
  21.837264    48.343492
  21.837365    48.343251
  21.837436    48.342948
  21.837443    48.342638
  21.837406    48.342463
  21.837325    48.342263
  21.836884    48.341847
  21.83629     48.341582
  21.836073    48.341491
  21.835758    48.341376
  21.834649    48.341005
  21.834486    48.340902
  21.834072    48.340696
  21.833776    48.340472
  21.833635    48.340313
  21.833567    48.340223
  21.833402    48.339838
  21.8333      48.339586
  21.833213    48.339205
  21.833247    48.338819
  21.833289    48.338645
  21.833257    48.338378
  21.83322     48.338137
  21.833706    48.337962
  21.833802    48.337919
  21.833879    48.337872
  21.834065    48.337761
  21.834135    48.337731
  21.834385    48.337632
  21.83454     48.337529
  21.834831    48.33729
  21.835009    48.337132
  21.83522     48.336677
  21.83531     48.336396
  21.835342    48.336154
  21.835369    48.335929
  21.835376    48.33584
  21.835392    48.335618
  21.835385    48.335479
  21.83538     48.33515
  21.83533     48.334853
  21.835203    48.334641
  21.834382    48.334139
  21.834041    48.334044
  21.833721    48.333997
  21.833493    48.333992
  21.833337    48.333992
  21.832958    48.333995
  21.832552    48.333986
  21.831475    48.333999
  21.830659    48.334021
  21.82949     48.334057
  21.828605    48.33401
  21.828258    48.333991
  21.82792     48.333999
  21.827697    48.334005
  21.827153    48.334122
  21.827036    48.334138
  21.826503    48.334151
  21.826243    48.334152
  21.826013    48.334128
  21.825568    48.334114
  21.825339    48.334112
  21.825163    48.334063
  21.824931    48.333953
  21.824856    48.333913
  21.824633    48.33381
  21.824207    48.333653
  21.823958    48.333521
  21.823711    48.333368
  21.823598    48.333241
  21.823504    48.333156
  21.82338     48.333077
  21.823224    48.332947
  21.822955    48.332768
  21.822724    48.33264
  21.82258     48.332609
  21.822332    48.332582
  21.821987    48.332649
  21.82176     48.332694
  21.821552    48.332812
  21.821247    48.332952
  21.820845    48.333132
  21.820741    48.333185
  21.820602    48.333266
  21.820492    48.333341
  21.820407    48.333405
  21.820233    48.333524
  21.819969    48.333679
  21.81982     48.333718
  21.819681    48.333698
  21.819577    48.333652
  21.819441    48.333584
  21.819105    48.333401
  21.818742    48.333209
  21.818484    48.33309
  21.818149    48.332982
  21.817602    48.332809
  21.817414    48.332787
  21.817235    48.332821
  21.817082    48.332872
  21.8169478   48.3328987
  21.81693     48.332996
  21.816897    48.333044
  21.816764    48.333295
  21.816805    48.333386
  21.816908    48.333519
  21.817065    48.333744
  21.817202    48.333965
  21.817244    48.334041
  21.817307    48.334172
  21.817413    48.334394
  21.817578    48.334679
  21.817716    48.334835
  21.817843    48.334957
  21.81796     48.335057
  21.818115    48.33519
  21.818174    48.33525
  21.81832     48.335415
  21.818379    48.335488
  21.818423    48.335556
  21.818524    48.335734
  21.81859     48.33591
  21.818716    48.336261
  21.818778    48.33645
  21.818789    48.336606
  21.818778    48.336696
  21.818747    48.336776
  21.818707    48.336863
  21.818645    48.336955
  21.818486    48.337092
  21.818312    48.337127
  21.818155    48.337124
  21.817829    48.337055
  21.817694    48.337025
  21.81724     48.336946
  21.816791    48.336909
  21.816577    48.336887
  21.816354    48.336852
  21.816183    48.336865
  21.816065    48.33691
  21.815981    48.336972
  21.815946    48.337011
  21.815915    48.337064
  21.815899    48.337146
  21.815874    48.337254
  21.815854    48.337327
  21.815772    48.337473
  21.815674    48.337642
  21.815525    48.337713
  21.815437    48.337709
  21.81529     48.337682
  21.815164    48.337649
  21.815048    48.337613
  21.814839    48.337562
  21.814298    48.337432
  21.814012    48.337372
  21.81376     48.337352
  21.813614    48.337378
  21.813516    48.337442
  21.813449    48.337529
  21.813386    48.337632
  21.813254    48.337869
  21.813197    48.337992
  21.813016    48.338108
  21.812823    48.338169
  21.812618    48.3382
  21.812416    48.338167
  21.812129    48.338111
  21.811854    48.338005
  21.811679    48.337936
  21.811168    48.338114
  21.810992    48.33819
  21.810815    48.33828
  21.8107258   48.3383294
  21.810712    48.338337
  21.810678    48.338355
  21.810637    48.338385
  21.810371    48.338591
  21.809426    48.339124
  21.809232    48.339183
  21.809049    48.339187
  21.808892    48.339185
  21.808758    48.339153
  21.808578    48.339101
  21.808509    48.339065
  21.808432    48.33902
  21.808188    48.3388
  21.808097    48.338719
  21.807911    48.338595
  21.807112    48.338138
  21.806999    48.338099
  21.806759    48.338089
  21.806695    48.338094
  21.806459    48.338107
  21.805804    48.338239
  21.805275    48.338439
  21.804894    48.338619
  21.804682    48.338747
  21.804551    48.33886
  21.80437     48.339113
  21.804297    48.33917
  21.804239    48.33921
  21.804137    48.33924
  21.804005    48.339259
  21.80368     48.339306
  21.80359     48.339317
  21.803521    48.339346
  21.803439    48.339388
  21.803391    48.339424
  21.803354    48.339502
  21.803334    48.339583
  21.803341    48.339664
  21.803508    48.340064
  21.803531    48.34016
  21.803534    48.340215
  21.803507    48.340291
  21.803135    48.340936
  21.803073    48.340979
  21.803       48.341008
  21.802904    48.341027
  21.802755    48.341036
  21.802344    48.340998
  21.802097    48.340976
  21.80173     48.34096
  21.801179    48.34099
  21.800894    48.341013
  21.800742    48.341053
  21.800288    48.341187
  21.800106    48.341269
  21.80001     48.341346
  21.799564    48.341718
  21.79912     48.342053
  21.799049    48.342087
  21.798625    48.342404
  21.798477    48.342472
  21.798397    48.342488
  21.798282    48.342466
  21.798201    48.342442
  21.79742     48.342155
  21.796762    48.341934
  21.796266    48.341674
  21.795989    48.34155
  21.795703    48.341435
  21.79556     48.341371
  21.795384    48.34128
  21.794862    48.341004
  21.794657    48.340903
  21.794382    48.340804
  21.794184    48.340743
  21.793992    48.340701
  21.793787    48.340673
  21.793632    48.34067
  21.793517    48.340661
  21.793314    48.340679
  21.79252     48.340751
  21.79203     48.340802
  21.791722    48.340828
  21.79136     48.340889
  21.791058    48.340986
  21.79071     48.341078
  21.790111    48.341103
  21.789965    48.341073
  21.789476    48.34094
  21.787905    48.340238
  21.787514    48.340139
  21.787225    48.34009
  21.786859    48.340059
  21.786677    48.339989
  21.786286    48.339796
  21.786129    48.339742
  21.785958    48.339713
  21.785476    48.339651
  21.785293    48.339618
  21.784956    48.339551
  21.784412    48.339477
  21.784145    48.339407
  21.78401     48.339363
  21.78302     48.338943
  21.782812    48.338926
  21.782708    48.338935
  21.782462    48.338972
  21.782291    48.339013
  21.780366    48.339555
  21.778145    48.340176
  21.777909    48.340224
  21.777722    48.340254
  21.777352    48.340295
  21.777233    48.340299
  21.776513    48.340295
  21.77604     48.340218
  21.775726    48.340137
  21.775485    48.340062
  21.775211    48.339953
  21.774748    48.339776
  21.774276    48.339611
  21.77397     48.339526
  21.773684    48.339474
  21.773494    48.339459
  21.773109    48.33942
  21.770508    48.33928
  21.767397    48.339133
  21.767278    48.339129
  21.7669544   48.3391076
  21.765707    48.339025
  21.764572    48.339006
  21.764472    48.33899
  21.764305    48.338995
  21.764221    48.338993
  21.764055    48.339036
  21.763465    48.3395
  21.76321     48.339622
  21.763045    48.339681
  21.762735    48.33977
  21.762526    48.339846
  21.762276    48.339958
  21.762107    48.340045
  21.76183     48.340222
  21.761615    48.340399
  21.761376    48.340617
  21.76126     48.340762
  21.761153    48.340973
  21.760929    48.341486
  21.760591    48.342396
  21.760411    48.342623
  21.760227    48.342771
  21.75969     48.343031
  21.759089    48.343189
  21.759043    48.343228
  21.758788    48.343362
  21.758512    48.34351
  21.756297    48.344717
  21.755166    48.345341
  21.755002    48.345458
  21.754712    48.345629
  21.754364    48.345784
  21.753803    48.345992
  21.753277    48.346136
  21.752826    48.346197
  21.752446    48.346224
  21.751176    48.346251
  21.750113    48.346291
  21.749188    48.346359
  21.748983    48.346407
  21.747581    48.346963
  21.747278    48.347115
  21.745993    48.348112
  21.745404    48.348558
  21.745251    48.348647
  21.745009    48.348733
  21.743652    48.349064
  21.743268    48.349101
  21.742331    48.348993
  21.742131    48.348937
  21.742032    48.348885
  21.741797    48.348746
  21.741639    48.348615
  21.741533    48.348546
  21.74137     48.348529
  21.741187    48.348531
  21.740356    48.348627
  21.739554    48.348773
  21.7385821   48.3490249
  21.736871    48.349494
  21.736676    48.349531
  21.736293    48.349594
  21.735767    48.34964
  21.7356341   48.349642
  21.735438    48.349645
  21.735345    48.349643
  21.734926    48.349594
  21.733779    48.349463
  21.731969    48.34925
  21.730472    48.349075
  21.729669    48.349006
  21.729418    48.348987
  21.729086    48.348983
  21.728652    48.349004
  21.72821     48.349044
  21.727283    48.349114
  21.725786    48.349353
  21.724932    48.349543
  21.724435    48.349682
  21.724003    48.349848
  21.723363    48.350121
  21.723053    48.350291
  21.722385    48.350705
  21.72197     48.351055
  21.721552    48.351557
  21.7214196   48.3517276
  21.72132     48.351856
  21.720866    48.352694
  21.720242    48.353831
  21.720158    48.353956
  21.719931    48.354242
  21.71979     48.354362
  21.719303    48.354696
  21.71909     48.354806
  21.718499    48.35505
  21.716303    48.3559
  21.714509    48.35659
  21.71189     48.357608
  21.711871    48.357617
  21.71196     48.357745
  21.712171    48.35821
  21.712631    48.359146
  21.713028    48.359961
  21.713422    48.360759
  21.713511    48.361326
  21.713663    48.361671
  21.714013    48.362363
  21.71443     48.36318
  21.714755    48.363955
  21.714513    48.364931
  21.714568    48.365706
  21.714557    48.365887
  21.714266    48.366307
  21.714188    48.366334
  21.714107    48.366365
  21.713391    48.366431
  21.712851    48.366506
  21.712507    48.366576
  21.712344    48.366653
  21.712034    48.36684
  21.71178     48.367042
  21.711291    48.367294
  21.711145    48.367306
  21.710875    48.367268
  21.710296    48.36712
  21.709986    48.367016
  21.709383    48.366793
  21.708805    48.366578
  21.708394    48.366416
  21.707916    48.366249
  21.707511    48.366196
  21.706679    48.366136
  21.705367    48.366054
  21.705157    48.366588
  21.705076    48.3668
  21.70499     48.367028
  21.704956    48.367117
  21.70494     48.36716
  21.704937    48.367169
  21.704923    48.367192
  21.704887    48.367255
  21.704734    48.367522
  21.704684    48.367609
  21.704534    48.367835
  21.704263    48.368245
  21.70417     48.368385
  21.703777    48.36898
  21.703408    48.369538
  21.70335     48.369677
  21.703245    48.369929
  21.703081    48.370319
  21.70281     48.37097
  21.702407    48.371154
  21.702477    48.371215
  21.702648    48.371373
  21.702815    48.371511
  21.702973    48.371655
  21.703146    48.37181
  21.703294    48.371952
  21.703444    48.37208
  21.703602    48.372226
  21.703753    48.372384
  21.703887    48.372532
  21.704028    48.37269
  21.704137    48.372821
  21.704172    48.37287
  21.704292    48.373032
  21.704396    48.373198
  21.704491    48.373319
  21.704558    48.373446
  21.704673    48.373627
  21.704711    48.373699
  21.704783    48.37382
  21.704882    48.373989
  21.704915    48.374075
  21.705022    48.374242
  21.705133    48.374405
  21.705259    48.374566
  21.705366    48.374747
  21.705457    48.374878
  21.705549    48.374999
  21.705666    48.375166
  21.705729    48.375343
  21.705806    48.375558
  21.705817    48.375738
  21.705868    48.375917
  21.705807    48.376048
  21.705761    48.376191
  21.705721    48.376297
  21.705683    48.376424
  21.705603    48.376598
  21.705524    48.376771
  21.705466    48.376853
  21.705319    48.377006
  21.70517     48.377159
  21.705008    48.377308
  21.704851    48.377458
  21.704683    48.377615
  21.704508    48.377753
  21.70435     48.377899
  21.704178    48.378037
  21.704013    48.37818
  21.703848    48.378323
  21.703691    48.37847
  21.703541    48.37862
  21.703399    48.378773
  21.70329     48.37889
  21.703155    48.379046
  21.703037    48.379208
  21.702924    48.379373
  21.702833    48.379542
  21.702742    48.379711
  21.702673    48.379886
  21.702643    48.379964
  21.702067    48.38043
  21.701865    48.380594
  21.701741    48.380695
  21.701444    48.380885
  21.700979    48.381212
  21.700499    48.381556
  21.698466    48.382939
  21.698069    48.383109
  21.697593    48.383236
  21.697323    48.38331
  21.696948    48.38341
  21.696055    48.383583
  21.695427    48.383659
  21.694627    48.383684
  21.694583    48.383687
  21.694065    48.383862
  21.69377     48.384
  21.693397    48.384183
  21.692992    48.384372
  21.692568    48.384595
  21.692169    48.384829
  21.691581    48.384948
  21.691252    48.384984
  21.691131    48.385014
  21.69095     48.385083
  21.690771    48.385177
  21.689752    48.385561
  21.689537    48.385634
  21.689369    48.385694
  21.688933    48.385915
  21.688595    48.386147
  21.68795     48.386363
  21.687538    48.386503
  21.687037    48.386719
  21.686624    48.3869
  21.686339    48.387046
  21.6858      48.387356
  21.685523    48.387517
  21.684755    48.387932
  21.684176    48.388258
  21.683958    48.388356
  21.683598    48.388427
  21.683489    48.389222
  21.683375    48.390221
  21.683368    48.390273
  21.683296    48.390814
  21.683228    48.39082
  21.682845    48.390878
  21.6819      48.390897
  21.68174     48.390895
  21.681147    48.390849
  21.680319    48.390759
  21.68005     48.390724
  21.678558    48.390533
  21.677424    48.390392
  21.677337    48.39038
  21.677314    48.390319
  21.676514    48.390289
  21.676178    48.390264
  21.675948    48.390243
  21.674968    48.390131
  21.674887    48.390119
  21.673895    48.38999
  21.673556    48.389942
  21.672293    48.389736
  21.6718306   48.3897413
  21.6715418   48.3897032
  21.670848    48.389643
  21.669701    48.389484
  21.669429    48.38944
  21.668708    48.389231
  21.668569    48.389217
  21.668527    48.389323
  21.668476    48.38946
  21.6684403   48.3895383
  21.6683929   48.3895996
  21.668344    48.389666
  21.668255    48.389752
  21.668188    48.389808
  21.66807     48.389879
  21.667909    48.389945
  21.667167    48.390195
  21.667207    48.39025
  21.666832    48.390376
  21.6668      48.390481
  21.666733    48.3907
  21.666595    48.39114
  21.666558    48.391184
  21.666425    48.391432
  21.666111    48.391608
  21.665826    48.391736
  21.665448    48.391866
  21.664962    48.392024
  21.664902    48.3920465
  21.664561    48.392164
  21.664645    48.3923
  21.664662    48.392328
  21.664714    48.392402
  21.664725    48.392425
  21.664746    48.392447
  21.664785    48.392519
  21.664918    48.392757
  21.665071    48.393056
  21.665224    48.393305
  21.665364    48.393621
  21.66546     48.393809
  21.665605    48.394055
  21.665727    48.394331
  21.665811    48.394451
  21.665895    48.394576
  21.66606     48.394822
  21.666144    48.394961
  21.666182    48.395018
  21.66648     48.395348
  21.666547    48.395598
  21.666633    48.39576
  21.666758    48.396016
  21.666841    48.396183
  21.666988    48.396543
  21.667128    48.39682
  21.667128    48.396865
  21.667195    48.397086
  21.66726     48.397352
  21.667375    48.397857
  21.667415    48.398214
  21.667405    48.398557
  21.667402    48.398674
  21.667369    48.399055
  21.667369    48.399245
  21.667278    48.399552
  21.66724     48.39961
  21.667098    48.399845
  21.666958    48.400051
  21.666884    48.400234
  21.666846    48.400336
  21.66674     48.40061
  21.666647    48.400794
  21.666581    48.400863
  21.66647     48.400907
  21.666148    48.401017
  21.665717    48.401161
  21.665406    48.401271
  21.665166    48.401409
  21.664959    48.401546
  21.664802    48.401689
  21.664661    48.401863
  21.664608    48.402006
  21.664574    48.402164
  21.66458     48.402394
  21.664652    48.402498
  21.664796    48.402692
  21.665003    48.402882
  21.665074    48.402954
  21.665105    48.403078
  21.665076    48.403353
  21.665065    48.403577
  21.66505     48.40382
  21.665038    48.404232
  21.665092    48.404522
  21.665256    48.404865
  21.665373    48.404963
  21.665462    48.405178
  21.665609    48.405562
  21.665631    48.405605
  21.665704    48.405963
  21.665746    48.40623
  21.665759    48.406349
  21.665842    48.406773
  21.665784    48.407077
  21.665745    48.407248
  21.665444    48.407599
  21.665345    48.407661
  21.664965    48.407987
  21.664905    48.408049
  21.66456     48.408317
  21.664455    48.408411
  21.664199    48.408586
  21.664078    48.40867
  21.664631    48.409593
  21.665227    48.410553
  21.6658635   48.4114637
  21.665818    48.4117332
  21.6656539   48.412247
  21.6634883   48.4179421
  21.663445    48.417928
  21.66201     48.417458
  21.660542    48.416973
  21.660372    48.416919
  21.660186    48.417366
  21.659563    48.417996
  21.659433    48.418886
  21.658808    48.419589
  21.658738    48.419753
  21.658687    48.420214
  21.658388    48.420937
  21.658029    48.421336
  21.657999    48.421445
  21.657974    48.421493
  21.657954    48.421525
  21.657885    48.421592
  21.657464    48.422436
  21.657301    48.42278
  21.657162    48.423056
  21.657032    48.423308
  21.65694     48.423448
  21.656783    48.423765
  21.656677    48.423969
  21.656433    48.42446
  21.65628     48.424778
  21.6561787   48.4249504
  21.6561204   48.4250884
  21.656098    48.425132
  21.656025    48.425375
  21.656004    48.425476
  21.655948    48.42576
  21.655927    48.425965
  21.655816    48.426156
  21.655674    48.426335
  21.655588    48.426457
  21.655565    48.426725
  21.655519    48.426906
  21.655275    48.427394
  21.655213    48.427501
  21.655146    48.427623
  21.655041    48.427791
  21.654807    48.428233
  21.654626    48.428637
  21.654497    48.428942
  21.654311    48.429346
  21.654249    48.429467
  21.654156    48.429605
  21.654048    48.429739
  21.65389     48.429901
  21.653818    48.429989
  21.653686    48.430178
  21.653478    48.430425
  21.653259    48.430641
  21.653182    48.430773
  21.65303     48.430902
  21.652925    48.431014
  21.65283     48.43114
  21.652709    48.431348
  21.652596    48.43148
  21.652592    48.431558
  21.652568    48.431585
  21.652571    48.431672
  21.652533    48.431893
  21.652484    48.432053
  21.652678    48.432403
  21.652763    48.432586
  21.652871    48.432894
  21.652802    48.433031
  21.652693    48.433086
  21.65242     48.432957
  21.652284    48.432699
  21.651982    48.432519
  21.651547    48.432416
  21.651315    48.432389
  21.651057    48.432379
  21.65082     48.432433
  21.650553    48.432511
  21.650443    48.432612
  21.650405    48.432651
  21.650358    48.43277
  21.650463    48.432948
  21.65043     48.43301
  21.650369    48.433159
  21.65037     48.433361
  21.650341    48.433519
  21.650109    48.433822
  21.65005     48.433921
  21.650365    48.43417
  21.650697    48.434242
  21.6517      48.434407
  21.652116    48.434558
  21.652344    48.4346
  21.652498    48.434867
  21.652357    48.435123
  21.652239    48.435342
  21.652146    48.435514
  21.652087    48.43569
  21.652082    48.436049
  21.65187     48.436243
  21.651657    48.436376
  21.651535    48.436451
  21.651254    48.436483
  21.651003    48.436381
  21.650887    48.436366
  21.650672    48.436416
  21.650527    48.436546
  21.650459    48.436701
  21.650613    48.437005
  21.650776    48.437174
  21.650748    48.437341
  21.650609    48.437436
  21.650506    48.437494
  21.650349    48.437487
  21.65004     48.437491
  21.649675    48.437698
  21.649448    48.437779
  21.649232    48.437689
  21.64906     48.437661
  21.648935    48.437657
  21.648877    48.437691
  21.648822    48.437797
  21.648898    48.437968
  21.64894     48.438137
  21.648891    48.438294
  21.648671    48.438437
  21.648483    48.438455
  21.648309    48.438399
  21.648217    48.438374
  21.648196    48.438262
  21.648192    48.438205
  21.648184    48.438158
  21.648095    48.438039
  21.64786     48.437987
  21.647599    48.437992
  21.647405    48.438026
  21.647334    48.438005
  21.647265    48.438016
  21.647137    48.438084
  21.646992    48.438376
  21.646979    48.438465
  21.646892    48.438654
  21.646774    48.43877
  21.646662    48.438784
  21.646485    48.438911
  21.646421    48.43898
  21.646384    48.439023
  21.646248    48.439181
  21.646206    48.439233
  21.646074    48.439405
  21.645919    48.43963
  21.645879    48.439714
  21.645849    48.439991
  21.645807    48.440076
  21.645454    48.440242
  21.645303    48.440277
  21.645196    48.440423
  21.645134    48.440526
  21.645111    48.440588
  21.645099    48.440645
  21.644955    48.44085
  21.644873    48.440928
  21.644735    48.441095
  21.644683    48.441172
  21.644662    48.441236
  21.644595    48.441319
  21.64442     48.441513
  21.644266    48.441778
  21.644014    48.441823
  21.643897    48.44186
  21.643853    48.441885
  21.643703    48.44199
  21.64362     48.442084
  21.643853    48.44234
  21.643791    48.442532
  21.643341    48.442821
  21.643205    48.443052
  21.642913    48.443431
  21.642632    48.443795
  21.642267    48.444263
  21.64176     48.444927
  21.641617    48.445139
  21.641401    48.445343
  21.641198    48.445627
  21.640997    48.44587
  21.640868    48.445994
  21.640597    48.446384
  21.640434    48.446615
  21.640128    48.44701
  21.639834    48.447394
  21.639685    48.447525
  21.639623    48.447569
  21.63935     48.44772
  21.638776    48.447991
  21.638644    48.448037
  21.638058    48.448297
  21.638002    48.448311
  21.637903    48.448334
  21.637743    48.44836
  21.637657    48.448382
  21.637507    48.448403
  21.637348    48.448418
  21.637077    48.448648
  21.637007    48.448735
  21.63692     48.448784
  21.636772    48.448781
  21.63669     48.448727
  21.636599    48.448605
  21.636566    48.448558
  21.636388    48.448523
  21.636084    48.44865
  21.635923    48.448718
  21.635816    48.448716
  21.63578     48.448683
  21.635776    48.448601
  21.635834    48.448515
  21.63591     48.448442
  21.635817    48.44835
  21.635652    48.448401
  21.635528    48.44844
  21.635365    48.448429
  21.635282    48.448364
  21.635097    48.448253
  21.635007    48.448172
  21.634831    48.448092
  21.634409    48.448138
  21.634373    48.448119
  21.634284    48.447944
  21.634273    48.447871
  21.634276    48.447809
  21.634297    48.447682
  21.634294    48.447577
  21.634087    48.447459
  21.634033    48.447448
  21.633876    48.447483
  21.633822    48.447594
  21.633824    48.447646
  21.633906    48.447678
  21.633954    48.447717
  21.633976    48.44782
  21.633924    48.447875
  21.633842    48.447879
  21.633756    48.447871
  21.633661    48.447851
  21.633351    48.447763
  21.633201    48.447632
  21.633122    48.447611
  21.632926    48.447661
  21.632781    48.447678
  21.632722    48.447757
  21.632694    48.447826
  21.632693    48.447878
  21.632717    48.447941
  21.632785    48.448059
  21.632868    48.448147
  21.633012    48.448178
  21.633255    48.448248
  21.633433    48.448236
  21.633474    48.448249
  21.633757    48.448366
  21.633801    48.44839
  21.633831    48.448449
  21.633824    48.448482
  21.633775    48.448499
  21.633587    48.448477
  21.633454    48.448571
  21.633307    48.448663
  21.6332      48.448682
  21.633109    48.448614
  21.633011    48.448594
  21.632945    48.448577
  21.632808    48.448532
  21.632601    48.448588
  21.632595    48.448643
  21.632693    48.448733
  21.632816    48.448808
  21.63286     48.44884
  21.632941    48.448926
  21.632972    48.44898
  21.632989    48.449042
  21.632909    48.449185
  21.632873    48.449226
  21.63283     48.449277
  21.632557    48.44932
  21.632363    48.449178
  21.63221     48.449083
  21.632098    48.449077
  21.632003    48.4491
  21.631938    48.449127
  21.631732    48.44913
  21.631643    48.449153
  21.6316      48.449226
  21.631472    48.449179
  21.631334    48.449173
  21.631296    48.449209
  21.631278    48.449257
  21.631302    48.449371
  21.631385    48.449462
  21.631481    48.449529
  21.63154     48.449541
  21.631664    48.449501
  21.631723    48.449482
  21.631877    48.44951
  21.632077    48.449545
  21.632237    48.449528
  21.632291    48.449554
  21.632336    48.449738
  21.632479    48.449882
  21.632513    48.449974
  21.632493    48.450053
  21.632469    48.450162
  21.632264    48.450287
  21.632171    48.450167
  21.632054    48.45015
  21.631881    48.450152
  21.631703    48.450219
  21.631622    48.450297
  21.631538    48.450388
  21.631474    48.450442
  21.63133     48.450531
  21.631129    48.450529
  21.630962    48.450625
  21.630879    48.45069
  21.630782    48.450709
  21.630666    48.450669
  21.630513    48.450677
  21.630438    48.450722
  21.63042     48.450761
  21.630468    48.450814
  21.63056     48.450854
  21.630621    48.450932
  21.630504    48.451013
  21.630469    48.451074
  21.63044     48.451174
  21.630336    48.45122
  21.630293    48.451267
  21.630309    48.451374
  21.630295    48.451442
  21.630148    48.451495
  21.630155    48.451536
  21.630248    48.451616
  21.630356    48.451692
  21.630479    48.451725
  21.630599    48.451882
  21.630611    48.451951
  21.630603    48.452011
  21.630574    48.452049
  21.630491    48.45208
  21.630379    48.4521
  21.630337    48.452126
  21.630254    48.452157
  21.630063    48.452154
  21.629981    48.452194
  21.629885    48.452273
  21.629869    48.452348
  21.62994     48.452428
  21.62998     48.452492
  21.629994    48.452525
  21.629874    48.452569
  21.629795    48.452627
  21.629762    48.4527
  21.629774    48.45275
  21.629844    48.452787
  21.629896    48.452826
  21.62991     48.452867
  21.629847    48.452944
  21.629825    48.452988
  21.629789    48.453091
  21.629802    48.453147
  21.629837    48.45318
  21.62997     48.453208
  21.630004    48.453214
  21.630027    48.453297
  21.62998     48.453425
  21.629919    48.453501
  21.629945    48.453575
  21.629913    48.453669
  21.629856    48.45375
  21.629901    48.453833
  21.629951    48.453846
  21.630106    48.453786
  21.630175    48.453798
  21.630259    48.453839
  21.630375    48.45387
  21.630517    48.453946
  21.630556    48.453984
  21.630565    48.45407
  21.630533    48.45411
  21.630425    48.454225
  21.630351    48.454278
  21.630138    48.454348
  21.630081    48.454497
  21.630181    48.454591
  21.630207    48.454686
  21.630191    48.454774
  21.630127    48.454843
  21.630041    48.454962
  21.630015    48.455039
  21.630026    48.455091
  21.630006    48.455137
  21.629977    48.45516
  21.6299      48.455161
  21.629783    48.455115
  21.629692    48.455114
  21.629629    48.455117
  21.629388    48.455037
  21.629295    48.455052
  21.629202    48.455124
  21.629046    48.455388
  21.628862    48.455573
  21.628795    48.455676
  21.628777    48.45576
  21.628875    48.455858
  21.629038    48.455923
  21.629079    48.455966
  21.629078    48.456046
  21.629225    48.456121
  21.629302    48.456218
  21.629339    48.456304
  21.629246    48.456366
  21.628989    48.456353
  21.628826    48.45632
  21.628668    48.456333
  21.628438    48.456421
  21.628364    48.45648
  21.62835     48.456548
  21.62842     48.456629
  21.628473    48.456637
  21.628622    48.45663
  21.62872     48.456663
  21.628736    48.45676
  21.628789    48.456799
  21.628953    48.456782
  21.629055    48.456814
  21.629177    48.456941
  21.629479    48.456917
  21.629587    48.457008
  21.629549    48.457178
  21.629543    48.457243
  21.629453    48.457363
  21.629471    48.457504
  21.6295      48.45753
  21.629547    48.457541
  21.629615    48.457521
  21.629734    48.457373
  21.62979     48.457351
  21.629955    48.457336
  21.630073    48.457386
  21.630107    48.457458
  21.630305    48.457454
  21.630442    48.457419
  21.630573    48.457466
  21.630647    48.457639
  21.630706    48.457799
  21.630688    48.458067
  21.63068     48.458237
  21.630655    48.458373
  21.63066     48.458415
  21.630678    48.458479
  21.630804    48.458634
  21.630959    48.458772
  21.631072    48.458901
  21.631332    48.459079
  21.631454    48.459122
  21.631492    48.459202
  21.631373    48.459265
  21.631285    48.45933
  21.631131    48.459446
  21.630948    48.459451
  21.630736    48.459532
  21.63067     48.459482
  21.630609    48.45941
  21.630566    48.4594
  21.630511    48.459406
  21.630445    48.459436
  21.630406    48.459494
  21.630389    48.459587
  21.630338    48.459649
  21.630257    48.459717
  21.630279    48.459846
  21.630196    48.459884
  21.630111    48.45991
  21.6299      48.460038
  21.629741    48.460127
  21.629649    48.460154
  21.629271    48.460388
  21.629059    48.460505
  21.62883     48.46063
  21.628532    48.460796
  21.628336    48.460903
  21.628252    48.460965
  21.627936    48.461124
  21.627772    48.461227
  21.627549    48.461322
  21.627362    48.461436
  21.627178    48.461548
  21.626938    48.461663
  21.626827    48.461792
  21.626583    48.462005
  21.626464    48.462117
  21.626225    48.462355
  21.626043    48.462488
  21.625914    48.462656
  21.625751    48.46279
  21.625656    48.462866
  21.625604    48.462935
  21.625468    48.46308
  21.625326    48.463203
  21.625194    48.463349
  21.625049    48.463477
  21.624907    48.463601
  21.624855    48.463669
  21.624796    48.463736
  21.624612    48.463871
  21.624504    48.463976
  21.624291    48.464173
  21.624113    48.464357
  21.623913    48.464521
  21.623594    48.464845
  21.623564    48.464876
  21.623454    48.464953
  21.623394    48.46501
  21.623304    48.465121
  21.623145    48.465303
  21.623104    48.465355
  21.623054    48.465411
  21.62294     48.465513
  21.622785    48.465606
  21.6227      48.465679
  21.622618    48.46576
  21.622541    48.465834
  21.622463    48.465915
  21.62228     48.466087
  21.622219    48.466155
  21.622154    48.466285
  21.622146    48.466331
  21.622088    48.466461
  21.622052    48.466524
  21.621992    48.46661
  21.621963    48.466662
  21.621857    48.466852
  21.62179     48.466961
  21.621692    48.467131
  21.621548    48.467418
  21.621421    48.467466
  21.621393    48.467458
  21.621283    48.467681
  21.621238    48.467764
  21.621153    48.46792
  21.621077    48.468177
  21.621026    48.468372
  21.620999    48.468545
  21.620932    48.468714
  21.620759    48.469047
  21.62067     48.469168
  21.62052     48.469379
  21.620418    48.469549
  21.620324    48.469652
  21.620188    48.469826
  21.620132    48.469958
  21.620148    48.470246
  21.620287    48.470667
  21.620335    48.470834
  21.620308    48.470923
  21.620291    48.470981
  21.620269    48.471106
  21.620299    48.471283
  21.620413    48.471321
  21.620441    48.471361
  21.620496    48.471488
  21.620575    48.471556
  21.620716    48.471641
  21.620869    48.471755
  21.621049    48.471824
  21.621143    48.471944
  21.621307    48.471945
  21.621442    48.471945
  21.621539    48.472013
  21.621569    48.472106
  21.621651    48.472198
  21.621853    48.472219
  21.62206     48.472215
  21.622069    48.472221
  21.622257    48.472349
  21.622491    48.472413
  21.6225      48.472529
  21.622607    48.472585
  21.62287     48.472633
  21.623038    48.472543
  21.623404    48.472458
  21.62344     48.472463
  21.623683    48.472577
  21.623871    48.472652
  21.623997    48.472693
  21.624168    48.472708
  21.624242    48.472751
  21.624404    48.472905
  21.624432    48.473018
  21.624383    48.473068
  21.624188    48.473039
  21.624083    48.473042
  21.62395     48.473068
  21.623922    48.473057
  21.623829    48.473012
  21.623557    48.472974
  21.623393    48.473046
  21.623196    48.47308
  21.62304     48.47309
  21.622992    48.473132
  21.623005    48.473277
  21.623375    48.473259
  21.623621    48.473266
  21.62369     48.473314
  21.623681    48.473347
  21.623258    48.473507
  21.623236    48.473645
  21.623357    48.473809
  21.623439    48.473899
  21.623442    48.474014
  21.623398    48.474207
  21.623404    48.474266
  21.623393    48.474306
  21.62336     48.474413
  21.623323    48.474477
  21.623309    48.47454
  21.62328     48.474622
  21.623296    48.474687
  21.623236    48.474941
  21.623271    48.475032
  21.623237    48.475075
  21.623216    48.475111
  21.623241    48.475264
  21.623219    48.475424
  21.623194    48.475516
  21.62317     48.475796
  21.623129    48.475995
  21.623133    48.476064
  21.623115    48.476155
  21.623106    48.476237
  21.623094    48.476289
  21.623071    48.47638
  21.623053    48.476518
  21.623058    48.476752
  21.623031    48.476791
  21.623036    48.476953
  21.623014    48.477063
  21.623013    48.477165
  21.623002    48.47724
  21.623009    48.477385
  21.622997    48.477466
  21.62293     48.477518
  21.622928    48.477759
  21.622915    48.477936
  21.622909    48.478015
  21.62286     48.478267
  21.622811    48.478734
  21.6228      48.478791
  21.62278     48.478892
  21.622734    48.479399
  21.622717    48.479583
  21.62269     48.479827
  21.622655    48.480139
  21.622641    48.480256
  21.622471    48.481375
  21.622459    48.481467
  21.622423    48.48159
  21.622384    48.481881
  21.62237     48.481985
  21.622338    48.482196
  21.622369    48.482288
  21.622343    48.482418
  21.622232    48.483095
  21.622201    48.48329
  21.62214     48.483871
  21.622017    48.484435
  21.622012    48.484505
  21.622013    48.484722
  21.621993    48.484958
  21.621945    48.485273
  21.62191     48.485534
  21.621927    48.485599
  21.621883    48.485712
  21.621849    48.485976
  21.621802    48.486151
  21.621801    48.48616
  21.621757    48.486367
  21.621774    48.486437
  21.621756    48.486696
  21.621733    48.486844
  21.621693    48.487058
  21.621733    48.487261
  21.621712    48.487371
  21.621655    48.487573
  21.621657    48.487712
  21.621642    48.487822
  21.621634    48.487867
  21.621466    48.487986
  21.621447    48.488068
  21.621473    48.48823
  21.621505    48.488283
  21.62153     48.488422
  21.621578    48.488507
  21.621584    48.488579
  21.62149     48.488846
  21.621389    48.488899
  21.621363    48.488981
  21.621357    48.489047
  21.621345    48.489315
  21.621378    48.489447
  21.621305    48.489525
  21.621257    48.489638
  21.62126     48.489735
  21.621243    48.48981
  21.621199    48.489927
  21.621189    48.489998
  21.621231    48.490161
  21.621264    48.490163
  21.621317    48.490313
  21.62127     48.49047
  21.621221    48.490518
  21.621211    48.490635
  21.621247    48.490677
  21.621235    48.490846
  21.621236    48.49096
  21.62121     48.491044
  21.621163    48.491254
  21.621166    48.491368
  21.621209    48.491437
  21.621256    48.491512
  21.621248    48.491663
  21.621213    48.491827
  21.621219    48.49192
  21.62124     48.492
  21.62122     48.492135
  21.621082    48.492198
  21.620997    48.492274
  21.6209      48.492386
  21.620877    48.492495
  21.620852    48.492541
  21.62082     48.492595
  21.620836    48.492734
  21.620826    48.492794
  21.620756    48.492822
  21.620604    48.492766
  21.620448    48.492787
  21.620375    48.492879
  21.620354    48.492943
  21.620291    48.493044
  21.620217    48.493106
  21.620165    48.493134
  21.620018    48.493287
  21.619861    48.493355
  21.619803    48.493385
  21.619788    48.493489
  21.619784    48.493573
  21.619866    48.493605
  21.619932    48.493656
  21.619939    48.493677
  21.619947    48.493758
  21.61995     48.493773
  21.619884    48.493832
  21.619782    48.493928
  21.619571    48.494082
  21.619518    48.494147
  21.619381    48.494312
  21.619312    48.494452
  21.619303    48.494511
  21.619194    48.494768
  21.619045    48.495204
  21.618959    48.495529
  21.618785    48.496188
  21.618656    48.49672
  21.618526    48.497192
  21.61839     48.497633
  21.618368    48.497744
  21.618317    48.497992
  21.618207    48.497975
  21.616064    48.497874
  21.614614    48.497802
  21.614426    48.499454
  21.614328    48.500298
  21.61424     48.501056
  21.614075    48.50252
  21.613972    48.503488
  21.613876    48.504281
  21.613745    48.505362
  21.613814    48.506972
  21.613849    48.507726
  21.613892    48.508471
  21.613912    48.50899
  21.613915    48.509085
  21.61392     48.50921
  21.613933    48.509416
  21.613404    48.509384
  21.613357    48.509377
  21.613236    48.509367
  21.612907    48.509339
  21.61263     48.50932
  21.611746    48.509235
  21.611718    48.509235
  21.6117      48.509275
  21.611376    48.509982
  21.611356    48.510084
  21.611355    48.510084
  21.611129    48.510093
  21.611053    48.5101636
  21.61103     48.510185
  21.610932    48.510217
  21.610824    48.51025
  21.610691    48.51028
  21.610546    48.510298
  21.610499    48.510321
  21.610499    48.510437
  21.610482    48.510506
  21.610446    48.51051
  21.610264    48.510511
  21.610221    48.510462
  21.610144    48.510438
  21.609963    48.510543
  21.609737    48.510589
  21.6097      48.51062
  21.609612    48.510612
  21.609502    48.510559
  21.609441    48.510505
  21.609426    48.510407
  21.609257    48.510315
  21.609221    48.510255
  21.609038    48.510108
  21.608993    48.510023
  21.608919    48.509944
  21.608716    48.509882
  21.60855     48.509752
  21.608201    48.509255
  21.608062    48.509106
  21.608015    48.509036
  21.607817    48.508865
  21.607597    48.508731
  21.607379    48.508587
  21.607228    48.508487
  21.607089    48.508336
  21.607052    48.508288
  21.606854    48.508237
  21.606604    48.508059
  21.606453    48.507952
  21.606066    48.507771
  21.605787    48.507656
  21.60572     48.507606
  21.605681    48.507567
  21.605695    48.507479
  21.605629    48.507459
  21.605557    48.507434
  21.605343    48.507463
  21.605111    48.507436
  21.604927    48.507406
  21.604631    48.507392
  21.604478    48.5074
  21.604367    48.507418
  21.604232    48.507459
  21.604027    48.507546
  21.603749    48.507658
  21.603605    48.507722
  21.603466    48.507764
  21.603374    48.507819
  21.603299    48.507879
  21.603236    48.507971
  21.603147    48.508247
  21.603079    48.508356
  21.603025    48.50844
  21.602978    48.508526
  21.602704    48.508836
  21.602458    48.509081
  21.602383    48.509248
  21.602216    48.509317
  21.602115    48.509403
  21.601988    48.509584
  21.601905    48.509617
  21.601873    48.509629
  21.601753    48.509626
  21.601471    48.509858
  21.601428    48.509931
  21.601315    48.509996
  21.601141    48.510048
  21.601013    48.510105
  21.600819    48.510133
  21.600755    48.510194
  21.600686    48.510233
  21.600338    48.510348
  21.600016    48.510398
  21.599934    48.510432
  21.599906    48.510444
  21.599808    48.510504
  21.59972     48.510539
  21.599654    48.510557
  21.599496    48.510654
  21.599406    48.510695
  21.599327    48.510709
  21.599297    48.510736
  21.599274    48.510786
  21.599118    48.51081
  21.598979    48.51088
  21.598871    48.510905
  21.598795    48.510962
  21.598751    48.510972
  21.598587    48.511066
  21.598445    48.511119
  21.59841     48.511143
  21.598309    48.511156
  21.598284    48.511157
  21.59825     48.511186
  21.59822     48.511257
  21.598101    48.511278
  21.598046    48.511308
  21.597957    48.511325
  21.597877    48.511387
  21.597732    48.511411
  21.597648    48.511477
  21.597505    48.51152
  21.597422    48.511564
  21.597355    48.51157
  21.597269    48.511612
  21.597172    48.51175
  21.597116    48.51176
  21.597021    48.511809
  21.596925    48.511825
  21.596632    48.511922
  21.596581    48.511982
  21.596309    48.51213
  21.596212    48.512226
  21.596059    48.51226
  21.596041    48.512278
  21.595924    48.512355
  21.595892    48.512415
  21.595794    48.512472
  21.595575    48.512527
  21.595495    48.512601
  21.595472    48.512705
  21.595431    48.512767
  21.595325    48.512841
  21.595117    48.512917
  21.59505     48.512916
  21.594909    48.512839
  21.594784    48.512971
  21.59475     48.513102
  21.594606    48.513244
  21.594472    48.513202
  21.594235    48.51319
  21.594041    48.513347
  21.593558    48.513277
  21.593296    48.513236
  21.592944    48.513178
  21.592461    48.513111
  21.592328    48.513039
  21.592316    48.51293
  21.592216    48.512824
  21.592       48.512867
  21.591789    48.512905
  21.591692    48.512904
  21.591534    48.512924
  21.591374    48.512988
  21.591108    48.51301
  21.590987    48.51295
  21.590912    48.512841
  21.590989    48.512709
  21.590934    48.512467
  21.59072     48.512389
  21.590553    48.512381
  21.590444    48.512359
  21.59025     48.512335
  21.590096    48.51234
  21.59004     48.512317
  21.589919    48.512322
  21.589829    48.512347
  21.589825    48.512344
  21.589728    48.512245
  21.589618    48.512234
  21.589404    48.51219
  21.589328    48.512162
  21.589202    48.512056
  21.589057    48.512031
  21.588929    48.512093
  21.588857    48.512013
  21.588731    48.511956
  21.588614    48.51188
  21.588453    48.511917
  21.588335    48.512027
  21.58823     48.512082
  21.588159    48.512057
  21.588166    48.511993
  21.588222    48.511966
  21.58819     48.511854
  21.588043    48.511787
  21.587816    48.511782
  21.587476    48.51182
  21.587311    48.511736
  21.587086    48.511683
  21.586935    48.511621
  21.58669     48.511446
  21.586581    48.511495
  21.586398    48.511614
  21.586271    48.511526
  21.586214    48.511424
  21.586078    48.511362
  21.585988    48.511375
  21.585981    48.511332
  21.585731    48.510788
  21.585349    48.51035
  21.585313    48.510238
  21.584826    48.510009
  21.584557    48.509879
  21.584046    48.50941
  21.583169    48.508658
  21.582805    48.50836
  21.582712    48.507996
  21.582644    48.507678
  21.581949    48.506819
  21.580954    48.506186
  21.580248    48.505476
  21.579929    48.505132
  21.57972     48.504688
  21.578923    48.504467
  21.578029    48.504369
  21.577339    48.505101
  21.576242    48.504945
  21.575167    48.504987
  21.573969    48.505034
  21.573095    48.504837
  21.5728857   48.50479
  21.572303    48.504659
  21.571172    48.504763
  21.569907    48.504878
  21.568625    48.504996
  21.567547    48.505093
  21.566571    48.505181
  21.565639    48.505268
  21.565082    48.505924
  21.564482    48.506442
  21.563697    48.50686
  21.5633993   48.507054
  21.563051    48.507281
  21.563004    48.507873
  21.562972    48.50833
  21.562967    48.509176
  21.562527    48.509979
  21.561868    48.510605
  21.561174    48.511529
  21.56071     48.511354
  21.559863    48.511028
  21.558917    48.510641
  21.557964    48.510211
  21.556937    48.509769
  21.556066    48.509324
  21.55591     48.509246
  21.555449    48.509119
  21.554673    48.508906
  21.5540885   48.5087523
  21.553437    48.508581
  21.552157    48.508425
  21.550877    48.508684
  21.550074    48.508967
  21.549729    48.50947
  21.548722    48.509329
  21.547243    48.509098
  21.546156    48.508918
  21.545303    48.508788
  21.544311    48.50864
  21.543478    48.508475
  21.54273     48.508338
  21.54202     48.508395
  21.542047    48.508477
  21.542057    48.508583
  21.542033    48.508731
  21.541996    48.50893
  21.541965    48.509071
  21.541921    48.50916
  21.541826    48.509285
  21.541648    48.509521
  21.541465    48.509764
  21.541285    48.509987
  21.541213    48.510104
  21.54118     48.510265
  21.541182    48.510383
  21.541212    48.510492
  21.541336    48.510748
  21.541352    48.510903
  21.541352    48.511091
  21.541311    48.511159
  21.541138    48.511298
  21.541023    48.51142
  21.540933    48.51154
  21.540893    48.511641
  21.540864    48.511782
  21.540843    48.51195
  21.540854    48.512025
  21.54087     48.512069
  21.540918    48.512122
  21.541009    48.512192
  21.541095    48.512274
  21.541155    48.512397
  21.541199    48.512457
  21.541269    48.512509
  21.541412    48.512579
  21.541507    48.512637
  21.541548    48.512671
  21.541584    48.512744
  21.541606    48.512837
  21.541588    48.512915
  21.541477    48.51306
  21.541418    48.513151
  21.541227    48.513381
  21.541122    48.513469
  21.541027    48.513535
  21.540894    48.513618
  21.540779    48.513716
  21.540523    48.513895
  21.540442    48.513921
  21.540321    48.513938
  21.54012     48.513949
  21.539995    48.513966
  21.539923    48.513988
  21.539872    48.514013
  21.539792    48.514065
  21.539722    48.51413
  21.539692    48.514169
  21.539585    48.514296
  21.539494    48.514383
  21.539359    48.514481
  21.539153    48.514594
  21.538927    48.514718
  21.538696    48.514863
  21.538488    48.514989
  21.538296    48.515118
  21.538125    48.515251
  21.537995    48.515332
  21.537789    48.515441
  21.537643    48.515494
  21.537437    48.515563
  21.53733     48.515577
  21.5371      48.515566
  21.536888    48.515522
  21.536754    48.515507
  21.53637     48.515583
  21.536095    48.515649
  21.535741    48.515767
  21.535586    48.515853
  21.535495    48.515895
  21.53531     48.51593
  21.53517     48.515975
  21.535027    48.516066
  21.534879    48.516182
  21.534751    48.516266
  21.534175    48.516498
  21.533819    48.51662
  21.533675    48.516701
  21.533488    48.516772
  21.533216    48.516854
  21.533113    48.516894
  21.532833    48.517024
  21.532368    48.517222
  21.532092    48.517323
  21.531922    48.517407
  21.531788    48.517506
  21.531581    48.517694
  21.531265    48.517948
  21.531055    48.518145
  21.530684    48.518509
  21.530567    48.518639
  21.530275    48.51901
  21.530105    48.519213
  21.529898    48.519458
  21.52953     48.519902
  21.529351    48.520083
  21.529081    48.520397
  21.528884    48.52062
  21.528775    48.520691
  21.528651    48.520746
  21.528291    48.520852
  21.52811     48.520909
  21.527901    48.520974
  21.527544    48.521086
  21.527448    48.521127
  21.527352    48.521178
  21.527055    48.521382
  21.526746    48.521585
  21.526629    48.52165
  21.52656     48.521703
  21.526325    48.521869
  21.525906    48.522128
  21.525583    48.522345
  21.52532     48.522542
  21.52523     48.522631
  21.525196    48.522721
  21.52518     48.522883
  21.525141    48.522981
  21.52515     48.523622
  21.525383    48.524075
  21.525786    48.524594
  21.525456    48.525138
  21.524642    48.526444
  21.52401     48.527427
  21.523758    48.527829
  21.523513    48.528188
  21.523026    48.528892
  21.522671    48.52944
  21.522245    48.530099
  21.521924    48.53064
  21.52157     48.531239
  21.521189    48.532088
  21.521065    48.532452
  21.520875    48.533011
  21.520794    48.533413
  21.520751    48.533673
  21.521431    48.534525
  21.520569    48.535329
  21.520271    48.535543
  21.51955     48.536041
  21.518933    48.536622
  21.518672    48.536872
  21.517897    48.53719
  21.517016    48.537581
  21.516688    48.538082
  21.516499    48.538466
  21.515998    48.538995
  21.515461    48.53965
  21.51533     48.540196
  21.5155654   48.5405466
  21.515593    48.540563
  21.515835    48.540885
  21.516022    48.54114
  21.51624     48.541638
  21.516435    48.542147
  21.516482    48.542304
  21.516541    48.542567
  21.516658    48.543057
  21.516943    48.54366
  21.517136    48.544098
  21.51751     48.544574
  21.517968    48.545194
  21.517917    48.54569
  21.518117    48.546312
  21.518374    48.546913
  21.518161    48.547128
  21.51789     48.547379
  21.517305    48.547908
  21.516852    48.548241
  21.516474    48.548746
  21.516181    48.549139
  21.515965    48.549429
  21.515617    48.549611
  21.515493    48.549817
  21.515244    48.549907
  21.515194    48.550059
  21.514655    48.550231
  21.51429     48.550497
  21.514159    48.550667
  21.514091    48.551065
  21.513912    48.551141
  21.513232    48.551202
  21.512972    48.551224
  21.512479    48.551182
  21.511836    48.551126
  21.511595    48.55146
  21.511353    48.551801
  21.510865    48.552082
  21.510621    48.552555
  21.51059     48.552843
  21.51031     48.552786
  21.509879    48.552656
  21.509524    48.552559
  21.508859    48.552264
  21.508539    48.55212
  21.507907    48.552309
  21.506877    48.552609
  21.506809    48.552629
  21.506485    48.552723
  21.506668    48.552919
  21.507114    48.553081
  21.507314    48.553273
  21.507564    48.553421
  21.507619    48.553608
  21.507933    48.553768
  21.508103    48.553824
  21.508395    48.554281
  21.508714    48.554711
  21.508265    48.554972
  21.50795     48.55534
  21.507672    48.555223
  21.507397    48.555375
  21.507257    48.555539
  21.506828    48.555513
  21.506607    48.555343
  21.506153    48.555267
  21.505739    48.55502
  21.505154    48.554875
  21.505068    48.554936
  21.504657    48.554878
  21.50449     48.554934
  21.504002    48.554927
  21.503517    48.554714
  21.503187    48.554803
  21.503094    48.554872
  21.503007    48.554923
  21.502677    48.554958
  21.502446    48.55492
  21.501694    48.554963
  21.501368    48.554812
  21.500872    48.554894
  21.500809    48.554904
  21.500617    48.554935
  21.500225    48.555247
  21.500434    48.555557
  21.500455    48.55572
  21.500299    48.555948
  21.499835    48.556444
  21.499595    48.5567
  21.499556    48.55701
  21.499516    48.557535
  21.499754    48.557905
  21.499695    48.558503
  21.499433    48.559064
  21.499296    48.55936
  21.499163    48.559638
  21.499411    48.559792
  21.499675    48.559956
  21.499615    48.560152
  21.499243    48.560366
  21.498522    48.560358
  21.49812     48.560313
  21.497838    48.560554
  21.497268    48.560541
  21.497234    48.560538
  21.49727     48.560263
  21.497117    48.559809
  21.49701     48.559515
  21.496978    48.559243
  21.497125    48.558843
  21.497098    48.558671
  21.497046    48.558678
  21.495755    48.558815
  21.494863    48.5589
  21.493824    48.559071
  21.493192    48.559144
  21.492436    48.559233
  21.491797    48.559342
  21.491079    48.559398
  21.490593    48.559421
  21.490168    48.559098
  21.489555    48.558806
  21.489095    48.558667
  21.488887    48.558606
  21.488411    48.558376
  21.4882131   48.5585718
  21.488129    48.558655
  21.487497    48.558972
  21.486816    48.559361
  21.486205    48.559667
  21.485686    48.559971
  21.485514    48.560452
  21.485271    48.560973
  21.485076    48.561454
  21.4849658   48.5619532
  21.4848566   48.5623036
  21.4847076   48.5626126
  21.4844546   48.5626921
  21.4837047   48.562854
  21.4833403   48.5630361
  21.483113    48.563078
  21.482336    48.563379
  21.4820491   48.563572
  21.4818254   48.5642627
  21.4814647   48.5647028
  21.4810411   48.5648111
  21.4799146   48.5650866
  21.4791167   48.5651746
  21.4787867   48.5649434
  21.4784056   48.5645282
  21.4777015   48.5641567
  21.4769925   48.5641936
  21.4764249   48.5642771
  21.4756784   48.5643421
  21.4749484   48.5645853
  21.474384    48.564829
  21.4740515   48.5650264
  21.473329    48.56531
  21.4730195   48.5654864
  21.472556    48.5656
  21.4719105   48.5658755
  21.4711707   48.5661728
  21.4708143   48.5665147
  21.470564    48.566793
  21.4706498   48.5671541
  21.47032     48.5673738
  21.4702117   48.5675311
  21.4701849   48.567581
  21.4699784   48.5679725
  21.4698526   48.5682282
  21.4698479   48.5682038
  21.4697105   48.568411
  21.4693498   48.5688419
  21.4689854   48.5692431
  21.4685293   48.5693797
  21.468291    48.56957
  21.4678407   48.5699092
  21.4671712   48.5701871
  21.466827    48.570607
  21.4665362   48.5708113
  21.4659054   48.571122
  21.465669    48.5716055
  21.4653076   48.5719758
  21.464497    48.572282
  21.4638847   48.5727673
  21.4629919   48.573205
  21.4626518   48.5732932
  21.4621659   48.5734099
  21.4615372   48.5735658
  21.4609335   48.5733306
  21.4607785   48.5733084
  21.460435    48.573692
  21.46063     48.57397
  21.460007    48.574327
  21.459479    48.574638
  21.4587841   48.5750661
  21.4584758   48.5752028
  21.4581758   48.5754369
  21.4580778   48.575577
  21.4580463   48.5756693
  21.4580969   48.5758114
  21.458195    48.5762093
  21.4581222   48.576771
  21.457751    48.576425
  21.457219    48.576065
  21.456541    48.575617
  21.455748    48.57523
  21.455388    48.57485
  21.454503    48.574563
  21.453971    48.574605
  21.453819    48.574598
  21.453431    48.574487
  21.4528518   48.5747441
  21.451462    48.574922
  21.45094     48.574837
  21.450738    48.574907
  21.450704    48.575023
  21.450615    48.575363
  21.450297    48.575838
  21.450179    48.575992
  21.449841    48.576134
  21.448921    48.576381
  21.448082    48.576748
  21.447987    48.577008
  21.44771     48.577734
  21.447868    48.578256
  21.44794     48.57874
  21.447169    48.579235
  21.447037    48.579459
  21.446571    48.579934
  21.446259    48.580347
  21.446278    48.580701
  21.445765    48.580895
  21.445123    48.580982
  21.444841    48.581088
  21.444438    48.58125
  21.44398     48.581578
  21.443448    48.58214
  21.442805    48.582525
  21.442548    48.582921
  21.442357    48.583211
  21.442373    48.583321
  21.442221    48.583729
  21.44203     48.58414
  21.441963    48.58429
  21.441656    48.584488
  21.441013    48.584898
  21.44061     48.585104
  21.440068    48.585237
  21.439482    48.585257
  21.439019    48.585166
  21.438933    48.58515
  21.438604    48.585054
  21.438356    48.584908
  21.438302    48.584888
  21.437859    48.584791
  21.437665    48.584666
  21.437409    48.584495
  21.437134    48.584382
  21.436865    48.584302
  21.436476    48.584334
  21.436182    48.584197
  21.435906    48.584103
  21.435741    48.584076
  21.435605    48.583968
  21.435452    48.583956
  21.435298    48.583917
  21.435133    48.583872
  21.435012    48.583819
  21.434925    48.58382
  21.434821    48.583794
  21.4347      48.583812
  21.434546    48.583779
  21.434385    48.583789
  21.43419     48.583713
  21.433734    48.583671
  21.433386    48.583641
  21.433181    48.583564
  21.432919    48.583546
  21.432531    48.583566
  21.432263    48.583538
  21.432147    48.583584
  21.432048    48.583569
  21.431972    48.583521
  21.431615    48.583471
  21.431476    48.583513
  21.431154    48.583515
  21.431051    48.583467
  21.430965    48.583466
  21.430836    48.583509
  21.430674    48.583404
  21.430569    48.583382
  21.430488    48.583404
  21.430363    48.583468
  21.430201    48.583442
  21.430062    48.583359
  21.429763    48.583384
  21.429665    48.583415
  21.429555    48.583381
  21.429406    48.583387
  21.4292      48.583511
  21.429055    48.583533
  21.428905    48.583534
  21.428858    48.583549
  21.428725    48.58346
  21.428403    48.583243
  21.427772    48.582808
  21.427272    48.582454
  21.426862    48.581829
  21.426873    48.581161
  21.426677    48.580518
  21.426504    48.57997
  21.425641    48.579685
  21.425368    48.579593
  21.425161    48.579539
  21.424616    48.579392
  21.423651    48.579117
  21.422665    48.578821
  21.422674    48.578603
  21.422702    48.57802
  21.422671    48.577834
  21.422616    48.577569
  21.422298    48.57713
  21.4222      48.576876
  21.422154    48.576678
  21.421938    48.576135
  21.421607    48.575732
  21.42142     48.575328
  21.421376    48.575225
  21.421241    48.57491
  21.42122     48.574324
  21.421269    48.574176
  21.421347    48.573913
  21.421318    48.573602
  21.421418    48.573061
  21.4214      48.57292
  21.421227    48.572471
  21.421324    48.572024
  21.421444    48.571693
  21.421387    48.571429
  21.421349    48.571228
  21.421313    48.570953
  21.42137     48.570316
  21.421412    48.569873
  21.421419    48.5697884
  21.421479    48.569068
  21.421535    48.568355
  21.421518    48.567914
  21.421483    48.567429
  21.421438    48.566638
  21.421437    48.56595
  21.421757    48.565314
  21.421617    48.56448
  21.421771    48.563862
  21.421758    48.563479
  21.421397    48.562828
  21.421015    48.562217
  21.420199    48.561704
  21.42        48.5616294
  21.419684    48.561511
  21.419119    48.561323
  21.418432    48.56101
  21.41793     48.560588
  21.417818    48.560324
  21.4177      48.560141
  21.417265    48.559886
  21.416981    48.559701
  21.416553    48.559293
  21.415985    48.559109
  21.41545     48.558951
  21.414666    48.558868
  21.414118    48.558838
  21.413462    48.558924
  21.412742    48.5591
  21.41226     48.559229
  21.411631    48.559137
  21.410463    48.558933
  21.409935    48.559111
  21.408789    48.559327
  21.407871    48.559386
  21.407356    48.559462
  21.406774    48.55965
  21.406189    48.559985
  21.406187    48.560251
  21.405826    48.560567
  21.405789    48.561055
  21.405571    48.56129
  21.405411    48.561604
  21.405142    48.561964
  21.405261    48.562292
  21.404934    48.562664
  21.40428     48.563107
  21.403741    48.563138
  21.403416    48.56318
  21.403003    48.563196
  21.402315    48.563365
  21.401909    48.56356
  21.401412    48.563536
  21.400739    48.563656
  21.400417    48.563845
  21.400192    48.563852
  21.399914    48.563752
  21.399701    48.563669
  21.398757    48.563459
  21.39796     48.563417
  21.397073    48.563456
  21.396243    48.563519
  21.395776    48.563507
  21.3956476   48.5634948
  21.395499    48.563476
  21.39504     48.563431
  21.394551    48.563317
  21.393756    48.563091
  21.393031    48.562896
  21.392638    48.562803
  21.392375    48.562748
  21.391351    48.562474
  21.391159    48.562321
  21.390192    48.562066
  21.389329    48.561788
  21.38854     48.561585
  21.387988    48.561406
  21.387782    48.561342
  21.387086    48.561167
  21.386373    48.560987
  21.385621    48.560753
  21.385217    48.560619
  21.385106    48.560589
  21.384402    48.56038
  21.383931    48.560237
  21.383377    48.56012
  21.382995    48.56011
  21.382543    48.560097
  21.382062    48.56
  21.381955    48.559954
  21.381614    48.559745
  21.38126     48.559376
  21.381006    48.559128
  21.380772    48.55899
  21.380521    48.558771
  21.380384    48.558683
  21.380101    48.55851
  21.379894    48.558407
  21.379621    48.558194
  21.37936     48.55821
  21.3791      48.558231
  21.378718    48.558496
  21.378137    48.558638
  21.377564    48.558761
  21.377066    48.558762
  21.376575    48.558837
  21.376192    48.55883
  21.375904    48.558893
  21.375564    48.558999
  21.375359    48.559114
  21.375102    48.559274
  21.374859    48.559437
  21.374475    48.559689
  21.374275    48.55967
  21.374128    48.559539
  21.373804    48.559207
  21.37334     48.558996
  21.373081    48.558971
  21.372623    48.559041
  21.372211    48.559188
  21.371826    48.559367
  21.371487    48.559341
  21.371149    48.55921
  21.370669    48.559147
  21.370153    48.559147
  21.369472    48.559205
  21.368735    48.559341
  21.368469    48.559387
  21.367717    48.559554
  21.36692     48.559723
  21.366706    48.559792
  21.366327    48.560105
  21.365843    48.560321
  21.365291    48.560426
  21.36466     48.560359
  21.364411    48.560472
  21.363753    48.560475
  21.362725    48.560611
  21.361878    48.560577
  21.360754    48.560561
  21.359585    48.560555
  21.358444    48.560488
  21.357615    48.560462
  21.357572    48.560464
  21.356898    48.560458
  21.356265    48.560479
  21.35372     48.560504
  21.352809    48.560549
  21.352084    48.560513
  21.350769    48.56053
  21.349454    48.560574
  21.348466    48.560562
  21.347203    48.560504
  21.346338    48.560396
  21.345141    48.560254
  21.344539    48.560257
  21.342993    48.560092
  21.342621    48.560037
  21.341927    48.559969
  21.341473    48.559938
  21.340365    48.559882
  21.340368    48.559635
  21.3404387   48.5591975
  21.339576    48.559019
  21.339249    48.558993
  21.338493    48.558985
  21.3374332   48.5590124
  21.3368933   48.5590161
  21.335725    48.5590772
  21.3348472   48.5591409
  21.3337499   48.5592097
  21.3334993   48.5592316
  21.3324791   48.5593209
  21.3321361   48.5592494
  21.332032    48.5593462
  21.331844    48.5593522
  21.3316811   48.5593546
  21.3311814   48.5593838
  21.330624    48.5593991
  21.3298171   48.5594383
  21.3285442   48.55949
  21.3276871   48.559507
  21.327121    48.559246
  21.326247    48.55887
  21.326039    48.558738
  21.32564     48.558104
  21.325185    48.558088
  21.324641    48.557993
  21.323379    48.5577
  21.323962    48.558736
  21.324433    48.559453
  21.324835    48.560147
  21.325436    48.560988
  21.325894    48.561697
  21.325631    48.562052
  21.325502    48.562034
  21.325232    48.562003
  21.324958    48.562006
  21.32472     48.562021
  21.324518    48.56206
  21.324253    48.56212
  21.324156    48.562167
  21.324033    48.56221
  21.323863    48.562249
  21.323656    48.562263
  21.323515    48.562292
  21.323407    48.562328
  21.323276    48.562354
  21.323077    48.562339
  21.322934    48.56233
  21.322752    48.562339
  21.322562    48.562289
  21.322378    48.562219
  21.322253    48.562184
  21.32204     48.562119
  21.3219725   48.5621024
  21.321856    48.562044
  21.321727    48.56199
  21.321598    48.561929
  21.32152     48.561815
  21.321351    48.561761
  21.321205    48.561716
  21.321133    48.561663
  21.320919    48.561554
  21.320677    48.561468
  21.320392    48.561343
  21.320344    48.561291
  21.320184    48.561256
  21.319954    48.56126
  21.319754    48.561284
  21.319608    48.561277
  21.319384    48.561201
  21.319245    48.561118
  21.319069    48.560989
  21.318955    48.560928
  21.318833    48.560835
  21.318696    48.560729
  21.318562    48.560579
  21.318508    48.560498
  21.318439    48.560398
  21.318384    48.560282
  21.318358    48.560259
  21.318359    48.560116
  21.318344    48.559896
  21.318225    48.55973
  21.318057    48.559555
  21.317894    48.55941
  21.317756    48.559341
  21.31761     48.559235
  21.317345    48.559063
  21.317239    48.558997
  21.317053    48.558884
  21.316881    48.558734
  21.316813    48.558665
  21.316603    48.55845
  21.316437    48.55828
  21.316222    48.558048
  21.316041    48.557861
  21.315892    48.557704
  21.315786    48.557543
  21.315672    48.557355
  21.315566    48.557172
  21.315504    48.557039
  21.315486    48.55691
  21.31548     48.556862
  21.315485    48.556749
  21.315502    48.556648
  21.315516    48.55661
  21.315548    48.556518
  21.315584    48.556399
  21.315683    48.55612
  21.315709    48.556012
  21.315753    48.55593
  21.31578     48.555895
  21.31583     48.555847
  21.315905    48.555735
  21.315884    48.555603
  21.315923    48.555501
  21.31595     48.55543
  21.316078    48.555294
  21.316198    48.555192
  21.316214    48.555176
  21.316265    48.55518
  21.316352    48.555202
  21.316479    48.555255
  21.316598    48.555294
  21.316547    48.555378
  21.316565    48.555469
  21.316575    48.555522
  21.31671     48.55563
  21.316865    48.555692
  21.317147    48.555751
  21.317355    48.555853
  21.317512    48.555845
  21.317697    48.555816
  21.317964    48.555808
  21.318163    48.555802
  21.318392    48.555818
  21.318576    48.555853
  21.318778    48.555875
  21.319079    48.555999
  21.319304    48.556058
  21.319492    48.556131
  21.319723    48.556217
  21.320022    48.556213
  21.320388    48.556256
  21.320707    48.55625
  21.32104     48.556265
  21.321361    48.556299
  21.321673    48.55633
  21.32199     48.556339
  21.322229    48.556318
  21.322412    48.556296
  21.322723    48.556268
  21.322998    48.556261
  21.323144    48.556271
  21.323344    48.556226
  21.323542    48.556209
  21.323878    48.556187
  21.32418     48.556192
  21.324452    48.556201
  21.324802    48.556199
  21.325093    48.556211
  21.325373    48.556209
  21.325656    48.556182
  21.325934    48.556139
  21.326205    48.5561
  21.326423    48.556003
  21.326572    48.555895
  21.32667     48.555801
  21.3266471   48.5557184
  21.326821    48.555588
  21.326838    48.555414
  21.326787    48.555265
  21.326642    48.555121
  21.326565    48.555005
  21.326532    48.554875
  21.326541    48.554827
  21.326559    48.554682
  21.326601    48.554587
  21.326714    48.554446
  21.326842    48.554281
  21.326875    48.554129
  21.326793    48.553913
  21.326697    48.553683
  21.326545    48.553512
  21.326373    48.553347
  21.326252    48.553261
  21.326092    48.553135
  21.325963    48.553021
  21.325862    48.552925
  21.325675    48.552784
  21.325524    48.552683
  21.325367    48.552593
  21.325111    48.552437
  21.324934    48.552351
  21.324721    48.552238
  21.32456     48.552173
  21.324424    48.552117
  21.324228    48.552046
  21.323974    48.551933
  21.323818    48.551876
  21.323642    48.551805
  21.323383    48.55172
  21.323202    48.551657
  21.323041    48.551617
  21.322841    48.551573
  21.322569    48.551549
  21.322307    48.551525
  21.322045    48.551508
  21.321689    48.551538
  21.321501    48.551566
  21.321321    48.551663
  21.321189    48.551763
  21.320956    48.551892
  21.320819    48.551949
  21.320705    48.551975
  21.320527    48.551993
  21.320342    48.552004
  21.320091    48.552032
  21.320015    48.552067
  21.31968     48.552196
  21.319452    48.552328
  21.319252    48.552418
  21.31902     48.552557
  21.318798    48.552681
  21.318685    48.552741
  21.318441    48.552816
  21.318207    48.552886
  21.317893    48.552958
  21.317527    48.5531228
  21.317372    48.552995
  21.317084    48.552992
  21.316829    48.552983
  21.316508    48.552877
  21.316354    48.552811
  21.316156    48.552671
  21.315862    48.552502
  21.315661    48.552386
  21.315587    48.552291
  21.315437    48.552126
  21.315293    48.551991
  21.315132    48.551822
  21.314983    48.5517
  21.314716    48.551527
  21.31445     48.551407
  21.314223    48.551295
  21.313959    48.551248
  21.313691    48.55114
  21.313462    48.550944
  21.313377    48.550841
  21.313334    48.550695
  21.313367    48.550511
  21.313386    48.550309
  21.313308    48.550265
  21.313246    48.550229
  21.31317     48.550088
  21.31316     48.550013
  21.313151    48.549952
  21.313165    48.549919
  21.313196    48.549848
  21.313277    48.549735
  21.313333    48.549689
  21.313455    48.549579
  21.313516    48.549539
  21.313644    48.549432
  21.313742    48.549362
  21.314009    48.549194
  21.314112    48.549143
  21.314167    48.549127
  21.314458    48.549106
  21.314679    48.549046
  21.314752    48.549054
  21.315025    48.549061
  21.315268    48.549088
  21.315557    48.549102
  21.315918    48.549067
  21.316113    48.549034
  21.316332    48.549004
  21.316597    48.548984
  21.31684     48.548991
  21.316943    48.549016
  21.317063    48.549059
  21.317114    48.549078
  21.317484    48.549207
  21.317639    48.549315
  21.317793    48.549455
  21.318014    48.549552
  21.3181616   48.5496229
  21.3183419   48.5495661
  21.318679    48.549699
  21.318889    48.549644
  21.319096    48.549575
  21.319371    48.549409
  21.319606    48.549366
  21.31977     48.549285
  21.319956    48.549153
  21.320037    48.549031
  21.320068    48.548894
  21.320285    48.548723
  21.320592    48.548609
  21.320802    48.548538
  21.320988    48.548463
  21.321135    48.548366
  21.321224    48.548293
  21.321459    48.547999
  21.321487    48.547877
  21.321444    48.547671
  21.321244    48.547459
  21.321153    48.547326
  21.321157    48.547223
  21.321072    48.547101
  21.321007    48.546992
  21.320944    48.54682
  21.320911    48.546624
  21.320904    48.546457
  21.32093     48.546234
  21.320902    48.546039
  21.320849    48.545851
  21.320773    48.545678
  21.320655    48.545509
  21.320509    48.545345
  21.320379    48.545219
  21.320115    48.54506
  21.319924    48.544959
  21.319686    48.544862
  21.319368    48.544769
  21.319221    48.544548
  21.318935    48.54441
  21.318689    48.544346
  21.318419    48.544322
  21.318093    48.544267
  21.317806    48.54422
  21.317669    48.544296
  21.317415    48.544323
  21.317285    48.544325
  21.317154    48.544336
  21.31701     48.544278
  21.316851    48.544138
  21.316622    48.544013
  21.316503    48.543931
  21.316421    48.543848
  21.316332    48.543715
  21.31628     48.543582
  21.316318    48.543407
  21.316362    48.543234
  21.316358    48.543081
  21.316363    48.542909
  21.316366    48.542802
  21.3164      48.542644
  21.316355    48.542383
  21.316407    48.542181
  21.316647    48.542008
  21.316746    48.541862
  21.3168      48.541705
  21.316962    48.541531
  21.317056    48.54134
  21.317117    48.541188
  21.317281    48.540988
  21.317478    48.540898
  21.317593    48.540771
  21.317783    48.540543
  21.318017    48.540329
  21.318221    48.540131
  21.31834     48.53999
  21.31839     48.539904
  21.318303    48.539726
  21.318068    48.539526
  21.317967    48.539437
  21.317739    48.53926
  21.317519    48.539217
  21.317179    48.539151
  21.317091    48.539149
  21.31679     48.539207
  21.316539    48.539241
  21.316209    48.53927
  21.316085    48.539286
  21.315947    48.539292
  21.315714    48.539312
  21.315498    48.539353
  21.315329    48.539386
  21.315139    48.53944
  21.314958    48.539477
  21.314627    48.539497
  21.314391    48.539539
  21.314013    48.539567
  21.313743    48.539597
  21.313527    48.539618
  21.313152    48.539752
  21.312896    48.539867
  21.312621    48.539955
  21.312375    48.540083
  21.312135    48.540194
  21.311885    48.540304
  21.3116383   48.5404381
  21.311553    48.540469
  21.311259    48.54053
  21.311119    48.540565
  21.31079     48.540584
  21.310631    48.540576
  21.310335    48.540513
  21.310223    48.540464
  21.310084    48.540396
  21.310004    48.540346
  21.309884    48.540252
  21.309829    48.540179
  21.309727    48.539995
  21.309633    48.539835
  21.3096      48.539682
  21.309555    48.539478
  21.309527    48.539404
  21.309506    48.539263
  21.30938     48.53914
  21.309375    48.539075
  21.309424    48.538906
  21.309466    48.53876
  21.30949     48.538556
  21.30947     48.538435
  21.309489    48.538259
  21.309515    48.538156
  21.309562    48.537939
  21.309656    48.537786
  21.309718    48.537659
  21.309849    48.53746
  21.309904    48.537427
  21.310001    48.537383
  21.31021     48.537303
  21.310445    48.537262
  21.310751    48.53723
  21.310896    48.537202
  21.311128    48.53715
  21.31141     48.537099
  21.311476    48.53709
  21.311622    48.537071
  21.311785    48.537145
  21.311967    48.537096
  21.311994    48.537049
  21.312088    48.536976
  21.312305    48.536902
  21.312356    48.536873
  21.312697    48.536808
  21.312883    48.536779
  21.313194    48.536697
  21.31336     48.536556
  21.31341     48.536476
  21.313464    48.536336
  21.313544    48.536223
  21.313679    48.535953
  21.313786    48.535854
  21.31392     48.535749
  21.314085    48.535573
  21.314223    48.535409
  21.314419    48.535216
  21.314567    48.535031
  21.314635    48.534863
  21.314622    48.534807
  21.31455     48.534607
  21.314414    48.534449
  21.314311    48.534314
  21.314225    48.534155
  21.314234    48.534071
  21.314242    48.533954
  21.314255    48.533888
  21.314321    48.533789
  21.314437    48.533676
  21.314516    48.533621
  21.314603    48.533561
  21.314788    48.533475
  21.314988    48.533407
  21.315093    48.533362
  21.315201    48.533371
  21.315442    48.533538
  21.315631    48.533597
  21.315739    48.533574
  21.315845    48.533504
  21.316021    48.533319
  21.316035    48.533156
  21.315958    48.532988
  21.315907    48.532866
  21.315835    48.532628
  21.315638    48.532431
  21.315504    48.532263
  21.315357    48.532078
  21.315123    48.531916
  21.314982    48.531664
  21.314845    48.531527
  21.314747    48.531314
  21.314563    48.5312
  21.314287    48.531065
  21.314229    48.531011
  21.313999    48.530949
  21.313824    48.530919
  21.313501    48.530861
  21.313223    48.530853
  21.312925    48.530858
  21.312674    48.530883
  21.312506    48.530928
  21.312429    48.53093
  21.312139    48.530871
  21.311876    48.530824
  21.311637    48.53071
  21.311574    48.530663
  21.311512    48.530593
  21.311422    48.530467
  21.311375    48.530418
  21.311338    48.53038
  21.311232    48.530262
  21.31111     48.530145
  21.311003    48.530049
  21.310899    48.529929
  21.310646    48.529795
  21.310408    48.529722
  21.310304    48.529688
  21.310117    48.529635
  21.3099514   48.5296123
  21.30984     48.529597
  21.30966     48.529572
  21.309451    48.529539
  21.30928     48.52953
  21.309039    48.529541
  21.30882     48.529569
  21.308481    48.529636
  21.308365    48.529654
  21.308228    48.529663
  21.307918    48.529672
  21.307802    48.529656
  21.307563    48.529636
  21.307426    48.529624
  21.307258    48.529612
  21.307141    48.52959
  21.306879    48.529534
  21.306611    48.529483
  21.306498    48.529449
  21.306355    48.529374
  21.30612     48.529267
  21.306063    48.529245
  21.305997    48.529178
  21.305864    48.529078
  21.305668    48.528928
  21.305531    48.528819
  21.305376    48.528712
  21.305246    48.52858
  21.305248    48.528558
  21.305016    48.528409
  21.30491     48.528326
  21.304642    48.528152
  21.304443    48.528023
  21.304213    48.527876
  21.30399     48.527758
  21.30378     48.527647
  21.303556    48.527547
  21.303288    48.527374
  21.303122    48.527251
  21.303028    48.527144
  21.302868    48.526998
  21.302762    48.526893
  21.302647    48.526766
  21.302583    48.526662
  21.302483    48.526507
  21.302392    48.526297
  21.302299    48.52614
  21.302181    48.525974
  21.302108    48.52579
  21.301879    48.525632
  21.301736    48.525476
  21.301688    48.525392
  21.301686    48.525342
  21.301721    48.525217
  21.301735    48.525167
  21.301774    48.525127
  21.301863    48.525055
  21.302108    48.524899
  21.302265    48.524865
  21.302569    48.524814
  21.302789    48.524782
  21.303091    48.524733
  21.303324    48.524733
  21.30341     48.524739
  21.303619    48.524794
  21.303801    48.524851
  21.304022    48.524976
  21.304282    48.525051
  21.304597    48.525094
  21.304722    48.525084
  21.304999    48.525089
  21.305284    48.525112
  21.30557     48.525138
  21.305705    48.525168
  21.305881    48.525231
  21.306051    48.5253
  21.306215    48.525383
  21.306371    48.525465
  21.306425    48.525501
  21.30651     48.525654
  21.306557    48.52583
  21.306559    48.526055
  21.30658     48.526201
  21.3067      48.526276
  21.306931    48.526391
  21.307094    48.526469
  21.307226    48.526509
  21.307317    48.526508
  21.307405    48.526503
  21.307481    48.526505
  21.307712    48.5265
  21.307769    48.526495
  21.307938    48.526471
  21.308016    48.526446
  21.308119    48.526465
  21.30831     48.52641
  21.308512    48.52633
  21.308552    48.526321
  21.308617    48.526253
  21.308651    48.526156
  21.308673    48.526058
  21.308677    48.525925
  21.308628    48.525803
  21.308591    48.525679
  21.308551    48.525586
  21.308478    48.525529
  21.308386    48.525324
  21.308434    48.525247
  21.308395    48.525166
  21.308296    48.525001
  21.308118    48.524857
  21.307966    48.524798
  21.307819    48.524533
  21.307724    48.524417
  21.307661    48.524291
  21.307671    48.524125
  21.30761     48.523876
  21.307424    48.523636
  21.307169    48.523408
  21.307092    48.523376
  21.307053    48.523297
  21.30685     48.523076
  21.306592    48.522853
  21.306345    48.522761
  21.306141    48.522596
  21.305925    48.522469
  21.305857    48.522391
  21.305488    48.522249
  21.305214    48.52218
  21.304847    48.522099
  21.3046888   48.5220581
  21.304639    48.522065
  21.304361    48.522062
  21.30414     48.522051
  21.303961    48.52205
  21.30371     48.52205
  21.30354     48.52205
  21.303306    48.522064
  21.303174    48.522063
  21.302952    48.522063
  21.302694    48.522072
  21.30255     48.522078
  21.302457    48.522116
  21.30233     48.522322
  21.302111    48.522485
  21.30201     48.522576
  21.301921    48.522644
  21.301625    48.522689
  21.301397    48.522709
  21.301145    48.522737
  21.300651    48.522772
  21.300199    48.522753
  21.299963    48.52272
  21.299767    48.52278
  21.299537    48.522835
  21.299298    48.522912
  21.298979    48.522999
  21.298726    48.523055
  21.2985      48.523081
  21.298395    48.523075
  21.298173    48.52311
  21.298043    48.523114
  21.297825    48.52312
  21.297428    48.523098
  21.29722     48.523072
  21.297088    48.523037
  21.296963    48.522976
  21.296871    48.522931
  21.296765    48.522868
  21.296605    48.522699
  21.296516    48.522542
  21.296511    48.52243
  21.296641    48.522294
  21.296633    48.522181
  21.2966677   48.5219897
  21.296674    48.52198
  21.29668     48.521918
  21.296684    48.521745
  21.296663    48.521658
  21.295818    48.521889
  21.2955372   48.5219866
  21.293719    48.522468
  21.293667    48.522482
  21.291362    48.523118
  21.290448    48.52337
  21.2902638   48.5233526
  21.28919     48.523716
  21.289042    48.523538
  21.288611    48.523656
  21.288431    48.523935
  21.2872106   48.5242737
  21.286925    48.524353
  21.286094    48.523932
  21.2847815   48.5242297
  21.283656    48.524485
  21.28128     48.525024
  21.278916    48.52556
  21.278719    48.525604
  21.2783125   48.5258266
  21.27752     48.5259041
  21.277306    48.525925
  21.277196    48.525949
  21.275465    48.526334
  21.273518    48.526767
  21.272103    48.527081
  21.270781    48.527374
  21.270564    48.527423
  21.270516    48.527367
  21.270503    48.527319
  21.270498    48.527272
  21.270412    48.527168
  21.270351    48.527119
  21.270254    48.526982
  21.270215    48.526949
  21.270196    48.526911
  21.270129    48.52686
  21.270057    48.526763
  21.270013    48.526596
  21.269913    48.526393
  21.26988     48.526183
  21.269801    48.52599
  21.269764    48.525832
  21.269722    48.525796
  21.269682    48.525785
  21.269554    48.525719
  21.269526    48.525695
  21.269485    48.525602
  21.269391    48.525504
  21.26929     48.525425
  21.269244    48.525405
  21.269192    48.52533
  21.269109    48.525354
  21.268224    48.525589
  21.266144    48.526147
  21.266077    48.526275
  21.265336    48.526719
  21.263656    48.527339
  21.263556    48.527272
  21.263527    48.527273
  21.263354    48.527417
  21.262658    48.527891
  21.262066    48.528307
  21.261964    48.528377
  21.261436    48.528497
  21.2613951   48.5285157
  21.261377    48.528524
  21.260994    48.528712
  21.260783    48.528808
  21.260634    48.528914
  21.260513    48.528963
  21.260055    48.529098
  21.259862    48.529157
  21.25914     48.52938
  21.25883     48.52949
  21.257946    48.529793
  21.257487    48.529967
  21.257052    48.53013
  21.256608    48.530302
  21.256441    48.530373
  21.256303    48.530421
  21.255222    48.530839
  21.254535    48.531067
  21.2542723   48.5311413
  21.2541434   48.5311515
  21.2540667   48.5311927
  21.2539757   48.5312233
  21.253312    48.531554
  21.2525341   48.531937
  21.2523963   48.5319526
  21.2522603   48.531963
  21.251813    48.532008
  21.2513101   48.5322739
  21.250642    48.532627
  21.249695    48.533117
  21.248583    48.533716
  21.247746    48.534155
  21.247533    48.534281
  21.24701     48.534703
  21.2465      48.535196
  21.246399    48.535303
  21.245837    48.5358
  21.245479    48.536045
  21.244698    48.536468
  21.244258    48.53672
  21.243182    48.537314
  21.242444    48.537709
  21.24174     48.538085
  21.240638    48.538682
  21.240233    48.538922
  21.240088    48.538946
  21.2390407   48.5397227
  21.238838    48.539644
  21.238808    48.539641
  21.238046    48.539587
  21.237205    48.539526
  21.236753    48.53949
  21.236261    48.539448
  21.235919    48.53942
  21.235938    48.539311
  21.235727    48.539339
  21.234627    48.53924
  21.234259    48.539206
  21.233909    48.53917
  21.23346     48.539123
  21.233253    48.539098
  21.232977    48.539065
  21.232959    48.539064
  21.232925    48.539064
  21.232919    48.538893
  21.232896    48.538253
  21.232877    48.537765
  21.232874    48.537633
  21.232861    48.536953
  21.232945    48.536702
  21.233011    48.53657
  21.23311     48.536446
  21.233232    48.536317
  21.23341     48.536161
  21.233576    48.535966
  21.233719    48.535779
  21.233783    48.535669
  21.233796    48.535476
  21.233632    48.53503
  21.233431    48.53448
  21.233312    48.534157
  21.233238    48.534176
  21.232753    48.534309
  21.23176     48.534583
  21.23084     48.534836
  21.230312    48.53498
  21.229893    48.535096
  21.229251    48.535271
  21.228443    48.535493
  21.227488    48.535754
  21.226657    48.535983
  21.226044    48.53615
  21.226035    48.536153
  21.223904    48.53674
  21.222496    48.537115
  21.221061    48.537497
  21.219821    48.536358
  21.219236    48.535727
  21.219098    48.535644
  21.218763    48.535488
  21.218604    48.535406
  21.218507    48.535336
  21.218383    48.535216
  21.218337    48.535147
  21.218299    48.535065
  21.217885    48.53405
  21.217748    48.5338
  21.217602    48.533522
  21.217403    48.53313
  21.216792    48.532708
  21.21675     48.531868
  21.216554    48.531525
  21.214154    48.532175
  21.212944    48.532503
  21.211772    48.532826
  21.209765    48.533373
  21.209267    48.533512
  21.20918     48.533293
  21.209158    48.533114
  21.209153    48.532899
  21.209146    48.532764
  21.209107    48.532543
  21.209103    48.532326
  21.209083    48.532257
  21.208584    48.531247
  21.208609    48.53076
  21.208687    48.530343
  21.208695    48.530308
  21.208702    48.530273
  21.208707    48.530244
  21.209013    48.529633
  21.209047    48.529503
  21.209101    48.529013
  21.208979    48.528661
  21.208944    48.528356
  21.208986    48.528124
  21.209019    48.528018
  21.209089    48.527771
  21.209133    48.527554
  21.2091257   48.5273722
  21.2071387   48.5273352
  21.2055647   48.5272942
  21.2035857   48.5263972
  21.2016717   48.5255222
  21.2005357   48.5250102
  21.1999117   48.5247282
  21.1998887   48.5247502
  21.1996407   48.5246362
  21.1993347   48.5245222
  21.1991807   48.5244812
  21.1990447   48.5244552
  21.1988987   48.5244552
  21.1988187   48.5244592
  21.1986367   48.5244932
  21.1983097   48.5245782
  21.1977447   48.5247522
  21.1970737   48.5249692
  21.1965477   48.5249102
  21.1956767   48.5247092
  21.1955327   48.5246512
  21.1949767   48.5248722
  21.1946767   48.5249932
  21.1944317   48.5251042
  21.1941757   48.5252582
  21.1938977   48.5254512
  21.1934647   48.5257802
  21.1927407   48.5264332
  21.19259     48.5265769
  21.1925007   48.5265372
  21.1924837   48.5265292
  21.1924027   48.5262782
  21.1920797   48.5252842
  21.1916867   48.5240612
  21.1913837   48.5230822
  21.1912537   48.5226672
  21.1912297   48.5226482
  21.1908347   48.5228502
  21.1904877   48.5230062
  21.1903267   48.5231132
  21.1900417   48.5232702
  21.1898227   48.5234722
  21.1895857   48.5237362
  21.1893677   48.5238922
  21.1890737   48.5240992
  21.1886527   48.5243212
  21.1883017   48.5245912
  21.1881177   48.5247662
  21.1880737   48.5247932
  21.1880147   48.5248272
  21.1880327   48.5243212
  21.1878217   48.5238252
  21.1877397   48.5236022
  21.1875427   48.5232582
  21.1874064   48.5230747
  21.1873577   48.5230092
  21.1871817   48.5228102
  21.1869627   48.5226802
  21.1862967   48.5223192
  21.1860457   48.5220702
  21.1859137   48.5218821
  21.1858337   48.5217682
  21.1857397   48.5214502
  21.1856377   48.5211692
  21.1855967   48.5210852
  21.1855387   48.5209412
  21.1855147   48.5207522
  21.1854467   48.5206282
  21.1853587   48.5205402
  21.1851407   48.5204282
  21.1845977   48.5202662
  21.1842877   48.5201322
  21.1842617   48.5201492
  21.1830237   48.5200302
  21.1819497   48.5199292
  21.1816077   48.5196432
  21.1802127   48.5184852
  21.1801427   48.5184542
  21.1796327   48.5182322
  21.1788277   48.5182782
  21.1767207   48.5194812
  21.1767037   48.5194902
  21.1766907   48.5194982
  21.1763734   48.5197018
  21.175813    48.520062
  21.175124    48.52062
  21.174832    48.52104
  21.174741    48.521171
  21.174579    48.521354
  21.174485    48.521438
  21.174342    48.52154
  21.174189    48.521631
  21.173992    48.521724
  21.173802    48.521802
  21.173784    48.521816
  21.17377     48.521827
  21.17358     48.521907
  21.173449    48.521938
  21.17258     48.521976
  21.17206     48.522031
  21.171807    48.522041
  21.17153     48.522037
  21.171       48.521999
  21.170956    48.522001
  21.170711    48.522015
  21.170515    48.522008
  21.170391    48.522002
  21.169975    48.52194
  21.169881    48.521918
  21.169701    48.521878
  21.169568    48.521859
  21.16939     48.521826
  21.168995    48.521523
  21.168762    48.521367
  21.16839     48.521167
  21.168207    48.521116
  21.1674527   48.5210766
  21.16725     48.521031
  21.1669      48.5211
  21.165894    48.521215
  21.165385    48.521304
  21.1649      48.521391
  21.164714    48.521445
  21.164459    48.521482
  21.16403     48.521556
  21.163056    48.521653
  21.162001    48.521678
  21.161817    48.52167
  21.161522    48.521651
  21.161293    48.521624
  21.161094    48.521581
  21.160875    48.521499
  21.160758    48.521415
  21.160669    48.521331
  21.160577    48.521217
  21.160504    48.521085
  21.16039     48.5205
  21.160332    48.520383
  21.160165    48.520146
  21.159847    48.519717
  21.159777    48.519597
  21.159748    48.519604
  21.159717    48.519262
  21.159698    48.519029
  21.159635    48.518882
  21.159564    48.518613
  21.159527    48.518351
  21.159495    48.518038
  21.159477    48.517947
  21.158951    48.517739
  21.157401    48.517223
  21.155794    48.516485
  21.155537    48.516554
  21.153888    48.516997
  21.152784    48.516908
  21.152189    48.516625
  21.152175    48.516613
  21.151695    48.516189
  21.15123     48.515779
  21.151126    48.515734
  21.150548    48.51548
  21.150321    48.515381
  21.150393    48.513915
  21.149767    48.513786
  21.149248    48.513679
  21.148511    48.51353
  21.14848     48.513531
  21.14843     48.51332
  21.148299    48.512993
  21.148218    48.512638
  21.148222    48.512296
  21.148065    48.512041
  21.147842    48.511823
  21.147747    48.511714
  21.146948    48.511115
  21.14651     48.510706
  21.146244    48.510391
  21.145915    48.510098
  21.145556    48.509756
  21.145192    48.509509
  21.144708    48.509238
  21.1446887   48.5092311
  21.143725    48.508887
  21.142679    48.508509
  21.142697    48.508495
  21.14213     48.508037
  21.141659    48.507475
  21.141357    48.506848
  21.14089     48.5062542
  21.140746    48.506071
  21.140704    48.505994
  21.140194    48.505107
  21.14017     48.505065
  21.139903    48.504578
  21.139055    48.503783
  21.138418    48.502963
  21.138104    48.502564
  21.137084    48.501506
  21.137058    48.501513
  21.136768    48.501095
  21.136476    48.500674
  21.136423    48.500593
  21.136233    48.500277
  21.136043    48.500037
  21.135881    48.499871
  21.135665    48.499691
  21.135293    48.499257
  21.135017    48.499008
  21.135064    48.498996
  21.134938    48.49806
  21.134803    48.497581
  21.134758    48.497427
  21.134743    48.497372
  21.134718    48.497287
  21.134705    48.497238
  21.134598    48.49687
  21.134287    48.496026
  21.133938    48.495422
  21.132694    48.494667
  21.131587    48.494094
  21.130618    48.493664
  21.130053    48.493362
  21.129951    48.493305
  21.129889    48.493271
  21.129258    48.492922
  21.128311    48.492399
  21.127561    48.492318
  21.126578    48.492241
  21.125209    48.492032
  21.124781    48.492006
  21.124432    48.491985
  21.12347     48.491982
  21.122475    48.491978
  21.121827    48.491975
  21.120872    48.491983
  21.119977    48.491882
  21.119153    48.491685
  21.118386    48.491461
  21.1175446   48.4911119
  21.117331    48.49109
  21.117103    48.491115
  21.116472    48.491185
  21.11559     48.491342
  21.114687    48.4915
  21.113748    48.491638
  21.113003    48.491819
  21.112849    48.491868
  21.111655    48.492251
  21.109714    48.492478
  21.109213    48.492392
  21.10866     48.492298
  21.106825    48.492974
  21.105719    48.493372
  21.104401    48.493664
  21.104244    48.493699
  21.103856    48.493785
  21.103695    48.493826
  21.103223    48.493935
  21.102785    48.494031
  21.102632    48.494066
  21.101149    48.494565
  21.101029    48.494654
  21.10095     48.494712
  21.100559    48.495005
  21.100239    48.495269
  21.100009    48.495469
  21.099887    48.495573
  21.09975     48.49569
  21.099462    48.495905
  21.099008    48.496309
  21.09852     48.49674
  21.098202    48.497034
  21.098085    48.497156
  21.098022    48.497221
  21.097949    48.49733
  21.097866    48.497456
  21.097621    48.497653
  21.097281    48.497913
  21.09671     48.498317
  21.096498    48.498472
  21.09613     48.498737
  21.095846    48.49896
  21.09576     48.499045
  21.095571    48.499245
  21.095363    48.499411
  21.09515     48.499565
  21.094978    48.499713
  21.094604    48.500154
  21.094289    48.500564
  21.094203    48.500698
  21.094189    48.500755
  21.094121    48.5007892
  21.094201    48.500839
  21.094222    48.500952
  21.094284    48.501101
  21.094357    48.501236
  21.094459    48.501396
  21.094549    48.501521
  21.094703    48.501718
  21.094836    48.50188
  21.094968    48.502037
  21.095071    48.502137
  21.095153    48.502212
  21.095244    48.502284
  21.09562     48.502547
  21.095937    48.502757
  21.096863    48.503374
  21.097683    48.503909
  21.097789    48.504005
  21.09781     48.50405
  21.097844    48.504157
  21.097858    48.50423
  21.09795     48.504774
  21.097961    48.504841
  21.098023    48.505226
  21.098065    48.505562
  21.098071    48.505791
  21.098068    48.505971
  21.09805     48.506359
  21.098039    48.506647
  21.098013    48.507034
  21.097995    48.50718
  21.097882    48.508009
  21.097853    48.508335
  21.097862    48.508481
  21.097896    48.508783
  21.097937    48.509052
  21.098       48.509467
  21.098039    48.50974
  21.098058    48.509969
  21.0980267   48.5101601
  21.098063    48.510185
  21.098047    48.510309
  21.098018    48.510465
  21.097973    48.510618
  21.097899    48.510781
  21.09784     48.510881
  21.097777    48.510973
  21.097195    48.51168
  21.096952    48.511978
  21.09681     48.512153
  21.096431    48.512608
  21.096232    48.512814
  21.096073    48.512908
  21.095372    48.513444
  21.095013    48.51373
  21.094756    48.513938
  21.094295    48.514308
  21.093893    48.514635
  21.093463    48.514994
  21.093142    48.515284
  21.092835    48.515571
  21.092656    48.515729
  21.09249     48.515849
  21.091593    48.51645
  21.091306    48.516629
  21.091243    48.516669
  21.091014    48.516835
  21.090831    48.516983
  21.090429    48.517295
  21.090169    48.517478
  21.089902    48.51765
  21.089857    48.517676
  21.089698    48.51777
  21.089594    48.517829
  21.089419    48.517923
  21.089239    48.517984
  21.089005    48.518052
  21.088745    48.518116
  21.088487    48.518169
  21.087426    48.518362
  21.087077    48.518424
  21.086284    48.51854
  21.085427    48.518595
  21.085096    48.518615
  21.084623    48.518627
  21.084235    48.518626
  21.084041    48.51862
  21.083971    48.518617
  21.083827    48.518613
  21.083113    48.518586
  21.082843    48.51858
  21.082562    48.518589
  21.08228     48.518606
  21.08205     48.518645
  21.081696    48.518724
  21.080804    48.518983
  21.079766    48.519276
  21.079607    48.51932
  21.07947     48.519356
  21.079153    48.519437
  21.07893     48.519497
  21.0787      48.519564
  21.078391    48.519657
  21.07795     48.519788
  21.0774      48.519957
  21.076962    48.520079
  21.07676     48.520135
  21.076207    48.520282
  21.075675    48.520408
  21.075248    48.520498
  21.074986    48.520541
  21.074855    48.520565
  21.074704    48.520613
  21.074068    48.520844
  21.073772    48.520963
  21.073302    48.521232
  21.073178    48.521322
  21.07303     48.52145
  21.072689    48.521693
  21.07266     48.521718
  21.072086    48.522191
  21.071982    48.522309
  21.071794    48.522439
  21.071545    48.522578
  21.07132     48.522685
  21.071006    48.522836
  21.070768    48.522945
  21.070695    48.522954
  21.070466    48.523106
  21.070192    48.523278
  21.0700955   48.5233192
  21.070037    48.523342
  21.069983    48.523365
  21.069914    48.523275
  21.069888    48.52324
  21.069784    48.52315
  21.069618    48.523061
  21.069201    48.522801
  21.069132    48.522768
  21.068997    48.522726
  21.068965    48.522724
  21.068221    48.52361
  21.067838    48.524066
  21.066329    48.525877
  21.066321    48.525894
  21.065452    48.525642
  21.063585    48.525102
  21.062001    48.524644
  21.060082    48.524091
  21.056854    48.523154
  21.056421    48.52303
  21.055829    48.522857
  21.053396    48.522152
  21.053353    48.52214
  21.0533376   48.5222175
  21.053054    48.523645
  21.052854    48.524649
  21.05276     48.52513
  21.052743    48.525204
  21.052852    48.525405
  21.053081    48.525723
  21.053209    48.526156
  21.052852    48.526082
  21.05228     48.526042
  21.051439    48.525975
  21.05058     48.525947
  21.050041    48.525914
  21.048941    48.525845
  21.048238    48.52583
  21.047898    48.525807
  21.047267    48.52577
  21.046492    48.525748
  21.045716    48.525715
  21.045024    48.525674
  21.044605    48.525657
  21.044141    48.52566
  21.043677    48.525706
  21.043312    48.525759
  21.04323     48.525773
  21.042721    48.525823
  21.042488    48.525861
  21.042049    48.525964
  21.042037    48.525931
  21.041091    48.526258
  21.040702    48.526398
  21.040295    48.526568
  21.039903    48.526718
  21.039576    48.52686
  21.038719    48.527272
  21.038492    48.527358
  21.038153    48.527456
  21.037929    48.527492
  21.037594    48.527516
  21.037326    48.527517
  21.03707     48.527504
  21.036849    48.527486
  21.036372    48.527442
  21.036084    48.527416
  21.035846    48.527386
  21.03535     48.527322
  21.034966    48.527256
  21.034702    48.5272
  21.034524    48.527173
  21.034192    48.527124
  21.034       48.527082
  21.033999    48.52711
  21.033939    48.527087
  21.033028    48.527917
  21.032115    48.528773
  21.031315    48.529519
  21.030159    48.530587
  21.0302833   48.530779
  21.029137    48.530988
  21.028145    48.531168
  21.026511    48.531465
  21.02595     48.531112
  21.025044    48.530628
  21.023265    48.529458
  21.021743    48.529876
  21.02079     48.530278
  21.020279    48.530515
  21.019668    48.530609
  21.019089    48.530632
  21.018495    48.530874
  21.017535    48.531305
  21.016127    48.531881
  21.015654    48.532085
  21.015114    48.532313
  21.014288    48.532006
  21.013713    48.531806
  21.012404    48.531193
  21.011867    48.530787
  21.0114      48.530434
  21.009644    48.529638
  21.00794     48.528866
  21.00678     48.528427
  21.005749    48.528038
  21.004084    48.527347
  21.004087    48.527374
  21.002766    48.527465
  21.001981    48.527351
  20.999641    48.527407
  20.998306    48.527402
  20.996909    48.527396
  20.99473     48.527227
  20.992405    48.527042
  20.992244    48.52702
  20.992166    48.526983
  20.991716    48.52685
  20.991526    48.526742
  20.990586    48.526378
  20.989135    48.525154
  20.989621    48.524387
  20.99014     48.523375
  20.989327    48.521741
  20.988651    48.521198
  20.987991    48.520738
  20.987444    48.520351
  20.9872189   48.5201579
  20.9869059   48.5200519
  20.9850799   48.5190989
  20.9848789   48.5189159
  20.9831849   48.5181479
  20.9815689   48.5177119
  20.9809509   48.5184939
  20.9804149   48.5191529
  20.9794259   48.5204559
  20.9785439   48.5214919
  20.9783069   48.5217619
  20.9780419   48.5220999
  20.9775559   48.5226889
  20.9769109   48.5234539
  20.9760869   48.5244429
  20.9751909   48.5240699
  20.9732129   48.5233199
  20.9724319   48.5230109
  20.9719389   48.5228299
  20.9711969   48.5225359
  20.9698839   48.5220539
  20.9683585   48.521449
  20.9653749   48.5203729
  20.9630149   48.5205899
  20.9602079   48.5208589
  20.9584069   48.5210049
  20.9561819   48.5216109
  20.9561619   48.5235199
  20.9560179   48.5249579
  20.9558189   48.5260989
  20.9558779   48.5264849
  20.9558589   48.5270439
  20.9558829   48.5275169
  20.9559109   48.5280819
  20.9561229   48.5294469
  20.9558639   48.5309959
  20.9558335   48.5312316
  20.9557979   48.5313339
  20.955859    48.532074
  20.955882    48.533963
  20.953755    48.534472
  20.9531013   48.5346139
  20.9525666   48.534727
  20.949387    48.535506
  20.947894    48.535856
  20.945638    48.536399
  20.945219    48.536139
  20.944761    48.535925
  20.943862    48.535781
  20.943843    48.53581
  20.943362    48.535627
  20.943133    48.535556
  20.942795    48.535375
  20.942643    48.535339
  20.942398    48.535264
  20.942059    48.535116
  20.941846    48.535031
  20.941578    48.534863
  20.941438    48.53479
  20.940982    48.534535
  20.940939    48.534563
  20.940934    48.53502
  20.941012    48.535691
  20.941085    48.536703
  20.94117     48.53795
  20.94131     48.539359
  20.941395    48.540383
  20.941445    48.541427
  20.941496    48.541823
  20.941538    48.542114
  20.94166     48.542599
  20.941726    48.542892
  20.941246    48.542752
  20.940375    48.542536
  20.939727    48.542361
  20.939469    48.542264
  20.939263    48.542139
  20.938888    48.541777
  20.938304    48.54115
  20.93787     48.540718
  20.937375    48.540219
  20.936305    48.539552
  20.935398    48.538992
  20.935048    48.538642
  20.9346323   48.5383552
  20.9345797   48.5386606
  20.934357    48.539737
  20.934682    48.541186
  20.934151    48.542015
  20.933837    48.542523
  20.933324    48.542959
  20.933258    48.543028
  20.9330775   48.5432219
  20.932826    48.543492
  20.931887    48.544838
  20.93073     48.546572
  20.930219    48.547899
  20.92986     48.54884
  20.929619    48.549669
  20.929158    48.551393
  20.929127    48.551477
  20.9292      48.551639
  20.929167    48.551769
  20.929228    48.551833
  20.929189    48.551927
  20.929166    48.551995
  20.929187    48.552028
  20.929206    48.552053
  20.929206    48.552087
  20.929121    48.552153
  20.929024    48.552305
  20.92903     48.552354
  20.92909     48.55247
  20.929087    48.552491
  20.929237    48.552578
  20.92926     48.5527
  20.92917     48.552753
  20.929073    48.552838
  20.929044    48.552904
  20.929048    48.553091
  20.928954    48.553252
  20.928962    48.553323
  20.929173    48.553427
  20.929149    48.55353
  20.929052    48.553624
  20.928883    48.553738
  20.928747    48.55391
  20.928595    48.554022
  20.928554    48.554105
  20.928519    48.554231
  20.92836     48.554354
  20.928298    48.554466
  20.928215    48.554543
  20.92819     48.554533
  20.927446    48.554876
  20.927451    48.555295
  20.927103    48.555695
  20.925457    48.556229
  20.923762    48.557019
  20.922637    48.557986
  20.921988    48.558445
  20.921965    48.558458
  20.92204     48.55854
  20.92217     48.558666
  20.922274    48.558813
  20.922323    48.558844
  20.922319    48.558904
  20.922325    48.558938
  20.922331    48.559088
  20.922362    48.559366
  20.922323    48.559453
  20.922147    48.559486
  20.922083    48.559497
  20.921983    48.559503
  20.921721    48.559585
  20.921491    48.559565
  20.921323    48.559508
  20.921228    48.559455
  20.921066    48.559481
  20.921024    48.559484
  20.920836    48.559492
  20.920679    48.559531
  20.920546    48.559518
  20.920167    48.559416
  20.92006     48.559452
  20.919878    48.559539
  20.919735    48.559602
  20.919529    48.5596
  20.919418    48.5596
  20.91933     48.559638
  20.919195    48.559753
  20.919093    48.559771
  20.918807    48.559758
  20.918497    48.55979
  20.918145    48.559843
  20.917898    48.559875
  20.917481    48.559938
  20.916922    48.560029
  20.916652    48.560079
  20.916458    48.560009
  20.916387    48.560019
  20.916282    48.560172
  20.916217    48.560156
  20.915838    48.560069
  20.9147517   48.5598494
  20.911292    48.558989
  20.908696    48.558367
  20.906755    48.557908
  20.905513    48.557615
  20.905267    48.557555
  20.904153    48.557289
  20.902979    48.557009
  20.90227     48.55683
  20.901395    48.556619
  20.8998864   48.5562508
  20.89956     48.55617
  20.898092    48.555824
  20.896164    48.555371
  20.89556     48.555221
  20.895203    48.55514
  20.894606    48.554994
  20.894261    48.554909
  20.892992    48.554609
  20.89155     48.554268
  20.890306    48.553967
  20.888588    48.553559
  20.887778    48.553362
  20.88674     48.553113
  20.885981    48.552931
  20.884781    48.552646
  20.884394    48.552527
  20.88438     48.552563
  20.883916    48.552448
  20.882471    48.552091
  20.881457    48.55184
  20.880812    48.551683
  20.880077    48.551502
  20.879539    48.551375
  20.878482    48.551116
  20.877106    48.550778
  20.87652     48.551676
  20.876392    48.551869
  20.876007    48.552451
  20.87574     48.552862
  20.875355    48.553456
  20.875195    48.553684
  20.874874    48.5536
  20.874833    48.553622
  20.874795    48.553637
  20.874382    48.553583
  20.874206    48.55359
  20.873983    48.553571
  20.873796    48.553522
  20.873649    48.553506
  20.873515    48.553508
  20.8733956   48.5535254
  20.873269    48.553482
  20.87307     48.553512
  20.872877    48.553527
  20.872684    48.553506
  20.872317    48.553426
  20.872197    48.553411
  20.871368    48.553316
  20.871236    48.553286
  20.870567    48.553193
  20.870141    48.553004
  20.869784    48.552779
  20.869468    48.552669
  20.869059    48.552439
  20.868639    48.552204
  20.868388    48.552029
  20.868155    48.551818
  20.867536    48.552323
  20.867051    48.552781
  20.866416    48.553392
  20.866323    48.553493
  20.865904    48.553857
  20.864636    48.554668
  20.863637    48.555183
  20.863967    48.555523
  20.8636333   48.555755
  20.863512    48.556142
  20.863284    48.55644
  20.863421    48.556497
  20.8628969   48.5569431
  20.86246     48.557548
  20.861911    48.557441
  20.8611357   48.5573018
  20.86099     48.557866
  20.860888    48.55825
  20.86079     48.558601
  20.860011    48.559048
  20.859138    48.5596827
  20.858869    48.560171
  20.85852     48.560558
  20.858068    48.561387
  20.857702    48.562097
  20.857501    48.562608
  20.857288    48.562995
  20.856465    48.563995
  20.856306    48.564272
  20.856107    48.564528
  20.855527    48.565172
  20.85523     48.565552
  20.855055    48.565925
  20.855111    48.566134
  20.855145    48.566313
  20.855232    48.566768
  20.855241    48.566815
  20.8550513   48.5668545
  20.854863    48.566889
  20.85408     48.566976
  20.8532647   48.5669302
  20.85235     48.566984
  20.851204    48.566976
  20.8497382   48.5669714
  20.849257    48.566805
  20.84902     48.566722
  20.84882     48.566661
  20.848653    48.566612
  20.848293    48.566499
  20.848145    48.566449
  20.847562    48.56624
  20.847167    48.566162
  20.846952    48.566103
  20.846748    48.566041
  20.846316    48.565878
  20.8459801   48.565727
  20.8458943   48.5657196
  20.8458162   48.5657191
  20.8457271   48.5657464
  20.8456892   48.5657772
  20.8456908   48.5657834
  20.8456865   48.5657856
  20.8454999   48.5660178
  20.8452811   48.5662871
  20.8450791   48.5665165
  20.8450399   48.5665895
  20.8450198   48.5666597
  20.8450201   48.5667464
  20.8450414   48.5668046
  20.8450773   48.5668688
  20.8451327   48.5669254
  20.8452153   48.5669951
  20.8453266   48.5670621
  20.8460257   48.5674319
  20.8464642   48.5676417
  20.8466493   48.5677405
  20.8467526   48.5678139
  20.8468772   48.5679143
  20.8470148   48.5680255
  20.847078    48.5680919
  20.8471017   48.5681187
  20.847122    48.568151
  20.8471391   48.568205
  20.8471675   48.5682922
  20.8471909   48.5683926
  20.8472335   48.5685924
  20.8473542   48.5690688
  20.8482419   48.5726607
  20.848457    48.57353
  20.8486824   48.5744402
  20.8488998   48.5753347
  20.8493418   48.577123
  20.849556    48.5780039
  20.849736    48.5787474
  20.8499968   48.5798011
  20.8500351   48.5799567
  20.8500509   48.580018
  20.8504051   48.5814413
  20.8504362   48.5816331
  20.8485966   48.5803795
  20.8474872   48.5796412
  20.8473927   48.5795772
  20.8464045   48.5789138
  20.8458996   48.57858
  20.8449444   48.5779412
  20.8439832   48.5772979
  20.8431533   48.5767525
  20.8425081   48.5763227
  20.8424      48.576256
  20.8423062   48.5762066
  20.8421909   48.5761564
  20.8418683   48.5760192
  20.8397412   48.5750721
  20.8377998   48.5742099
  20.8377557   48.5742512
  20.8368715   48.5750796
  20.8368326   48.5751163
  20.8360881   48.5758205
  20.835681    48.57619
  20.835775    48.57624
  20.835738    48.576264
  20.835387    48.576499
  20.8356403   48.5767553
  20.835982    48.577049
  20.836563    48.577656
  20.836637    48.577732
  20.837213    48.578589
  20.838044    48.579298
  20.839485    48.58018
  20.839589    48.580243
  20.839522    48.580309
  20.838977    48.580843
  20.838462    48.581441
  20.837161    48.582426
  20.836772    48.582651
  20.836359    48.58284
  20.835792    48.582788
  20.8355837   48.5827549
  20.834824    48.582577
  20.833681    48.582193
  20.833096    48.582039
  20.832828    48.581996
  20.831745    48.581847
  20.831185    48.581733
  20.830233    48.581491
  20.829438    48.581352
  20.828393    48.58117
  20.827212    48.580851
  20.8262394   48.5805671
  20.825828    48.580447
  20.825477    48.580369
  20.823884    48.579919
  20.822086    48.579444
  20.821054    48.579207
  20.820694    48.579135
  20.820116    48.579035
  20.819761    48.578953
  20.819347    48.578858
  20.817966    48.578602
  20.817536    48.578647
  20.816244    48.578805
  20.815722    48.578892
  20.815754    48.578422
  20.815774    48.577729
  20.815544    48.57769
  20.814669    48.577509
  20.81372     48.577324
  20.812678    48.577162
  20.811262    48.576864
  20.810355    48.576665
  20.809313    48.576471
  20.808787    48.576376
  20.8080885   48.5762377
  20.807048    48.576042
  20.806358    48.575938
  20.805101    48.575676
  20.804615    48.57559
  20.803761    48.575419
  20.803051    48.575289
  20.8023188   48.575176
  20.801475    48.574996
  20.8009495   48.5748997
  20.800664    48.574832
  20.799784    48.574652
  20.799421    48.574579
  20.799187    48.57457
  20.798872    48.574587
  20.798287    48.574652
  20.797232    48.574974
  20.796101    48.575227
  20.7951206   48.5751464
  20.794253    48.575075
  20.792651    48.57494
  20.791876    48.574853
  20.791501    48.574804
  20.789621    48.574631
  20.78894     48.574555
  20.787951    48.574451
  20.787565    48.574422
  20.787138    48.574376
  20.786144    48.574292
  20.785624    48.574246
  20.785058    48.574178
  20.784455    48.57413
  20.78351     48.574027
  20.783121    48.573994
  20.782684    48.573971
  20.782175    48.57391
  20.781671    48.573853
  20.781146    48.573816
  20.780311    48.573741
  20.779644    48.573681
  20.778997    48.57361
  20.778375    48.573551
  20.777868    48.573519
  20.777415    48.57347
  20.777002    48.573421
  20.776422    48.573366
  20.775382    48.573289
  20.774586    48.573211
  20.774134    48.573153
  20.773435    48.573099
  20.773123    48.573072
  20.77281     48.573032
  20.772357    48.573003
  20.771834    48.572937
  20.771117    48.572885
  20.770603    48.572827
  20.770261    48.572798
  20.769801    48.572757
  20.769389    48.572715
  20.768875    48.57266
  20.768347    48.572622
  20.767332    48.572531
  20.766392    48.57244
  20.766082    48.572412
  20.765562    48.572365
  20.764943    48.572307
  20.764658    48.572278
  20.763466    48.572166
  20.762633    48.572088
  20.761626    48.571976
  20.761254    48.57192
  20.760779    48.571821
  20.760163    48.571809
  20.759636    48.571806
  20.759184    48.571763
  20.758294    48.571687
  20.757501    48.571636
  20.7569175   48.5715588
  20.756082    48.5715
  20.755882    48.571475
  20.755677    48.571447
  20.755229    48.571416
  20.754838    48.57139
  20.75419     48.571389
  20.753599    48.571342
  20.751783    48.571231
  20.750414    48.571145
  20.749845    48.571112
  20.749284    48.571067
  20.748461    48.571019
  20.747032    48.570927
  20.746131    48.570897
  20.74556     48.570883
  20.745041    48.570818
  20.744487    48.570764
  20.743906    48.570735
  20.74351     48.570712
  20.742976    48.570671
  20.74228     48.570627
  20.740391    48.570485
  20.739031    48.570422
  20.738584    48.570393
  20.73776     48.570319
  20.736106    48.57022
  20.735431    48.570188
  20.734728    48.570138
  20.733904    48.570085
  20.734155    48.568679
  20.734568    48.567237
  20.734749    48.566693
  20.73359     48.566559
  20.73206     48.566356
  20.731135    48.566347
  20.729435    48.566407
  20.728106    48.566405
  20.72783     48.566334
  20.727894    48.566038
  20.727937    48.565745
  20.728014    48.565173
  20.728106    48.56448
  20.727601    48.564441
  20.727112    48.564408
  20.726983    48.564773
  20.726892    48.565202
  20.726851    48.56548
  20.726756    48.566205
  20.726553    48.5671
  20.726403    48.567764
  20.7263205   48.5680499
  20.7262628   48.5682894
  20.726193    48.568838
  20.726178    48.569059
  20.726234    48.56961
  20.725574    48.569733
  20.725371    48.569713
  20.724916    48.569536
  20.724112    48.569244
  20.72319     48.569389
  20.722547    48.569491
  20.720936    48.569294
  20.718806    48.569964
  20.717673    48.570334
  20.716412    48.570223
  20.71519     48.570081
  20.713132    48.570391
  20.712576    48.570058
  20.711367    48.569297
  20.709758    48.568273
  20.708512    48.569455
  20.706584    48.569128
  20.706137    48.568868
  20.705967    48.568449
  20.705828    48.568396
  20.704844    48.568317
  20.704395    48.568195
  20.703916    48.568184
  20.703638    48.568079
  20.70322     48.567932
  20.703026    48.567864
  20.702273    48.567748
  20.702103    48.567703
  20.701489    48.567494
  20.701165    48.567367
  20.700981    48.567291
  20.700482    48.56712
  20.699783    48.566868
  20.698509    48.56656
  20.697571    48.566306
  20.696186    48.565888
  20.695516    48.565751
  20.69519     48.565637
  20.694257    48.565273
  20.693709    48.56505
  20.693012    48.564769
  20.692182    48.56443
  20.691714    48.564246
  20.691005    48.564075
  20.690483    48.563935
  20.689096    48.563581
  20.688008    48.563313
  20.686944    48.562916
  20.685405    48.562394
  20.684379    48.562072
  20.683813    48.561885
  20.683322    48.561744
  20.681886    48.561377
  20.68162     48.56127
  20.681304    48.561139
  20.680971    48.560843
  20.6806      48.560526
  20.6796589   48.5596519
  20.679532    48.559534
  20.679502    48.559516
  20.679309    48.55966
  20.679234    48.559799
  20.679197    48.559886
  20.679156    48.559954
  20.679012    48.560099
  20.678855    48.560199
  20.678775    48.560271
  20.678612    48.560407
  20.678139    48.56058
  20.677546    48.5608
  20.677183    48.560923
  20.675773    48.561284
  20.675521    48.561387
  20.675034    48.561713
  20.674998    48.561709
  20.674313    48.561936
  20.672582    48.562192
  20.67258     48.562207
  20.671979    48.562442
  20.67171     48.562527
  20.671538    48.562539
  20.671291    48.562456
  20.671002    48.562218
  20.670485    48.562051
  20.670075    48.561996
  20.669481    48.56186
  20.66889     48.561704
  20.66787     48.561218
  20.66675     48.560684
  20.666397    48.560425
  20.665601    48.559942
  20.66473     48.560116
  20.664248    48.560249
  20.663769    48.560361
  20.663043    48.560478
  20.663034    48.560509
  20.661871    48.560635
  20.659931    48.560898
  20.659145    48.560975
  20.658628    48.561033
  20.657116    48.561164
  20.656941    48.561179
  20.656933    48.561158
  20.656661    48.561185
  20.656453    48.561169
  20.656205    48.561157
  20.656033    48.561194
  20.655907    48.56124
  20.655538    48.561322
  20.655143    48.561356
  20.654591    48.561353
  20.65435     48.561368
  20.653874    48.561413
  20.653857    48.561388
  20.65329     48.560618
  20.652501    48.559557
  20.650693    48.558614
  20.650018    48.558209
  20.649483    48.55781
  20.649241    48.557634
  20.649115    48.557399
  20.648268    48.555924
  20.647294    48.554153
  20.647174    48.553945
  20.646901    48.553795
  20.64604     48.553409
  20.644728    48.552761
  20.64387     48.552234
  20.644056    48.551977
  20.643597    48.55193
  20.6434417   48.5519695
  20.643361    48.55199
  20.643789    48.552895
  20.644017    48.553046
  20.644073    48.553086
  20.644107    48.553149
  20.644023    48.553532
  20.6438132   48.5539037
  20.643734    48.554044
  20.642548    48.554537
  20.642       48.554918
  20.641633    48.55516
  20.641537    48.555244
  20.641249    48.555343
  20.64084     48.555412
  20.640468    48.555438
  20.640082    48.555288
  20.639534    48.554908
  20.638922    48.554071
  20.638756    48.553728
  20.63854     48.553314
  20.637451    48.552664
  20.636656    48.552271
  20.636116    48.552014
  20.63547     48.551449
  20.635443    48.551425
  20.63535     48.551422
  20.635265    48.551383
  20.635031    48.551249
  20.634544    48.551071
  20.634142    48.55096
  20.633907    48.550914
  20.633731    48.550884
  20.633564    48.55088
  20.633246    48.550912
  20.633005    48.550953
  20.632726    48.551029
  20.632006    48.551181
  20.631981    48.551147
  20.631264    48.550977
  20.630294    48.550673
  20.630037    48.5506
  20.629913    48.550553
  20.629848    48.550528
  20.629779    48.550528
  20.629371    48.550661
  20.629049    48.550732
  20.628808    48.55077
  20.628503    48.550835
  20.628185    48.550894
  20.627809    48.550989
  20.627731    48.550991
  20.627608    48.550972
  20.627455    48.550971
  20.626786    48.551021
  20.626465    48.551036
  20.626213    48.551038
  20.625963    48.551019
  20.62552     48.550996
  20.625164    48.550976
  20.624912    48.55095
  20.624555    48.550892
  20.624313    48.550862
  20.623973    48.550803
  20.623787    48.550789
  20.62359     48.550788
  20.623465    48.550759
  20.623337    48.55069
  20.623256    48.550626
  20.623163    48.550528
  20.62308     48.550406
  20.623001    48.550233
  20.622978    48.550139
  20.622932    48.550029
  20.622886    48.549962
  20.622758    48.549813
  20.622645    48.549676
  20.622581    48.549626
  20.622463    48.549569
  20.622233    48.549524
  20.62195     48.549455
  20.621816    48.549403
  20.621546    48.549222
  20.62132     48.549097
  20.62123     48.549029
  20.621168    48.548949
  20.621129    48.548854
  20.621065    48.548737
  20.620905    48.548498
  20.620769    48.548385
  20.620629    48.548298
  20.620459    48.548237
  20.620064    48.548132
  20.61984     48.548038
  20.619729    48.547993
  20.619437    48.547837
  20.619231    48.547672
  20.619044    48.547508
  20.619001    48.547387
  20.618983    48.547094
  20.618832    48.546561
  20.618736    48.546357
  20.618529    48.546103
  20.618451    48.545981
  20.61842     48.545785
  20.618436    48.5457
  20.61846     48.545552
  20.618443    48.545485
  20.618408    48.545408
  20.618099    48.545057
  20.618082    48.544948
  20.618033    48.544851
  20.617863    48.544756
  20.617304    48.544362
  20.617085    48.54424
  20.616758    48.544002
  20.616663    48.543918
  20.616429    48.543726
  20.61613     48.543583
  20.615953    48.543521
  20.615773    48.543476
  20.615623    48.543459
  20.615347    48.543457
  20.615158    48.543439
  20.614668    48.54338
  20.614521    48.543376
  20.614111    48.543339
  20.613465    48.543476
  20.613186    48.543525
  20.612672    48.543622
  20.612481    48.543644
  20.611994    48.543662
  20.611601    48.543615
  20.611396    48.543605
  20.610953    48.543532
  20.610389    48.543477
  20.610156    48.543426
  20.610019    48.543381
  20.60968     48.543318
  20.609383    48.543227
  20.609133    48.543155
  20.609041    48.543134
  20.608449    48.542884
  20.607962    48.542605
  20.607408    48.542349
  20.607111    48.542211
  20.606916    48.542148
  20.606754    48.542133
  20.606597    48.542146
  20.606313    48.542215
  20.605752    48.542437
  20.604733    48.542808
  20.604404    48.542894
  20.604042    48.542931
  20.603761    48.542951
  20.603594    48.542953
  20.603206    48.542805
  20.602936    48.542648
  20.602785    48.542553
  20.602389    48.542452
  20.60204     48.542392
  20.601855    48.542384
  20.601187    48.542421
  20.600243    48.542579
  20.600132    48.5426
  20.599872    48.542551
  20.599514    48.542409
  20.599466    48.542377
  20.599345    48.542293
  20.599178    48.542133
  20.598662    48.542049
  20.598401    48.541733
  20.597511    48.541198
  20.597385    48.541154
  20.597261    48.541081
  20.597108    48.540962
  20.596955    48.540804
  20.596732    48.540699
  20.596584    48.54069
  20.596448    48.540717
  20.596315    48.540741
  20.596098    48.540855
  20.59593     48.540913
  20.59574     48.540925
  20.595625    48.540925
  20.595519    48.540912
  20.595253    48.540827
  20.594953    48.540709
  20.594868    48.540662
  20.594671    48.540532
  20.594446    48.540407
  20.594248    48.540193
  20.594072    48.540032
  20.593844    48.53987
  20.593591    48.539721
  20.593226    48.539566
  20.592549    48.539333
  20.592052    48.539231
  20.591629    48.539165
  20.591543    48.539162
  20.591023    48.53919
  20.590719    48.539151
  20.590629    48.539141
  20.590199    48.539187
  20.589949    48.539212
  20.58983     48.539195
  20.589173    48.53908
  20.587885    48.53889
  20.587491    48.538863
  20.587187    48.538848
  20.587183    48.538823
  20.587004    48.53792
  20.586842    48.537072
  20.586727    48.536465
  20.58665     48.536009
  20.586595    48.535759
  20.585786    48.535822
  20.584588    48.535988
  20.583819    48.536262
  20.583335    48.536444
  20.582652    48.536716
  20.582164    48.536823
  20.581679    48.536929
  20.579984    48.537265
  20.579287    48.537323
  20.578708    48.537372
  20.577674    48.537787
  20.57722     48.53804
  20.576787    48.538282
  20.576103    48.53847
  20.57551     48.538577
  20.574931    48.53868
  20.574118    48.538885
  20.5735      48.53909
  20.572825    48.539309
  20.571862    48.539804
  20.570531    48.539956
  20.569406    48.540162
  20.568663    48.540381
  20.567572    48.540768
  20.566537    48.540978
  20.56507     48.541163
  20.563902    48.541555
  20.562952    48.541669
  20.561759    48.541995
  20.561043    48.542254
  20.560391    48.542352
  20.559362    48.542811
  20.558052    48.543058
  20.557097    48.543084
  20.556754    48.542837
  20.556596    48.542719
  20.556382    48.542561
  20.555555    48.54219
  20.554857    48.542071
  20.553629    48.542129
  20.552803    48.542352
  20.551881    48.542388
  20.551123    48.542349
  20.549985    48.542599
  20.549412    48.542964
  20.548879    48.543164
  20.548244    48.543529
  20.547291    48.544004
  20.546494    48.544292
  20.54637     48.544213
  20.546307    48.544123
  20.545986    48.543695
  20.545216    48.542641
  20.544819    48.542114
  20.544798    48.54205
  20.544786    48.542011
  20.54462     48.541493
  20.544582    48.541313
  20.54448     48.540891
  20.544469    48.540847
  20.544465    48.540827
  20.544212    48.540592
  20.54408     48.540486
  20.543295    48.539927
  20.542726    48.539518
  20.542681    48.539486
  20.542276    48.539194
  20.54164     48.538759
  20.541581    48.538719
  20.541496    48.538659
  20.541153    48.537757
  20.540797    48.536775
  20.540502    48.535921
  20.540215    48.535153
  20.539936    48.534349
  20.539842    48.534077
  20.539676    48.533691
  20.539581    48.533415
  20.539368    48.532753
  20.538999    48.531816
  20.538853    48.531454
  20.538758    48.53118
  20.538546    48.530575
  20.538368    48.530037
  20.538289    48.529799
  20.538041    48.529262
  20.537943    48.529085
  20.537761    48.52861
  20.537471    48.527878
  20.537049    48.527936
  20.536962    48.527948
  20.536941    48.527951
  20.535582    48.528128
  20.534056    48.52832
  20.533636    48.528399
  20.533322    48.528461
  20.532846    48.528688
  20.532091    48.529055
  20.530776    48.529686
  20.529929    48.530111
  20.529558    48.53028
  20.529028    48.530522
  20.528562    48.530504
  20.52808     48.53049
  20.527467    48.530468
  20.526559    48.530435
  20.525215    48.530385
  20.524698    48.530777
  20.523722    48.531505
  20.523174    48.532127
  20.522543    48.532832
  20.522185    48.533479
  20.521895    48.53404
  20.521568    48.534626
  20.521267    48.535175
  20.52104     48.535676
  20.520823    48.536151
  20.520027    48.53666
  20.519807    48.5368
  20.519291    48.537337
  20.5191      48.537519
  20.517826    48.536761
  20.516539    48.536323
  20.515115    48.535844
  20.513431    48.535667
  20.512709    48.53565
  20.511909    48.535629
  20.510335    48.535412
  20.509476    48.535047
  20.508445    48.534786
  20.507436    48.534526
  20.506507    48.534415
  20.50758     48.53338
  20.507286    48.533241
  20.507595    48.532745
  20.508336    48.532348
  20.507081    48.531673
  20.506608    48.532215
  20.506104    48.532623
  20.505467    48.533089
  20.505158    48.532791
  20.504723    48.532371
  20.504559    48.53221
  20.504226    48.531934
  20.504088    48.531718
  20.50389     48.531406
  20.503817    48.531279
  20.503626    48.53071
  20.503441    48.530075
  20.503365    48.529592
  20.503273    48.529325
  20.503134    48.529038
  20.503025    48.528838
  20.50287     48.528613
  20.502446    48.527981
  20.501967    48.527262
  20.50237     48.527062
  20.503612    48.526398
  20.504094    48.526102
  20.5045098   48.5258634
  20.5043711   48.5255915
  20.504206    48.525061
  20.504085    48.524786
  20.503316    48.524095
  20.5025785   48.5234272
  20.5022623   48.5232979
  20.5025787   48.5230699
  20.503524    48.522777
  20.5041187   48.5225689
  20.5046497   48.5224182
  20.5051199   48.5222684
  20.5045855   48.5219187
  20.5036463   48.521533
  20.502792    48.521191
  20.50298     48.520871
  20.503221    48.520648
  20.5024793   48.5198649
  20.5024687   48.5198341
  20.5028625   48.5197915
  20.5033948   48.5195585
  20.5042921   48.5190851
  20.5046359   48.5187909
  20.5051883   48.5185062
  20.5052998   48.518029
  20.5064898   48.5174393
  20.5071561   48.5167001
  20.5081614   48.5163367
  20.508692    48.5158771
  20.5090889   48.5155474
  20.5090125   48.5151828
  20.5087053   48.514797
  20.5085743   48.5144809
  20.5091353   48.5136902
  20.5093626   48.5131934
  20.510015    48.512917
  20.5102915   48.5126442
  20.5104887   48.5123288
  20.5101011   48.5117524
  20.5101512   48.5114844
  20.5100335   48.5114222
  20.509602    48.5111352
  20.5090283   48.5107092
  20.5081037   48.5100812
  20.5072865   48.5095193
  20.5072346   48.5087683
  20.5071939   48.5082601
  20.5071465   48.5077649
  20.5070861   48.5073448
  20.5069137   48.5060729
  20.5067185   48.5048745
  20.5065587   48.503576
  20.5065277   48.5033732
  20.506459    48.5029864
  20.5064229   48.5025879
  20.5063624   48.5020932
  20.5062567   48.5012325
  20.5061285   48.5003525
  20.5059662   48.4992342
  20.5058679   48.4986253
  20.5058489   48.4981866
  20.505784    48.497775
  20.505604    48.496578
  20.505535    48.496129
  20.5054748   48.4958109
  20.505426    48.495392
  20.505355    48.4949
  20.5053087   48.4945079
  20.5052778   48.4941052
  20.5052203   48.4937585
  20.5050175   48.4923421
  20.504909    48.4915572
  20.5047068   48.4902126
  20.5046908   48.4901292
  20.5049273   48.4902845
  20.5057799   48.4903279
  20.5059437   48.490208
  20.5066408   48.4900988
  20.5067704   48.4901689
  20.5075041   48.4899665
  20.507558    48.4897919
  20.5075058   48.489688
  20.5079887   48.4893987
  20.5078007   48.4893486
  20.5067798   48.48889
  20.5065825   48.4888032
  20.506243    48.488783
  20.506003    48.488774
  20.505628    48.488741
  20.505121    48.488693
  20.504461    48.488644
  20.503268    48.488549
  20.5022201   48.4884743
  20.5008958   48.4883834
  20.5007015   48.4883697
  20.5005022   48.4883544
  20.5002554   48.4883404
  20.4995982   48.4882992
  20.4985776   48.4881249
  20.4972093   48.4877124
  20.4967227   48.4877942
  20.4960479   48.4876392
  20.4950662   48.4876677
  20.494742    48.487315
  20.493803    48.4864173
  20.4931738   48.4857912
  20.4923014   48.4849404
  20.4920157   48.4846541
  20.4917834   48.4843392
  20.4915569   48.4840377
  20.4914612   48.4832199
  20.4916152   48.4828383
  20.4916216   48.4828224
  20.4916236   48.4828175
  20.4914859   48.48259
  20.4912137   48.4821474
  20.4910541   48.4818879
  20.4905009   48.4809692
  20.4904126   48.480781
  20.4903023   48.4805282
  20.4898769   48.4795539
  20.4896788   48.4791059
  20.4893497   48.4783503
  20.4892819   48.4780903
  20.4890527   48.4772578
  20.4888796   48.4766259
  20.4886688   48.4758574
  20.487875    48.4754417
  20.4869786   48.4749802
  20.4863347   48.4745092
  20.4861498   48.474374
  20.4860794   48.4743225
  20.4859438   48.4742234
  20.4858218   48.4741093
  20.4857178   48.4740434
  20.4856289   48.4739871
  20.4856147   48.473933
  20.4855325   48.4738744
  20.4854054   48.4737837
  20.4842789   48.4730769
  20.4837024   48.4727106
  20.4835541   48.4725933
  20.4834324   48.4724919
  20.4829228   48.472081
  20.4825228   48.4717567
  20.4823377   48.4716058
  20.4819226   48.4712684
  20.4817167   48.4711112
  20.4811151   48.4707339
  20.4804461   48.4703468
  20.4797714   48.4699621
  20.477919    48.4688967
  20.4777753   48.4688161
  20.4775213   48.4686696
  20.47631     48.4679821
  20.475382    48.4674533
  20.4743869   48.4668897
  20.4731924   48.4662075
  20.4730937   48.4661499
  20.4724677   48.4660136
  20.471527    48.4658068
  20.4699372   48.4654601
  20.4685178   48.4651419
  20.4680824   48.4650501
  20.4677163   48.4649643
  20.4665222   48.4647019
  20.4653719   48.4644447
  20.4652691   48.4644225
  20.4652202   48.464412
  20.4641644   48.4641844
  20.463973    48.463976
  20.4638934   48.4639011
  20.464136    48.4637089
  20.46431     48.463554
  20.464505    48.463418
  20.464645    48.463307
  20.4647946   48.4631727
  20.465066    48.4629507
  20.46543     48.46266
  20.4655336   48.4625961
  20.465791    48.4624398
  20.466148    48.46221
  20.4663466   48.4620868
  20.4668163   48.4617886
  20.4670304   48.4616531
  20.4674641   48.4613767
  20.4676982   48.4612299
  20.4679567   48.4610669
  20.4680055   48.4610377
  20.4685721   48.4606727
  20.468793    48.4605366
  20.4688372   48.4604915
  20.4690904   48.460239
  20.4694691   48.4598534
  20.4694832   48.459558
  20.4694892   48.4594531
  20.4695085   48.4590618
  20.4695264   48.4585813
  20.4695415   48.4582852
  20.4695583   48.4578311
  20.469571    48.4575736
  20.4695799   48.4573477
  20.469596    48.4570639
  20.4696025   48.4568495
  20.4696099   48.4566908
  20.4696254   48.4564416
  20.4696256   48.4562643
  20.4696355   48.4561268
  20.469705    48.4558475
  20.4697635   48.4555906
  20.469832    48.4553154
  20.4698674   48.455166
  20.4698831   48.4551064
  20.4699225   48.4549444
  20.4699481   48.4548296
  20.4699071   48.4547164
  20.4698148   48.4544244
  20.4696908   48.4540724
  20.4696501   48.4539259
  20.4696561   48.4537528
  20.4696562   48.4535635
  20.4696578   48.4533387
  20.4696535   48.4530313
  20.4696872   48.4528805
  20.4697467   48.4526547
  20.4698187   48.4525456
  20.4697417   48.4525827
  20.4696228   48.4526451
  20.469325    48.4527296
  20.4691274   48.4527855
  20.4689537   48.4528311
  20.4687274   48.4528969
  20.4685886   48.4529248
  20.4684529   48.4529474
  20.4682249   48.452987
  20.4677949   48.4529987
  20.467526    48.452956
  20.4673141   48.4529232
  20.4671504   48.4528683
  20.4669959   48.4528135
  20.4667191   48.4527183
  20.4664861   48.4526368
  20.4662931   48.4525723
  20.4660276   48.4524417
  20.4658202   48.452342
  20.4656011   48.4522332
  20.4654543   48.4521594
  20.465244    48.452056
  20.465077    48.451971
  20.4648946   48.4518593
  20.4645677   48.4516615
  20.4643      48.451502
  20.4640056   48.4513221
  20.4635835   48.4510636
  20.4631256   48.4507866
  20.4629489   48.4506794
  20.4626994   48.450526
  20.4623768   48.450367
  20.4621032   48.4502351
  20.4617276   48.450128
  20.461294    48.4500027
  20.4607277   48.4499565
  20.4604899   48.449938
  20.4601701   48.4499179
  20.4600214   48.4499187
  20.459788    48.449918
  20.4595395   48.4499198
  20.459257    48.4499191
  20.4588497   48.4499192
  20.4586613   48.4499197
  20.4583348   48.4499199
  20.4581449   48.4499206
  20.4576587   48.4498595
  20.4574843   48.4498387
  20.4572187   48.4498069
  20.457105    48.4497729
  20.45681     48.4496797
  20.4566678   48.4496385
  20.4562891   48.4495162
  20.4559746   48.4494231
  20.4557854   48.4493629
  20.4555271   48.4492807
  20.454995    48.449115
  20.4548589   48.4490777
  20.453877    48.448957
  20.4534434   48.448942
  20.4530785   48.4489271
  20.4527586   48.4488939
  20.4524797   48.4488615
  20.4524209   48.448844
  20.452232    48.448792
  20.4520262   48.4487259
  20.4517574   48.4485646
  20.4516433   48.4484915
  20.4515809   48.4484529
  20.4514623   48.4483277
  20.4513386   48.4481845
  20.4512609   48.448087
  20.451073    48.447765
  20.450987    48.447605
  20.4508859   48.4474382
  20.4508079   48.4473118
  20.450714    48.44718
  20.4506619   48.4470856
  20.4505088   48.4468617
  20.4503746   48.4467062
  20.4502926   48.4466136
  20.450136    48.446513
  20.450044    48.446434
  20.4499142   48.4463478
  20.4497128   48.4462452
  20.4495311   48.4461514
  20.449435    48.4461043
  20.4493288   48.4460478
  20.4491764   48.4459762
  20.4488253   48.4458246
  20.4486954   48.4457691
  20.4485206   48.4457219
  20.4483706   48.4456823
  20.4480558   48.4456013
  20.4473077   48.445404
  20.44687     48.445275
  20.44674     48.445242
  20.446615    48.445198
  20.44649     48.445152
  20.4463939   48.4450989
  20.4463446   48.4450811
  20.4462489   48.4450395
  20.4462126   48.4450173
  20.4461143   48.444945
  20.4460135   48.4448754
  20.445854    48.444766
  20.4457821   48.4447172
  20.4457087   48.4446649
  20.4456148   48.4445687
  20.4455368   48.4444874
  20.44547     48.4443398
  20.4453082   48.4439542
  20.445266    48.443843
  20.4451787   48.4436339
  20.4451163   48.443451
  20.4449583   48.4433955
  20.4448873   48.443268
  20.4448109   48.4431418
  20.4447476   48.4430181
  20.4446739   48.442824
  20.4445764   48.4425843
  20.4440888   48.4413352
  20.4438931   48.4408252
  20.4437501   48.4404505
  20.4434746   48.4397478
  20.4433324   48.4393697
  20.4430703   48.4387003
  20.4421902   48.4381407
  20.4418116   48.4377097
  20.4410014   48.4368129
  20.4403029   48.436289
  20.4399819   48.4360644
  20.4397238   48.4358751
  20.4394479   48.4356691
  20.439224    48.435509
  20.438779    48.435197
  20.438408    48.434926
  20.4379251   48.4345767
  20.4375684   48.4343195
  20.4372118   48.4340638
  20.4370075   48.4339164
  20.4367729   48.4337508
  20.436648    48.433642
  20.4361395   48.4332548
  20.4357383   48.432941
  20.4355767   48.4326946
  20.4354358   48.4324703
  20.4353258   48.4322947
  20.4352292   48.4321627
  20.4352288   48.4320086
  20.4352327   48.4318266
  20.4352379   48.4315003
  20.4351939   48.4314196
  20.4348795   48.4306774
  20.434772    48.4304276
  20.4345151   48.4301707
  20.43387     48.4299417
  20.4332842   48.4294615
  20.4329557   48.4293325
  20.4320094   48.4287879
  20.4317867   48.4287771
  20.4312385   48.4287457
  20.4303653   48.4288329
  20.4299803   48.428801
  20.4296836   48.428754
  20.429313    48.4286394
  20.4291169   48.4284554
  20.4288171   48.4278897
  20.4285322   48.4273525
  20.4284026   48.4271036
  20.4282127   48.4267443
  20.4281078   48.4265602
  20.4280378   48.4263807
  20.427967    48.4262
  20.4279015   48.4260368
  20.4278573   48.4259212
  20.4273587   48.4252702
  20.4271441   48.4250663
  20.4270984   48.4250216
  20.4267494   48.4247862
  20.4264964   48.4246191
  20.4260026   48.4243022
  20.4256417   48.4240707
  20.4252427   48.4238116
  20.424793    48.4235275
  20.4246152   48.4234098
  20.4243242   48.4232841
  20.4240262   48.4231563
  20.42379     48.423051
  20.423506    48.4229268
  20.4229408   48.4228633
  20.4220305   48.4224935
  20.4215047   48.4222848
  20.4205593   48.4219277
  20.4202851   48.4218218
  20.4200155   48.4216248
  20.4194497   48.4211725
  20.4190964   48.4208942
  20.4180413   48.4200456
  20.4178355   48.4198735
  20.4176654   48.419744
  20.4170357   48.419236
  20.4167243   48.4189879
  20.4165615   48.4187895
  20.4163443   48.4185193
  20.4161401   48.4181627
  20.4161281   48.4178125
  20.4163295   48.4173131
  20.4165357   48.4168143
  20.4166392   48.4161698
  20.4163884   48.4158557
  20.4159569   48.4154733
  20.4158584   48.415298
  20.415658    48.414954
  20.4154975   48.4146613
  20.4153502   48.4143879
  20.4152315   48.4141204
  20.4151247   48.4138747
  20.4148752   48.4132996
  20.4145547   48.4125793
  20.4144701   48.4123764
  20.4143129   48.4120273
  20.4143816   48.4113912
  20.4144381   48.4109525
  20.414613    48.4102737
  20.4146841   48.4100191
  20.4148678   48.4098232
  20.415118    48.4097003
  20.41549     48.409637
  20.415778    48.409574
  20.4161876   48.4094976
  20.4164176   48.4094532
  20.416604    48.4094156
  20.4170311   48.4093376
  20.417668    48.408961
  20.4177841   48.4085957
  20.4182459   48.4080313
  20.4185706   48.4074877
  20.4187493   48.4071864
  20.4191259   48.4065519
  20.4193849   48.4061224
  20.4199597   48.4051729
  20.4201141   48.4049206
  20.4202569   48.4046739
  20.4205802   48.4041449
  20.4203864   48.4037047
  20.4200388   48.4034264
  20.419784    48.4032273
  20.4196858   48.403144
  20.4194935   48.4029876
  20.4185104   48.4021966
  20.4178338   48.4016528
  20.4171513   48.4011137
  20.4166878   48.4005563
  20.4168481   48.3988042
  20.416767    48.3983164
  20.4167232   48.3980492
  20.416606    48.397353
  20.4164032   48.3961459
  20.4163423   48.3957785
  20.4163788   48.3956053
  20.4164842   48.3952316
  20.4166717   48.3948851
  20.4166823   48.3945431
  20.4164809   48.3939287
  20.4164691   48.3938749
  20.4157156   48.3930471
  20.415139    48.3927209
  20.4148117   48.3925301
  20.414676    48.3924124
  20.4145551   48.392308
  20.4144907   48.3922476
  20.414423    48.392194
  20.4142693   48.3920572
  20.4142494   48.3919931
  20.4141293   48.3917028
  20.4139765   48.3913373
  20.4139329   48.3911445
  20.413835    48.3907371
  20.4137752   48.3904686
  20.4136788   48.3900615
  20.4135784   48.3896361
  20.4133563   48.388688
  20.4130205   48.3882702
  20.4126464   48.3878099
  20.412444    48.3877197
  20.4122187   48.3876201
  20.4118567   48.3874562
  20.4114433   48.3872086
  20.4107719   48.3868018
  20.4103867   48.3865706
  20.409259    48.385892
  20.408853    48.385551
  20.408598    48.3853338
  20.4083096   48.3848554
  20.408252    48.384876
  20.4077781   48.3850302
  20.4075019   48.3846807
  20.4070934   48.3844844
  20.4069488   48.3844101
  20.4066488   48.3842665
  20.4061836   48.3840455
  20.405909    48.3839107
  20.4054372   48.3836834
  20.4049873   48.3834621
  20.4043883   48.3832449
  20.4032609   48.3828348
  20.4025293   48.3825668
  20.40272     48.3823842
  20.4029177   48.3821958
  20.403142    48.3819827
  20.4036147   48.3815431
  20.4035217   48.3812951
  20.4036024   48.3812428
  20.4037985   48.3811181
  20.404009    48.380968
  20.4041415   48.380895
  20.404408    48.3807209
  20.4046567   48.3805626
  20.4049022   48.3802883
  20.4050373   48.3801412
  20.405187    48.38015
  20.4055707   48.3801722
  20.406004    48.3799781
  20.4064787   48.3797654
  20.4068507   48.3793716
  20.4066636   48.378988
  20.4065343   48.3787167
  20.4065924   48.3782098
  20.4066014   48.3781254
  20.406855    48.3779014
  20.4074946   48.3773324
  20.4075755   48.3770311
  20.4076226   48.3768803
  20.4077248   48.3764996
  20.4078067   48.3762202
  20.4080039   48.3755235
  20.4083702   48.3749538
  20.4085897   48.3746128
  20.4087745   48.3743293
  20.4089904   48.3739939
  20.4090706   48.3738652
  20.4091863   48.3736861
  20.409729    48.372841
  20.409863    48.3726342
  20.4101193   48.3724179
  20.4110802   48.3715887
  20.4114796   48.3710905
  20.4115007   48.3702856
  20.4118427   48.3697682
  20.4111586   48.3693646
  20.410724    48.369103
  20.4101667   48.3687791
  20.4099059   48.368627
  20.4095563   48.36842
  20.4092381   48.3682355
  20.409333    48.3679832
  20.4096306   48.3672131
  20.4097474   48.3669152
  20.4098857   48.3665452
  20.4099149   48.3664619
  20.4099312   48.3661261
  20.4098119   48.3658749
  20.4094271   48.3655054
  20.4090565   48.3653373
  20.4085403   48.3651056
  20.4076382   48.3646976
  20.4075025   48.3646397
  20.407518    48.364442
  20.4075894   48.3633361
  20.4075951   48.3632171
  20.4076053   48.363093
  20.4075556   48.3629868
  20.4074785   48.3628213
  20.4071878   48.3626545
  20.4066729   48.3623602
  20.4061449   48.3620615
  20.406024    48.3619893
  20.4056393   48.3618413
  20.405372    48.361742
  20.4049371   48.3615754
  20.4045202   48.361271
  20.4043566   48.3611001
  20.4040602   48.3607838
  20.40293     48.3603787
  20.4020521   48.3600677
  20.4008372   48.3595682
  20.3998044   48.3592606
  20.3989886   48.3589426
  20.4004254   48.3582821
  20.399103    48.357478
  20.398685    48.357248
  20.398694    48.357235
  20.398867    48.356858
  20.398942    48.356679
  20.398992    48.356491
  20.398597    48.356336
  20.3981098   48.3560422
  20.397556    48.355929
  20.397208    48.355793
  20.396938    48.356015
  20.396585    48.356306
  20.396568    48.35632
  20.395918    48.35605
  20.395833    48.356028
  20.395677    48.356066
  20.395269    48.35622
  20.395142    48.356257
  20.39502     48.356261
  20.394898    48.356232
  20.394702    48.356141
  20.394149    48.355879
  20.393532    48.355601
  20.393419    48.35555
  20.393379    48.355529
  20.393366    48.355453
  20.39333     48.355335
  20.3931688   48.3550536
  20.3919417   48.3545465
  20.3912019   48.3542177
  20.39022     48.3537699
  20.3894709   48.3534609
  20.3881559   48.3529626
  20.3868425   48.3524087
  20.3864725   48.3522632
  20.3858155   48.3519783
  20.3853733   48.3517888
  20.3843379   48.3513621
  20.3841231   48.3511552
  20.3843944   48.3511001
  20.3847161   48.3510384
  20.3853604   48.350809
  20.3857498   48.3503356
  20.3859515   48.349905
  20.3862601   48.349222
  20.3865103   48.3486706
  20.386516    48.348484
  20.3865225   48.3481106
  20.3865239   48.34775
  20.3864362   48.34765
  20.386297    48.34751
  20.3861304   48.3473243
  20.3856293   48.3467866
  20.3851302   48.3462539
  20.3846731   48.3457665
  20.3841725   48.3452327
  20.3838647   48.3449069
  20.3832683   48.3442699
  20.3825143   48.3434554
  20.3820034   48.3429098
  20.3813711   48.3422287
  20.3807866   48.3416105
  20.3803244   48.3411187
  20.3800945   48.3408628
  20.3799551   48.340717
  20.3798208   48.340578
  20.379136    48.339962
  20.378979    48.339818
  20.378849    48.33971
  20.378703    48.339596
  20.378368    48.339351
  20.377904    48.338998
  20.377431    48.338616
  20.376938    48.338198
  20.376575    48.33792
  20.376191    48.337622
  20.375736    48.337242
  20.375201    48.336776
  20.374514    48.336285
  20.374372    48.336176
  20.373931    48.335835
  20.373376    48.335435
  20.372954    48.335159
  20.372589    48.334906
  20.372387    48.334756
  20.372053    48.334449
  20.371985    48.334371
  20.371936    48.334283
  20.37193     48.334193
  20.371967    48.333999
  20.371966    48.333914
  20.371935    48.333802
  20.371848    48.333703
  20.371606    48.333577
  20.371345    48.333474
  20.370956    48.333339
  20.370199    48.333102
  20.369438    48.332838
  20.369166    48.332731
  20.36889     48.332606
  20.36867     48.332518
  20.368239    48.332375
  20.367629    48.332187
  20.367827    48.331775
  20.368086    48.331145
  20.368233    48.330764
  20.368517    48.33001
  20.368533    48.329968
  20.36856     48.329814
  20.369095    48.329602
  20.369563    48.329439
  20.370032    48.32927
  20.370794    48.328972
  20.371174    48.328788
  20.371385    48.328667
  20.371813    48.328368
  20.372299    48.328004
  20.372834    48.327585
  20.373148    48.327344
  20.373327    48.327222
  20.37354     48.327136
  20.373808    48.327058
  20.374146    48.327014
  20.374279    48.326989
  20.374268    48.326968
  20.373921    48.326593
  20.373383    48.32611
  20.372784    48.325585
  20.372071    48.324922
  20.371276    48.324212
  20.370975    48.323921
  20.370831    48.323735
  20.37072     48.323528
  20.370476    48.322838
  20.370233    48.322142
  20.370071    48.321625
  20.370013    48.321378
  20.369987    48.321215
  20.369984    48.321061
  20.369003    48.321
  20.368748    48.320615
  20.368491    48.32024
  20.368296    48.319902
  20.368026    48.319464
  20.367729    48.318991
  20.367385    48.318451
  20.366932    48.317875
  20.366634    48.317589
  20.366422    48.317416
  20.365977    48.316999
  20.365658    48.316606
  20.365535    48.316511
  20.365327    48.31642
  20.364518    48.316234
  20.364114    48.316129
  20.363707    48.316007
  20.36324     48.315812
  20.362573    48.315491
  20.361604    48.314995
  20.361071    48.314746
  20.360639    48.314558
  20.360216    48.314393
  20.35934     48.314051
  20.35879     48.313827
  20.358398    48.313663
  20.357661    48.313321
  20.357166    48.313076
  20.356538    48.312842
  20.356404    48.312794
  20.357908    48.309766
  20.357861    48.309746
  20.357802    48.309718
  20.356541    48.309133
  20.355842    48.308811
  20.35543     48.308627
  20.355006    48.308455
  20.354069    48.308244
  20.353637    48.308141
  20.352667    48.307921
  20.351289    48.307617
  20.351055    48.307551
  20.350691    48.307413
  20.350014    48.307111
  20.349285    48.306788
  20.348704    48.306578
  20.347862    48.306241
  20.34706     48.305934
  20.347152    48.305814
  20.346831    48.305669
  20.346106    48.305304
  20.345829    48.30514
  20.345851    48.30512
  20.345289    48.304831
  20.344528    48.304464
  20.344727    48.304234
  20.343822    48.303802
  20.343891    48.303719
  20.342739    48.303219
  20.342308    48.303668
  20.342204    48.303622
  20.342098    48.303575
  20.341972    48.30352
  20.342419    48.303052
  20.341299    48.302514
  20.340834    48.302278
  20.340112    48.301876
  20.339458    48.301451
  20.337465    48.301667
  20.337449    48.301608
  20.3374306   48.301539
  20.337396    48.301402
  20.338539    48.301277
  20.339044    48.301223
  20.338145    48.300741
  20.337598    48.300417
  20.336992    48.300084
  20.336959    48.300064
  20.336775    48.30005
  20.3367      48.300004
  20.336501    48.299886
  20.336202    48.299708
  20.335917    48.299531
  20.335405    48.299159
  20.335323    48.299091
  20.335269    48.299022
  20.33523     48.298943
  20.335212    48.298845
  20.33525     48.298442
  20.335437    48.298394
  20.335581    48.298329
  20.335712    48.298202
  20.335777    48.298119
  20.33583     48.298018
  20.33589     48.297928
  20.335976    48.297852
  20.336112    48.297815
  20.336187    48.297763
  20.336221    48.297685
  20.336205    48.297607
  20.336068    48.297287
  20.335988    48.297222
  20.335858    48.297166
  20.335702    48.297138
  20.335589    48.297121
  20.335504    48.297085
  20.335446    48.297027
  20.33544     48.296943
  20.335512    48.29684
  20.33559     48.296766
  20.335695    48.296702
  20.335797    48.296669
  20.335992    48.296634
  20.336113    48.296602
  20.336168    48.296561
  20.336222    48.296517
  20.336232    48.296453
  20.336208    48.296401
  20.33609     48.29627
  20.336039    48.296176
  20.335916    48.296051
  20.33578     48.295975
  20.335578    48.295891
  20.335438    48.295842
  20.335323    48.295837
  20.335073    48.295884
  20.334869    48.295921
  20.334568    48.296018
  20.334452    48.296039
  20.334358    48.296052
  20.334268    48.296049
  20.334079    48.296026
  20.333998    48.296022
  20.333932    48.296032
  20.333888    48.296049
  20.333851    48.296101
  20.333844    48.296152
  20.333865    48.296203
  20.333907    48.296272
  20.333969    48.296341
  20.334073    48.296408
  20.334132    48.296454
  20.334172    48.296505
  20.334167    48.296567
  20.334115    48.296627
  20.334033    48.296677
  20.333937    48.296705
  20.333794    48.296723
  20.333633    48.296692
  20.33347     48.296568
  20.333314    48.296439
  20.333311    48.296337
  20.333357    48.296137
  20.333391    48.296095
  20.33353     48.295993
  20.333558    48.295948
  20.333548    48.295901
  20.333524    48.295865
  20.333467    48.29579
  20.333401    48.295723
  20.333324    48.295669
  20.333253    48.295632
  20.333214    48.295605
  20.33319     48.295566
  20.333177    48.295501
  20.333186    48.295349
  20.333234    48.29526
  20.333297    48.295215
  20.333335    48.295189
  20.333407    48.295147
  20.333589    48.295076
  20.333645    48.295031
  20.333647    48.29497
  20.333582    48.294947
  20.333437    48.294947
  20.333303    48.294919
  20.333257    48.294839
  20.333237    48.294739
  20.33326     48.294654
  20.333313    48.294581
  20.333362    48.294504
  20.333374    48.294447
  20.33336     48.2944
  20.333319    48.294267
  20.333243    48.294112
  20.333225    48.294044
  20.333213    48.293949
  20.333231    48.29387
  20.333286    48.293736
  20.333316    48.293635
  20.333334    48.293498
  20.333292    48.293408
  20.33324     48.293366
  20.333184    48.293341
  20.332985    48.293368
  20.332681    48.293403
  20.332464    48.29347
  20.332384    48.293458
  20.332274    48.29335
  20.332273    48.293239
  20.332185    48.29314
  20.332122    48.293044
  20.332148    48.292983
  20.332239    48.29293
  20.332475    48.292811
  20.33265     48.292771
  20.332806    48.292748
  20.332976    48.292811
  20.333084    48.292806
  20.333218    48.292751
  20.333221    48.292745
  20.333339    48.292619
  20.333366    48.292584
  20.33343     48.292437
  20.333429    48.292351
  20.33342     48.292269
  20.333399    48.292217
  20.333323    48.292137
  20.33315     48.292088
  20.332948    48.292069
  20.33262     48.292092
  20.332492    48.292084
  20.332374    48.292036
  20.332348    48.291987
  20.332352    48.291899
  20.332383    48.291852
  20.332479    48.29177
  20.332575    48.291725
  20.332689    48.291692
  20.332798    48.291689
  20.332917    48.291729
  20.333292    48.291902
  20.333432    48.291941
  20.333535    48.291934
  20.333619    48.291852
  20.333713    48.291653
  20.333721    48.291564
  20.333704    48.291473
  20.333719    48.29139
  20.333688    48.291343
  20.333617    48.291308
  20.333539    48.291238
  20.333532    48.291197
  20.33358     48.29115
  20.333751    48.291126
  20.333936    48.291175
  20.334069    48.291238
  20.334215    48.291325
  20.334229    48.29138
  20.334174    48.291469
  20.334069    48.291539
  20.33405     48.291589
  20.33407     48.291636
  20.334135    48.291678
  20.33421     48.291699
  20.334315    48.291701
  20.334437    48.291668
  20.334552    48.291612
  20.334613    48.291498
  20.334655    48.291305
  20.334604    48.291171
  20.334597    48.291094
  20.334627    48.291017
  20.334671    48.290974
  20.334764    48.29096
  20.335015    48.290966
  20.335122    48.290962
  20.335212    48.290942
  20.335362    48.290876
  20.335472    48.290798
  20.335554    48.290731
  20.33563     48.290687
  20.335793    48.290604
  20.335841    48.290537
  20.33577     48.290443
  20.335741    48.29041
  20.335712    48.290377
  20.335683    48.290344
  20.335655    48.290312
  20.335592    48.29025
  20.335536    48.290184
  20.335506    48.290154
  20.335476    48.290123
  20.335395    48.290054
  20.335359    48.290024
  20.335314    48.289996
  20.335267    48.289965
  20.335226    48.289939
  20.335037    48.289875
  20.334639    48.289945
  20.334408    48.289963
  20.33436     48.289889
  20.334326    48.289811
  20.334307    48.289751
  20.334287    48.289693
  20.334267    48.289636
  20.334244    48.289585
  20.334216    48.289538
  20.334172    48.289492
  20.334112    48.289443
  20.334056    48.289389
  20.334028    48.289331
  20.334037    48.289266
  20.334105    48.289205
  20.334206    48.289147
  20.334332    48.289092
  20.334502    48.289041
  20.334745    48.28901
  20.334852    48.288979
  20.33485     48.288872
  20.3357268   48.2876963
  20.335755    48.287672
  20.333669    48.287405
  20.333149    48.287418
  20.332834    48.287498
  20.331654    48.288224
  20.331099    48.28841
  20.330644    48.288505
  20.3286      48.288512
  20.3281      48.288447
  20.3280321   48.287998
  20.326353    48.276889
  20.325914    48.274437
  20.325711    48.272794
  20.3216639   48.2726958
  20.315989    48.272558
  20.313045    48.273334
  20.31234     48.273253
  20.310182    48.273373
  20.3091      48.273359
  20.307711    48.273067
  20.306555    48.27251
  20.305762    48.269889
  20.307237    48.269289
  20.307735    48.269321
  20.308239    48.26923
  20.309456    48.268514
  20.309742    48.267081
  20.310577    48.266181
  20.310963    48.265591
  20.310438    48.265405
  20.310172    48.265207
  20.309479    48.265004
  20.309022    48.265046
  20.308879    48.265029
  20.308827    48.265022
  20.308587    48.264993
  20.308381    48.264987
  20.308288    48.264974
  20.308179    48.264954
  20.308006    48.264903
  20.307889    48.264859
  20.307711    48.264773
  20.30753     48.264713
  20.307313    48.264647
  20.307051    48.264607
  20.30666     48.264585
  20.306512    48.264611
  20.306416    48.264636
  20.306125    48.264749
  20.305849    48.264756
  20.305662    48.264738
  20.30532     48.264688
  20.305152    48.264669
  20.305067    48.264681
  20.304894    48.264726
  20.304591    48.264786
  20.304519    48.264782
  20.304284    48.26477
  20.304021    48.264774
  20.303902    48.264771
  20.303426    48.264711
  20.303327    48.264684
  20.302976    48.264535
  20.302239    48.264202
  20.302016    48.264095
  20.301977    48.264077
  20.30164     48.263995
  20.301529    48.263963
  20.301436    48.263922
  20.30095     48.263616
  20.300469    48.26338
  20.300325    48.263312
  20.300252    48.263289
  20.299917    48.263216
  20.299662    48.263168
  20.299207    48.263131
  20.298664    48.26311
  20.29795     48.26299
  20.297402    48.262896
  20.297213    48.262893
  20.296492    48.262965
  20.296137    48.262984
  20.295425    48.262959
  20.294788    48.262991
  20.294533    48.263052
  20.294417    48.263064
  20.294119    48.263077
  20.293902    48.263064
  20.293724    48.263023
  20.293532    48.262954
  20.293398    48.26291
  20.293092    48.262708
  20.293042    48.262666
  20.292963    48.262581
  20.292836    48.262476
  20.29271     48.262392
  20.292363    48.262165
  20.292169    48.262054
  20.29193     48.261896
  20.291863    48.261857
  20.291407    48.261744
  20.29131     48.261715
  20.291058    48.261652
  20.290901    48.26161
  20.290768    48.261587
  20.290628    48.261582
  20.290251    48.261574
  20.290063    48.261563
  20.28981     48.261564
  20.289646    48.261595
  20.289506    48.261642
  20.289377    48.261669
  20.28927     48.261676
  20.289105    48.26167
  20.288984    48.261677
  20.288804    48.261693
  20.28856     48.261694
  20.288454    48.261686
  20.288297    48.261656
  20.288075    48.261634
  20.287555    48.261596
  20.286858    48.26164
  20.286698    48.261654
  20.286557    48.261687
  20.286207    48.261755
  20.285878    48.261808
  20.285637    48.261889
  20.285425    48.261947
  20.285293    48.261968
  20.285066    48.261985
  20.284822    48.261984
  20.284558    48.261991
  20.284206    48.262171
  20.283803    48.262416
  20.283315    48.262723
  20.28294     48.263005
  20.282232    48.263548
  20.282141    48.263637
  20.281976    48.263893
  20.281833    48.264107
  20.281765    48.264198
  20.281705    48.264281
  20.281593    48.264652
  20.281572    48.264722
  20.281565    48.264868
  20.281505    48.265004
  20.281355    48.265235
  20.281247    48.265435
  20.281077    48.265809
  20.280943    48.266015
  20.280329    48.266402
  20.279585    48.266507
  20.279067    48.266571
  20.278958    48.266579
  20.278471    48.266556
  20.277484    48.266764
  20.276937    48.266914
  20.276325    48.267085
  20.275867    48.267156
  20.274995    48.267236
  20.274346    48.2673
  20.273773    48.26733
  20.273116    48.267325
  20.271629    48.267576
  20.270365    48.2678
  20.269956    48.267918
  20.269623    48.268013
  20.26972     48.268751
  20.269489    48.269039
  20.269389    48.269237
  20.26926     48.269825
  20.269134    48.270158
  20.268971    48.270331
  20.268393    48.270537
  20.268053    48.270681
  20.267802    48.270801
  20.267601    48.270877
  20.267453    48.270921
  20.26732     48.270938
  20.26711     48.270988
  20.266994    48.271002
  20.266905    48.270997
  20.266756    48.270974
  20.266554    48.270981
  20.265337    48.271106
  20.264864    48.271134
  20.264311    48.271286
  20.26393     48.271372
  20.263563    48.271497
  20.263381    48.271578
  20.263172    48.271691
  20.263049    48.271747
  20.262842    48.271864
  20.26274     48.271938
  20.262339    48.272243
  20.262312    48.27229
  20.26226     48.272322
  20.261942    48.272535
  20.261912    48.27257
  20.26178     48.272721
  20.261747    48.27305
  20.261708    48.27321
  20.2617      48.273436
  20.26172     48.273698
  20.26168     48.273887
  20.261663    48.274074
  20.261631    48.274128
  20.261576    48.274189
  20.261409    48.274307
  20.261329    48.274405
  20.26126     48.274583
  20.261195    48.274687
  20.261124    48.274732
  20.261017    48.274765
  20.260771    48.274803
  20.260614    48.274819
  20.260372    48.274824
  20.260358    48.274825
  20.260265    48.274827
  20.260063    48.274824
  20.25982     48.274823
  20.259543    48.274813
  20.259442    48.274809
  20.259377    48.274811
  20.259362    48.274811
  20.259145    48.274787
  20.259064    48.274789
  20.258525    48.274876
  20.25847     48.27487
  20.258422    48.274865
  20.258402    48.274861
  20.258331    48.274848
  20.258136    48.274829
  20.257768    48.274841
  20.257322    48.274877
  20.257186    48.274889
  20.257       48.274912
  20.256771    48.274926
  20.256728    48.274925
  20.25665     48.27492
  20.256337    48.27487
  20.256148    48.27487
  20.255998    48.274883
  20.255805    48.274944
  20.255742    48.274963
  20.255592    48.27503
  20.255581    48.275038
  20.255351    48.275184
  20.255067    48.275324
  20.254918    48.275368
  20.254915    48.275369
  20.254879    48.275381
  20.254803    48.275408
  20.254751    48.275414
  20.254718    48.27545
  20.254713    48.275456
  20.254704    48.275552
  20.254688    48.275617
  20.254631    48.275725
  20.254505    48.275855
  20.254306    48.276043
  20.254304    48.276045
  20.254219    48.276116
  20.25408     48.276249
  20.254056    48.276299
  20.254054    48.276304
  20.254028    48.276312
  20.253878    48.276398
  20.25295     48.276919
  20.252704    48.277059
  20.252477    48.27718
  20.251559    48.277503
  20.250837    48.278025
  20.250786    48.278062
  20.250678    48.278261
  20.2502      48.278686
  20.250097    48.278776
  20.249724    48.279106
  20.249271    48.279
  20.249165    48.278975
  20.248118    48.278741
  20.247893    48.278668
  20.247554    48.278558
  20.247336    48.278419
  20.247287    48.278389
  20.24701     48.27827
  20.246756    48.27816
  20.246195    48.277905
  20.246043    48.277909
  20.245826    48.277916
  20.245742    48.277927
  20.245535    48.277942
  20.245472    48.277946
  20.245144    48.27805
  20.244809    48.278241
  20.244243    48.278945
  20.243769    48.279349
  20.243532    48.279551
  20.243376    48.279625
  20.243155    48.279728
  20.24278     48.279884
  20.242748    48.279888
  20.242261    48.279954
  20.241932    48.280076
  20.241842    48.280135
  20.241649    48.280262
  20.241318    48.280493
  20.240613    48.280324
  20.240058    48.28019
  20.239821    48.280098
  20.239082    48.279847
  20.238489    48.279677
  20.238335    48.279641
  20.23833     48.27964
  20.237981    48.279841
  20.23762     48.279866
  20.237399    48.279882
  20.236735    48.279817
  20.236344    48.279843
  20.236137    48.279857
  20.235726    48.279935
  20.235279    48.27994
  20.235137    48.279938
  20.234947    48.279933
  20.23413     48.279544
  20.234068    48.279506
  20.233784    48.279335
  20.233326    48.278929
  20.233322    48.278812
  20.233336    48.278802
  20.233086    48.278664
  20.232955    48.278591
  20.232763    48.278473
  20.232619    48.278372
  20.232553    48.278326
  20.232521    48.278297
  20.23244     48.278222
  20.232326    48.278149
  20.232169    48.278077
  20.232105    48.278049
  20.232041    48.278017
  20.231865    48.277928
  20.231796    48.277875
  20.23174     48.277834
  20.231641    48.277743
  20.231549    48.277659
  20.231491    48.277621
  20.231472    48.277608
  20.231436    48.277581
  20.231339    48.277508
  20.231264    48.27746
  20.231147    48.277387
  20.230986    48.277285
  20.230691    48.277172
  20.230253    48.277092
  20.230138    48.27707
  20.230029    48.27706
  20.229965    48.277057
  20.229604    48.277044
  20.229513    48.277068
  20.229446    48.277069
  20.229364    48.27707
  20.229161    48.277098
  20.229091    48.277108
  20.228512    48.277256
  20.228434    48.277259
  20.228366    48.277264
  20.22798     48.277232
  20.227986    48.27722
  20.228145    48.276819
  20.228331    48.276485
  20.228621    48.276077
  20.228914    48.275615
  20.2289323   48.2755641
  20.229014    48.275258
  20.229037    48.275154
  20.22906     48.275052
  20.229539    48.274975
  20.230014    48.274858
  20.230327    48.274825
  20.230638    48.274732
  20.230777    48.274645
  20.231007    48.274429
  20.231369    48.273938
  20.2315065   48.2738492
  20.231749    48.273694
  20.232294    48.27343
  20.2331      48.273169
  20.233864    48.272926
  20.234335    48.272721
  20.234666    48.272524
  20.234853    48.272346
  20.235358    48.271826
  20.235381    48.2713
  20.234959    48.270716
  20.234451    48.270017
  20.233925    48.269498
  20.233218    48.269024
  20.232384    48.268606
  20.232204    48.268393
  20.232084    48.268123
  20.231961    48.267961
  20.231274    48.267386
  20.230368    48.266827
  20.229982    48.266673
  20.229391    48.266338
  20.228797    48.266
  20.228655    48.265841
  20.228555    48.2653
  20.228515    48.264756
  20.228644    48.264132
  20.22866     48.263741
  20.228619    48.26326
  20.228561    48.262973
  20.228465    48.262803
  20.228466    48.262779
  20.22834     48.262768
  20.227912    48.262685
  20.227442    48.262576
  20.227312    48.262552
  20.227238    48.262551
  20.227116    48.262565
  20.226674    48.262672
  20.22654     48.262693
  20.226295    48.262769
  20.226066    48.262864
  20.22566     48.263038
  20.22543     48.263114
  20.225131    48.2632
  20.224837    48.26325
  20.224469    48.26329
  20.223883    48.263299
  20.223882    48.263281
  20.222702    48.263253
  20.222391    48.263189
  20.221813    48.263067
  20.221718    48.263031
  20.220937    48.262892
  20.220681    48.262812
  20.220203    48.262619
  20.220094    48.262502
  20.219816    48.262214
  20.219259    48.261581
  20.21899     48.261311
  20.218443    48.260939
  20.217694    48.260372
  20.21765     48.26034
  20.217507    48.260238
  20.217289    48.260052
  20.216706    48.259784
  20.216098    48.259463
  20.215568    48.259123
  20.215293    48.258971
  20.214605    48.2589
  20.21417     48.258975
  20.213586    48.259044
  20.213145    48.259254
  20.212782    48.259375
  20.212184    48.259667
  20.211688    48.259628
  20.211167    48.259645
  20.210556    48.259488
  20.209525    48.259515
  20.20921     48.259627
  20.208955    48.259846
  20.208811    48.259968
  20.20825     48.260381
  20.207515    48.260835
  20.207324    48.260879
  20.2069      48.260976
  20.206574    48.261294
  20.206325    48.261721
  20.206125    48.262108
  20.20576     48.262081
  20.204925    48.262008
  20.204521    48.262059
  20.20383     48.261906
  20.20363     48.261557
  20.203413    48.260998
  20.203546    48.260618
  20.203604    48.260375
  20.203515    48.260165
  20.203149    48.259242
  20.203129    48.259079
  20.203378    48.25873
  20.203608    48.258214
  20.203633    48.258173
  20.203676    48.258102
  20.2037308   48.2580134
  20.203805    48.257892
  20.203887    48.2576
  20.20397     48.257446
  20.204013    48.257382
  20.204262    48.257058
  20.204412    48.256815
  20.205118    48.25629
  20.205533    48.25587
  20.206372    48.255201
  20.206677    48.254919
  20.207166    48.254107
  20.207288    48.253892
  20.207713    48.252933
  20.2077      48.252694
  20.207595    48.252437
  20.207411    48.25219
  20.207189    48.251932
  20.2070372   48.2518174
  20.206573    48.251467
  20.206317    48.251116
  20.206162    48.250979
  20.205793    48.25092
  20.205322    48.25098
  20.204754    48.25114
  20.20441     48.251111
  20.204005    48.251146
  20.203692    48.2511
  20.20313     48.250938
  20.202687    48.250852
  20.202514    48.250789
  20.20122     48.25032
  20.200323    48.250304
  20.19998     48.250298
  20.199699    48.250236
  20.199154    48.250116
  20.198895    48.250021
  20.198564    48.249898
  20.197657    48.250052
  20.197433    48.250044
  20.196972    48.249443
  20.196913    48.249338
  20.19679     48.249174
  20.196728    48.249119
  20.196638    48.249032
  20.196383    48.248821
  20.19626     48.248732
  20.195944    48.248592
  20.195746    48.248517
  20.195557    48.248476
  20.195394    48.248476
  20.194904    48.248496
  20.194664    48.248497
  20.194174    48.248475
  20.193704    48.248373
  20.193204    48.248265
  20.192903    48.248193
  20.192693    48.248142
  20.19248     48.248102
  20.192228    48.248074
  20.192065    48.248083
  20.19193     48.248125
  20.191728    48.248144
  20.19135     48.248207
  20.190988    48.248178
  20.190587    48.248188
  20.190325    48.248164
  20.189876    48.24807
  20.1895      48.24819
  20.189286    48.248287
  20.189034    48.24836
  20.188766    48.248499
  20.188502    48.248578
  20.188322    48.248658
  20.187625    48.248384
  20.187364    48.248357
  20.186992    48.248403
  20.186539    48.248302
  20.186315    48.248222
  20.186074    48.248212
  20.185687    48.24816
  20.185418    48.248053
  20.18515     48.24799
  20.184933    48.247978
  20.184832    48.248038
  20.184377    48.248344
  20.184003    48.248602
  20.18359     48.24877
  20.183208    48.248789
  20.183035    48.248846
  20.182698    48.248966
  20.182494    48.248961
  20.182215    48.249025
  20.181928    48.249159
  20.181797    48.249307
  20.181371    48.249393
  20.180671    48.249324
  20.180267    48.249251
  20.180029    48.249116
  20.179479    48.249231
  20.178664    48.249042
  20.178076    48.248909
  20.177866    48.248906
  20.177367    48.249004
  20.177018    48.249018
  20.176844    48.249005
  20.176476    48.24902
  20.175973    48.248981
  20.175499    48.249039
  20.174857    48.249143
  20.174306    48.249135
  20.174112    48.249185
  20.173738    48.249289
  20.173547    48.249466
  20.173401    48.249657
  20.173226    48.249952
  20.172943    48.250343
  20.172718    48.250641
  20.172505    48.250779
  20.172207    48.250797
  20.171791    48.250853
  20.171023    48.251063
  20.170987    48.251078
  20.170689    48.251205
  20.170251    48.251315
  20.169571    48.251339
  20.169082    48.251468
  20.168766    48.251534
  20.168429    48.251604
  20.167777    48.251599
  20.167234    48.251559
  20.166888    48.251467
  20.166404    48.251277
  20.165987    48.25108
  20.165773    48.250926
  20.165705    48.250848
  20.164827    48.251182
  20.164326    48.251177
  20.163546    48.250995
  20.16266     48.2508
  20.161822    48.250693
  20.161426    48.250689
  20.161021    48.2508
  20.161011    48.250803
  20.160355    48.250717
  20.159721    48.250569
  20.158779    48.250769
  20.157817    48.250752
  20.157564    48.250822
  20.15734     48.250945
  20.157042    48.251027
  20.156754    48.251139
  20.156448    48.251234
  20.156222    48.251191
  20.155912    48.251103
  20.155579    48.250865
  20.155238    48.250683
  20.154893    48.250501
  20.154478    48.250436
  20.154383    48.250394
  20.154215    48.250335
  20.154064    48.25026
  20.153989    48.250246
  20.15389     48.25025
  20.153819    48.25026
  20.153755    48.250293
  20.153624    48.250422
  20.153598    48.250483
  20.153582    48.250546
  20.153502    48.250741
  20.153439    48.250833
  20.15339     48.250884
  20.15331     48.250934
  20.153158    48.250985
  20.153114    48.250997
  20.153055    48.251023
  20.152981    48.251061
  20.152909    48.251114
  20.152689    48.251221
  20.152587    48.251269
  20.152226    48.25152
  20.15202     48.251649
  20.151767    48.251784
  20.151618    48.251833
  20.151319    48.251986
  20.151143    48.252096
  20.151095    48.252076
  20.150795    48.252335
  20.150718    48.252413
  20.150707    48.252549
  20.150642    48.252775
  20.150673    48.252792
  20.150404    48.252971
  20.150223    48.253081
  20.149934    48.253269
  20.14971     48.253441
  20.149685    48.253424
  20.149451    48.253395
  20.149086    48.253514
  20.148246    48.25365
  20.147948    48.253701
  20.147832    48.253769
  20.147778    48.253932
  20.147808    48.254032
  20.147823    48.254186
  20.147723    48.254295
  20.147617    48.254464
  20.147459    48.254647
  20.146999    48.254869
  20.146605    48.254981
  20.146603    48.254982
  20.146236    48.254924
  20.145603    48.254728
  20.145211    48.254655
  20.144937    48.254642
  20.144415    48.255185
  20.144049    48.255379
  20.143446    48.255443
  20.14296     48.255189
  20.142648    48.255069
  20.142426    48.254774
  20.141976    48.254669
  20.141529    48.254565
  20.141151    48.254295
  20.140866    48.254297
  20.140236    48.254323
  20.139837    48.25442
  20.139124    48.25455
  20.138673    48.254647
  20.138305    48.254684
  20.137916    48.254827
  20.137385    48.254997
  20.137042    48.255136
  20.136703    48.255153
  20.136556    48.255111
  20.1364      48.255063
  20.13612     48.254984
  20.136022    48.254914
  20.135879    48.254747
  20.135584    48.254488
  20.135545    48.254447
  20.135489    48.254413
  20.135422    48.254389
  20.135152    48.254384
  20.135063    48.254365
  20.134651    48.254252
  20.134218    48.254149
  20.133881    48.254168
  20.133676    48.254112
  20.133188    48.253982
  20.13336     48.253706
  20.133372    48.253591
  20.133377    48.253563
  20.1333834   48.2535211
  20.133395    48.253469
  20.133482    48.253023
  20.13345     48.252595
  20.133634    48.252317
  20.134002    48.251999
  20.134048    48.251891
  20.134079    48.251893
  20.134113    48.251726
  20.134097    48.251663
  20.134045    48.251603
  20.133655    48.251404
  20.1335      48.251335
  20.133297    48.251239
  20.133204    48.251178
  20.133108    48.251106
  20.133063    48.251064
  20.13301     48.250984
  20.132884    48.250664
  20.132849    48.250604
  20.132805    48.250466
  20.132743    48.250333
  20.132607    48.250176
  20.132471    48.250026
  20.132347    48.249866
  20.132235    48.249701
  20.132201    48.249578
  20.132231    48.249405
  20.132236    48.249342
  20.132207    48.249258
  20.132111    48.249075
  20.132053    48.248972
  20.131977    48.248809
  20.131931    48.248662
  20.131878    48.248454
  20.131865    48.248356
  20.131861    48.248282
  20.131864    48.248138
  20.1319      48.247965
  20.131935    48.247858
  20.132058    48.247661
  20.132096    48.247448
  20.132149    48.247338
  20.13226     48.24717
  20.13237     48.247097
  20.132524    48.247023
  20.132828    48.246787
  20.132967    48.246676
  20.133175    48.246549
  20.13332     48.246482
  20.133563    48.246398
  20.133766    48.246339
  20.133916    48.246285
  20.134012    48.246217
  20.134081    48.246133
  20.134164    48.24607
  20.134245    48.246014
  20.134516    48.245904
  20.134989    48.245752
  20.135144    48.245718
  20.135329    48.245686
  20.135595    48.245681
  20.135971    48.245644
  20.136113    48.245619
  20.136373    48.245521
  20.136492    48.245437
  20.136574    48.245327
  20.136798    48.244982
  20.136854    48.244935
  20.136957    48.244878
  20.137351    48.244758
  20.137494    48.244707
  20.137662    48.244633
  20.13775     48.244569
  20.137887    48.244463
  20.138084    48.24436
  20.138291    48.244285
  20.138499    48.244187
  20.138621    48.244129
  20.138723    48.244086
  20.139022    48.243979
  20.139069    48.243956
  20.139117    48.243918
  20.139178    48.243836
  20.139266    48.243683
  20.139372    48.243516
  20.139513    48.243325
  20.139573    48.243203
  20.139626    48.243024
  20.139631    48.242869
  20.139625    48.242789
  20.1396      48.242671
  20.139524    48.242445
  20.139483    48.242296
  20.13945     48.24208
  20.139332    48.241731
  20.139262    48.241511
  20.139215    48.241379
  20.139082    48.241092
  20.139063    48.240957
  20.139071    48.240854
  20.139114    48.240655
  20.13907     48.240644
  20.139184    48.239993
  20.138533    48.239504
  20.138172    48.239226
  20.137911    48.239034
  20.137225    48.238928
  20.137134    48.238639
  20.136968    48.238136
  20.136913    48.238129
  20.136918    48.237937
  20.136887    48.237841
  20.136836    48.237747
  20.136763    48.237692
  20.136781    48.237682
  20.136512    48.237498
  20.136244    48.237328
  20.136       48.237241
  20.135686    48.237044
  20.135442    48.2368
  20.13535     48.236712
  20.135204    48.236483
  20.135144    48.23641
  20.135073    48.236334
  20.134872    48.236136
  20.134666    48.235926
  20.134445    48.235597
  20.13431     48.235036
  20.134297    48.23495
  20.134256    48.23476
  20.134132    48.234514
  20.134132    48.23433
  20.133994    48.234042
  20.133894    48.233776
  20.133795    48.233659
  20.133746    48.233578
  20.133704    48.233427
  20.133711    48.233076
  20.133593    48.232602
  20.13359     48.232421
  20.133672    48.232289
  20.13391     48.231937
  20.134032    48.231756
  20.134136    48.231542
  20.134207    48.231252
  20.134313    48.231038
  20.134353    48.230906
  20.134357    48.230764
  20.134321    48.230635
  20.134218    48.230411
  20.134138    48.230187
  20.134068    48.229814
  20.134057    48.22974
  20.134036    48.229592
  20.133957    48.229347
  20.133914    48.229216
  20.133857    48.229103
  20.133679    48.228802
  20.133572    48.228602
  20.133534    48.228482
  20.133506    48.228484
  20.133261    48.227875
  20.133607    48.227523
  20.133675    48.227474
  20.133822    48.227326
  20.13424     48.226917
  20.134186    48.226642
  20.134232    48.226425
  20.134116    48.226175
  20.134126    48.225833
  20.134098    48.225749
  20.134061    48.225508
  20.134091    48.225182
  20.133645    48.225132
  20.133201    48.225063
  20.132257    48.225
  20.132232    48.225008
  20.132139    48.224866
  20.131885    48.224604
  20.131738    48.224461
  20.131524    48.224299
  20.13149     48.224261
  20.131428    48.224185
  20.131387    48.22409
  20.131359    48.224001
  20.131339    48.223912
  20.131313    48.223751
  20.131286    48.223687
  20.13101     48.223227
  20.130938    48.223053
  20.130847    48.222922
  20.130699    48.222762
  20.130392    48.222501
  20.13023     48.222334
  20.129954    48.222124
  20.129382    48.221781
  20.128916    48.22143
  20.128409    48.221177
  20.127848    48.220818
  20.127525    48.220677
  20.127369    48.220629
  20.127312    48.220611
  20.127149    48.220567
  20.127127    48.220577
  20.126297    48.220826
  20.125665    48.220805
  20.12477     48.220693
  20.124359    48.220717
  20.123998    48.22078
  20.123231    48.220771
  20.1226      48.220708
  20.122666    48.219798
  20.122069    48.219415
  20.120852    48.218463
  20.120619    48.218281
  20.120295    48.218043
  20.120039    48.217505
  20.120115    48.217241
  20.119919    48.217186
  20.119056    48.217219
  20.118505    48.217189
  20.118069    48.217052
  20.117709    48.216766
  20.117414    48.216617
  20.117081    48.216199
  20.11669     48.216007
  20.11626     48.215996
  20.115613    48.216104
  20.114969    48.216237
  20.114293    48.216463
  20.113809    48.216315
  20.11313     48.216254
  20.112544    48.216074
  20.112348    48.215623
  20.112164    48.215351
  20.111854    48.215051
  20.111665    48.214569
  20.111941    48.21423
  20.111696    48.214003
  20.111453    48.213852
  20.110821    48.213616
  20.110389    48.213258
  20.110205    48.213099
  20.109911    48.212838
  20.109613    48.212366
  20.108679    48.212341
  20.108088    48.212037
  20.107739    48.211822
  20.107286    48.211258
  20.106988    48.210855
  20.106749    48.210727
  20.106522    48.210557
  20.106065    48.210273
  20.105519    48.209971
  20.104619    48.209785
  20.104085    48.209627
  20.102917    48.209563
  20.102506    48.209537
  20.102       48.209453
  20.101876    48.209192
  20.101772    48.208875
  20.101594    48.208545
  20.101129    48.20823
  20.100561    48.207959
  20.100118    48.207407
  20.09993     48.207252
  20.099709    48.207062
  20.099542    48.206738
  20.099932    48.206421
  20.100384    48.206171
  20.100782    48.206066
  20.1008      48.205706
  20.100633    48.20534
  20.100579    48.205202
  20.100456    48.204989
  20.100362    48.204584
  20.100275    48.204494
  20.100214    48.204458
  20.100063    48.204383
  20.099636    48.204211
  20.099297    48.203985
  20.099213    48.203939
  20.098884    48.203785
  20.09851     48.203643
  20.098281    48.203585
  20.098054    48.203589
  20.097875    48.203624
  20.097516    48.203725
  20.097252    48.203792
  20.096867    48.203866
  20.096518    48.203899
  20.095984    48.203944
  20.095473    48.203998
  20.095447    48.203962
  20.0954056   48.2038954
  20.095048    48.203321
  20.094513    48.202443
  20.094062    48.201736
  20.093483    48.201193
  20.093012    48.200875
  20.093138    48.199971
  20.093375    48.199417
  20.093092    48.198929
  20.092808    48.198733
  20.09271     48.198613
  20.092193    48.198189
  20.091886    48.198068
  20.091396    48.198127
  20.091152    48.198171
  20.09086     48.197811
  20.090836    48.197812
  20.090832    48.197688
  20.090853    48.197639
  20.090917    48.19745
  20.090922    48.197372
  20.090927    48.197212
  20.090899    48.197151
  20.09086     48.197082
  20.09076     48.19701
  20.090197    48.196823
  20.090187    48.196836
  20.089264    48.196562
  20.088833    48.196707
  20.088583    48.196894
  20.087479    48.196214
  20.087269    48.196059
  20.086959    48.196062
  20.086167    48.196182
  20.085911    48.195876
  20.085173    48.195484
  20.08473     48.195541
  20.083745    48.195545
  20.083442    48.195843
  20.082955    48.19624
  20.082606    48.19667
  20.082237    48.196678
  20.081454    48.196743
  20.080974    48.196637
  20.080204    48.196696
  20.07932     48.196605
  20.078257    48.196427
  20.077068    48.196013
  20.076388    48.195557
  20.076278    48.195227
  20.076295    48.194266
  20.074763    48.193997
  20.074075    48.193781
  20.072644    48.193179
  20.072389    48.192897
  20.071993    48.192564
  20.071429    48.192151
  20.070639    48.191663
  20.070408    48.19166
  20.070037    48.191702
  20.06954     48.191105
  20.06912     48.190596
  20.069036    48.190519
  20.068984    48.190471
  20.068589    48.190015
  20.068426    48.189911
  20.067927    48.189594
  20.06782     48.189277
  20.067664    48.18863
  20.067496    48.188502
  20.067814    48.188054
  20.068263    48.187684
  20.069046    48.187191
  20.069967    48.186617
  20.07128     48.187219
  20.071807    48.187305
  20.072252    48.187326
  20.073483    48.187317
  20.07399     48.187177
  20.07446     48.186958
  20.074843    48.186299
  20.075043    48.186157
  20.075599    48.185371
  20.076222    48.184619
  20.076813    48.184647
  20.077269    48.184587
  20.077859    48.184362
  20.078435    48.184088
  20.078501    48.184056
  20.078844    48.183739
  20.078435    48.183247
  20.077441    48.182856
  20.077056    48.182532
  20.076947    48.18244
  20.075714    48.182157
  20.075238    48.182047
  20.074988    48.181941
  20.074675    48.181805
  20.074104    48.181445
  20.07342     48.180942
  20.073337    48.180881
  20.072839    48.180456
  20.073498    48.180061
  20.073411    48.179918
  20.072986    48.179606
  20.072544    48.179485
  20.072091    48.179347
  20.071474    48.179116
  20.071065    48.179171
  20.070604    48.179304
  20.06959     48.179194
  20.069331    48.178711
  20.068572    48.178516
  20.067973    48.178566
  20.067644    48.17854
  20.067138    48.178558
  20.067052    48.178459
  20.066412    48.178104
  20.065891    48.178048
  20.065103    48.178163
  20.064556    48.178371
  20.063835    48.178441
  20.063384    48.178324
  20.06259     48.178286
  20.061782    48.178371
  20.061339    48.178365
  20.061219    48.178117
  20.061046    48.177753
  20.06089     48.177424
  20.060689    48.177005
  20.060555    48.176722
  20.060205    48.176209
  20.05961     48.175844
  20.059351    48.175688
  20.059119    48.175495
  20.058944    48.175151
  20.058524    48.174836
  20.058064    48.174668
  20.057294    48.174677
  20.056372    48.174633
  20.056274    48.174514
  20.055991    48.174161
  20.055597    48.173364
  20.055278    48.172943
  20.054878    48.172408
  20.05444     48.171689
  20.054232    48.171091
  20.054116    48.170587
  20.054206    48.170014
  20.054178    48.169709
  20.053277    48.169081
  20.053094    48.168898
  20.052946    48.16875
  20.0519069   48.1677197
END
END
