polygon
1
  96.7203878   1.4586943
  97.6437379   1.9106572
  97.7507609   1.9609367
  97.8593438   1.9915581
  97.9650875   2.0193499
  98.0732342   2.0478278
  98.1786343   2.0776775
  98.1976503   2.1048505
  98.1939031   2.1066783
  98.1919462   2.1078271
  98.1896708   2.1093207
  98.1875114   2.1107029
  98.1830175   2.1144177
  98.1785558   2.1186546
  98.1764091   2.1207232
  98.1709575   2.1246777
  98.1693132   2.1261154
  98.1682172   2.1273519
  98.1657699   2.1308426
  98.1606907   2.1372663
  98.1584746   2.1391789
  98.1570976   2.1401215
  98.1558715   2.1407756
  98.1534103   2.1416767
  98.150146    2.1428761
  98.1483583   2.143824
  98.1466649   2.1451402
  98.1440001   2.1480472
  98.1422168   2.1495794
  98.1407526   2.1506999
  98.1360831   2.1537615
  98.1338096   2.155388
  98.1322777   2.1568321
  98.1306561   2.1585773
  98.1295122   2.1599599
  98.1284165   2.1609819
  98.1316888   2.1652014
  98.1469323   2.1892658
  98.1788019   2.239912
  98.1787497   2.2405646
  98.1786039   2.242388
  98.1752679   2.248544
  98.1741369   2.2495
  98.1727079   2.250037
  98.1723888   2.250243
  98.1724448   2.250506
  98.1726624   2.2505548
  98.1738169   2.2505819
  98.173983    2.250582
  98.1740872   2.250603
  98.1749336   2.2507365
  98.1763376   2.2516993
  98.1765507   2.2519006
  98.176641    2.251965
  98.178288    2.253522
  98.1783594   2.2536975
  98.1787541   2.2545007
  98.17883     2.2550113
  98.179185    2.256483
  98.179684    2.257286
  98.180432    2.2578718
  98.1809556   2.2581964
  98.1817811   2.2596746
  98.182427    2.263109
  98.1859004   2.2816587
  98.1862399   2.2838439
  98.186562    2.285477
  98.187961    2.293803
  98.18816     2.295811
  98.1883634   2.2962378
  98.1971215   2.311552
  98.1970688   2.311842
  98.1965285   2.3129546
  98.196486    2.313053
  98.1910305   2.3200745
  98.1906625   2.3205509
  98.1904236   2.3208926
  98.186342    2.326847
  98.1842364   2.3305512
  98.1842181   2.3305919
  98.182283    2.335122
  98.178433    2.344554
  98.173518    2.356744
  98.171318    2.362664
  98.167468    2.371695
  98.162956    2.382526
  98.160605    2.388597
  98.157704    2.396875
  98.1525517   2.4109075
  98.1517058   2.4128878
  98.150595    2.415488
  98.148644    2.420706
  98.147544    2.423265
  98.145846    2.424669
  98.1412      2.427626
  98.1367948   2.4309167
  98.1363159   2.4314779
  98.134329    2.433839
  98.13158     2.43745
  98.129232    2.440359
  98.126183    2.444322
  98.122385    2.449137
  98.11767     2.454798
  98.115271    2.457907
  98.112723    2.461268
  98.109024    2.465982
  98.1089377   2.4660786
  98.1069388   2.468315
  98.1026902   2.4732225
  98.0978744   2.4795628
  98.0952075   2.4838275
  98.0949404   2.4842692
  98.0920314   2.4890792
  98.0913341   2.4910728
  98.0903772   2.4930138
  98.0899179   2.4939454
  98.0872893   2.4989725
  98.0862164   2.5004731
  98.085562    2.5020916
  98.0848539   2.5034207
  98.0839097   2.5060789
  98.0824935   2.5107415
  98.0818927   2.514643
  98.0813885   2.5177621
  98.0812383   2.5191877
  98.0813134   2.5218459
  98.0812704   2.522907
  98.0813992   2.5258117
  98.0813241   2.5293166
  98.0811524   2.5314388
  98.0811095   2.5350402
  98.0811524   2.5354689
  98.0811524   2.5359191
  98.0812382   2.5363693
  98.0816889   2.5380628
  98.0821824   2.5402707
  98.0823326   2.5441936
  98.0824184   2.545094
  98.0822038   2.5459729
  98.0815172   2.5471626
  98.0813777   2.54787
  98.0811883   2.5490789
  98.081603    2.5512891
  98.0817532   2.5517178
  98.0820107   2.5532827
  98.0820966   2.5544403
  98.0817961   2.5568626
  98.0804443   2.5590276
  98.0796289   2.5594563
  98.0780411   2.5601852
  98.0776763   2.5604853
  98.0774402   2.5608926
  98.077333    2.5613427
  98.0777192   2.5636578
  98.0779552   2.5640437
  98.0782771   2.5653727
  98.0784273   2.5658015
  98.0785346   2.5662302
  98.0784917   2.5675807
  98.0773973   2.569467
  98.0772042   2.5698958
  98.0767536   2.5706889
  98.0765819   2.5711391
  98.0764961   2.5716535
  98.0765176   2.5724038
  98.0766034   2.5731326
  98.0766021   2.5747535
  98.0766049   2.5747809
  98.0769408   2.5759778
  98.0773677   2.5777536
  98.0775432   2.5785112
  98.077954    2.5798449
  98.078489    2.5823037
  98.0795653   2.5851876
  98.0800578   2.5857911
  98.0815802   2.5879593
  98.0827145   2.5913897
  98.0833431   2.5933648
  98.083664    2.5964014
  98.0841347   2.6011136
  98.084273    2.60145
  98.084001    2.602157
  98.084058    2.602718
  98.084481    2.603335
  98.084665    2.603485
  98.087498    2.603627
  98.090136    2.603875
  98.09255     2.603069
  98.0926716   2.6030585
  98.095768    2.60279
  98.100139    2.603215
  98.102902    2.603814
  98.105735    2.604308
  98.107414    2.604485
  98.1085847   2.6051254
  98.108637    2.605154
  98.10948     2.606478
  98.1095096   2.6065736
  98.110178    2.608728
  98.110701    2.61133
  98.11042     2.612841
  98.11007     2.613508
  98.1093      2.614632
  98.109264    2.615722
  98.109018    2.617092
  98.107685    2.618132
  98.106355    2.619537
  98.106004    2.620451
  98.106003    2.62263
  98.105264    2.626299
  98.105473    2.628337
  98.105576    2.629814
  98.106415    2.631607
  98.107113    2.633224
  98.107112    2.634595
  98.106761    2.636985
  98.104937    2.643731
  98.104656    2.645981
  98.103708    2.650373
  98.103392    2.65336
  98.103425    2.655504
  98.103882    2.65785
  98.104719    2.661295
  98.104961    2.664389
  98.104924    2.667727
  98.104463    2.672358
  98.10369     2.676786
  98.103619    2.678156
  98.104002    2.681461
  98.1039581   2.6824174
  98.10316     2.684237
  98.102621    2.685503
  98.102059    2.686967
  98.100658    2.689391
  98.098033    2.692587
  98.093587    2.696942
  98.091305    2.699145
  98.089379    2.701568
  98.086438    2.705081
  98.085808    2.706556
  98.085141    2.708946
  98.084265    2.710878
  98.081805    2.715511
  98.080719    2.717092
  98.078058    2.721308
  98.07511     2.726633
  98.07483     2.727581
  98.073428    2.730744
  98.0731836   2.7313685
  98.072026    2.734327
  98.071605    2.735909
  98.071884    2.737947
  98.072021    2.74068
  98.07251     2.742438
  98.073661    2.746129
  98.073905    2.747113
  98.075863    2.748942
  98.076317    2.74961
  98.076424    2.75
  98.076385    2.750477
  98.072947    2.756941
  98.06974     2.763248
  98.069365    2.764167
  98.069573    2.764752
  98.070986    2.765756
  98.073151    2.766601
  98.074878    2.767492
  98.080988    2.769795
  98.087016    2.772056
  98.095248    2.774821
  98.09716     2.774947
  98.103065    2.775453
  98.106716    2.77585
  98.108088    2.776269
  98.109709    2.777607
  98.110914    2.77953
  98.115069    2.783127
  98.116913    2.7850396
  98.113337    2.78683
  98.10664     2.789582
  98.105058    2.790835
  98.104224    2.793884
  98.1039313   2.7953028
  98.10363     2.7967632
  98.103181    2.79894
  98.1025565   2.8015875
  98.101799    2.80558
  98.101006    2.809298
  98.09888     2.816316
  98.098337    2.818739
  98.098336    2.820327
  98.099415    2.823002
  98.099207    2.823044
  98.097087    2.822833
  98.094426    2.822037
  98.090143    2.821198
  98.087495    2.820897
  98.0867787   2.8208552
  98.084585    2.820727
  98.078847    2.819553
  98.070365    2.818042
  98.064543    2.817368
  98.062381    2.817283
  98.058238    2.818395
  98.05412     2.819979
  98.0522382   2.8212084
  98.051374    2.821774
  98.048711    2.823527
  98.047129    2.826158
  98.045088    2.830167
  98.04238     2.836265
  98.041193    2.840859
  98.040649    2.844118
  98.039856    2.847669
  98.039482    2.847794
  98.037819    2.847667
  98.036197    2.847791
  98.034408    2.848333
  98.032328    2.849459
  98.030996    2.850962
  98.030204    2.852341
  98.029038    2.854888
  98.027623    2.856266
  98.024669    2.858395
  98.019948    2.862194
  98.017464    2.8642
  98.014464    2.866659
  98.009044    2.87067
  98.003722    2.874585
  98.002464    2.874778
  98           2.874124
  97.99906     2.873831
  97.998437    2.873864
  97.997827    2.874152
  97.997133    2.874604
  97.996751    2.875266
  97.99616     2.876729
  97.995154    2.878435
  97.994182    2.879933
  97.993383    2.880942
  97.99255     2.881917
  97.991961    2.88237
  97.991025    2.882613
  97.989014    2.88275
  97.987176    2.882679
  97.98527     2.882643
  97.984576    2.883199
  97.983466    2.884209
  97.982633    2.885044
  97.981648    2.88576
  97.980781    2.886073
  97.979289    2.886734
  97.977868    2.887116
  97.976272    2.887811
  97.974851    2.888437
  97.974088    2.88861
  97.973325    2.889028
  97.970538    2.889939
  97.968319    2.890356
  97.966586    2.890598
  97.964921    2.89091
  97.957382    2.892438
  97.955024    2.893063
  97.954192    2.893306
  97.950432    2.894627
  97.948698    2.895461
  97.947137    2.896401
  97.946235    2.897097
  97.945368    2.897827
  97.944674    2.898768
  97.943875    2.899742
  97.943493    2.900334
  97.942928    2.901532
  97.942164    2.90289
  97.941851    2.90397
  97.94185     2.904736
  97.942057    2.905956
  97.942471    2.907664
  97.943198    2.909267
  97.945083    2.9126683
  97.945658    2.913331
  97.946524    2.913959
  97.947563    2.914796
  97.948118    2.915389
  97.948359    2.916295
  97.948358    2.918037
  97.948114    2.918873
  97.947035    2.920532
  97.946132    2.922065
  97.94568     2.923075
  97.945194    2.924329
  97.944881    2.925827
  97.94481     2.927394
  97.944982    2.928823
  97.945258    2.92966
  97.945535    2.930078
  97.945951    2.930566
  97.946505    2.93102
  97.947371    2.931404
  97.94848     2.932032
  97.949416    2.932381
  97.950317    2.93294
  97.950914    2.933446
  97.951433    2.934353
  97.951882    2.935782
  97.9522465   2.938012
  97.952641    2.939754
  97.952848    2.941601
  97.95295     2.943169
  97.953195    2.947686
  97.953296    2.95016
  97.953399    2.95124
  97.95371     2.952251
  97.954229    2.953471
  97.954956    2.954935
  97.955267    2.955667
  97.955995    2.958403
  97.95634     2.960215
  97.956373    2.961783
  97.956233    2.963282
  97.956197    2.964257
  97.955953    2.965511
  97.9555      2.968805
  97.954942    2.971418
  97.954976    2.972707
  97.955147    2.975041
  97.955077    2.976017
  97.955075    2.978652
  97.95528     2.981161
  97.955175    2.982345
  97.955036    2.982938
  97.954584    2.983948
  97.954098    2.984539
  97.953543    2.985305
  97.952884    2.985862
  97.952121    2.986349
  97.95108     2.986697
  97.950144    2.986731
  97.949035    2.986799
  97.948029    2.986833
  97.946837    2.98702
  97.94597     2.987368
  97.945033    2.987855
  97.94382     2.988167
  97.942953    2.988236
  97.942121    2.9882
  97.941081    2.987955
  97.940041    2.987676
  97.939174    2.98771
  97.938689    2.987918
  97.937814    2.988479
  97.937328    2.98928
  97.9361875   2.9895006
  97.9362415   2.9895165
  97.9366862   2.9896475
  97.9367167   2.9897402
  97.9368101   2.9898517
  97.9370003   2.990017
  97.9380242   2.9907258
  97.9401906   2.9926274
  97.9402609   2.9927053
  97.9413764   2.9942702
  97.9414335   2.9943788
  97.9416323   2.9949268
  97.9418252   2.9955206
  97.9420936   2.9964074
  97.9421454   2.9965551
  97.942301    2.9968685
  97.9427512   2.9976997
  97.9428728   2.9980378
  97.9428942   2.9981242
  97.9429964   2.9988262
  97.9431189   2.9992052
  97.9432459   2.9994183
  97.9434692   2.9997424
  97.9435076   2.9998089
  97.9436339   3.0001985
  97.9437363   3.0004289
  97.943875    3.0007079
  97.9440796   3.0010156
  97.9442268   3.0013071
  97.9443737   3.0017423
  97.9445359   3.0020717
  97.9447255   3.0023869
  97.9451233   3.0029215
  97.9454152   3.0032702
  97.945627    3.0035718
  97.9458038   3.0038411
  97.94602     3.0040618
  97.9461845   3.0042675
  97.9466256   3.0047876
  97.9468314   3.0051264
  97.9470812   3.0055094
  97.9471125   3.005576
  97.9473066   3.0060936
  97.9474046   3.0064883
  97.9474113   3.0065557
  97.9474176   3.0068951
  97.9473789   3.0074137
  97.9473587   3.0074895
  97.9472221   3.007868
  97.9471916   3.0079347
  97.9469812   3.008309
  97.9464078   3.0090515
  97.9461387   3.0093608
  97.9454672   3.0100376
  97.945187    3.0103681
  97.9449623   3.0106837
  97.9447588   3.0109865
  97.9444149   3.0114577
  97.9442747   3.0117229
  97.9441575   3.0119704
  97.9440452   3.0121633
  97.9439504   3.0123819
  97.9437373   3.0129267
  97.9436418   3.0132599
  97.9435568   3.0135635
  97.9434348   3.0138756
  97.9434037   3.01402
  97.9434284   3.0145165
  97.943415    3.0149153
  97.9434084   3.0149782
  97.9433454   3.0153048
  97.9433115   3.0154097
  97.9430487   3.0158515
  97.9428177   3.016136
  97.9426458   3.0163203
  97.9424708   3.0165375
  97.9423193   3.0167427
  97.9421658   3.0169943
  97.9420102   3.0172781
  97.9418518   3.017529
  97.9416575   3.0177917
  97.9412804   3.0184435
  97.9410282   3.0187885
  97.9407718   3.0191619
  97.9406496   3.0193798
  97.9405514   3.0196215
  97.9404094   3.0198734
  97.9400456   3.0203814
  97.9398856   3.020628
  97.9397645   3.0209209
  97.9396772   3.0213339
  97.9396104   3.0217943
  97.9395382   3.0221678
  97.9393838   3.0226463
  97.9391631   3.0230994
  97.9389953   3.0233728
  97.938942    3.0235439
  97.9388553   3.0239385
  97.9387434   3.0242076
  97.9386186   3.0244067
  97.9384161   3.0249174
  97.9383186   3.0252317
  97.9382304   3.0254174
  97.938141    3.0258147
  97.9381096   3.0260791
  97.9380391   3.0263805
  97.9379402   3.0267447
  97.9378871   3.0271297
  97.937863    3.0276163
  97.9377988   3.0281176
  97.9377221   3.0286031
  97.937641    3.0290067
  97.9376097   3.0292479
  97.9377134   3.0298618
  97.9377797   3.0307978
  97.9378491   3.0311776
  97.9378725   3.0314232
  97.9379026   3.0322631
  97.9379135   3.033118
  97.9379353   3.0334984
  97.9379793   3.0337679
  97.9380606   3.0341137
  97.9381106   3.0344221
  97.9381925   3.0347491
  97.9382927   3.0350355
  97.9385389   3.0356853
  97.9386157   3.0361467
  97.938701    3.0365817
  97.9387602   3.0366942
  97.9388381   3.0368056
  97.9390584   3.0370053
  97.9394072   3.0372978
  97.9397745   3.0377385
  97.9401817   3.0383542
  97.9403024   3.0385507
  97.9407168   3.0391278
  97.9408617   3.0394792
  97.9408963   3.0395356
  97.9413842   3.0398484
  97.9419238   3.0403593
  97.9423389   3.0409057
  97.9423738   3.0409682
  97.9425249   3.0412972
  97.9428459   3.0417909
  97.9430764   3.0420004
  97.9433946   3.0423422
  97.9435945   3.0426568
  97.9436254   3.0427159
  97.943772    3.0430584
  97.9438806   3.0435209
  97.9438874   3.0435994
  97.943878    3.0440803
  97.9438001   3.0446592
  97.943685    3.0450995
  97.9435819   3.04538
  97.9434122   3.0461402
  97.943277    3.0464304
  97.9431311   3.0469507
  97.9431067   3.047016
  97.943073    3.0470761
  97.9427788   3.047514
  97.94241     3.0478849
  97.9417149   3.0485619
  97.9413246   3.0488178
  97.9410833   3.049001
  97.940874    3.0491477
  97.9405743   3.049342
  97.9401929   3.0495497
  97.9397261   3.0497512
  97.9389147   3.0501515
  97.9381978   3.0505252
  97.9377455   3.0507217
  97.9372104   3.0508769
  97.9368991   3.0509458
  97.9365524   3.0510871
  97.9362164   3.0511427
  97.9358576   3.0511841
  97.9356004   3.0512611
  97.9347581   3.0516145
  97.9344471   3.0517958
  97.9340433   3.0519956
  97.9338106   3.0521303
  97.9335951   3.0522936
  97.9330325   3.0527935
  97.9325407   3.0532071
  97.9324755   3.0532532
  97.9319714   3.0535441
  97.9317179   3.0537881
  97.9313639   3.0540473
  97.9312739   3.0540982
  97.9308533   3.0542755
  97.930526    3.0544241
  97.9301027   3.0547183
  97.9301135   3.0547726
  97.9320381   3.0607503
  97.9347052   3.0672395
  97.9364514   3.0742576
  97.9370163   3.0749964
  97.9371896   3.0751218
  97.9372882   3.0752183
  97.9375142   3.0753884
  97.9377849   3.0755586
  97.9381545   3.0758158
  97.9383149   3.0758894
  97.9383861   3.0759304
  97.9386361   3.07617
  97.9386764   3.0761899
  97.938774    3.0761981
  97.9389159   3.076185
  97.9391116   3.076143
  97.9395774   3.076013
  97.9396736   3.0759617
  97.9397565   3.0759036
  97.939784    3.0758659
  97.9398219   3.0757741
  97.9398892   3.0755637
  97.9398947   3.0754478
  97.9398929   3.0750258
  97.9399436   3.0746366
  97.9399639   3.0745605
  97.9399865   3.0745084
  97.9401065   3.0742737
  97.9401533   3.0742006
  97.9402805   3.0740386
  97.9404977   3.0738267
  97.9406331   3.0737411
  97.9410186   3.0734469
  97.941183    3.0733312
  97.9412649   3.0732409
  97.9413929   3.0730719
  97.9414613   3.0730056
  97.9416072   3.0728929
  97.9416651   3.0728597
  97.9418509   3.072787
  97.9419655   3.0727615
  97.942196    3.0727664
  97.9424311   3.0728233
  97.9426317   3.0729068
  97.942783    3.072994
  97.9429148   3.0730962
  97.9429824   3.0731618
  97.9431084   3.073317
  97.9433239   3.0736415
  97.9436483   3.0738133
  97.9437843   3.0739124
  97.9439245   3.0740616
  97.9439815   3.0741403
  97.9440811   3.0743189
  97.9441267   3.0744598
  97.944201    3.0745581
  97.9443237   3.0745921
  97.9444372   3.0745972
  97.944591    3.0745891
  97.9453158   3.074512
  97.9454814   3.0745003
  97.945599    3.0744889
  97.9456808   3.0744629
  97.9457604   3.0744232
  97.9460541   3.0742141
  97.9462601   3.0741041
  97.946348    3.074075
  97.9465773   3.0740251
  97.9468818   3.0739878
  97.947319    3.0739562
  97.9475245   3.0739639
  97.9479726   3.0739496
  97.9482906   3.0739787
  97.9485181   3.0740277
  97.9486053   3.0740629
  97.948787    3.0741601
  97.9488496   3.0742039
  97.9490255   3.0743534
  97.949323    3.0747116
  97.9494456   3.0748243
  97.9496287   3.0748441
  97.9497847   3.0748435
  97.9499067   3.0748355
  97.9499478   3.0748149
  97.9499621   3.0745009
  97.9499611   3.0743119
  97.9499506   3.0741584
  97.9499143   3.0740251
  97.9497566   3.0736831
  97.9496533   3.0734304
  97.9495343   3.0731025
  97.9495205   3.0730234
  97.9494973   3.0727121
  97.9494964   3.0725382
  97.9494637   3.0724175
  97.9493901   3.0722108
  97.9492686   3.0717599
  97.9491685   3.0712797
  97.9490809   3.070971
  97.9490484   3.0707716
  97.9490426   3.0706958
  97.949052    3.0701777
  97.9490981   3.0699195
  97.9491425   3.0697348
  97.9489235   3.0695844
  97.9487617   3.0694474
  97.9485205   3.0691937
  97.9483563   3.0690454
  97.9482289   3.0689699
  97.9478673   3.0687869
  97.9478031   3.0687417
  97.9476529   3.0685978
  97.947583    3.0685111
  97.9474352   3.0682619
  97.9473552   3.0680694
  97.9472859   3.067765
  97.9472855   3.0675001
  97.9473203   3.0672448
  97.9473406   3.0671687
  97.947509    3.0668516
  97.9477139   3.0665351
  97.9478604   3.0663232
  97.9482385   3.0658828
  97.9483465   3.0657442
  97.9485866   3.0655153
  97.9487927   3.0653866
  97.9489677   3.0652894
  97.9491312   3.0652096
  97.9492007   3.0651828
  97.9493977   3.0651281
  97.9494758   3.0651212
  97.9495927   3.0651271
  97.9496457   3.0651333
  97.9497214   3.0651537
  97.9498112   3.0651984
  97.9499011   3.0652567
  97.949972    3.0653135
  97.9500721   3.0654265
  97.9502397   3.0656407
  97.950454    3.0659402
  97.950548    3.06614
  97.9506282   3.0664082
  97.9506581   3.066429
  97.9507943   3.0664675
  97.9509014   3.066327
  97.9510883   3.0661815
  97.9511593   3.0661481
  97.9512726   3.0661098
  97.9514248   3.0660756
  97.951488    3.0660481
  97.9515687   3.0659911
  97.9516743   3.0658758
  97.9517606   3.0657649
  97.9518378   3.0656571
  97.9519332   3.0654738
  97.9520616   3.065305
  97.9522139   3.0651784
  97.952271    3.0651391
  97.9524618   3.0650496
  97.9525579   3.0650261
  97.9527308   3.0650045
  97.9529995   3.0650078
  97.9531955   3.0650207
  97.9536634   3.0650791
  97.953941    3.0651564
  97.9542487   3.0652738
  97.9543382   3.065319
  97.9545557   3.0654681
  97.954699    3.0655221
  97.9547706   3.0655319
  97.9549269   3.0655413
  97.9553506   3.0655373
  97.9559407   3.0654983
  97.9560985   3.0654766
  97.9563433   3.0654242
  97.9565837   3.0654055
  97.9568898   3.0653672
  97.9570882   3.0653174
  97.9572873   3.0652858
  97.957488    3.0652408
  97.9577666   3.0652142
  97.95804     3.065216
  97.9582919   3.0652398
  97.9585227   3.0652746
  97.9590408   3.0653719
  97.9595963   3.0655217
  97.959692    3.0655239
  97.9597616   3.0655061
  97.9597995   3.0654819
  97.9601613   3.0651552
  97.9603147   3.0650426
  97.9603869   3.0649999
  97.9605838   3.0649254
  97.9606602   3.0649048
  97.9607541   3.0648982
  97.9610046   3.0649114
  97.9610803   3.0649318
  97.9612672   3.0650086
  97.9614439   3.065124
  97.9615839   3.0652427
  97.9617161   3.0653667
  97.9620163   3.065717
  97.9623153   3.0660154
  97.9626176   3.0662224
  97.9626928   3.0662497
  97.9630233   3.0663112
  97.9632818   3.0663722
  97.9635369   3.0664661
  97.9637565   3.0665705
  97.9639031   3.0666493
  97.9640549   3.066746
  97.964199    3.0668521
  97.9642409   3.0668927
  97.9646565   3.0673638
  97.9648147   3.0676338
  97.9649489   3.0679283
  97.9650022   3.0681677
  97.9650042   3.0685202
  97.965015    3.0686091
  97.9651197   3.0689855
  97.9651759   3.0692447
  97.9652026   3.069419
  97.9654603   3.0693787
  97.9658191   3.0692422
  97.9660428   3.0691341
  97.9662275   3.0690699
  97.9666397   3.068943
  97.9668309   3.0688976
  97.9670404   3.0688589
  97.9672926   3.0688308
  97.9675208   3.0688244
  97.9682867   3.0688887
  97.9685955   3.0689697
  97.9688767   3.0690904
  97.9691045   3.0692379
  97.9693814   3.0694558
  97.9695117   3.0695237
  97.9696388   3.0693657
  97.9697645   3.0692252
  97.9698959   3.0690919
  97.9699601   3.0690467
  97.9701272   3.0689692
  97.9702029   3.0689488
  97.9703202   3.0689436
  97.9704727   3.0689698
  97.9705449   3.0689896
  97.970616    3.0690229
  97.9708073   3.0691453
  97.9709194   3.069243
  97.9710318   3.0693547
  97.9711592   3.069514
  97.9712481   3.0696528
  97.9713583   3.0698185
  97.9714536   3.0699807
  97.9714857   3.0700495
  97.9715564   3.0702438
  97.9716091   3.0704246
  97.9716579   3.0706414
  97.9717111   3.071046
  97.9717598   3.0712424
  97.9718679   3.0716076
  97.9718977   3.0718018
  97.9719238   3.0719156
  97.9722144   3.0720334
  97.9724499   3.0721527
  97.9727134   3.0722416
  97.9731686   3.0725012
  97.97492     3.0729868
  97.9751924   3.073038
  97.9753441   3.0731962
  97.9754748   3.0733928
  97.9755945   3.0736415
  97.9757096   3.0739738
  97.9757529   3.0741377
  97.9758011   3.0743644
  97.975898    3.0747279
  97.9759093   3.0747926
  97.9759304   3.0751709
  97.9760098   3.0755807
  97.9760236   3.0757642
  97.9760235   3.0758843
  97.9760119   3.0760557
  97.975958    3.0762647
  97.9758068   3.0766059
  97.9757993   3.0766978
  97.9757961   3.0768817
  97.9758204   3.0771821
  97.9758559   3.0773489
  97.9758836   3.0775956
  97.9759527   3.0778142
  97.9759872   3.0778956
  97.9760499   3.0779899
  97.9761423   3.0781079
  97.9765189   3.0784777
  97.9766673   3.0786632
  97.9774123   3.0793775
  97.9774897   3.0794636
  97.9776152   3.0795492
  97.9776731   3.0796015
  97.9777285   3.0796351
  97.9777622   3.0796412
  97.9780692   3.0796248
  97.9782228   3.0795999
  97.9787077   3.0794992
  97.9788761   3.0794544
  97.9790088   3.0793044
  97.9791085   3.0792081
  97.9793207   3.079048
  97.9795153   3.0789466
  97.9795853   3.0789272
  97.9797323   3.0789009
  97.9799114   3.0788951
  97.980252    3.0789225
  97.9803295   3.0789353
  97.980475    3.0789836
  97.9805461   3.0790169
  97.9807478   3.0791413
  97.980914    3.0792814
  97.9809694   3.0793486
  97.9810451   3.079453
  97.9810918   3.0795337
  97.9811703   3.079712
  97.9812306   3.0798828
  97.9812866   3.0800922
  97.9813133   3.0802949
  97.9813217   3.080493
  97.9813494   3.0807406
  97.9813916   3.0809995
  97.9813992   3.0813543
  97.9813851   3.0815696
  97.9813718   3.0816512
  97.9813337   3.0817991
  97.9813166   3.0819605
  97.9813127   3.0821038
  97.9813753   3.0822006
  97.9815698   3.0824147
  97.9818239   3.0826613
  97.9819596   3.0827724
  97.9821091   3.0829372
  97.9821541   3.0830018
  97.9822467   3.0831848
  97.9822678   3.0832338
  97.9822881   3.08331
  97.9823123   3.0835024
  97.9823007   3.0837396
  97.9822307   3.0839864
  97.9820696   3.0843297
  97.9820172   3.0844591
  97.981975    3.0845908
  97.9819551   3.0847835
  97.9819528   3.0849498
  97.98197     3.0850991
  97.9823248   3.0853867
  97.9824796   3.0855487
  97.9826393   3.0856817
  97.9827108   3.085769
  97.9827347   3.0857834
  97.9827918   3.085801
  97.9828971   3.0858141
  97.9830369   3.0858095
  97.9832758   3.0857725
  97.9834997   3.0857275
  97.983661    3.0856812
  97.9837622   3.0856418
  97.9838129   3.0861383
  97.983532    3.0862956
  97.9833698   3.0879709
  97.9831471   3.088862
  97.9829375   3.0897002
  97.982289    3.0912134
  97.9814784   3.0933211
  97.9807218   3.0953206
  97.9802354   3.0965096
  97.9801813   3.0974823
  97.9800192   3.0994279
  97.9800192   3.1000036
  97.9800192   3.100833
  97.9803435   3.1031568
  97.9806137   3.1048862
  97.9812081   3.1066155
  97.9815864   3.108507
  97.9819647   3.109804
  97.9821066   3.1111522
  97.9821809   3.1118576
  97.982343    3.113641
  97.9823408   3.1136748
  97.9821809   3.1160729
  97.9804516   3.121261
  97.9802997   3.121689
  97.9802765   3.1217545
  97.9798571   3.1229363
  97.9791005   3.1249899
  97.9781818   3.1269895
  97.9770469   3.1290972
  97.9762362   3.1308806
  97.9747771   3.1329342
  97.9720209   3.1366631
  97.9705618   3.1384465
  97.9685622   3.1407163
  97.9674216   3.1419673
  97.9662479   3.1423383
  97.9660103   3.1423094
  97.9656025   3.1423195
  97.9653667   3.1423814
  97.9649997   3.1425454
  97.9647648   3.1426053
  97.9645567   3.1426261
  97.9643647   3.1426345
  97.9641879   3.1426611
  97.9639903   3.1427546
  97.963563    3.1430637
  97.963426    3.1432107
  97.963249    3.1433452
  97.9627574   3.1435673
  97.9625384   3.143691
  97.9624094   3.1437485
  97.9622864   3.1437639
  97.9619882   3.1438236
  97.9616658   3.1440459
  97.9615108   3.1441279
  97.9611714   3.1442116
  97.9609888   3.1443194
  97.9603789   3.1449188
  97.9602985   3.1450526
  97.960159    3.1452234
  97.9598926   3.1454792
  97.9597745   3.1455426
  97.9595858   3.1456212
  97.9586569   3.1455515
  97.9578556   3.1456013
  97.9576826   3.1456346
  97.9556078   3.14838
  97.9544999   3.1490895
  97.9544282   3.1494054
  97.9541777   3.1498575
  97.9541702   3.1502667
  97.9541556   3.1505395
  97.9539054   3.1507978
  97.9537408   3.1510704
  97.953399    3.1514874
  97.953241    3.1517386
  97.9529967   3.1520644
  97.9527465   3.1522347
  97.9528104   3.1526038
  97.952939    3.1533461
  97.9531075   3.1543186
  97.9530028   3.1548278
  97.9529885   3.1555322
  97.9525174   3.1559795
  97.9519987   3.1562127
  97.9512923   3.1567936
  97.9507756   3.1576023
  97.9504806   3.1584113
  97.9503949   3.1589966
  97.9502236   3.1595772
  97.9490053   3.1607955
  97.9481344   3.1613333
  97.9469733   3.1622089
  97.946307    3.162542
  97.9454599   3.1631845
  97.9445319   3.1638079
  97.9436991   3.1639745
  97.9430674   3.1637937
  97.9427235   3.1637461
  97.9423666   3.1640554
  97.9420954   3.1647883
  97.9420762   3.1650023
  97.942043    3.1653736
  97.9420406   3.1658131
  97.9419002   3.1666823
  97.9419436   3.16734
  97.9419716   3.1676389
  97.9421192   3.1679958
  97.9421192   3.1683812
  97.9419383   3.1686525
  97.9415528   3.1689999
  97.9412197   3.1692616
  97.9411007   3.1695043
  97.9410151   3.170004
  97.9407987   3.1705504
  97.9406867   3.1708035
  97.9405915   3.17107
  97.9401109   3.1720123
  97.9399634   3.1726452
  97.9399919   3.1730164
  97.9401383   3.1734673
  97.9404433   3.1738701
  97.9406713   3.1742287
  97.9407951   3.174638
  97.9409188   3.1752757
  97.9414375   3.1756326
  97.943008    3.1752519
  97.9434363   3.175347
  97.9432658   3.1764025
  97.9414771   3.1774294
  97.9412121   3.1776101
  97.9409115   3.1780733
  97.9408132   3.1785998
  97.9407844   3.1790906
  97.9406643   3.1793052
  97.9406362   3.1795773
  97.9410473   3.1797776
  97.9420181   3.1796919
  97.9435029   3.179749
  97.9444452   3.1800203
  97.9460013   3.1805914
  97.9472006   3.1812338
  97.947686    3.1818334
  97.9482428   3.1823189
  97.9484403   3.1828673
  97.9482916   3.1831529
  97.9480179   3.1833492
  97.9476788   3.1836525
  97.9476313   3.1838845
  97.9476967   3.1840987
  97.9478811   3.1843426
  97.9481428   3.1845567
  97.9485176   3.1848423
  97.9487258   3.1850386
  97.9487437   3.1851576
  97.9486247   3.1854014
  97.9483332   3.1857227
  97.9481428   3.1859904
  97.9481547   3.1863235
  97.9485694   3.1871033
  97.94915     3.1881017
  97.948764    3.1887931
  97.9484854   3.1897622
  97.9484084   3.19023
  97.9484525   3.1906592
  97.9485248   3.1911607
  97.9485037   3.1914503
  97.9483876   3.1917665
  97.9482714   3.1921134
  97.9481939   3.1924357
  97.9481844   3.1929365
  97.9481623   3.1935014
  97.9481953   3.1938086
  97.948544    3.1943924
  97.9487401   3.1947654
  97.9488861   3.1950864
  97.9488924   3.1954327
  97.9487421   3.1957183
  97.948491    3.1959584
  97.9484025   3.1960807
  97.9484267   3.196362
  97.9484525   3.1964979
  97.9484453   3.1970292
  97.9483522   3.1973537
  97.9481796   3.1976744
  97.94816     3.1980162
  97.9480483   3.1983176
  97.9480555   3.1985044
  97.9479415   3.1984127
  97.9478433   3.1984096
  97.9477599   3.1984335
  97.9476676   3.1984962
  97.947605    3.198553
  97.9475603   3.1986337
  97.9475274   3.1987414
  97.9475213   3.1988939
  97.9475479   3.1990735
  97.9475894   3.1992979
  97.9476991   3.1997437
  97.9477701   3.2001208
  97.947761    3.2002972
  97.9477606   3.2006353
  97.9477188   3.2007968
  97.9476354   3.2009164
  97.9472661   3.2011254
  97.9471439   3.2012928
  97.9469769   3.2016337
  97.9468871   3.2021033
  97.946762    3.2022288
  97.9466903   3.2024172
  97.9466545   3.2025398
  97.9466455   3.2026445
  97.9466067   3.2026864
  97.9465233   3.2027371
  97.9462226   3.2028804
  97.9461183   3.2029581
  97.9460111   3.2030447
  97.9458413   3.2032121
  97.9457251   3.2033137
  97.9456377   3.2034422
  97.9456183   3.2035246
  97.9456125   3.2036127
  97.9456295   3.204022
  97.945611    3.2041966
  97.9455957   3.2042455
  97.945569    3.2042952
  97.9454583   3.2044272
  97.9454051   3.2045639
  97.9452348   3.2048722
  97.9451635   3.2049716
  97.9451354   3.2050261
  97.9450972   3.2050574
  97.9450757   3.2051077
  97.9450844   3.2052023
  97.9450766   3.2056606
  97.9450447   3.2060811
  97.9450129   3.2062256
  97.944951    3.2063175
  97.9449136   3.2064219
  97.9449029   3.2065323
  97.9449197   3.206642
  97.9449171   3.2067498
  97.9449087   3.2068573
  97.9448744   3.2070702
  97.9448173   3.2072781
  97.9447803   3.2073794
  97.9446901   3.2075751
  97.9442651   3.2074631
  97.9439438   3.2073192
  97.9438186   3.2072736
  97.9436768   3.2072389
  97.9433139   3.2072108
  97.9432078   3.2071828
  97.9431115   3.2071665
  97.9429223   3.2071183
  97.9427343   3.2070397
  97.9426268   3.207011
  97.9425161   3.2070012
  97.942426    3.2070078
  97.9423305   3.2070315
  97.9422843   3.2070835
  97.9422679   3.2071143
  97.9422377   3.2072225
  97.9422138   3.2073323
  97.942211    3.2074134
  97.9421871   3.2075283
  97.9421185   3.2076945
  97.9421009   3.2078046
  97.942135    3.2079748
  97.9421524   3.2080279
  97.9422304   3.2081974
  97.9423367   3.2083593
  97.9424245   3.2085366
  97.9424957   3.2087363
  97.9425208   3.2088361
  97.942522    3.2089454
  97.942515    3.2089757
  97.9424888   3.2090282
  97.9424534   3.2090893
  97.9423575   3.2091296
  97.9423266   3.2091312
  97.9421796   3.2091122
  97.9419838   3.2090684
  97.9419038   3.2090587
  97.9416153   3.2090639
  97.9413949   3.2090929
  97.9412866   3.2091002
  97.9407801   3.20921
  97.9405652   3.2092306
  97.9404348   3.2092217
  97.940309    3.2091861
  97.9402277   3.2091456
  97.9401872   3.2091347
  97.9401037   3.2091305
  97.9400222   3.2091498
  97.9398966   3.2092179
  97.9398353   3.2092653
  97.9397844   3.2092783
  97.9397321   3.2092747
  97.939707    3.2092668
  97.9396484   3.2091943
  97.9396195   3.2091383
  97.9395309   3.2088744
  97.9394459   3.2085633
  97.9394186   3.2085162
  97.9393631   3.2084754
  97.9393138   3.2084931
  97.9392245   3.2086242
  97.9391534   3.2087875
  97.9390862   3.2088382
  97.938929    3.2088506
  97.9388308   3.208829
  97.938749    3.2088356
  97.9385761   3.2089302
  97.9383085   3.2090473
  97.9381516   3.2091294
  97.9379677   3.2091973
  97.9378902   3.2092172
  97.9377843   3.2092195
  97.9376842   3.2093242
  97.9375955   3.2094002
  97.9374341   3.2094345
  97.9372583   3.2094444
  97.9367485   3.2092557
  97.9365477   3.2092612
  97.9363885   3.2092769
  97.9359955   3.2093454
  97.9356027   3.2095068
  97.9353909   3.2096245
  97.9351537   3.2097099
  97.934911    3.209776
  97.9348424   3.2097702
  97.9344597   3.2096243
  97.9342465   3.2095187
  97.9341646   3.2094574
  97.9340409   3.2094247
  97.9339533   3.2093519
  97.933534    3.2093728
  97.9322457   3.210431
  97.9315161   3.2118361
  97.9305974   3.2134033
  97.930057    3.2151327
  97.930027    3.2152093
  97.9295706   3.2163757
  97.9289221   3.2177267
  97.9283817   3.219294
  97.9277872   3.2211854
  97.9271387   3.2228067
  97.9271029   3.222881
  97.9271151   3.2229383
  97.9271743   3.2230932
  97.9272499   3.2231985
  97.9272751   3.2232696
  97.9273019   3.2234325
  97.9273568   3.223578
  97.927408    3.2237437
  97.9274747   3.2238668
  97.927515    3.2239734
  97.9275224   3.2240965
  97.9274717   3.2243451
  97.9274602   3.2244719
  97.9274434   3.2248702
  97.9274231   3.2249882
  97.9274475   3.2251231
  97.9274028   3.2252285
  97.9273906   3.2253206
  97.927382    3.2255158
  97.9273841   3.2257315
  97.927375    3.2258388
  97.9273393   3.2259739
  97.9272927   3.2260811
  97.9267194   3.2261778
  97.9261241   3.2262011
  97.9251477   3.2263317
  97.9243355   3.2266722
  97.9241447   3.2269031
  97.9240092   3.2270672
  97.9241462   3.2276948
  97.9243361   3.2283053
  97.9243826   3.2293704
  97.9246094   3.2306587
  97.9245984   3.2306734
  97.9246561   3.23085
  97.9247509   3.2310143
  97.9248865   3.2311692
  97.924949    3.2312563
  97.9250565   3.2313535
  97.9251011   3.2314553
  97.9251574   3.2316229
  97.9252286   3.2318623
  97.9252701   3.2320418
  97.9253027   3.2322244
  97.9252965   3.2324308
  97.9252637   3.2324906
  97.9252487   3.2326252
  97.9252099   3.2327298
  97.9251502   3.2328315
  97.92504     3.2328882
  97.9248971   3.2329389
  97.9247542   3.2329418
  97.9246382   3.2329297
  97.924424    3.2328517
  97.9243377   3.2328486
  97.9242603   3.2328605
  97.9239267   3.2330695
  97.9237837   3.2331741
  97.9236467   3.2332577
  97.9235692   3.2333414
  97.9235661   3.2334999
  97.9236222   3.2339038
  97.9236339   3.2340863
  97.923604    3.2342718
  97.9235729   3.2346484
  97.9235013   3.2347728
  97.9233821   3.2349354
  97.9232867   3.2350885
  97.9232245   3.2353852
  97.9230192   3.2358445
  97.9229523   3.2360742
  97.9228807   3.2362512
  97.9228234   3.2364282
  97.9228565   3.2365766
  97.9229325   3.2367586
  97.9230037   3.2370124
  97.9229365   3.2375532
  97.9229363   3.237692
  97.9228885   3.2378355
  97.9227311   3.238113
  97.922445    3.2384765
  97.9223735   3.2385434
  97.9221586   3.2385577
  97.9221075   3.2386962
  97.9220729   3.2387615
  97.9219871   3.2388813
  97.9219365   3.238935
  97.9218813   3.2389839
  97.9217591   3.2390659
  97.9216161   3.2392438
  97.9214538   3.2394041
  97.9212742   3.2395446
  97.9210799   3.2396635
  97.9210704   3.2396996
  97.9210854   3.2398667
  97.9210708   3.2401575
  97.9210098   3.2404087
  97.9209597   3.2405091
  97.9209488   3.2406671
  97.9209558   3.2407963
  97.9210092   3.2409615
  97.9210198   3.2410836
  97.9210303   3.2412739
  97.9209909   3.2414067
  97.92088     3.241543
  97.920712    3.2416792
  97.9205653   3.2418908
  97.9204188   3.242002
  97.9202864   3.2421885
  97.9202399   3.2423249
  97.9201683   3.242454
  97.9197297   3.2429286
  97.9195448   3.2432096
  97.9193183   3.2435145
  97.9191541   3.2436014
  97.9151548   3.2477225
  97.9111556   3.2518433
  97.9108603   3.2519403
  97.9105869   3.2519971
  97.9100441   3.2521285
  97.9095075   3.2522837
  97.9092419   3.2523701
  97.9087166   3.2525603
  97.9084892   3.2526551
  97.908043    3.2528644
  97.9078246   3.2529787
  97.9073981   3.253226
  97.9069866   3.2534977
  97.9067868   3.2536424
  97.9062664   3.2540412
  97.9059579   3.2543099
  97.9058102   3.2544516
  97.9056671   3.2545979
  97.9053953   3.254904
  97.9051435   3.255227
  97.9049128   3.2555655
  97.9047041   3.2559181
  97.9046082   3.2560993
  97.9045522   3.2566856
  97.9047077   3.2568623
  97.9047289   3.2570849
  97.9046352   3.2578674
  97.9046421   3.2581187
  97.9046541   3.258143
  97.9047561   3.2583486
  97.9053917   3.2585216
  97.9056059   3.2586224
  97.9058413   3.2588883
  97.9059911   3.2590967
  97.9061695   3.2592835
  97.9069049   3.2596146
  97.907012    3.2596937
  97.9070664   3.2598548
  97.907563    3.2601323
  97.9079987   3.2601327
  97.9090059   3.2601769
  97.9095987   3.2602422
  97.9101558   3.2603289
  97.9104559   3.2602934
  97.9113132   3.2602225
  97.9116847   3.2602014
  97.9120275   3.2602448
  97.9122847   3.2602307
  97.9129493   3.2599873
  97.9132924   3.2598082
  97.9136282   3.2597152
  97.9139497   3.2597084
  97.9149713   3.2596162
  97.9154069   3.25971
  97.915614    3.2598251
  97.915785    3.2601627
  97.9160562   3.2604646
  97.9165698   3.2611113
  97.9168267   3.2613629
  97.9169479   3.2616071
  97.9170903   3.261995
  97.9173397   3.2625768
  97.9174967   3.2627852
  97.918282    3.2632097
  97.9185319   3.2633248
  97.9192226   3.2634861
  97.9203294   3.2633385
  97.9209779   3.2633926
  97.922437    3.2629062
  97.923734    3.2627981
  97.9253553   3.2622577
  97.9263821   3.2614471
  97.9268685   3.2605824
  97.9276791   3.2595015
  97.9280557   3.2594457
  97.9281795   3.2597225
  97.9282078   3.2598642
  97.9281299   3.260216
  97.9279589   3.260591
  97.9280586   3.2606478
  97.9281588   3.2607259
  97.9282061   3.2607513
  97.9282706   3.2607696
  97.9283472   3.2607778
  97.928569    3.2607634
  97.928627    3.2607649
  97.9286758   3.2607751
  97.9287156   3.2607959
  97.9288284   3.2608761
  97.929074    3.2611221
  97.92921     3.2612169
  97.9294506   3.2613528
  97.929682    3.2614524
  97.9297902   3.2614771
  97.9299053   3.2614831
  97.9303905   3.2614859
  97.9306102   3.2614709
  97.9308336   3.2614197
  97.9309523   3.2614
  97.9312246   3.2613208
  97.9313572   3.2612718
  97.9315282   3.2612416
  97.9318295   3.2612302
  97.9322308   3.2612529
  97.9324041   3.2612846
  97.9325808   3.261348
  97.9327413   3.2614276
  97.9328889   3.2615155
  97.9331469   3.2617016
  97.9333189   3.2618491
  97.9334119   3.2619182
  97.9334619   3.2619884
  97.9334745   3.2620843
  97.9334593   3.2621895
  97.9334418   3.2622538
  97.9334359   3.2623426
  97.9334404   3.2624397
  97.9334589   3.2625472
  97.9335077   3.2626186
  97.9335926   3.2626772
  97.9336914   3.262703
  97.9338101   3.2627054
  97.9339113   3.2626974
  97.93418     3.2626334
  97.9343103   3.2626148
  97.9344883   3.2626126
  97.9346023   3.262628
  97.9346791   3.262628
  97.9347617   3.2626118
  97.9348303   3.2625861
  97.9349235   3.2625207
  97.9351143   3.2624216
  97.9352307   3.2623854
  97.9354308   3.2623751
  97.9355378   3.2623554
  97.9356146   3.2623309
  97.9358322   3.2622224
  97.9361093   3.2620497
  97.9361721   3.262024
  97.936271    3.2620311
  97.9363826   3.2620663
  97.9364826   3.2621525
  97.9366069   3.2622595
  97.9369226   3.2628654
  97.9371375   3.2632234
  97.9372176   3.263324
  97.9373211   3.2633919
  97.9375362   3.2635044
  97.9379768   3.263699
  97.9381222   3.2637225
  97.9382885   3.263732
  97.93847     3.2637217
  97.938812    3.263673
  97.9389132   3.2636777
  97.9389841   3.2636989
  97.9390434   3.2637527
  97.9390852   3.263817
  97.9390921   3.2638895
  97.9390687   3.2639947
  97.9390116   3.2641163
  97.9389394   3.2642191
  97.938859    3.264302
  97.9387345   3.2644036
  97.9385739   3.2644876
  97.938447    3.2645202
  97.93834     3.264506
  97.9382214   3.2645024
  97.9381749   3.2645152
  97.9381259   3.2645724
  97.9380979   3.2646508
  97.9380944   3.2647408
  97.938114    3.2648437
  97.938244    3.265163
  97.9383426   3.2653443
  97.938374    3.2653782
  97.9384926   3.2654649
  97.9385809   3.2655036
  97.9386554   3.265527
  97.9389043   3.2655612
  97.9392682   3.2656528
  97.9393368   3.2656751
  97.9393984   3.2657219
  97.9394507   3.2657757
  97.9395076   3.2658635
  97.9396166   3.2662096
  97.9397675   3.2665278
  97.9398082   3.2665688
  97.9398396   3.2665723
  97.939871    3.2665653
  97.939942    3.2664953
  97.9399723   3.2664403
  97.9400598   3.2662276
  97.9401496   3.2660418
  97.9402136   3.2659308
  97.9402823   3.2658666
  97.9403813   3.2658317
  97.9404511   3.2658235
  97.9405301   3.2658377
  97.9406615   3.2658986
  97.9407778   3.2659841
  97.9408545   3.2660145
  97.9409789   3.2660322
  97.9410348   3.2660252
  97.9411023   3.2659914
  97.941157    3.2659471
  97.9413212   3.2657251
  97.941426    3.2656141
  97.9414877   3.2655651
  97.941546    3.2654962
  97.9415914   3.2654097
  97.9417349   3.2650837
  97.9417943   3.2649996
  97.9420121   3.2647402
  97.9422658   3.2645768
  97.9424925   3.2643035
  97.9426118   3.2643144
  97.9426492   3.2643278
  97.9427258   3.2643978
  97.942757    3.2644041
  97.9429316   3.2643962
  97.943084    3.2644026
  97.9431374   3.2644116
  97.9431811   3.2644332
  97.9432175   3.2644637
  97.9432451   3.2645353
  97.9432441   3.2646052
  97.9432218   3.2646643
  97.9431861   3.2647314
  97.942683    3.2652359
  97.9425332   3.265405
  97.9424903   3.2654739
  97.9423698   3.2657263
  97.9422511   3.2659232
  97.9422288   3.2659832
  97.9422179   3.2661488
  97.9422241   3.266199
  97.9422427   3.2662447
  97.942281    3.2662877
  97.9423033   3.266303
  97.9423692   3.2663263
  97.9424164   3.2663201
  97.9424494   3.2662959
  97.9425199   3.2661805
  97.9426066   3.265946
  97.9426539   3.2658618
  97.9426896   3.2658296
  97.9427742   3.2658127
  97.9428268   3.2658038
  97.9428954   3.2658048
  97.9429382   3.2658129
  97.9429702   3.2658416
  97.9429924   3.2658738
  97.9430031   3.2659061
  97.9430013   3.2659688
  97.9429709   3.2660422
  97.942969    3.2661013
  97.9429886   3.2661461
  97.9430473   3.2662097
  97.9432771   3.2663407
  97.9433492   3.2663515
  97.9434712   3.2663875
  97.9435345   3.2664225
  97.9435879   3.2664807
  97.9436021   3.2665282
  97.943602    3.2665855
  97.9435922   3.2666357
  97.9435369   3.2666714
  97.9433524   3.2667258
  97.9431965   3.2667391
  97.9431234   3.2667614
  97.9430556   3.2667954
  97.9430226   3.2668285
  97.9429994   3.2668705
  97.9430002   3.2669583
  97.9430117   3.2670076
  97.9430615   3.2671088
  97.9431416   3.2672146
  97.9432119   3.2672908
  97.9432395   3.2673374
  97.9432867   3.2673893
  97.9433312   3.2674207
  97.9433891   3.2674369
  97.9435049   3.2674514
  97.9437873   3.2674543
  97.9438666   3.2674965
  97.9439663   3.2675763
  97.9440571   3.2676105
  97.9441516   3.2676025
  97.9442104   3.2675775
  97.944329    3.2674612
  97.9443816   3.2674281
  97.9444814   3.2674211
  97.9445152   3.2674784
  97.9445303   3.2675554
  97.9445496   3.2678357
  97.9445763   3.2679011
  97.9446136   3.2679549
  97.9446617   3.2679836
  97.9448256   3.2679865
  97.944921    3.2679364
  97.9450013   3.2678765
  97.9451155   3.2677513
  97.9452297   3.2675956
  97.9453295   3.2675778
  97.9454025   3.2676146
  97.945487    3.2677024
  97.945543    3.2678332
  97.9455706   3.2679237
  97.9455953   3.2680804
  97.9455961   3.2682407
  97.9456075   3.2683768
  97.9456306   3.2684951
  97.9456696   3.2686026
  97.9456945   3.268642
  97.9458476   3.268815
  97.9459278   3.2688518
  97.9459892   3.2688519
  97.9460588   3.2688224
  97.9460971   3.2687741
  97.9461204   3.2687051
  97.9461224   3.2684687
  97.9461545   3.2684383
  97.9461839   3.2684339
  97.9462516   3.2684411
  97.9463344   3.2684833
  97.9464306   3.2685532
  97.9464946   3.268642
  97.9465774   3.2687217
  97.9467421   3.2688231
  97.9469496   3.2689765
  97.9470101   3.2690544
  97.9471194   3.2692838
  97.9471728   3.2693465
  97.9472574   3.2693905
  97.947334    3.2694022
  97.9474427   3.2694068
  97.9475327   3.2694024
  97.947662    3.269373
  97.9477555   3.2693749
  97.9478517   3.2694055
  97.9479354   3.2694414
  97.9480547   3.2695266
  97.9481055   3.2695535
  97.9481554   3.2695607
  97.9482124   3.2695482
  97.9482614   3.2695026
  97.9483034   3.2694229
  97.9483222   3.2693433
  97.9483144   3.2691185
  97.9483208   3.2689627
  97.9483869   3.2688642
  97.9485321   3.2688169
  97.9486168   3.2688116
  97.9487201   3.2688162
  97.9488261   3.2688307
  97.9489072   3.2688558
  97.9489784   3.2688873
  97.9491352   3.2689134
  97.9492243   3.2689126
  97.9495023   3.2688905
  97.9496458   3.2688441
  97.9496913   3.2688119
  97.9497297   3.2687689
  97.9497538   3.2687188
  97.9497841   3.2686794
  97.9498313   3.2686544
  97.9499499   3.2686465
  97.9500398   3.2686788
  97.9500995   3.2687192
  97.9501502   3.2688034
  97.9501967   3.2689177
  97.950223    3.2689835
  97.9502541   3.269065
  97.9503075   3.2691412
  97.9503681   3.2691815
  97.9504456   3.2691977
  97.9507156   3.2691622
  97.951007    3.2690353
  97.9510917   3.268988
  97.9511434   3.268971
  97.9511835   3.2689693
  97.951212    3.2689845
  97.951244    3.2690356
  97.95126     3.2691538
  97.9513221   3.269359
  97.9513621   3.26947
  97.9514545   3.2696707
  97.9515603   3.2699789
  97.9519843   3.2709187
  97.9521034   3.2711391
  97.9525331   3.2717467
  97.9526764   3.2719179
  97.9527485   3.2719879
  97.9530048   3.2722729
  97.9530653   3.2723625
  97.9531276   3.2724324
  97.9533511   3.2725983
  97.9534909   3.2726853
  97.9536129   3.2727338
  97.9537723   3.272785
  97.9541249   3.2730353
  97.9543876   3.2731734
  97.9545764   3.2732605
  97.9546503   3.2732839
  97.9547448   3.2732813
  97.9548196   3.2732617
  97.954899    3.2731901
  97.9549615   3.2730934
  97.9549936   3.2729986
  97.9550134   3.2728714
  97.9550064   3.2727022
  97.9549639   3.2725069
  97.9548528   3.2722014
  97.9548414   3.2720375
  97.954895    3.2719274
  97.9549707   3.2719078
  97.9550242   3.2719213
  97.9552618   3.272183
  97.9553303   3.2722243
  97.9554319   3.272254
  97.9555397   3.2722514
  97.9556564   3.2722909
  97.9556893   3.2723411
  97.9557088   3.2723975
  97.9557309   3.2725766
  97.9557842   3.2727558
  97.9558393   3.2728884
  97.9559255   3.2730568
  97.9559655   3.2731679
  97.9560402   3.2733104
  97.9560945   3.2733597
  97.9561773   3.2733902
  97.9562353   3.2733858
  97.9563066   3.2733501
  97.9563663   3.2733
  97.9564395   3.2732186
  97.9564983   3.2731703
  97.9565928   3.2731363
  97.9567265   3.2731132
  97.9568753   3.2731259
  97.9569813   3.2731538
  97.957171    3.2732292
  97.9572627   3.27324
  97.957375    3.2732393
  97.957596    3.2731822
  97.9577092   3.2731823
  97.9578      3.2732075
  97.9578534   3.2732514
  97.9579415   3.2733697
  97.9580225   3.2734334
  97.9582068   3.2735482
  97.9584135   3.2736156
  97.9586451   3.273665
  97.9590949   3.2737819
  97.9591715   3.2737963
  97.959249    3.2737973
  97.9593409   3.2737392
  97.9593837   3.2736488
  97.9593892   3.2734984
  97.9593787   3.2733479
  97.9593868   3.2732628
  97.9594029   3.273227
  97.9594876   3.2731841
  97.9598137   3.2731684
  97.9599696   3.2731426
  97.9602334   3.2731563
  97.9602708   3.2731518
  97.9604232   3.2731
  97.9604954   3.2730867
  97.9605809   3.273093
  97.9606263   3.2731155
  97.9606503   3.2731648
  97.9606565   3.2731952
  97.9606387   3.2732462
  97.9604469   3.2733911
  97.9604112   3.2734555
  97.9603996   3.2735146
  97.9604004   3.2735845
  97.9604128   3.2736526
  97.9604937   3.2738103
  97.9605578   3.2738748
  97.9606219   3.2739223
  97.9607475   3.2739914
  97.9608161   3.2740031
  97.9609088   3.273962
  97.9610489   3.2737204
  97.9611229   3.273664
  97.9611862   3.2736417
  97.9613608   3.2736473
  97.9614953   3.2736985
  97.9615559   3.2737155
  97.9616156   3.2737201
  97.9617091   3.2737094
  97.9617831   3.273662
  97.9618304   3.2735958
  97.9618769   3.2735117
  97.9620198   3.2731133
  97.9620779   3.2729952
  97.9621234   3.2729326
  97.9621581   3.2729004
  97.9622179   3.2728709
  97.962405    3.2728155
  97.9625663   3.2728139
  97.9626928   3.2728758
  97.9627702   3.2729574
  97.9628752   3.2731151
  97.9630645   3.2735094
  97.9631126   3.2735676
  97.9631607   3.2736044
  97.9632996   3.2736788
  97.9633602   3.2737004
  97.9635205   3.273714
  97.9635918   3.2736818
  97.9636614   3.2736327
  97.9638834   3.2734296
  97.9639443   3.2734055
  97.9639448   3.2734055
  97.9640563   3.2734092
  97.964116    3.2734361
  97.9641489   3.2734594
  97.9641649   3.2734738
  97.9642441   3.2736019
  97.9642903   3.273696
  97.964342    3.273756
  97.9644069   3.2738134
  97.9644951   3.2738744
  97.964749    3.2739392
  97.9649572   3.2740445
  97.9651364   3.2741096
  97.9652859   3.2741437
  97.965423    3.2741526
  97.9655591   3.2741547
  97.965784    3.2741462
  97.9661933   3.2740768
  97.9664386   3.2740169
  97.9665602   3.2740053
  97.9666693   3.2740113
  97.9667532   3.2740337
  97.9668333   3.2740648
  97.9669288   3.2740765
  97.9670234   3.274066
  97.9671219   3.274035
  97.9672291   3.2740157
  97.9673015   3.2740342
  97.9673632   3.2740644
  97.9674172   3.2741071
  97.9674693   3.2741664
  97.9675088   3.2742314
  97.9675792   3.2743023
  97.9676409   3.2743402
  97.9677123   3.2743538
  97.9677635   3.27435
  97.9678262   3.2743336
  97.9678832   3.2742997
  97.9680553   3.2740496
  97.9682427   3.2738693
  97.9683673   3.2737802
  97.9684253   3.273758
  97.9684861   3.2737464
  97.9686251   3.2737455
  97.9687303   3.273734
  97.9688327   3.2736982
  97.9689639   3.2737042
  97.9690074   3.2737139
  97.9690382   3.2737469
  97.9690633   3.2738003
  97.96907     3.273842
  97.9690641   3.273877
  97.9690235   3.2739953
  97.9690244   3.2740777
  97.9690455   3.2741534
  97.969087    3.2742049
  97.9691487   3.2742282
  97.9692144   3.2742293
  97.9693331   3.2741974
  97.9693901   3.2741994
  97.9694065   3.2742013
  97.969446    3.2742489
  97.9694961   3.2743664
  97.9695086   3.2744304
  97.9695101   3.2747961
  97.9695467   3.274866
  97.9696094   3.2749369
  97.9696827   3.2749545
  97.9698777   3.2749488
  97.969926    3.2749334
  97.9700235   3.2749335
  97.9701142   3.2749636
  97.9702232   3.2750287
  97.9704045   3.2751725
  97.9704778   3.2752541
  97.9705395   3.2753512
  97.9706492   3.275587
  97.9706743   3.2756569
  97.9707204   3.2758558
  97.9707414   3.2760702
  97.9707645   3.2761799
  97.9707933   3.2762944
  97.9708357   3.2763973
  97.9708819   3.2764672
  97.9709784   3.2765779
  97.9710882   3.2767613
  97.9712909   3.2769885
  97.9713717   3.2771061
  97.9713867   3.2771673
  97.9713866   3.2772403
  97.9713782   3.2773074
  97.9713481   3.2773838
  97.9712411   3.2775204
  97.9711375   3.2776319
  97.9711107   3.2776746
  97.9710957   3.2777149
  97.9710956   3.2777568
  97.9711073   3.277803
  97.9711456   3.2778349
  97.9711982   3.2778643
  97.9712666   3.2778904
  97.9713693   3.2779182
  97.971451    3.2779678
  97.971471    3.2779963
  97.9714926   3.2780777
  97.9714999   3.278368
  97.9715082   3.2784091
  97.9715331   3.278462
  97.9715965   3.2785384
  97.9716349   3.2785678
  97.9716858   3.2785922
  97.9717542   3.2786149
  97.9719361   3.2786378
  97.9722141   3.2786943
  97.9724861   3.2787994
  97.9725486   3.2788347
  97.9725987   3.2788793
  97.9726203   3.2789204
  97.9726361   3.2790085
  97.972641    3.2791369
  97.9726283   3.2793508
  97.9726423   3.2794968
  97.9726673   3.2795455
  97.9727123   3.2795791
  97.9727682   3.2795959
  97.9728709   3.2796036
  97.973007    3.2795995
  97.9730529   3.2796046
  97.9731155   3.2796298
  97.9731446   3.2796626
  97.9731788   3.2797289
  97.9732843   3.2802089
  97.9733176   3.2802844
  97.9733802   3.2803743
  97.9735909   3.2805452
  97.9736898   3.2806944
  97.9737584   3.2807474
  97.973838    3.2807774
  97.9740133   3.2808033
  97.9741062   3.2808271
  97.9742073   3.2808997
  97.9742557   3.280961
  97.974309    3.2810544
  97.9743246   3.2814159
  97.9743362   3.2815258
  97.9743728   3.2816316
  97.974412    3.2816895
  97.9744862   3.2817408
  97.9746599   3.2817222
  97.9747467   3.2817022
  97.9748494   3.2816436
  97.9749205   3.2815623
  97.9750802   3.2813099
  97.9751136   3.2812797
  97.9751545   3.2812647
  97.9751879   3.281263
  97.9752747   3.2812749
  97.9753114   3.2812875
  97.9753848   3.2813312
  97.9755351   3.2814945
  97.9760337   3.2818411
  97.9762117   3.2819799
  97.976281    3.2820197
  97.9763662   3.2820567
  97.9765248   3.2820938
  97.9766862   3.2821413
  97.9767396   3.2821769
  97.9767859   3.2822187
  97.9768544   3.2823302
  97.976905    3.2823895
  97.9770864   3.2825269
  97.9771473   3.2825597
  97.9772048   3.2825806
  97.9774771   3.2826401
  97.977563    3.2826674
  97.9777348   3.282763
  97.9779495   3.2829115
  97.9780693   3.2829611
  97.9783832   3.2830415
  97.978476    3.2830862
  97.978557    3.283142
  97.9787356   3.283317
  97.9788581   3.2834718
  97.9789053   3.2835456
  97.9789551   3.2836502
  97.9790117   3.2837944
  97.9790359   3.2838759
  97.9790442   3.2839421
  97.9790448   3.2840062
  97.9790273   3.2841483
  97.9789531   3.2842603
  97.9788393   3.2843723
  97.9787512   3.2844858
  97.9786838   3.2846285
  97.9785894   3.284799
  97.9785644   3.2848596
  97.9785574   3.2849188
  97.9785628   3.2850128
  97.9785746   3.2850595
  97.9786084   3.2851417
  97.9786486   3.2852107
  97.9787115   3.2852867
  97.9788002   3.2853565
  97.9788798   3.2853997
  97.9789699   3.2854277
  97.9790544   3.2854424
  97.979175    3.2854523
  97.9793149   3.2854893
  97.9793891   3.2855187
  97.9794493   3.2855542
  97.9795131   3.2855815
  97.9796814   3.2856492
  97.9797548   3.2856716
  97.9799249   3.2857581
  97.9799688   3.2857853
  97.9800928   3.2858739
  97.9801579   3.2859381
  97.980259    3.2859974
  97.9803283   3.2860232
  97.9804003   3.2860323
  97.9805111   3.2860331
  97.9807108   3.2859672
  97.9808355   3.2859652
  97.9808882   3.2859715
  97.9809373   3.2859911
  97.9812677   3.2862268
  97.9813293   3.2862617
  97.9813813   3.2862771
  97.98147     3.2862884
  97.9815808   3.2862892
  97.9819669   3.2862533
  97.9821595   3.2862528
  97.982224    3.2862564
  97.9822836   3.2862697
  97.9823307   3.2862864
  97.9823764   3.2863199
  97.9824498   3.2863945
  97.9826699   3.2866587
  97.9827882   3.2868246
  97.9830035   3.2870923
  97.9830948   3.2872226
  97.9831813   3.287314
  97.9833489   3.2874507
  97.9834819   3.2875323
  97.9836426   3.2876139
  97.9837693   3.2877123
  97.9838191   3.2877674
  97.9839935   3.2880092
  97.9841035   3.2881974
  97.984219    3.2884698
  97.9842368   3.2886614
  97.9842643   3.2888432
  97.9842975   3.2889087
  97.9843612   3.2889945
  97.9845426   3.2891555
  97.9846506   3.2892608
  97.984706    3.2893271
  97.9847558   3.2893954
  97.9848451   3.2895438
  97.9848727   3.2896205
  97.9848851   3.2896797
  97.9849076   3.2900488
  97.9849166   3.2901053
  97.984974    3.2902251
  97.9850972   3.2903548
  97.9851588   3.2904378
  97.985259    3.29066
  97.985286    3.2907026
  97.9853386   3.2907535
  97.9853774   3.2907772
  97.9856643   3.2908471
  97.9858257   3.2908661
  97.9859372   3.2909108
  97.986055    3.2909708
  97.9861783   3.2910615
  97.9862406   3.2911194
  97.9863845   3.2912783
  97.9864676   3.2913536
  97.9866165   3.2914464
  97.9867849   3.2915176
  97.9868617   3.2915581
  97.9868943   3.2915957
  97.9869448   3.2916975
  97.986953    3.2917483
  97.9869556   3.2919134
  97.9869639   3.2919496
  97.986984    3.2919859
  97.9870352   3.2920305
  97.9870955   3.2920556
  97.9873546   3.2921297
  97.9873982   3.2921507
  97.9875263   3.2922407
  97.9876406   3.2922986
  97.9876912   3.292314
  97.9878991   3.2923518
  97.9879884   3.2923832
  97.9880376   3.2924042
  97.9881429   3.2924774
  97.9882031   3.2925381
  97.9882516   3.2926105
  97.9882903   3.2926858
  97.9884154   3.2930217
  97.9884872   3.2932711
  97.9885502   3.2933826
  97.9886609   3.293476
  97.9890024   3.2936603
  97.9892455   3.2937699
  97.9895454   3.2939324
  97.9899194   3.2941808
  97.9900711   3.2942708
  97.9901521   3.2943301
  97.9902761   3.2944451
  97.9904616   3.2945902
  97.9905704   3.2946488
  97.9907443   3.2947068
  97.9908094   3.2947159
  97.9908655   3.2947139
  97.9910285   3.29465
  97.9910798   3.2946368
  97.9912149   3.2946369
  97.9914013   3.2946504
  97.9914872   3.2946672
  97.9916597   3.2947558
  97.9917372   3.2948158
  97.9918134   3.2948883
  97.9919061   3.295027
  97.9920888   3.2953434
  97.9921947   3.2954382
  97.9924482   3.295529
  97.9930716   3.2958647
  97.9931277   3.2958891
  97.993258    3.2959234
  97.9933307   3.2959353
  97.9934194   3.2959472
  97.9937507   3.2959545
  97.9938214   3.2959671
  97.9939246   3.2960014
  97.9940797   3.2960976
  97.9941427   3.2961764
  97.9941815   3.2962357
  97.9942153   3.2963088
  97.9942478   3.2964217
  97.9942879   3.2964837
  97.9943378   3.296527
  97.9944244   3.2965758
  97.9944811   3.2966197
  97.9945911   3.296803
  97.9946528   3.2968595
  97.9947137   3.2969021
  97.9948308   3.2969628
  97.9950594   3.2970083
  97.9953227   3.2970406
  97.995715    3.2970431
  97.9958702   3.2970321
  97.9959548   3.2969953
  97.9960096   3.2969626
  97.9962231   3.2969133
  97.9965523   3.2969172
  97.9967622   3.2969745
  97.9969417   3.2969907
  97.9970664   3.2970166
  97.9972084   3.2970885
  97.9974695   3.2972594
  97.9977922   3.2974457
  97.9978677   3.2974583
  97.9979876   3.2974598
  97.9981033   3.2974815
  97.9982433   3.2975555
  97.9983666   3.2976016
  97.9989001   3.2976453
  97.9991156   3.297718
  97.9992015   3.2977591
  97.9992763   3.2978247
  97.9993574   3.29788
  97.9994798   3.2979451
  97.9998669   3.2981735
  97.9999964   3.2982753
  98.009854    3.3065481
  98.0154637   3.3131138
  98.0189557   3.3169151
  98.0204492   3.319794
  98.022563    3.3224216
  98.0231554   3.3231592
  98.0292549   3.3307542
  98.0283916   3.3316545
  98.0283712   3.3316908
  98.027662    3.3329516
  98.0266082   3.3342486
  98.0259597   3.3353024
  98.0250028   3.336961
  98.0247437   3.3374101
  98.0236899   3.3397609
  98.023631    3.3401928
  98.0234467   3.3415443
  98.0227982   3.3428413
  98.0222308   3.3435709
  98.0205284   3.3444626
  98.018745    3.3451922
  98.0180763   3.345638
  98.0172859   3.3461649
  98.0157457   3.3476241
  98.015354    3.3481529
  98.0141244   3.3498128
  98.013673    3.3510077
  98.0127463   3.3534607
  98.0119357   3.3556494
  98.0115208   3.3568019
  98.0112061   3.357676
  98.0103955   3.3593783
  98.0094227   3.3612428
  98.00935     3.3613518
  98.0084187   3.3627488
  98.0076393   3.3639179
  98.006504    3.3656208
  98.0063423   3.3658634
  98.0049642   3.3674036
  98.0045584   3.3678094
  98.0038552   3.3685126
  98.003424    3.3689438
  98.0013974   3.3699976
  97.9999383   3.3708083
  97.9986412   3.3718621
  97.9971821   3.3726727
  97.9956419   3.3729159
  97.9948621   3.3729159
  97.9946691   3.3729159
  97.9936964   3.3723485
  97.9928047   3.3709704
  97.9923183   3.370484
  97.9912645   3.370484
  97.9894      3.3706462
  97.9872923   3.3711325
  97.9868311   3.3711325
  97.9860795   3.3711325
  97.9858332   3.3711325
  97.9831581   3.3713757
  97.9814558   3.3713757
  97.9800385   3.3714348
  97.9798719   3.3714417
  97.9795197   3.3714564
  97.9778079   3.371781
  97.9758624   3.3729159
  97.9744032   3.3745372
  97.9730251   3.3759153
  97.9714039   3.3772934
  97.9686477   3.3790768
  97.9658696   3.3808199
  97.964708    3.3815487
  97.9645135   3.3816708
  97.9597307   3.3841838
  97.9554343   3.3864536
  97.9528823   3.3877967
  97.9523539   3.3880748
  97.9496788   3.389534
  97.948706    3.3900204
  97.948347    3.3907385
  97.9479765   3.3914795
  97.9475712   3.3942357
  97.9476404   3.3947117
  97.9478814   3.3963685
  97.9482197   3.3986942
  97.9495977   3.4026663
  97.9504894   3.404855
  97.9505869   3.4050791
  97.9507202   3.4053857
  97.9513001   3.4067195
  97.9516243   3.408665
  97.951138    3.4106105
  97.9511129   3.4107316
  97.9506516   3.4129614
  97.9502076   3.4141946
  97.949922    3.414988
  97.948625    3.4169335
  97.943599    3.4233375
  97.9405997   3.4273096
  97.9404662   3.4274791
  97.938492    3.4299847
  97.9357359   3.434119
  97.934601    3.4363077
  97.9345425   3.4364393
  97.9339525   3.4377668
  97.9335471   3.4394692
  97.9335471   3.4410398
  97.9335471   3.4422253
  97.9338714   3.4447383
  97.9343578   3.4465217
  97.9345729   3.4469059
  97.9354927   3.4485483
  97.9364654   3.4508181
  97.9376691   3.4520969
  97.9377625   3.4521962
  97.9393837   3.4535742
  97.9405186   3.4548713
  97.9414277   3.4564621
  97.9421399   3.4577085
  97.9439233   3.46087
  97.9459499   3.4633019
  97.9468416   3.4649232
  97.9479765   3.467274
  97.9485439   3.4696248
  97.9489492   3.4712461
  97.949922    3.4731106
  97.9509638   3.4740547
  97.952222    3.4751949
  97.952516    3.4754614
  97.9549479   3.4772448
  97.9566503   3.4789472
  97.9580689   3.4803252
  97.9590417   3.4813791
  97.9590968   3.48193
  97.9591227   3.4821897
  97.9588369   3.4831188
  97.9587985   3.4832435
  97.9576636   3.4831625
  97.9555559   3.4830814
  97.9555182   3.4830877
  97.9541721   3.4833121
  97.9536104   3.4834057
  97.9511785   3.4843784
  97.949314    3.4855133
  97.9481791   3.4869725
  97.9469632   3.4883505
  97.9460715   3.4893233
  97.9449366   3.4896476
  97.9432343   3.4897286
  97.940316    3.4903771
  97.9385326   3.4907825
  97.9368302   3.491431
  97.9343983   3.4918363
  97.9323717   3.4921605
  97.930183    3.4924848
  97.9274268   3.4938629
  97.926373    3.4948356
  97.9253192   3.4954841
  97.9235358   3.4962137
  97.9223198   3.4975918
  97.9221996   3.4976862
  97.9221521   3.4977236
  97.9211849   3.4984835
  97.9210337   3.4988077
  97.9206175   3.4996995
  97.9209418   3.5011586
  97.9226441   3.504158
  97.9236979   3.5083733
  97.923779    3.5101567
  97.9236979   3.5125075
  97.9229683   3.5142909
  97.9227422   3.5148112
  97.9221577   3.5161554
  97.921266    3.5185873
  97.9211783   3.5187866
  97.9203743   3.5206139
  97.9182667   3.5238564
  97.9164022   3.5262883
  97.9151052   3.528477
  97.913565    3.5313143
  97.9125214   3.5338331
  97.9123895   3.5341515
  97.9123895   3.5362592
  97.9127138   3.5382857
  97.9127949   3.5407177
  97.9123861   3.5432414
  97.9123419   3.543379
  97.91166     3.5455004
  97.9107683   3.5477702
  97.9103969   3.5485416
  97.9097144   3.5499589
  97.9085796   3.5520666
  97.906634    3.555228
  97.9046074   3.5567683
  97.9030672   3.5583895
  97.9010406   3.5595244
  97.8994194   3.5600919
  97.8981966   3.5602665
  97.897717    3.5603351
  97.8945555   3.5597676
  97.8924479   3.5592002
  97.8896107   3.5596865
  97.8895398   3.559709
  97.887831    3.5602508
  97.8862871   3.5607404
  97.882396    3.5625238
  97.8794777   3.5637397
  97.8767215   3.5652799
  97.875967    3.5656572
  97.8741275   3.566577
  97.8737758   3.5668063
  97.872263    3.5677929
  97.8710591   3.5686685
  97.8695879   3.5697384
  97.8681288   3.5711165
  97.8672371   3.5736295
  97.8669128   3.5766288
  97.8669128   3.5792229
  97.867075    3.5811684
  97.867156    3.5837624
  97.8669128   3.5863565
  97.8660211   3.5888695
  97.8648863   3.590896
  97.8648301   3.5910534
  97.8644934   3.5919962
  97.8640756   3.5931658
  97.8635892   3.5955977
  97.8635082   3.5974622
  97.8638324   3.599813
  97.8649673   3.6017586
  97.8675614   3.6039473
  97.8695069   3.6058928
  97.8706418   3.607352
  97.8716956   3.6092164
  97.8720199   3.611162
  97.8717767   3.6126211
  97.8705607   3.6139992
  97.8695069   3.6152962
  97.8675614   3.6169175
  97.8653726   3.6186198
  97.8643135   3.6192609
  97.8629559   3.6200826
  97.8622922   3.6204843
  97.8609952   3.6211328
  97.8588065   3.6221055
  97.8571852   3.6234836
  97.8555639   3.6253481
  97.8549585   3.6258425
  97.8537361   3.6268407
  97.8528483   3.6293202
  97.8532536   3.6317521
  97.8534968   3.634184
  97.8539021   3.6372644
  97.8542264   3.6387236
  97.8539832   3.6401017
  97.8531726   3.6422093
  97.8517945   3.6444791
  97.8501732   3.6472353
  97.8487951   3.6495051
  97.8477413   3.6512885
  97.8466875   3.6531529
  97.8459579   3.6552606
  97.8454715   3.6575304
  97.8451473   3.6591516
  97.8447419   3.6606108
  97.8438502   3.6620699
  97.8425532   3.6639344
  97.8409319   3.6656367
  97.8399592   3.6668527
  97.8389864   3.6679065
  97.8385      3.6686361
  97.837203    3.6691225
  97.8356628   3.6695278
  97.8325013   3.6705005
  97.8303937   3.6715544
  97.8288535   3.6729324
  97.8265026   3.6751212
  97.8249624   3.6777152
  97.8232601   3.6806335
  97.8221252   3.6826601
  97.8214767   3.6850109
  97.8214527   3.6850753
  97.8208512   3.6866949
  97.8204228   3.6878481
  97.8188016   3.6918203
  97.8150726   3.6968462
  97.8132892   3.6993592
  97.8111005   3.7019532
  97.8098035   3.7034124
  97.8086686   3.7051147
  97.8082191   3.7058754
  97.8076148   3.7068981
  97.806561    3.7085194
  97.8054261   3.7099785
  97.8044533   3.7113566
  97.8043722   3.7132211
  97.8042101   3.7152477
  97.8038859   3.7168689
  97.8021669   3.7205862
  97.8005015   3.7225557
  97.801221    3.7233123
  97.8038048   3.7260291
  97.8055071   3.7275693
  97.8063988   3.7285421
  97.8081822   3.7300012
  97.8098035   3.7312983
  97.8112627   3.7328385
  97.8127218   3.7338923
  97.8139378   3.7351893
  97.8152348   3.7364863
  97.8160454   3.7381076
  97.8179099   3.7425661
  97.8202607   3.744998
  97.8220441   3.7466193
  97.8237465   3.7484027
  97.8248048   3.7494503
  97.8251264   3.7497686
  97.8249144   3.7505666
  97.8258461   3.75075
  97.8278015   3.7534164
  97.8308008   3.7569022
  97.8342055   3.7602258
  97.8367185   3.7632251
  97.8385829   3.7651707
  97.8394746   3.7675215
  97.8416633   3.7690617
  97.8456355   3.7714936
  97.8473378   3.7729528
  97.8493644   3.7744119
  97.8517963   3.774493
  97.8544714   3.7748172
  97.8560116   3.7753036
  97.8573086   3.7772491
  97.859092    3.7816266
  97.8602269   3.783491
  97.8612807   3.7847881
  97.8635505   3.7854366
  97.866712    3.7863283
  97.8701167   3.7876253
  97.8723054   3.7892466
  97.8741699   3.7915974
  97.8758722   3.7933808
  97.8775745   3.7938672
  97.8800875   3.7945968
  97.8821952   3.7960559
  97.8835732   3.7984878
  97.8851135   3.8008387
  97.8881939   3.8023789
  97.8906258   3.8036759
  97.892166    3.8047297
  97.8933009   3.8060267
  97.8951653   3.8071616
  97.8963813   3.8083776
  97.8970298   3.8095935
  97.897234    3.8099456
  97.8993807   3.8136467
  97.9001102   3.8163218
  97.9005966   3.8175378
  97.9018936   3.8181863
  97.9040013   3.8179431
  97.9058657   3.8176999
  97.9075681   3.817862
  97.908703    3.8184295
  97.9093515   3.8198075
  97.9093515   3.8215909
  97.9095136   3.8232933
  97.9101621   3.8249956
  97.9115402   3.8273465
  97.912513    3.8290488
  97.9141342   3.8306701
  97.9152691   3.831886
  97.9157555   3.8329399
  97.9155123   3.8345611
  97.9153502   3.835696
  97.9158366   3.8367498
  97.9180253   3.8393439
  97.9197276   3.8414515
  97.9211057   3.8429917
  97.9219163   3.8446941
  97.9219163   3.84591
  97.9208625   3.8468828
  97.9194844   3.8474502
  97.9183495   3.8472881
  97.9172147   3.8481798
  97.9162419   3.8498822
  97.9149449   3.8519087
  97.9146206   3.854746
  97.9148638   3.8571779
  97.9153502   3.8600151
  97.9150715   3.8606654
  97.9146206   3.8617174
  97.9134047   3.8634198
  97.9121887   3.8650411
  97.9105674   3.8669866
  97.9091083   3.8679593
  97.908784    3.8689321
  97.9095947   3.8704723
  97.9095947   3.8720125
  97.9090272   3.8736338
  97.9090272   3.8754172
  97.9095136   3.8767142
  97.9095136   3.8780923
  97.9094754   3.8781632
  97.9092787   3.8785286
  97.9089462   3.8791461
  97.907406    3.8806053
  97.9057036   3.8816591
  97.9043255   3.882794
  97.9033528   3.8838478
  97.90238     3.8854691
  97.9015694   3.8883063
  97.90238     3.890495
  97.9021368   3.8926838
  97.9014072   3.8961695
  97.9013262   3.8992499
  97.9006777   3.9008712
  97.9006777   3.9030599
  97.901083    3.9046001
  97.901083    3.9060593
  97.9008398   3.9075995
  97.9001913   3.9093829
  97.9001733   3.9100464
  97.9004476   3.9106408
  97.9004582   3.9106444
  97.9004597   3.9106452
  97.9006203   3.9109053
  97.9020879   3.9109434
  97.9033661   3.9114245
  97.9053194   3.9122411
  97.9068496   3.9128582
  97.9098483   3.9130611
  97.9116578   3.9135881
  97.9132787   3.9141146
  97.9140893   3.9136727
  97.9187677   3.910341
  97.9220578   3.9080478
  97.9231569   3.9068024
  97.9263019   3.9047023
  97.9284487   3.9029819
  97.9328891   3.8963344
  97.9339394   3.8948519
  97.9345541   3.8944437
  97.9352734   3.8951408
  97.9359396   3.8959553
  97.9368921   3.8964352
  97.9385121   3.8967244
  97.9401828   3.8969632
  97.9421364   3.8974994
  97.9438844   3.8968232
  97.9454712   3.895396
  97.9462831   3.8942931
  97.9470472   3.8930017
  97.9485761   3.8897966
  97.9500681   3.8887805
  97.9511982   3.8889862
  97.9529935   3.8899126
  97.9533614   3.8901333
  97.9554366   3.8914828
  97.9571462   3.8926789
  97.9589634   3.8943093
  97.9608158   3.8965639
  97.9619213   3.8984377
  97.9634339   3.8987199
  97.9651005   3.898333
  97.9683434   3.897722
  97.9703432   3.8973355
  97.9735402   3.8974389
  97.9756833   3.8977309
  97.9767284   3.8973975
  97.9778267   3.8977788
  97.9797805   3.8981611
  97.9803571   3.8979718
  97.9811412   3.8975386
  97.9828322   3.8992683
  97.9841646   3.8997041
  97.9855953   3.9007551
  97.987117    3.9010464
  97.9885939   3.9011387
  97.9897827   3.9011401
  97.990837    3.9006167
  97.9937456   3.9009549
  97.9949332   3.9019152
  97.9970825   3.9045771
  97.9975504   3.9049304
  97.9987398   3.9044615
  98.000128    3.9034048
  98.000795    3.9029714
  98.0026052   3.9029736
  98.004416    3.9024511
  98.0065154   3.9016938
  98.0078031   3.901831
  98.0085583   3.9028902
  98.0085568   3.9041837
  98.0081767   3.9057572
  98.0081297   3.9074396
  98.0086499   3.9092584
  98.008216    3.9106871
  98.0075487   3.9114099
  98.0060251   3.9127016
  98.0055011   3.9140397
  98.005796    3.9160482
  98.006443    3.917243
  98.0069733   3.9181572
  98.0073955   3.9190623
  98.0078716   3.9201211
  98.0080596   3.9211254
  98.0095903   3.9214619
  98.0108786   3.9211288
  98.0119674   3.9218989
  98.0123983   3.9231387
  98.0122527   3.924432
  98.0119178   3.9258246
  98.0118178   3.9266386
  98.011772    3.9272537
  98.0123922   3.9283127
  98.0133633   3.9296617
  98.0132453   3.9304214
  98.0121453   3.9314693
  98.0112442   3.9318482
  98.0103333   3.9329054
  98.0102864   3.9345336
  98.0102842   3.9363517
  98.0109039   3.9378811
  98.0113798   3.9390305
  98.0130896   3.940326
  98.0140798   3.9406981
  98.0140877   3.941666
  98.0136641   3.9419549
  98.0129975   3.9420446
  98.0124204   3.9425776
  98.012897    3.9431933
  98.0137058   3.9447772
  98.0138039   3.9455914
  98.0129925   3.9462598
  98.0118482   3.9466384
  98.0109377   3.9473609
  98.0102699   3.9484637
  98.0098363   3.9495124
  98.0106461   3.9501828
  98.0116459   3.9501387
  98.0123207   3.9507094
  98.0126982   3.9514516
  98.0130758   3.9520038
  98.0136971   3.9521041
  98.0162724   3.952677
  98.0175598   3.9531127
  98.0181266   3.9536833
  98.0193145   3.9544535
  98.0196016   3.9554579
  98.0202586   3.9558296
  98.0213224   3.9550348
  98.0218909   3.9541219
  98.0227021   3.9535982
  98.0228908   3.9539784
  98.0240339   3.9546039
  98.0249439   3.9543607
  98.0258      3.9539818
  98.0263771   3.9533583
  98.0269898   3.9531239
  98.0277554   3.9531248
  98.0286385   3.9527368
  98.0292785   3.9523124
  98.0302881   3.951599
  98.031189    3.9513559
  98.0318102   3.9516008
  98.0321421   3.95275
  98.0329524   3.9530313
  98.0342401   3.9532771
  98.0356177   3.9536586
  98.0364736   3.9534244
  98.0366818   3.952502
  98.0353865   3.9510713
  98.0341891   3.95069
  98.033857    3.9496855
  98.0350557   3.9489633
  98.0361448   3.9495887
  98.0369543   3.9505485
  98.0378635   3.9509837
  98.0389622   3.9510302
  98.0394385   3.9519896
  98.0403829   3.9530943
  98.0411932   3.9533756
  98.0420139   3.9524087
  98.0424381   3.9517036
  98.0424389   3.9509348
  98.0431508   3.9507004
  98.043961    3.9509908
  98.0449149   3.9517517
  98.0458242   3.9520875
  98.0468247   3.9514192
  98.0474298   3.9499998
  98.0482496   3.9497927
  98.0483945   3.9490782
  98.0483514   3.94745
  98.0493524   3.9463475
  98.0514976   3.9448665
  98.0529127   3.9439636
  98.0533798   3.9437045
  98.0536796   3.9437759
  98.0540508   3.9438187
  98.054422    3.9438187
  98.054679    3.9439187
  98.0549074   3.9439758
  98.0551644   3.9441043
  98.0555213   3.9445468
  98.0556498   3.9447895
  98.0556355   3.9450037
  98.0554928   3.9453749
  98.05535     3.9456747
  98.0551501   3.9460173
  98.0547558   3.9465385
  98.0548095   3.9471384
  98.0552626   3.947507
  98.0555427   3.9476734
  98.0558568   3.9476806
  98.0561067   3.9475878
  98.0564636   3.9471452
  98.0566653   3.946861
  98.0569062   3.9465813
  98.0570632   3.9465027
  98.0572274   3.9464742
  98.0573773   3.9465027
  98.0575129   3.9466527
  98.0578484   3.9472523
  98.0581625   3.9475806
  98.0584766   3.9479947
  98.0586693   3.9481303
  98.0588835   3.9482945
  98.0591405   3.9484087
  98.0594617   3.9485158
  98.0598543   3.9486585
  98.0602184   3.9487728
  98.0608108   3.9489798
  98.0611535   3.9491939
  98.0615318   3.9494866
  98.0618459   3.9496936
  98.0623099   3.9499292
  98.0624741   3.9500434
  98.0625812   3.9502575
  98.0626454   3.9504717
  98.0625669   3.9506858
  98.0624527   3.9510499
  98.062367    3.9513854
  98.0623385   3.9516495
  98.0624098   3.9518137
  98.0625312   3.9518779
  98.0627239   3.951828
  98.0634966   3.9513506
  98.0635306   3.9511784
  98.063709    3.9505788
  98.0638375   3.9503503
  98.0639874   3.9501933
  98.0642944   3.9500791
  98.0645871   3.9500006
  98.0648869   3.9499577
  98.0652366   3.9499791
  98.0655079   3.9500791
  98.0656435   3.9503075
  98.0656721   3.950643
  98.0655579   3.9510142
  98.0655365   3.9515353
  98.0655793   3.9519636
  98.0656221   3.9532771
  98.0656507   3.9536768
  98.0657176   3.9540163
  98.066402    3.9545617
  98.0668571   3.9546833
  98.067578    3.9550046
  98.0680135   3.9552473
  98.0684132   3.95544
  98.0702335   3.9562395
  98.0720752   3.9567677
  98.0737028   3.9572103
  98.0743452   3.9573674
  98.0751304   3.9574959
  98.0757037   3.9574994
  98.0758015   3.9569962
  98.0754971   3.9566762
  98.0752875   3.956111
  98.0747021   3.9559111
  98.0743167   3.9557255
  98.073892    3.9553593
  98.0736516   3.9548992
  98.0734601   3.9535555
  98.0734164   3.9520748
  98.07356     3.9511713
  98.073974    3.9507858
  98.074488    3.9505288
  98.0750035   3.9504092
  98.0756853   3.9500803
  98.0764748   3.9497389
  98.0772741   3.9494092
  98.0776003   3.9493724
  98.0777145   3.9496008
  98.0777003   3.9500434
  98.0775004   3.9504289
  98.0769579   3.9509714
  98.0765438   3.9514425
  98.0764011   3.9519707
  98.0764439   3.9525418
  98.0765296   3.9528702
  98.0767723   3.9529701
  98.0771582   3.95287
  98.0776289   3.9526989
  98.0780001   3.9527274
  98.0786568   3.9528845
  98.0794706   3.95317
  98.080113    3.953427
  98.0806556   3.9535697
  98.0811838   3.9536269
  98.0818262   3.9537268
  98.0822688   3.9538267
  98.0826543   3.9538981
  98.082897    3.9540552
  98.0830826   3.9544977
  98.0830112   3.9548832
  98.0828542   3.9553543
  98.08274     3.9557255
  98.08264     3.9559111
  98.082271    3.9562621
  98.0816121   3.9569676
  98.0810553   3.9574816
  98.0805556   3.9577671
  98.0800274   3.9579813
  98.0797133   3.958638
  98.0792279   3.9597801
  98.0792279   3.9600942
  98.0794135   3.9603084
  98.0797704   3.9605511
  98.0802653   3.9609699
  98.0804842   3.9613982
  98.0807006   3.9619252
  98.0810553   3.9623404
  98.0815502   3.9625308
  98.0825972   3.9626545
  98.0832914   3.9628236
  98.0839197   3.9629602
  98.0844811   3.9632249
  98.085282    3.9633956
  98.0864076   3.9636863
  98.0871819   3.9639766
  98.0874067   3.9642754
  98.0876226   3.9645832
  98.0879193   3.9650358
  98.088009    3.9654158
  98.0879634   3.9659133
  98.0878339   3.9668464
  98.0883645   3.9676398
  98.0891289   3.9686538
  98.0893808   3.9689254
  98.0896149   3.9690342
  98.0899931   3.9691703
  98.0904344   3.969198
  98.0907947   3.969135
  98.0910922   3.9689454
  98.0912997   3.9686381
  98.0915703   3.9682042
  98.0916877   3.9679872
  98.092102    3.9680329
  98.0924192   3.9678463
  98.0930137   3.9678469
  98.0933559   3.9679287
  98.0935989   3.9680737
  98.0937067   3.9683361
  98.0937875   3.9685805
  98.0938052   3.9688428
  98.093805    3.9690056
  98.0936333   3.9695753
  98.0933537   3.9699369
  98.0926323   3.9706597
  98.0923798   3.970967
  98.0921723   3.9712381
  98.092028    3.9714641
  98.0907862   3.9720047
  98.0907031   3.9721711
  98.0905858   3.9724333
  98.0906036   3.9726052
  98.0907832   3.9730939
  98.091161    3.9735737
  98.0916198   3.9740717
  98.0915925   3.9742617
  98.0923116   3.9756284
  98.0920324   3.9756461
  98.0920945   3.9764603
  98.0923828   3.9763973
  98.0924095   3.9767592
  98.0924362   3.9769944
  98.0925439   3.9773744
  98.0922646   3.9774917
  98.0924983   3.97789
  98.0928408   3.9776914
  98.0934708   3.9781624
  98.0936237   3.9783254
  98.0936956   3.9785245
  98.0937404   3.9786964
  98.0937583   3.978796
  98.095816    3.9797405
  98.0949292   3.9798137
  98.0945946   3.9807228
  98.0952611   3.9814416
  98.0953551   3.9826862
  98.0957348   3.9840748
  98.0950249   3.9845301
  98.0941609   3.9850304
  98.0935407   3.9855563
  98.0933487   3.9868006
  98.0930616   3.9878055
  98.0932513   3.9887152
  98.0929649   3.9890978
  98.092059    3.9893361
  98.0912961   3.9896225
  98.0907705   3.9907707
  98.089674    3.990961
  98.0886739   3.9902419
  98.0879341   3.990098
  98.0871958   3.990671
  98.0871949   3.9915326
  98.0866699   3.9921543
  98.0859538   3.9931587
  98.0859528   3.9940682
  98.087144    3.9944046
  98.0878583   3.9950277
  98.0877147   3.9956019
  98.0865223   3.9962707
  98.086474    3.9968451
  98.0867599   3.996989
  98.087713    3.9970858
  98.0879983   3.9977562
  98.0875209   3.9984258
  98.0873291   3.9994787
  98.0867565   4.0000046
  98.0859468   3.999525
  98.0851264   3.9995207
  98.0849438   4.0013429
  98.0845144   4.0017253
  98.0836559   4.002203
  98.0833215   4.0029206
  98.0825573   4.0043079
  98.0816037   4.0045941
  98.08022     4.0058371
  98.0796958   4.0057407
  98.0790755   4.0063623
  98.0778359   4.0066481
  98.0769886   4.0075632
  98.0755954   4.0068849
  98.0734026   4.0070739
  98.0733082   4.0062122
  98.0732613   4.0055898
  98.0725459   4.005972
  98.0714963   4.0067845
  98.069446    4.0074523
  98.0686825   4.0082173
  98.0680608   4.0100355
  98.0669637   4.0108002
  98.0654244   4.0116559
  98.0644826   4.0130471
  98.0638145   4.0137164
  98.0627179   4.0139545
  98.0606692   4.0131863
  98.0585249   4.0126573
  98.0563792   4.0133728
  98.0538602   4.0149871
  98.0458652   4.0226966
  98.0462571   4.0241272
  98.0465466   4.0251844
  98.0465919   4.0271469
  98.0468196   4.0282047
  98.047066    4.0293494
  98.0481123   4.031361
  98.047626    4.0331186
  98.0455823   4.0345651
  98.0423861   4.036811
  98.0406196   4.0392022
  98.040236    4.0411643
  98.0415687   4.0428412
  98.0422819   4.0443738
  98.0418678   4.046396
  98.0421343   4.0482987
  98.042942    4.0505015
  98.0438189   4.0557235
  98.0438814   4.0623734
  98.0449089   4.0644211
  98.0451419   4.0674189
  98.043695    4.071365
  98.0453839   4.0740831
  98.0452958   4.0756341
  98.0444489   4.0803711
  98.0450482   4.0834361
  98.0451426   4.0842985
  98.045284    4.0855903
  98.0452161   4.0882261
  98.045231    4.0901376
  98.0455628   4.0917654
  98.0465603   4.0947343
  98.047665    4.0975161
  98.0486519   4.0997149
  98.0505555   4.1023499
  98.0524588   4.1053677
  98.0526104   4.1077629
  98.0527573   4.1092359
  98.0528346   4.1100112
  98.0525468   4.1115904
  98.0520469   4.114095
  98.0569619   4.1270566
  98.0570209   4.129311
  98.0570045   4.1313646
  98.0569539   4.1338536
  98.0573577   4.1347497
  98.0582872   4.1350997
  98.0607652   4.1359164
  98.0629571   4.1367327
  98.0642433   4.1375959
  98.0653226   4.1389147
  98.0653864   4.1389586
  98.0671006   4.1401362
  98.0691383   4.1413609
  98.0725791   4.1433976
  98.0748177   4.1451712
  98.0748267   4.1452317
  98.0751378   4.1473081
  98.0740509   4.1486247
  98.0724757   4.1502982
  98.0713765   4.1526424
  98.0710877   4.1550354
  98.0718479   4.1571903
  98.0722151   4.1584978
  98.0722974   4.1587913
  98.0723939   4.1591348
  98.0724164   4.1603023
  98.0716049   4.1611629
  98.070172    4.1635067
  98.0692148   4.1666169
  98.0679717   4.1697268
  98.0669202   4.1719752
  98.0658211   4.1741758
  98.0642569   4.176758
  98.0640537   4.1770935
  98.0631272   4.1796638
  98.0625673   4.1812169
  98.0616722   4.1837001
  98.0619941   4.1851327
  98.0625177   4.1858513
  98.0639947   4.186571
  98.0657105   4.1870518
  98.0689442   4.1871162
  98.0714302   4.1881595
  98.0723564   4.1889751
  98.0729542   4.1895016
  98.0746688   4.1909396
  98.0762618   4.1911739
  98.0804117   4.1885837
  98.0821856   4.1882986
  98.0849815   4.1883956
  98.0875616   4.1897983
  98.0894474   4.1916386
  98.091189    4.1935758
  98.0916186   4.1940536
  98.0917892   4.1950303
  98.0911013   4.1961783
  98.0909287   4.1969823
  98.0914423   4.1981317
  98.0914404   4.19974
  98.091324    4.2015205
  98.0915509   4.2031291
  98.0928648   4.2049113
  98.0944075   4.2065789
  98.094637    4.2079322
  98.0947485   4.2085897
  98.0939455   4.2103694
  98.0921975   4.2134406
  98.0923286   4.2150585
  98.0928008   4.2189482
  98.0925549   4.2254099
  98.0917766   4.2284605
  98.0891681   4.2292776
  98.0865896   4.2301896
  98.08486     4.2312646
  98.0827357   4.2328601
  98.0827126   4.2328775
  98.0793742   4.2337112
  98.076751    4.2344859
  98.0751399   4.2360995
  98.0735876   4.2384311
  98.0728701   4.2404048
  98.0719144   4.2421986
  98.0695436   4.2452484
  98.0701203   4.2473421
  98.0708935   4.2486594
  98.0720238   4.2503959
  98.0743468   4.2514757
  98.0787551   4.2532162
  98.0836404   4.2547178
  98.0866791   4.2554394
  98.0881356   4.2545837
  98.0890052   4.2540062
  98.0915688   4.2532912
  98.0924627   4.2533521
  98.0944281   4.2545511
  98.0959777   4.2545529
  98.0966136   4.2544393
  98.0986071   4.2541189
  98.0992158   4.2541169
  98.0998351   4.2540196
  98.1024658   4.25353
  98.1051839   4.252542
  98.10652     4.2522782
  98.107295    4.2520996
  98.1079501   4.2525192
  98.1127045   4.2548557
  98.1129631   4.2549915
  98.1150485   4.2555324
  98.1195782   4.255418
  98.1221939   4.2558256
  98.1243759   4.2559393
  98.1263296   4.256041
  98.1266108   4.2560556
  98.1311114   4.2566115
  98.1353872   4.2579706
  98.1380505   4.2587896
  98.1391677   4.2581653
  98.143771    4.2597653
  98.145165    4.2603772
  98.1455095   4.2605815
  98.1471663   4.2615641
  98.1481118   4.2643091
  98.1483468   4.2644268
  98.1484478   4.2644773
  98.1503805   4.265445
  98.1518877   4.266283
  98.1518452   4.2668108
  98.1508069   4.2678867
  98.1501618   4.2691425
  98.1502684   4.2698247
  98.1510178   4.2712257
  98.1515035   4.2713836
  98.152126    4.2715859
  98.1526497   4.2719922
  98.1531146   4.2723529
  98.1536132   4.273558
  98.153709    4.2737896
  98.1532904   4.2750456
  98.1530543   4.2761237
  98.1530079   4.2763351
  98.1528711   4.2769599
  98.152777    4.2776854
  98.1526676   4.2785292
  98.1526306   4.2788145
  98.1523891   4.2816264
  98.1524387   4.2818889
  98.1527376   4.2834719
  98.1534737   4.2873701
  98.1536092   4.2880877
  98.1536327   4.2882118
  98.1547406   4.2891298
  98.1567214   4.2891948
  98.1638542   4.288953
  98.1649733   4.2889151
  98.173143    4.2897256
  98.1735302   4.2897641
  98.1741928   4.2898298
  98.1749549   4.2900014
  98.1759016   4.2902146
  98.1773003   4.2905296
  98.1781938   4.2907308
  98.18521     4.2923108
  98.1875197   4.2928309
  98.1889135   4.2930945
  98.1909399   4.2932762
  98.1923104   4.2936367
  98.1930849   4.2939367
  98.1939781   4.2947753
  98.1940957   4.2963311
  98.1943331   4.2972887
  98.1949288   4.2975886
  98.196003    4.2963332
  98.197554    4.2951381
  98.1983882   4.2953185
  98.1986258   4.2961564
  98.1983853   4.2981307
  98.1980264   4.299327
  98.1982028   4.3016608
  98.1987923   4.3025467
  98.1993942   4.3023202
  98.1999317   4.3013036
  98.2008282   4.2990308
  98.2019615   4.2981943
  98.204644    4.2978979
  98.2060741   4.2983183
  98.2078617   4.2987988
  98.2095305   4.2989801
  98.2114381   4.2986829
  98.2117367   4.2981447
  98.2112013   4.2971269
  98.2103085   4.2959293
  98.2102502   4.2946727
  98.2114446   4.2924002
  98.2128185   4.2894696
  98.2138335   4.2877953
  98.2146088   4.2873174
  98.2156217   4.2876775
  98.2159784   4.2885754
  98.2166331   4.2895334
  98.217288    4.2902521
  98.2181817   4.290612
  98.2188972   4.2903136
  98.2200311   4.2889385
  98.220747    4.2882811
  98.2216411   4.2882222
  98.2225947   4.288283
  98.2243217   4.2898404
  98.2259894   4.2910388
  98.2284317   4.2924774
  98.2298032   4.2919402
  98.2301616   4.2911627
  98.2294513   4.2861957
  98.2298692   4.2854781
  98.2337451   4.2838664
  98.235176    4.2835088
  98.2368451   4.2832711
  98.237858    4.2836312
  98.2383936   4.2845292
  98.2383314   4.2871021
  98.2387473   4.2884788
  98.2395204   4.2902148
  98.2412473   4.2918919
  98.2420809   4.2927902
  98.2426762   4.2935089
  98.2438678   4.2939887
  98.2450551   4.2939549
  98.2458944   4.2939309
  98.2478023   4.2933943
  98.251918    4.2904065
  98.2530151   4.2899171
  98.2559921   4.2857447
  98.2626701   4.2842946
  98.2858233   4.2788263
  98.4393658   4.2824719
  98.6866758   4.4395487
  98.8733374   4.339713
  99.1885296   4.1711029
  99.59009     3.9562386
  99.594786    3.9537255
  99.5975744   3.9521998
  99.6003382   3.9506296
  99.6030768   3.9490154
  99.6057894   3.9473575
  99.6084754   3.9456564
  99.611134    3.9439125
  99.6137647   3.9421263
  99.6163666   3.9402982
  99.6189393   3.9384287
  99.6214819   3.9365182
  99.929421    3.7005771
  100.3743678  3.3595516
  100.5496202  3.2269013
  100.3235019  2.5475426
  100.322974   2.5457095
  100.3219432  2.5476831
  100.321266   2.5448577
  100.3197209  2.5384116
  100.3180284  2.5297765
  100.31694    2.5263493
  100.3162118  2.5236469
  100.3158822  2.5226651
  100.3156196  2.5156693
  100.3153685  2.5148239
  100.3142174  2.5109475
  100.3139405  2.5100147
  100.3124429  2.5076102
  100.3124128  2.5075618
  100.3105707  2.5023472
  100.308908   2.4977167
  100.3086203  2.4969154
  100.307582   2.4930518
  100.307102   2.4912657
  100.3070944  2.4835497
  100.3071295  2.4813018
  100.3071493  2.4800277
  100.3060909  2.4752418
  100.3053154  2.4735672
  100.3043819  2.4715514
  100.3041102  2.4709648
  100.3041565  2.4709846
  100.3041833  2.4708915
  100.3028185  2.4678014
  100.301921   2.4654763
  100.3006497  2.4621762
  100.3001261  2.4607511
  100.2999952  2.4595771
  100.2999011  2.4595508
  100.2997181  2.4573681
  100.2997498  2.4573745
  100.2996565  2.4566325
  100.299164   2.4527147
  100.299622   2.4462161
  100.2996315  2.4460802
  100.2994837  2.4456053
  100.2967794  2.4369198
  100.2967598  2.4367878
  100.2958323  2.4305403
  100.2958345  2.4305418
  100.2958343  2.4305412
  100.2958254  2.4304519
  100.2958271  2.4304488
  100.2957931  2.4302462
  100.2954526  2.428214
  100.2954461  2.4213313
  100.2961613  2.4051602
  100.2980289  2.3803225
  100.2980301  2.3803227
  100.2980307  2.3803169
  100.2980305  2.3803169
  100.2990826  2.3619435
  100.2993963  2.3564661
  100.3015565  2.352837
  100.3017931  2.3509183
  100.3019144  2.349935
  100.3008236  2.340143
  100.3018931  2.3364727
  100.3026208  2.3339753
  100.3069378  2.3230901
  100.3112705  2.3138386
  100.3130555  2.310027
  100.3141807  2.3063935
  100.3143669  2.3057923
  100.3148531  2.3042221
  100.3149842  2.3034645
  100.3173638  2.2897116
  100.3206062  2.2868069
  100.3278076  2.2759192
  100.3327671  2.2656052
  100.3335656  2.2639447
  100.3353588  2.2534246
  100.3371586  2.2501587
  100.3382186  2.2485561
  100.3429195  2.2414485
  100.3497482  2.2309427
  100.349935   2.2306446
  100.3499827  2.2305916
  100.3524491  2.2258341
  100.354338   2.2221905
  100.3560039  2.2189771
  100.3593575  2.2117306
  100.3651169  2.2107595
  100.3650612  2.2102323
  100.3644527  2.2044678
  100.3641485  2.2015854
  100.3636549  2.1866161
  100.3632773  2.1769669
  100.3631636  2.1740614
  100.3635885  2.1688749
  100.3367056  2.1222347
  100.3304646  2.0959393
  100.327483   2.0865545
  100.3266053  2.0837916
  100.3222599  2.0714692
  100.3155396  2.0524122
  100.315814   2.033769
  100.3159264  2.0261359
  100.3159945  2.021506
  100.3161726  2.0124626
  100.3164557  1.9980848
  100.3163225  1.997019
  100.3154897  1.9903591
  100.3147047  1.9774991
  100.3145955  1.9757107
  100.3146174  1.97571
  100.3146298  1.9752756
  100.3145931  1.975275
  100.3144466  1.9675779
  100.3141318  1.9675782
  100.3140781  1.9660524
  100.3140286  1.9646433
  100.3135899  1.9521689
  100.3135101  1.9498994
  100.3133031  1.9440113
  100.3133075  1.9415733
  100.313322   1.9334187
  100.3133535  1.9334186
  100.3134414  1.9286283
  100.3134426  1.9286257
  100.3134642  1.9275787
  100.3137744  1.9216242
  100.3142232  1.9130109
  100.3144002  1.9096131
  100.3107838  1.8996779
  100.3110777  1.8942816
  100.3111585  1.8927975
  100.3056254  1.8832452
  100.3050725  1.8822907
  100.2984231  1.8801934
  100.2980642  1.8799161
  100.2921767  1.8788761
  100.289267   1.8767899
  100.2884768  1.8733854
  100.2864509  1.8721754
  100.2849617  1.8700463
  100.2821079  1.8659663
  100.2815073  1.8651077
  100.2803945  1.8474838
  100.2803101  1.8474856
  100.2799811  1.8423307
  100.2803838  1.838906
  100.2802503  1.8389145
  100.281297   1.8339601
  100.2788475  1.8244812
  100.2787247  1.823327
  100.2776766  1.8134798
  100.2842979  1.8007171
  100.2871171  1.7977343
  100.2875761  1.7972486
  100.2889472  1.795798
  100.2961558  1.7912281
  100.2999631  1.7905428
  100.3163925  1.7875852
  100.3305811  1.7846489
  100.3375714  1.7838736
  100.3465151  1.7828816
  100.3534448  1.7822259
  100.3537501  1.7821453
  100.35384    1.7788733
  100.3536064  1.7774924
  100.3537317  1.7774898
  100.3539355  1.7774855
  100.353963   1.7774842
  100.3539137  1.7773063
  100.3539248  1.7770813
  100.3528228  1.7654501
  100.3523447  1.7496769
  100.3523362  1.7377811
  100.3514801  1.7357559
  100.3513365  1.7354162
  100.3461149  1.7230637
  100.3413477  1.7151505
  100.3414435  1.7151501
  100.3414434  1.7151486
  100.3414433  1.7151486
  100.3412506  1.7148581
  100.3396675  1.7124722
  100.3383284  1.7104539
  100.3286148  1.6988303
  100.3190515  1.6900395
  100.3203046  1.6804957
  100.3306755  1.6785502
  100.3427521  1.6791383
  100.3431966  1.679138
  100.3689702  1.6670052
  100.3829018  1.672065
  100.3892374  1.6744835
  100.389284   1.6742277
  100.3893811  1.6741166
  100.3894578  1.6741128
  100.3895644  1.6741992
  100.3897841  1.6745204
  100.390118   1.674624
  100.3904097  1.6746313
  100.390877   1.6745106
  100.3912002  1.6743109
  100.391877   1.6742841
  100.3922816  1.6741489
  100.3928843  1.6740964
  100.3930672  1.6740307
  100.3938806  1.6733211
  100.3942563  1.6729577
  100.3943256  1.6728401
  100.3943019  1.6727322
  100.3938933  1.6726817
  100.3936266  1.6724343
  100.3935396  1.6721439
  100.3935978  1.6719042
  100.393891   1.6716404
  100.3941985  1.6714974
  100.3943495  1.6715242
  100.3948419  1.6719112
  100.3949933  1.671927
  100.395058   1.6718841
  100.3954077  1.6713441
  100.3956425  1.6708868
  100.3959277  1.6705406
  100.396383   1.6701681
  100.396948   1.6698582
  100.3976442  1.6692227
  100.3976888  1.6690587
  100.397628   1.6685799
  100.3976752  1.6684
  100.3977382  1.6683364
  100.3991965  1.6673734
  100.3995176  1.6669312
  100.3996439  1.6668854
  100.3999004  1.6669161
  100.4000604  1.6667599
  100.4005657  1.6665633
  100.4009486  1.6666815
  100.4010024  1.6664123
  100.4010612  1.6663641
  100.4011974  1.6663579
  100.4013299  1.6664195
  100.4016491  1.6667292
  100.4017718  1.6667562
  100.402104   1.666393
  100.4023542  1.6662521
  100.4025063  1.666252
  100.4029346  1.6663591
  100.4033408  1.6665391
  100.4036059  1.6667105
  100.4044309  1.6675296
  100.4045131  1.6675259
  100.4046136  1.667311
  100.4046884  1.6672813
  100.4048799  1.6674009
  100.4050823  1.6674057
  100.4053105  1.667487
  100.4053475  1.6676907
  100.4051846  1.668034
  100.4054729  1.6681412
  100.405526   1.6685708
  100.405612   1.6686978
  100.4061423  1.6690702
  100.4064701  1.6693984
  100.4067041  1.6697762
  100.4070625  1.670013
  100.4071375  1.6701648
  100.4071573  1.6704672
  100.407318   1.670498
  100.4076418  1.6703817
  100.4080664  1.6705555
  100.4085511  1.6706563
  100.4087058  1.6707797
  100.4087267  1.6709105
  100.4086789  1.6709748
  100.4084017  1.670954
  100.4083391  1.6710034
  100.4083973  1.6716602
  100.408206   1.67188
  100.4082208  1.6719862
  100.4085241  1.6722749
  100.4085315  1.6723761
  100.4084078  1.6726787
  100.4083711  1.6728849
  100.4083933  1.6730367
  100.4085647  1.6732169
  100.4087276  1.6732313
  100.4092305  1.6730573
  100.4094916  1.6730644
  100.4104164  1.6734373
  100.4113483  1.6736126
  100.4116357  1.6736244
  100.4116692  1.6735401
  100.4116069  1.6734557
  100.4116331  1.6733232
  100.411942   1.6732096
  100.412045   1.67313
  100.4120591  1.672836
  100.4121883  1.6726503
  100.4129832  1.6721483
  100.4133111  1.6717721
  100.4135168  1.6713453
  100.4136987  1.671215
  100.4142184  1.6710821
  100.4143548  1.6709831
  100.4143954  1.6707565
  100.4142585  1.670224
  100.4142245  1.6695684
  100.4143823  1.6691199
  100.4143245  1.6687825
  100.414667   1.6686593
  100.4147627  1.6685821
  100.4149134  1.6682253
  100.4148869  1.6681075
  100.414736   1.6681052
  100.4144872  1.6684693
  100.4143578  1.6684863
  100.4145344  1.6675389
  100.4145775  1.6674786
  100.4146805  1.667452
  100.4152338  1.6674395
  100.4153055  1.6673479
  100.415346   1.6669791
  100.4154608  1.6666946
  100.4159253  1.6664821
  100.4162436  1.6661396
  100.4167055  1.665515
  100.4169593  1.6653798
  100.4175963  1.6651962
  100.4176776  1.6650395
  100.4177635  1.6645356
  100.4177608  1.6641572
  100.4176289  1.6640103
  100.4173797  1.6638755
  100.4173076  1.6634875
  100.4173217  1.6630753
  100.4173861  1.6627523
  100.4176419  1.662
  100.4176179  1.6616074
  100.4174597  1.6614125
  100.4169279  1.6610644
  100.4163654  1.6604564
  100.4162924  1.6602792
  100.416295   1.6596494
  100.4164648  1.6591632
  100.4165071  1.6589095
  100.4160597  1.6576748
  100.416196   1.6571366
  100.4166145  1.6561672
  100.4167325  1.655406
  100.4166047  1.655134
  100.4167077  1.6547334
  100.4164614  1.6544799
  100.4164061  1.6534955
  100.4162387  1.6531044
  100.4155578  1.652524
  100.4151383  1.652078
  100.4147097  1.6517298
  100.4145607  1.6515251
  100.4145391  1.6511307
  100.4146299  1.6506354
  100.4146749  1.6498253
  100.414629   1.649327
  100.4144191  1.6489756
  100.4142033  1.6487648
  100.4131816  1.6474113
  100.4128381  1.6470845
  100.4127895  1.6469867
  100.4126943  1.6455408
  100.4127088  1.6445594
  100.4125437  1.64308
  100.4124188  1.6426276
  100.4124339  1.6424839
  100.4125795  1.6422331
  100.4125703  1.6420589
  100.4124334  1.6418328
  100.4117831  1.6414297
  100.4116493  1.6412983
  100.411524   1.6402101
  100.4114054  1.639987
  100.4112899  1.6399046
  100.4109557  1.6398742
  100.4108068  1.639801
  100.4104144  1.6391532
  100.4102199  1.6389882
  100.4100862  1.6389608
  100.4099891  1.6390067
  100.4099952  1.6393251
  100.4099132  1.6393649
  100.409813   1.6393161
  100.409518   1.6388975
  100.4095179  1.638763
  100.4096393  1.6386253
  100.4096058  1.6384908
  100.4092318  1.6379928
  100.4090525  1.6378492
  100.4087175  1.6367214
  100.4085441  1.6363486
  100.4082099  1.6362479
  100.4081065  1.6361166
  100.4080364  1.6358017
  100.4077718  1.635377
  100.4077322  1.6352486
  100.4077777  1.6350835
  100.4091437  1.6336121
  100.4093895  1.6332971
  100.4094289  1.6330678
  100.4094014  1.6329333
  100.4092463  1.6326766
  100.4092036  1.6324229
  100.4094927  1.6318452
  100.4097213  1.6317286
  100.4097607  1.6316677
  100.4098015  1.6313918
  100.4097864  1.6308053
  100.4091731  1.6297078
  100.4091572  1.6294618
  100.4092963  1.6291284
  100.4093014  1.6290067
  100.4090958  1.6282211
  100.4090851  1.6279063
  100.4091872  1.6273427
  100.4091529  1.6270464
  100.4090897  1.6269883
  100.4089925  1.6269884
  100.4087428  1.6271843
  100.4086692  1.627187
  100.4086455  1.6271262
  100.4086533  1.6269701
  100.4087741  1.6267769
  100.4088239  1.6266022
  100.4087634  1.6264779
  100.4085661  1.6262691
  100.4085634  1.6261527
  100.4089339  1.6259857
  100.4090469  1.6258428
  100.4090625  1.6257105
  100.4090441  1.6256709
  100.408684   1.6256737
  100.4086102  1.6254886
  100.4084419  1.6253168
  100.4084497  1.6252348
  100.4086599  1.6251473
  100.4087493  1.6250494
  100.4087885  1.6248456
  100.4087648  1.6247134
  100.4086386  1.6246923
  100.4082864  1.6247825
  100.4082416  1.6247005
  100.4084912  1.6244464
  100.4089669  1.6243138
  100.4090458  1.6242476
  100.4091533  1.6238268
  100.4094842  1.6233372
  100.4095576  1.6230514
  100.409986   1.6229453
  100.410233   1.6228076
  100.4106747  1.6228443
  100.4107219  1.622712
  100.4106298  1.6226142
  100.4106298  1.6225348
  100.4106797  1.6224898
  100.4110424  1.6224102
  100.4112132  1.6222725
  100.4116496  1.6222828
  100.4119045  1.62219
  100.412613   1.6224051
  100.4129411  1.6224507
  100.4130418  1.6225374
  100.4130947  1.6228194
  100.4132312  1.6228313
  100.4133078  1.6227517
  100.4133771  1.622501
  100.4133502  1.6217201
  100.4137285  1.6215463
  100.4138649  1.621269
  100.4141042  1.6209796
  100.4143506  1.620762
  100.4147457  1.6206746
  100.4147466  1.620382
  100.4150195  1.6201897
  100.4152571  1.6202442
  100.4155636  1.620502
  100.4157035  1.6204975
  100.4158032  1.6203164
  100.4158306  1.6198104
  100.4164561  1.6190381
  100.4165793  1.6190258
  100.4168702  1.619192
  100.4169634  1.6191149
  100.4170242  1.6187674
  100.4174293  1.6186957
  100.4176124  1.6185849
  100.4177199  1.6183771
  100.4177239  1.6177226
  100.4180167  1.6174654
  100.4179656  1.6173381
  100.4177668  1.6171841
  100.4177567  1.6170691
  100.4178521  1.617021
  100.4182839  1.616976
  100.418387   1.6168553
  100.4183969  1.6166833
  100.4179146  1.6159073
  100.4175805  1.615807
  100.4175416  1.6157155
  100.4175613  1.6153312
  100.4171258  1.614811
  100.4170924  1.6146144
  100.4171455  1.6144535
  100.4172643  1.6143753
  100.4174529  1.6143316
  100.4174939  1.6142589
  100.4174783  1.6141372
  100.4171763  1.6140235
  100.4170708  1.6139364
  100.4170441  1.6138594
  100.4170729  1.6137409
  100.4173558  1.6135274
  100.4174057  1.6134291
  100.4174231  1.6129231
  100.4173097  1.6126997
  100.4171787  1.6126887
  100.416908   1.6128195
  100.4168136  1.6127738
  100.4168457  1.6126219
  100.4169244  1.6125369
  100.4172274  1.6123703
  100.4172672  1.6122574
  100.4171627  1.6119894
  100.4168585  1.6118433
  100.4167907  1.6117641
  100.4167706  1.6116345
  100.4168139  1.6115998
  100.4172645  1.6115828
  100.4175874  1.6113469
  100.4178304  1.611254
  100.4179102  1.6110976
  100.4180085  1.6104172
  100.4180939  1.6103613
  100.4189274  1.6101586
  100.4190183  1.6100446
  100.4190724  1.6095486
  100.4195706  1.6093461
  100.4195561  1.6092288
  100.4193984  1.6091094
  100.419406   1.6089541
  100.4199886  1.6086912
  100.4207674  1.6081981
  100.4209028  1.6080695
  100.4210014  1.6077958
  100.4209468  1.6074742
  100.4206646  1.6072018
  100.420732   1.6066343
  100.4206185  1.606325
  100.4205308  1.6062223
  100.4203276  1.606123
  100.4200932  1.6058127
  100.4197334  1.6055873
  100.4196023  1.6054422
  100.419652   1.6050914
  100.4195897  1.60482
  100.4196472  1.6044983
  100.4194216  1.6041254
  100.419406   1.6040271
  100.4195955  1.6036539
  100.4195408  1.6032194
  100.4193752  1.6028967
  100.4188988  1.602515
  100.418721   1.6022259
  100.4184895  1.6013447
  100.4184192  1.6007438
  100.4183192  1.6005462
  100.4182214  1.600448
  100.4180005  1.6003677
  100.4171813  1.6002376
  100.4165727  1.5998448
  100.4159963  1.5993481
  100.4159696  1.5991896
  100.4161182  1.5989872
  100.4161275  1.5989015
  100.4160844  1.5988593
  100.4158451  1.5988566
  100.4155899  1.5987514
  100.415074   1.5987762
  100.4148758  1.5987077
  100.4147495  1.5986137
  100.4146606  1.5985056
  100.414564   1.5980316
  100.4139279  1.5969092
  100.4139065  1.5967462
  100.4139701  1.5964203
  100.4139422  1.5962458
  100.4138587  1.5961981
  100.4135496  1.5961703
  100.4133941  1.5960799
  100.4130534  1.5954168
  100.412857   1.5951437
  100.4125395  1.5949381
  100.4121435  1.5947771
  100.4120126  1.5946685
  100.4119994  1.5944331
  100.412148   1.5941384
  100.4121116  1.593503
  100.412015   1.5934422
  100.4117173  1.5934259
  100.4116764  1.5933766
  100.4116009  1.5930491
  100.4113569  1.5925751
  100.4113089  1.5917241
  100.4110681  1.5912799
  100.411086   1.5910873
  100.4113263  1.5909291
  100.411359   1.5908533
  100.4114223  1.5901323
  100.4115611  1.5897602
  100.4115462  1.5896005
  100.4112577  1.5886559
  100.4112461  1.5884024
  100.4113195  1.5881735
  100.4113064  1.5880665
  100.4110642  1.5879317
  100.4104131  1.5878499
  100.4098814  1.5876543
  100.4097521  1.5875524
  100.4097439  1.5874865
  100.4098468  1.5872544
  100.4098156  1.5870667
  100.4096667  1.5870109
  100.4093265  1.5871066
  100.409212   1.5870293
  100.4088533  1.5863447
  100.4088532  1.5861735
  100.408987   1.585701
  100.408977   1.5854146
  100.4088493  1.5853357
  100.4082882  1.585285
  100.4082015  1.585239
  100.4082667  1.584839
  100.408147   1.5844654
  100.4076001  1.5835785
  100.4074903  1.5832592
  100.407356   1.5830667
  100.4068684  1.5827378
  100.4065263  1.5823908
  100.4064803  1.5822114
  100.406614   1.5815676
  100.4065894  1.5813849
  100.4065239  1.5812928
  100.4064535  1.5812517
  100.406177   1.5810972
  100.4056435  1.5807667
  100.4053227  1.5805002
  100.4052245  1.5803604
  100.4052636  1.5801595
  100.4055874  1.5800786
  100.4056054  1.5799716
  100.4053598  1.5796212
  100.4050488  1.5793712
  100.4049702  1.5792593
  100.4049767  1.5791342
  100.4052301  1.5789414
  100.40523    1.5788212
  100.4051842  1.5787538
  100.4049682  1.5786552
  100.4046589  1.5783706
  100.4044838  1.578323
  100.4041518  1.5783232
  100.4040715  1.5782179
  100.404096   1.5780961
  100.4042791  1.5779445
  100.4046176  1.5778719
  100.4045979  1.5777122
  100.4043769  1.5774506
  100.404367   1.5773486
  100.4047333  1.5771705
  100.4048068  1.5770668
  100.4048868  1.5767639
  100.4049043  1.5760725
  100.405167   1.5750369
  100.4054481  1.5746647
  100.4054889  1.5745461
  100.4052724  1.573692
  100.4051087  1.5734814
  100.4048567  1.573335
  100.4047764  1.5731705
  100.4047665  1.5729647
  100.4051523  1.5726303
  100.4052961  1.5724047
  100.4053483  1.5722615
  100.4053351  1.5720573
  100.4053791  1.5719042
  100.4057518  1.5715122
  100.4060737  1.5709721
  100.4060964  1.5707383
  100.4060211  1.5705622
  100.4060297  1.5704131
  100.4064264  1.5700304
  100.4065081  1.569925
  100.4065407  1.569785
  100.4065373  1.5696023
  100.4063114  1.5693753
  100.4062507  1.5690922
  100.4059022  1.568964
  100.4057664  1.5688275
  100.405792   1.5680522
  100.4059326  1.5678397
  100.4062318  1.567726
  100.4063348  1.5676337
  100.4064848  1.5668715
  100.4068052  1.5665766
  100.4069701  1.5662143
  100.4071872  1.5654372
  100.4073713  1.5644363
  100.4073774  1.5636906
  100.4076159  1.5632805
  100.4077661  1.5628574
  100.4079542  1.5628359
  100.4082685  1.5631484
  100.4084599  1.5631796
  100.4087215  1.5630806
  100.4089357  1.5629323
  100.4092642  1.5625947
  100.4096847  1.5626684
  100.4100395  1.5625513
  100.4100983  1.562441
  100.4101276  1.5620953
  100.4102745  1.5616524
  100.4104278  1.5609774
  100.4108041  1.5597529
  100.4109915  1.559526
  100.4115063  1.5590856
  100.4116348  1.5587046
  100.411701   1.5582187
  100.4120182  1.5577906
  100.4121546  1.5576699
  100.4126008  1.5576886
  100.4127351  1.5576148
  100.4127848  1.5573087
  100.4127756  1.5567625
  100.4128553  1.5563737
  100.4129883  1.5561771
  100.4132917  1.5559269
  100.4135138  1.5554165
  100.4140959  1.5550885
  100.4142038  1.5549732
  100.4144127  1.5544002
  100.4145008  1.5539245
  100.4144777  1.5536265
  100.4143009  1.5533995
  100.4141649  1.5530868
  100.413755   1.5516978
  100.4133884  1.5513162
  100.4131346  1.5509674
  100.4131116  1.5507386
  100.4132664  1.5499039
  100.4132336  1.54982
  100.4128981  1.5495255
  100.412759   1.5493413
  100.4125067  1.54879
  100.4124426  1.5482205
  100.4121444  1.5475952
  100.4120947  1.5465812
  100.4121402  1.5461565
  100.4123769  1.5453827
  100.4124061  1.5449843
  100.4124584  1.5449135
  100.4128279  1.544691
  100.4128851  1.5445856
  100.4130842  1.5439386
  100.4130773  1.5433723
  100.4131687  1.5431089
  100.413391   1.5428289
  100.4136117  1.5427053
  100.4138766  1.5426244
  100.4139992  1.542496
  100.4140171  1.5423396
  100.4139072  1.5419166
  100.413963   1.5416575
  100.4144068  1.5412232
  100.4149971  1.5409232
  100.4152553  1.5406481
  100.4155785  1.5395286
  100.4154571  1.5390694
  100.4154503  1.5386974
  100.4157408  1.5377227
  100.4157994  1.5372963
  100.4156924  1.5361408
  100.4157084  1.5356075
  100.4157687  1.5353836
  100.4161017  1.5350992
  100.4165382  1.5346099
  100.4167338  1.5342626
  100.4169844  1.5336663
  100.41722    1.5333441
  100.4179915  1.532593
  100.4184904  1.5322183
  100.4187369  1.5319265
  100.419299   1.5309629
  100.419553   1.5306166
  100.4196462  1.530027
  100.4198347  1.5295848
  100.4205555  1.5284255
  100.4207591  1.5281714
  100.4213291  1.5278568
  100.421968   1.5272563
  100.4281594  1.5228933
  100.4306738  1.5219647
  100.4316986  1.5217275
  100.433556   1.522
  100.4342189  1.5213908
  100.434456   1.5204335
  100.4334079  1.5176104
  100.430389   1.511528
  100.4277407  1.505362
  100.4258819  1.4990457
  100.425167   1.494556
  100.4248787  1.4920587
  100.4240905  1.4898927
  100.4218427  1.4853603
  100.416639   1.480361
  100.414303   1.47718
  100.4077791  1.470373
  100.4045925  1.4677826
  100.403222   1.467333
  100.4004309  1.4670673
  100.3966854  1.4663517
  100.3919878  1.4640215
  100.387722   1.4615
  100.3806988  1.4538474
  100.376576   1.449791
  100.367358   1.451738
  100.3623633  1.4525194
  100.354786   1.453522
  100.3485246  1.4541474
  100.340822   1.4531789
  100.3368     1.451553
  100.3349452  1.4504364
  100.332052   1.450864
  100.3283946  1.4505665
  100.324649   1.449779
  100.3218664  1.448955
  100.3204605  1.4479459
  100.31964    1.447617
  100.3189368  1.4476778
  100.3184631  1.4479758
  100.3183331  1.4486108
  100.3174091  1.4508558
  100.317738   1.4522982
  100.3182669  1.4538467
  100.3193458  1.4548628
  100.3197649  1.4558581
  100.319888   1.4567605
  100.3195312  1.4608339
  100.319806   1.461694
  100.3217759  1.4643471
  100.3221182  1.4655452
  100.322361   1.470258
  100.322082   1.47128
  100.322152   1.47384
  100.3217713  1.4737619
  100.3201021  1.4719011
  100.318092   1.470852
  100.3152024  1.4695927
  100.3119478  1.4689528
  100.309419   1.468744
  100.3029211  1.4677437
  100.300112   1.467177
  100.2973608  1.4672526
  100.2938435  1.4672827
  100.2932832  1.4673635
  100.291667   1.467473
  100.2908627  1.4677825
  100.2893935  1.4691314
  100.288501   1.470453
  100.2883473  1.4734801
  100.288172   1.474213
  100.2878344  1.4747727
  100.286827   1.475297
  100.284302   1.475254
  100.28083    1.475093
  100.279094   1.474974
  100.277201   1.474738
  100.276019   1.474426
  100.275271   1.473843
  100.273853   1.473259
  100.2721422  1.4723599
  100.271845   1.471782
  100.272056   1.4713261
  100.272558   1.470969
  100.273823   1.470235
  100.2746748  1.4700023
  100.2750116  1.4698276
  100.275602   1.469423
  100.275801   1.468959
  100.276002   1.467873
  100.276206   1.46578
  100.2767622  1.4648996
  100.27716    1.463649
  100.2779772  1.4631704
  100.280321   1.462491
  100.284031   1.462265
  100.2874115  1.4608101
  100.2886095  1.4600244
  100.290237   1.458864
  100.29447    1.455653
  100.29542    1.454802
  100.2976926  1.4532585
  100.302143   1.450354
  100.308113   1.446836
  100.309813   1.445715
  100.311434   1.444865
  100.313054   1.444131
  100.316296   1.442353
  100.317641   1.441386
  100.3205473  1.4399826
  100.325031   1.437948
  100.326573   1.437058
  100.328192   1.436596
  100.330637   1.437104
  100.331582   1.437455
  100.332687   1.437534
  100.333476   1.43738
  100.333911   1.437381
  100.3345483  1.4372833
  100.3356987  1.4372713
  100.3374994  1.4352252
  100.3373094  1.4347624
  100.3366464  1.4342606
  100.3365043  1.4340996
  100.3335672  1.4333628
  100.3327705  1.4327192
  100.3327407  1.4327171
  100.3323822  1.4325276
  100.3321231  1.4321962
  100.332001   1.4318644
  100.3318787  1.4311541
  100.3316039  1.4308541
  100.3312454  1.4306409
  100.3308336  1.4306093
  100.3306045  1.4306725
  100.3302002  1.4308225
  100.3297728  1.4309567
  100.3293993  1.4309725
  100.3289185  1.4309329
  100.3285449  1.4308225
  100.3281325  1.4306567
  100.3277055  1.4304041
  100.3273772  1.4300409
  100.327095   1.4296306
  100.3260957  1.4285489
  100.3257675  1.4283201
  100.3254546  1.428178
  100.3250929  1.4279909
  100.3246995  1.427799
  100.3243253  1.4276963
  100.3238832  1.4275463
  100.32354    1.4275385
  100.3231962  1.4275464
  100.3228991  1.427578
  100.3225784  1.4276885
  100.3223801  1.4276648
  100.3221206  1.4275858
  100.3218841  1.4274596
  100.3216172  1.4273727
  100.3213194  1.4271911
  100.3210373  1.4269859
  100.3207929  1.4268122
  100.3204878  1.4267016
  100.3202131  1.4265911
  100.3198777  1.4265517
  100.3195418  1.4265516
  100.3192139  1.4266543
  100.3188707  1.4266623
  100.318733   1.4266543
  100.3182145  1.4264097
  100.3178632  1.4261333
  100.3175509  1.4259834
  100.3174249  1.4259045
  100.3172609  1.4258018
  100.316925   1.4257229
  100.316643   1.4256755
  100.3164217  1.4256439
  100.3161318  1.4256597
  100.3158723  1.4256912
  100.3157117  1.4256991
  100.3156207  1.4256675
  100.3152847  1.4254071
  100.3150177  1.4251071
  100.3147428  1.4247993
  100.3143084  1.424294
  100.3139953  1.4240255
  100.3136065  1.4237178
  100.3133086  1.4234887
  100.3130035  1.4231889
  100.312668   1.4229994
  100.312309   1.422802
  100.3118365  1.4226361
  100.3113707  1.4224152
  100.3109055  1.4221151
  100.3105621  1.4217284
  100.3103945  1.4213889
  100.3102797  1.4210257
  100.3102189  1.4206942
  100.3102495  1.4203153
  100.3103179  1.4199443
  100.3102873  1.419589
  100.3101961  1.4191312
  100.310051   1.4187759
  100.3097918  1.418405
  100.3086241  1.4175681
  100.3084185  1.4174022
  100.3081437  1.4172917
  100.3078475  1.4171422
  100.3075334  1.4169992
  100.2963994  1.4181712
  100.2943443  1.4191978
  100.2941513  1.4193507
  100.2939374  1.4195344
  100.2937089  1.4196951
  100.2934646  1.4198443
  100.2932131  1.420028
  100.2929003  1.4202345
  100.2926634  1.4203836
  100.2924422  1.4205445
  100.292221   1.4207051
  100.2920076  1.4208658
  100.2917403  1.4210724
  100.2913743  1.4213249
  100.291107   1.4215662
  100.2908555  1.4217268
  100.2904131  1.4221057
  100.2901306  1.4222548
  100.2898561  1.4224728
  100.2895584  1.4226104
  100.2892608  1.4227825
  100.2889936  1.422989
  100.288742   1.4231152
  100.2884674  1.4231723
  100.2881472  1.4232291
  100.2878726  1.42324
  100.2875822  1.423274
  100.2872316  1.4231696
  100.286949   1.4231115
  100.2866707  1.4230312
  100.2834012  1.4246645
  100.27395    1.4228469
  100.2734599  1.4227527
  100.2731782  1.4228413
  100.2728041  1.4228865
  100.2724149  1.4229434
  100.2721329  1.4229888
  100.2718583  1.4230573
  100.2715151  1.423068
  100.2712556  1.4230674
  100.2709731  1.4230899
  100.270645   1.4230776
  100.2702333  1.4230654
  100.2698137  1.4231106
  100.2685089  1.4230849
  100.2681505  1.4230725
  100.2678297  1.4230488
  100.2674484  1.4230482
  100.2671355  1.423013
  100.2668305  1.4230122
  100.2664642  1.4230231
  100.2661283  1.4229878
  100.2656784  1.4229638
  100.2653273  1.4228711
  100.2650525  1.4228013
  100.2646711  1.4227085
  100.2644043  1.4226735
  100.264038   1.4225459
  100.2637099  1.4224417
  100.2633284  1.4222798
  100.2630384  1.4221065
  100.2627564  1.4219331
  100.2625198  1.4217601
  100.2622377  1.4215754
  100.2619703  1.4214598
  100.2610795  1.4208043
  100.2610549  1.42079
  100.2605593  1.4204784
  100.2603075  1.4202361
  100.2600558  1.4200168
  100.2598265  1.4198552
  100.2595365  1.4195897
  100.2593157  1.4194283
  100.2591021  1.4192206
  100.2589037  1.4190128
  100.2586441  1.4187477
  100.2583692  1.4183326
  100.2581713  1.4181134
  100.2579268  1.4177218
  100.2577441  1.4174679
  100.257682   1.4173742
  100.2520624  1.4129499
  100.2518427  1.4128535
  100.2517319  1.4128049
  100.251465   1.4127239
  100.2511751  1.4126082
  100.2508319  1.4124808
  100.2505263  1.4124111
  100.2501679  1.4123528
  100.2488861  1.412397
  100.2486114  1.412408
  100.2482604  1.4124422
  100.2478177  1.4124762
  100.2475588  1.4124644
  100.2472684  1.4124872
  100.2470256  1.4124802
  100.2464219  1.412498
  100.2460787  1.4124975
  100.2457125  1.4124971
  100.2453535  1.4124854
  100.2450334  1.4125081
  100.2447435  1.4125307
  100.2443846  1.4125303
  100.2441099  1.4125416
  100.243828   1.4125758
  100.2433927  1.4126097
  100.2430422  1.4126322
  100.242676   1.412632
  100.2423631  1.4126432
  100.241852   1.4126771
  100.2414706  1.4126882
  100.2410965  1.4126878
  100.2407072  1.4127104
  100.2396776  1.4126636
  100.2392605  1.4126287
  100.2389833  1.4126285
  100.2385176  1.4126282
  100.2381949  1.4125395
  100.2378766  1.4125129
  100.2375261  1.4124551
  100.2372205  1.4124549
  100.2369234  1.4123971
  100.2365874  1.4123511
  100.2362745  1.4123049
  100.2359847  1.4122701
  100.2356875  1.4122241
  100.2352904  1.4121776
  100.234955   1.4121202
  100.2345045  1.4120853
  100.2340163  1.4120161
  100.2336652  1.4119585
  100.2331164  1.4118776
  100.232826   1.4118429
  100.2324603  1.4117966
  100.2320631  1.4117388
  100.231735   1.4116813
  100.2312772  1.411589
  100.230934   1.4115543
  100.2306368  1.4114852
  100.2302705  1.411416
  100.229675   1.4112894
  100.2294009  1.4112317
  100.2291262  1.4111628
  100.2288363  1.4111167
  100.2284773  1.4110245
  100.2280195  1.4109208
  100.2276762  1.4108632
  100.2272718  1.4107825
  100.2271718  1.4107557
  100.2269285  1.4106905
  100.2266387  1.4106557
  100.226219   1.410575
  100.2256926  1.4104828
  100.22525    1.4104251
  100.2249067  1.4103446
  100.2243955  1.4102868
  100.2240141  1.4102174
  100.223686   1.4101598
  100.223099   1.41001
  100.2228243  1.4099755
  100.222458   1.4099065
  100.2220839  1.4098257
  100.2216799  1.4096877
  100.2211912  1.4095381
  100.220894   1.4094576
  100.2205962  1.4093311
  100.2203372  1.4092391
  100.2200316  1.4091358
  100.2198502  1.4090674
  100.2197568  1.4090322
  100.2195854  1.4089354
  100.2188306  1.4086305
  100.2187197  1.4085955
  100.2183455  1.4084346
  100.2180174  1.408354
  100.2176893  1.4082274
  100.2172472  1.408078
  100.2169039  1.4079514
  100.2165983  1.4078478
  100.2163466  1.4077445
  100.2160949  1.4076525
  100.2158353  1.4075605
  100.2155302  1.4074226
  100.215233   1.4073077
  100.2147448  1.4071236
  100.2143476  1.4069856
  100.2140577  1.4068707
  100.2137678  1.4067902
  100.2133863  1.4066407
  100.2129515  1.4064913
  100.2125627  1.4063186
  100.2122728  1.4061924
  100.2119143  1.40602
  100.2116087  1.4058363
  100.2113345  1.4056868
  100.2110136  1.4055031
  100.2107546  1.4053079
  100.2103804  1.4050664
  100.2100679  1.4048485
  100.2097628  1.4046763
  100.209442   1.404435
  100.2089537  1.4041364
  100.2086413  1.4039067
  100.2083738  1.4037
  100.2081798  1.4035773
  100.2081378  1.4035507
  100.2078096  1.4033211
  100.207527   1.4031256
  100.2072904  1.4029534
  100.2070544  1.4027927
  100.2067796  1.4025858
  100.2065279  1.4024366
  100.2062913  1.4022415
  100.2060469  1.4020692
  100.2057951  1.4018626
  100.2055586  1.4017362
  100.2052534  1.4014837
  100.204941   1.401254
  100.2046893  1.4010588
  100.2043302  1.4007831
  100.2039717  1.4004847
  100.2037199  1.4002666
  100.2034457  1.4001058
  100.2032092  1.3999678
  100.2029951  1.3998184
  100.20269    1.3996804
  100.2024152  1.3995425
  100.2021253  1.3994278
  100.2018511  1.399277
  100.2015612  1.3991061
  100.2004853  1.3987496
  100.2001646  1.3987263
  100.1996461  1.3987488
  100.1993406  1.398783
  100.1989901  1.398817
  100.19857    1.3989082
  100.1982953  1.3989998
  100.1980364  1.3990224
  100.1977236  1.3990908
  100.1973956  1.3991824
  100.1970136  1.399251
  100.1967008  1.3993996
  100.1961897  1.3994681
  100.1958387  1.3995479
  100.1955258  1.3996164
  100.194885   1.3997421
  100.1945952  1.3997992
  100.1942441  1.3998562
  100.1939695  1.3999133
  100.1936415  1.3999589
  100.1933444  1.4000389
  100.1929472  1.4000271
  100.192581   1.4000381
  100.1922457  1.4000722
  100.1919401  1.4001177
  100.1916048  1.4001633
  100.1912992  1.4002204
  100.190964   1.4002561
  100.1907656  1.4002772
  100.1903303  1.4003457
  100.1899417  1.4003911
  100.1894148  1.4004479
  100.1891019  1.400482
  100.1887891  1.4005391
  100.1884459  1.4005732
  100.1879499  1.4006301
  100.1874388  1.4006755
  100.186981   1.4007209
  100.1866305  1.4007665
  100.1861036  1.400766
  100.1858217  1.4007658
  100.1854094  1.4007883
  100.1850206  1.4007765
  100.1846544  1.4007989
  100.1842882  1.4007872
  100.1839292  1.4007869
  100.1836546  1.4007867
  100.1832507  1.4007977
  100.1826856  1.4008201
  100.1820604  1.400854
  100.1816942  1.4008651
  100.1811673  1.400899
  100.1809084  1.4008989
  100.1805876  1.4008985
  100.1802141  1.4008979
  100.1799467  1.4009092
  100.1796114  1.4009433
  100.1791227  1.4009658
  100.178848   1.4009656
  100.178406   1.4009766
  100.1781161  1.4009765
  100.1777499  1.400999
  100.177437   1.4010216
  100.1771315  1.4010558
  100.1768034  1.4011128
  100.1765215  1.4011584
  100.1761244  1.4012498
  100.1758424  1.401299
  100.1757964  1.4013069
  100.175392   1.4013866
  100.1751482  1.4014781
  100.1747972  1.4015008
  100.174431   1.4015808
  100.1740721  1.4016378
  100.1737901  1.4017064
  100.173393   1.4018092
  100.1730959  1.4018776
  100.172714   1.4019807
  100.1723787  1.4020491
  100.1720889  1.4021291
  100.1716996  1.4022203
  100.1713334  1.4023234
  100.1710813  1.4024148
  100.1707842  1.402495
  100.1705095  1.402529
  100.1701433  1.4025746
  100.1698153  1.4026201
  100.1695024  1.4026427
  100.1691968  1.4026654
  100.1688081  1.4027109
  100.1684267  1.4027106
  100.1681212  1.4027101
  100.1678465  1.4027216
  100.1677251  1.4027214
  100.1674938  1.402728
  100.1673129  1.4027438
  100.1669466  1.4027435
  100.1664961  1.4027774
  100.166176   1.4028002
  100.1658328  1.4028114
  100.1654132  1.4028567
  100.1651003  1.4028565
  100.1648256  1.4028791
  100.1645734  1.4028904
  100.1643486  1.4029162
  100.1642763  1.4029245
  100.1640016  1.4029472
  100.1637118  1.4029699
  100.1633989  1.4029925
  100.1631242  1.403015
  100.162758   1.4030491
  100.16243    1.4030949
  100.1619261  1.4031402
  100.1615217  1.4031858
  100.1611555  1.4032084
  100.1606977  1.403208
  100.1604005  1.4032077
  100.1600798  1.4031957
  100.1597826  1.4031841
  100.1595079  1.4031838
  100.1592332  1.4031721
  100.1589052  1.4031489
  100.158562   1.4031139
  100.1582873  1.403091
  100.1579817  1.4030563
  100.1576918  1.4030331
  100.1573564  1.4029869
  100.1570508  1.4029407
  100.1567767  1.4028946
  100.1563048  1.4028441
  100.1560824  1.4028366
  100.155815   1.4028134
  100.1554796  1.4027557
  100.1551516  1.4027552
  100.1547853  1.402755
  100.1543882  1.4027318
  100.1540758  1.4027085
  100.1512835  1.40266
  100.151047   1.4026597
  100.1506807  1.4026595
  100.1502078  1.4026247
  100.1499331  1.4026126
  100.1498258  1.402609
  100.1496202  1.4026011
  100.149277   1.4026008
  100.1489489  1.4026349
  100.1486052  1.4026804
  100.1482317  1.4027374
  100.1479418  1.4027716
  100.1476514  1.4028172
  100.1473695  1.4028514
  100.1467359  1.4029194
  100.1463472  1.4029419
  100.1460725  1.4029877
  100.1458209  1.402999
  100.1454546  1.403056
  100.1451109  1.4031015
  100.1448362  1.4031471
  100.1445161  1.4031698
  100.1440049  1.4032266
  100.1436387  1.4032492
  100.1433179  1.4032604
  100.1427461  1.4032827
  100.1421967  1.4032937
  100.141762   1.4033163
  100.1413957  1.4033159
  100.140793   1.4033498
  100.1393736  1.4035204
  100.1390383  1.4035774
  100.1386872  1.4036458
  100.1383822  1.4036571
  100.1380385  1.4037027
  100.1377256  1.4037492
  100.1375807  1.4037709
  100.1372605  1.4038281
  100.1368028  1.403885
  100.1364899  1.4038848
  100.1360242  1.4038728
  100.1357119  1.4038266
  100.135086   1.4037344
  100.1346743  1.4036421
  100.134308   1.4035386
  100.1340563  1.4034465
  100.1337664  1.4033316
  100.1334837  1.4032053
  100.1331865  1.4030788
  100.1328966  1.4029178
  100.1325915  1.4027457
  100.1323167  1.4025963
  100.1320582  1.4024147
  100.1316526  1.4021713
  100.1305467  1.4014017
  100.1295365  1.4007048
  100.12941    1.4006324
  100.1290818  1.4003912
  100.1278383  1.3994727
  100.1271856  1.3990905
  100.1271668  1.3990821
  100.1268617  1.3989211
  100.126465   1.3986686
  100.1261521  1.3985535
  100.1260488  1.3985045
  100.1243059  1.3978178
  100.1239396  1.3977142
  100.1235963  1.3975648
  100.1231081  1.3974037
  100.1228103  1.3972886
  100.1223985  1.3971162
  100.1220018  1.3969668
  100.1217271  1.3968518
  100.1213911  1.3967254
  100.1210248  1.3965876
  100.1208371  1.3965067
  100.1205216  1.3963821
  100.1203158  1.3963116
  100.1199646  1.3961623
  100.1196135  1.3960358
  100.1193163  1.3959093
  100.1189882  1.3957828
  100.1186831  1.3957023
  100.1182938  1.3955873
  100.1162887  1.3953465
  100.1144563  1.3950998
  100.1142042  1.3952049
  100.1139374  1.3953079
  100.1136398  1.3954679
  100.1132966  1.3955826
  100.113022   1.3957085
  100.1127091  1.3958113
  100.1123733  1.395914
  100.1120531  1.3960172
  100.1117094  1.3961316
  100.1114578  1.396223
  100.111145   1.3963143
  100.1108703  1.3963715
  100.1105653  1.3964286
  100.1102294  1.3964971
  100.109848   1.3965768
  100.1094358  1.396657
  100.1090241  1.3967139
  100.108391   1.3968051
  100.1079333  1.3968849
  100.1076507  1.3969191
  100.107353   1.3969533
  100.1070862  1.3970103
  100.1068267  1.3970442
  100.1064453  1.3970898
  100.1061858  1.3971469
  100.105919   1.3971812
  100.1056595  1.3972154
  100.1053163  1.397238
  100.1049731  1.3972604
  100.1045456  1.39726
  100.1042631  1.3972715
  100.1039811  1.3972712
  100.1036148  1.3972592
  100.1032946  1.3972476
  100.1029127  1.3972472
  100.1026307  1.3972582
  100.102356   1.3972582
  100.1020201  1.3972807
  100.101692   1.3972919
  100.1013791  1.3973029
  100.1011045  1.39736
  100.1007995  1.39744
  100.1004867  1.3975086
  100.1000901  1.3976345
  100.0997695  1.3977946
  100.0995409  1.3979665
  100.0992967  1.3982072
  100.0990827  1.3984134
  100.0988997  1.3986082
  100.0985566  1.3989518
  100.0981675  1.3991808
  100.0978777  1.3993641
  100.0975722  1.3995704
  100.0973206  1.3997192
  100.0970308  1.3998678
  100.0967332  1.3999823
  100.0964586  1.4001313
  100.0960924  1.4002454
  100.0957334  1.4003255
  100.0952835  1.4004169
  100.0948027  1.4004164
  100.0944061  1.4004504
  100.0939253  1.4004386
  100.0936506  1.4003922
  100.0933837  1.4003921
  100.092941   1.4002999
  100.0925753  1.4002767
  100.0922624  1.4002075
  100.0918276  1.4001613
  100.0914305  1.4001148
  100.0911558  1.4001263
  100.0908052  1.4000915
  100.0903929  1.4001026
  100.089943   1.4001366
  100.0896683  1.4001476
  100.0893633  1.4001933
  100.0890886  1.4002505
  100.0888213  1.4002847
  100.0885618  1.4003418
  100.0881804  1.4003872
  100.0877838  1.4004213
  100.0874861  1.4004668
  100.0872114  1.4004894
  100.0868985  1.4004893
  100.0866244  1.4004659
  100.0862963  1.4004199
  100.0859301  1.4003964
  100.0855329  1.4003504
  100.0851672  1.40035
  100.0847549  1.4003264
  100.0844802  1.4003035
  100.0840914  1.4003031
  100.0837252  1.4002568
  100.0831988  1.4001877
  100.0828325  1.4001526
  100.0824966  1.4001411
  100.0822219  1.4001408
  100.0818405  1.4001402
  100.0815658  1.4001517
  100.0811389  1.4001168
  100.0807496  1.4001164
  100.0802687  1.4000815
  100.0799255  1.4000354
  100.0795744  1.3999662
  100.0790328  1.3999085
  100.0787126  1.399862
  100.0784531  1.3998162
  100.0780638  1.3997698
  100.0777054  1.3997581
  100.0774234  1.3997234
  100.0771408  1.3997461
  100.0767594  1.3996767
  100.0764616  1.3995963
  100.0760419  1.3994813
  100.0757217  1.3993088
  100.07547    1.3992053
  100.0751497  1.3991593
  100.074852   1.3991246
  100.0744936  1.3991243
  100.0741425  1.3990896
  100.0737684  1.3990548
  100.0735015  1.3990431
  100.0730134  1.399031
  100.0725859  1.3990077
  100.0722123  1.3990075
  100.0719376  1.3989727
  100.0713652  1.3989605
  100.071068   1.3989146
  100.0706866  1.3988912
  100.0703203  1.3988566
  100.0699692  1.3988217
  100.0697024  1.3987986
  100.0693968  1.3987524
  100.0690996  1.3987063
  100.0687563  1.3986258
  100.0682906  1.3985563
  100.0680008  1.3985103
  100.0676345  1.3984413
  100.0673142  1.3983606
  100.0670625  1.39828
  100.065567   1.3978199
  100.0655366  1.3978124
  100.0651934  1.3977279
  100.0648344  1.3976356
  100.0645142  1.3975549
  100.0639799  1.397417
  100.0636445  1.3973364
  100.0631563  1.3971983
  100.0626523  1.3970946
  100.0622405  1.3969681
  100.0611422  1.3966802
  100.0608444  1.3965767
  100.0605394  1.3965077
  100.060272   1.3964502
  100.0599214  1.3963696
  100.0595169  1.3963001
  100.0592119  1.3962428
  100.0587844  1.3961734
  100.0585023  1.3961157
  100.0582198  1.3960698
  100.0578153  1.396012
  100.0573501  1.3959083
  100.0569153  1.3958277
  100.0566024  1.3957699
  100.0562512  1.3956895
  100.055931   1.3956547
  100.0553895  1.395574
  100.0548631  1.3954703
  100.0544204  1.3953665
  100.0541232  1.395309
  100.053871   1.3952616
  100.0535659  1.3952052
  100.053276   1.395182
  100.0527727  1.3951127
  100.0524671  1.3950666
  100.0520098  1.3949974
  100.0517351  1.3949625
  100.0513003  1.3948705
  100.0510328  1.3948359
  100.0505598  1.3946863
  100.0501559  1.3945711
  100.0499036  1.3944907
  100.0494845  1.3943297
  100.048294   1.3940992
  100.0477907  1.3939725
  100.0472109  1.3938231
  100.046753   1.3937079
  100.046303   1.3935698
  100.0458148  1.3934777
  100.0454837  1.3933894
  100.045021   1.393282
  100.0445631  1.3931438
  100.0441282  1.3930286
  100.0437546  1.3929135
  100.0434951  1.3928332
  100.0431063  1.3927182
  100.0428164  1.392603
  100.0425107  1.3924766
  100.0422208  1.392373
  100.0419388  1.3922353
  100.0416258  1.3920401
  100.0413971  1.3918449
  100.0411484  1.3916424
  100.041115   1.3916152
  100.0408554  1.3913971
  100.040657   1.391202
  100.0403979  1.3909151
  100.0401686  1.3906855
  100.0399017  1.3905016
  100.0396881  1.390295
  100.0394442  1.3900195
  100.0392149  1.3898244
  100.0389402  1.3895947
  100.0386811  1.3893078
  100.0384214  1.3890666
  100.0381545  1.3888714
  100.0378435  1.3886235
  100.0376511  1.3885269
  100.0373077  1.3882284
  100.0371172  1.3880448
  100.0368424  1.3878494
  100.0365979  1.3875968
  100.0363619  1.3873904
  100.0361708  1.3872066
  100.0359725  1.3870228
  100.0357438  1.3868164
  100.0355532  1.3865983
  100.0353318  1.3863685
  100.0352936  1.3863256
  100.0351031  1.3861275
  100.0348738  1.3858865
  100.0347243  1.3856776
  100.0345547  1.3854762
  100.0344545  1.3853699
  100.0341948  1.3850488
  100.0339964  1.3847963
  100.0338514  1.3845552
  100.0336687  1.3843372
  100.0334703  1.3840503
  100.0332106  1.3837401
  100.0329632  1.3833818
  100.0328672  1.3832696
  100.0327149  1.3830516
  100.0325395  1.3827876
  100.0323866  1.3825467
  100.0321348  1.382214
  100.031906   1.3818812
  100.0316469  1.3815598
  100.031471   1.3812615
  100.0312349  1.3808943
  100.0310516  1.3805729
  100.0308914  1.3802974
  100.0307542  1.3800221
  100.0306165  1.3797926
  100.0304338  1.379563
  100.0303118  1.3792992
  100.0302201  1.3790239
  100.0300672  1.378714
  100.0299531  1.3784273
  100.0298541  1.3781863
  100.0297624  1.377888
  100.0296628  1.3775667
  100.029579   1.3773144
  100.0294879  1.3769933
  100.0293883  1.3765457
  100.0292814  1.3762246
  100.0292284  1.375892
  100.0291367  1.375479
  100.029068   1.3751118
  100.0290224  1.3747678
  100.0289537  1.374458
  100.028908   1.374068
  100.0288618  1.3737011
  100.0287707  1.3734258
  100.0287245  1.3731506
  100.0285642  1.3726571
  100.0284652  1.3722901
  100.0283813  1.3719573
  100.0283048  1.3716133
  100.0282288  1.3712806
  100.0281219  1.3708562
  100.0280684  1.3704776
  100.0280228  1.3702022
  100.027962   1.3698811
  100.0279084  1.3694798
  100.0278857  1.369296
  100.0278701  1.36917
  100.0278014  1.3688489
  100.0277709  1.3684818
  100.0277023  1.3681375
  100.0276566  1.3677591
  100.027611   1.3674379
  100.0275344  1.3670251
  100.0274736  1.3667268
  100.0274049  1.3663369
  100.0273131  1.3659007
  100.0272214  1.365488
  100.0271533  1.3651322
  100.027047   1.3643971
  100.0270231  1.3642491
  100.0269775  1.3639166
  100.0268706  1.363446
  100.0268171  1.3631709
  100.0266798  1.3627005
  100.0266342  1.3623908
  100.0265504  1.3621155
  100.0264738  1.3617828
  100.026413   1.3614501
  100.0263517  1.3611405
  100.026306   1.3608423
  100.0262453  1.3605784
  100.0261991  1.3603031
  100.0261535  1.3600394
  100.0261     1.3597638
  100.0260162  1.3595117
  100.0259475  1.3591903
  100.025871   1.3589037
  100.0257647  1.3585936
  100.0256426  1.3581692
  100.0255661  1.3578712
  100.0255127  1.3576651
  100.0254592  1.3574465
  100.0253905  1.3571141
  100.0253595  1.3569162
  100.025337   1.35677
  100.0250857  1.3549004
  100.0250395  1.3546248
  100.0250322  1.354554
  100.0250091  1.3543383
  100.0249404  1.3540399
  100.0249251  1.3537303
  100.0249025  1.3534092
  100.024872   1.3530652
  100.0248488  1.3526981
  100.0248565  1.3522853
  100.0248716  1.3520214
  100.0248945  1.3517003
  100.0249252  1.3512761
  100.0249632  1.3508287
  100.0249788  1.3504731
  100.025009   1.3501982
  100.0250701  1.3499228
  100.0251161  1.3496131
  100.0251463  1.3493034
  100.0252074  1.348994
  100.0252302  1.348581
  100.0252761  1.3481455
  100.0253069  1.3478244
  100.0253067  1.3474344
  100.0253144  1.3471133
  100.0253222  1.346838
  100.0253833  1.3464825
  100.0254747  1.3461385
  100.025543   1.3456454
  100.0255507  1.3453013
  100.0256197  1.3449573
  100.0256651  1.3446708
  100.0257261  1.3441549
  100.025772   1.3437992
  100.0257948  1.3433978
  100.0258177  1.3430768
  100.0258637  1.3428016
  100.0258405  1.3424231
  100.0258791  1.3420562
  100.0258559  1.3416088
  100.0258557  1.3412532
  100.0258101  1.3408071
  100.0257418  1.3401406
  100.0256956  1.3398426
  100.0256579  1.3395787
  100.0255813  1.3392001
  100.0255739  1.3389363
  100.0255277  1.3385349
  100.0255281  1.3382251
  100.0255049  1.3378697
  100.0255048  1.3375829
  100.025467   1.3371586
  100.0254898  1.3366883
  100.0254667  1.3364245
  100.0254896  1.3360575
  100.0255052  1.335748
  100.0258863  1.3336496
  100.0259776  1.3333016
  100.0260005  1.3333005
  100.0261005  1.3327005
  100.0264005  1.3322005
  100.0265005  1.3317005
  100.0267005  1.3313005
  100.0272005  1.3301005
  100.0275005  1.3293005
  100.0279005  1.3288005
  100.0281005  1.3283005
  100.0285005  1.3279005
  100.0287005  1.3273005
  100.0291005  1.3267005
  100.0294005  1.3261005
  100.0298005  1.3255005
  100.0302005  1.3249005
  100.0306005  1.3244005
  100.0317005  1.3232005
  100.0321005  1.3227005
  100.0327005  1.3223005
  100.0332005  1.3219005
  100.0337719  1.321272
  100.0342005  1.3208005
  100.0347005  1.3204005
  100.0350005  1.3200005
  100.0354005  1.3197005
  100.0358005  1.3194005
  100.0362005  1.3191005
  100.0366005  1.3189005
  100.0389005  1.3177005
  100.0397005  1.3175005
  100.0403005  1.3173005
  100.0409005  1.3171005
  100.0415005  1.3171005
  100.0429005  1.3167005
  100.0437005  1.3166005
  100.0443005  1.3165005
  100.0451005  1.3162005
  100.0457005  1.3159005
  100.0462005  1.3157005
  100.0467005  1.3155005
  100.0473005  1.3153005
  100.0478005  1.3150005
  100.0482005  1.3147005
  100.0489005  1.3143005
  100.0493005  1.3139005
  100.0497005  1.3135005
  100.0503005  1.3131005
  100.0508005  1.3125005
  100.0512005  1.3120005
  100.0515005  1.3116005
  100.0518005  1.3111005
  100.0530005  1.3094005
  100.0533005  1.3088005
  100.0536005  1.3084005
  100.0539005  1.3079005
  100.0542005  1.3075005
  100.0543005  1.3071005
  100.0547005  1.3067005
  100.0550005  1.3062005
  100.0552005  1.3058005
  100.0555005  1.3053005
  100.0557005  1.3049005
  100.0561005  1.3044005
  100.0563106  1.3038241
  100.0566404  1.3029194
  100.0567094  1.3026442
  100.056862   1.302174
  100.0569837  1.3018187
  100.0570981  1.3014862
  100.0572126  1.3012456
  100.0573883  1.3009475
  100.0574876  1.3006265
  100.0576246  1.3003398
  100.0577087  1.3000875
  100.057945   1.299675
  100.0581667  1.2992165
  100.058403   1.2987923
  100.058632   1.2983796
  100.059967   1.2964427
  100.0601809  1.2961904
  100.0604246  1.2959383
  100.0606385  1.2956978
  100.0608367  1.2954572
  100.0610197  1.2952623
  100.0611876  1.2950446
  100.0614397  1.2947122
  100.0617064  1.2944257
  100.0619658  1.2941623
  100.0621415  1.293956
  100.0622863  1.2937153
  100.062439   1.2934631
  100.0625838  1.2931995
  100.0627898  1.2928327
  100.0629273  1.2925574
  100.06308    1.2922939
  100.0632248  1.2920188
  100.0633775  1.2917666
  100.0635223  1.2914687
  100.0637283  1.2911133
  100.0638883  1.2908724
  100.064064   1.2905974
  100.0642469  1.2902306
  100.0644148  1.2899671
  100.0646208  1.289669
  100.064888   1.2892679
  100.0650559  1.2889928
  100.065254   1.2886948
  100.065437   1.2884656
  100.0655976  1.288225
  100.0657576  1.2880072
  100.0659103  1.287755
  100.0661624  1.2874341
  100.0663908  1.2870787
  100.0666429  1.2867235
  100.0668259  1.2864598
  100.0670392  1.2862077
  100.067238   1.2859671
  100.0674288  1.2856346
  100.0676349  1.2853366
  100.0678864  1.2850158
  100.0680239  1.2847751
  100.0682069  1.2844886
  100.0685426  1.2840415
  100.0687559  1.2837322
  100.0689619  1.283411
  100.0691377  1.283159
  100.0694425  1.2827465
  100.0696031  1.2825287
  100.0697557  1.2822996
  100.0699388  1.2820701
  100.0701218  1.2818641
  100.0702897  1.2816346
  100.0705187  1.2813827
  100.0706708  1.2811076
  100.0708387  1.2808668
  100.0710144  1.2806492
  100.0711744  1.2804313
  100.0713653  1.2801333
  100.071541   1.2799272
  100.0717543  1.2796177
  100.0719985  1.2793083
  100.0722606  1.2790081
  100.0730288  1.2781279
  100.0731809  1.2779103
  100.0733645  1.2776923
  100.0735817  1.277355
  100.0740584  1.276615
  100.0742644  1.2763627
  100.0744474  1.2761108
  100.0754167  1.2755337
  100.0754622  1.275521
  100.0771943  1.274969
  100.0782567  1.2747459
  100.0794982  1.2744851
  100.0827559  1.2740008
  100.0864027  1.27313
  100.088707   1.2722597
  100.0915831  1.2712925
  100.0940779  1.2705188
  100.0953293  1.2702284
  100.0968626  1.2700345
  100.0989759  1.2703235
  100.1009902  1.2704193
  100.1027145  1.270032
  100.1041566  1.2691621
  100.1055987  1.2684854
  100.1066512  1.2681953
  100.1078031  1.2678083
  100.1091463  1.2668419
  100.1100082  1.2660689
  100.1106794  1.2648128
  100.1115415  1.2631705
  100.1128846  1.2619143
  100.1145174  1.2605613
  100.1171115  1.2581454
  100.1189267  1.2565026
  100.1199878  1.25515
  100.1209258  1.2537477
  100.1210633  1.2534849
  100.1212008  1.2532216
  100.1212816  1.253066
  100.1213377  1.252958
  100.1214831  1.2526942
  100.12162    1.2524295
  100.1217497  1.2521648
  100.1218872  1.2518993
  100.1170599  1.244239
  100.1161587  1.2392823
  100.1175105  1.2284679
  100.1161587  1.2190053
  100.1184769  1.2177384
  100.1184234  1.2175717
  100.11837    1.2174434
  100.1182935  1.2172577
  100.118225   1.2170911
  100.1181412  1.2168961
  100.1180726  1.2167248
  100.11804    1.2166537
  100.1206647  1.2133728
  100.1202817  1.2121631
  100.1204988  1.2119371
  100.116384   1.1998547
  100.1214902  1.1969228
  100.1218035  1.196523
  100.1224749  1.1955951
  100.1239395  1.193563
  100.1243212  1.19303
  100.1264649  1.1909647
  100.1265108  1.1906505
  100.1265714  1.190484
  100.1266859  1.1903364
  100.126892   1.1901129
  100.1271132  1.1898606
  100.1273192  1.1896418
  100.127518   1.1893847
  100.127861   1.1890325
  100.1289596  1.1874382
  100.1290892  1.1870766
  100.1292648  1.1867388
  100.1298373  1.1855252
  100.1298293  1.1853063
  100.1297837  1.185054
  100.1297683  1.1844211
  100.129799   1.1840643
  100.1299594  1.1833456
  100.1300963  1.1830077
  100.1302338  1.1826603
  100.1291636  1.1782905
  100.1290245  1.1782212
  100.1295006  1.1708422
  100.1327537  1.1667163
  100.137197   1.1651294
  100.1413229  1.1602894
  100.1434379  1.1593326
  100.1446553  1.1587819
  100.149892   1.1582265
  100.1511101  1.1575537
  100.1582232  1.1536245
  100.1602068  1.1494193
  100.1612383  1.1390252
  100.162111   1.1368829
  100.1659989  1.1334711
  100.1669205  1.1334711
  100.1727432  1.1334711
  100.1735358  1.1320642
  100.1759169  1.1278377
  100.1776151  1.1267218
  100.1778137  1.1265912
  100.181471   1.1241878
  100.1803735  1.1230524
  100.1803709  1.1230545
  100.1794646  1.122182
  100.1777727  1.1205562
  100.1710055  1.1225357
  100.1704276  1.1227047
  100.1692708  1.1227047
  100.1675296  1.1227047
  100.1600846  1.1203063
  100.1482425  1.1218053
  100.1471902  1.1209565
  100.1471428  1.1210453
  100.146729   1.1207482
  100.1469211  1.1204717
  100.1456652  1.1182087
  100.1450506  1.1180693
  100.1434782  1.1174314
  100.1417963  1.1171955
  100.141774   1.1171899
  100.1346574  1.1120794
  100.1330493  1.1101338
  100.1312149  1.1096072
  100.1143786  1.0991391
  100.1107537  1.0952212
  100.1010979  1.0908605
  100.1006827  1.0871879
  100.1042593  1.0859666
  100.1053934  1.083873
  100.106004   1.0757602
  100.1088848  1.0703029
  100.1114606  1.0662609
  100.1126339  1.0644197
  100.1168211  1.0605813
  100.1229276  1.0592728
  100.1285978  1.053777
  100.1292571  1.055104
  100.1298063  1.0549041
  100.1302568  1.0549541
  100.1321108  1.0564536
  100.1325075  1.0568035
  100.1330108  1.0571034
  100.1336057  1.0574032
  100.1342085  1.0577532
  100.1349107  1.058053
  100.1355056  1.0585029
  100.1398511  1.0586622
  100.1388043  1.0558707
  100.134617   1.0535153
  100.1252829  1.0461004
  100.1247595  1.0420003
  100.1256318  1.0387727
  100.1271148  1.0320556
  100.130517   1.0222853
  100.1374085  1.0145214
  100.1474405  1.0118171
  100.1625321  1.0022213
  100.1614686  0.999475
  100.1600954  0.9980042
  100.1596604  0.9970623
  100.1595686  0.9963504
  100.1594465  0.9956613
  100.1577606  0.9945807
  100.1570204  0.9945228
  100.1558916  0.9933508
  100.1556166  0.9921794
  100.1556562  0.9920189
  100.1540752  0.9908413
  100.15361    0.9911217
  100.1530685  0.9908916
  100.1522522  0.9902021
  100.151062   0.9897419
  100.1501772  0.989259
  100.1496962  0.9885697
  100.1493225  0.9880298
  100.1486435  0.9879834
  100.1478881  0.9881092
  100.1475904  0.98804
  100.1473387  0.9877183
  100.1469801  0.9869488
  100.1457899  0.9851797
  100.1441727  0.9859708
  100.1434706  0.9859703
  100.1424174  0.985269
  100.1408282  0.9844237
  100.1399869  0.9827017
  100.139397   0.9814943
  100.1406633  0.9802385
  100.1412353  0.9793089
  100.1416242  0.9784825
  100.1424102  0.9776563
  100.1435928  0.9769108
  100.1448591  0.9761768
  100.1465936  0.9763452
  100.1469441  0.9760121
  100.1471706  0.975797
  100.147524   0.9754613
  100.1466752  0.9739735
  100.14653    0.9730548
  100.1464618  0.9722051
  100.1467211  0.9701385
  100.1471481  0.9690479
  100.147537   0.9680148
  100.1478349  0.9670734
  100.1478575  0.9658448
  100.1475755  0.9654542
  100.1464996  0.9643856
  100.1456378  0.9636387
  100.1451185  0.962846
  100.1446149  0.961617
  100.144455   0.9602619
  100.1445158  0.9575522
  100.1444931  0.9566566
  100.1442872  0.9558526
  100.1438599  0.954394
  100.1430818  0.9535208
  100.1424868  0.9529693
  100.1396104  0.952083
  100.1385954  0.9517379
  100.1377259  0.9514273
  100.1367189  0.9514265
  100.1361695  0.9510702
  100.1354598  0.9502774
  100.1341932  0.949932
  100.1331558  0.949736
  100.1319047  0.948564
  100.1314123  0.9465435
  100.1195876  0.946499
  100.1161105  0.9462093
  100.1129821  0.9459121
  100.1129487  0.9459089
  100.1057372  0.9452241
  100.0872507  0.9456877
  100.0849326  0.9438912
  100.0860917  0.9361257
  100.0961173  0.926216
  100.0971024  0.9138724
  100.0997682  0.9090045
  100.1090984  0.9064546
  100.115473   0.8990948
  100.1282223  0.8990948
  100.1343072  0.9004856
  100.1376947  0.9019303
  100.1382479  0.9021662
  100.1393123  0.9002843
  100.1413773  0.8997902
  100.1402646  0.8951699
  100.1387116  0.8887215
  100.1371859  0.8813028
  100.1340754  0.8661784
  100.1353504  0.8567902
  100.1378804  0.8440827
  100.1336984  0.8438609
  100.1290085  0.8436121
  100.1229936  0.8391537
  100.1221311  0.8376143
  100.1213761  0.8369823
  100.1210244  0.8328513
  100.1198275  0.8323998
  100.1193477  0.830001
  100.1200184  0.8262787
  100.1222809  0.8235758
  100.1222765  0.8235486
  100.1222537  0.8222166
  100.1223665  0.8212221
  100.1229784  0.8191283
  100.1235965  0.818038
  100.1242599  0.8164883
  100.1251223  0.815513
  100.1264497  0.8145723
  100.127037   0.8142283
  100.1283569  0.8126103
  100.129158   0.8114855
  100.1302187  0.8104298
  100.1311035  0.809466
  100.1319731  0.8083644
  100.1329804  0.8072857
  100.134224   0.8061498
  100.1353912  0.8044283
  100.1364824  0.8024771
  100.137329   0.8011917
  100.1380083  0.8003539
  100.1388247  0.7996426
  100.1400758  0.7991153
  100.1408996  0.7986796
  100.1413729  0.7982206
  100.1419679  0.7970155
  100.142746   0.7959251
  100.1434708  0.795076
  100.144272   0.7944106
  100.1449587  0.793745
  100.1463394  0.7927585
  100.1479342  0.7918986
  100.1490555  0.7912678
  100.149872   0.790809
  100.150963   0.7902242
  100.1522141  0.7894098
  100.1529693  0.7888708
  100.1545916  0.7890564
  100.160292   0.7856029
  100.1602924  0.7856027
  100.1645072  0.7830237
  100.1669832  0.7801428
  100.1671782  0.7799148
  100.1694014  0.7773267
  100.1728973  0.7732612
  100.1740755  0.7718628
  100.1761471  0.7701926
  100.1802257  0.766865
  100.1811975  0.7623323
  100.181639   0.7622213
  100.1820522  0.7620457
  100.1825334  0.7617499
  100.1831543  0.7611839
  100.1837412  0.7605452
  100.1846792  0.7597472
  100.1851737  0.7592673
  100.1858457  0.7587318
  100.1863892  0.758055
  100.183293   0.757169
  100.178889   0.756667
  100.174677   0.757074
  100.170833   0.757778
  100.166866   0.75911
  100.162222   0.760833
  100.158818   0.76214
  100.154167   0.763611
  100.150391   0.765643
  100.146667   0.7675
  100.138611   0.771944
  100.136      0.772981
  100.133396   0.77388
  100.130556   0.774722
  100.127478   0.775869
  100.124733   0.777052
  100.123333   0.778056
  100.12265    0.779514
  100.121324   0.781266
  100.119809   0.78155
  100.1193246  0.7815764
  100.1189218  0.7813198
  100.1183392  0.7811617
  100.1178629  0.7811611
  100.11687    0.7810291
  100.1158818  0.7807768
  100.1138278  0.7800403
  100.1114832  0.7787766
  100.1093437  0.7778943
  100.10727    0.7778198
  100.1057479  0.778173
  100.1044035  0.7788677
  100.1026364  0.7796584
  100.1020709  0.7799525
  100.1015546  0.7802796
  100.1006848  0.78102
  100.1003622  0.7813439
  100.0988978  0.7825674
  100.0950274  0.7855355
  100.0935854  0.7868216
  100.0920163  0.788031
  100.0917637  0.7881051
  100.091745   0.7881521
  100.091168   0.788367
  100.088138   0.788367
  100.0836848  0.787501
  100.0812376  0.786868
  100.0792195  0.7865127
  100.0779523  0.7863739
  100.0771138  0.7865952
  100.0747948  0.7877092
  100.0733408  0.788474
  100.0729665  0.7887494
  100.070278   0.79
  100.06958    0.79116
  100.068823   0.793337
  100.06856    0.795356
  100.068302   0.796415
  100.066456   0.798971
  100.064752   0.801007
  100.061389   0.803611
  100.059165   0.805836
  100.0565324  0.8078999
  100.0549131  0.8084237
  100.0541666  0.8088889
  100.0534802  0.8099638
  100.0526951  0.8109215
  100.0522688  0.8113712
  100.05019    0.812738
  100.046944   0.813889
  100.040153   0.818542
  100.038702   0.819691
  100.036374   0.819963
  100.034288   0.820779
  100.032505   0.822321
  100.029603   0.825072
  100.027124   0.828186
  100.024796   0.830755
  100.023051   0.831103
  100.021229   0.830997
  100.018659   0.83133
  100.017117   0.832539
  100.0149237  0.8346363
  100.01225    0.837527
  100.010315   0.839734
  100.009551   0.8400681
  100.0065286  0.8411484
  100.0040547  0.8417104
  100.0031447  0.8419739
  100.0022632  0.8421731
  100.0014744  0.8421076
  100.0000483  0.8414451
  99.999281    0.8412725
  99.9981709   0.8412592
  99.9970551   0.8413293
  99.9950927   0.841552
  99.9943472   0.8415118
  99.9937501   0.8416541
  99.9923569   0.8418598
  99.991717    0.8420807
  99.9912146   0.8422997
  99.9908972   0.8423902
  99.9896608   0.842544
  99.9878987   0.8430924
  99.9857946   0.8435093
  99.9847615   0.8437655
  99.9837945   0.8441935
  99.9824941   0.845093
  99.9822564   0.8454669
  99.9822991   0.8457279
  99.982256    0.8459569
  99.9811628   0.8463804
  99.9810008   0.8465277
  99.9807718   0.84707
  99.9806463   0.8471976
  99.9805342   0.8472651
  99.9801174   0.8473511
  99.9798334   0.8475647
  99.9794886   0.8479377
  99.9793168   0.8480065
  99.9788073   0.8480471
  99.9782809   0.8482766
  99.9780761   0.848327
  99.9777337   0.8483504
  99.9775935   0.8484228
  99.9774936   0.8485602
  99.9773317   0.8492044
  99.9771477   0.8495394
  99.9768845   0.849764
  99.9767164   0.849802
  99.9761142   0.8498335
  99.975227    0.849654
  99.974487    0.849229
  99.973958    0.848712
  99.973427    0.848591
  99.97258     0.84891
  99.9711      0.849549
  99.967506    0.85072
  99.9668191   0.8510729
  99.9653334   0.8523836
  99.9648386   0.8530309
  99.9642688   0.8540209
  99.9640969   0.8544188
  99.962639    0.856359
  99.961254    0.859153
  99.9605      0.860505
  99.959981    0.862256
  99.959951    0.863344
  99.960405    0.864523
  99.960616    0.867576
  99.959823    0.868746
  99.9585      0.871113
  99.956777    0.873139
  99.954474    0.875383
  99.95318     0.87722
  99.952091    0.879548
  99.951033    0.880243
  99.947469    0.881172
  99.943627    0.883206
  99.93865     0.883019
  99.935102    0.883629
  99.92949     0.88412
  99.9281602   0.884005
  99.9271025   0.8840545
  99.9259219   0.8839721
  99.9249679   0.8838058
  99.9241219   0.8837849
  99.9236559   0.8837259
  99.9223348   0.8836687
  99.9217297   0.8836922
  99.9192246   0.8839093
  99.9184711   0.8838107
  99.9176259   0.8837998
  99.9163584   0.8840424
  99.9156771   0.8842382
  99.9147469   0.8846541
  99.9138524   0.8849092
  99.9130469   0.8850333
  99.912472    0.8854139
  99.9111622   0.8869091
  99.9106162   0.8871459
  99.9090074   0.8873465
  99.9083537   0.8875004
  99.9078287   0.8876751
  99.9070424   0.8880331
  99.9063336   0.8881354
  99.9049826   0.8887773
  99.9034718   0.8894189
  99.9028581   0.8897538
  99.9025241   0.890019
  99.9018278   0.8904548
  99.900699    0.890793
  99.9005719   0.8908746
  99.9004944   0.8912471
  99.9005206   0.8915302
  99.9006769   0.8919894
  99.900802    0.892206
  99.900802    0.893132
  99.899963    0.894227
  99.898613    0.895177
  99.897555    0.895691
  99.8962082   0.895818
  99.8959486   0.8958735
  99.8954359   0.8959002
  99.8949287   0.8958034
  99.894401    0.89547
  99.8940577   0.8953206
  99.8928684   0.8955526
  99.8912096   0.8961082
  99.8905037   0.8961882
  99.8902572   0.896288
  99.8899204   0.8966356
  99.8886849   0.897427
  99.8885863   0.8976617
  99.8885258   0.8980558
  99.8884239   0.8984245
  99.8881024   0.8988715
  99.8876369   0.8991794
  99.8868102   0.8994344
  99.8855752   0.9001395
  99.884296    0.9003344
  99.8830554   0.9007664
  99.8821985   0.9012553
  99.8810018   0.9017483
  99.8803525   0.9020683
  99.8803073   0.9024034
  99.8804796   0.9036553
  99.8804473   0.903902
  99.8803724   0.9040843
  99.8802194   0.90427
  99.8798959   0.9044126
  99.879193    0.904553
  99.8745411   0.9063849
  99.8739383   0.9062908
  99.8718495   0.906716
  99.8705058   0.9067222
  99.869387    0.9065239
  99.8684295   0.9062638
  99.8675642   0.9059134
  99.8667887   0.9057335
  99.866178    0.9054549
  99.8654161   0.9049865
  99.8647835   0.9043061
  99.8642771   0.9035363
  99.8639695   0.9031589
  99.8629445   0.9021202
  99.8623998   0.9014996
  99.8616158   0.9004733
  99.8610934   0.8996518
  99.8607706   0.8992544
  99.8605435   0.8990824
  99.8596383   0.8985984
  99.8591663   0.8982365
  99.8584354   0.8975203
  99.858024    0.8970584
  99.8577778   0.8969444
  99.8562877   0.8965139
  99.8554947   0.8962299
  99.8548583   0.8961244
  99.8539127   0.8960481
  99.853302    0.8959502
  99.8527244   0.895711
  99.8522229   0.8953193
  99.8516786   0.8950038
  99.8510442   0.8947359
  99.8503954   0.8942367
  99.84987     0.893991
  99.8494971   0.8938814
  99.848193    0.8939829
  99.8464854   0.8939707
  99.8453902   0.8938321
  99.844568    0.8936626
  99.843816    0.8933531
  99.8430358   0.8931977
  99.8421528   0.8928918
  99.8415631   0.8927541
  99.8406259   0.8923522
  99.8400671   0.8922305
  99.8395308   0.8922265
  99.838606    0.891972
  99.836641    0.890521
  99.834857    0.888284
  99.8325      0.884444
  99.830864    0.880499
  99.830719    0.879487
  99.830833    0.878055
  99.833889    0.87
  99.8363839   0.8642054
  99.8366875   0.8626952
  99.8369887   0.8605854
  99.8372027   0.8599421
  99.8378444   0.8583194
  99.8382573   0.8576692
  99.8388624   0.8568332
  99.8390978   0.8561398
  99.8391347   0.8550956
  99.8392277   0.8546237
  99.8395266   0.8542737
  99.8403304   0.8535502
  99.8408662   0.8531387
  99.841064    0.852491
  99.8411567   0.8517683
  99.8411067   0.8515051
  99.8411223   0.850316
  99.841204    0.849416
  99.8413441   0.8484722
  99.8412875   0.8477206
  99.841017    0.8469007
  99.8409132   0.8464114
  99.840943    0.8455655
  99.8409934   0.8451089
  99.8411478   0.8447648
  99.8413371   0.8445379
  99.8415001   0.8441399
  99.8417579   0.8432573
  99.841944    0.835555
  99.841637    0.832862
  99.841209    0.831056
  99.8406927   0.8293771
  99.8400127   0.8286952
  99.8393099   0.8277875
  99.8390615   0.8275607
  99.8387184   0.8273397
  99.8383333   0.8269444
  99.8383119   0.8259935
  99.8382531   0.8256784
  99.8382638   0.8254825
  99.8384181   0.8251728
  99.8389512   0.8244488
  99.8389183   0.8242819
  99.8387907   0.8240385
  99.838485    0.823258
  99.838485    0.821202
  99.838817    0.820205
  99.8404543   0.818339
  99.8408319   0.8179675
  99.8408299   0.8177781
  99.8408633   0.8176817
  99.841194    0.817496
  99.84285     0.816895
  99.844048    0.81556
  99.844811    0.814259
  99.845139    0.812457
  99.845108    0.811957
  99.844971    0.81139
  99.84507     0.810723
  99.845528    0.809473
  99.8458112   0.8072319
  99.845916    0.8070257
  99.8460317   0.8069111
  99.8463159   0.8068901
  99.8467389   0.80695
  99.8468417   0.806905
  99.8468773   0.8068264
  99.8469444   0.8063889
  99.8468072   0.8060467
  99.8464315   0.8053954
  99.8460985   0.8046297
  99.8458156   0.8036281
  99.8455677   0.8031374
  99.845278    0.801389
  99.844833    0.799436
  99.844621    0.797713
  99.844894    0.796867
  99.8458      0.795506
  99.8459753   0.7953157
  99.8465263   0.7950065
  99.8471723   0.7945245
  99.8480082   0.7936165
  99.8493169   0.7925119
  99.8495445   0.7922833
  99.8497343   0.7920738
  99.8500191   0.7915783
  99.8501428   0.7911072
  99.8501312   0.7909403
  99.8500289   0.7906928
  99.8493617   0.7894974
  99.8490457   0.7890175
  99.8486917   0.7886642
  99.8478725   0.7880107
  99.8464917   0.7870952
  99.8463132   0.7868273
  99.8462225   0.7866094
  99.8460673   0.7858615
  99.8457981   0.7853433
  99.8448847   0.7845715
  99.8446702   0.7843141
  99.8444219   0.7839091
  99.8441512   0.7835882
  99.8437075   0.7827369
  99.8434351   0.7821207
  99.8433152   0.781778
  99.8432807   0.7814046
  99.8433147   0.7798522
  99.8435116   0.7786344
  99.8436898   0.7781876
  99.8440755   0.7774729
  99.8442537   0.7769367
  99.8444908   0.7767284
  99.8449951   0.7758946
  99.8451141   0.775418
  99.845085    0.7749709
  99.845       0.7744444
  99.8449851   0.7733929
  99.8451522   0.7723203
  99.8461007   0.771344
  99.8464091   0.7708437
  99.8470022   0.77001
  99.8474302   0.7685801
  99.8477152   0.767913
  99.8480949   0.7673174
  99.8485798   0.7655552
  99.8484543   0.7637895
  99.848171    0.7630739
  99.8472951   0.7627152
  99.8471534   0.762429
  99.847083    0.7618567
  99.846563    0.7610455
  99.8454514   0.7597807
  99.843463    0.7589439
  99.8428001   0.7587762
  99.8421136   0.758537
  99.8414033   0.7583931
  99.8408333   0.7583333
  99.8403613   0.7583441
  99.8390381   0.7586609
  99.83788     0.758686
  99.835764    0.758262
  99.834709    0.75716
  99.83358     0.755592
  99.833511    0.754525
  99.833333    0.752778
  99.833618    0.751551
  99.833285    0.749223
  99.832227    0.746351
  99.831111    0.745
  99.828932    0.743207
  99.827133    0.741395
  99.826574    0.73967
  99.8264085   0.7380717
  99.8261004   0.7376724
  99.8258358   0.737119
  99.825344    0.73647
  99.825       0.7361111
  99.8249652   0.7360166
  99.8249417   0.7358974
  99.8250129   0.7357306
  99.8253213   0.7352661
  99.8256891   0.734599
  99.8271491   0.7315015
  99.8273631   0.7307747
  99.827673    0.7290467
  99.8277566   0.7283912
  99.8278528   0.7270563
  99.8278534   0.7265795
  99.82772     0.7251454
  99.8277204   0.7247878
  99.8278983   0.7245615
  99.8281238   0.7241088
  99.828302    0.7235965
  99.8286344   0.7228817
  99.8289669   0.7220119
  99.8290858   0.7216187
  99.8291335   0.7212969
  99.8291717   0.7189368
  99.8291139   0.717709
  99.8291666   0.7163888
  99.829305    0.7162312
  99.8298501   0.7158146
  99.8300991   0.715505
  99.8303006   0.7153741
  99.8305967   0.7152552
  99.8309404   0.7150172
  99.8312958   0.7148984
  99.8319595   0.7145061
  99.835462    0.71083
  99.835556    0.708889
  99.835426    0.706335
  99.834192    0.701731
  99.830833    0.696111
  99.835278    0.692222
  99.8430555   0.6886822
  99.849304    0.684116
  99.850556    0.683611
  99.853652    0.683525
  99.858056    0.683611
  99.86454     0.685008
  99.866944    0.685833
  99.871294    0.687081
  99.88073     0.687966
  99.884438    0.688646
  99.886627    0.688705
  99.88903     0.686809
  99.891235    0.683055
  99.89286     0.678474
  99.894661    0.677488
  99.896202    0.676593
  99.897804    0.676712
  99.900954    0.678466
  99.902481    0.679454
  99.904654    0.681038
  99.907329    0.681507
  99.909486    0.680727
  99.911316    0.67981
  99.912216    0.678286
  99.912453    0.676676
  99.9124258   0.6739738
  99.9123226   0.6736649
  99.9122697   0.6732774
  99.9123037   0.6729071
  99.9124468   0.6724685
  99.912584    0.669542
  99.913605    0.664069
  99.915117    0.658281
  99.915793    0.655458
  99.91629     0.653589
  99.916191    0.650586
  99.915954    0.649572
  99.91613     0.649095
  99.917709    0.646894
  99.9207991   0.6430166
  99.9208446   0.6430288
  99.9210276   0.6417117
  99.9210563   0.64061
  99.9211466   0.6401057
  99.9213783   0.6395974
  99.9220795   0.6383315
  99.9224329   0.6372457
  99.9226038   0.6369312
  99.9227825   0.6367413
  99.9229495   0.636676
  99.9234151   0.6366305
  99.923586    0.6365731
  99.9239435   0.6363476
  99.9242165   0.636037
  99.9244325   0.6353448
  99.9244816   0.6349552
  99.9245148   0.6339584
  99.924611    0.6335549
  99.9247072   0.633365
  99.9249724   0.6330841
  99.9251728   0.6329852
  99.9258505   0.6327577
  99.9262159   0.6325618
  99.9263475   0.6323976
  99.9263749   0.6320278
  99.9263199   0.6317312
  99.9262216   0.6315828
  99.9256926   0.6309591
  99.925369    0.630757
  99.92466     0.630578
  99.923706    0.630757
  99.923355    0.630757
  99.922936    0.630817
  99.917427    0.629089
  99.911254    0.629283
  99.909534    0.628827
  99.908971    0.62844
  99.908779    0.627745
  99.909012    0.626587
  99.909248    0.625633
  99.909958    0.624798
  99.915502    0.621859
  99.919597    0.619065
  99.922953    0.616053
  99.922882    0.615756
  99.922952    0.615137
  99.922502    0.612875
  99.9209032   0.6082106
  99.920509    0.606396
  99.920509    0.605859
  99.920921    0.605382
  99.920412    0.605069
  99.922015    0.604464
  99.924173    0.604698
  99.9256546   0.6044881
  99.9263855   0.6041823
  99.927346    0.603914
  99.9286121   0.6034197
  99.9291718   0.6028606
  99.929438    0.6025159
  99.9296801   0.6020872
  99.929991    0.598645
  99.931164    0.597332
  99.935       0.595833
  99.937233    0.594381
  99.939842    0.593486
  99.941111    0.592222
  99.946667    0.585555
  99.948853    0.583209
  99.949275    0.581191
  99.950355    0.580393
  99.951668    0.580159
  99.952372    0.579361
  99.952613    0.578055
  99.954953    0.574153
  99.956667    0.571667
  99.957909    0.570728
  99.959623    0.568721
  99.959739    0.567209
  99.959739    0.564077
  99.9599323   0.5635884
  99.9603472   0.5630732
  99.9604788   0.5615353
  99.9604435   0.561273
  99.9605151   0.5607008
  99.9606338   0.5603551
  99.9606221   0.5602121
  99.9611015   0.559186
  99.962179    0.557543
  99.963445    0.556276
  99.964546    0.555477
  99.964618    0.554399
  99.964455    0.548991
  99.964473    0.545916
  99.96357     0.543268
  99.960689    0.540136
  99.958107    0.534696
  99.957153    0.531835
  99.956249    0.530159
  99.954624    0.527608
  99.952841    0.525825
  99.951575    0.52545
  99.950309    0.524759
  99.950261    0.523807
  99.950683    0.522775
  99.951348    0.52182
  99.954199    0.51944
  99.956024    0.518003
  99.958809    0.516294
  99.959692    0.515878
  99.9601831   0.5148168
  99.960818    0.514142
  99.9607183   0.5134151
  99.9601975   0.5134417
  99.9596682   0.5135588
  99.9592821   0.5135484
  99.9590724   0.5134795
  99.9587008   0.5131556
  99.9585182   0.5130407
  99.9575134   0.5125206
  99.9572228   0.5122803
  99.9569965   0.5119878
  99.9567503   0.5112671
  99.956656    0.5111141
  99.9565056   0.5109795
  99.9561621   0.5108633
  99.9560557   0.51077
  99.9561058   0.5103125
  99.9560693   0.5102376
  99.9559629   0.5101565
  99.9557091   0.510204
  99.9550435   0.5105988
  99.9547457   0.5107197
  99.9544311   0.5107595
  99.9539706   0.5106203
  99.9537791   0.5106066
  99.9535952   0.5106663
  99.9533354   0.5109356
  99.9529328   0.5116394
  99.9526182   0.5120235
  99.9520393   0.5124764
  99.9516198   0.5125713
  99.9514557   0.5125836
  99.9512019   0.5125286
  99.9510499   0.5124414
  99.9507307   0.5121033
  99.9504891   0.511932
  99.9503417   0.51188
  99.9496745   0.5118128
  99.9494541   0.511695
  99.9491076   0.511412
  99.9489875   0.5113524
  99.9485468   0.5113173
  99.9476593   0.511501
  99.9468234   0.5115439
  99.9466091   0.5115302
  99.9460042   0.5113329
  99.945793    0.5112182
  99.945568    0.5110041
  99.9452686   0.510409
  99.9451439   0.5102989
  99.9449737   0.5102499
  99.9444388   0.5102485
  99.9441211   0.5101475
  99.9432487   0.5093536
  99.9430724   0.5091823
  99.9428413   0.5088381
  99.9427546   0.5081803
  99.9426588   0.5080074
  99.9425464   0.5079003
  99.9423853   0.5078254
  99.9418685   0.5077077
  99.9415417   0.507492
  99.9412879   0.5071891
  99.9406768   0.5062728
  99.9402938   0.5058842
  99.9400841   0.5057098
  99.9397345   0.5054926
  99.9387314   0.5050338
  99.9382055   0.5046468
  99.9378473   0.5041939
  99.9375678   0.5035843
  99.9374336   0.5033835
  99.9371726   0.5031276
  99.9366232   0.5027164
  99.936165    0.5022702
  99.9358588   0.5018635
  99.9352937   0.5009763
  99.9351447   0.5008218
  99.9348652   0.5006845
  99.9345887   0.5006308
  99.9340587   0.5006047
  99.9334693   0.5006463
  99.9331196   0.5006266
  99.9327405   0.5005119
  99.9324497   0.5003755
  99.9321589   0.5001263
  99.9319119   0.4997657
  99.9318121   0.4994407
  99.9318042   0.4987847
  99.931722    0.498641
  99.9316496   0.4985858
  99.9314402   0.4986016
  99.9313287   0.4986509
  99.9311193   0.4988518
  99.9309237   0.4988794
  99.9307319   0.4988105
  99.9306321   0.4987179
  99.9305147   0.4984855
  99.9304598   0.4982078
  99.9303953   0.4981014
  99.9302818   0.4980364
  99.9301487   0.4979931
  99.92991     0.4979991
  99.9294756   0.4981075
  99.9293367   0.4981114
  99.9288006   0.4980563
  99.9285657   0.4979795
  99.9281802   0.497759
  99.9271685   0.4969161
  99.9267615   0.4966561
  99.9264875   0.4963843
  99.9258436   0.4953443
  99.9256597   0.49498
  99.9253797   0.4940936
  99.9252271   0.4937745
  99.9246713   0.4930576
  99.9241233   0.4924313
  99.9237456   0.4920649
  99.9236458   0.4920315
  99.9234423   0.4920315
  99.9229414   0.4921911
  99.9227908   0.4921596
  99.922642    0.4919489
  99.922503    0.4911393
  99.9222818   0.4907257
  99.9221703   0.4905701
  99.9211664   0.4895893
  99.9209257   0.4893726
  99.9206517   0.4892348
  99.9203367   0.4892328
  99.9199747   0.4893235
  99.9198534   0.4893176
  99.9197693   0.4892723
  99.9196675   0.4890872
  99.9195461   0.4884667
  99.9194756   0.4882934
  99.9193426   0.4881614
  99.9191978   0.4881004
  99.9185814   0.4880355
  99.9184346   0.487935
  99.9184091   0.4877026
  99.9186224   0.487285
  99.9186439   0.4870112
  99.9186165   0.4869008
  99.9185323   0.4867787
  99.9183053   0.4865739
  99.9179855   0.4863669
  99.9179      0.485688
  99.917839    0.484737
  99.917633    0.483309
  99.91716     0.482222
  99.91655     0.48161
  99.915387    0.48077
  99.913712    0.479843
  99.913376    0.479503
  99.912834    0.478551
  99.912293    0.47692
  99.911645    0.475855
  99.910801    0.474682
  99.909722    0.473368
  99.908352    0.472053
  99.907282    0.471538
  99.905205    0.471089
  99.902871    0.470881
  99.899821    0.471256
  99.892408    0.471538
  99.891221    0.471404
  99.889733    0.470271
  99.887528    0.46816
  99.884133    0.467037
  99.882179    0.466846
  99.880584    0.467221
  99.878105    0.468257
  99.876775    0.468677
  99.874916    0.468418
  99.873001    0.467455
  99.871106    0.46572
  99.869067    0.465079
  99.867577    0.465102
  99.864349    0.465298
  99.862003    0.464828
  99.860824    0.464193
  99.8586501   0.463578
  99.857101    0.463766
  99.855153    0.465204
  99.852791    0.46703
  99.85035     0.46933
  99.849313    0.469979
  99.847679    0.469609
  99.839237    0.461423
  99.83728     0.459624
  99.835802    0.458703
  99.8269454   0.4594439
  99.821652    0.45962
  99.817778    0.460278
  99.809781    0.462717
  99.808514    0.464641
  99.807951    0.467362
  99.807013    0.469333
  99.803611    0.471389
  99.800303    0.473274
  99.795833    0.475556
  99.787778    0.479444
  99.786649    0.4805
  99.785007    0.48125
  99.782333    0.481767
  99.778697    0.481926
  99.773324    0.48125
  99.767484    0.480091
  99.758309    0.478341
  99.756057    0.478201
  99.752914    0.478388
  99.751111    0.478611
  99.749619    0.477855
  99.749008    0.477364
  99.748276    0.477149
  99.747424    0.477591
  99.746814    0.478013
  99.746063    0.47867
  99.74489     0.478904
  99.743952    0.478858
  99.742779    0.478576
  99.741944    0.478333
  99.739917    0.477309
  99.738227    0.475902
  99.737007    0.473931
  99.735833    0.471389
  99.734333    0.466658
  99.7322222   0.4630555
  99.730063    0.459761
  99.726389    0.454722
  99.725184    0.453192
  99.722838    0.452019
  99.720585    0.451315
  99.717817    0.451362
  99.715833    0.452501
  99.713125    0.453943
  99.709722    0.456944
  99.704492    0.460746
  99.702778    0.462778
  99.701864    0.466189
  99.700783    0.46809
  99.699237    0.469145
  99.696667    0.469722
  99.691865    0.469342
  99.690173    0.469341
  99.687222    0.468889
  99.684309    0.468896
  99.681215    0.469544
  99.6805765   0.4698359
  99.6780555   0.4713889
  99.6767725   0.4727326
  99.6760831   0.4736183
  99.6750647   0.4752865
  99.674663    0.475853
  99.672222    0.478889
  99.671286    0.48285
  99.668056    0.487222
  99.667565    0.488654
  99.666877    0.489948
  99.665785    0.491161
  99.664107    0.49282
  99.663399    0.493952
  99.663055    0.494722
  99.662954    0.495347
  99.662974    0.495752
  99.662651    0.499352
  99.662266    0.500484
  99.661822    0.501475
  99.661215    0.502628
  99.660556    0.503611
  99.659961    0.507865
  99.660002    0.509038
  99.660244    0.510393
  99.660871    0.511788
  99.661667    0.512778
  99.664531    0.513912
  99.665239    0.514801
  99.665375    0.516177
  99.66436     0.517914
  99.663773    0.518584
  99.663298    0.519331
  99.66081     0.52463
  99.660264    0.525297
  99.659536    0.526045
  99.658242    0.527481
  99.656846    0.529268
  99.656189    0.530599
  99.655785    0.531069
  99.655327    0.531721
  99.654945    0.531829
  99.653702    0.531422
  99.651909    0.530988
  99.651039    0.531033
  99.649526    0.531647
  99.6492728   0.5323395
  99.6502369   0.5332847
  99.6508884   0.5343993
  99.6513119   0.535514
  99.6514586   0.5369073
  99.6503678   0.5387926
  99.648737    0.541069
  99.64782     0.541682
  99.646965    0.542161
  99.646362    0.542641
  99.64566     0.542948
  99.644882    0.543464
  99.644455    0.543944
  99.64373     0.544604
  99.643311    0.544831
  99.6425413   0.5453329
  99.6406357   0.5459222
  99.6396799   0.5460659
  99.6383246   0.546023
  99.6373545   0.5460374
  99.6353429   0.5454344
  99.6345867   0.5449749
  99.6341587   0.5447883
  99.6338448   0.5444867
  99.633317    0.5442283
  99.6322381   0.5433552
  99.6305384   0.54228
  99.6295397   0.5413466
  99.6283626   0.5399106
  99.6271581   0.5386364
  99.6260441   0.5375411
  99.6249384   0.5375412
  99.6244747   0.5372181
  99.6235116   0.5361052
  99.6229052   0.5348486
  99.6222632   0.5342024
  99.6217994   0.5335921
  99.6211574   0.5325868
  99.620829    0.5321549
  99.6205866   0.5316534
  99.6199089   0.5311867
  99.6193739   0.5306482
  99.6185892   0.5301815
  99.6173409   0.5297866
  99.6164492   0.5293559
  99.6144238   0.528592
  99.6138589   0.5283275
  99.6130066   0.5278525
  99.6120554   0.5274218
  99.6096491   0.5260529
  99.6086599   0.5256604
  99.6072427   0.5251722
  99.6066245   0.525
  99.6059683   0.524933
  99.6051693   0.5247895
  99.6046748   0.5248182
  99.6042277   0.5246842
  99.6032272   0.5248034
  99.602631    0.524791
  99.60189     0.524706
  99.600036    0.524697
  99.598793    0.524462
  99.598129    0.524281
  99.597672    0.524
  99.597084    0.523802
  99.59635     0.52345
  99.595391    0.522526
  99.594643    0.521758
  99.593429    0.520282
  99.592883    0.519675
  99.592256    0.51917
  99.591545    0.518455
  99.590895    0.51788
  99.59076     0.51743
  99.590295    0.516864
  99.589223    0.51646
  99.58716     0.516197
  99.585361    0.516035
  99.583217    0.516015
  99.582411    0.515684
  99.581862    0.515327
  99.581357    0.514822
  99.580345    0.513568
  99.579395    0.512476
  99.578788    0.511546
  99.578049    0.510794
  99.577538    0.510387
  99.577347    0.510305
  99.576889    0.50998
  99.576309    0.50969
  99.575266    0.509358
  99.574501    0.509018
  99.573369    0.508856
  99.571832    0.509483
  99.571124    0.509604
  99.569336    0.510071
  99.5682515   0.5104792
  99.5671816   0.5106588
  99.5658791   0.5107159
  99.5645666   0.5106969
  99.5623981   0.5104481
  99.5612377   0.5103525
  99.5592528   0.5102644
  99.558579    0.510389
  99.557183    0.511131
  99.556053    0.51142
  99.555046    0.511863
  99.553627    0.51304
  99.552849    0.513438
  99.551204    0.514473
  99.549724    0.51513
  99.548361    0.5162
  99.546202    0.517244
  99.543755    0.517819
  99.542604    0.518143
  99.541465    0.518388
  99.539977    0.518323
  99.538646    0.518539
  99.534903    0.519475
  99.534076    0.519727
  99.532564    0.520374
  99.531197    0.520986
  99.530214    0.521555
  99.528858    0.521922
  99.527994    0.522497
  99.527347    0.523037
  99.526051    0.524477
  99.5249      0.526096
  99.524445    0.52654
  99.52269     0.528612
  99.522293    0.529255
  99.521988    0.52939
  99.521126    0.530214
  99.520607    0.531363
  99.520348    0.531797
  99.519974    0.532874
  99.519661    0.533652
  99.519278    0.533751
  99.518746    0.534588
  99.518135    0.535128
  99.517163    0.535776
  99.515236    0.536701
  99.514801    0.536864
  99.514275    0.537144
  99.514275    0.537343
  99.513161    0.537723
  99.51281     0.537732
  99.51252     0.537931
  99.512436    0.538592
  99.512642    0.538863
  99.512901    0.539017
  99.513214    0.539135
  99.513985    0.539723
  99.514267    0.540021
  99.514427    0.540374
  99.514641    0.54069
  99.51519     0.541143
  99.51548     0.541468
  99.515747    0.541704
  99.517311    0.542916
  99.517708    0.543332
  99.518226    0.543802
  99.51915     0.54506
  99.519684    0.54563
  99.51979     0.546103
  99.519676    0.546905
  99.519806    0.547312
  99.519821    0.547629
  99.519981    0.548154
  99.520203    0.549357
  99.520332    0.550506
  99.520477    0.550895
  99.520477    0.55142
  99.520393    0.551809
  99.520126    0.552062
  99.519615    0.55208
  99.51918     0.551981
  99.518906    0.551601
  99.51844     0.551284
  99.518031    0.55123
  99.517715    0.550958
  99.517265    0.550696
  99.516685    0.55019
  99.515457    0.549439
  99.515038    0.549068
  99.514656    0.548661
  99.513916    0.548136
  99.513039    0.547431
  99.512787    0.547349
  99.511627    0.546354
  99.511375    0.546065
  99.511066    0.545947
  99.510353    0.545395
  99.50975     0.545061
  99.509224    0.544409
  99.508873    0.544201
  99.508682    0.544002
  99.507627    0.542397
  99.506655    0.541425
  99.504609    0.539852
  99.503693    0.539407
  99.502586    0.538466
  99.502106    0.538195
  99.501343    0.537878
  99.500946    0.537625
  99.500259    0.537453
  99.498909    0.537012
  99.498604    0.536806
  99.496094    0.535569
  99.495628    0.535209
  99.49527     0.534848
  99.494705    0.534127
  99.494301    0.533766
  99.49353     0.533251
  99.488333    0.530857
  99.486396    0.53027
  99.483611    0.529722
  99.481358    0.528543
  99.479883    0.528003
  99.4776      0.526655
  99.477341    0.526604
  99.476389    0.526111
  99.475745    0.524908
  99.472614    0.521598
  99.471944    0.520556
  99.471135    0.517222
  99.470563    0.515301
  99.469722    0.513611
  99.468656    0.512314
  99.465201    0.508499
  99.461944    0.505556
  99.458688    0.501626
  99.455278    0.498055
  99.452571    0.495473
  99.450304    0.493458
  99.448333    0.491389
  99.446561    0.48896
  99.445446    0.486369
  99.443889    0.483333
  99.442387    0.480719
  99.44048     0.478848
  99.438537    0.477589
  99.436944    0.477222
  99.435874    0.476761
  99.431484    0.47525
  99.429444    0.475556
  99.427957    0.475826
  99.42695     0.476185
  99.425115    0.477805
  99.4245922   0.4784866
  99.4240046   0.4796987
  99.4230917   0.4813456
  99.4222262   0.4822098
  99.4216342   0.4826838
  99.4205856   0.4832942
  99.4202861   0.4835097
  99.4193302   0.4840268
  99.4189379   0.4841848
  99.4178608   0.4847378
  99.416083    0.485397
  99.415075    0.485685
  99.413889    0.486111
  99.413204    0.486477
  99.41198     0.486261
  99.411189    0.485541
  99.410037    0.48439
  99.408741    0.482777
  99.406943    0.479712
  99.406223    0.478272
  99.404963    0.477373
  99.4035384   0.4759959
  99.4027026   0.4755218
  99.4020106   0.4750622
  99.4015005   0.4745351
  99.40139     0.4741725
  99.4011925   0.4728269
  99.4008358   0.4711274
  99.4006812   0.4706128
  99.4005031   0.469532
  99.399962    0.467873
  99.39883     0.465122
  99.3985399   0.4646856
  99.39773     0.463159
  99.390507    0.456755
  99.388626    0.455206
  99.387024    0.453533
  99.386359    0.452687
  99.385203    0.451328
  99.384776    0.449701
  99.384128    0.448765
  99.383337    0.447038
  99.382509    0.446642
  99.381706    0.446156
  99.3810362   0.4456272
  99.3809759   0.4457279
  99.38084     0.4457879
  99.3794243   0.445671
  99.3791452   0.4456782
  99.3789043   0.4458102
  99.3784384   0.4470277
  99.3783415   0.4471984
  99.3781477   0.4472812
  99.3780071   0.4472227
  99.3779296   0.447057
  99.3778181   0.4465842
  99.3774644   0.4461503
  99.3772026   0.4454656
  99.3769361   0.4450902
  99.3768537   0.4449148
  99.3767858   0.4445638
  99.3770139   0.4439525
  99.3770865   0.4438209
  99.377227    0.4436747
  99.3779248   0.4431969
  99.3783366   0.4429921
  99.3785821   0.4429283
  99.377862    0.442227
  99.376581    0.441173
  99.369375    0.434695
  99.365998    0.431547
  99.364308    0.425425
  99.363609    0.421774
  99.362623    0.417556
  99.360375    0.410967
  99.357624    0.40499
  99.357014    0.403122
  99.353983    0.397047
  99.3520051   0.3920766
  99.351742    0.391406
  99.350466    0.389566
  99.350663    0.387807
  99.3505655   0.3874545
  99.349907    0.385073
  99.345112    0.378149
  99.339652    0.366792
  99.338608    0.365353
  99.334326    0.35866
  99.325278    0.345278
  99.323854    0.343331
  99.321442    0.340529
  99.3186903   0.3370985
  99.3183365   0.3363382
  99.3180321   0.335802
  99.3175419   0.335112
  99.3170283   0.334279
  99.3166666   0.3338888
  99.3162294   0.3337141
  99.3152824   0.3338504
  99.3143979   0.3340611
  99.3129808   0.3345494
  99.3107077   0.3354112
  99.308349    0.3364071
  99.3063422   0.3370295
  99.3044115   0.3376807
  99.3022222   0.3386111
  99.3005286   0.339761
  99.2990782   0.3408023
  99.2972117   0.3419633
  99.2958683   0.34249
  99.2952145   0.34287
  99.2946995   0.3430862
  99.293987    0.343151
  99.292764    0.342575
  99.291432    0.341675
  99.289777    0.340236
  99.288913    0.339228
  99.288055    0.339167
  99.286682    0.339876
  99.285315    0.34074
  99.283372    0.341891
  99.280853    0.343259
  99.277686    0.34459
  99.276391    0.34531
  99.2749268   0.3452759
  99.2741913   0.344995
  99.2738644   0.3449173
  99.2726101   0.3443009
  99.2706543   0.3428647
  99.2702777   0.3424999
  99.2692039   0.3421766
  99.268443    0.3420988
  99.2682178   0.3421159
  99.268078    0.342323
  99.267503    0.342863
  99.266495    0.343259
  99.265128    0.343726
  99.263688    0.344554
  99.262753    0.34459
  99.261964    0.344236
  99.261421    0.342719
  99.26099     0.341315
  99.260126    0.339804
  99.2595692   0.339136
  99.2588843   0.3386764
  99.2581459   0.3383612
  99.2572104   0.3382551
  99.2563354   0.3385615
  99.2554984   0.3389637
  99.2530213   0.3393194
  99.2517235   0.3391399
  99.251017    0.3390861
  99.2500771   0.3385234
  99.2489483   0.3383722
  99.2466894   0.3383804
  99.2460824   0.3382363
  99.2457781   0.3377767
  99.2457971   0.3369149
  99.2457019   0.333736
  99.2455116   0.3325679
  99.2452881   0.3322382
  99.2443465   0.3311371
  99.2436817   0.3300404
  99.242653    0.328941
  99.241666    0.328289
  99.240226    0.328577
  99.238643    0.329369
  99.2374807   0.3295414
  99.2366484   0.3296013
  99.2346154   0.3294457
  99.2330937   0.3296133
  99.2313698   0.3296852
  99.2260198   0.3295053
  99.223494    0.329261
  99.221658    0.328001
  99.219718    0.32733
  99.21806     0.326094
  99.216189    0.325122
  99.214749    0.323899
  99.212989    0.322095
  99.211799    0.319869
  99.209856    0.318429
  99.208056    0.317422
  99.206257    0.317134
  99.20415     0.316702
  99.202587    0.315479
  99.200752    0.313715
  99.19852     0.312708
  99.195924    0.313003
  99.193663    0.311628
  99.190352    0.308102
  99.190117    0.30612
  99.190064    0.303892
  99.189848    0.300833
  99.188913    0.296047
  99.188013    0.293852
  99.187293    0.292269
  99.187437    0.290829
  99.189012    0.288818
  99.19046     0.286439
  99.191084    0.282487
  99.193737    0.277814
  99.195803    0.275256
  99.196143    0.271953
  99.189639    0.266581
  99.187149    0.262401
  99.185134    0.258803
  99.180816    0.254017
  99.176498    0.251138
  99.175095    0.249447
  99.175128    0.247919
  99.175562    0.243402
  99.17531     0.240379
  99.172772    0.235804
  99.171208    0.233326
  99.168517    0.229663
  99.1672133   0.2282523
  99.1627806   0.2225919
  99.0892204   0.1606214
  98.9123884   -0.024511
  98.749275    -0.6570281
  98.6322317   -0.8064328
  98.2364008   -1.0336376
  97.6912489   -0.2079011
  97.6766991   -0.1887911
  97.6635815   -0.1692715
  97.1868092   0.639479
  97.0679326   0.8411163
  96.9083037   1.1118602
  96.8906614   1.1510108
  96.8813572   1.192972
  96.8682399   1.3131333
  96.7203878   1.4586943
END
END
