polygon
1
  -67.5615656  -14.3691369
  -67.5612213  -14.3711526
  -67.560732   -14.3723131
  -67.5594703  -14.3737647
  -67.5570975  -14.3750187
  -67.5536442  -14.3753861
  -67.5521307  -14.3750224
  -67.5478262  -14.3760804
  -67.5452821  -14.3770817
  -67.5423198  -14.3788363
  -67.5410032  -14.3805185
  -67.5402098  -14.3823269
  -67.5398031  -14.3839268
  -67.5397146  -14.3859888
  -67.5404818  -14.3885708
  -67.5421156  -14.3909311
  -67.5446024  -14.3929141
  -67.5484421  -14.3942142
  -67.5531285  -14.3945409
  -67.5556197  -14.395049
  -67.558005   -14.3958454
  -67.5595521  -14.3973336
  -67.5605825  -14.3989536
  -67.5612898  -14.4001924
  -67.5615657  -14.4021152
  -67.5614829  -14.4037212
  -67.5611795  -14.4050213
  -67.5607074  -14.4057317
  -67.5602386  -14.4063609
  -67.5589707  -14.4075669
  -67.5566669  -14.4114456
  -67.5551846  -14.4127994
  -67.5533665  -14.4135898
  -67.5507091  -14.4134384
  -67.5484474  -14.4128877
  -67.5464646  -14.4125274
  -67.544015   -14.4125
  -67.5428828  -14.4128773
  -67.5425409  -14.4131984
  -67.5424461  -14.4136905
  -67.5426191  -14.4153305
  -67.5428104  -14.4165393
  -67.5426757  -14.4177189
  -67.5424483  -14.4189708
  -67.542305   -14.4199908
  -67.5421187  -14.4218607
  -67.5416324  -14.4234478
  -67.54062    -14.4258492
  -67.5390579  -14.4287333
  -67.5367827  -14.431884
  -67.5349775  -14.4347328
  -67.5344495  -14.4357914
  -67.5340888  -14.4371777
  -67.5338182  -14.43885
  -67.5334355  -14.4405804
  -67.5340847  -14.4427948
  -67.5343906  -14.4440347
  -67.5350346  -14.4473496
  -67.5343158  -14.4497495
  -67.5337793  -14.4508508
  -67.5319232  -14.4526586
  -67.5317945  -14.4534481
  -67.5315299  -14.4544907
  -67.5311722  -14.4559
  -67.531022   -14.4580817
  -67.5298633  -14.4606374
  -67.5293483  -14.4626321
  -67.5276317  -14.4651254
  -67.5243701  -14.4676187
  -67.5230932  -14.4682369
  -67.5212802  -14.4691146
  -67.5175037  -14.4719403
  -67.5141026  -14.4753061
  -67.5132049  -14.4764974
  -67.5129294  -14.4780419
  -67.5126971  -14.4804171
  -67.5120105  -14.4849046
  -67.5116672  -14.4878963
  -67.5114741  -14.489444
  -67.5113346  -14.4902283
  -67.5109805  -14.4908879
  -67.5102402  -14.4919682
  -67.5090923  -14.4930485
  -67.505659   -14.4945443
  -67.5020541  -14.4948767
  -67.4998225  -14.4945443
  -67.496561   -14.4932147
  -67.4927844  -14.4922175
  -67.4891795  -14.4923837
  -67.486433   -14.4935471
  -67.4834182  -14.4947417
  -67.4821897  -14.4954169
  -67.4813153  -14.4964556
  -67.4804521  -14.4979104
  -67.480044   -14.4987979
  -67.4802424  -14.4997483
  -67.4819083  -14.5035991
  -67.4826037  -14.5052464
  -67.4832659  -14.5068153
  -67.4834926  -14.5076117
  -67.4852669  -14.5099307
  -67.4878062  -14.5118282
  -67.4903812  -14.5128253
  -67.4926128  -14.5139886
  -67.4945114  -14.5161792
  -67.4948444  -14.5166475
  -67.4967326  -14.5214043
  -67.4972366  -14.5238375
  -67.4973764  -14.5265351
  -67.4975909  -14.5319356
  -67.4979343  -14.5375853
  -67.4989642  -14.5390808
  -67.4984493  -14.5435672
  -67.4982776  -14.5463919
  -67.4988798  -14.548192
  -67.4998225  -14.5500474
  -67.5001715  -14.55246
  -67.4998225  -14.5551981
  -67.4998225  -14.5582529
  -67.5013382  -14.5591603
  -67.5024497  -14.5602384
  -67.5038244  -14.5622497
  -67.5067943  -14.5638842
  -67.5082603  -14.5651775
  -67.5114955  -14.5673269
  -67.5149019  -14.5677215
  -67.5165396  -14.5683418
  -67.5171808  -14.5689667
  -67.5176778  -14.5699408
  -67.5176322  -14.5708826
  -67.5162948  -14.5731872
  -67.5151039  -14.577165
  -67.5151141  -14.5809427
  -67.5158553  -14.5837664
  -67.5170843  -14.5874893
  -67.5195324  -14.5913597
  -67.5237674  -14.5931606
  -67.5293298  -14.5917995
  -67.5314082  -14.5914163
  -67.5335977  -14.5908866
  -67.5348415  -14.5905857
  -67.537631   -14.5907934
  -67.5386775  -14.5912063
  -67.5395894  -14.5916406
  -67.5413297  -14.5925551
  -67.5414794  -14.5941892
  -67.5414466  -14.5956435
  -67.5403619  -14.5977352
  -67.5377597  -14.6003038
  -67.53482    -14.6020065
  -67.5332129  -14.60298
  -67.532009   -14.6037092
  -67.5298632  -14.6049551
  -67.5270738  -14.606284
  -67.5249924  -14.6087134
  -67.5233401  -14.6112465
  -67.5228895  -14.612918
  -67.5231256  -14.6147141
  -67.5242843  -14.6176002
  -67.528092   -14.6206892
  -67.5305122  -14.6228376
  -67.5317965  -14.6268819
  -67.5309876  -14.628901
  -67.5301072  -14.6298093
  -67.528879   -14.6312043
  -67.5282293  -14.632057
  -67.52785    -14.6332195
  -67.5275474  -14.634341
  -67.5280368  -14.6361578
  -67.5305627  -14.6384755
  -67.5308527  -14.6409641
  -67.5293632  -14.6429001
  -67.5283299  -14.6431733
  -67.5274265  -14.6429461
  -67.5263896  -14.6424432
  -67.525119   -14.6417107
  -67.5237623  -14.6406259
  -67.522063   -14.6394869
  -67.52001    -14.6391153
  -67.51794    -14.6390184
  -67.5152684  -14.6386314
  -67.5134748  -14.6380685
  -67.5117583  -14.6386738
  -67.5117791  -14.6402368
  -67.5103729  -14.6412312
  -67.5100729  -14.6413547
  -67.5097161  -14.6415514
  -67.5100758  -14.6428231
  -67.5107     -14.6440263
  -67.5115144  -14.6451028
  -67.513086   -14.6464225
  -67.5155046  -14.6497921
  -67.5156852  -14.6516912
  -67.515799   -14.653151
  -67.5150808  -14.655662
  -67.5144758  -14.6570285
  -67.5136179  -14.6577569
  -67.510533   -14.6627311
  -67.5070352  -14.6662968
  -67.5033118  -14.6701171
  -67.5020048  -14.6712679
  -67.4986056  -14.6719989
  -67.4943983  -14.6743013
  -67.4907804  -14.6769264
  -67.4910341  -14.6781443
  -67.4928533  -14.6792241
  -67.4945078  -14.679664
  -67.4963747  -14.6812
  -67.4966461  -14.6820527
  -67.496979   -14.6827863
  -67.4972224  -14.6832057
  -67.497286   -14.6835797
  -67.4971873  -14.6839297
  -67.496958   -14.6841686
  -67.4967069  -14.6843756
  -67.4963035  -14.6847291
  -67.4956768  -14.6852742
  -67.4939994  -14.6858377
  -67.4906171  -14.687379
  -67.4881402  -14.6881546
  -67.4866171  -14.6885972
  -67.4861265  -14.6886711
  -67.4856054  -14.6885908
  -67.4834851  -14.6876799
  -67.4816835  -14.6868769
  -67.4798987  -14.6862922
  -67.4774537  -14.6857882
  -67.4770002  -14.6857368
  -67.4765851  -14.6857662
  -67.4762383  -14.6859056
  -67.4749704  -14.6869409
  -67.4748453  -14.6873377
  -67.4749175  -14.6876465
  -67.4766043  -14.6902131
  -67.4780634  -14.692743
  -67.4788768  -14.6943176
  -67.4792551  -14.6946855
  -67.4795959  -14.6951777
  -67.4798162  -14.6956706
  -67.4798116  -14.6962937
  -67.4796813  -14.6967835
  -67.4794492  -14.6972488
  -67.4789317  -14.6977841
  -67.4780624  -14.6984141
  -67.4765992  -14.6991365
  -67.4757526  -14.6995698
  -67.474626   -14.6995116
  -67.4734932  -14.6993959
  -67.4709068  -14.6993798
  -67.4702146  -14.6996175
  -67.4696985  -14.6999563
  -67.4693954  -14.7003267
  -67.469162   -14.7007139
  -67.4657701  -14.7069199
  -67.4644984  -14.7087431
  -67.4625426  -14.7114979
  -67.4616427  -14.7124819
  -67.4608363  -14.7131854
  -67.4596842  -14.7140645
  -67.4587594  -14.715426
  -67.4575463  -14.7166619
  -67.4562858  -14.7175045
  -67.4524859  -14.7197569
  -67.4507349  -14.72076
  -67.4483499  -14.7219967
  -67.4475     -14.7224708
  -67.4459492  -14.7225705
  -67.4451037  -14.722828
  -67.4445022  -14.7238449
  -67.4445193  -14.7250763
  -67.4428234  -14.726866
  -67.4409966  -14.7284449
  -67.4408607  -14.7298772
  -67.4420581  -14.7312495
  -67.4417926  -14.7345267
  -67.4407047  -14.7359971
  -67.4393685  -14.7358997
  -67.4383528  -14.7353434
  -67.4374222  -14.7342821
  -67.4363746  -14.7338454
  -67.4349714  -14.7336093
  -67.4325934  -14.7342937
  -67.4314326  -14.7355532
  -67.430651   -14.7395806
  -67.4292345  -14.7406716
  -67.4275534  -14.7411116
  -67.4257325  -14.7395199
  -67.4229369  -14.7380583
  -67.4204812  -14.7383389
  -67.4194097  -14.7390604
  -67.4195471  -14.7402931
  -67.4198768  -14.7406771
  -67.4219596  -14.7432252
  -67.4213542  -14.7452315
  -67.4185925  -14.7465393
  -67.4183751  -14.747582
  -67.4182455  -14.7483275
  -67.42019    -14.7504561
  -67.4218845  -14.7524483
  -67.4221088  -14.7551807
  -67.4225923  -14.7582011
  -67.4245746  -14.7607921
  -67.424265   -14.7641282
  -67.4218618  -14.7670755
  -67.4203127  -14.7671025
  -67.4191425  -14.766691
  -67.4184239  -14.764788
  -67.4176235  -14.7625597
  -67.4165954  -14.760947
  -67.4154266  -14.7602094
  -67.412564   -14.7604041
  -67.4104223  -14.7619665
  -67.4094538  -14.7648622
  -67.4096776  -14.7666183
  -67.4104473  -14.7676135
  -67.4149143  -14.7687364
  -67.4168352  -14.7692779
  -67.4175637  -14.7707312
  -67.4171663  -14.7731216
  -67.4146558  -14.7745801
  -67.4125924  -14.7749637
  -67.4103842  -14.775885
  -67.4089592  -14.7767248
  -67.4073606  -14.7777488
  -67.4057768  -14.7797814
  -67.4047244  -14.7839112
  -67.4052374  -14.7860934
  -67.4067633  -14.7926336
  -67.4051539  -14.7948738
  -67.4021222  -14.7970194
  -67.4003994  -14.7972783
  -67.3996488  -14.7961416
  -67.4005769  -14.7939243
  -67.401235   -14.7923464
  -67.4007044  -14.79078
  -67.3983315  -14.7893532
  -67.3955982  -14.7897095
  -67.3934459  -14.7902681
  -67.3926017  -14.7903991
  -67.3919194  -14.7918824
  -67.3918092  -14.793471
  -67.3928992  -14.7959798
  -67.3945704  -14.7984226
  -67.3949019  -14.8014736
  -67.3956982  -14.8046329
  -67.3970161  -14.8073698
  -67.399116   -14.8097332
  -67.3998146  -14.8113108
  -67.3995495  -14.8142971
  -67.4020109  -14.8174193
  -67.4012348  -14.8203733
  -67.3994092  -14.8202892
  -67.398621   -14.8169238
  -67.3976587  -14.8153052
  -67.3963511  -14.8145004
  -67.3941133  -14.8149986
  -67.3930613  -14.8167479
  -67.3928485  -14.8174336
  -67.3918821  -14.8195698
  -67.3915462  -14.8208869
  -67.3912276  -14.8234681
  -67.3928364  -14.8263132
  -67.3952347  -14.8273753
  -67.3970775  -14.826326
  -67.3992082  -14.8230046
  -67.4007218  -14.8228675
  -67.4029596  -14.8236983
  -67.403416   -14.8251965
  -67.4036756  -14.8277285
  -67.4049096  -14.8295799
  -67.4099621  -14.830118
  -67.4110797  -14.8309247
  -67.4109566  -14.8319971
  -67.410284   -14.8327153
  -67.4094428  -14.8330503
  -67.4083383  -14.8327119
  -67.4070558  -14.8320804
  -67.4062822  -14.8315875
  -67.4051424  -14.8314296
  -67.4035344  -14.8323639
  -67.4031782  -14.8330278
  -67.4042569  -14.8364069
  -67.4059811  -14.8386599
  -67.4066772  -14.8407231
  -67.4066177  -14.8426963
  -67.405572   -14.8443796
  -67.40433    -14.8465596
  -67.4028892  -14.8480168
  -67.4016519  -14.849592
  -67.401865   -14.8515237
  -67.4031874  -14.8532981
  -67.405913   -14.8562087
  -67.4074478  -14.858421
  -67.407998   -14.8599447
  -67.4082025  -14.8606713
  -67.4082681  -14.8639251
  -67.4086056  -14.8651361
  -67.4093592  -14.8664593
  -67.4107075  -14.8681451
  -67.4132006  -14.8697796
  -67.4158166  -14.8702714
  -67.4176227  -14.8711604
  -67.4193204  -14.8732891
  -67.4183518  -14.8753785
  -67.4148554  -14.8770009
  -67.4134157  -14.8779985
  -67.4136879  -14.880059
  -67.4159814  -14.8815909
  -67.4192143  -14.8819535
  -67.4202202  -14.8810727
  -67.4202593  -14.8777035
  -67.421176   -14.8768492
  -67.4228352  -14.8772875
  -67.423502   -14.8797
  -67.4242095  -14.8819354
  -67.425214   -14.8837239
  -67.4271353  -14.8858949
  -67.4277641  -14.8869366
  -67.4277304  -14.8875801
  -67.4281474  -14.8883209
  -67.4288647  -14.8885437
  -67.4290731  -14.8889633
  -67.4287449  -14.891613
  -67.4303196  -14.8942824
  -67.4305237  -14.895736
  -67.4304181  -14.8966124
  -67.4292815  -14.8977678
  -67.4276366  -14.8984815
  -67.4251539  -14.8986099
  -67.4226515  -14.8987331
  -67.4215856  -14.899579
  -67.4211659  -14.9008989
  -67.4219267  -14.9034776
  -67.4228934  -14.9064953
  -67.4224975  -14.9084874
  -67.4224578  -14.9104588
  -67.4233976  -14.9128733
  -67.4237603  -14.914931
  -67.4252244  -14.9178557
  -67.428643   -14.9216579
  -67.4296512  -14.923069
  -67.4288487  -14.9247948
  -67.426697   -14.9266976
  -67.4250135  -14.9257885
  -67.424201   -14.9237507
  -67.423055   -14.9216828
  -67.4216613  -14.9208922
  -67.4198634  -14.9214443
  -67.4190185  -14.9226827
  -67.4215621  -14.9296535
  -67.4204188  -14.9308859
  -67.4190002  -14.9310801
  -67.4185637  -14.9310495
  -67.4168874  -14.9317422
  -67.4157856  -14.9335206
  -67.4166808  -14.9346436
  -67.4187561  -14.9349192
  -67.4201942  -14.9349397
  -67.4213714  -14.9349937
  -67.4227707  -14.9355498
  -67.423658   -14.9362913
  -67.4244727  -14.9373851
  -67.4251271  -14.938821
  -67.4253335  -14.9404773
  -67.4229102  -14.9417123
  -67.4210379  -14.94239
  -67.4196298  -14.9433286
  -67.4182201  -14.9454566
  -67.417673   -14.9463471
  -67.417249   -14.9471199
  -67.4166629  -14.9479367
  -67.4163325  -14.9486615
  -67.4160241  -14.9495265
  -67.4162398  -14.9512138
  -67.4161343  -14.9520272
  -67.4161024  -14.9525493
  -67.4163907  -14.9531479
  -67.4166142  -14.9537954
  -67.4171388  -14.9551706
  -67.4185105  -14.9564129
  -67.4208682  -14.9578964
  -67.4218101  -14.9589504
  -67.4218558  -14.9593847
  -67.4220477  -14.9612107
  -67.4218767  -14.9629799
  -67.4211653  -14.9640815
  -67.4207177  -14.9650617
  -67.4198228  -14.9663679
  -67.4198296  -14.9694921
  -67.4196928  -14.9707534
  -67.4193341  -14.9707779
  -67.4181763  -14.9700344
  -67.417364   -14.9689618
  -67.4159319  -14.9679196
  -67.4144851  -14.9678591
  -67.412549   -14.9686
  -67.4117021  -14.9696413
  -67.4110507  -14.9708693
  -67.4108223  -14.9729533
  -67.410762   -14.973907
  -67.4108734  -14.9744642
  -67.4107447  -14.9753907
  -67.4103797  -14.9772484
  -67.4094018  -14.9778544
  -67.409139   -14.979614
  -67.4119333  -14.9810935
  -67.4138178  -14.9828139
  -67.414768   -14.9836964
  -67.4159632  -14.985918
  -67.4167254  -14.9871563
  -67.4168092  -14.9882126
  -67.4160692  -14.9896639
  -67.4147365  -14.9915466
  -67.4140764  -14.9924583
  -67.4123079  -14.9943008
  -67.4112135  -14.9948996
  -67.4095391  -14.9941236
  -67.4083085  -14.9931485
  -67.4070912  -14.9926639
  -67.406228   -14.9926397
  -67.4059644  -14.9926323
  -67.4044066  -14.9933396
  -67.4038384  -14.9934478
  -67.402661   -14.9930824
  -67.4011979  -14.9932354
  -67.3991542  -14.9934263
  -67.397565   -14.994592
  -67.3978214  -14.9966115
  -67.399316   -14.9979791
  -67.4007836  -14.9994136
  -67.4017423  -15.0011628
  -67.4016183  -15.0035726
  -67.4012063  -15.0048426
  -67.3996512  -15.0063215
  -67.3982245  -15.0070546
  -67.3954739  -15.0071583
  -67.3933072  -15.0079525
  -67.3909397  -15.0101537
  -67.3887967  -15.0119347
  -67.386843   -15.01122
  -67.3847076  -15.0105691
  -67.3826495  -15.0107511
  -67.3796964  -15.0116833
  -67.3779163  -15.0149615
  -67.3761677  -15.0164988
  -67.3759113  -15.0183931
  -67.3770933  -15.0203212
  -67.3770931  -15.0233834
  -67.3749739  -15.0258934
  -67.3711569  -15.0269565
  -67.3692443  -15.0272782
  -67.3671831  -15.0278958
  -67.3639993  -15.0287062
  -67.3630347  -15.0312367
  -67.3628345  -15.0320597
  -67.3626812  -15.0328789
  -67.3622725  -15.033316
  -67.3602617  -15.0330186
  -67.359465   -15.0315067
  -67.359938   -15.0297795
  -67.3617094  -15.0272113
  -67.361927   -15.024718
  -67.3606129  -15.0232341
  -67.3581069  -15.0234274
  -67.3562696  -15.0239673
  -67.3556256  -15.0242721
  -67.3548413  -15.0250116
  -67.3544091  -15.0253198
  -67.3530633  -15.0272862
  -67.3525697  -15.0285721
  -67.3519703  -15.0308263
  -67.3514745  -15.0325114
  -67.3512205  -15.0335894
  -67.351092   -15.0346661
  -67.3515048  -15.0349482
  -67.3500548  -15.0358782
  -67.3493442  -15.036309
  -67.3483104  -15.036871
  -67.3471676  -15.0370556
  -67.3457337  -15.0366488
  -67.3450797  -15.0345988
  -67.3445296  -15.0321156
  -67.3428657  -15.0310364
  -67.3407711  -15.0322836
  -67.3400116  -15.0337716
  -67.3399203  -15.035603
  -67.3401454  -15.0373901
  -67.3389779  -15.0401424
  -67.3372697  -15.0414545
  -67.3356963  -15.043744
  -67.3350161  -15.0444479
  -67.3330084  -15.042522
  -67.3314446  -15.039792
  -67.3306245  -15.0384208
  -67.3295489  -15.0374459
  -67.3287594  -15.037829
  -67.3279037  -15.0388733
  -67.3254555  -15.0411121
  -67.321408   -15.045736
  -67.3203878  -15.0460929
  -67.31934    -15.0464091
  -67.3179162  -15.0461381
  -67.318194   -15.0446383
  -67.3178428  -15.0408587
  -67.3185588  -15.0383859
  -67.3183578  -15.0374083
  -67.316824   -15.0372035
  -67.3156649  -15.037638
  -67.3142398  -15.0380054
  -67.3129904  -15.0382459
  -67.3114713  -15.0384244
  -67.3080901  -15.0395374
  -67.3064482  -15.0406359
  -67.3053907  -15.0419974
  -67.3042353  -15.0440008
  -67.3025918  -15.0439064
  -67.3014618  -15.0435948
  -67.3008393  -15.042862
  -67.3014013  -15.0417759
  -67.3024131  -15.0406857
  -67.3029869  -15.0396736
  -67.3030007  -15.0381241
  -67.3018732  -15.0329667
  -67.3009835  -15.0314696
  -67.3001537  -15.0306145
  -67.2997707  -15.0302617
  -67.2976635  -15.0283209
  -67.2961945  -15.0277238
  -67.2941304  -15.0273412
  -67.2919755  -15.0269492
  -67.289752   -15.02722
  -67.2885075  -15.0292028
  -67.2883642  -15.0307559
  -67.2895102  -15.0318311
  -67.2908516  -15.0329386
  -67.2919333  -15.0356576
  -67.2914743  -15.0370351
  -67.2896739  -15.0379976
  -67.2883314  -15.0381874
  -67.2870481  -15.037932
  -67.2857119  -15.0368276
  -67.2855277  -15.0355785
  -67.2861268  -15.0319215
  -67.2844379  -15.029405
  -67.2822854  -15.0289573
  -67.279687   -15.0287636
  -67.2788029  -15.0293961
  -67.2791709  -15.0305551
  -67.279556   -15.0317679
  -67.2792536  -15.0327332
  -67.2797268  -15.03455
  -67.2801673  -15.0368261
  -67.2806987  -15.0386574
  -67.2810363  -15.0405545
  -67.280833   -15.041824
  -67.2800799  -15.0428359
  -67.2793596  -15.0429623
  -67.2782115  -15.0419077
  -67.276871   -15.041318
  -67.2748409  -15.0412864
  -67.2731491  -15.0426408
  -67.2698441  -15.0450959
  -67.2680301  -15.0465356
  -67.2657673  -15.0468393
  -67.2648539  -15.0461561
  -67.2640681  -15.0467253
  -67.2628244  -15.0479355
  -67.2618415  -15.0496977
  -67.2607548  -15.0510908
  -67.2610954  -15.0520016
  -67.2618208  -15.0526828
  -67.2617105  -15.0533973
  -67.2606957  -15.0539251
  -67.2593857  -15.0540614
  -67.2574538  -15.052259
  -67.2565717  -15.0527854
  -67.2553951  -15.0541296
  -67.2554237  -15.0549467
  -67.2563974  -15.0552085
  -67.2569626  -15.0558005
  -67.2564715  -15.0569704
  -67.254814   -15.0572666
  -67.2532441  -15.0577753
  -67.2522671  -15.0577865
  -67.252009   -15.0563955
  -67.251837   -15.0546413
  -67.2515234  -15.0524649
  -67.2505586  -15.0495664
  -67.2504087  -15.0488255
  -67.2509884  -15.0478675
  -67.2507962  -15.0469814
  -67.2497762  -15.0467817
  -67.2491382  -15.0472656
  -67.2478784  -15.0483891
  -67.24748    -15.0514009
  -67.2465812  -15.0533338
  -67.2459756  -15.0545013
  -67.2447994  -15.0553866
  -67.2443821  -15.0551662
  -67.2439324  -15.0541636
  -67.2439578  -15.052489
  -67.2434059  -15.0521295
  -67.2428308  -15.0524956
  -67.2422023  -15.0532543
  -67.2416704  -15.0558399
  -67.241567   -15.0570474
  -67.2402637  -15.0573696
  -67.2388206  -15.0573477
  -67.2382794  -15.0583258
  -67.2378603  -15.0590119
  -67.2380686  -15.059533
  -67.2395453  -15.0597181
  -67.2404079  -15.0594447
  -67.2407415  -15.0595792
  -67.2409256  -15.0599624
  -67.2408428  -15.0605644
  -67.239972   -15.0612524
  -67.2377902  -15.0625404
  -67.2374743  -15.0633618
  -67.2376284  -15.0645066
  -67.2384265  -15.066166
  -67.239084   -15.0673111
  -67.2392495  -15.0683497
  -67.238781   -15.0697664
  -67.2391531  -15.0701329
  -67.2404668  -15.0704409
  -67.2413135  -15.0711189
  -67.2421245  -15.0716344
  -67.2428602  -15.0714947
  -67.2440031  -15.0719434
  -67.24443    -15.0725365
  -67.2443089  -15.0734148
  -67.2441073  -15.0742662
  -67.2440744  -15.0755877
  -67.2438457  -15.0760869
  -67.2432412  -15.0762165
  -67.2405965  -15.0750016
  -67.2385946  -15.0749212
  -67.2371783  -15.075785
  -67.2357206  -15.0767611
  -67.2353573  -15.0772332
  -67.2359777  -15.0784158
  -67.2367588  -15.0788637
  -67.2373776  -15.0787983
  -67.238314   -15.0782013
  -67.2390159  -15.0784036
  -67.2395165  -15.0787491
  -67.2386645  -15.0807505
  -67.2381288  -15.0808271
  -67.2375732  -15.080727
  -67.2364938  -15.0811746
  -67.2359968  -15.0817041
  -67.2358888  -15.0833538
  -67.2355448  -15.0842941
  -67.2341242  -15.0844944
  -67.233181   -15.0852344
  -67.2337188  -15.0856463
  -67.2339939  -15.0863004
  -67.2345834  -15.0868443
  -67.235406   -15.0867913
  -67.2361243  -15.085814
  -67.2368215  -15.085491
  -67.2375392  -15.0856443
  -67.2377975  -15.0861564
  -67.237936   -15.0865417
  -67.2379231  -15.0873067
  -67.2379908  -15.087876
  -67.2382291  -15.0885494
  -67.2387405  -15.088713
  -67.2390713  -15.0889963
  -67.2390983  -15.0892998
  -67.2390652  -15.0896703
  -67.238911   -15.0900739
  -67.2385579  -15.09041
  -67.2382799  -15.0906886
  -67.2377848  -15.0910639
  -67.2377464  -15.0915944
  -67.2377011  -15.0921603
  -67.2381033  -15.0924781
  -67.2385422  -15.0925722
  -67.2391099  -15.0926116
  -67.2397231  -15.0923536
  -67.239838   -15.0923048
  -67.2400839  -15.0919543
  -67.2402006  -15.0916163
  -67.2404842  -15.0908231
  -67.2410476  -15.0894358
  -67.2413937  -15.0889821
  -67.241661   -15.0885839
  -67.2422262  -15.0885593
  -67.2425323  -15.0887882
  -67.2427552  -15.0891273
  -67.2427295  -15.089592
  -67.2428479  -15.0902428
  -67.2431893  -15.0906114
  -67.2437669  -15.0908846
  -67.2443352  -15.0909073
  -67.2446033  -15.0909948
  -67.2449526  -15.0912002
  -67.2451768  -15.0914935
  -67.2452237  -15.0917712
  -67.2451541  -15.0919887
  -67.2447211  -15.0931159
  -67.2445691  -15.0937198
  -67.2439935  -15.094585
  -67.243371   -15.0951894
  -67.243296   -15.0958576
  -67.2433555  -15.0961908
  -67.2434342  -15.0965611
  -67.2433967  -15.0969156
  -67.2433522  -15.0973632
  -67.2431874  -15.0979426
  -67.2429818  -15.0988345
  -67.2430703  -15.099497
  -67.2425438  -15.1002651
  -67.2421993  -15.100511
  -67.2418989  -15.1005719
  -67.2409415  -15.1005509
  -67.2403943  -15.1005212
  -67.239847   -15.1008173
  -67.2394934  -15.1012346
  -67.2392472  -15.1024839
  -67.2386938  -15.1040184
  -67.2383366  -15.1046787
  -67.2376378  -15.1049434
  -67.2369252  -15.1059062
  -67.2365314  -15.1066628
  -67.2358422  -15.1070528
  -67.2354644  -15.1068817
  -67.2341421  -15.1070892
  -67.2332558  -15.107733
  -67.233229   -15.1086015
  -67.2333571  -15.1090972
  -67.2338253  -15.1096528
  -67.2342639  -15.1100445
  -67.2347546  -15.110064
  -67.2352377  -15.1098148
  -67.2355115  -15.1095459
  -67.2357237  -15.1091966
  -67.2359729  -15.1085768
  -67.2364206  -15.1081644
  -67.2368373  -15.1081102
  -67.2373062  -15.1082167
  -67.2374666  -15.1085539
  -67.2375376  -15.1091402
  -67.2374003  -15.1099953
  -67.2372413  -15.11073
  -67.2374234  -15.111005
  -67.2379951  -15.1115308
  -67.2382217  -15.1117676
  -67.2383331  -15.1122152
  -67.2384456  -15.1126578
  -67.238525   -15.1129974
  -67.2387921  -15.1137724
  -67.2388932  -15.114253
  -67.2389417  -15.1145567
  -67.2386394  -15.11483
  -67.2382956  -15.1149176
  -67.2379249  -15.1150344
  -67.2372855  -15.1148669
  -67.2364252  -15.1145516
  -67.235817   -15.1142524
  -67.2347121  -15.1135587
  -67.2341441  -15.1129397
  -67.2334313  -15.1126096
  -67.2325914  -15.1124226
  -67.231987   -15.1123587
  -67.2316622  -15.1124823
  -67.2314609  -15.1127227
  -67.2310564  -15.1134799
  -67.2306391  -15.1146465
  -67.230382   -15.1151223
  -67.2301641  -15.1161645
  -67.2295448  -15.1167735
  -67.2290579  -15.1172388
  -67.2284985  -15.1175475
  -67.2279241  -15.1176663
  -67.2270105  -15.1178331
  -67.2258879  -15.1177794
  -67.2247649  -15.1170952
  -67.2244684  -15.1164922
  -67.2244842  -15.1160537
  -67.2243606  -15.1156981
  -67.2239602  -15.1150204
  -67.2240427  -15.1142867
  -67.2243432  -15.1137758
  -67.2244731  -15.1132632
  -67.2246954  -15.1127509
  -67.2249291  -15.1123038
  -67.2250529  -15.1119827
  -67.2254525  -15.1112917
  -67.2256938  -15.1109212
  -67.2258934  -15.1105139
  -67.2259782  -15.1099245
  -67.2259351  -15.1095767
  -67.2257777  -15.1092913
  -67.225534   -15.1090717
  -67.2251748  -15.1088099
  -67.2243136  -15.1083737
  -67.2238278  -15.1084106
  -67.2236411  -15.1084859
  -67.2233826  -15.1086691
  -67.222484   -15.1094328
  -67.2221372  -15.1099466
  -67.221676   -15.1105388
  -67.2209434  -15.1114788
  -67.2206625  -15.11196
  -67.2199509  -15.1124739
  -67.2195064  -15.1126364
  -67.2191289  -15.1128296
  -67.2187905  -15.1133215
  -67.2189548  -15.1138499
  -67.219352   -15.1141975
  -67.219517   -15.1152817
  -67.2197334  -15.1156909
  -67.2194065  -15.1158281
  -67.2191284  -15.1162442
  -67.2191679  -15.1172587
  -67.2186125  -15.1175882
  -67.2181762  -15.1177026
  -67.2179374  -15.1175013
  -67.2177965  -15.1172376
  -67.2175394  -15.116978
  -67.2172211  -15.1163969
  -67.2166435  -15.1157916
  -67.2163086  -15.115226
  -67.216009   -15.1142097
  -67.2160989  -15.1130854
  -67.2163282  -15.1125802
  -67.2165913  -15.1123621
  -67.2169958  -15.112125
  -67.2169089  -15.1118418
  -67.216488   -15.1115495
  -67.2159553  -15.1116121
  -67.2150618  -15.1120519
  -67.2141911  -15.112158
  -67.2130744  -15.112477
  -67.2123989  -15.1131448
  -67.211928   -15.1138846
  -67.2115948  -15.1147033
  -67.211107   -15.1154067
  -67.2106418  -15.1157463
  -67.2096285  -15.1161999
  -67.208917   -15.1168018
  -67.2083323  -15.1174508
  -67.2080713  -15.1181218
  -67.2079479  -15.1188838
  -67.2078436  -15.1197913
  -67.2076956  -15.1201776
  -67.2074147  -15.1206631
  -67.2070625  -15.1208715
  -67.2062272  -15.1211998
  -67.205728   -15.1215712
  -67.2054984  -15.1225977
  -67.2056466  -15.1234395
  -67.2056871  -15.1243129
  -67.2056347  -15.1246481
  -67.2054183  -15.1249551
  -67.205054   -15.1256041
  -67.2047371  -15.126204
  -67.2042326  -15.126647
  -67.2037634  -15.1273171
  -67.2038677  -15.127726
  -67.2041015  -15.1278653
  -67.2041286  -15.1285653
  -67.2043775  -15.1287845
  -67.2053966  -15.1289648
  -67.2060987  -15.128932
  -67.2063721  -15.1290546
  -67.2064528  -15.1292827
  -67.206358   -15.1295884
  -67.2060032  -15.1299766
  -67.2057394  -15.1303065
  -67.2052824  -15.1306039
  -67.2048683  -15.1305373
  -67.2046409  -15.1304045
  -67.2040099  -15.1301818
  -67.2035802  -15.1299397
  -67.2032693  -15.1299381
  -67.2029387  -15.1300818
  -67.2025204  -15.1304868
  -67.2022549  -15.1305499
  -67.201781   -15.1306118
  -67.2013523  -15.1305334
  -67.2010537  -15.130507
  -67.2007985  -15.1302971
  -67.2005519  -15.1302415
  -67.2003143  -15.1301388
  -67.1999724  -15.1301435
  -67.1993268  -15.1302989
  -67.1987888  -15.1306564
  -67.1978212  -15.1306684
  -67.1970572  -15.1312399
  -67.1967808  -15.131992
  -67.1967819  -15.1323819
  -67.1968103  -15.1327955
  -67.19713    -15.1330283
  -67.1973028  -15.1334446
  -67.1973008  -15.1338367
  -67.1971686  -15.1341438
  -67.1966183  -15.134598
  -67.1962255  -15.1349747
  -67.1953642  -15.135929
  -67.1948328  -15.1362636
  -67.1943307  -15.1365036
  -67.1936861  -15.1366837
  -67.1928442  -15.137263
  -67.1922046  -15.1378971
  -67.1917959  -15.1383817
  -67.1915787  -15.1387654
  -67.191236   -15.1391222
  -67.1910215  -15.1398266
  -67.1913018  -15.1405005
  -67.1918213  -15.1408489
  -67.1926029  -15.1406821
  -67.192995   -15.1406319
  -67.1934903  -15.1399688
  -67.1939056  -15.1396036
  -67.1944913  -15.1394465
  -67.1947204  -15.1393715
  -67.1948778  -15.1395839
  -67.1948343  -15.1400058
  -67.1948577  -15.1403152
  -67.1949709  -15.1408816
  -67.1950112  -15.1411854
  -67.1952853  -15.1415719
  -67.1960064  -15.1422189
  -67.1961726  -15.1425448
  -67.1963087  -15.1430277
  -67.1963211  -15.1432965
  -67.1961364  -15.1437397
  -67.1955518  -15.1441181
  -67.1951458  -15.144259
  -67.194768   -15.1446394
  -67.1946367  -15.1450635
  -67.1948399  -15.145724
  -67.1951456  -15.14658
  -67.1951104  -15.147681
  -67.1950952  -15.1482374
  -67.1950739  -15.148434
  -67.1946006  -15.1487976
  -67.1946267  -15.1492215
  -67.1947841  -15.1496505
  -67.1956149  -15.149827
  -67.1966464  -15.1498291
  -67.1973771  -15.1498161
  -67.1977758  -15.1499783
  -67.1979043  -15.1499793
  -67.1980886  -15.1501254
  -67.1983006  -15.1504253
  -67.1981786  -15.15131
  -67.1974446  -15.1518859
  -67.1969843  -15.1529442
  -67.1970289  -15.153777
  -67.19707    -15.1540122
  -67.1972677  -15.1542849
  -67.1971655  -15.1545462
  -67.1970646  -15.1546493
  -67.1968493  -15.154738
  -67.1965636  -15.1547492
  -67.1963926  -15.1546936
  -67.1960656  -15.1544425
  -67.195099   -15.1538383
  -67.194191   -15.1531171
  -67.1931868  -15.1527136
  -67.1925405  -15.1519448
  -67.1925758  -15.1514369
  -67.1922245  -15.150837
  -67.1920184  -15.1502942
  -67.1916083  -15.1499122
  -67.191426   -15.1495393
  -67.1913778  -15.1488119
  -67.1911548  -15.1484805
  -67.1910447  -15.1481892
  -67.1908308  -15.1480431
  -67.1905487  -15.1479114
  -67.1901169  -15.1479058
  -67.1898036  -15.1481367
  -67.1896613  -15.1484413
  -67.189224   -15.1489913
  -67.1888947  -15.1495248
  -67.1886951  -15.1499056
  -67.187979   -15.1502576
  -67.1875173  -15.1498548
  -67.1870939  -15.1498933
  -67.1868629  -15.1501445
  -67.1871046  -15.1504666
  -67.1865889  -15.1511011
  -67.1863659  -15.1518951
  -67.1865855  -15.1527659
  -67.1870551  -15.152861
  -67.1871263  -15.1533045
  -67.1869481  -15.1536826
  -67.1869609  -15.1538905
  -67.1868634  -15.1542173
  -67.1867855  -15.1543811
  -67.1866691  -15.1546039
  -67.1866115  -15.1549509
  -67.1864288  -15.1557278
  -67.1866264  -15.1565551
  -67.1868517  -15.1570628
  -67.1868627  -15.1574176
  -67.186949   -15.1576061
  -67.1868787  -15.1578502
  -67.1865546  -15.1580262
  -67.1853536  -15.1581069
  -67.1850824  -15.1580686
  -67.1846982  -15.1579073
  -67.1842408  -15.1578765
  -67.182986   -15.1575953
  -67.1821573  -15.1575344
  -67.1818871  -15.1574419
  -67.1816035  -15.1571413
  -67.1815196  -15.1569599
  -67.1814942  -15.1565937
  -67.1809683  -15.1564044
  -67.1804649  -15.156599
  -67.1800166  -15.1578154
  -67.1794648  -15.1588276
  -67.1795182  -15.1593115
  -67.1793979  -15.1599838
  -67.1788552  -15.1616331
  -67.1780191  -15.1624352
  -67.1775164  -15.1627293
  -67.1766598  -15.1636293
  -67.176331   -15.1636628
  -67.1760318  -15.1635564
  -67.1757907  -15.1633331
  -67.1752861  -15.1628923
  -67.1755565  -15.1621351
  -67.1754005  -15.1619531
  -67.1752304  -15.1618478
  -67.1749309  -15.1617912
  -67.1737851  -15.1623207
  -67.1733665  -15.1625466
  -67.1731621  -15.163051
  -67.1726999  -15.1636483
  -67.1719667  -15.1640987
  -67.1716231  -15.1642269
  -67.1714643  -15.1643657
  -67.1714202  -15.1645596
  -67.1714728  -15.1650707
  -67.1718672  -15.1657381
  -67.1719344  -15.1662311
  -67.1721447  -15.1666621
  -67.1722834  -15.1671738
  -67.1723363  -15.1676532
  -67.172488   -15.1683322
  -67.1731368  -15.1692412
  -67.1732608  -15.1697618
  -67.1730577  -15.1703429
  -67.1723461  -15.170957
  -67.1716965  -15.1709549
  -67.1708809  -15.1705715
  -67.1693512  -15.1708506
  -67.1686623  -15.1698903
  -67.1679311  -15.1703491
  -67.1679594  -15.1716987
  -67.1683049  -15.1724814
  -67.1687452  -15.1728193
  -67.1693587  -15.1729553
  -67.1694999  -15.1731011
  -67.1695827  -15.1734903
  -67.1694804  -15.1737516
  -67.1688332  -15.1746139
  -67.167861   -15.1760668
  -67.1678022  -15.1762742
  -67.1678127  -15.1766809
  -67.1679103  -15.1770206
  -67.168093   -15.1773565
  -67.1687797  -15.177958
  -67.1688625  -15.1782705
  -67.1689148  -15.1788176
  -67.168593   -15.1797142
  -67.1678753  -15.1802458
  -67.1673865  -15.1806078
  -67.1672703  -15.1808011
  -67.1671628  -15.1820022
  -67.167596   -15.1828961
  -67.1678624  -15.1834992
  -67.1677241  -15.1839633
  -67.1672742  -15.1842989
  -67.1647372  -15.1848395
  -67.1630294  -15.1856686
  -67.1628681  -15.1859437
  -67.1624112  -15.1858496
  -67.1619142  -15.1854931
  -67.1615587  -15.1853094
  -67.161261   -15.1850314
  -67.1607123  -15.1839877
  -67.1603447  -15.1835825
  -67.1600315  -15.1834218
  -67.1596896  -15.1832744
  -67.1593616  -15.1832085
  -67.1582868  -15.1828429
  -67.1578275  -15.1830334
  -67.15764    -15.1832533
  -67.1573652  -15.1838881
  -67.1573485  -15.1842133
  -67.1583262  -15.1859156
  -67.1586501  -15.1864559
  -67.158732   -15.1868723
  -67.1587287  -15.1872473
  -67.1585199  -15.1882487
  -67.1586177  -15.1885116
  -67.1588591  -15.1887078
  -67.1594013  -15.1888297
  -67.1604312  -15.1887071
  -67.1606739  -15.1887498
  -67.1610426  -15.1890917
  -67.1612674  -15.1895228
  -67.1614023  -15.1916722
  -67.160774   -15.192031
  -67.1603745  -15.1919599
  -67.1596771  -15.1916289
  -67.1585472  -15.1908955
  -67.1571411  -15.193054
  -67.1563882  -15.194087
  -67.1562934  -15.1943774
  -67.1558269  -15.1957597
  -67.1560117  -15.1963929
  -67.1560095  -15.1966414
  -67.1561919  -15.1970044
  -67.1566715  -15.1976997
  -67.1566662  -15.1988934
  -67.1547701  -15.2002365
  -67.1543184  -15.2004276
  -67.1541915  -15.2002413
  -67.15371    -15.1992381
  -67.1536279  -15.1987811
  -67.1532924  -15.1978927
  -67.153188   -15.1967984
  -67.1529501  -15.1962
  -67.1527943  -15.1960541
  -67.1525511  -15.1960657
  -67.1520492  -15.1962559
  -67.1518762  -15.1964261
  -67.151702   -15.1967229
  -67.1512331  -15.1980746
  -67.1508825  -15.1989302
  -67.150424   -15.1998669
  -67.1502512  -15.2000733
  -67.1501489  -15.2003346
  -67.1500152  -15.2008666
  -67.1500982  -15.2012152
  -67.1502665  -15.2015962
  -67.1502622  -15.2020796
  -67.1501746  -15.2022596
  -67.1500017  -15.2024118
  -67.1497871  -15.2024778
  -67.1493615  -15.2023338
  -67.1490926  -15.2019458
  -67.1486368  -15.2022013
  -67.1484242  -15.2023757
  -67.1477861  -15.2034414
  -67.1477262  -15.2037752
  -67.1477226  -15.2041818
  -67.1479531  -15.2052289
  -67.1480161  -15.2062054
  -67.1479825  -15.206788
  -67.1478795  -15.207126
  -67.1474467  -15.2076059
  -67.1472024  -15.2077349
  -67.1465889  -15.2077731
  -67.1461171  -15.2077828
  -67.1455445  -15.207882
  -67.1452434  -15.207997
  -67.1450991  -15.2081268
  -67.1447935  -15.2087614
  -67.1447322  -15.2092534
  -67.1447584  -15.2095157
  -67.1450546  -15.2102789
  -67.1450968  -15.2109499
  -67.1455384  -15.211658
  -67.1446277  -15.2127367
  -67.1443348  -15.213479
  -67.143145   -15.2140112
  -67.1427703  -15.2147725
  -67.1422509  -15.2153384
  -67.142535   -15.2159394
  -67.1439078  -15.2160678
  -67.1446828  -15.2161782
  -67.1449233  -15.2164784
  -67.1449768  -15.2168719
  -67.1451742  -15.2171828
  -67.1451147  -15.217467
  -67.1449983  -15.2176784
  -67.1441661  -15.2180245
  -67.1438784  -15.2182028
  -67.1431183  -15.2185083
  -67.1425457  -15.2186075
  -67.1420091  -15.2186347
  -67.1414091  -15.2186026
  -67.1398965  -15.2183055
  -67.1395677  -15.2183163
  -67.1392093  -15.2184669
  -67.1389641  -15.2186999
  -67.1385431  -15.2194148
  -67.138131   -15.2202924
  -67.1377274  -15.2211521
  -67.1374483  -15.2219948
  -67.1373293  -15.2225676
  -67.1371264  -15.2245359
  -67.1371532  -15.2255257
  -67.1377155  -15.2271344
  -67.1362306  -15.2304837
  -67.1366865  -15.2306953
  -67.1370291  -15.2306982
  -67.1374157  -15.2306607
  -67.1381044  -15.2303411
  -67.138334   -15.2302933
  -67.1386622  -15.2303457
  -67.1388893  -15.2305193
  -67.1394243  -15.2314591
  -67.139943   -15.232611
  -67.1401062  -15.2335613
  -67.1400151  -15.2341343
  -67.1398995  -15.2343141
  -67.1394669  -15.2347533
  -67.139194   -15.2348956
  -67.1386199  -15.2351484
  -67.1383912  -15.2351601
  -67.1380339  -15.2351074
  -67.1374379  -15.234619
  -67.1371704  -15.2341469
  -67.1366661  -15.2330131
  -67.1362983  -15.2325672
  -67.1359426  -15.2323429
  -67.135314   -15.2323106
  -67.1350555  -15.2324665
  -67.1348676  -15.2326728
  -67.1346329  -15.2333577
  -67.1345     -15.2338536
  -67.1344978  -15.2341021
  -67.1343656  -15.2345167
  -67.1341055  -15.2348534
  -67.1338462  -15.235032
  -67.1330827  -15.235726
  -67.1325481  -15.2363767
  -67.1322427  -15.2369706
  -67.131891   -15.23793
  -67.1315649  -15.2392286
  -67.1314859  -15.2400638
  -67.1315817  -15.2405436
  -67.1318491  -15.2410293
  -67.132016   -15.2415638
  -67.132054   -15.242138
  -67.1319946  -15.2424086
  -67.1311084  -15.2440052
  -67.1304221  -15.2456397
  -67.1297421  -15.2466777
  -67.1289038  -15.2477371
  -67.1282944  -15.2487486
  -67.1279704  -15.2498665
  -67.1278649  -15.2504756
  -67.1278896  -15.250905
  -67.1280852  -15.2514172
  -67.1284124  -15.2515871
  -67.1288557  -15.2515908
  -67.1294003  -15.2513875
  -67.1307819  -15.2503463
  -67.1316015  -15.2498199
  -67.1318738  -15.2497544
  -67.1332679  -15.2500643
  -67.1337114  -15.2500408
  -67.133984   -15.2499392
  -67.1345747  -15.2494516
  -67.1347898  -15.2493359
  -67.135134   -15.2492213
  -67.1355493  -15.2491705
  -67.1361157  -15.2491933
  -67.1368127  -15.2493166
  -67.1372207  -15.2495007
  -67.137548   -15.2499191
  -67.1375858  -15.2503803
  -67.1372178  -15.2511499
  -67.1370134  -15.2516949
  -67.136851   -15.2522945
  -67.1364424  -15.25324
  -67.1359799  -15.2538371
  -67.1350729  -15.2544937
  -67.1325009  -15.2562074
  -67.1318233  -15.2568524
  -67.1314907  -15.2572924
  -67.1313995  -15.2579287
  -67.1314522  -15.2584216
  -67.131648   -15.2589067
  -67.1321725  -15.2593946
  -67.132927   -15.259803
  -67.1335965  -15.2600797
  -67.1338534  -15.2601089
  -67.1339822  -15.2600829
  -67.134155   -15.2599443
  -67.1342853  -15.2597511
  -67.1345049  -15.2591926
  -67.1347653  -15.2588288
  -67.1349952  -15.2586861
  -67.1352812  -15.2587156
  -67.1354231  -15.25878
  -67.1366018  -15.2597026
  -67.1370573  -15.2599142
  -67.1374291  -15.2599037
  -67.137616   -15.2598285
  -67.1380328  -15.2595337
  -67.1382783  -15.2592737
  -67.1384359  -15.2592118
  -67.1386496  -15.2593175
  -67.1387203  -15.259422
  -67.1386838  -15.2603208
  -67.1384007  -15.2616198
  -67.1386286  -15.2634832
  -67.1386372  -15.2640978
  -67.1385479  -15.2645263
  -67.1381587  -15.2648484
  -67.1379726  -15.2649101
  -67.1377864  -15.2649085
  -67.1375445  -15.2648297
  -67.1365494  -15.2641979
  -67.1352282  -15.2631974
  -67.1343462  -15.2627337
  -67.1341041  -15.2626142
  -67.1339182  -15.2625855
  -67.1335468  -15.2626095
  -67.1333598  -15.2626984
  -67.1331731  -15.2628278
  -67.1327373  -15.2635517
  -67.1325919  -15.2638758
  -67.1322807  -15.2651248
  -67.131666   -15.2667327
  -67.1310264  -15.267875
  -67.1306206  -15.2684951
  -67.1305129  -15.2693527
  -67.1305589  -15.270668
  -67.1306127  -15.2710344
  -67.1307097  -15.2713741
  -67.1308361  -15.2716191
  -67.1310634  -15.2717792
  -67.1315349  -15.2718102
  -67.1317502  -15.2717442
  -67.1342925  -15.2703873
  -67.1345217  -15.270335
  -67.1347504  -15.2703911
  -67.1354332  -15.2707493
  -67.1360124  -15.2713144
  -67.1365489  -15.272087
  -67.1369564  -15.2728585
  -67.1371194  -15.2738358
  -67.1370451  -15.2741469
  -67.1369142  -15.2744079
  -67.1367407  -15.2746143
  -67.1364538  -15.2747565
  -67.1361677  -15.2748038
  -67.1355959  -15.2747855
  -67.1350675  -15.2746636
  -67.1347832  -15.2745076
  -67.1342298  -15.2740602
  -67.1339877  -15.2739407
  -67.1336453  -15.273834
  -67.1320838  -15.2735589
  -67.1309254  -15.2735628
  -67.1306106  -15.2736279
  -67.1299807  -15.2736723
  -67.1297522  -15.2736569
  -67.1292675  -15.2735263
  -67.1281089  -15.2735528
  -67.1278794  -15.2736412
  -67.1276347  -15.2738109
  -67.1274324  -15.2740577
  -67.1272566  -15.2745216
  -67.1272373  -15.2751224
  -67.1274574  -15.2760866
  -67.1274555  -15.276308
  -67.12718    -15.276735
  -67.126849   -15.2769807
  -67.1263608  -15.2771844
  -67.1258739  -15.2773114
  -67.12493    -15.2773261
  -67.1236994  -15.2774604
  -67.1226674  -15.2777002
  -67.1221241  -15.2777589
  -67.12171    -15.2776651
  -67.1213113  -15.2774945
  -67.1208699  -15.2772694
  -67.120444   -15.2769496
  -67.1201877  -15.2768435
  -67.1196296  -15.2768659
  -67.1185097  -15.2774303
  -67.1182215  -15.2776493
  -67.1177703  -15.2782736
  -67.1169494  -15.2789173
  -67.1165912  -15.2790182
  -67.1160477  -15.2790272
  -67.1155604  -15.2791903
  -67.1151557  -15.2796839
  -67.1147485  -15.2804621
  -67.1145729  -15.2809034
  -67.1143796  -15.2816925
  -67.114101   -15.282526
  -67.1139251  -15.2830035
  -67.11359    -15.2836513
  -67.1123954  -15.2845675
  -67.1121786  -15.2848006
  -67.1118456  -15.2852767
  -67.1116707  -15.2856412
  -67.1114355  -15.2863667
  -67.1108793  -15.2884449
  -67.1106309  -15.2890167
  -67.1102677  -15.2896778
  -67.1098353  -15.290013
  -67.1093628  -15.2900858
  -67.1088055  -15.2900675
  -67.1077344  -15.2899275
  -67.1072359  -15.2897154
  -67.1067948  -15.2894677
  -67.1064949  -15.2894245
  -67.1063377  -15.2894367
  -67.1061367  -15.2895254
  -67.1056761  -15.2898874
  -67.1052392  -15.2907287
  -67.1052621  -15.2913524
  -67.1062154  -15.2934569
  -67.1067222  -15.2943739
  -67.1072026  -15.2950422
  -67.1073276  -15.2954454
  -67.1073092  -15.2958744
  -67.1071358  -15.2960673
  -67.1068198  -15.2962589
  -67.1055126  -15.2973322
  -67.104992   -15.2980191
  -67.1038897  -15.2997267
  -67.1033837  -15.3003504
  -67.1030811  -15.3006054
  -67.1027795  -15.300761
  -67.1026074  -15.3008002
  -67.1023071  -15.3008067
  -67.1017367  -15.3006346
  -67.1011232  -15.3005255
  -67.0995512  -15.3004353
  -67.0984095  -15.3001771
  -67.097779   -15.3002757
  -67.0975642  -15.3003507
  -67.0972475  -15.3005558
  -67.0970036  -15.300635
  -67.0964321  -15.3006392
  -67.0953082  -15.29997
  -67.0950088  -15.2998725
  -67.09458    -15.2998689
  -67.094122   -15.2999328
  -67.0931328  -15.3001954
  -67.0922936  -15.3002696
  -67.0912869  -15.3007309
  -67.0903305  -15.3016625
  -67.0900654  -15.3018952
  -67.0898497  -15.3019973
  -67.0893165  -15.3024716
  -67.0886396  -15.3029423
  -67.0878326  -15.3038928
  -67.0870111  -15.3040668
  -67.0864954  -15.3045266
  -67.0861634  -15.3051487
  -67.0860896  -15.3057813
  -67.0859279  -15.306909
  -67.0859132  -15.308023
  -67.086114   -15.3087201
  -67.0858787  -15.3094455
  -67.0855955  -15.3107709
  -67.0853554  -15.311334
  -67.0850443  -15.3117594
  -67.0845211  -15.3121246
  -67.0841391  -15.3121996
  -67.0837766  -15.3121967
  -67.0833382  -15.311901
  -67.0828729  -15.3121125
  -67.0826769  -15.3124045
  -67.0826326  -15.3132633
  -67.0827561  -15.3144217
  -67.0826665  -15.3151077
  -67.0825447  -15.3157465
  -67.0825859  -15.3161656
  -67.082835   -15.3172721
  -67.0829126  -15.317955
  -67.0828366  -15.3184378
  -67.0826893  -15.3188928
  -67.0824413  -15.3195458
  -67.0815396  -15.3202378
  -67.0809185  -15.3209808
  -67.0808539  -15.321319
  -67.0810899  -15.3215565
  -67.082584   -15.3221679
  -67.0833601  -15.3223425
  -67.0842084  -15.3222908
  -67.0849553  -15.3221476
  -67.0854316  -15.3218304
  -67.0858712  -15.3220296
  -67.0863599  -15.3218182
  -67.0866713  -15.3217334
  -67.0868875  -15.3219631
  -67.0869322  -15.3222057
  -67.0870158  -15.3225425
  -67.0869603  -15.3228085
  -67.0865923  -15.3238873
  -67.0857752  -15.3256786
  -67.0853661  -15.3266375
  -67.0852177  -15.32721
  -67.085185   -15.3276661
  -67.0852372  -15.3281997
  -67.0851739  -15.3288859
  -67.0844622  -15.330715
  -67.084394   -15.3314364
  -67.0843672  -15.332733
  -67.0843539  -15.3341923
  -67.0846102  -15.3358843
  -67.0846394  -15.3365302
  -67.0846744  -15.3370194
  -67.0846786  -15.337637
  -67.0848726  -15.3386504
  -67.0847995  -15.3392714
  -67.0849541  -15.3398077
  -67.0850868  -15.34015
  -67.0852795  -15.3407636
  -67.0857796  -15.3414562
  -67.0862026  -15.341879
  -67.0869306  -15.3425279
  -67.0874187  -15.3431195
  -67.0888173  -15.3447174
  -67.0891755  -15.3453846
  -67.0893366  -15.3465562
  -67.0892624  -15.3476671
  -67.0886568  -15.3507492
  -67.0887066  -15.3523049
  -67.088853   -15.352746
  -67.0891394  -15.3532754
  -67.0896298  -15.3536295
  -67.090023   -15.3540825
  -67.0907788  -15.3546723
  -67.0918252  -15.3550345
  -67.0924134  -15.355228
  -67.0934335  -15.355185
  -67.0942674  -15.3555265
  -67.0945441  -15.3557638
  -67.0946702  -15.3560359
  -67.0946633  -15.3567995
  -67.0941969  -15.3585486
  -67.0937924  -15.3591689
  -67.0938053  -15.3596978
  -67.0938768  -15.3600986
  -67.0940081  -15.3606202
  -67.0944816  -15.3611781
  -67.0952506  -15.3614964
  -67.0962538  -15.3616066
  -67.0973903  -15.3612356
  -67.0981002  -15.3610444
  -67.0985307  -15.3608718
  -67.0987678  -15.3607157
  -67.1003326  -15.3601778
  -67.1013318  -15.3603987
  -67.1019201  -15.3606703
  -67.1024603  -15.3610499
  -67.1029328  -15.3615103
  -67.103791   -15.3625161
  -67.1055607  -15.3653988
  -67.1058035  -15.3658233
  -67.1060063  -15.3662594
  -67.106147   -15.3667404
  -67.1062266  -15.3670835
  -67.1062661  -15.3673825
  -67.1063961  -15.3676906
  -67.1064874  -15.3681682
  -67.1065008  -15.3686189
  -67.1065116  -15.3688249
  -67.1064651  -15.3690814
  -67.1065286  -15.3693038
  -67.1066823  -15.3695081
  -67.1066953  -15.369622
  -67.1066641  -15.3697611
  -67.1066364  -15.3699602
  -67.1065301  -15.3701018
  -67.1064826  -15.3702427
  -67.1064805  -15.3704019
  -67.1063641  -15.3705756
  -67.1062622  -15.3706651
  -67.106258   -15.3708121
  -67.106237   -15.3709507
  -67.106247   -15.3710892
  -67.1062716  -15.3712292
  -67.1062545  -15.37135
  -67.1061778  -15.371519
  -67.1062112  -15.3716084
  -67.1062898  -15.3716587
  -67.1064344  -15.3716886
  -67.106474   -15.371723
  -67.1064655  -15.3719308
  -67.1064949  -15.3722376
  -67.1066921  -15.3724917
  -67.1070858  -15.3727497
  -67.1074373  -15.372926
  -67.1081653  -15.3737255
  -67.1092591  -15.3749597
  -67.1096411  -15.375844
  -67.1100938  -15.3772259
  -67.1109614  -15.37857
  -67.1113609  -15.3794241
  -67.111878   -15.3801554
  -67.1122928  -15.3812251
  -67.1127878  -15.3821965
  -67.113869   -15.38341
  -67.1147683  -15.384423
  -67.1153738  -15.3851184
  -67.1160163  -15.3858341
  -67.1166292  -15.3866036
  -67.1171442  -15.3872843
  -67.117283   -15.3875076
  -67.1173196  -15.3877309
  -67.1172816  -15.388001
  -67.1171897  -15.3881175
  -67.1170149  -15.3883063
  -67.1165046  -15.3890451
  -67.1161192  -15.3893428
  -67.1156547  -15.3897519
  -67.1158372  -15.3902803
  -67.1160769  -15.3907311
  -67.1164593  -15.3909353
  -67.1172367  -15.3910012
  -67.1177102  -15.3912237
  -67.1180213  -15.3916375
  -67.1183809  -15.3920816
  -67.118796   -15.392358
  -67.119072   -15.3927019
  -67.1191283  -15.3929701
  -67.119056   -15.3932845
  -67.1189109  -15.3935764
  -67.1187394  -15.3938335
  -67.1185261  -15.3939883
  -67.1182289  -15.3940307
  -67.1176352  -15.3938763
  -67.1156482  -15.3929931
  -67.115126   -15.3927357
  -67.1141492  -15.3921445
  -67.1129428  -15.3916599
  -67.1125802  -15.3916478
  -67.1122173  -15.3917396
  -67.1116714  -15.3919789
  -67.1112106  -15.3923365
  -67.1109021  -15.3927179
  -67.1105583  -15.3938491
  -67.1105165  -15.3942282
  -67.1106278  -15.3945952
  -67.1107316  -15.3947135
  -67.1111106  -15.3949607
  -67.1119861  -15.395167
  -67.1126718  -15.3952361
  -67.1133191  -15.3953726
  -67.1136509  -15.3956329
  -67.113886   -15.3959648
  -67.1139388  -15.3964441
  -67.1137453  -15.3978206
  -67.1135005  -15.398564
  -67.1128423  -15.3997015
  -67.1121461  -15.4002107
  -67.111591   -15.4003641
  -67.1112755  -15.4003614
  -67.1103888  -15.4001777
  -67.1098051  -15.3998293
  -67.1088749  -15.3991798
  -67.1083123  -15.3990756
  -67.1076626  -15.3991424
  -67.1072405  -15.3993331
  -67.10694    -15.3997959
  -67.1069246  -15.400469
  -67.1070345  -15.4009986
  -67.1070783  -15.4016225
  -67.1069725  -15.4027692
  -67.1066279  -15.4039139
  -67.1058133  -15.405285
  -67.1052946  -15.4055969
  -67.1049118  -15.4056298
  -67.1031584  -15.405172
  -67.1030546  -15.4050582
  -67.1028968  -15.4045462
  -67.10284    -15.4044554
  -67.1026502  -15.4043318
  -67.1023248  -15.4043877
  -67.1019799  -15.404552
  -67.1017385  -15.4047803
  -67.1009784  -15.4057227
  -67.100522   -15.4065501
  -67.1004323  -15.4069379
  -67.1004446  -15.4076971
  -67.1007639  -15.4083098
  -67.1014084  -15.4088891
  -67.1016142  -15.4093653
  -67.1017128  -15.4100529
  -67.1016789  -15.4106355
  -67.1016197  -15.4108744
  -67.1011684  -15.4111462
  -67.1001057  -15.4113585
  -67.0995838  -15.4115121
  -67.0992777  -15.4115592
  -67.0987813  -15.4115369
  -67.0984377  -15.4114843
  -67.0977903  -15.4112302
  -67.0973922  -15.4108925
  -67.0973082  -15.4107246
  -67.0973634  -15.4099027
  -67.0976412  -15.4087394
  -67.097571   -15.4080701
  -67.097506   -15.4078572
  -67.09726    -15.4075704
  -67.0969286  -15.4072694
  -67.096501   -15.4070443
  -67.0956156  -15.4067114
  -67.0948244  -15.4065194
  -67.0936402  -15.4064641
  -67.0927987  -15.4065607
  -67.0921093  -15.4067581
  -67.091687   -15.4069759
  -67.0914179  -15.4071769
  -67.0912146  -15.4074508
  -67.0911651  -15.4076356
  -67.0911634  -15.4078299
  -67.091228   -15.4080834
  -67.0914452  -15.4083338
  -67.0918941  -15.4086494
  -67.093254   -15.4093614
  -67.0937281  -15.4097179
  -67.09386    -15.4099404
  -67.0938866  -15.4101575
  -67.0938637  -15.410555
  -67.0938147  -15.4106991
  -67.0937567  -15.4108025
  -67.0933718  -15.4110568
  -67.0924322  -15.4114373
  -67.0901833  -15.4119963
  -67.089513   -15.4122074
  -67.0890734  -15.4122126
  -67.0888193  -15.4121156
  -67.0884725  -15.4117782
  -67.088234   -15.4113786
  -67.0879519  -15.4112711
  -67.0878008  -15.4113839
  -67.0865369  -15.4125161
  -67.0855947  -15.4131812
  -67.0851336  -15.4134015
  -67.0849291  -15.413668
  -67.0850152  -15.4139475
  -67.0851759  -15.4140821
  -67.0863919  -15.4142852
  -67.0866709  -15.4143832
  -67.086825   -15.4145441
  -67.0869079  -15.4147488
  -67.0869755  -15.4150625
  -67.0871289  -15.4177999
  -67.0871985  -15.4183785
  -67.0872318  -15.4186582
  -67.0866013  -15.4197912
  -67.0864603  -15.4201033
  -67.0864441  -15.4210074
  -67.0860418  -15.4214398
  -67.0855302  -15.4220282
  -67.0852781  -15.4225443
  -67.084991   -15.422872
  -67.0841024  -15.423201
  -67.0834675  -15.4233739
  -67.0829211  -15.4236588
  -67.0821702  -15.4235366
  -67.0817445  -15.4234849
  -67.0813367  -15.4236558
  -67.0810763  -15.4239413
  -67.0810277  -15.4242396
  -67.0811557  -15.4251243
  -67.081361   -15.425529
  -67.0814612  -15.4257196
  -67.0815143  -15.4263263
  -67.0814281  -15.4269186
  -67.0813136  -15.4271559
  -67.0811897  -15.4273993
  -67.0808822  -15.427827
  -67.080398   -15.4280197
  -67.0797819  -15.4280715
  -67.0793889  -15.4278585
  -67.0788667  -15.4279558
  -67.0781037  -15.4281017
  -67.077802   -15.4274771
  -67.0773519  -15.427288
  -67.0766152  -15.4270602
  -67.0758586  -15.4270371
  -67.0748889  -15.4271531
  -67.0741339  -15.4271285
  -67.0734258  -15.4269196
  -67.0731198  -15.4269621
  -67.0715609  -15.4274952
  -67.0711639  -15.4277313
  -67.0709198  -15.4279415
  -67.0701337  -15.4289512
  -67.0696705  -15.4294306
  -67.0690991  -15.4298956
  -67.0680103  -15.4306496
  -67.0678692  -15.4307975
  -67.0677915  -15.430955
  -67.0676069  -15.4312139
  -67.067743   -15.4316349
  -67.0684152  -15.431931
  -67.0693706  -15.4324129
  -67.0699349  -15.4325269
  -67.0706744  -15.4325659
  -67.0707692  -15.4326436
  -67.070831   -15.4328203
  -67.0708217  -15.433132
  -67.0705148  -15.4339607
  -67.0702667  -15.434366
  -67.0698339  -15.4348041
  -67.0694121  -15.4351891
  -67.068853   -15.4355411
  -67.068403   -15.4357798
  -67.068061   -15.4362428
  -67.0680843  -15.4366865
  -67.0679041  -15.4369018
  -67.0676994  -15.437004
  -67.0675125  -15.4371395
  -67.067122   -15.4371651
  -67.06644    -15.4369123
  -67.0660127  -15.4371466
  -67.0657527  -15.4374016
  -67.0658062  -15.4380052
  -67.0659425  -15.4383685
  -67.0662569  -15.4387773
  -67.0664309  -15.4391759
  -67.0665226  -15.4394352
  -67.0664443  -15.4397105
  -67.0662525  -15.4399462
  -67.0658745  -15.4401707
  -67.0652379  -15.4402307
  -67.0643657  -15.439627
  -67.0637015  -15.4393998
  -67.0633446  -15.4393967
  -67.0610525  -15.4399957
  -67.0603745  -15.4403286
  -67.0596558  -15.4408555
  -67.0593888  -15.4410525
  -67.0591177  -15.44153
  -67.0592041  -15.4418761
  -67.0602913  -15.4420779
  -67.0614063  -15.4422453
  -67.062418   -15.4422184
  -67.0629936  -15.4419554
  -67.06399    -15.4416298
  -67.0643219  -15.4415649
  -67.0644996  -15.4416117
  -67.0645554  -15.4418109
  -67.0645402  -15.4420683
  -67.0644825  -15.4422576
  -67.0641923  -15.4426617
  -67.0638966  -15.4429664
  -67.0626198  -15.4439537
  -67.0616272  -15.444564
  -67.0605979  -15.4449887
  -67.0599516  -15.4450463
  -67.0587968  -15.4453073
  -67.0579105  -15.4453809
  -67.0577447  -15.4455556
  -67.0573356  -15.4459047
  -67.0565107  -15.4463075
  -67.0560808  -15.446273
  -67.0555378  -15.4463232
  -67.0547731  -15.4463149
  -67.0543397  -15.4458908
  -67.0545014  -15.4451115
  -67.0544268  -15.4449301
  -67.0540602  -15.4446649
  -67.0538056  -15.4446129
  -67.0533721  -15.4446408
  -67.0524846  -15.444904
  -67.0519655  -15.4452519
  -67.0518801  -15.4454725
  -67.051618   -15.4463159
  -67.0515447  -15.4479205
  -67.0514119  -15.4485241
  -67.0511008  -15.4492614
  -67.0510036  -15.4496266
  -67.0506799  -15.4500091
  -67.0500724  -15.4501756
  -67.049251   -15.4499544
  -67.0479144  -15.4491442
  -67.0474042  -15.4485656
  -67.0472496  -15.4478936
  -67.047236   -15.4474179
  -67.0476743  -15.4467185
  -67.0475559  -15.4463037
  -67.047242   -15.4462211
  -67.0468544  -15.4462958
  -67.045886   -15.4470419
  -67.0448347  -15.4486201
  -67.044517   -15.4491667
  -67.0444065  -15.4497521
  -67.0440208  -15.450085
  -67.0433648  -15.4503832
  -67.0426091  -15.4502924
  -67.0418888  -15.4500793
  -67.0414335  -15.4498517
  -67.0411421  -15.4497723
  -67.0407781  -15.4497926
  -67.0405     -15.449901
  -67.0402022  -15.4503497
  -67.0401305  -15.4510316
  -67.0401942  -15.451619
  -67.0402296  -15.4520396
  -67.0405672  -15.4525982
  -67.0409246  -15.4528249
  -67.041352   -15.4526583
  -67.0420455  -15.4526378
  -67.0428024  -15.4526876
  -67.0433189  -15.4524892
  -67.0438759  -15.4530134
  -67.0442683  -15.4532946
  -67.0444439  -15.4535223
  -67.0444133  -15.4541899
  -67.0440518  -15.4545484
  -67.0435702  -15.4548406
  -67.0432077  -15.4546972
  -67.0422929  -15.4545134
  -67.0416378  -15.4544844
  -67.0408044  -15.4550082
  -67.0397221  -15.4554575
  -67.0388281  -15.4554018
  -67.0379299  -15.4552314
  -67.0373256  -15.4551799
  -67.0370635  -15.4553719
  -67.0365356  -15.4559467
  -67.0363662  -15.4564533
  -67.0362212  -15.456955
  -67.0362583  -15.4575012
  -67.0366837  -15.4577997
  -67.0371931  -15.457623
  -67.0375929  -15.4576983
  -67.0377876  -15.4581245
  -67.037574   -15.4586263
  -67.0373043  -15.4590011
  -67.0370598  -15.4592224
  -67.036733   -15.4591632
  -67.0359271  -15.4590214
  -67.0346124  -15.4588971
  -67.0337974  -15.4587641
  -67.0329862  -15.4587694
  -67.0322675  -15.459353
  -67.0319345  -15.4599485
  -67.0318543  -15.4604623
  -67.0317998  -15.4611251
  -67.0316511  -15.4615904
  -67.0314014  -15.4619882
  -67.0313022  -15.4623373
  -67.0308256  -15.4625779
  -67.0300848  -15.4625286
  -67.0298246  -15.4623221
  -67.0294128  -15.4617266
  -67.0288578  -15.4615243
  -67.0284653  -15.4615042
  -67.0281376  -15.4615636
  -67.0277906  -15.461702
  -67.0277422  -15.4619205
  -67.028382   -15.4628047
  -67.0285762  -15.4633024
  -67.0288472  -15.4636724
  -67.0290898  -15.4640511
  -67.0291072  -15.4642934
  -67.0290517  -15.4646485
  -67.0287741  -15.4648225
  -67.0283039  -15.4648
  -67.0278618  -15.4647229
  -67.0274589  -15.4643588
  -67.0272362  -15.4638293
  -67.0265815  -15.463618
  -67.0262382  -15.4638169
  -67.0262748  -15.4643021
  -67.0260368  -15.4646219
  -67.0260613  -15.4649611
  -67.0260172  -15.4653003
  -67.0261472  -15.4662825
  -67.0262504  -15.4668957
  -67.0260929  -15.4673059
  -67.0256624  -15.467674
  -67.0245109  -15.4674796
  -67.0240431  -15.4671037
  -67.0241449  -15.4668254
  -67.0239151  -15.4664099
  -67.0234231  -15.4659886
  -67.0225083  -15.4658101
  -67.0221415  -15.4660417
  -67.0216618  -15.4665209
  -67.021442   -15.4667166
  -67.0212943  -15.4671357
  -67.0213724  -15.4674674
  -67.0214101  -15.4677444
  -67.0214382  -15.4679918
  -67.0211265  -15.4683458
  -67.0207313  -15.4684782
  -67.0195818  -15.4686259
  -67.0191891  -15.468681
  -67.0186959  -15.4693937
  -67.0189884  -15.4699977
  -67.0191216  -15.4703249
  -67.0183039  -15.4712336
  -67.0171441  -15.4719294
  -67.0166982  -15.4724021
  -67.0161408  -15.4726681
  -67.0158932  -15.472474
  -67.0154964  -15.472559
  -67.0149795  -15.4725412
  -67.0146924  -15.4722322
  -67.0145846  -15.4717833
  -67.0144211  -15.4716459
  -67.0142261  -15.4715868
  -67.0139325  -15.4717829
  -67.0131626  -15.4725224
  -67.0122743  -15.4733312
  -67.0107818  -15.4744202
  -67.0103074  -15.4747096
  -67.0099172  -15.4749882
  -67.0094767  -15.4754699
  -67.0090658  -15.475366
  -67.0086782  -15.4760499
  -67.0080935  -15.4765905
  -67.0078067  -15.4763259
  -67.0072674  -15.4757875
  -67.0070829  -15.4759231
  -67.0062069  -15.4765769
  -67.0055306  -15.4769571
  -67.0051547  -15.4768718
  -67.0042336  -15.4764995
  -67.0036799  -15.4761499
  -67.003452   -15.4761659
  -67.0032239  -15.4762632
  -67.0030134  -15.4765369
  -67.0027316  -15.477682
  -67.0023301  -15.4783244
  -67.0021324  -15.4786141
  -67.0020617  -15.4788264
  -67.0019969  -15.47914
  -67.0021339  -15.4794892
  -67.0024898  -15.479953
  -67.0031881  -15.480355
  -67.0036242  -15.4806803
  -67.0035664  -15.4811969
  -67.0036379  -15.4816793
  -67.0034909  -15.4824487
  -67.0031978  -15.4832409
  -67.0033749  -15.4843171
  -67.0033474  -15.4847225
  -67.0031937  -15.4851815
  -67.0029335  -15.4854683
  -67.0024217  -15.4858759
  -67.0021239  -15.4861686
  -67.0018642  -15.486439
  -67.0016917  -15.4866362
  -67.0014006  -15.4869787
  -67.0007816  -15.4872762
  -67.0003577  -15.4873254
  -66.9999247  -15.4874103
  -66.9995174  -15.4873581
  -66.9990827  -15.4870215
  -66.9986216  -15.4865946
  -66.9979877  -15.486433
  -66.9977009  -15.4863932
  -66.9972812  -15.4864168
  -66.9969531  -15.4863538
  -66.9964539  -15.4862546
  -66.9958413  -15.4861792
  -66.9954949  -15.4860352
  -66.9946871  -15.4859327
  -66.9943154  -15.4858217
  -66.99404    -15.4858395
  -66.9938025  -15.4861173
  -66.9937764  -15.4863797
  -66.9938708  -15.4872357
  -66.994112   -15.4877005
  -66.9941825  -15.4880263
  -66.9941619  -15.4882894
  -66.9934771  -15.489114
  -66.9930929  -15.4895357
  -66.9928068  -15.4898538
  -66.9924973  -15.4899956
  -66.9919368  -15.4901896
  -66.9915698  -15.4903206
  -66.9911933  -15.4903742
  -66.9905883  -15.4902351
  -66.9899825  -15.4897888
  -66.9897468  -15.4894532
  -66.9895188  -15.4891779
  -66.9890735  -15.4891513
  -66.9888378  -15.4892575
  -66.9885106  -15.489641
  -66.9878353  -15.4899543
  -66.9874391  -15.4901503
  -66.9870763  -15.490258
  -66.9865202  -15.4908539
  -66.9860679  -15.4916133
  -66.9856207  -15.4921941
  -66.9850712  -15.4924753
  -66.9843591  -15.4926809
  -66.9842903  -15.4931906
  -66.9844926  -15.4937493
  -66.9856012  -15.494288
  -66.9865467  -15.4945124
  -66.9868331  -15.4947018
  -66.9869913  -15.4950182
  -66.9863441  -15.4964048
  -66.9860703  -15.496827
  -66.9856478  -15.4971872
  -66.9852928  -15.497225
  -66.9847483  -15.4970957
  -66.9838313  -15.4971815
  -66.9827204  -15.4969189
  -66.9817812  -15.497194
  -66.9810872  -15.4972295
  -66.9806513  -15.4971441
  -66.9802494  -15.4971407
  -66.9797193  -15.4971204
  -66.9792168  -15.497171
  -66.9788334  -15.4977015
  -66.9787343  -15.4983617
  -66.9785527  -15.4993526
  -66.9785974  -15.5000394
  -66.9789673  -15.5007243
  -66.9789771  -15.5011418
  -66.97896    -15.501625
  -66.9787776  -15.5018039
  -66.9782359  -15.5018796
  -66.9777952  -15.5015909
  -66.9768526  -15.5004915
  -66.9762053  -15.4998859
  -66.9759754  -15.4994072
  -66.9757556  -15.499203
  -66.9754971  -15.4991795
  -66.974863   -15.4993043
  -66.9745247  -15.4998343
  -66.9742572  -15.5000306
  -66.9739419  -15.5003485
  -66.9735499  -15.5006568
  -66.9733468  -15.5010478
  -66.9726611  -15.5017003
  -66.9720769  -15.5019759
  -66.9715561  -15.5023461
  -66.9713086  -15.5026375
  -66.9708931  -15.5031274
  -66.9706278  -15.5034206
  -66.9703185  -15.5038312
  -66.9700761  -15.5045722
  -66.9697824  -15.5050732
  -66.9692683  -15.5051447
  -66.9683729  -15.5051023
  -66.968073   -15.5051931
  -66.967717   -15.5053323
  -66.9674522  -15.5055537
  -66.967151   -15.506473
  -66.967086   -15.5076311
  -66.9666104  -15.5080594
  -66.966221   -15.5081464
  -66.9660307  -15.5080471
  -66.965768   -15.5075965
  -66.9648141  -15.5070369
  -66.9640445  -15.5068897
  -66.9637279  -15.5064859
  -66.9633484  -15.5063144
  -66.962986   -15.5063107
  -66.9627924  -15.5065755
  -66.9627253  -15.5077973
  -66.9625519  -15.5089452
  -66.9629631  -15.5094808
  -66.9633702  -15.5097795
  -66.9634337  -15.5101957
  -66.9634349  -15.5106068
  -66.9633856  -15.511026
  -66.9632144  -15.5114012
  -66.9629482  -15.5115385
  -66.9625753  -15.5119696
  -66.9618828  -15.5126334
  -66.961649   -15.5129242
  -66.9613974  -15.5132825
  -66.961466   -15.5137069
  -66.9616026  -15.5139307
  -66.9611866  -15.5143455
  -66.9606801  -15.514471
  -66.960157   -15.5150358
  -66.9596115  -15.5155819
  -66.9595121  -15.5159469
  -66.9596788  -15.5168836
  -66.9597386  -15.5170618
  -66.9591565  -15.5177251
  -66.9590443  -15.5178491
  -66.959114   -15.5181027
  -66.9593172  -15.5183894
  -66.9594899  -15.5186576
  -66.9594829  -15.5190236
  -66.9593919  -15.5193404
  -66.9591455  -15.5196436
  -66.9589424  -15.5201213
  -66.9586284  -15.5206231
  -66.9582638  -15.5211126
  -66.9581012  -15.5214698
  -66.9579386  -15.5216875
  -66.9574685  -15.5218218
  -66.9571764  -15.5217083
  -66.956762   -15.521608
  -66.9566556  -15.5219798
  -66.9567461  -15.5221791
  -66.9570348  -15.5225291
  -66.957325   -15.5230624
  -66.9573919  -15.5235598
  -66.957505   -15.5244634
  -66.957283   -15.5248882
  -66.9571082  -15.5251074
  -66.9568517  -15.5253713
  -66.9566634  -15.5253335
  -66.9563768  -15.524818
  -66.9560505  -15.5243542
  -66.9558588  -15.5238916
  -66.9552683  -15.5235094
  -66.9551464  -15.5233022
  -66.9548614  -15.5234169
  -66.9546271  -15.5237992
  -66.9543432  -15.5239281
  -66.9540097  -15.5242443
  -66.9538058  -15.5247809
  -66.9536156  -15.5252084
  -66.9529869  -15.5254538
  -66.9527886  -15.525346
  -66.9523634  -15.5249144
  -66.9519359  -15.524609
  -66.9515425  -15.5246069
  -66.951255   -15.5250306
  -66.951017   -15.5251788
  -66.9504752  -15.5253606
  -66.9501881  -15.52575
  -66.9499726  -15.526558
  -66.9500697  -15.5273661
  -66.9499144  -15.5285741
  -66.9502883  -15.5290615
  -66.9505326  -15.5295527
  -66.950564   -15.5300364
  -66.9504834  -15.5308696
  -66.9504715  -15.5315661
  -66.9503657  -15.5319864
  -66.9500911  -15.5324171
  -66.9494407  -15.5330754
  -66.9490198  -15.5329637
  -66.9485764  -15.5322868
  -66.9484416  -15.531687
  -66.9483622  -15.5313527
  -66.9479671  -15.5310603
  -66.9475358  -15.531119
  -66.9474571  -15.5314984
  -66.9472756  -15.5326586
  -66.9469722  -15.5337673
  -66.9462831  -15.5339479
  -66.9455788  -15.5342166
  -66.9451442  -15.534479
  -66.9443533  -15.5347498
  -66.9438003  -15.5349432
  -66.9436411  -15.5354375
  -66.9434424  -15.5362282
  -66.9432042  -15.537215
  -66.9430124  -15.5379632
  -66.9427967  -15.5385117
  -66.9424544  -15.5387792
  -66.9419354  -15.539053
  -66.9415003  -15.5390036
  -66.9413236  -15.5392426
  -66.9413512  -15.539602
  -66.9414973  -15.5398329
  -66.9418321  -15.5402877
  -66.94211    -15.5404224
  -66.9421134  -15.5407701
  -66.9419264  -15.5411378
  -66.9416934  -15.5413432
  -66.9413685  -15.5417232
  -66.9409897  -15.5420259
  -66.9404813  -15.5422294
  -66.9398253  -15.5422586
  -66.939682   -15.5422999
  -66.9394399  -15.5426694
  -66.939312   -15.5432408
  -66.9390952  -15.5441377
  -66.9391541  -15.5445786
  -66.9392435  -15.544678
  -66.9393232  -15.5449135
  -66.9392539  -15.5450393
  -66.9390772  -15.5450999
  -66.9389296  -15.5453681
  -66.9387106  -15.5454272
  -66.9385088  -15.5452441
  -66.9382503  -15.5452672
  -66.9374359  -15.545497
  -66.9372788  -15.5457242
  -66.9372705  -15.5462217
  -66.9372451  -15.5466326
  -66.9373043  -15.5470753
  -66.9373982  -15.5474289
  -66.9377527  -15.5484641
  -66.9375496  -15.5487008
  -66.937244   -15.5488027
  -66.9362901  -15.548622
  -66.9353401  -15.5484083
  -66.9351762  -15.5485832
  -66.9346165  -15.5490506
  -66.9338303  -15.5495319
  -66.9333592  -15.5494794
  -66.932953   -15.550088
  -66.9332165  -15.550796
  -66.9332673  -15.551841
  -66.9328607  -15.5521516
  -66.9323546  -15.5521667
  -66.9318294  -15.5519726
  -66.9315643  -15.552069
  -66.9314763  -15.5525996
  -66.9316925  -15.5528738
  -66.9318258  -15.5532448
  -66.9340875  -15.5539245
  -66.9359438  -15.5575542
  -66.937271   -15.5589741
  -66.8730606  -15.62042
  -66.8027978  -15.6735035
  -66.7136698  -15.7716133
  -66.6916255  -15.7948906
  -66.6816822  -15.8076138
  -66.6722416  -15.8227897
  -66.5672547  -16.0263758
  -66.4722884  -16.1655436
  -66.4550591  -16.1838942
  -66.451024   -16.1881917
  -66.3668696  -16.2498108
  -66.3110184  -16.2865312
  -66.296543   -16.2964795
  -66.204557   -16.346551
  -66.1405858  -16.3764687
  -66.1015698  -16.3935609
  -66.0232283  -16.4152387
  -65.9871504  -16.4195645
  -65.911487   -16.414758
  -65.8428387  -16.3945693
  -65.7751926  -16.3676478
  -65.7215768  -16.3440884
  -65.6584405  -16.3094653
  -65.6073301  -16.2777222
  -65.5522111  -16.2344278
  -65.5306645  -16.2113335
  -65.4640206  -16.0553767
  -65.4274416  -15.9879501
  -65.3878561  -15.9243556
  -65.3658085  -15.8920688
  -65.3051776  -15.8395316
  -65.2585769  -15.8048205
  -65.2361546  -15.7949362
  -65.2177175  -15.7905325
  -65.1989269  -15.7892066
  -65.1331599  -15.7949926
  -65.0984599  -15.8002963
  -64.9731299  -15.7999614
  -64.9351196  -15.8001945
  -64.7300803  -15.8020566
  -64.714889   -15.8019407
  -64.4883183  -15.824416
  -64.4581637  -15.8274071
  -63.3810122  -15.8839922
  -63.3812557  -15.8824276
  -63.3823194  -15.8805806
  -63.3845764  -15.8795594
  -63.385772   -15.8787293
  -63.3865511  -15.8779164
  -63.3871137  -15.877121
  -63.3882047  -15.8767005
  -63.3891019  -15.8763861
  -63.3897624  -15.8754238
  -63.3897658  -15.874302
  -63.3895102  -15.8734516
  -63.3885777  -15.8723619
  -63.3881978  -15.8707208
  -63.3879076  -15.8699301
  -63.386685   -15.8678106
  -63.3852344  -15.8673721
  -63.3845851  -15.8670465
  -63.3841499  -15.8663688
  -63.3843917  -15.8658106
  -63.3850548  -15.865505
  -63.3892408  -15.8639236
  -63.3898811  -15.8635861
  -63.3899346  -15.8633222
  -63.3897273  -15.862973
  -63.389418   -15.8628692
  -63.3873509  -15.863066
  -63.3868682  -15.8630111
  -63.3866023  -15.8627475
  -63.385841   -15.8614839
  -63.3856924  -15.8606629
  -63.38572    -15.8601728
  -63.385722   -15.8594986
  -63.38644    -15.8584976
  -63.3871452  -15.857153
  -63.3875147  -15.8568748
  -63.3879097  -15.856793
  -63.3883574  -15.8573409
  -63.3882692  -15.8578888
  -63.3880417  -15.858641
  -63.3883013  -15.8590409
  -63.3886866  -15.8592005
  -63.3889698  -15.859041
  -63.3893576  -15.8585747
  -63.3899546  -15.8574211
  -63.3907897  -15.8567028
  -63.3918903  -15.8558976
  -63.3938075  -15.855117
  -63.3949911  -15.855085
  -63.3962197  -15.8558925
  -63.3966572  -15.8558655
  -63.3992056  -15.8559782
  -63.4013536  -15.8565417
  -63.4051322  -15.8570677
  -63.4082664  -15.8577721
  -63.4098384  -15.8586174
  -63.4106976  -15.8586926
  -63.4112151  -15.8581948
  -63.4114494  -15.8568705
  -63.4112444  -15.8562506
  -63.4101801  -15.8549732
  -63.4094283  -15.8536583
  -63.4089889  -15.8522682
  -63.408657   -15.8491686
  -63.4083543  -15.8483421
  -63.4076415  -15.8482388
  -63.4061281  -15.8488962
  -63.4028084  -15.8491874
  -63.4019687  -15.8497698
  -63.4009143  -15.8508311
  -63.3998793  -15.8510847
  -63.3992446  -15.8504836
  -63.3997231  -15.8479476
  -63.4018223  -15.846426
  -63.4041949  -15.8442374
  -63.4056595  -15.8432794
  -63.409028   -15.8421334
  -63.4101118  -15.8420771
  -63.4110686  -15.842697
  -63.4123282  -15.8436457
  -63.4128945  -15.8450358
  -63.4133729  -15.8465856
  -63.4144957  -15.8486145
  -63.4152378  -15.8505681
  -63.4150132  -15.8510941
  -63.4149058  -15.8516389
  -63.4152573  -15.8525406
  -63.4158334  -15.8530384
  -63.4166243  -15.8530008
  -63.4178252  -15.8522212
  -63.4218284  -15.8494974
  -63.4241131  -15.8478631
  -63.4255289  -15.8476001
  -63.4262905  -15.8473746
  -63.4283702  -15.8463978
  -63.4292977  -15.84559
  -63.429288   -15.8449701
  -63.4291708  -15.8444441
  -63.4292141  -15.8430122
  -63.4292391  -15.8418986
  -63.4291289  -15.84166
  -63.429008   -15.8414781
  -63.4287314  -15.841335
  -63.4266127  -15.8399261
  -63.4254508  -15.8394846
  -63.4232637  -15.8394846
  -63.4219651  -15.8390713
  -63.42176    -15.8383104
  -63.4221604  -15.8374932
  -63.4227462  -15.8360279
  -63.4231172  -15.835624
  -63.4246794  -15.8357649
  -63.425607   -15.835577
  -63.4268763  -15.8347692
  -63.4292001  -15.8329657
  -63.4304792  -15.8320451
  -63.4304792  -15.83166
  -63.4296688  -15.8308803
  -63.4294637  -15.8301006
  -63.4297762  -15.8285601
  -63.4296492  -15.8271041
  -63.4298836  -15.8260614
  -63.4305182  -15.8257326
  -63.4319047  -15.8260332
  -63.4329982  -15.8261083
  -63.4346874  -15.8267189
  -63.4372064  -15.827198
  -63.4391299  -15.8279401
  -63.4401649  -15.8280904
  -63.4411901  -15.8279965
  -63.442186   -15.8270008
  -63.4431331  -15.8264935
  -63.443797   -15.8259862
  -63.4445977  -15.8249623
  -63.4446953  -15.8240041
  -63.4433479  -15.8211672
  -63.4427425  -15.8203781
  -63.441483   -15.8199178
  -63.4393252  -15.8200023
  -63.4368256  -15.8206035
  -63.4350974  -15.8203217
  -63.4346581  -15.8197017
  -63.4350389  -15.8181235
  -63.4353708  -15.8174378
  -63.4362691  -15.8168459
  -63.4369721  -15.8169774
  -63.4376653  -15.8170996
  -63.4383293  -15.8169399
  -63.4415904  -15.8141874
  -63.4418833  -15.813464
  -63.4417466  -15.8120924
  -63.4414732  -15.8104484
  -63.4408093  -15.8090956
  -63.4399501  -15.8086634
  -63.4383097  -15.8085225
  -63.4364351  -15.809011
  -63.4353806  -15.8092083
  -63.4331447  -15.8091989
  -63.4318266  -15.8089077
  -63.431397   -15.8083816
  -63.4313481  -15.8074234
  -63.4319242  -15.806606
  -63.4328225  -15.8061645
  -63.4337598  -15.8062396
  -63.4344628  -15.8060048
  -63.435693   -15.8048868
  -63.4382316  -15.8031676
  -63.4393447  -15.8020308
  -63.4397353  -15.8009504
  -63.4395693  -15.8000203
  -63.439208   -15.7981883
  -63.4398427  -15.7936316
  -63.4403309  -15.7925042
  -63.4406433  -15.7911419
  -63.4405359  -15.7886333
  -63.4400184  -15.7883045
  -63.4392373  -15.7883232
  -63.4382121  -15.788079
  -63.4371186  -15.7880696
  -63.4361227  -15.7894413
  -63.4355563  -15.791358
  -63.4333692  -15.7937162
  -63.4324026  -15.7938571
  -63.4308404  -15.7937068
  -63.4301081  -15.7929646
  -63.4298152  -15.7920532
  -63.4300691  -15.7889527
  -63.4306549  -15.7881729
  -63.4321781  -15.7873837
  -63.4342675  -15.7866414
  -63.436191   -15.7853918
  -63.4379485  -15.7843865
  -63.438837   -15.783259
  -63.4391201  -15.7823288
  -63.4385734  -15.7809383
  -63.4385148  -15.7803275
  -63.439003   -15.7800081
  -63.4395107  -15.7804027
  -63.4399501  -15.7815584
  -63.440614   -15.7821315
  -63.4412291  -15.7820845
  -63.4422641  -15.7808443
  -63.4450566  -15.7792846
  -63.4456131  -15.7785799
  -63.4454374  -15.777988
  -63.4449785  -15.7773302
  -63.4439825  -15.7768792
  -63.4428206  -15.776541
  -63.4413658  -15.7768322
  -63.4383586  -15.7784484
  -63.4366108  -15.7793128
  -63.4357126  -15.7792846
  -63.4353415  -15.777302
  -63.4353415  -15.7756296
  -63.4362398  -15.7750188
  -63.4368159  -15.7744738
  -63.4371771  -15.773506
  -63.437802   -15.7722939
  -63.4404285  -15.768977
  -63.4405261  -15.7684508
  -63.440282   -15.7680092
  -63.4380831  -15.7657846
  -63.437226   -15.7652372
  -63.4364253  -15.7651809
  -63.4349412  -15.7647016
  -63.4337793  -15.7645043
  -63.432842   -15.764664
  -63.431973   -15.7649647
  -63.4304206  -15.7640815
  -63.4301374  -15.7635552
  -63.4300984  -15.7631136
  -63.430733   -15.7624182
  -63.4311138  -15.7616759
  -63.4317775  -15.7608644
  -63.4324748  -15.7604856
  -63.4330604  -15.7605474
  -63.4335449  -15.7605986
  -63.4339902  -15.760572
  -63.4361063  -15.7598886
  -63.4365673  -15.7597896
  -63.4370484  -15.759821
  -63.4374525  -15.7599083
  -63.437899   -15.7601525
  -63.4391996  -15.762074
  -63.4396465  -15.7625981
  -63.440226   -15.7630551
  -63.4410907  -15.7636572
  -63.4421945  -15.7639685
  -63.4424683  -15.7639726
  -63.4426374  -15.7638332
  -63.4427727  -15.7636592
  -63.4428081  -15.7633935
  -63.4428342  -15.7628995
  -63.4426936  -15.761005
  -63.4425057  -15.760342
  -63.4422085  -15.759733
  -63.4417923  -15.7592475
  -63.4413738  -15.7588397
  -63.4409125  -15.7584266
  -63.4404018  -15.7580754
  -63.4398235  -15.7577038
  -63.4391905  -15.757518
  -63.4367672  -15.757074
  -63.4354314  -15.756668
  -63.4342292  -15.7559305
  -63.4323943  -15.754354
  -63.4311641  -15.7531699
  -63.4297299  -15.7510048
  -63.4294838  -15.7498207
  -63.4296877  -15.7492996
  -63.4303767  -15.7489749
  -63.4317335  -15.7491982
  -63.4343698  -15.7480952
  -63.4361696  -15.7483185
  -63.4393683  -15.7486298
  -63.4405775  -15.7487786
  -63.4408025  -15.7485351
  -63.4407463  -15.7480005
  -63.4402471  -15.7473509
  -63.4391645  -15.7467758
  -63.4377022  -15.7460924
  -63.4358392  -15.7445902
  -63.4349604  -15.7437647
  -63.4348409  -15.7431828
  -63.4350799  -15.7427633
  -63.4375124  -15.7413491
  -63.4396355  -15.7399484
  -63.4412876  -15.7383447
  -63.4431365  -15.7368019
  -63.4437411  -15.7366801
  -63.4443317  -15.7369575
  -63.4449011  -15.7379387
  -63.4458151  -15.7413965
  -63.4461384  -15.7420596
  -63.4466868  -15.7422084
  -63.449984   -15.74164
  -63.4515447  -15.74164
  -63.453942   -15.7412679
  -63.4559597  -15.7410378
  -63.4576118  -15.7408145
  -63.4582797  -15.7403003
  -63.4584132  -15.7397048
  -63.4580758  -15.738859
  -63.4566557  -15.7374515
  -63.4560089  -15.7366463
  -63.4554816  -15.7335944
  -63.4556644  -15.7331275
  -63.4569228  -15.7327554
  -63.458603   -15.7325727
  -63.4609722  -15.7324238
  -63.461626   -15.7320313
  -63.4619424  -15.7314088
  -63.4625592  -15.7295192
  -63.4630954  -15.7293922
  -63.4639671  -15.7300012
  -63.4642343  -15.7301095
  -63.4646701  -15.7303193
  -63.466027   -15.7310704
  -63.4674611  -15.7322546
  -63.4689023  -15.7339937
  -63.4699569  -15.735117
  -63.4706036  -15.7352185
  -63.4713067  -15.7348192
  -63.4718761  -15.7342238
  -63.4719535  -15.73352
  -63.4717918  -15.7331411
  -63.4716512  -15.732302
  -63.4720378  -15.7289456
  -63.472312   -15.7262997
  -63.472312   -15.7252508
  -63.4718621  -15.7237688
  -63.4724385  -15.7228214
  -63.4729517  -15.7216574
  -63.4729096  -15.7205341
  -63.4725018  -15.7196949
  -63.4728182  -15.7189437
  -63.4738516  -15.7184294
  -63.4747726  -15.7171166
  -63.4754897  -15.7166564
  -63.476277   -15.716785
  -63.4767621  -15.7173534
  -63.4777675  -15.7182602
  -63.4798414  -15.7196408
  -63.4811349  -15.720622
  -63.4819504  -15.7211025
  -63.4823793  -15.7210213
  -63.4826324  -15.7201348
  -63.483244   -15.7191671
  -63.483476   -15.7181655
  -63.4833284  -15.7174279
  -63.4826394  -15.716785
  -63.4805936  -15.7153638
  -63.4799609  -15.7150051
  -63.4790188  -15.7149645
  -63.4772332  -15.714166
  -63.4760943  -15.7133336
  -63.4749624  -15.7119056
  -63.4746812  -15.7110732
  -63.474646   -15.7098483
  -63.4752717  -15.7077571
  -63.4761294  -15.7060313
  -63.4775003  -15.7047319
  -63.4793071  -15.7031618
  -63.4804671  -15.7017879
  -63.481613   -15.7006712
  -63.4822106  -15.700414
  -63.4825621  -15.700617
  -63.4822949  -15.7017946
  -63.4826113  -15.7026474
  -63.4838275  -15.7031753
  -63.4865904  -15.7049146
  -63.4875184  -15.7056794
  -63.4887768  -15.7065389
  -63.4901547  -15.706972
  -63.4914694  -15.7068299
  -63.4923411  -15.7062479
  -63.4927489  -15.7050432
  -63.4928684  -15.7044341
  -63.4926012  -15.7039333
  -63.492074   -15.7021466
  -63.4916381  -15.7013953
  -63.4904851  -15.7003463
  -63.489754   -15.6996357
  -63.4894658  -15.6990401
  -63.4895993  -15.698458
  -63.4907593  -15.6974835
  -63.4914834  -15.6975173
  -63.4923481  -15.6974902
  -63.4936909  -15.6972804
  -63.4958984  -15.6964953
  -63.4970725  -15.6959471
  -63.4975646  -15.6954666
  -63.497438   -15.6947424
  -63.4965733  -15.693558
  -63.4956945  -15.6928067
  -63.4947232  -15.6921555
  -63.493988   -15.6909262
  -63.49316    -15.6894175
  -63.4927249  -15.6884506
  -63.4926212  -15.6881086
  -63.4926347  -15.6878012
  -63.4927927  -15.6874726
  -63.4931854  -15.6872743
  -63.4935573  -15.6872161
  -63.4943609  -15.6874233
  -63.4955961  -15.6879606
  -63.4958994  -15.6880471
  -63.4963561  -15.6879772
  -63.4975857  -15.6876154
  -63.49999    -15.6871146
  -63.5010656  -15.6866408
  -63.5012203  -15.6860587
  -63.5009602  -15.6855443
  -63.5009742  -15.6848878
  -63.501375   -15.6840146
  -63.5022397  -15.6829384
  -63.5028162  -15.6822074
  -63.5037934  -15.6812598
  -63.5043066  -15.6811448
  -63.5048127  -15.6812869
  -63.5068726  -15.6828843
  -63.5074069  -15.6832295
  -63.5078357  -15.683243
  -63.5082294  -15.6829723
  -63.5087637  -15.6818893
  -63.510444   -15.6796692
  -63.5125671  -15.6769144
  -63.5132068  -15.6755471
  -63.513699   -15.6742069
  -63.5136497  -15.6734826
  -63.5133967  -15.672095
  -63.5135654  -15.6707345
  -63.5134107  -15.6691031
  -63.5131857  -15.6686361
  -63.5124757  -15.6680539
  -63.5121734  -15.6674447
  -63.5121664  -15.6666392
  -63.5124124  -15.6659014
  -63.5128342  -15.665414
  -63.5140575  -15.6646897
  -63.5153581  -15.663275
  -63.5161595  -15.6626387
  -63.5168344  -15.6626251
  -63.517664   -15.6632547
  -63.5184092  -15.6632682
  -63.5207222  -15.6629839
  -63.5229296  -15.6625845
  -63.5235694  -15.6628417
  -63.5240967  -15.6628756
  -63.5245325  -15.6625981
  -63.5248769  -15.6619824
  -63.5249191  -15.6615627
  -63.5240333  -15.6601818
  -63.5234287  -15.6588821
  -63.523499   -15.6580562
  -63.5244129  -15.6561743
  -63.5251581  -15.655362
  -63.5257065  -15.6551589
  -63.5261424  -15.6552131
  -63.5266064  -15.6557952
  -63.5272953  -15.6573116
  -63.5274641  -15.6579479
  -63.5285608  -15.6586384
  -63.5298543  -15.6593559
  -63.5328352  -15.6613596
  -63.5352395  -15.6640808
  -63.5363221  -15.6652586
  -63.5375876  -15.6655971
  -63.538389   -15.6651774
  -63.5385718  -15.6647983
  -63.5383047  -15.6640944
  -63.5382203  -15.6636747
  -63.5389515  -15.6623344
  -63.5390921  -15.6618199
  -63.5389374  -15.6606421
  -63.5388249  -15.6594507
  -63.5394154  -15.65765
  -63.5410886  -15.6552672
  -63.5431099  -15.6529013
  -63.5435504  -15.6525906
  -63.543935   -15.6525073
  -63.5445675  -15.6526118
  -63.545363   -15.6528031
  -63.5458687  -15.6528148
  -63.5463916  -15.6527108
  -63.5477814  -15.6519231
  -63.5483372  -15.6515956
  -63.5490723  -15.6514264
  -63.549553   -15.6514898
  -63.5506505  -15.6518939
  -63.550961   -15.6520827
  -63.5522386  -15.6532499
  -63.553214   -15.6545361
  -63.5535488  -15.6553984
  -63.5536498  -15.6560593
  -63.5535462  -15.6573116
  -63.5529838  -15.6584759
  -63.5519855  -15.6592341
  -63.5518871  -15.6597621
  -63.5522526  -15.6601276
  -63.5530963  -15.6600058
  -63.5554022  -15.6600058
  -63.5563442  -15.6596944
  -63.5570031  -15.6596225
  -63.5584533  -15.6594642
  -63.5603093  -15.6598162
  -63.5611951  -15.6598975
  -63.5644009  -15.6590174
  -63.5656804  -15.6589904
  -63.5670515  -15.6593526
  -63.5673796  -15.6598504
  -63.5672249  -15.6608387
  -63.5674921  -15.6618271
  -63.5682232  -15.6633704
  -63.567942   -15.6646701
  -63.5673796  -15.665347
  -63.5671687  -15.6660239
  -63.5670984  -15.666579
  -63.5674358  -15.6670257
  -63.5679701  -15.6670664
  -63.5686591  -15.6667008
  -63.569573   -15.6663218
  -63.5718649  -15.666051
  -63.5740583  -15.6655095
  -63.5769969  -15.6636141
  -63.5796122  -15.6620031
  -63.5799778  -15.6609471
  -63.5795138  -15.660243
  -63.5792466  -15.6591735
  -63.5786842  -15.6581852
  -63.5769548  -15.6570073
  -63.5735943  -15.6540017
  -63.5732428  -15.6532841
  -63.5733834  -15.6528373
  -63.5768423  -15.6509554
  -63.5787686  -15.6501295
  -63.5809479  -15.6497098
  -63.5815525  -15.6494661
  -63.5824132  -15.6486851
  -63.5834431  -15.6478598
  -63.5847612  -15.646976
  -63.5850791  -15.6465737
  -63.5851436  -15.6461691
  -63.5850987  -15.6456227
  -63.5847362  -15.6440077
  -63.5846744  -15.6437497
  -63.5847037  -15.6433749
  -63.5849527  -15.6426943
  -63.5854294  -15.6419991
  -63.5856188  -15.6414369
  -63.5857019  -15.6404948
  -63.586205   -15.6385866
  -63.5865188  -15.6372456
  -63.5864299  -15.636916
  -63.5861817  -15.6365718
  -63.5852572  -15.6361535
  -63.5847348  -15.6361335
  -63.5835296  -15.6364714
  -63.5824157  -15.6365312
  -63.5822036  -15.6364884
  -63.5819915  -15.6363288
  -63.5819767  -15.636129
  -63.5820226  -15.6359145
  -63.5823569  -15.6355169
  -63.5825927  -15.6345083
  -63.5829643  -15.6341572
  -63.5847168  -15.6336188
  -63.586176   -15.6332915
  -63.5882877  -15.633008
  -63.5929341  -15.6319591
  -63.5953469  -15.6303924
  -63.597801   -15.6290912
  -63.5982615  -15.6290075
  -63.5987     -15.6290619
  -63.5989289  -15.6292545
  -63.5990474  -15.6295267
  -63.599104   -15.6300166
  -63.5991109  -15.6304056
  -63.5991232  -15.6310296
  -63.5994047  -15.631947
  -63.5994505  -15.6325654
  -63.5994143  -15.6331541
  -63.5991124  -15.6335676
  -63.5985043  -15.6340437
  -63.597746   -15.635066
  -63.597552   -15.6356926
  -63.5974643  -15.6366715
  -63.5975529  -15.6376684
  -63.5976536  -15.637961
  -63.5977993  -15.6380833
  -63.5980008  -15.6381431
  -63.5983388  -15.6381464
  -63.5988855  -15.6381386
  -63.5997339  -15.637894
  -63.6029714  -15.6363407
  -63.6043502  -15.6352652
  -63.6053705  -15.6353581
  -63.6068733  -15.6353183
  -63.6095895  -15.6347076
  -63.6149252  -15.6327956
  -63.6175449  -15.63176
  -63.6185513  -15.6318794
  -63.6192297  -15.6327452
  -63.6216535  -15.6337782
  -63.6220658  -15.6343279
  -63.6222243  -15.6349626
  -63.6223787  -15.6369593
  -63.6227027  -15.6375782
  -63.6232253  -15.6376551
  -63.6247006  -15.6375887
  -63.6251004  -15.6370842
  -63.6270858  -15.6362079
  -63.62954    -15.6348138
  -63.6320631  -15.6324238
  -63.6325595  -15.6315741
  -63.6322148  -15.630804
  -63.6311807  -15.629038
  -63.6309187  -15.6277899
  -63.6322837  -15.6258912
  -63.6339382  -15.6249617
  -63.6348758  -15.6248555
  -63.6376746  -15.6261574
  -63.6389736  -15.6267555
  -63.6398845  -15.626759
  -63.6402805  -15.6266347
  -63.6413283  -15.6254132
  -63.6424996  -15.6244429
  -63.6426054  -15.6240716
  -63.6425959  -15.6237131
  -63.6424928  -15.6234147
  -63.6419569  -15.6221176
  -63.6411195  -15.6209613
  -63.6406996  -15.6206251
  -63.6393981  -15.6196505
  -63.6379366  -15.6195442
  -63.6358271  -15.620248
  -63.6337176  -15.6201949
  -63.6323664  -15.6197036
  -63.6323389  -15.6189467
  -63.6336349  -15.6171939
  -63.6342691  -15.6157599
  -63.6347103  -15.6139938
  -63.6344484  -15.6117762
  -63.6347103  -15.6096516
  -63.635055   -15.6092267
  -63.6364338  -15.60924
  -63.6389293  -15.6087221
  -63.6405011  -15.608815
  -63.6432724  -15.6100765
  -63.6447201  -15.6102624
  -63.6460437  -15.6100898
  -63.6467744  -15.6094391
  -63.6470777  -15.6080183
  -63.6481256  -15.6064115
  -63.6478774  -15.6053093
  -63.64563    -15.6039681
  -63.6448579  -15.6029987
  -63.6447201  -15.6018567
  -63.645051   -15.6005287
  -63.6459058  -15.5997851
  -63.6468571  -15.5996921
  -63.6478636  -15.5991476
  -63.6485392  -15.5982977
  -63.6487047  -15.5972221
  -63.6482772  -15.5966112
  -63.64745    -15.5965448
  -63.6468433  -15.5964917
  -63.645051   -15.5955488
  -63.6438239  -15.5952832
  -63.6433827  -15.5948981
  -63.6431896  -15.5943271
  -63.6437825  -15.593517
  -63.6446649  -15.5929725
  -63.6454922  -15.5929194
  -63.6464159  -15.5925741
  -63.6507728  -15.589347
  -63.6533648  -15.5879393
  -63.6555433  -15.5875143
  -63.6575425  -15.585323
  -63.6580664  -15.584327
  -63.657832   -15.5834903
  -63.6562464  -15.5832645
  -63.654978   -15.5835434
  -63.6542886  -15.5850707
  -63.6534751  -15.5852699
  -63.6520137  -15.5845395
  -63.6519171  -15.5835169
  -63.6530891  -15.5816841
  -63.6542472  -15.5808209
  -63.6555571  -15.5798248
  -63.6580112  -15.5780983
  -63.6594313  -15.5777662
  -63.6619683  -15.5792936
  -63.6626714  -15.5803295
  -63.6629747  -15.5810998
  -63.6669042  -15.5825474
  -63.6683932  -15.5822818
  -63.6694273  -15.5807412
  -63.6690964  -15.5792139
  -63.6693584  -15.5769959
  -63.6699788  -15.5759335
  -63.6700064  -15.5746319
  -63.6701856  -15.5732639
  -63.6705579  -15.5721483
  -63.6715782  -15.5714311
  -63.6724054  -15.5715639
  -63.674446   -15.5728655
  -63.6757558  -15.5754819
  -63.6768174  -15.5769295
  -63.6773276  -15.5785498
  -63.6775482  -15.5808076
  -63.6779756  -15.5821224
  -63.6787615  -15.5823482
  -63.6793543  -15.5815912
  -63.6796576  -15.5804756
  -63.6804435  -15.5789748
  -63.6810493  -15.5767602
  -63.6817533  -15.5754022
  -63.6825392  -15.5746983
  -63.6859172  -15.5739811
  -63.6879164  -15.5740608
  -63.6891986  -15.5751366
  -63.6906463  -15.5761858
  -63.6909496  -15.5771553
  -63.690343   -15.5784037
  -63.6901792  -15.5788092
  -63.6900934  -15.5794477
  -63.6900472  -15.5803425
  -63.6901657  -15.5810626
  -63.6904247  -15.5817076
  -63.6905959  -15.582388
  -63.6907985  -15.5825941
  -63.6910323  -15.5826536
  -63.6917493  -15.5823482
  -63.6929075  -15.5814318
  -63.6938726  -15.5797982
  -63.6939415  -15.5783373
  -63.6935968  -15.5754155
  -63.6923146  -15.5727725
  -63.6906463  -15.5686951
  -63.6890883  -15.5670614
  -63.6869788  -15.5660786
  -63.6855173  -15.5655207
  -63.6849796  -15.5650426
  -63.6850899  -15.5644715
  -63.6863997  -15.5636746
  -63.686772   -15.5631167
  -63.6886333  -15.5611244
  -63.6897363  -15.5587867
  -63.6903843  -15.5576445
  -63.6921078  -15.555413
  -63.6935417  -15.5544168
  -63.6936796  -15.5537925
  -63.6933211  -15.552876
  -63.6923146  -15.5515345
  -63.6920802  -15.5498343
  -63.690922   -15.5467393
  -63.6907593  -15.5459494
  -63.6908517  -15.5448092
  -63.6908852  -15.5443483
  -63.6908167  -15.5440472
  -63.6896459  -15.5425044
  -63.6892565  -15.5414743
  -63.6894881  -15.5387428
  -63.6893641  -15.5369495
  -63.6895019  -15.5350632
  -63.6901224  -15.5343193
  -63.6901362  -15.533509
  -63.6895433  -15.5327385
  -63.687613   -15.5324064
  -63.6861102  -15.5328182
  -63.6850348  -15.5341466
  -63.6843592  -15.535661
  -63.6834354  -15.536365
  -63.6824289  -15.5375074
  -63.6818499  -15.5375473
  -63.6814362  -15.5367901
  -63.6813397  -15.5360993
  -63.6820567  -15.5352757
  -63.6823462  -15.5347444
  -63.6824151  -15.533044
  -63.6825117  -15.5312241
  -63.6830632  -15.5295238
  -63.6844971  -15.5283415
  -63.6851175  -15.5282086
  -63.6857517  -15.5275976
  -63.6875165  -15.5261097
  -63.6903016  -15.524303
  -63.6910599  -15.5234661
  -63.6911013  -15.5228949
  -63.6899018  -15.5216062
  -63.6888953  -15.5202114
  -63.6878336  -15.5195471
  -63.6852736  -15.5194352
  -63.6824572  -15.5187816
  -63.6791061  -15.5178466
  -63.6785271  -15.516837
  -63.6786098  -15.5158938
  -63.6794784  -15.5152959
  -63.6804297  -15.5144191
  -63.6823048  -15.5133829
  -63.6856966  -15.5120676
  -63.6876268  -15.5115362
  -63.6892951  -15.5108321
  -63.6903292  -15.510035
  -63.690343   -15.509291
  -63.6892951  -15.508361
  -63.688137   -15.507152
  -63.6849934  -15.5044417
  -63.6822497  -15.5019041
  -63.6802643  -15.4999644
  -63.6801264  -15.4992602
  -63.6808572  -15.4974666
  -63.6812984  -15.497068
  -63.6822349  -15.4969248
  -63.6829529  -15.4966428
  -63.6853519  -15.494238
  -63.6878336  -15.4929492
  -63.6916941  -15.4901191
  -63.693459   -15.4894282
  -63.6940932  -15.4896142
  -63.6945482  -15.4901324
  -63.6954581  -15.4913681
  -63.695665   -15.4921653
  -63.69521    -15.4926967
  -63.6948515  -15.4934009
  -63.6948238  -15.4941276
  -63.6951382  -15.4950033
  -63.6956208  -15.4954418
  -63.6961751  -15.4956995
  -63.6966632  -15.4956716
  -63.6969196  -15.4953673
  -63.6972311  -15.4946606
  -63.6972449  -15.4924204
  -63.6971926  -15.4901058
  -63.6974711  -15.4890562
  -63.6978434  -15.4870233
  -63.6976268  -15.4857285
  -63.6976013  -15.4850431
  -63.6976779  -15.4848841
  -63.6990153  -15.4836351
  -63.7005402  -15.482945
  -63.7012842  -15.4832023
  -63.7018546  -15.4843
  -63.7038272  -15.4855883
  -63.7055767  -15.4875826
  -63.7063776  -15.4882637
  -63.7073502  -15.4889975
  -63.7079553  -15.4891188
  -63.7088665  -15.4890667
  -63.70945    -15.4891649
  -63.7110162  -15.489775
  -63.7117218  -15.4900022
  -63.7124333  -15.4899358
  -63.7126319  -15.4896966
  -63.7127201  -15.4894149
  -63.7124678  -15.4887519
  -63.7124582  -15.4879401
  -63.7128856  -15.4870897
  -63.7137128  -15.4856282
  -63.7138783  -15.4840337
  -63.7133957  -15.482891
  -63.712596   -15.4821868
  -63.7123203  -15.4817085
  -63.7125547  -15.4810707
  -63.7137818  -15.4800609
  -63.7146442  -15.4782056
  -63.7152528  -15.4773714
  -63.7156574  -15.4769038
  -63.7158998  -15.4766778
  -63.7168288  -15.4763802
  -63.7173275  -15.4761285
  -63.7177664  -15.4753438
  -63.7177112  -15.4725799
  -63.7184695  -15.4703609
  -63.7213787  -15.46769
  -63.7235985  -15.4665206
  -63.7255563  -15.465896
  -63.7258734  -15.4654442
  -63.7256804  -15.4649924
  -63.7240121  -15.4643014
  -63.722978   -15.4635041
  -63.7225368  -15.4623082
  -63.7229229  -15.4610192
  -63.7235295  -15.4603813
  -63.7250462  -15.4605541
  -63.7264111  -15.4602352
  -63.7274314  -15.4594113
  -63.7284793  -15.457192
  -63.7291135  -15.4557436
  -63.728562   -15.4549329
  -63.7286861  -15.4545874
  -63.7297477  -15.4541223
  -63.7313609  -15.453099
  -63.7319675  -15.4530193
  -63.7323949  -15.4533117
  -63.7332222  -15.4543748
  -63.7339667  -15.4547602
  -63.7352214  -15.4546804
  -63.7370551  -15.4550791
  -63.7373033  -15.4555442
  -63.7372068  -15.4569263
  -63.7361727  -15.4577236
  -63.7354282  -15.4588266
  -63.7349318  -15.4605142
  -63.7348767  -15.4613913
  -63.7360348  -15.4628929
  -63.7362416  -15.4636636
  -63.7359383  -15.4647134
  -63.7347939  -15.4660156
  -63.7333219  -15.4681487
  -63.7331057  -15.4686881
  -63.7330404  -15.4692212
  -63.7331722  -15.4694527
  -63.7334661  -15.4695201
  -63.7338978  -15.4694041
  -63.7346147  -15.4690586
  -63.7352076  -15.4687264
  -63.7368069  -15.4686068
  -63.7381305  -15.4681816
  -63.73933    -15.4675438
  -63.7432181  -15.4658429
  -63.7439489  -15.4652183
  -63.7445693  -15.4622152
  -63.744266   -15.4612983
  -63.7436648  -15.4605833
  -63.7432843  -15.4602087
  -63.7429051  -15.4593122
  -63.742592   -15.4583839
  -63.7424955  -15.4575375
  -63.7422838  -15.4568023
  -63.7420549  -15.4560131
  -63.7419898  -15.4554419
  -63.741983   -15.4552614
  -63.7420694  -15.4551072
  -63.7422806  -15.4550658
  -63.7435352  -15.4551456
  -63.7443709  -15.4554991
  -63.7447873  -15.4557569
  -63.7458027  -15.4567889
  -63.7460222  -15.4570856
  -63.7463158  -15.4574188
  -63.7465385  -15.4577342
  -63.7467961  -15.4584849
  -63.7470979  -15.4597248
  -63.7471722  -15.4599931
  -63.7479418  -15.4614845
  -63.7483702  -15.4625008
  -63.7490419  -15.4650349
  -63.7492708  -15.4663107
  -63.7493342  -15.4670972
  -63.7491054  -15.4687796
  -63.749133   -15.4700685
  -63.7502911  -15.472261
  -63.7508288  -15.4727527
  -63.7514355  -15.4726995
  -63.7521524  -15.472261
  -63.7532417  -15.4707728
  -63.7537242  -15.4694573
  -63.7543147  -15.4656967
  -63.7542944  -15.465164
  -63.7539976  -15.4638378
  -63.7538549  -15.4627947
  -63.7537425  -15.4622111
  -63.7536829  -15.4615773
  -63.7537167  -15.461037
  -63.7537952  -15.4604229
  -63.7539586  -15.4599694
  -63.7542728  -15.4592108
  -63.7545105  -15.4586612
  -63.7546936  -15.4579822
  -63.7550265  -15.4573545
  -63.7554339  -15.4566578
  -63.7558891  -15.4560286
  -63.7563129  -15.45552
  -63.7570091  -15.4545008
  -63.7571849  -15.4543748
  -63.7581022  -15.4541205
  -63.7585092  -15.4538909
  -63.759316   -15.4531707
  -63.7601196  -15.452469
  -63.7606149  -15.4519676
  -63.7611548  -15.4516139
  -63.7616299  -15.4514181
  -63.7619934  -15.4513823
  -63.7623631  -15.451489
  -63.762978   -15.4518637
  -63.7634212  -15.4521338
  -63.764623   -15.4527049
  -63.7649725  -15.4528942
  -63.7655682  -15.4535888
  -63.7657795  -15.4536518
  -63.7659589  -15.4536073
  -63.7660497  -15.453512
  -63.7661101  -15.4532937
  -63.7661184  -15.4530817
  -63.7660732  -15.4523037
  -63.7661471  -15.4515965
  -63.7662975  -15.4509261
  -63.7663942  -15.4500451
  -63.7663888  -15.4493117
  -63.7662682  -15.4488109
  -63.7658797  -15.447769
  -63.7656263  -15.4468555
  -63.7654718  -15.4458928
  -63.7652256  -15.4452691
  -63.7648518  -15.4443748
  -63.7644308  -15.4437342
  -63.7641756  -15.4435116
  -63.7636632  -15.4426474
  -63.7632166  -15.4418778
  -63.7631728  -15.4414098
  -63.7632692  -15.441034
  -63.7637482  -15.440656
  -63.7644202  -15.4395484
  -63.7651433  -15.4386007
  -63.7655766  -15.4382268
  -63.7659972  -15.4380373
  -63.7668258  -15.4379408
  -63.767463   -15.4380657
  -63.7680181  -15.4386418
  -63.7690997  -15.4391082
  -63.7709497  -15.4392591
  -63.7746499  -15.4377227
  -63.7754184  -15.437709
  -63.7768558  -15.4384909
  -63.7782505  -15.4384223
  -63.7789336  -15.4374483
  -63.780213   -15.4366021
  -63.7808406  -15.436445
  -63.7815257  -15.4365278
  -63.7821987  -15.4368097
  -63.7833311  -15.4370917
  -63.7843828  -15.4376605
  -63.7845623  -15.43788
  -63.7846653  -15.4380994
  -63.7846375  -15.4382758
  -63.7845586  -15.4384399
  -63.7841156  -15.438629
  -63.7835678  -15.438706
  -63.7833843  -15.4388721
  -63.7833747  -15.4390875
  -63.7834957  -15.4392231
  -63.7839675  -15.4393346
  -63.7845155  -15.4392869
  -63.7851267  -15.4388471
  -63.7861205  -15.4377913
  -63.7883832  -15.4360628
  -63.7898633  -15.4332643
  -63.7916565  -15.4309322
  -63.7932077  -15.4296289
  -63.7940331  -15.4287235
  -63.7943747  -15.4266246
  -63.7942039  -15.424114
  -63.7946308  -15.4234693
  -63.7963244  -15.4228107
  -63.7971925  -15.4220013
  -63.7980892  -15.4213535
  -63.7985804  -15.4209807
  -63.7987097  -15.4206705
  -63.7987604  -15.420338
  -63.7986627  -15.4201486
  -63.7984922  -15.4199771
  -63.7974604  -15.419775
  -63.7956771  -15.4192957
  -63.7946355  -15.4189449
  -63.7939372  -15.4185673
  -63.793325   -15.4180714
  -63.7929355  -15.4176649
  -63.7923783  -15.4165139
  -63.7918768  -15.4152645
  -63.790888   -15.4137029
  -63.7904558  -15.4132568
  -63.7901164  -15.4130522
  -63.7897605  -15.4129615
  -63.7890521  -15.4129603
  -63.7885475  -15.4129212
  -63.7876903  -15.4124974
  -63.7867368  -15.4119638
  -63.785709   -15.4111707
  -63.7845015  -15.410247
  -63.7837029  -15.4095436
  -63.7831826  -15.4089297
  -63.7826075  -15.4085767
  -63.7799725  -15.4074724
  -63.7793036  -15.4068001
  -63.7793036  -15.4063473
  -63.7799155  -15.4056476
  -63.780499   -15.4051811
  -63.7825341  -15.4046049
  -63.7841138  -15.4039326
  -63.7851243  -15.4039326
  -63.7864193  -15.4044128
  -63.7869886  -15.4057025
  -63.7881129  -15.406169
  -63.788981   -15.4059083
  -63.7897922  -15.4050028
  -63.7896783  -15.404207
  -63.788739   -15.4031506
  -63.7869032  -15.4018334
  -63.7859924  -15.4004751
  -63.7850673  -15.399693
  -63.7843558  -15.3998439
  -63.784      -15.4004065
  -63.7833738  -15.4007907
  -63.7802676  -15.4013688
  -63.7774718  -15.4025563
  -63.7767162  -15.4029
  -63.7763292  -15.4032076
  -63.7757549  -15.403425
  -63.7754904  -15.403434
  -63.7753507  -15.4032475
  -63.7753757  -15.4029722
  -63.7756108  -15.4021259
  -63.7754515  -15.401131
  -63.7754348  -15.4000309
  -63.7757146  -15.3976432
  -63.7758837  -15.3967664
  -63.7762798  -15.3958731
  -63.7771262  -15.3940675
  -63.7780512  -15.3918036
  -63.7787343  -15.3907196
  -63.7807125  -15.3896082
  -63.7815664  -15.389128
  -63.781851   -15.389471
  -63.7812675  -15.3903217
  -63.7814241  -15.390802
  -63.782278   -15.3909666
  -63.7833169  -15.3907882
  -63.7834449  -15.390061
  -63.7836726  -15.3893612
  -63.7849819  -15.3877284
  -63.7860267  -15.3860997
  -63.7862325  -15.3858692
  -63.7864899  -15.3857326
  -63.7869293  -15.3858621
  -63.787976   -15.3863912
  -63.7885923  -15.386431
  -63.7898812  -15.3862493
  -63.7914857  -15.3858349
  -63.7921261  -15.3854507
  -63.7920834  -15.3848881
  -63.7909307  -15.3830631
  -63.7909734  -15.3824319
  -63.7914572  -15.3812656
  -63.791998   -15.3804697
  -63.7931081  -15.3803051
  -63.7960255  -15.3789466
  -63.7977475  -15.3780547
  -63.8007931  -15.3755298
  -63.8012912  -15.3749672
  -63.80122    -15.3745419
  -63.8004135  -15.3736689
  -63.7987993  -15.3716393
  -63.7977366  -15.3701324
  -63.7975198  -15.369643
  -63.797372   -15.3692968
  -63.7973491  -15.3687099
  -63.7978614  -15.3682021
  -63.798758   -15.3678453
  -63.8000388  -15.3678453
  -63.8015189  -15.3678591
  -63.8033263  -15.3682707
  -63.8044078  -15.3685726
  -63.8054752  -15.3685315
  -63.8065141  -15.3676121
  -63.8084496  -15.3667338
  -63.8104277  -15.3663084
  -63.8155653  -15.364895
  -63.8168319  -15.3642912
  -63.8185681  -15.3632345
  -63.8230083  -15.3604899
  -63.8245453  -15.3599547
  -63.8254134  -15.3593783
  -63.8254561  -15.3584314
  -63.8246449  -15.3578413
  -63.8225956  -15.3571826
  -63.8177427  -15.3557691
  -63.8172304  -15.3552888
  -63.8173158  -15.3548634
  -63.8181554  -15.3541909
  -63.8193508  -15.3527088
  -63.8198632  -15.3525029
  -63.8209732  -15.3530793
  -63.8227237  -15.3530793
  -63.8261677  -15.3519265
  -63.8270643  -15.3517344
  -63.8284732  -15.3523794
  -63.8310064  -15.3531068
  -63.8320595  -15.3531617
  -63.8330273  -15.3524755
  -63.8347066  -15.3495523
  -63.834977   -15.348276
  -63.8344077  -15.346437
  -63.8345785  -15.3454214
  -63.8351335  -15.344845
  -63.8360443  -15.3443784
  -63.8371544  -15.3436785
  -63.8383071  -15.342457
  -63.838364   -15.3410297
  -63.8376098  -15.3403709
  -63.8342227  -15.3394377
  -63.8327996  -15.3385456
  -63.8329134  -15.3377496
  -63.8334827  -15.3365967
  -63.8346639  -15.3362124
  -63.8356743  -15.3356634
  -63.8363716  -15.3343733
  -63.837069   -15.3321636
  -63.836884   -15.330997
  -63.8334684  -15.3295147
  -63.8322018  -15.3288559
  -63.831903   -15.328252
  -63.8326999  -15.3262618
  -63.8337104  -15.3252873
  -63.8353612  -15.3249167
  -63.8367417  -15.3249716
  -63.8408972  -15.3261108
  -63.8422208  -15.3261383
  -63.8430889  -15.3254932
  -63.8432312  -15.324052
  -63.842975   -15.3226795
  -63.8420927  -15.3207167
  -63.8422777  -15.3193167
  -63.8428754  -15.3183833
  -63.8448251  -15.3171343
  -63.8467179  -15.3153636
  -63.8484684  -15.3129478
  -63.8492369  -15.3111771
  -63.8519124  -15.3090358
  -63.8539561  -15.3069631
  -63.856487   -15.3029976
  -63.8568633  -15.3014805
  -63.8566272  -15.3008168
  -63.8563124  -15.3001785
  -63.8551003  -15.2992219
  -63.8544072  -15.2988291
  -63.853667   -15.2977846
  -63.8531892  -15.2971198
  -63.8530132  -15.2965556
  -63.8528965  -15.2947313
  -63.8519933  -15.2929221
  -63.8520012  -15.2926199
  -63.8521251  -15.2923398
  -63.8531681  -15.2918223
  -63.8542282  -15.2902593
  -63.854632   -15.2884336
  -63.8556234  -15.2856035
  -63.8554196  -15.2852013
  -63.8549172  -15.2846998
  -63.8535915  -15.2822155
  -63.8533707  -15.2815924
  -63.8531602  -15.2810984
  -63.853227   -15.2805414
  -63.8537504  -15.2795847
  -63.8554859  -15.278442
  -63.8562297  -15.2771931
  -63.8560369  -15.2761035
  -63.8550029  -15.2738181
  -63.8540709  -15.2719678
  -63.8535301  -15.2700976
  -63.8534888  -15.2696591
  -63.8535196  -15.2694316
  -63.8536534  -15.2692537
  -63.8546869  -15.2690182
  -63.8558611  -15.2688325
  -63.8569466  -15.2688792
  -63.8573704  -15.2691415
  -63.8583503  -15.2704268
  -63.8590834  -15.27104
  -63.8599102  -15.2715929
  -63.8611742  -15.2722397
  -63.8620974  -15.2726488
  -63.8629347  -15.2725456
  -63.8638543  -15.272204
  -63.8642667  -15.2718116
  -63.8644732  -15.2711907
  -63.8642524  -15.2706839
  -63.8637227  -15.2700976
  -63.8628751  -15.2689281
  -63.8620974  -15.2669617
  -63.8613653  -15.2639781
  -63.8613907  -15.2634822
  -63.8615376  -15.2630799
  -63.86191    -15.2625087
  -63.862416   -15.2620195
  -63.8630608  -15.2614191
  -63.8634148  -15.2612974
  -63.8637817  -15.2612916
  -63.8641635  -15.2614871
  -63.8649392  -15.2618574
  -63.8657491  -15.262294
  -63.867916   -15.2637111
  -63.8692826  -15.2646293
  -63.8700723  -15.2650774
  -63.8704382  -15.2651834
  -63.8708658  -15.2651618
  -63.8713534  -15.2648091
  -63.8715142  -15.2642072
  -63.8716449  -15.2637337
  -63.871538   -15.2632208
  -63.8709548  -15.2625712
  -63.870572   -15.2615851
  -63.8702235  -15.2602056
  -63.8701497  -15.2594124
  -63.8700587  -15.2582714
  -63.8696674  -15.25769
  -63.8690701  -15.2569678
  -63.8684609  -15.2558529
  -63.867989   -15.2554065
  -63.8674141  -15.2552126
  -63.866981   -15.2552361
  -63.866505   -15.2554542
  -63.8661288  -15.2559119
  -63.8657698  -15.2562951
  -63.8642804  -15.257002
  -63.8637704  -15.2570194
  -63.8631531  -15.2567634
  -63.8628399  -15.2563807
  -63.8627585  -15.2561718
  -63.8627849  -15.2558166
  -63.8632103  -15.255097
  -63.8639077  -15.2541487
  -63.8647638  -15.2531921
  -63.865291   -15.2526459
  -63.8663742  -15.2511322
  -63.8670653  -15.2498634
  -63.8673868  -15.2488591
  -63.8673785  -15.2485614
  -63.8674005  -15.2482654
  -63.8673664  -15.2480609
  -63.8672776  -15.2478871
  -63.8671011  -15.2477911
  -63.8669382  -15.2477566
  -63.866537   -15.2475107
  -63.8660994  -15.2471593
  -63.8652829  -15.2465359
  -63.864549   -15.2460837
  -63.8631377  -15.2453097
  -63.8622314  -15.244727
  -63.8615651  -15.2441885
  -63.8614056  -15.2439723
  -63.8612991  -15.2436603
  -63.8612291  -15.2430079
  -63.861123   -15.2421991
  -63.8612202  -15.241776
  -63.8618876  -15.241004
  -63.8653538  -15.2377247
  -63.8656635  -15.2375101
  -63.8666523  -15.2370394
  -63.8669937  -15.2366668
  -63.8672213  -15.2362648
  -63.8673337  -15.2356995
  -63.8673171  -15.2352293
  -63.8666824  -15.234223
  -63.8662714  -15.2335923
  -63.865491   -15.2325741
  -63.8651264  -15.2321966
  -63.8647467  -15.2319837
  -63.8636877  -15.2314391
  -63.8628273  -15.2309925
  -63.8619778  -15.2307009
  -63.8609875  -15.2301517
  -63.8605476  -15.2299135
  -63.8604435  -15.2297219
  -63.8602578  -15.229021
  -63.8599239  -15.2284534
  -63.8592208  -15.2275154
  -63.8590453  -15.2271529
  -63.8590567  -15.2268866
  -63.8592124  -15.2267034
  -63.8601375  -15.2262505
  -63.8607751  -15.2258454
  -63.861491   -15.2256042
  -63.8623073  -15.2253279
  -63.8642332  -15.2248941
  -63.8658118  -15.2241719
  -63.8671986  -15.2238794
  -63.8676323  -15.2236626
  -63.8687542  -15.2228638
  -63.8691846  -15.2226238
  -63.8696454  -15.2224752
  -63.8707827  -15.2223727
  -63.8720617  -15.2219613
  -63.8728931  -15.2215425
  -63.873258   -15.2211794
  -63.8738051  -15.2203697
  -63.8742844  -15.2199895
  -63.8747258  -15.219624
  -63.8749887  -15.2195857
  -63.875684   -15.2193938
  -63.8764753  -15.2189513
  -63.8768625  -15.2188761
  -63.8773787  -15.2188521
  -63.8790938  -15.219675
  -63.8806645  -15.2202368
  -63.8823725  -15.2205558
  -63.8831667  -15.2203702
  -63.8839403  -15.2195876
  -63.8845516  -15.2185264
  -63.884657   -15.2179124
  -63.8842932  -15.2174202
  -63.8840405  -15.2170516
  -63.88386    -15.2166483
  -63.8837774  -15.2155319
  -63.884714   -15.2129268
  -63.8864495  -15.2104812
  -63.888097   -15.2082969
  -63.8882259  -15.208017
  -63.8880547  -15.2069409
  -63.8889288  -15.2059621
  -63.8895571  -15.2057317
  -63.8899165  -15.2058611
  -63.8905684  -15.2066909
  -63.8911954  -15.2074363
  -63.8919591  -15.2098433
  -63.8923626  -15.2104643
  -63.8931161  -15.2110129
  -63.8937622  -15.2110961
  -63.8943832  -15.2109863
  -63.8957331  -15.2100559
  -63.8965044  -15.2089394
  -63.8964078  -15.2084814
  -63.8960361  -15.2079027
  -63.8959535  -15.2065736
  -63.8955953  -15.2053507
  -63.8918056  -15.2024349
  -63.8916758  -15.2021126
  -63.8923723  -15.2002467
  -63.8927855  -15.1976946
  -63.8927915  -15.1968845
  -63.8926281  -15.1965044
  -63.8924088  -15.1963605
  -63.8907149  -15.1964782
  -63.8898223  -15.1966772
  -63.8890984  -15.1967678
  -63.888687   -15.1970519
  -63.887331   -15.1980934
  -63.8855404  -15.198758
  -63.8843283  -15.1986251
  -63.8836672  -15.1976149
  -63.8836121  -15.1966578
  -63.884411   -15.1961261
  -63.8845487  -15.1943184
  -63.8842182  -15.1929626
  -63.8844661  -15.1919523
  -63.8855955  -15.191394
  -63.8862016  -15.191394
  -63.8871658  -15.1919257
  -63.8881024  -15.1919523
  -63.8899205  -15.1911548
  -63.890499   -15.190437
  -63.8902511  -15.189666
  -63.888488   -15.1881772
  -63.8878269  -15.187486
  -63.8877079  -15.1870692
  -63.8876341  -15.1851996
  -63.8880197  -15.1838438
  -63.8902511  -15.1815042
  -63.8914796  -15.1796111
  -63.8918897  -15.1788701
  -63.8934191  -15.1749904
  -63.8943282  -15.1740865
  -63.8951546  -15.1740865
  -63.8963725  -15.1754061
  -63.8971931  -15.1760805
  -63.8976667  -15.1763677
  -63.8984052  -15.1766123
  -63.9002851  -15.1761095
  -63.9005539  -15.1759476
  -63.9007028  -15.1754855
  -63.900609   -15.1742992
  -63.9012702  -15.1725976
  -63.9016558  -15.1712948
  -63.9014079  -15.169221
  -63.9013253  -15.1674396
  -63.9018487  -15.1665888
  -63.9025924  -15.1661899
  -63.9033638  -15.1666419
  -63.9039698  -15.1676789
  -63.9050442  -15.1686626
  -63.9060635  -15.1691678
  -63.9069174  -15.1690083
  -63.9080193  -15.1668015
  -63.9084601  -15.1652859
  -63.9082948  -15.1632918
  -63.9083775  -15.1627068
  -63.9088733  -15.1624941
  -63.9096722  -15.1627334
  -63.9118221  -15.1642345
  -63.9123285  -15.1659266
  -63.9133414  -15.1667538
  -63.9150166  -15.1671298
  -63.9163486  -15.1668223
  -63.9168979  -15.1665049
  -63.9172217  -15.1660612
  -63.9174001  -15.1655039
  -63.9173595  -15.1644202
  -63.9172196  -15.1633103
  -63.9172748  -15.1628575
  -63.9174867  -15.162079
  -63.9177437  -15.16164
  -63.9182422  -15.1610833
  -63.9190293  -15.1604743
  -63.91954    -15.1603004
  -63.9203484  -15.1600646
  -63.921432   -15.1598723
  -63.9220953  -15.1597509
  -63.9232285  -15.1594099
  -63.9235801  -15.1593866
  -63.9240892  -15.1594355
  -63.9244089  -15.159615
  -63.9245397  -15.1602517
  -63.9246379  -15.1605882
  -63.9249257  -15.1610989
  -63.9251614  -15.1617316
  -63.9254964  -15.1628432
  -63.925705   -15.1633789
  -63.9261846  -15.1641114
  -63.9265049  -15.1644182
  -63.9267731  -15.1645366
  -63.927682   -15.164655
  -63.9284576  -15.1647273
  -63.9296202  -15.1649691
  -63.9309904  -15.1655288
  -63.9315462  -15.1658344
  -63.9319894  -15.1662531
  -63.9337945  -15.1690851
  -63.9347295  -15.1694987
  -63.9355866  -15.1693483
  -63.9365606  -15.1679571
  -63.9366385  -15.1666034
  -63.9373787  -15.1635577
  -63.9386643  -15.1625048
  -63.9393785  -15.1611149
  -63.9398662  -15.1598321
  -63.9405368  -15.1593142
  -63.9413416  -15.1594319
  -63.9426097  -15.1602205
  -63.9432316  -15.1605265
  -63.9440486  -15.1603029
  -63.9442802  -15.1597732
  -63.9442071  -15.1591142
  -63.9437315  -15.1583139
  -63.9421952  -15.1574312
  -63.9411587  -15.1564896
  -63.9408051  -15.1549243
  -63.9398784  -15.1533001
  -63.9385493  -15.1511816
  -63.9381751  -15.1500796
  -63.9383476  -15.1496468
  -63.939434   -15.1494138
  -63.9401582  -15.1490143
  -63.9407273  -15.147483
  -63.940917   -15.1457851
  -63.9408119  -15.1452105
  -63.9398647  -15.1440941
  -63.9396236  -15.1436546
  -63.9396467  -15.1432931
  -63.9398995  -15.1430054
  -63.9409687  -15.142223
  -63.9426487  -15.1415809
  -63.9432911  -15.1414384
  -63.9436022  -15.1412776
  -63.9436685  -15.1410297
  -63.9436071  -15.1408581
  -63.9428828  -15.1397203
  -63.9419451  -15.138893
  -63.9405744  -15.1380111
  -63.9402099  -15.1370795
  -63.940212   -15.1366973
  -63.9405203  -15.1364137
  -63.9412898  -15.1355707
  -63.9431978  -15.1338729
  -63.9448635  -15.1325691
  -63.9449936  -15.1322937
  -63.9450218  -15.1320182
  -63.943038   -15.1300715
  -63.9409277  -15.1280167
  -63.9404859  -15.1273581
  -63.9406552  -15.1266815
  -63.9409859  -15.1256768
  -63.940779   -15.1242452
  -63.9409687  -15.1228968
  -63.941486   -15.1219479
  -63.9437105  -15.1183854
  -63.9448831  -15.1168871
  -63.945228   -15.1160214
  -63.9451245  -15.1150725
  -63.9441071  -15.1137074
  -63.9422448  -15.1114933
  -63.9419516  -15.1102447
  -63.9426586  -15.1092791
  -63.9434691  -15.1080971
  -63.9449004  -15.1049172
  -63.9457108  -15.1026697
  -63.9461419  -15.10242
  -63.9471249  -15.1030859
  -63.9480561  -15.1034688
  -63.9494528  -15.1033523
  -63.9505047  -15.1026863
  -63.9521602  -15.1021036
  -63.9520739  -15.1016208
  -63.9515221  -15.100572
  -63.9510221  -15.0985741
  -63.9504185  -15.0970258
  -63.9488148  -15.0946616
  -63.947556   -15.0935294
  -63.9472973  -15.0928468
  -63.947556   -15.0923307
  -63.9486596  -15.0917146
  -63.9494356  -15.0911153
  -63.9506599  -15.0891673
  -63.9522291  -15.0878519
  -63.9556952  -15.0845386
  -63.9560229  -15.0844387
  -63.9570575  -15.0846552
  -63.9576438  -15.0845386
  -63.9584026  -15.0839226
  -63.9587302  -15.0832066
  -63.9587992  -15.0822713
  -63.9587748  -15.080576
  -63.9581651  -15.0800108
  -63.9572384  -15.0803169
  -63.9563361  -15.080576
  -63.9554338  -15.0807408
  -63.9536535  -15.080364
  -63.9530195  -15.0797518
  -63.9530682  -15.0787864
  -63.9536291  -15.07662
  -63.9549298  -15.0744536
  -63.9556606  -15.0741113
  -63.956259   -15.0738328
  -63.9564231  -15.0735015
  -63.9576402  -15.071044
  -63.95794    -15.069412
  -63.9585943  -15.0689909
  -63.9626809  -15.0693617
  -63.9639212  -15.0693222
  -63.964221   -15.0690589
  -63.9640439  -15.0685325
  -63.9634578  -15.067677
  -63.9634578  -15.0667821
  -63.963485   -15.0651501
  -63.9625037  -15.0624388
  -63.9617949  -15.0618465
  -63.9594097  -15.0605304
  -63.9587146  -15.0605435
  -63.9582512  -15.0611884
  -63.9575697  -15.061149
  -63.9569155  -15.0599907
  -63.955498   -15.0590431
  -63.9512864  -15.05749
  -63.946734   -15.0548313
  -63.9437627  -15.0535941
  -63.9407641  -15.0515802
  -63.9396192  -15.0503956
  -63.9385152  -15.0486056
  -63.936239   -15.0463416
  -63.9312914  -15.0400762
  -63.9303832  -15.0396898
  -63.9262484  -15.0379306
  -63.920115   -15.0346925
  -63.9184163  -15.0332357
  -63.9183345  -15.0325649
  -63.9189085  -15.0316713
  -63.9203615  -15.0307494
  -63.9215461  -15.0293876
  -63.923059   -15.0272683
  -63.9246264  -15.0263731
  -63.9260848  -15.0265574
  -63.9295604  -15.0274394
  -63.930828   -15.0269523
  -63.933404   -15.023227
  -63.9348079  -15.021384
  -63.9364707  -15.0207258
  -63.9382154  -15.020502
  -63.9395102  -15.0195279
  -63.9408345  -15.0155079
  -63.9410959  -15.0138866
  -63.9409171  -15.0130892
  -63.9402291  -15.0128633
  -63.9387018  -15.0125709
  -63.9373122  -15.0119198
  -63.9348218  -15.0117337
  -63.9331845  -15.0110161
  -63.9315058  -15.0098067
  -63.9312169  -15.0090359
  -63.9314233  -15.0059527
  -63.9315471  -15.0048496
  -63.9317535  -15.0038795
  -63.9315334  -15.0032814
  -63.9306115  -15.002896
  -63.9274882  -15.0025903
  -63.9258371  -15.0027099
  -63.9244199  -15.0023644
  -63.9233007  -15.001721
  -63.9226909  -15.0011034
  -63.9222709  -15.0005004
  -63.9219566  -14.9998405
  -63.9219686  -14.9993783
  -63.9224403  -14.9987058
  -63.9227639  -14.9977396
  -63.9229409  -14.996596
  -63.9232303  -14.995534
  -63.9240108  -14.9933999
  -63.9240094  -14.992618
  -63.9239339  -14.9922484
  -63.9235389  -14.9913879
  -63.9221849  -14.9898781
  -63.9218325  -14.9892304
  -63.9217647  -14.9884236
  -63.9219061  -14.9877566
  -63.9220893  -14.9873508
  -63.9238267  -14.9859394
  -63.9247736  -14.9846626
  -63.9251126  -14.9839904
  -63.9253271  -14.9832865
  -63.9253305  -14.9825429
  -63.924774   -14.981101
  -63.9247367  -14.9805723
  -63.9251954  -14.977543
  -63.9248603  -14.9766948
  -63.9243625  -14.9756432
  -63.9240222  -14.9745456
  -63.9237406  -14.9734059
  -63.9234174  -14.9718582
  -63.9231739  -14.9698208
  -63.9230855  -14.9677267
  -63.9249972  -14.9657309
  -63.9269214  -14.9637995
  -63.9277009  -14.9622675
  -63.9286885  -14.9606225
  -63.929255   -14.9591084
  -63.929934   -14.9574621
  -63.9317756  -14.9566033
  -63.9339532  -14.9557068
  -63.9345772  -14.9553733
  -63.9347475  -14.9549867
  -63.9344593  -14.9545363
  -63.9341854  -14.9540982
  -63.9310053  -14.9524396
  -63.9301278  -14.9518192
  -63.9293316  -14.9510377
  -63.9289381  -14.9503432
  -63.9290506  -14.949927
  -63.9296839  -14.9483026
  -63.930362   -14.9474259
  -63.932494   -14.9469623
  -63.9333296  -14.9408592
  -63.9339731  -14.9400558
  -63.9356412  -14.9396215
  -63.9361886  -14.9391094
  -63.9333201  -14.9374026
  -63.9347508  -14.934398
  -63.9353644  -14.9334108
  -63.9357709  -14.9328659
  -63.9362575  -14.9327353
  -63.9369208  -14.9334511
  -63.9378999  -14.9338846
  -63.939102   -14.9337595
  -63.9411779  -14.931932
  -63.9424231  -14.9301161
  -63.9435607  -14.9291187
  -63.9440264  -14.9279124
  -63.9414652  -14.9254914
  -63.9401502  -14.9224209
  -63.9388977  -14.9204212
  -63.9393038  -14.9174527
  -63.9388133  -14.9154977
  -63.9389089  -14.9142258
  -63.9392043  -14.9139462
  -63.9396639  -14.9138221
  -63.9405968  -14.9141137
  -63.9418516  -14.9153767
  -63.9425323  -14.9154897
  -63.9425296  -14.9146124
  -63.9423127  -14.9138677
  -63.9417997  -14.9131756
  -63.9414135  -14.912358
  -63.9408549  -14.911189
  -63.9406537  -14.9105174
  -63.9407086  -14.9100562
  -63.941599   -14.9097318
  -63.9425165  -14.9075904
  -63.9430753  -14.9068283
  -63.9439287  -14.9061153
  -63.9458572  -14.9054942
  -63.9456558  -14.9048129
  -63.9447198  -14.9038552
  -63.9437292  -14.8999727
  -63.9424868  -14.8989991
  -63.9409928  -14.8971664
  -63.9392238  -14.8964625
  -63.9391881  -14.8959422
  -63.9402879  -14.894439
  -63.9413292  -14.8923935
  -63.9414846  -14.8882
  -63.9427829  -14.8860565
  -63.9438466  -14.8845683
  -63.9453918  -14.883169
  -63.9466947  -14.881202
  -63.9469195  -14.8804626
  -63.9469335  -14.8766395
  -63.9450761  -14.8762587
  -63.9439079  -14.8741033
  -63.9440121  -14.8728944
  -63.9442438  -14.8722007
  -63.9450671  -14.8715528
  -63.9446767  -14.8689113
  -63.9448976  -14.8664551
  -63.9442246  -14.8643408
  -63.9432899  -14.8630654
  -63.9422599  -14.8595025
  -63.9424388  -14.8582287
  -63.9431332  -14.8570229
  -63.943297   -14.8551235
  -63.9439969  -14.8541087
  -63.9441954  -14.8537495
  -63.9441358  -14.8534203
  -63.9437952  -14.8532145
  -63.9429944  -14.8532003
  -63.9416024  -14.8535149
  -63.9411834  -14.8535349
  -63.9402902  -14.8527261
  -63.9399631  -14.8520488
  -63.9398482  -14.8512308
  -63.93996    -14.8500377
  -63.9391773  -14.8487725
  -63.9384602  -14.8476421
  -63.9377626  -14.846425
  -63.9375101  -14.8455411
  -63.937406   -14.844053
  -63.9376402  -14.8427184
  -63.937991   -14.841712
  -63.9382059  -14.8410686
  -63.9387455  -14.8405632
  -63.939224   -14.8404294
  -63.9402146  -14.8403951
  -63.9405795  -14.8402289
  -63.9407051  -14.8399038
  -63.9404869  -14.8389128
  -63.940407   -14.837921
  -63.940265   -14.8369104
  -63.9394954  -14.8350456
  -63.9385785  -14.8337572
  -63.9376187  -14.8331148
  -63.9372553  -14.8328173
  -63.937094   -14.8324996
  -63.9370339  -14.8322987
  -63.9371359  -14.8321088
  -63.9377454  -14.8318339
  -63.9381352  -14.8312424
  -63.9381899  -14.8306716
  -63.9380685  -14.8296357
  -63.9374511  -14.8266674
  -63.9372861  -14.8265393
  -63.936482   -14.8266009
  -63.9360952  -14.8263941
  -63.9352202  -14.8258166
  -63.9344281  -14.8244249
  -63.9332561  -14.822185
  -63.9329993  -14.8196869
  -63.9323262  -14.8172601
  -63.9315016  -14.8154992
  -63.9311957  -14.8147242
  -63.9311094  -14.8118982
  -63.9312093  -14.8097425
  -63.9313584  -14.8075143
  -63.9309249  -14.8063742
  -63.92927    -14.8038714
  -63.9280344  -14.8033063
  -63.9275646  -14.8026084
  -63.9275941  -14.8017716
  -63.9283369  -14.8008731
  -63.9292015  -14.8002774
  -63.9303841  -14.8000497
  -63.9310661  -14.7994386
  -63.9317087  -14.797128
  -63.9330734  -14.7949463
  -63.9331314  -14.7945026
  -63.9314249  -14.7930792
  -63.9305403  -14.7918457
  -63.9298827  -14.7895972
  -63.9304281  -14.7872999
  -63.9288874  -14.7846686
  -63.9286929  -14.7840141
  -63.9286613  -14.7827706
  -63.9283016  -14.7820127
  -63.9272751  -14.7813711
  -63.9266534  -14.7806189
  -63.9264491  -14.7801937
  -63.9263112  -14.7796592
  -63.9271275  -14.7774808
  -63.9267015  -14.7749773
  -63.9266604  -14.7727238
  -63.9270943  -14.7710478
  -63.9321476  -14.7666192
  -63.9412164  -14.7638385
  -63.9435343  -14.7626776
  -63.9435341  -14.7591362
  -63.9442316  -14.758491
  -63.9468865  -14.7587952
  -63.9493233  -14.7582262
  -63.9545776  -14.756502
  -63.9566694  -14.7587995
  -63.9593054  -14.7581368
  -63.9611497  -14.7557588
  -63.9622306  -14.7524295
  -63.9634322  -14.7514924
  -63.9665949  -14.7504337
  -63.9683934  -14.746988
  -63.968766   -14.7462742
  -63.9683943  -14.7441579
  -63.9671853  -14.7418571
  -63.9694306  -14.7402131
  -63.9697437  -14.7399572
  -63.9707271  -14.7396271
  -63.9713048  -14.7395938
  -63.9728795  -14.7399065
  -63.9776285  -14.7372421
  -63.9786048  -14.7362292
  -63.9769978  -14.736028
  -63.9758399  -14.7334406
  -63.9741905  -14.7325484
  -63.9739515  -14.7314497
  -63.9746654  -14.729237
  -63.9746134  -14.7277568
  -63.9736021  -14.7264593
  -63.9727983  -14.7257586
  -63.9547867  -14.7078031
  -63.7578662  -14.5000149
  -63.6199233  -14.3543429
  -63.5792362  -14.3111885
  -63.5793827  -14.3061225
  -63.5757013  -14.3060649
  -63.5752263  -14.3050868
  -63.5762951  -14.3036772
  -63.5761764  -14.3028717
  -63.5743951  -14.3010881
  -63.5746326  -14.2984989
  -63.5740058  -14.2975661
  -63.5721684  -14.2972906
  -63.5705331  -14.2965122
  -63.0868297  -14.1178097
  -63.0012254  -14.0861689
  -62.7050727  -13.9766719
  -62.1390962  -13.7622555
  -61.7420054  -13.6117028
  -61.5286196  -13.5307649
  -61.5300036  -13.5298194
  -61.5305605  -13.5284484
  -61.5321328  -13.5225879
  -61.5331023  -13.5214806
  -61.5339821  -13.5210425
  -61.5351623  -13.5207087
  -61.5364541  -13.5210666
  -61.5371171  -13.5217279
  -61.5377801  -13.5226698
  -61.5389446  -13.5246176
  -61.539959   -13.5258362
  -61.5408376  -13.5262828
  -61.5419327  -13.5263434
  -61.5451311  -13.5247456
  -61.5482934  -13.5223759
  -61.5520011  -13.5197038
  -61.5538009  -13.5182356
  -61.5548102  -13.5180476
  -61.556      -13.518
  -61.5568989  -13.5179756
  -61.5577741  -13.5181543
  -61.5581463  -13.5183243
  -61.5592133  -13.5187944
  -61.5596669  -13.5190188
  -61.5623862  -13.5204176
  -61.5645807  -13.5207713
  -61.5661815  -13.5206683
  -61.5683984  -13.519895
  -61.572      -13.518
  -61.5749138  -13.5154746
  -61.5773223  -13.5127035
  -61.5779679  -13.5114219
  -61.5782887  -13.5091579
  -61.5784051  -13.5060522
  -61.5774027  -13.5032447
  -61.5734822  -13.4958027
  -61.5728015  -13.4940877
  -61.5726121  -13.4928134
  -61.5728857  -13.4915151
  -61.5742559  -13.4896346
  -61.576      -13.488
  -61.5774782  -13.4873095
  -61.5784076  -13.4871561
  -61.5793369  -13.4873004
  -61.5812668  -13.4878556
  -61.58295    -13.4886718
  -61.5840743  -13.48931
  -61.5846572  -13.4899307
  -61.5852645  -13.4912856
  -61.585202   -13.4928194
  -61.5847015  -13.4945812
  -61.5838821  -13.4966159
  -61.5835798  -13.49837
  -61.5845279  -13.5001117
  -61.5852217  -13.5010825
  -61.5862402  -13.5019491
  -61.5871871  -13.5023869
  -61.5879522  -13.5027248
  -61.5887816  -13.5029584
  -61.5902889  -13.5029025
  -61.5914957  -13.5026797
  -61.5939291  -13.5021156
  -61.5964044  -13.5015013
  -61.5989745  -13.5008635
  -61.6012272  -13.500884
  -61.6034034  -13.5012518
  -61.6050067  -13.5023311
  -61.6058573  -13.5039936
  -61.6062668  -13.5063763
  -61.6062177  -13.5080799
  -61.606718   -13.5096338
  -61.6076507  -13.5107271
  -61.6089379  -13.5116645
  -61.6106971  -13.5120561
  -61.6127082  -13.5119809
  -61.6150383  -13.5111737
  -61.6165763  -13.5092274
  -61.6181271  -13.5079511
  -61.6193596  -13.5076511
  -61.6207962  -13.5076241
  -61.6220363  -13.5080414
  -61.6226792  -13.5089505
  -61.6227734  -13.5113946
  -61.6225359  -13.5139504
  -61.6235106  -13.5156056
  -61.6241535  -13.5164918
  -61.6249301  -13.5169221
  -61.6262426  -13.5169306
  -61.6276428  -13.5164763
  -61.6305189  -13.5140797
  -61.6321787  -13.5120385
  -61.633255   -13.5107148
  -61.6346441  -13.5095577
  -61.6364033  -13.508016
  -61.6383905  -13.5068183
  -61.6404283  -13.5060751
  -61.6421836  -13.5056314
  -61.6435817  -13.5056964
  -61.645      -13.506
  -61.6466099  -13.5070661
  -61.6473013  -13.5082563
  -61.647408   -13.5098675
  -61.6469836  -13.5112786
  -61.646124   -13.512397
  -61.6449583  -13.5140983
  -61.6446172  -13.5161365
  -61.6450533  -13.5171205
  -61.6456527  -13.5179123
  -61.64577    -13.5180673
  -61.6470585  -13.5186962
  -61.6476129  -13.518896
  -61.6483215  -13.5191514
  -61.650184   -13.5191935
  -61.6513828  -13.5186079
  -61.6529775  -13.5170515
  -61.6545468  -13.515458
  -61.6568398  -13.5141668
  -61.6585332  -13.513868
  -61.6608738  -13.5135682
  -61.6629245  -13.5127769
  -61.6642352  -13.5112288
  -61.6650495  -13.5093109
  -61.6651028  -13.507838
  -61.6646147  -13.5071723
  -61.663458   -13.5061741
  -61.6618446  -13.5055667
  -61.6614424  -13.5047007
  -61.6616387  -13.5038392
  -61.66219    -13.5032291
  -61.6629037  -13.5029874
  -61.6642612  -13.5028524
  -61.6656909  -13.5031735
  -61.6679729  -13.5040263
  -61.669542   -13.5043971
  -61.6713907  -13.5046188
  -61.6734115  -13.5047825
  -61.6768781  -13.5046431
  -61.6783222  -13.5040345
  -61.6791437  -13.5031804
  -61.6797763  -13.5019281
  -61.6798146  -13.5010729
  -61.6796358  -13.4989168
  -61.6799378  -13.4985511
  -61.6806858  -13.4983207
  -61.6818173  -13.4982974
  -61.6835183  -13.4985168
  -61.6856703  -13.4990346
  -61.6884497  -13.4997191
  -61.6908015  -13.4998508
  -61.6931443  -13.4994298
  -61.6949202  -13.4991798
  -61.6959022  -13.4995
  -61.6962046  -13.4999636
  -61.6961462  -13.5005588
  -61.6955061  -13.5011877
  -61.6944062  -13.5017087
  -61.6932975  -13.5031252
  -61.6929669  -13.5042792
  -61.6926938  -13.5057849
  -61.693515   -13.5079165
  -61.6947488  -13.5096613
  -61.6964546  -13.5106967
  -61.6979534  -13.5106298
  -61.6993449  -13.5103334
  -61.7022566  -13.5094067
  -61.7033429  -13.5095253
  -61.7040858  -13.5103949
  -61.7044152  -13.5114784
  -61.7043154  -13.5129583
  -61.7029142  -13.5147914
  -61.7028665  -13.5156602
  -61.703763   -13.5158614
  -61.7069292  -13.5169315
  -61.7111164  -13.5169193
  -61.7150676  -13.5178041
  -61.7184787  -13.5190253
  -61.7209568  -13.5204495
  -61.7237567  -13.5217276
  -61.7258583  -13.5218331
  -61.7278178  -13.5214074
  -61.7290959  -13.5208243
  -61.7308028  -13.5209626
  -61.7317186  -13.5213435
  -61.7323125  -13.5223087
  -61.7320303  -13.5234449
  -61.7305216  -13.5247746
  -61.7303433  -13.5261043
  -61.7308307  -13.5269123
  -61.7314898  -13.5275117
  -61.732808   -13.5278551
  -61.7345821  -13.5273233
  -61.7368927  -13.5273129
  -61.7395003  -13.5270826
  -61.7425591  -13.5261385
  -61.7439441  -13.5249023
  -61.7450827  -13.5233485
  -61.746672   -13.520355
  -61.7478506  -13.5195341
  -61.7489005  -13.5192556
  -61.7506387  -13.5189217
  -61.7526128  -13.5191721
  -61.7541577  -13.5195476
  -61.7551154  -13.5203388
  -61.756561   -13.5215713
  -61.7577626  -13.5236367
  -61.7579557  -13.5247946
  -61.7579986  -13.5261194
  -61.7574837  -13.5274963
  -61.7563181  -13.5292239
  -61.754545   -13.5307914
  -61.7531105  -13.5325417
  -61.7528992  -13.5344172
  -61.7538283  -13.5366453
  -61.7550065  -13.5385
  -61.7566567  -13.54
  -61.7585788  -13.5409499
  -61.7603721  -13.541274
  -61.7621753  -13.5406898
  -61.764236   -13.5394381
  -61.7657841  -13.5374997
  -61.7660233  -13.5349981
  -61.7657568  -13.5325463
  -61.7653074  -13.5287446
  -61.7658302  -13.526151
  -61.769      -13.519
  -61.7714951  -13.5165884
  -61.7734192  -13.5160617
  -61.7749136  -13.5161162
  -61.776      -13.517
  -61.7777529  -13.5186771
  -61.7779771  -13.5202936
  -61.777342   -13.5218737
  -61.775941   -13.5243982
  -61.7757729  -13.5258148
  -61.7758501  -13.5272954
  -61.7767422  -13.5301364
  -61.7784067  -13.5326436
  -61.7796906  -13.5339743
  -61.780667   -13.5349864
  -61.784      -13.537
  -61.7867193  -13.5376561
  -61.7880761  -13.5376926
  -61.789484   -13.5374563
  -61.7907978  -13.5372577
  -61.7924728  -13.5366572
  -61.801738   -13.5307911
  -61.8059037  -13.5290658
  -61.8103105  -13.5282891
  -61.8136559  -13.5269954
  -61.8168776  -13.5264449
  -61.8182549  -13.5262095
  -61.8191229  -13.5259771
  -61.8199777  -13.5252996
  -61.8206609  -13.5244708
  -61.8225662  -13.5233085
  -61.824154   -13.5222187
  -61.8249573  -13.5217102
  -61.8259099  -13.5215467
  -61.8265451  -13.5218918
  -61.8271055  -13.5229816
  -61.8279461  -13.5255061
  -61.8285812  -13.5277037
  -61.8298727  -13.5295342
  -61.830692   -13.5311907
  -61.8312097  -13.5318848
  -61.8320251  -13.532342
  -61.8327544  -13.5323053
  -61.8331709  -13.5322502
  -61.8335874  -13.5320624
  -61.8345214  -13.5309909
  -61.8351589  -13.5307003
  -61.8359785  -13.5306458
  -61.8369109  -13.5307282
  -61.8380788  -13.5308865
  -61.8393324  -13.529311
  -61.8406821  -13.5274113
  -61.8418052  -13.5265782
  -61.8426124  -13.5263297
  -61.8433665  -13.526118
  -61.844389   -13.526063
  -61.8454494  -13.5261924
  -61.847      -13.5268599
  -61.8476283  -13.5273666
  -61.848196   -13.5280283
  -61.8485212  -13.5288345
  -61.8487477  -13.529567
  -61.8487898  -13.5312312
  -61.8492474  -13.5332647
  -61.8493976  -13.5349545
  -61.8490543  -13.5358307
  -61.8492045  -13.5367069
  -61.8500407  -13.5383035
  -61.8507062  -13.5388483
  -61.8515538  -13.5391571
  -61.8535383  -13.5388935
  -61.856028   -13.5382089
  -61.8596423  -13.5360152
  -61.8668641  -13.5295095
  -61.8683845  -13.5279152
  -61.8691877  -13.5260082
  -61.8695763  -13.5221616
  -61.8714767  -13.5135263
  -61.8711014  -13.5103961
  -61.8717545  -13.5079325
  -61.8725913  -13.5068122
  -61.8750881  -13.5046743
  -61.8768649  -13.5036638
  -61.8792366  -13.5011296
  -61.883      -13.497
  -61.8832533  -13.495842
  -61.8835573  -13.4945542
  -61.8832602  -13.491912
  -61.8814381  -13.4800241
  -61.8800402  -13.4771116
  -61.879582   -13.4736557
  -61.8797851  -13.4712628
  -61.8804447  -13.4686389
  -61.8819017  -13.4644004
  -61.8838696  -13.4603841
  -61.8842775  -13.4570323
  -61.886424   -13.4496621
  -61.8871177  -13.4452286
  -61.8883069  -13.4408225
  -61.8926672  -13.4320653
  -61.894366   -13.429752
  -61.8958157  -13.4281002
  -61.8975429  -13.4269914
  -61.8997211  -13.4263916
  -61.9019631  -13.4263106
  -61.9032127  -13.427072
  -61.9048623  -13.4307058
  -61.9071254  -13.4331461
  -61.9079936  -13.4337338
  -61.9089893  -13.4340734
  -61.9112395  -13.4339989
  -61.9142146  -13.4336679
  -61.9202792  -13.4312028
  -61.9243344  -13.4292443
  -61.9261406  -13.4283262
  -61.9278746  -13.4269518
  -61.9296035  -13.4244675
  -61.9311179  -13.4219831
  -61.9319439  -13.4158411
  -61.9332879  -13.4118304
  -61.9349566  -13.40961
  -61.9367926  -13.407796
  -61.939603   -13.4074212
  -61.9418496  -13.4082616
  -61.9430856  -13.4097864
  -61.944482   -13.412787
  -61.9449812  -13.4139081
  -61.945871   -13.4151867
  -61.9468119  -13.415671
  -61.9476982  -13.4157657
  -61.9486356  -13.4157114
  -61.949882   -13.4150498
  -61.9505342  -13.4142881
  -61.9510681  -13.4133015
  -61.9513725  -13.4117358
  -61.9519218  -13.4103319
  -61.9529402  -13.4091738
  -61.9543979  -13.4083938
  -61.955199   -13.4081473
  -61.9565614  -13.4080993
  -61.9600156  -13.4085674
  -61.9628638  -13.4079334
  -61.964802   -13.4083919
  -61.9664851  -13.4085029
  -61.9681563  -13.4080981
  -61.9694667  -13.4072369
  -61.9701081  -13.4061275
  -61.9701894  -13.4047311
  -61.9698769  -13.4036186
  -61.9687425  -13.4025249
  -61.9672349  -13.3997391
  -61.9641917  -13.3952604
  -61.9632704  -13.3929462
  -61.9624886  -13.3903396
  -61.9611101  -13.3882163
  -61.9604487  -13.3864925
  -61.9608157  -13.384365
  -61.9616582  -13.3823569
  -61.9628016  -13.3816056
  -61.9641143  -13.3814723
  -61.9655871  -13.3818156
  -61.9664474  -13.3819828
  -61.9673078  -13.381869
  -61.9690826  -13.3812203
  -61.9699221  -13.3807653
  -61.9704728  -13.3799241
  -61.971378   -13.3776812
  -61.9716643  -13.3766859
  -61.9718022  -13.3762063
  -61.9723504  -13.3737888
  -61.9724735  -13.3722817
  -61.9727336  -13.3708348
  -61.973138   -13.3696336
  -61.9745671  -13.3680823
  -61.975924   -13.3669523
  -61.9792067  -13.3654618
  -61.9842937  -13.3641644
  -61.9858331  -13.3633665
  -61.9874957  -13.3626941
  -61.9891208  -13.3620035
  -61.9904658  -13.3613492
  -61.9914932  -13.3607131
  -61.9921657  -13.3597499
  -61.9927447  -13.3583141
  -61.9932678  -13.3564602
  -61.9935853  -13.3555152
  -61.994127   -13.3539158
  -61.9948182  -13.3518983
  -61.9953226  -13.3506988
  -61.9960511  -13.3500263
  -61.9970785  -13.3497537
  -61.998218   -13.3499536
  -61.9992454  -13.3507351
  -61.9997124  -13.3517893
  -61.9997871  -13.3530615
  -61.9993014  -13.3543156
  -61.9986289  -13.3552789
  -61.9977136  -13.3561331
  -61.9972653  -13.3574053
  -61.9974334  -13.3581868
  -61.9979751  -13.3585867
  -61.9986663  -13.3585867
  -62.0002167  -13.3581141
  -62.0021594  -13.3579324
  -62.0032429  -13.3579142
  -62.0050175  -13.3577143
  -62.0065866  -13.357896
  -62.008081   -13.3584776
  -62.0085098  -13.3584966
  -62.0093139  -13.3585322
  -62.0106588  -13.3583686
  -62.0114241  -13.3581484
  -62.0119851  -13.3579869
  -62.0130686  -13.3573145
  -62.014576   -13.3559487
  -62.0159932  -13.3533813
  -62.0168955  -13.3501041
  -62.0168078  -13.3467583
  -62.0165485  -13.3441641
  -62.0160604  -13.342713
  -62.0146281  -13.338506
  -62.01392    -13.335656
  -62.0141238  -13.3327016
  -62.0154296  -13.3298512
  -62.015966   -13.3284106
  -62.017      -13.327
  -62.0194207  -13.3261347
  -62.0216138  -13.3262068
  -62.0237766  -13.327283
  -62.0257722  -13.3285358
  -62.0278536  -13.3295381
  -62.0298679  -13.329766
  -62.0311151  -13.3300392
  -62.0325099  -13.3299974
  -62.0347112  -13.3292528
  -62.0375095  -13.3278886
  -62.0396024  -13.3261408
  -62.0414274  -13.3235393
  -62.0430378  -13.3204785
  -62.045057   -13.317823
  -62.047066   -13.3163051
  -62.0515809  -13.3148295
  -62.0554092  -13.3141056
  -62.057382   -13.3126698
  -62.058711   -13.3106911
  -62.0592232  -13.3081118
  -62.0588403  -13.3044732
  -62.0587587  -13.3003754
  -62.0585912  -13.2980945
  -62.0578413  -13.2956317
  -62.056791   -13.2930018
  -62.0563802  -13.2916292
  -62.0566132  -13.2901314
  -62.0573796  -13.2883051
  -62.058185   -13.2874728
  -62.0591431  -13.2870656
  -62.0598486  -13.2869745
  -62.0616823  -13.2873985
  -62.0634516  -13.288261
  -62.0647586  -13.2893595
  -62.0656758  -13.2909747
  -62.0667193  -13.2934679
  -62.0685176  -13.2955041
  -62.0702475  -13.2967323
  -62.0716145  -13.2970559
  -62.0732859  -13.296557
  -62.074249   -13.2958758
  -62.0751039  -13.2942638
  -62.075298   -13.292515
  -62.075087   -13.290583
  -62.0741544  -13.2891603
  -62.0734105  -13.2883778
  -62.0721516  -13.2876789
  -62.0703292  -13.2859868
  -62.0697051  -13.2848013
  -62.069514   -13.2835456
  -62.0701164  -13.2827725
  -62.0712963  -13.2821399
  -62.0728259  -13.2814717
  -62.0755732  -13.28131
  -62.0781081  -13.2816209
  -62.0804921  -13.2812913
  -62.0818051  -13.2809876
  -62.0826199  -13.2807992
  -62.0840072  -13.2812298
  -62.0853338  -13.2820148
  -62.0866503  -13.2814784
  -62.0881185  -13.2812225
  -62.0893859  -13.2818627
  -62.0911773  -13.281876
  -62.0930014  -13.2815464
  -62.0941739  -13.2807066
  -62.0946485  -13.2794976
  -62.094399   -13.2778032
  -62.0943855  -13.276043
  -62.0949941  -13.2751246
  -62.0965148  -13.2742329
  -62.0972248  -13.2731692
  -62.0977421  -13.2715865
  -62.0990475  -13.2706026
  -62.1023102  -13.2683486
  -62.1026229  -13.267894
  -62.1032183  -13.2670284
  -62.1036392  -13.2655151
  -62.1043006  -13.263665
  -62.1048976  -13.2630919
  -62.1055667  -13.2626241
  -62.1063362  -13.2624676
  -62.1071057  -13.2625219
  -62.1085365  -13.2630168
  -62.110171   -13.2629178
  -62.111276   -13.2623411
  -62.1122532  -13.2618633
  -62.1137151  -13.2607185
  -62.1147733  -13.2593154
  -62.1151268  -13.2584314
  -62.1151478  -13.2575474
  -62.114868   -13.2559694
  -62.1142328  -13.2552051
  -62.1135118  -13.2546914
  -62.1120034  -13.2541283
  -62.1108384  -13.2532728
  -62.1101984  -13.252535
  -62.1097028  -13.2516566
  -62.1085182  -13.2475962
  -62.1087853  -13.245614
  -62.1094133  -13.2443343
  -62.1105249  -13.2412481
  -62.1104387  -13.2402185
  -62.1091255  -13.2377662
  -62.1087734  -13.2359608
  -62.1086768  -13.2341332
  -62.1084085  -13.2325269
  -62.1077004  -13.2299347
  -62.1070835  -13.2266654
  -62.107516   -13.2249648
  -62.1078828  -13.223522
  -62.1088859  -13.2200337
  -62.1091717  -13.219188
  -62.113      -13.211
  -62.1148517  -13.2028505
  -62.1147361  -13.198234
  -62.1145382  -13.1903348
  -62.115037   -13.1869572
  -62.1160644  -13.1835743
  -62.1179362  -13.1791342
  -62.118306   -13.1771176
  -62.1157078  -13.1670256
  -62.1151443  -13.1629649
  -62.1168376  -13.1574114
  -62.1178544  -13.1552515
  -62.119      -13.1535095
  -62.1213021  -13.1509949
  -62.1234959  -13.1494291
  -62.1259464  -13.1482577
  -62.128      -13.148
  -62.1316315  -13.1482013
  -62.134      -13.149
  -62.1360818  -13.1498606
  -62.1378028  -13.1513186
  -62.1394396  -13.1542984
  -62.1404991  -13.1579107
  -62.1412501  -13.1595614
  -62.1422586  -13.1608986
  -62.1438451  -13.1622414
  -62.1448121  -13.1629044
  -62.1467031  -13.1634964
  -62.1486832  -13.1634964
  -62.1500188  -13.1631145
  -62.1510555  -13.162205
  -62.1518307  -13.1611591
  -62.152251   -13.1597767
  -62.1524296  -13.1574928
  -62.151979   -13.1551109
  -62.1508672  -13.152583
  -62.150485   -13.1509954
  -62.1507988  -13.1494066
  -62.1511636  -13.1482782
  -62.1515284  -13.1472753
  -62.1522794  -13.1465857
  -62.1532021  -13.1457917
  -62.1533452  -13.1457116
  -62.1540604  -13.1453111
  -62.1561203  -13.144935
  -62.1580944  -13.1449768
  -62.1599373  -13.1443513
  -62.1609054  -13.1438693
  -62.1616564  -13.1431798
  -62.1621499  -13.142532
  -62.162343   -13.1417171
  -62.1624074  -13.1395439
  -62.1624289  -13.1382693
  -62.1630113  -13.1373958
  -62.1660981  -13.1358244
  -62.1674929  -13.1351348
  -62.1687159  -13.1339438
  -62.1695743  -13.1325855
  -62.1698961  -13.1310391
  -62.1698317  -13.1297018
  -62.1692821  -13.1282967
  -62.1682882  -13.1258786
  -62.1659586  -13.1216401
  -62.1656701  -13.1203721
  -62.1654259  -13.1181017
  -62.1655386  -13.1162598
  -62.1662172  -13.1145969
  -62.1674538  -13.1134356
  -62.1700982  -13.1124143
  -62.1727212  -13.1119363
  -62.1753269  -13.1121805
  -62.177246   -13.112968
  -62.1793161  -13.1148586
  -62.181      -13.117
  -62.1826644  -13.119066
  -62.1836422  -13.1218844
  -62.1836278  -13.1247058
  -62.183      -13.127
  -62.1805227  -13.1316277
  -62.1781124  -13.1344123
  -62.1774841  -13.1352637
  -62.1768557  -13.1367364
  -62.1768549  -13.1385936
  -62.1772113  -13.1403514
  -62.178      -13.143
  -62.1793355  -13.1447101
  -62.1812123  -13.1461039
  -62.1839917  -13.1471093
  -62.185452   -13.1486285
  -62.1875126  -13.1510258
  -62.1898737  -13.1524202
  -62.1914632  -13.1530707
  -62.1930526  -13.153345
  -62.1955626  -13.1531104
  -62.197105   -13.1525612
  -62.1983587  -13.1517836
  -62.1989336  -13.1508061
  -62.1994226  -13.1499121
  -62.200142   -13.1482514
  -62.2006039  -13.14634
  -62.2012079  -13.1426799
  -62.2013885  -13.1396553
  -62.2014216  -13.1389056
  -62.20113    -13.1372774
  -62.20001    -13.133573
  -62.1994908  -13.1312896
  -62.1995408  -13.1291764
  -62.1999069  -13.1276208
  -62.2008917  -13.124615
  -62.2026288  -13.1206952
  -62.2047988  -13.117531
  -62.2073665  -13.1150228
  -62.2102863  -13.1129499
  -62.2120144  -13.1118078
  -62.214      -13.111
  -62.2155101  -13.1105337
  -62.2170631  -13.1104018
  -62.2192602  -13.1106472
  -62.2207512  -13.1109449
  -62.2223865  -13.1118753
  -62.2238845  -13.1135454
  -62.2249494  -13.115356
  -62.2263575  -13.1190827
  -62.2273449  -13.1204455
  -62.2290541  -13.1212812
  -62.2310782  -13.1218507
  -62.2327235  -13.1215768
  -62.2339874  -13.1205969
  -62.2350348  -13.1187383
  -62.2367688  -13.1161459
  -62.2385683  -13.115296
  -62.2400792  -13.1151666
  -62.2419726  -13.1158373
  -62.2431443  -13.116754
  -62.2449662  -13.1195748
  -62.245977   -13.1212727
  -62.2444728  -13.1252965
  -62.2431616  -13.1280989
  -62.2428544  -13.1298057
  -62.242713   -13.1320219
  -62.2439567  -13.1366052
  -62.2443222  -13.1387113
  -62.2439948  -13.1414106
  -62.2441117  -13.1426475
  -62.2445858  -13.1435862
  -62.2451617  -13.1446726
  -62.2458779  -13.1449389
  -62.2467907  -13.1449689
  -62.2478055  -13.1446014
  -62.249529   -13.1435681
  -62.2502051  -13.1433896
  -62.2530593  -13.143802
  -62.2553012  -13.1440903
  -62.256524   -13.144715
  -62.2579765  -13.1454142
  -62.2603966  -13.1460671
  -62.2624174  -13.1462519
  -62.2637492  -13.1466106
  -62.2644167  -13.1470407
  -62.2648289  -13.1479925
  -62.2648702  -13.1485971
  -62.2647584  -13.1489283
  -62.2637564  -13.1496778
  -62.2626807  -13.149875
  -62.2617638  -13.1498692
  -62.2613062  -13.1502112
  -62.2610739  -13.1507287
  -62.2610968  -13.1514698
  -62.2615253  -13.1524177
  -62.2622046  -13.1527745
  -62.263088   -13.1529076
  -62.2640383  -13.1526273
  -62.2661794  -13.151549
  -62.2668278  -13.1507938
  -62.2673331  -13.1492601
  -62.2682977  -13.1471052
  -62.2701046  -13.1460153
  -62.2718094  -13.1452733
  -62.2735174  -13.1448008
  -62.2749448  -13.1446016
  -62.2759241  -13.1448531
  -62.2768779  -13.1453283
  -62.2773064  -13.1457846
  -62.2776328  -13.1466632
  -62.277165   -13.1484682
  -62.276021   -13.1503602
  -62.2751956  -13.1513797
  -62.27275    -13.1532115
  -62.2721071  -13.1537827
  -62.2718214  -13.1548261
  -62.2720885  -13.1559811
  -62.2726363  -13.1568877
  -62.2741546  -13.1572977
  -62.2755453  -13.1571238
  -62.2766259  -13.1565899
  -62.2780766  -13.1554597
  -62.279536   -13.1536992
  -62.2815823  -13.1514045
  -62.2831533  -13.1473899
  -62.2843159  -13.143077
  -62.284942   -13.1418477
  -62.2861294  -13.1405935
  -62.2868086  -13.1401367
  -62.2874071  -13.1398318
  -62.2883118  -13.1394772
  -62.2893568  -13.1393463
  -62.2900573  -13.1394266
  -62.29133    -13.1398411
  -62.292271   -13.140529
  -62.2930812  -13.1413828
  -62.2937811  -13.1428339
  -62.2939452  -13.1442352
  -62.2934436  -13.1469831
  -62.2935843  -13.1477842
  -62.2939292  -13.1486101
  -62.2948231  -13.1499141
  -62.2958591  -13.1503142
  -62.2968185  -13.1503664
  -62.2986493  -13.1498788
  -62.2999697  -13.1490185
  -62.3017473  -13.1468073
  -62.3029939  -13.1447148
  -62.3035264  -13.1431756
  -62.3036507  -13.1414252
  -62.3038595  -13.1394641
  -62.3043012  -13.1387555
  -62.3048109  -13.1382493
  -62.3055247  -13.1377928
  -62.3066207  -13.1376128
  -62.3075623  -13.1377746
  -62.3092985  -13.1379569
  -62.3105247  -13.1373283
  -62.3110642  -13.1363236
  -62.3112716  -13.1354798
  -62.3123506  -13.1344393
  -62.3137328  -13.1338599
  -62.3151216  -13.1336131
  -62.3164593  -13.1338385
  -62.3177227  -13.1345271
  -62.318731   -13.1355014
  -62.3190545  -13.1359442
  -62.3192493  -13.1365959
  -62.3193849  -13.1375909
  -62.3194438  -13.1409491
  -62.319686   -13.1444668
  -62.3195687  -13.1459353
  -62.3193336  -13.14791
  -62.3197527  -13.1497296
  -62.3204083  -13.1508772
  -62.32137    -13.1516273
  -62.3223538  -13.1517835
  -62.3236821  -13.1513681
  -62.3246846  -13.1506065
  -62.3255723  -13.149497
  -62.3262359  -13.148043
  -62.3265168  -13.1463157
  -62.3262365  -13.1438302
  -62.32639    -13.1426723
  -62.3269264  -13.1415268
  -62.327804   -13.1402874
  -62.3288092  -13.1397188
  -62.3303815  -13.1392433
  -62.3320048  -13.1395133
  -62.3331697  -13.1401496
  -62.3337593  -13.1406974
  -62.3340284  -13.1409474
  -62.3348272  -13.1423938
  -62.3358208  -13.1468967
  -62.33664    -13.1481614
  -62.3376632  -13.1490161
  -62.3384867  -13.1494562
  -62.3394887  -13.1495732
  -62.3410393  -13.1493043
  -62.3421527  -13.1487158
  -62.34279    -13.1481844
  -62.343106   -13.147304
  -62.343186   -13.1462774
  -62.3428798  -13.1452925
  -62.342052   -13.1437446
  -62.3405162  -13.1424056
  -62.3379594  -13.1408977
  -62.3376862  -13.1403413
  -62.3377536  -13.1398527
  -62.3378212  -13.1393624
  -62.3386634  -13.1379004
  -62.3396831  -13.136971
  -62.3414221  -13.1364495
  -62.3454292  -13.1365194
  -62.3473048  -13.1371862
  -62.3490765  -13.1384893
  -62.3501401  -13.1400849
  -62.3511179  -13.1417641
  -62.3522674  -13.1428582
  -62.3536145  -13.1435614
  -62.355262   -13.1436168
  -62.3560739  -13.1433202
  -62.3568602  -13.1428001
  -62.3587587  -13.1408132
  -62.360933   -13.1389116
  -62.3619665  -13.138547
  -62.363      -13.1384309
  -62.3645449  -13.1384533
  -62.3662939  -13.1387987
  -62.369459   -13.1400859
  -62.370724   -13.1403403
  -62.3721931  -13.1402716
  -62.3749595  -13.1394103
  -62.3761631  -13.1388093
  -62.3772903  -13.1380344
  -62.3780726  -13.1369305
  -62.3791511  -13.1335143
  -62.3800678  -13.1316445
  -62.380991   -13.1304461
  -62.382      -13.13
  -62.3827342  -13.1297174
  -62.3834685  -13.1295591
  -62.3844335  -13.1296553
  -62.3851945  -13.1299751
  -62.3871558  -13.1314405
  -62.3888817  -13.1334657
  -62.3896777  -13.1339505
  -62.3905885  -13.1341744
  -62.3916762  -13.1343661
  -62.3927894  -13.1342099
  -62.3939412  -13.1336129
  -62.3951951  -13.1325438
  -62.3971717  -13.13
  -62.3975786  -13.129267
  -62.3978579  -13.12836
  -62.3979003  -13.1269707
  -62.3974662  -13.124509
  -62.3962953  -13.1209288
  -62.3956257  -13.1190995
  -62.3953135  -13.1172329
  -62.3955494  -13.1155956
  -62.396      -13.114
  -62.3968036  -13.1133321
  -62.3974356  -13.1129149
  -62.3989142  -13.1124357
  -62.4004051  -13.1124766
  -62.40166    -13.1131862
  -62.4021808  -13.1139388
  -62.4026158  -13.1151929
  -62.4032283  -13.1172831
  -62.404686   -13.1189593
  -62.4072741  -13.1215022
  -62.4091994  -13.1246189
  -62.409978   -13.1255702
  -62.4110114  -13.1263698
  -62.412294   -13.1272814
  -62.4136021  -13.127845
  -62.415131   -13.1277485
  -62.4159521  -13.1272797
  -62.4167874  -13.1265766
  -62.4173395  -13.1254047
  -62.418551   -13.1177831
  -62.4203273  -13.1150045
  -62.4217913  -13.1133444
  -62.4241819  -13.1109893
  -62.4279708  -13.1079526
  -62.4317582  -13.1045761
  -62.434      -13.102
  -62.4352807  -13.1001457
  -62.4363186  -13.0979663
  -62.436695   -13.0958242
  -62.4363554  -13.0936976
  -62.4353902  -13.0900077
  -62.4344068  -13.0857947
  -62.4344772  -13.0847249
  -62.434669   -13.0836551
  -62.4350917  -13.0822118
  -62.4360607  -13.0810345
  -62.437109   -13.0802171
  -62.4381573  -13.0795252
  -62.4391501  -13.0790268
  -62.4403146  -13.0786957
  -62.4414401  -13.078758
  -62.4425656  -13.0789876
  -62.4446401  -13.0796601
  -62.446305   -13.0809118
  -62.4475754  -13.0828877
  -62.4488007  -13.0854759
  -62.4498549  -13.0865926
  -62.4510607  -13.0872956
  -62.4529562  -13.0878489
  -62.4549732  -13.0879294
  -62.4568483  -13.0873301
  -62.45824    -13.0864631
  -62.4589945  -13.0852118
  -62.4595628  -13.0833892
  -62.4598497  -13.0808079
  -62.4595422  -13.0786758
  -62.4589009  -13.0771498
  -62.4575272  -13.0749548
  -62.4561952  -13.0731261
  -62.4543194  -13.0712234
  -62.4531683  -13.0693645
  -62.4528598  -13.0680958
  -62.453143   -13.0662802
  -62.4544869  -13.0642956
  -62.4565556  -13.0624542
  -62.4583207  -13.0616474
  -62.4602731  -13.0616301
  -62.4634255  -13.0622799
  -62.46588    -13.0631661
  -62.4681613  -13.0645357
  -62.4700241  -13.0655715
  -62.4710409  -13.065804
  -62.471886   -13.0656602
  -62.4726679  -13.0652367
  -62.4731065  -13.0648132
  -62.4735799  -13.0639652
  -62.4737958  -13.063159
  -62.473744   -13.0619294
  -62.473349   -13.0604878
  -62.4734809  -13.059322
  -62.4740831  -13.0582893
  -62.4748978  -13.0576113
  -62.4758338  -13.0571106
  -62.47675    -13.0566858
  -62.4776662  -13.0565861
  -62.4787194  -13.0565431
  -62.4798334  -13.0566775
  -62.4809777  -13.0569892
  -62.4820916  -13.0575965
  -62.4830146  -13.0584417
  -62.4837555  -13.0594051
  -62.4842897  -13.061128
  -62.4844065  -13.0634449
  -62.4838709  -13.0658654
  -62.482581   -13.0691209
  -62.4822525  -13.0712921
  -62.4825673  -13.073464
  -62.4829545  -13.0752462
  -62.4840636  -13.0769484
  -62.4851619  -13.0778101
  -62.4863946  -13.0784251
  -62.4879914  -13.0787446
  -62.4929108  -13.0788709
  -62.497635   -13.0815763
  -62.5002366  -13.082372
  -62.5021263  -13.0824494
  -62.5041948  -13.0822137
  -62.5054062  -13.081889
  -62.5068732  -13.0812121
  -62.5085699  -13.080125
  -62.5133024  -13.0765716
  -62.5190454  -13.0714696
  -62.5212638  -13.0682043
  -62.5216582  -13.0673879
  -62.5221635  -13.0667157
  -62.522792   -13.0660194
  -62.5238026  -13.0656712
  -62.524542   -13.0655632
  -62.5253061  -13.0657913
  -62.5265421  -13.0667726
  -62.5288381  -13.0682776
  -62.5340604  -13.071559
  -62.5375467  -13.0733109
  -62.5391902  -13.0738633
  -62.54077    -13.073927
  -62.5434214  -13.0740685
  -62.5464624  -13.0737675
  -62.5498279  -13.0720578
  -62.5525273  -13.0696026
  -62.5546576  -13.0668242
  -62.5560081  -13.0655779
  -62.5575367  -13.0644849
  -62.5622386  -13.0622892
  -62.571436   -13.0594098
  -62.5775222  -13.0562106
  -62.5852391  -13.0514486
  -62.5907711  -13.049737
  -62.5969988  -13.0481546
  -62.6034038  -13.0463529
  -62.6070773  -13.0447329
  -62.609928   -13.0429119
  -62.612      -13.041
  -62.6145812  -13.0380713
  -62.615719   -13.0352481
  -62.6162343  -13.0317616
  -62.6160545  -13.029524
  -62.6146759  -13.0256028
  -62.6139549  -13.0242969
  -62.612633   -13.0231792
  -62.6104973  -13.0213773
  -62.608626   -13.0202471
  -62.6073156  -13.0196627
  -62.6057262  -13.0192874
  -62.6028673  -13.0188952
  -62.6007353  -13.0175901
  -62.5997293  -13.016211
  -62.599686   -13.0150348
  -62.6003102  -13.013929
  -62.6013421  -13.0128777
  -62.6030812  -13.0116892
  -62.6041648  -13.0110932
  -62.6055489  -13.0103319
  -62.6083948  -13.0098588
  -62.6108618  -13.0101241
  -62.6140275  -13.0116039
  -62.6172555  -13.0142472
  -62.6212165  -13.0168066
  -62.6239924  -13.0172686
  -62.6262631  -13.0170098
  -62.629      -13.016
  -62.6307785  -13.0147989
  -62.6322683  -13.0129648
  -62.6330363  -13.0111308
  -62.6332991  -13.0095429
  -62.6332504  -13.0070153
  -62.6327686  -13.0052612
  -62.6312309  -13.0012912
  -62.6304829  -12.9977081
  -62.630229   -12.9956505
  -62.6303641  -12.9930914
  -62.631      -12.99
  -62.6316262  -12.9891299
  -62.6323738  -12.9884668
  -62.6342028  -12.9877615
  -62.6369201  -12.9872379
  -62.6394414  -12.9875215
  -62.6423035  -12.9889006
  -62.6457269  -12.9915511
  -62.6471412  -12.9922409
  -62.6489804  -12.9924871
  -62.6505953  -12.9919741
  -62.652156   -12.9909483
  -62.6532442  -12.9892809
  -62.6538679  -12.9872407
  -62.6541274  -12.9852745
  -62.6538271  -12.9839441
  -62.6519217  -12.981579
  -62.6499015  -12.9795693
  -62.6471976  -12.9771783
  -62.6456632  -12.9754211
  -62.645      -12.974
  -62.6444882  -12.9725205
  -62.6442496  -12.9709523
  -62.6445005  -12.9693536
  -62.6452579  -12.9678576
  -62.6462092  -12.9664931
  -62.647479   -12.9650694
  -62.6488656  -12.9644696
  -62.6502428  -12.9642459
  -62.6514649  -12.9643038
  -62.653294   -12.9647018
  -62.6566488  -12.965616
  -62.6592919  -12.966853
  -62.6613504  -12.9684677
  -62.6631287  -12.9707887
  -62.6643455  -12.9739376
  -62.6648372  -12.9779881
  -62.6655325  -12.9801626
  -62.6670992  -12.9829242
  -62.6703715  -12.9868138
  -62.6742345  -12.9895595
  -62.6768947  -12.9920967
  -62.6775799  -12.9925961
  -62.6783392  -12.9929808
  -62.6791523  -12.9932406
  -62.6799979  -12.9933687
  -62.6808536  -12.9933616
  -62.6829565  -12.9931734
  -62.6857125  -12.9923076
  -62.6883323  -12.9911055
  -62.6927673  -12.9909124
  -62.6953352  -12.9915713
  -62.6964569  -12.9925541
  -62.697093   -12.9935961
  -62.6983653  -12.9967001
  -62.6993256  -13.0004545
  -62.7002922  -13.0020799
  -62.7008773  -13.0025053
  -62.701571   -13.0028015
  -62.7031374  -13.0028956
  -62.7045214  -13.0019757
  -62.7060671  -13.0007714
  -62.7073411  -13.0000349
  -62.7082781  -13.0000869
  -62.7102127  -13.0012802
  -62.7128376  -13.0044395
  -62.7138266  -13.0046442
  -62.714903   -13.0045722
  -62.7174194  -13.0039841
  -62.7200345  -13.002843
  -62.7231372  -13.0012426
  -62.725      -13.001
  -62.7272527  -13.0017645
  -62.7287116  -13.0032323
  -62.7293404  -13.0045242
  -62.7295361  -13.0061678
  -62.729227   -13.0101448
  -62.7301961  -13.0113982
  -62.7318148  -13.0119132
  -62.7331562  -13.0120176
  -62.7345698  -13.0115947
  -62.7365193  -13.0100362
  -62.738104   -13.0075768
  -62.7402978  -13.0063442
  -62.7415877  -13.0047472
  -62.7428169  -13.003919
  -62.7441222  -13.0027207
  -62.7444639  -13.0019
  -62.7445021  -13.0009757
  -62.7450311  -12.9994483
  -62.7458179  -12.9980686
  -62.7471033  -12.9975714
  -62.7486314  -12.9973847
  -62.7502615  -12.997987
  -62.7517008  -12.9990733
  -62.7527283  -13.001039
  -62.7544053  -13.0050221
  -62.7553539  -13.0081921
  -62.7554267  -13.012157
  -62.7558171  -13.0151627
  -62.7566676  -13.0167339
  -62.757662   -13.0175024
  -62.7589296  -13.0178422
  -62.7607971  -13.0178862
  -62.7629541  -13.0170576
  -62.7664174  -13.0143621
  -62.7686217  -13.0126374
  -62.7723261  -13.0108382
  -62.7752873  -13.0097929
  -62.7782399  -13.009174
  -62.7798706  -13.008965
  -62.7809864  -13.0084841
  -62.7817589  -13.0076896
  -62.783733   -13.0062052
  -62.785278   -13.0045536
  -62.7876598  -13.0026719
  -62.7896397  -12.9998184
  -62.7949796  -12.9954705
  -62.7958813  -12.9943694
  -62.7964188  -12.9932091
  -62.7969198  -12.9910821
  -62.7978763  -12.9864793
  -62.7985506  -12.9841071
  -62.8001277  -12.9811079
  -62.8021288  -12.9783822
  -62.8026122  -12.9769472
  -62.8037207  -12.9725872
  -62.8048076  -12.9705665
  -62.8080467  -12.9655173
  -62.8090382  -12.9624383
  -62.809529   -12.9602859
  -62.8094152  -12.958194
  -62.8088623  -12.9556901
  -62.8077535  -12.9535299
  -62.8050989  -12.9483427
  -62.8045367  -12.9456581
  -62.8042439  -12.9444061
  -62.8042765  -12.9429797
  -62.8047986  -12.9418165
  -62.8054311  -12.9407609
  -62.8061239  -12.9400639
  -62.8073401  -12.938943
  -62.809773   -12.9374801
  -62.8148142  -12.9361171
  -62.8262788  -12.9336763
  -62.8278724  -12.933708
  -62.8294173  -12.9343262
  -62.8324583  -12.9361805
  -62.8346211  -12.9379398
  -62.8363774  -12.9408718
  -62.8374507  -12.9437405
  -62.8387777  -12.9467129
  -62.8394184  -12.9477818
  -62.8411519  -12.9493912
  -62.8430545  -12.9504055
  -62.8453637  -12.950152
  -62.8461691  -12.94945
  -62.8476729  -12.9481392
  -62.8494455  -12.9459838
  -62.8505892  -12.9438962
  -62.8511285  -12.9425383
  -62.8511956  -12.9407534
  -62.8506835  -12.9392006
  -62.8499821  -12.9373779
  -62.8473802  -12.9342239
  -62.8442417  -12.9309431
  -62.8435334  -12.9300225
  -62.8431684  -12.928851
  -62.8427293  -12.9265052
  -62.8428074  -12.9258997
  -62.8429797  -12.924749
  -62.8433537  -12.9239058
  -62.8440107  -12.923069
  -62.8453734  -12.9217027
  -62.8464045  -12.9209102
  -62.8492828  -12.9200701
  -62.8524376  -12.9196897
  -62.8539987  -12.9191968
  -62.8552672  -12.9186278
  -62.8564657  -12.9177005
  -62.857352   -12.9167733
  -62.8591617  -12.9148009
  -62.8613191  -12.9130086
  -62.8629617  -12.9120133
  -62.8643581  -12.9113693
  -62.8657474  -12.9112147
  -62.8672146  -12.9112312
  -62.8687462  -12.9112202
  -62.8695082  -12.911071
  -62.8706326  -12.9104598
  -62.8723825  -12.9083579
  -62.8734301  -12.9069087
  -62.8741499  -12.905733
  -62.8746093  -12.9048551
  -62.8751759  -12.8989432
  -62.876002   -12.8961691
  -62.8772183  -12.8929575
  -62.8781095  -12.8908808
  -62.8797779  -12.8883762
  -62.8810284  -12.8866515
  -62.882279   -12.8853452
  -62.8851053  -12.8826789
  -62.8906957  -12.8788498
  -62.8917869  -12.8778645
  -62.8927221  -12.8768697
  -62.8936419  -12.8754868
  -62.8940949  -12.8739273
  -62.8942648  -12.8722022
  -62.8939675  -12.8703666
  -62.8919477  -12.8617902
  -62.8918278  -12.8609044
  -62.8918865  -12.859919
  -62.8922687  -12.8580419
  -62.8941374  -12.8558198
  -62.8966715  -12.8543154
  -62.8990356  -12.8537219
  -62.9015131  -12.85386
  -62.9059198  -12.8537253
  -62.9064567  -12.8535407
  -62.9082912  -12.852762
  -62.9096709  -12.8519926
  -62.9108937  -12.8509463
  -62.9123613  -12.8495637
  -62.9135999  -12.8475262
  -62.9149729  -12.845221
  -62.9165114  -12.842889
  -62.9188842  -12.8410995
  -62.9201207  -12.8402894
  -62.9213377  -12.8398216
  -62.9254575  -12.8393463
  -62.9278143  -12.8392203
  -62.9300841  -12.8394038
  -62.9334716  -12.8398897
  -62.9355344  -12.840505
  -62.9374996  -12.8412534
  -62.9400358  -12.8427995
  -62.9410307  -12.8439626
  -62.9418695  -12.8452969
  -62.9426105  -12.8471569
  -62.9429436  -12.8492653
  -62.9432021  -12.8552513
  -62.9432111  -12.8559651
  -62.9434932  -12.856698
  -62.9445018  -12.8580908
  -62.9462153  -12.8588722
  -62.9473127  -12.8590904
  -62.9489619  -12.8590395
  -62.9495413  -12.8587848
  -62.9500103  -12.8582073
  -62.9505069  -12.8568639
  -62.9504096  -12.8513332
  -62.9510219  -12.8493327
  -62.9518004  -12.8481342
  -62.9529101  -12.8469896
  -62.9541178  -12.8460616
  -62.9556567  -12.8454833
  -62.9569696  -12.8453208
  -62.9582273  -12.8453467
  -62.9606324  -12.845506
  -62.9624899  -12.8458246
  -62.9635118  -12.8467588
  -62.9643406  -12.8480159
  -62.966081   -12.8507453
  -62.9689014  -12.8572848
  -62.9696524  -12.8586759
  -62.9704142  -12.8593035
  -62.9719269  -12.8595441
  -62.9742122  -12.8597219
  -62.9761434  -12.8595127
  -62.9776025  -12.8590107
  -62.9786968  -12.8580588
  -62.9798234  -12.8562806
  -62.9809806  -12.8542757
  -62.9823106  -12.8534545
  -62.9829007  -12.8526819
  -62.9832701  -12.8519094
  -62.983536   -12.8510398
  -62.9835872  -12.8500942
  -62.9830738  -12.8460193
  -62.9832241  -12.8414058
  -62.9833867  -12.8400577
  -62.9841897  -12.8388724
  -62.9846863  -12.8383046
  -62.9854883  -12.8375873
  -62.9863445  -12.8369684
  -62.9871812  -12.8365112
  -62.9878684  -12.83647
  -62.9885166  -12.8364668
  -62.9891824  -12.8365652
  -62.9895722  -12.8369864
  -62.9900532  -12.8383586
  -62.9907098  -12.8394646
  -62.9913673  -12.8402955
  -62.9929477  -12.8409844
  -62.9956303  -12.8416544
  -62.9991683  -12.8420553
  -63.0000114  -12.8420701
  -63.0036795  -12.8415454
  -63.0052271  -12.8411931
  -63.0066577  -12.8405364
  -63.0094107  -12.8380098
  -63.0116968  -12.8357926
  -63.0125623  -12.8345545
  -63.013212   -12.833545
  -63.0137375  -12.8316476
  -63.014221   -12.8273718
  -63.0142994  -12.8247877
  -63.0140472  -12.8217896
  -63.0134034  -12.8199274
  -63.012455   -12.818338
  -63.0113414  -12.8169157
  -63.0104105  -12.8154183
  -63.0097917  -12.8138828
  -63.0094832  -12.8123469
  -63.0095506  -12.8107573
  -63.0097058  -12.8098101
  -63.0101718  -12.8088798
  -63.0107985  -12.8080978
  -63.011453   -12.8075493
  -63.0120679  -12.8070847
  -63.0127412  -12.8068374
  -63.0138395  -12.8066914
  -63.0148207  -12.8067546
  -63.0174236  -12.8070243
  -63.0185592  -12.8071021
  -63.0194216  -12.8069896
  -63.0205251  -12.8065925
  -63.0213762  -12.8059335
  -63.0226341  -12.8045809
  -63.0233439  -12.8031743
  -63.0234285  -12.802364
  -63.0232789  -12.8014205
  -63.0230422  -12.8005456
  -63.0221194  -12.7989181
  -63.0210669  -12.7969303
  -63.0204017  -12.7952982
  -63.0198438  -12.7936033
  -63.0195649  -12.7921385
  -63.0197563  -12.7909272
  -63.0200584  -12.7900669
  -63.0207129  -12.7890207
  -63.0217214  -12.7882778
  -63.022787   -12.7876686
  -63.0241849  -12.7870594
  -63.0269485  -12.7838031
  -63.028105   -12.7823035
  -63.0284162  -12.7817281
  -63.0285664  -12.780891
  -63.0283947  -12.7798657
  -63.0281158  -12.7792588
  -63.0274291  -12.7778986
  -63.0268819  -12.777072
  -63.0263773  -12.7764655
  -63.026345   -12.7755996
  -63.0267747  -12.7747251
  -63.0274658  -12.7741786
  -63.0286053  -12.7730309
  -63.0291657  -12.7720107
  -63.029558   -12.7710269
  -63.0297261  -12.7702982
  -63.0305293  -12.7681849
  -63.0317062  -12.7663813
  -63.032939   -12.7640858
  -63.033817   -12.7631931
  -63.0349565  -12.7623369
  -63.0362495  -12.7616195
  -63.0375224  -12.7611769
  -63.0386891  -12.7608755
  -63.0395817  -12.7600777
  -63.0397516  -12.7581882
  -63.0402862  -12.7555546
  -63.0433595  -12.7507288
  -63.0446577  -12.7472965
  -63.0450025  -12.744542
  -63.0464594  -12.7411995
  -63.0505647  -12.7348903
  -63.0532822  -12.7317861
  -63.0542227  -12.7307547
  -63.0556874  -12.7295044
  -63.0577238  -12.7283372
  -63.0599978  -12.7276138
  -63.0615552  -12.7272909
  -63.0630018  -12.7274634
  -63.0643592  -12.7280008
  -63.0656612  -12.7291054
  -63.066945   -12.7304675
  -63.0682679  -12.7311802
  -63.0703355  -12.7313383
  -63.0720238  -12.7311666
  -63.073269   -12.7307788
  -63.0786445  -12.7281751
  -63.0798343  -12.7272653
  -63.0807473  -12.7259774
  -63.0813803  -12.7245541
  -63.0819025  -12.7231038
  -63.0837514  -12.7162612
  -63.0838372  -12.7143083
  -63.0837514  -12.713178
  -63.0834832  -12.7119326
  -63.0825516  -12.7075966
  -63.0821736  -12.7065389
  -63.0816786  -12.7055384
  -63.0800027  -12.7038854
  -63.0774936  -12.7021491
  -63.0746522  -12.7002777
  -63.0716445  -12.6986045
  -63.0689968  -12.6975526
  -63.0657425  -12.6959885
  -63.0626821  -12.6941272
  -63.0619631  -12.6933966
  -63.0612601  -12.6920661
  -63.0609914  -12.6905141
  -63.0609544  -12.6891264
  -63.0610563  -12.6877215
  -63.0616265  -12.6861166
  -63.0625172  -12.6849557
  -63.063803   -12.6839232
  -63.0650723  -12.68322
  -63.0665063  -12.6826131
  -63.0679707  -12.6824685
  -63.0695009  -12.6826131
  -63.0722997  -12.6835509
  -63.0751644  -12.6850347
  -63.0778428  -12.6857956
  -63.0798956  -12.6859622
  -63.0814078  -12.6859151
  -63.0828225  -12.6856587
  -63.086161   -12.6844397
  -63.08741    -12.684138
  -63.0883272  -12.6841218
  -63.0927452  -12.6842789
  -63.0948061  -12.6839398
  -63.0967352  -12.6832474
  -63.0984652  -12.6823898
  -63.0990173  -12.681712
  -63.0993061  -12.6810022
  -63.0995453  -12.6798228
  -63.0997022  -12.6783705
  -63.0993801  -12.6772186
  -63.0986665  -12.6760093
  -63.0977471  -12.6750495
  -63.0963153  -12.6738493
  -63.0945542  -12.6726491
  -63.0936565  -12.6716927
  -63.0929937  -12.6706599
  -63.0922234  -12.6683333
  -63.0917432  -12.6657877
  -63.0915408  -12.6644463
  -63.0915456  -12.663071
  -63.0922109  -12.6583438
  -63.0922323  -12.6570667
  -63.0917174  -12.6559361
  -63.091374   -12.655664
  -63.0899364  -12.6551406
  -63.0891639  -12.6551615
  -63.08837    -12.6553918
  -63.0858594  -12.6562711
  -63.0849367  -12.6564805
  -63.0843359  -12.6562083
  -63.0841428  -12.6557268
  -63.0842716  -12.6550987
  -63.0874258  -12.6527329
  -63.0895716  -12.6499273
  -63.0900008  -12.6486921
  -63.0900866  -12.647373
  -63.0899578  -12.6460749
  -63.089636   -12.6436881
  -63.0897218  -12.640045
  -63.0899364  -12.6379303
  -63.0906659  -12.636004
  -63.0914958  -12.6349508
  -63.0923257  -12.6340314
  -63.0936561  -12.6332666
  -63.0948073  -12.6328423
  -63.0961376  -12.6324445
  -63.0982834  -12.6321932
  -63.0999571  -12.6321932
  -63.103841   -12.6321723
  -63.1065554  -12.631785
  -63.108272   -12.6310417
  -63.1096667  -12.6298901
  -63.1114938  -12.6274799
  -63.11292    -12.6258802
  -63.1146985  -12.6247391
  -63.1158787  -12.6245507
  -63.1167799  -12.6246554
  -63.117488   -12.6249066
  -63.1181532  -12.6255139
  -63.1195051  -12.6272727
  -63.1197625  -12.6281103
  -63.1198269  -12.6290106
  -63.1194407  -12.6310835
  -63.1194407  -12.6328005
  -63.1198913  -12.6352921
  -63.1203634  -12.6366112
  -63.1208354  -12.6373649
  -63.1226164  -12.6386631
  -63.1245261  -12.6393122
  -63.1256634  -12.6393331
  -63.1279808  -12.6389143
  -63.1310707  -12.6381815
  -63.1325939  -12.6377852
  -63.1349331  -12.6371765
  -63.1364352  -12.6369881
  -63.1379157  -12.637009
  -63.1388599  -12.637344
  -63.1413556  -12.638171
  -63.1428344  -12.6381378
  -63.1461786  -12.6378204
  -63.1483411  -12.6372322
  -63.1501415  -12.6362906
  -63.1516615  -12.6352133
  -63.1531816  -12.6336861
  -63.1540815  -12.6317563
  -63.1542897  -12.6304815
  -63.1542344  -12.6289176
  -63.1537288  -12.6262716
  -63.1530332  -12.6225043
  -63.153523   -12.6194439
  -63.1541036  -12.6178121
  -63.155244   -12.6161643
  -63.1572613  -12.6138005
  -63.1581432  -12.6131848
  -63.1594203  -12.6129226
  -63.1609014  -12.6129346
  -63.162152   -12.6133643
  -63.1638301  -12.6142879
  -63.1653258  -12.6154406
  -63.1663393  -12.6163421
  -63.1671179  -12.6173965
  -63.168116   -12.6200538
  -63.1685708  -12.6234982
  -63.1683354  -12.625822
  -63.1669641  -12.6288848
  -63.1639367  -12.6336218
  -63.163383   -12.6347365
  -63.1631426  -12.6358894
  -63.1632116  -12.6377325
  -63.1635345  -12.6386838
  -63.1637871  -12.639603
  -63.1649179  -12.6411041
  -63.1661725  -12.6421816
  -63.1681516  -12.6426166
  -63.1705533  -12.6424735
  -63.1729222  -12.6416398
  -63.1748936  -12.6403949
  -63.1763383  -12.6390858
  -63.1781802  -12.6367824
  -63.1798332  -12.6339976
  -63.1813295  -12.6299138
  -63.1827353  -12.627518
  -63.1849241  -12.6256381
  -63.1883588  -12.62392
  -63.1913628  -12.6230806
  -63.1927455  -12.6230225
  -63.1939716  -12.6231172
  -63.195325   -12.6236035
  -63.1964434  -12.6243573
  -63.1975195  -12.6257019
  -63.1980083  -12.6268936
  -63.1983619  -12.6289432
  -63.1983841  -12.6298422
  -63.1982561  -12.6310759
  -63.1981085  -12.6317569
  -63.1977279  -12.6329754
  -63.1971515  -12.6337354
  -63.1944539  -12.6366483
  -63.1926171  -12.6383427
  -63.1911314  -12.6403988
  -63.1905809  -12.6419297
  -63.1905393  -12.6441865
  -63.1908071  -12.6467288
  -63.1917015  -12.6495193
  -63.1931747  -12.6515645
  -63.195196   -12.6531704
  -63.1964988  -12.6541895
  -63.1974042  -12.6555281
  -63.1979621  -12.6567738
  -63.1983322  -12.6573181
  -63.1986004  -12.6575641
  -63.1989116  -12.6577369
  -63.1995204  -12.657886
  -63.2006657  -12.6582288
  -63.2017815  -12.6589511
  -63.2024896  -12.659642
  -63.2032621  -12.660134
  -63.2042277  -12.6603539
  -63.2053864  -12.6603329
  -63.2070816  -12.6599456
  -63.2084549  -12.6593908
  -63.2092166  -12.658836
  -63.2097852  -12.6580718
  -63.2107079  -12.6565225
  -63.2118931  -12.6547832
  -63.216041   -12.6548596
  -63.219029   -12.6558942
  -63.2217821  -12.6577885
  -63.2262787  -12.662281
  -63.2284815  -12.6635465
  -63.2308801  -12.6641625
  -63.2324708  -12.6644872
  -63.2342378  -12.6645254
  -63.2363009  -12.6639344
  -63.2378158  -12.663076
  -63.2402191  -12.6610153
  -63.2416306  -12.6601458
  -63.2431987  -12.6600022
  -63.2448825  -12.6604225
  -63.2466838  -12.6616068
  -63.2480082  -12.6635125
  -63.2483538  -12.6653531
  -63.2478623  -12.6668247
  -63.2469415  -12.6674882
  -63.2459879  -12.6678948
  -63.2438925  -12.6686315
  -63.2425156  -12.6687428
  -63.2412375  -12.6691272
  -63.2405621  -12.6700919
  -63.2402818  -12.67141
  -63.2406769  -12.67332
  -63.2409239  -12.6750942
  -63.2408662  -12.6759813
  -63.2404135  -12.6768041
  -63.2388371  -12.6781033
  -63.2364026  -12.6792669
  -63.2345608  -12.6801896
  -63.2332947  -12.6813037
  -63.2326541  -12.6823054
  -63.232603   -12.6833234
  -63.2327494  -12.6844378
  -63.2334373  -12.6865059
  -63.2339074  -12.6874566
  -63.2347562  -12.6882467
  -63.2357121  -12.6891572
  -63.2371947  -12.6898911
  -63.2398175  -12.6905011
  -63.2422263  -12.6905811
  -63.2463787  -12.6898805
  -63.2554193  -12.6857326
  -63.2590645  -12.6847098
  -63.2621615  -12.6842601
  -63.2673182  -12.6839584
  -63.2756229  -12.6848434
  -63.283027   -12.6848116
  -63.292139   -12.6831523
  -63.2968711  -12.6825136
  -63.3005461  -12.6809581
  -63.3090955  -12.6771671
  -63.3168459  -12.6741269
  -63.3253206  -12.6715452
  -63.3312315  -12.6692149
  -63.3345623  -12.6676276
  -63.3376581  -12.6653144
  -63.3420276  -12.6613291
  -63.3460838  -12.6587574
  -63.3490002  -12.6572373
  -63.3518775  -12.656596
  -63.3542476  -12.6563668
  -63.3564611  -12.656596
  -63.3633248  -12.6593009
  -63.3652802  -12.6598896
  -63.3672357  -12.6600199
  -63.3704672  -12.6597341
  -63.3724645  -12.6592375
  -63.3743057  -12.6585886
  -63.3791948  -12.6555504
  -63.3824786  -12.6528942
  -63.3854294  -12.6509918
  -63.3883493  -12.6496462
  -63.3906932  -12.6474324
  -63.3927924  -12.6445883
  -63.3933732  -12.6436531
  -63.3939346  -12.6415973
  -63.393968   -12.6398699
  -63.3943398  -12.6387413
  -63.3951799  -12.6374985
  -63.4002349  -12.6332422
  -63.4018948  -12.6316134
  -63.4031197  -12.6300407
  -63.4037905  -12.6289288
  -63.4049706  -12.6258305
  -63.4070857  -12.6188244
  -63.408874   -12.6142847
  -63.4101973  -12.6121614
  -63.4118639  -12.6103313
  -63.4145776  -12.6082948
  -63.4175487  -12.6068446
  -63.4205856  -12.6064025
  -63.4236224  -12.6062116
  -63.4250331  -12.6061923
  -63.426358   -12.6062987
  -63.4297897  -12.6069376
  -63.4360244  -12.6083321
  -63.4375135  -12.6084382
  -63.4387022  -12.6082093
  -63.4408299  -12.6074843
  -63.442036   -12.6063829
  -63.4430855  -12.6050235
  -63.4434722  -12.6035922
  -63.4429786  -12.6019124
  -63.4422133  -12.6005662
  -63.4410278  -12.5995066
  -63.4396696  -12.5985186
  -63.437567   -12.5976127
  -63.4339139  -12.5975174
  -63.4294821  -12.5976419
  -63.4282269  -12.5975112
  -63.4274977  -12.5971374
  -63.4270616  -12.5964823
  -63.4268194  -12.5959352
  -63.4270685  -12.5945574
  -63.4274466  -12.5932305
  -63.4277389  -12.5924858
  -63.4284952  -12.5918431
  -63.4358899  -12.5882196
  -63.4370711  -12.587288
  -63.4380802  -12.5855029
  -63.4386601  -12.5838015
  -63.4395174  -12.5784375
  -63.4393447  -12.5756704
  -63.4385878  -12.573293
  -63.4380026  -12.5716696
  -63.4363497  -12.5676983
  -63.4360881  -12.5665132
  -63.4362672  -12.5652614
  -63.4367008  -12.5646842
  -63.4373804  -12.5642904
  -63.4381094  -12.5640278
  -63.439065   -12.5639035
  -63.4439987  -12.5638482
  -63.4498754  -12.5621064
  -63.4545504  -12.5612861
  -63.4565958  -12.5610547
  -63.4581145  -12.5611851
  -63.4610521  -12.5618306
  -63.4670861  -12.5614081
  -63.4729055  -12.5609018
  -63.483628   -12.5632625
  -63.4867468  -12.5645464
  -63.4933947  -12.5660662
  -63.4973408  -12.5664969
  -63.5004998  -12.5667866
  -63.5041029  -12.5656689
  -63.5071911  -12.5643417
  -63.5094423  -12.5627584
  -63.5114361  -12.5606306
  -63.5162932  -12.5536369
  -63.5179872  -12.5520916
  -63.5196812  -12.550851
  -63.5234397  -12.5488389
  -63.5289292  -12.5444347
  -63.5319947  -12.5412349
  -63.5337353  -12.5389795
  -63.5350495  -12.5364828
  -63.5367199  -12.5333471
  -63.5394352  -12.5270114
  -63.5403404  -12.5249846
  -63.5438029  -12.5179599
  -63.5463719  -12.514011
  -63.5491303  -12.5107879
  -63.5535514  -12.5068256
  -63.5561129  -12.5052066
  -63.5590296  -12.5039988
  -63.5635869  -12.5032826
  -63.5714675  -12.5017999
  -63.5748232  -12.5013017
  -63.578327   -12.4997748
  -63.5806643  -12.4980528
  -63.5867603  -12.4927517
  -63.5903328  -12.4907414
  -63.594824   -12.4889952
  -63.598758   -12.4877945
  -63.6008023  -12.4875769
  -63.6035761  -12.487527
  -63.6077636  -12.4868696
  -63.610235   -12.4864295
  -63.6115094  -12.4858308
  -63.6130329  -12.4849509
  -63.6179178  -12.4807642
  -63.6200078  -12.4777069
  -63.6216973  -12.4745692
  -63.6232174  -12.4726514
  -63.6245013  -12.4718908
  -63.625665   -12.4714382
  -63.626884   -12.471311
  -63.6297449  -12.4714304
  -63.631773   -12.4714143
  -63.634033   -12.4709501
  -63.6361642  -12.4701926
  -63.6432142  -12.4673778
  -63.6482863  -12.4661378
  -63.6529521  -12.4654007
  -63.6547533  -12.4650757
  -63.6570244  -12.4651522
  -63.6607989  -12.4655793
  -63.6644444  -12.4657066
  -63.6677531  -12.4650375
  -63.6701808  -12.4637949
  -63.6741101  -12.4616916
  -63.6747692  -12.4614846
  -63.6766461  -12.460699
  -63.6781919  -12.4598056
  -63.6803963  -12.4570298
  -63.6831933  -12.4526303
  -63.6875755  -12.4504528
  -63.6879815  -12.4502511
  -63.6938069  -12.4478238
  -63.6977806  -12.4466122
  -63.7017213  -12.4460918
  -63.7041884  -12.4457773
  -63.7187376  -12.4409399
  -63.7273336  -12.4388968
  -63.7307808  -12.4383013
  -63.7354831  -12.4380937
  -63.7383707  -12.437613
  -63.7413978  -12.4377418
  -63.7458737  -12.4384654
  -63.7520925  -12.4393338
  -63.7607357  -12.4410912
  -63.7633413  -12.441417
  -63.7660127  -12.4410676
  -63.7693141  -12.4400152
  -63.771918   -12.4386474
  -63.7748245  -12.4365223
  -63.7782249  -12.4335773
  -63.7811877  -12.4297249
  -63.7821354  -12.4288243
  -63.7833591  -12.4281615
  -63.785395   -12.4277622
  -63.7879857  -12.428054
  -63.7904521  -12.4290671
  -63.7920152  -12.4302684
  -63.7932846  -12.4327883
  -63.796886   -12.4382542
  -63.7986405  -12.4413139
  -63.8009157  -12.4441652
  -63.8028406  -12.4459762
  -63.8049018  -12.4469364
  -63.8074687  -12.4475565
  -63.8108423  -12.4479033
  -63.8128178  -12.4474343
  -63.8144312  -12.4467081
  -63.8172341  -12.4459921
  -63.8194813  -12.4463836
  -63.8213132  -12.447909
  -63.8228306  -12.4494014
  -63.8239617  -12.4508938
  -63.8253321  -12.4538536
  -63.8276903  -12.456524
  -63.8287744  -12.4577544
  -63.8298016  -12.459599
  -63.831215   -12.4610664
  -63.8343801  -12.4620796
  -63.8378202  -12.4619911
  -63.846813   -12.4605429
  -63.8483895  -12.4602023
  -63.8505959  -12.4593343
  -63.8553295  -12.457282
  -63.8601724  -12.4539586
  -63.8643403  -12.4511496
  -63.8680272  -12.4490584
  -63.8713855  -12.4474678
  -63.8765549  -12.4450312
  -63.8783381  -12.4445621
  -63.8802426  -12.4443893
  -63.8837284  -12.4443755
  -63.8867521  -12.4449796
  -63.8890514  -12.445841
  -63.8908841  -12.4473708
  -63.8914729  -12.4486172
  -63.8918058  -12.4500488
  -63.891839   -12.4530009
  -63.8916043  -12.4554828
  -63.8903148  -12.4596033
  -63.8900721  -12.4608851
  -63.8900383  -12.4620649
  -63.8905909  -12.4637296
  -63.8910808  -12.4652366
  -63.8923132  -12.4671855
  -63.8943961  -12.4704076
  -63.8955081  -12.4725594
  -63.8978673  -12.4762535
  -63.900712   -12.479681
  -63.9010985  -12.4806833
  -63.9011209  -12.4815079
  -63.9011251  -12.4829348
  -63.900701   -12.4860223
  -63.8998824  -12.4890801
  -63.8988746  -12.4956842
  -63.8989131  -12.497484
  -63.8994607  -12.4993603
  -63.9003674  -12.5013507
  -63.9010218  -12.5030005
  -63.9028493  -12.5050343
  -63.9050481  -12.5065698
  -63.9064127  -12.5073663
  -63.9078379  -12.5079257
  -63.9093463  -12.5082926
  -63.911674   -12.5083633
  -63.9168619  -12.5083969
  -63.921284   -12.5088537
  -63.9231811  -12.5092677
  -63.9251812  -12.5100768
  -63.9273214  -12.5117678
  -63.9300662  -12.5137358
  -63.9357087  -12.5208993
  -63.9380891  -12.5230115
  -63.9415013  -12.5250349
  -63.9453597  -12.5278403
  -63.9490282  -12.5292525
  -63.951186   -12.5296142
  -63.9530099  -12.5297092
  -63.9550069  -12.5297728
  -63.9571214  -12.5295687
  -63.9621726  -12.5287211
  -63.9643493  -12.528011
  -63.9660101  -12.527064
  -63.970045   -12.5234163
  -63.9800993  -12.5134909
  -63.9843733  -12.5091948
  -63.9881187  -12.504784
  -63.9900896  -12.5027935
  -63.9913232  -12.5020238
  -63.9926478  -12.5014912
  -63.995924   -12.5007596
  -63.9990305  -12.5009403
  -64.0016596  -12.5027676
  -64.0028013  -12.5038784
  -64.0033963  -12.5049889
  -64.0037233  -12.5060819
  -64.0040765  -12.5095818
  -64.0039295  -12.5136224
  -64.0048816  -12.5151857
  -64.0061418  -12.5165835
  -64.0082597  -12.5178418
  -64.009787   -12.5182327
  -64.0113467  -12.5178085
  -64.0126028  -12.5174018
  -64.0135784  -12.5166232
  -64.016623   -12.5124202
  -64.0186731  -12.510479
  -64.0197225  -12.5094041
  -64.0217117  -12.5087878
  -64.0234218  -12.5088198
  -64.0250535  -12.5090046
  -64.026505   -12.5097613
  -64.0294556  -12.5137264
  -64.0309022  -12.5151113
  -64.0325457  -12.5162078
  -64.0348412  -12.5168677
  -64.0366088  -12.5170311
  -64.0387303  -12.5166844
  -64.0401559  -12.5163063
  -64.0417959  -12.515684
  -64.0432591  -12.514746
  -64.0445093  -12.5131514
  -64.0477023  -12.5066208
  -64.0510715  -12.4999946
  -64.0534088  -12.4959891
  -64.055385   -12.4932992
  -64.0578567  -12.4914093
  -64.0596413  -12.4907004
  -64.061426   -12.4904105
  -64.0631153  -12.4902878
  -64.0648046  -12.490584
  -64.0664375  -12.4910642
  -64.0680704  -12.4920472
  -64.0697518  -12.4930878
  -64.0712187  -12.4947569
  -64.0734332  -12.4982295
  -64.0753497  -12.5005724
  -64.0776473  -12.5009989
  -64.0806418  -12.5011448
  -64.0835705  -12.5002582
  -64.0854747  -12.4994596
  -64.0868833  -12.4984377
  -64.0887092  -12.4965499
  -64.0894298  -12.494383
  -64.0902919  -12.4924513
  -64.0905822  -12.4904079
  -64.09021    -12.4862095
  -64.0911783  -12.4851145
  -64.0924707  -12.4841869
  -64.0937169  -12.4834827
  -64.0953061  -12.4835228
  -64.0973444  -12.4840829
  -64.0998592  -12.4851083
  -64.1013449  -12.486115
  -64.1019158  -12.4871217
  -64.1024229  -12.4927847
  -64.1031862  -12.4947121
  -64.1039065  -12.495215
  -64.105785   -12.4956815
  -64.1086466  -12.495728
  -64.1129376  -12.4962211
  -64.1154772  -12.4971318
  -64.116951   -12.4990539
  -64.1187678  -12.5025017
  -64.1199994  -12.5045097
  -64.120584   -12.5051028
  -64.121555   -12.5053456
  -64.1231226  -12.5053407
  -64.1242762  -12.5050665
  -64.1255189  -12.5041981
  -64.1259375  -12.5037219
  -64.1260526  -12.5029763
  -64.1256714  -12.5016243
  -64.1223365  -12.4908703
  -64.1219987  -12.4893938
  -64.1220611  -12.4872846
  -64.1243619  -12.4830985
  -64.1257914  -12.4807872
  -64.1267313  -12.4794402
  -64.128181   -12.4781761
  -64.131015   -12.4768797
  -64.1329037  -12.4763365
  -64.1347022  -12.4762774
  -64.138764   -12.4764018
  -64.1403514  -12.4767012
  -64.1419689  -12.4772941
  -64.1431855  -12.4781904
  -64.144297   -12.4794094
  -64.1447892  -12.4817643
  -64.1448732  -12.4826864
  -64.1454688  -12.4892288
  -64.1454835  -12.490128
  -64.1438846  -12.4944827
  -64.1425123  -12.4978546
  -64.1422196  -12.4997654
  -64.1429239  -12.5023679
  -64.1443174  -12.5045062
  -64.1487975  -12.5083373
  -64.1541924  -12.5110308
  -64.1562844  -12.5122708
  -64.1577104  -12.5128666
  -64.1610752  -12.5135809
  -64.16405    -12.5140517
  -64.1657991  -12.5138796
  -64.1672478  -12.5135169
  -64.1693762  -12.5127664
  -64.171689   -12.5108807
  -64.1723004  -12.5098854
  -64.1732959  -12.5071143
  -64.1736759  -12.5053484
  -64.1740803  -12.5030695
  -64.1739086  -12.4996234
  -64.1737061  -12.4964909
  -64.1727449  -12.4931344
  -64.1715629  -12.4906669
  -64.1716102  -12.4879778
  -64.1718481  -12.4852329
  -64.172609   -12.4776861
  -64.1724551  -12.4700648
  -64.1727995  -12.468652
  -64.1733095  -12.4675894
  -64.1739352  -12.4663978
  -64.1761162  -12.4655735
  -64.1782971  -12.4651214
  -64.1825828  -12.4648313
  -64.1861297  -12.4675871
  -64.1896003  -12.4707152
  -64.1912709  -12.4714398
  -64.1929414  -12.4718296
  -64.1961682  -12.471753
  -64.1984133  -12.4712656
  -64.2005058  -12.4700711
  -64.2016354  -12.469419
  -64.2025745  -12.4683948
  -64.2042272  -12.4664246
  -64.2060324  -12.4639334
  -64.2074006  -12.4624726
  -64.2087117  -12.4613282
  -64.2098757  -12.4608138
  -64.2115162  -12.4603925
  -64.2153163  -12.4609313
  -64.2197643  -12.4611166
  -64.2210234  -12.4609281
  -64.2220618  -12.460578
  -64.2229727  -12.4599198
  -64.2259798  -12.4569956
  -64.2274217  -12.4552988
  -64.2282386  -12.4544934
  -64.2292087  -12.453987
  -64.229891   -12.4537253
  -64.2306753  -12.453638
  -64.231478   -12.4536058
  -64.2322806  -12.4538726
  -64.2335014  -12.4542776
  -64.234968   -12.4550062
  -64.2384581  -12.4574415
  -64.2417411  -12.4605215
  -64.2425608  -12.4612569
  -64.24408    -12.4639995
  -64.2449598  -12.4668071
  -64.2460541  -12.4703689
  -64.2483943  -12.4733366
  -64.2505355  -12.4749748
  -64.2534314  -12.4768498
  -64.2583606  -12.4786524
  -64.2603368  -12.4800551
  -64.2617381  -12.4810498
  -64.2655467  -12.4839471
  -64.2705911  -12.4895631
  -64.2742237  -12.49375
  -64.2771774  -12.4985648
  -64.2798095  -12.5003014
  -64.2825698  -12.5015999
  -64.2865308  -12.5019415
  -64.2906265  -12.5018094
  -64.2932145  -12.5009665
  -64.2959104  -12.4995447
  -64.2968821  -12.4989414
  -64.2979617  -12.4977592
  -64.2989243  -12.4956493
  -64.2995694  -12.4939148
  -64.3000258  -12.491575
  -64.2995235  -12.4875951
  -64.2982068  -12.4839489
  -64.2962678  -12.4809731
  -64.2932806  -12.4755434
  -64.2929194  -12.4741002
  -64.2923341  -12.471762
  -64.2923124  -12.4698524
  -64.2917589  -12.4658796
  -64.2916385  -12.4625889
  -64.2920088  -12.460349
  -64.2926841  -12.4589651
  -64.293603   -12.4580726
  -64.2947888  -12.4574034
  -64.296401   -12.4570611
  -64.2993347  -12.4564381
  -64.3072272  -12.4558058
  -64.3101678  -12.4556113
  -64.3145831  -12.4553192
  -64.3222664  -12.4559761
  -64.3266187  -12.4556231
  -64.3316885  -12.4556877
  -64.3376548  -12.4558342
  -64.3461295  -12.4569877
  -64.3497753  -12.4574839
  -64.3574117  -12.4592388
  -64.3597931  -12.4598554
  -64.3610537  -12.4600965
  -64.3627268  -12.4603992
  -64.3652059  -12.4602053
  -64.3666378  -12.4598692
  -64.3679896  -12.4592916
  -64.3694559  -12.4575556
  -64.3720743  -12.4541611
  -64.3735665  -12.4531333
  -64.3754666  -12.4525383
  -64.3758404  -12.4524213
  -64.3784671  -12.4524093
  -64.3854462  -12.4507303
  -64.4024066  -12.4475482
  -64.4050983  -12.4469667
  -64.4075013  -12.4460151
  -64.4112788  -12.4442354
  -64.4166632  -12.4394567
  -64.4194664  -12.4368964
  -64.4258635  -12.4333347
  -64.4268231  -12.4325891
  -64.4277828  -12.4318436
  -64.4287817  -12.429412
  -64.4297806  -12.426121
  -64.4321648  -12.4206883
  -64.4329202  -12.4196082
  -64.4340605  -12.4184617
  -64.4371108  -12.4166772
  -64.4425278  -12.4138994
  -64.4443496  -12.4127844
  -64.4464696  -12.4108574
  -64.4505511  -12.4042816
  -64.4509761  -12.4016107
  -64.4508095  -12.3979001
  -64.451127   -12.3951191
  -64.4514953  -12.3927107
  -64.4521918  -12.390803
  -64.4539104  -12.3883581
  -64.4555729  -12.3867343
  -64.4571233  -12.3857491
  -64.45901    -12.3848003
  -64.461289   -12.3841435
  -64.4634328  -12.3841632
  -64.4707414  -12.3821961
  -64.4756727  -12.3810323
  -64.4783459  -12.3801811
  -64.4817362  -12.3781376
  -64.48459    -12.3746689
  -64.4880447  -12.3711477
  -64.4909416  -12.3696386
  -64.4944391  -12.3677732
  -64.497454   -12.3672649
  -64.499413   -12.3672952
  -64.5005571  -12.3662114
  -64.5007947  -12.3655271
  -64.5031302  -12.365362
  -64.5070777  -12.3633298
  -64.5092318  -12.3610047
  -64.5123567  -12.3556177
  -64.513848   -12.3528367
  -64.5144395  -12.3513198
  -64.5146824  -12.3497938
  -64.5148339  -12.3472627
  -64.5143286  -12.3446743
  -64.5122983  -12.3398308
  -64.5078347  -12.3342992
  -64.5045627  -12.331632
  -64.5007706  -12.3287184
  -64.4999827  -12.3277824
  -64.4975669  -12.3223266
  -64.4972247  -12.3177406
  -64.4965144  -12.3127479
  -64.495713   -12.3076055
  -64.4935775  -12.2965374
  -64.4936225  -12.2927278
  -64.4934629  -12.2903054
  -64.4935913  -12.2874451
  -64.4945497  -12.2771975
  -64.4957359  -12.2675766
  -64.4976088  -12.2612267
  -64.5008709  -12.2536585
  -64.5070291  -12.2337078
  -64.508075   -12.2307971
  -64.5091174  -12.228599
  -64.5102862  -12.2268924
  -64.5106675  -12.2263356
  -64.5128185  -12.2246174
  -64.5148563  -12.2236715
  -64.5168641  -12.2233863
  -64.5189578  -12.2236043
  -64.5223327  -12.2242566
  -64.524597   -12.2251568
  -64.5268506  -12.2261829
  -64.5289873  -12.2274129
  -64.531897   -12.2292376
  -64.535855   -12.2323545
  -64.5414452  -12.2378608
  -64.5446251  -12.2398955
  -64.5477775  -12.2410185
  -64.5504696  -12.2413074
  -64.553698   -12.2408624
  -64.5572639  -12.2386322
  -64.5604222  -12.2363601
  -64.5630702  -12.2331794
  -64.5674445  -12.2247087
  -64.5693164  -12.2202425
  -64.5699406  -12.2176407
  -64.5709391  -12.2149475
  -64.5741925  -12.2113511
  -64.5752863  -12.2106131
  -64.5764424  -12.2099665
  -64.5786119  -12.2095165
  -64.5806879  -12.2094628
  -64.5848659  -12.2108042
  -64.5880639  -12.2122066
  -64.5960019  -12.2156876
  -64.6003727  -12.2161409
  -64.6049151  -12.215965
  -64.609098   -12.2159354
  -64.6126801  -12.2152137
  -64.6180235  -12.213568
  -64.6211401  -12.2121559
  -64.6279238  -12.2101358
  -64.6333487  -12.2085104
  -64.6384382  -12.2061623
  -64.6450984  -12.2026955
  -64.6491165  -12.2007478
  -64.6539466  -12.1990331
  -64.659295   -12.1972214
  -64.667296   -12.1931835
  -64.6705313  -12.1922693
  -64.6746709  -12.191808
  -64.6931594  -12.1896917
  -64.7041418  -12.1820294
  -64.7079637  -12.178487
  -64.7111055  -12.1742027
  -64.7130602  -12.171683
  -64.7156463  -12.1662215
  -64.7178711  -12.1451419
  -64.7174626  -12.1365442
  -64.7158943  -12.1288921
  -64.7144419  -12.1223198
  -64.7103593  -12.1157512
  -64.7009168  -12.1040009
  -64.6994629  -12.1015877
  -64.6985705  -12.0988735
  -64.6986031  -12.0972503
  -64.6989254  -12.0956626
  -64.7003041  -12.0931888
  -64.7021956  -12.0908997
  -64.7071872  -12.0868382
  -64.7111989  -12.085084
  -64.7136952  -12.0846146
  -64.7161372  -12.0847475
  -64.7192518  -12.0858924
  -64.7306532  -12.0914068
  -64.733799   -12.093633
  -64.7358482  -12.0957698
  -64.7383183  -12.0995652
  -64.7387269  -12.1021894
  -64.7382827  -12.1052603
  -64.7364312  -12.1106627
  -64.7354598  -12.1138404
  -64.7352178  -12.1155484
  -64.7351585  -12.1172862
  -64.7352106  -12.1193036
  -64.735585   -12.1229615
  -64.7386966  -12.1330342
  -64.7395946  -12.139819
  -64.7402934  -12.1444752
  -64.7418641  -12.1479343
  -64.7448119  -12.1522099
  -64.7466143  -12.154087
  -64.748841   -12.1558434
  -64.7519603  -12.1568567
  -64.7546312  -12.1570677
  -64.757674   -12.1565482
  -64.7594986  -12.1556806
  -64.7626049  -12.1538828
  -64.765243   -12.1518943
  -64.7676269  -12.1491485
  -64.7691787  -12.1463403
  -64.7702231  -12.1432651
  -64.7705441  -12.1420527
  -64.770592   -12.1403443
  -64.7701141  -12.1372707
  -64.7682723  -12.1326679
  -64.7654445  -12.1279973
  -64.7609795  -12.1159132
  -64.7562873  -12.1104945
  -64.7559686  -12.1075545
  -64.7575875  -12.1026186
  -64.7582058  -12.098124
  -64.7589326  -12.0962697
  -64.7602844  -12.0945282
  -64.7623873  -12.0931225
  -64.7650064  -12.0922893
  -64.766985   -12.0920556
  -64.7719354  -12.0922594
  -64.7837241  -12.0865087
  -64.7874093  -12.0849134
  -64.7897634  -12.0844868
  -64.7922034  -12.084354
  -64.7965878  -12.0844433
  -64.8003325  -12.0852519
  -64.8036805  -12.0863248
  -64.8085474  -12.0895228
  -64.8110672  -12.0926062
  -64.8127791  -12.095195
  -64.8139736  -12.0985272
  -64.8175878  -12.1069966
  -64.8193241  -12.1108283
  -64.8212227  -12.1139891
  -64.8232262  -12.1179835
  -64.8255985  -12.1207524
  -64.8267861  -12.1213303
  -64.8279377  -12.121626
  -64.8291229  -12.1217215
  -64.8300186  -12.1217022
  -64.8315145  -12.1214863
  -64.8330103  -12.1208738
  -64.8367266  -12.1181142
  -64.8381979  -12.1156961
  -64.8397345  -12.1132973
  -64.8415818  -12.1101337
  -64.8438744  -12.1055373
  -64.8443103  -12.1032234
  -64.8443524  -12.1015513
  -64.8447525  -12.0995096
  -64.8448609  -12.0970243
  -64.8444039  -12.0951305
  -64.8437848  -12.0933318
  -64.8428978  -12.0915912
  -64.8418488  -12.0901199
  -64.8400565  -12.0874382
  -64.8381682  -12.0847826
  -64.8357157  -12.0823475
  -64.8333715  -12.0793126
  -64.8319441  -12.0781013
  -64.8297875  -12.0766822
  -64.8253282  -12.0748988
  -64.8213557  -12.0742254
  -64.8189763  -12.0730916
  -64.8168722  -12.0713088
  -64.8140824  -12.0680262
  -64.8123109  -12.0652009
  -64.8113518  -12.0622592
  -64.8101947  -12.059756
  -64.8099146  -12.0582955
  -64.8097965  -12.0567083
  -64.8101665  -12.053947
  -64.813917   -12.0418561
  -64.8141833  -12.0414361
  -64.8151182  -12.0399617
  -64.8203347  -12.0344084
  -64.8236929  -12.0301862
  -64.8252526  -12.0265823
  -64.8265956  -12.0223082
  -64.8268124  -12.0216182
  -64.8273356  -12.0204018
  -64.8281319  -12.0194145
  -64.8318519  -12.015955
  -64.8381229  -12.0115745
  -64.8412335  -12.0099336
  -64.8446265  -12.009005
  -64.8473631  -12.0087985
  -64.8500592  -12.008817
  -64.8555993  -12.0107631
  -64.859932   -12.011461
  -64.8713639  -12.0117321
  -64.8762475  -12.0117088
  -64.8807026  -12.0122135
  -64.88418    -12.0133141
  -64.8926835  -12.0160038
  -64.8988163  -12.0183057
  -64.9043584  -12.0211372
  -64.9106405  -12.0246927
  -64.9148864  -12.0263895
  -64.9177295  -12.0266859
  -64.9207381  -12.0263817
  -64.9233992  -12.0255331
  -64.926106   -12.024289
  -64.9287921  -12.022738
  -64.9312942  -12.0199358
  -64.936084   -12.0114368
  -64.9441865  -11.9948686
  -64.9452559  -11.9935879
  -64.9469523  -11.9927949
  -64.9487079  -11.9923541
  -64.9525508  -11.9929657
  -64.9568849  -11.994039
  -64.9621638  -11.9964894
  -64.9654553  -11.9992595
  -64.9675269  -12.0026423
  -64.9689739  -12.0091838
  -64.9709709  -12.0149288
  -64.9723663  -12.0170149
  -64.9737639  -12.0177218
  -64.9758159  -12.0182677
  -64.9778543  -12.0184288
  -64.9805893  -12.0177273
  -64.9827659  -12.016351
  -64.9858948  -12.0135621
  -64.9906793  -12.0079263
  -64.9941282  -12.0001132
  -64.9963807  -11.9976404
  -64.9993751  -11.9954942
  -65.0028376  -11.994019
  -65.0048657  -11.993481
  -65.0068937  -11.9933421
  -65.0088909  -11.9932096
  -65.0108608  -11.9932969
  -65.0131789  -11.9940532
  -65.0176665  -11.9958688
  -65.021706   -11.9979166
  -65.0231641  -11.9984765
  -65.0250514  -11.9987845
  -65.0277248  -11.9983035
  -65.0306754  -11.9975567
  -65.0334963  -11.996007
  -65.0350745  -11.9942833
  -65.0362243  -11.99188
  -65.0368363  -11.9900887
  -65.0372628  -11.9884969
  -65.0371576  -11.9868989
  -65.0370307  -11.9854118
  -65.0364915  -11.9836396
  -65.0361848  -11.9828071
  -65.0355853  -11.9819937
  -65.0282855  -11.9755167
  -65.0276711  -11.9746386
  -65.0271737  -11.9736651
  -65.0266076  -11.9720944
  -65.0263031  -11.9707469
  -65.0268935  -11.9690823
  -65.0280775  -11.9676354
  -65.0289217  -11.9666275
  -65.0308804  -11.9659127
  -65.0337716  -11.9657089
  -65.0360969  -11.9667839
  -65.0383471  -11.9670797
  -65.0401892  -11.9669763
  -65.0415757  -11.9655981
  -65.0422868  -11.9638841
  -65.0422374  -11.9624786
  -65.0416753  -11.960955
  -65.0404033  -11.9588102
  -65.0373328  -11.9553251
  -65.0286908  -11.9466091
  -65.0230791  -11.9349209
  -65.0221913  -11.9303708
  -65.0204228  -11.9257063
  -65.0225401  -11.9145106
  -65.0275183  -11.8919606
  -65.0284834  -11.890354
  -65.029705   -11.8889241
  -65.0311498  -11.8877098
  -65.0327788  -11.8867441
  -65.0345476  -11.8860532
  -65.04786    -11.8857008
  -65.0538536  -11.8859173
  -65.0576755  -11.885187
  -65.059865   -11.8839483
  -65.0641223  -11.8808323
  -65.0670064  -11.8773383
  -65.070546   -11.8729541
  -65.0726958  -11.8658672
  -65.0726958  -11.8572299
  -65.061025   -11.826322
  -65.0594766  -11.791463
  -65.0639567  -11.7717272
  -65.0677036  -11.7627857
  -65.0756378  -11.7518826
  -65.0819668  -11.7341305
  -65.0824835  -11.7150739
  -65.0867178  -11.708204
  -65.0922429  -11.704137
  -65.0989493  -11.7028311
  -65.1073323  -11.7057041
  -65.1129573  -11.7089834
  -65.1190754  -11.7139943
  -65.1254823  -11.7201005
  -65.1292333  -11.7220003
  -65.1334354  -11.7230343
  -65.1379442  -11.7228818
  -65.1436079  -11.7215986
  -65.1782311  -11.7208013
  -65.1842509  -11.7210412
  -65.1898376  -11.7226591
  -65.1941703  -11.7252927
  -65.1942869  -11.7304409
  -65.1936773  -11.7339106
  -65.1911229  -11.7382315
  -65.1751788  -11.746792
  -65.174635   -11.7478233
  -65.1742843  -11.748844
  -65.1742457  -11.7499334
  -65.1744003  -11.7509913
  -65.1749658  -11.7531285
  -65.1773177  -11.7549476
  -65.1797395  -11.7558555
  -65.1821613  -11.7560922
  -65.1938297  -11.754019
  -65.217359   -11.743382
  -65.2208119  -11.7416707
  -65.245948   -11.7237887
  -65.2530441  -11.7181661
  -65.2593038  -11.7105308
  -65.2604364  -11.7063757
  -65.2609735  -11.7018912
  -65.2597461  -11.6988158
  -65.2587011  -11.6970117
  -65.2559932  -11.6953739
  -65.247897   -11.6900208
  -65.240889   -11.6840704
  -65.2328487  -11.6802934
  -65.2256851  -11.6727183
  -65.2198337  -11.6633682
  -65.2156868  -11.6476306
  -65.2165525  -11.6376257
  -65.218217   -11.6312141
  -65.2223374  -11.6240471
  -65.2295778  -11.6176342
  -65.232079   -11.615323
  -65.2330645  -11.6134006
  -65.2341301  -11.6048413
  -65.2324445  -11.5961636
  -65.2307912  -11.5876524
  -65.2290862  -11.5744295
  -65.230507   -11.5637811
  -65.2284469  -11.5532019
  -65.2221242  -11.5472161
  -65.2159437  -11.5430399
  -65.2112158  -11.5395319
  -65.2108624  -11.5344636
  -65.2117769  -11.5285646
  -65.2171389  -11.5205977
  -65.2237798  -11.5162435
  -65.2314008  -11.5140032
  -65.2422653  -11.5126323
  -65.2578013  -11.5136495
  -65.2794877  -11.5085641
  -65.3036089  -11.5013828
  -65.3069068  -11.4987762
  -65.3085244  -11.4961552
  -65.3097619  -11.4894866
  -65.3121664  -11.4711101
  -65.319379   -11.4408468
  -65.3233247  -11.4159604
  -65.3235808  -11.4143572
  -65.3331057  -11.3547287
  -65.3327649  -11.3398618
  -65.3325154  -11.3368774
  -65.3309459  -11.3342501
  -65.3298662  -11.3327737
  -65.3286333  -11.332023
  -65.3265928  -11.3312362
  -65.323991   -11.3308748
  -65.3197948  -11.3317636
  -65.3135197  -11.3336174
  -65.3099093  -11.3344608
  -65.306097   -11.3354211
  -65.3021061  -11.3354431
  -65.2990268  -11.3342105
  -65.2935812  -11.3309762
  -65.2917233  -11.328268
  -65.2900974  -11.3228921
  -65.2902138  -11.320296
  -65.2917738  -11.3176998
  -65.2940696  -11.3154855
  -65.2956415  -11.3145642
  -65.2976465  -11.3143859
  -65.3072184  -11.3159501
  -65.3390891  -11.311071
  -65.3434663  -11.3081975
  -65.3463595  -11.3044392
  -65.3583448  -11.2683392
  -65.3614287  -11.2385965
  -65.3611468  -11.2297206
  -65.3599258  -11.2203027
  -65.3586208  -11.2175084
  -65.356982   -11.2154881
  -65.3523553  -11.2120957
  -65.3475465  -11.211412
  -65.3220715  -11.209217
  -65.315785   -11.200481
  -65.3129445  -11.1957821
  -65.313859   -11.1890164
  -65.3188507  -11.1843064
  -65.3245283  -11.1817271
  -65.3296115  -11.1817405
  -65.3317682  -11.1818767
  -65.3441902  -11.1866614
  -65.3483233  -11.1869611
  -65.3505918  -11.1868109
  -65.3520802  -11.1861599
  -65.3538688  -11.1841943
  -65.3550829  -11.1805959
  -65.3567982  -11.1673855
  -65.3601296  -11.1550775
  -65.3614317  -11.1514847
  -65.3621375  -11.1467736
  -65.3617716  -11.1403135
  -65.3584413  -11.132305
  -65.3529059  -11.1239195
  -65.3434257  -11.115156
  -65.3370127  -11.1115107
  -65.3286055  -11.1060577
  -65.3172884  -11.1009351
  -65.2870426  -11.094164
  -65.2826895  -11.0900913
  -65.2793805  -11.0845942
  -65.2784599  -11.0756199
  -65.2785149  -11.0660773
  -65.2845729  -11.0538467
  -65.2898913  -11.0471236
  -65.2988008  -11.0395459
  -65.301094   -11.0344827
  -65.3007129  -11.0314158
  -65.2986231  -11.0260059
  -65.2748479  -11.005523
  -65.2514193  -10.9901344
  -65.2505287  -10.9850635
  -65.2526327  -10.9793833
  -65.2610794  -10.9705834
  -65.2706479  -10.9598477
  -65.2729728  -10.954286
  -65.2738718  -10.9483531
  -65.2709591  -10.9389237
  -65.2675361  -10.927842
  -65.2661555  -10.9159804
  -65.2674477  -10.9006722
  -65.2718328  -10.8843891
  -65.2747637  -10.8730198
  -65.2809669  -10.863741
  -65.2854245  -10.860087
  -65.3019389  -10.8448325
  -65.3099897  -10.835344
  -65.3208357  -10.8225605
  -65.3410669  -10.8094249
  -65.3491039  -10.7944757
  -65.3537545  -10.7888118
  -65.3531741  -10.7828978
  -65.3495331  -10.7794105
  -65.347742   -10.7762592
  -65.3450776  -10.7735726
  -65.3432264  -10.7673076
  -65.3452992  -10.7554289
  -65.3483791  -10.7418124
  -65.3444345  -10.7180529
  -65.3465343  -10.68377
  -65.3466702  -10.6815507
  -65.3499821  -10.6687467
  -65.3539192  -10.6615368
  -65.358697   -10.6577924
  -65.3675611  -10.6508454
  -65.3723495  -10.6477763
  -65.3779478  -10.6454012
  -65.3929146  -10.6459084
  -65.4010467  -10.6437439
  -65.4056887  -10.6393447
  -65.4058434  -10.6366913
  -65.4038332  -10.63205
  -65.4033091  -10.6251827
  -65.4058036  -10.6216803
  -65.4093238  -10.6197032
  -65.4093238  -10.6057345
  -65.4097703  -10.6043147
  -65.4063754  -10.5959002
  -65.4020197  -10.5885105
  -65.3992276  -10.581438
  -65.3993796  -10.57456
  -65.4022303  -10.5676951
  -65.403861   -10.5577855
  -65.4065549  -10.5504804
  -65.4081828  -10.5489857
  -65.4199837  -10.5375522
  -65.4212559  -10.5331754
  -65.421496   -10.5278052
  -65.410178   -10.5148228
  -65.4105242  -10.5115326
  -65.4116965  -10.5053026
  -65.4149943  -10.4997322
  -65.4267466  -10.4908998
  -65.4301093  -10.4850471
  -65.4294738  -10.4796346
  -65.4232473  -10.4722987
  -65.4213815  -10.465293
  -65.4196392  -10.4632075
  -65.4165946  -10.4629691
  -65.4074755  -10.4653817
  -65.4015097  -10.4617582
  -65.3972763  -10.4558606
  -65.3944116  -10.4505172
  -65.3874728  -10.4417368
  -65.3825637  -10.4334689
  -65.380973   -10.429017
  -65.3779076  -10.4117581
  -65.3789965  -10.4013273
  -65.379292   -10.400354
  -65.3909881  -10.3805488
  -65.3942898  -10.383801
  -65.3959491  -10.3854355
  -65.4003199  -10.4014592
  -65.4068337  -10.4095087
  -65.4160322  -10.4149368
  -65.4228167  -10.4159133
  -65.4408839  -10.4133748
  -65.4535049  -10.4166505
  -65.4798113  -10.4335014
  -65.485192   -10.4407176
  -65.4871018  -10.4526696
  -65.4902841  -10.4639676
  -65.4927322  -10.4728033
  -65.5005322  -10.486713
  -65.502773   -10.490709
  -65.5075153  -10.4956935
  -65.5260904  -10.4987097
  -65.5286849  -10.5000055
  -65.5368562  -10.5040864
  -65.5530412  -10.504425
  -65.5640362  -10.5117172
  -65.5765655  -10.520016
  -65.5808492  -10.527546
  -65.5845127  -10.5326192
  -65.5851168  -10.5333092
  -65.5863251  -10.5350869
  -65.587988   -10.5363355
  -65.6156303  -10.5405877
  -65.6229413  -10.5406975
  -65.6257891  -10.5421912
  -65.6268805  -10.5450716
  -65.6275544  -10.5510642
  -65.6330956  -10.5633937
  -65.6464206  -10.5658497
  -65.6870555  -10.5646699
  -65.7026553  -10.5655124
  -65.7204143  -10.563987
  -65.7278235  -10.5659411
  -65.7325187  -10.5719768
  -65.7351701  -10.5801434
  -65.7350965  -10.5842659
  -65.7349944  -10.5899856
  -65.7313302  -10.6016483
  -65.7046805  -10.6438951
  -65.7010341  -10.6502478
  -65.7047674  -10.677431
  -65.7086414  -10.6885203
  -65.7142908  -10.6945614
  -65.7252019  -10.699799
  -65.741567   -10.7085234
  -65.7693324  -10.7233249
  -65.7734836  -10.7252132
  -65.8056036  -10.7398232
  -65.8138475  -10.7412909
  -65.8231257  -10.7407431
  -65.8322401  -10.7344838
  -65.8383417  -10.7229157
  -65.8498526  -10.703718
  -65.8603033  -10.6913654
  -65.8665131  -10.6883143
  -65.8756764  -10.6905468
  -65.8849154  -10.6976162
  -65.8983953  -10.719493
  -65.9049696  -10.7314164
  -65.9052511  -10.7323407
  -65.9049814  -10.7334054
  -65.8979525  -10.7429929
  -65.8779483  -10.7583315
  -65.8548114  -10.7806125
  -65.8531847  -10.7825844
  -65.8477322  -10.79352
  -65.8499283  -10.8274398
  -65.8533362  -10.8326465
  -65.866816   -10.8365142
  -65.9103606  -10.8271423
  -65.9288386  -10.8179188
  -65.9623388  -10.8006198
  -65.9652562  -10.799083
  -65.9676917  -10.7977183
  -65.9714642  -10.7968242
  -65.9734398  -10.7966009
  -65.9753366  -10.7968675
  -65.9791901  -10.7975806
  -65.982728   -10.8003846
  -65.9913969  -10.8071715
  -66.0067606  -10.817204
  -66.0337999  -10.8259522
  -66.0655976  -10.8425789
  -66.073255   -10.849084
  -66.07476    -10.8513879
  -66.0656191  -10.8577943
  -66.064396   -10.8584055
  -66.0568429  -10.8615454
  -66.052208   -10.8655072
  -66.0510064  -10.8708175
  -66.0519505  -10.8778978
  -66.0525514  -10.8827022
  -66.0522939  -10.887338
  -66.0523797  -10.8919737
  -66.0528947  -10.8955136
  -66.052208   -10.8978735
  -66.0518647  -10.9009077
  -66.051693   -10.905206
  -66.0510922  -10.907903
  -66.0508347  -10.9111899
  -66.0500193  -10.9161202
  -66.0494614  -10.9379052
  -66.0538219  -10.9743249
  -66.0564994  -10.9844181
  -66.0613723  -10.9897274
  -66.0675862  -10.9910542
  -66.0699937  -10.9916198
  -66.0753611  -10.9902806
  -66.0818196  -10.9954991
  -66.0919905  -10.9990799
  -66.0960246  -11.0011863
  -66.1004448  -11.004072
  -66.1038351  -11.0076948
  -66.1067963  -11.0139504
  -66.1078048  -11.0179733
  -66.1084074  -11.028827
  -66.1081626  -11.0314576
  -66.1026132  -11.037997
  -66.0978862  -11.0420445
  -66.0947132  -11.0457046
  -66.0945299  -11.0474461
  -66.0950684  -11.0496125
  -66.0976106  -11.0521348
  -66.1034195  -11.0516731
  -66.1346028  -11.041886
  -66.1374351  -11.0418788
  -66.1444246  -11.0436509
  -66.1461218  -11.0452332
  -66.1468533  -11.0474684
  -66.1461673  -11.0503418
  -66.1408252  -11.0590041
  -66.1332168  -11.0661035
  -66.1299925  -11.0705332
  -66.1257595  -11.0785745
  -66.1215967  -11.0888531
  -66.1221339  -11.1036115
  -66.1253739  -11.1158057
  -66.1261961  -11.1179155
  -66.133145   -11.1264065
  -66.142679   -11.1331261
  -66.1553719  -11.1354338
  -66.1575678  -11.1353518
  -66.1587493  -11.1348661
  -66.159802   -11.1331172
  -66.1610442  -11.1295769
  -66.1638612  -11.1126806
  -66.1718505  -11.0924383
  -66.17883    -11.083046
  -66.180789   -11.0808075
  -66.1824955  -11.0784429
  -66.183939   -11.0762241
  -66.1858205  -11.0746916
  -66.1866917  -11.0741983
  -66.1877131  -11.0739997
  -66.1886744  -11.0739612
  -66.1895928  -11.074449
  -66.1908119  -11.0761867
  -66.1983945  -11.0896092
  -66.2016071  -11.0952959
  -66.2016763  -11.0954171
  -66.2138059  -11.1167403
  -66.2140065  -11.1177593
  -66.2137419  -11.1186689
  -66.212662   -11.1193679
  -66.2046809  -11.1239249
  -66.200338   -11.1285812
  -66.1943014  -11.1377208
  -66.1891041  -11.1497499
  -66.187776   -11.1557508
  -66.185632   -11.1791229
  -66.1864     -11.1830642
  -66.1881911  -11.186699
  -66.1932752  -11.1930015
  -66.1982988  -11.1986861
  -66.2088531  -11.2072017
  -66.2315879  -11.2175624
  -66.2367027  -11.2193747
  -66.2404657  -11.2201136
  -66.244632   -11.2185365
  -66.2463544  -11.2154992
  -66.2453803  -11.2101116
  -66.2457796  -11.2053554
  -66.2474364  -11.2037152
  -66.2499879  -11.2017455
  -66.2559261  -11.202285
  -66.2588597  -11.2043848
  -66.2620722  -11.2074106
  -66.2669039  -11.2142606
  -66.2695099  -11.2250403
  -66.2699814  -11.2377113
  -66.2678193  -11.2460594
  -66.2537377  -11.2617056
  -66.2492192  -11.2650283
  -66.2490945  -11.2698066
  -66.2509918  -11.2720109
  -66.2540048  -11.2730789
  -66.2599022  -11.271932
  -66.2667952  -11.26495
  -66.2692984  -11.2633672
  -66.2720027  -11.262676
  -66.2743396  -11.2628902
  -66.2765853  -11.2638924
  -66.2781008  -11.2655635
  -66.2800268  -11.266951
  -66.2812973  -11.270955
  -66.2812407  -11.2755014
  -66.2803344  -11.2781283
  -66.277582   -11.2849854
  -66.271525   -11.2893174
  -66.2626926  -11.2935967
  -66.252139   -11.2968823
  -66.2450992  -11.3015683
  -66.235671   -11.313098
  -66.2299869  -11.324294
  -66.226236   -11.331682
  -66.2249679  -11.3368877
  -66.2278662  -11.3405972
  -66.2324167  -11.3420345
  -66.2364619  -11.3426006
  -66.2396487  -11.3412732
  -66.2502585  -11.3357699
  -66.2570417  -11.3322514
  -66.2668759  -11.3248788
  -66.2958808  -11.3130426
  -66.3145398  -11.3153233
  -66.3329491  -11.3227989
  -66.3391532  -11.3316173
  -66.3377618  -11.3402779
  -66.3368902  -11.3457029
  -66.3279877  -11.3499013
  -66.3203815  -11.3525082
  -66.3191577  -11.3566306
  -66.3211925  -11.3603064
  -66.3262649  -11.362252
  -66.3446732  -11.3632426
  -66.352988   -11.3654499
  -66.3621704  -11.3678656
  -66.3809398  -11.3753387
  -66.3934937  -11.3763131
  -66.4234312  -11.3734478
  -66.431709   -11.375865
  -66.4354119  -11.3779281
  -66.4393869  -11.3793734
  -66.4510278  -11.3833345
  -66.4578458  -11.3822461
  -66.4616153  -11.3831502
  -66.4640845  -11.3857032
  -66.4656068  -11.388821
  -66.4666975  -11.3925335
  -66.4677143  -11.4042254
  -66.4672245  -11.4088178
  -66.4644564  -11.4162571
  -66.4648913  -11.422726
  -66.4686569  -11.4259613
  -66.480827   -11.4289606
  -66.4884363  -11.4326753
  -66.4902938  -11.4392748
  -66.4938443  -11.4448242
  -66.4953459  -11.4453209
  -66.4968475  -11.445355
  -66.4987778  -11.4449604
  -66.4997496  -11.4442144
  -66.5023385  -11.4420325
  -66.5041309  -11.4377249
  -66.5076448  -11.4296533
  -66.5111816  -11.4247486
  -66.5194266  -11.4221111
  -66.5248743  -11.4226289
  -66.5289577  -11.4187946
  -66.5300488  -11.4108251
  -66.5341762  -11.407507
  -66.5443858  -11.4087249
  -66.5531153  -11.41225
  -66.5591875  -11.4171297
  -66.5717279  -11.4257487
  -66.5846771  -11.4286297
  -66.6022204  -11.4286872
  -66.6275933  -11.4240422
  -66.6358207  -11.4234417
  -66.6383987  -11.4248879
  -66.6401861  -11.4300788
  -66.6341743  -11.456052
  -66.6341176  -11.4654014
  -66.6368838  -11.4711424
  -66.6437189  -11.469828
  -66.669988   -11.4508075
  -66.6873531  -11.4436502
  -66.6958508  -11.4422641
  -66.7086902  -11.4478776
  -66.7212688  -11.4615143
  -66.7338469  -11.4799699
  -66.7324537  -11.4838494
  -66.728218   -11.4847368
  -66.7126306  -11.4872653
  -66.702687   -11.4913332
  -66.6930991  -11.5011493
  -66.6841694  -11.5178566
  -66.6768847  -11.5412138
  -66.675682   -11.5512367
  -66.6763976  -11.5570213
  -66.676999   -11.5618829
  -66.6820636  -11.5625991
  -66.6929496  -11.5601541
  -66.7202963  -11.5652487
  -66.7365529  -11.5707028
  -66.7473176  -11.5743143
  -66.7625137  -11.5860298
  -66.7634437  -11.5893271
  -66.7617342  -11.5933974
  -66.7559172  -11.5970235
  -66.7348152  -11.6077944
  -66.7296481  -11.6079486
  -66.7214007  -11.6052234
  -66.7175818  -11.6064744
  -66.7144324  -11.6106784
  -66.716741   -11.6145848
  -66.7248549  -11.6331293
  -66.7275961  -11.645248
  -66.7305938  -11.6484502
  -66.736104   -11.6518469
  -66.7365602  -11.6551312
  -66.7332729  -11.6585872
  -66.7287528  -11.6585872
  -66.7194412  -11.6551681
  -66.7128345  -11.6549594
  -66.707046   -11.6576154
  -66.7040643  -11.6633754
  -66.7049643  -11.6704367
  -66.7094729  -11.6786789
  -66.7234608  -11.6888651
  -66.7520822  -11.703212
  -66.7610679  -11.7069251
  -66.7639812  -11.7116495
  -66.7642738  -11.7289119
  -66.7659468  -11.735813
  -66.7715109  -11.7407511
  -66.7783157  -11.743908
  -66.7828627  -11.7439574
  -66.7846976  -11.7439774
  -66.7903505  -11.741814
  -66.7948255  -11.7383877
  -66.7985231  -11.7330469
  -66.7981833  -11.7308951
  -66.7778656  -11.7188631
  -66.7735722  -11.7132892
  -66.7694794  -11.702127
  -66.770045   -11.6976836
  -66.7747488  -11.693777
  -66.8088655  -11.6931889
  -66.8182297  -11.6967098
  -66.823849   -11.7023292
  -66.8298432  -11.7119494
  -66.8367104  -11.7438013
  -66.8376355  -11.7595286
  -66.840622   -11.7612352
  -66.8449688  -11.760454
  -66.8559174  -11.7584863
  -66.8594589  -11.7553533
  -66.8662499  -11.7441335
  -66.88012    -11.7412095
  -66.9084055  -11.7442296
  -66.9129958  -11.7489755
  -66.9181553  -11.7655598
  -66.9191224  -11.7776868
  -66.9159679  -11.7835811
  -66.8873376  -11.7735198
  -66.8827406  -11.7731142
  -66.8791723  -11.7753609
  -66.8738728  -11.7840041
  -66.8732225  -11.7850648
  -66.8716164  -11.792956
  -66.8750514  -11.8021647
  -66.872533   -11.80909
  -66.8579906  -11.8154887
  -66.8566815  -11.8187926
  -66.8583251  -11.8225401
  -66.8938711  -11.8576528
  -66.9033303  -11.8614933
  -66.9147911  -11.8636694
  -66.923988   -11.8668587
  -66.9321308  -11.8739836
  -66.9375498  -11.8759729
  -66.9484545  -11.8739373
  -66.9536505  -11.8759358
  -66.9561674  -11.8813629
  -66.9544812  -11.893906
  -66.9594039  -11.8966089
  -66.9658857  -11.8945834
  -66.9713939  -11.8895651
  -66.9771849  -11.8910986
  -66.9828453  -11.89579
  -66.982613   -11.9013721
  -66.982369   -11.9072368
  -66.9754849  -11.9201635
  -66.9621159  -11.9349856
  -66.9555041  -11.9411615
  -66.9517259  -11.9408709
  -66.9501402  -11.9385771
  -66.9496189  -11.9357122
  -66.9511447  -11.9294637
  -66.9562198  -11.9256401
  -66.962119   -11.9222532
  -66.9654799  -11.91929
  -66.9663364  -11.9145331
  -66.963691   -11.9105319
  -66.9581035  -11.9072588
  -66.9500987  -11.9081235
  -66.9432977  -11.9102095
  -66.9325444  -11.9170393
  -66.9262173  -11.9222084
  -66.9248207  -11.9249976
  -66.9255877  -11.9281153
  -66.9278037  -11.9303712
  -66.9321139  -11.932056
  -66.939982   -11.9330899
  -66.94191    -11.9359933
  -66.9421073  -11.9387752
  -66.9421072  -11.9405777
  -66.9416007  -11.9420694
  -66.9393917  -11.9437338
  -66.9359352  -11.943083
  -66.9338521  -11.9420964
  -66.9326154  -11.9415737
  -66.9295713  -11.9403713
  -66.9274372  -11.9402565
  -66.9219675  -11.9390039
  -66.9184127  -11.9401984
  -66.9163897  -11.9411063
  -66.9149441  -11.9424345
  -66.9141767  -11.9434438
  -66.9138617  -11.9453375
  -66.9137929  -11.9487675
  -66.9136684  -11.9519429
  -66.9123313  -11.9569124
  -66.910271   -11.9625758
  -66.9079495  -11.9687591
  -66.903772   -11.9750199
  -66.8946898  -12.0001594
  -66.892946   -12.0104041
  -66.9024679  -12.0310429
  -66.9071629  -12.0377601
  -66.9087334  -12.0451968
  -66.909054   -12.0482095
  -66.9083574  -12.0493071
  -66.9066651  -12.049901
  -66.8995439  -12.0493834
  -66.8940759  -12.0516701
  -66.8898218  -12.0563236
  -66.8868428  -12.0607557
  -66.8729865  -12.1057364
  -66.8739961  -12.111457
  -66.9161369  -12.1489624
  -66.9235305  -12.1552988
  -66.9252539  -12.162315
  -66.9219517  -12.1790415
  -66.9203162  -12.1841488
  -66.9182024  -12.1863639
  -66.9174182  -12.1872442
  -66.9152294  -12.1876864
  -66.9010447  -12.1877675
  -66.8967955  -12.1896345
  -66.8926561  -12.19274
  -66.8907461  -12.1954493
  -66.8872782  -12.2019418
  -66.8844067  -12.2196734
  -66.8854117  -12.2460195
  -66.8874218  -12.2523369
  -66.8926077  -12.2559969
  -66.9044355  -12.2738732
  -66.9079531  -12.2838517
  -66.9166271  -12.2872312
  -66.9355914  -12.2946199
  -66.9403526  -12.2964729
  -66.9444226  -12.2975424
  -66.9454997  -12.2984761
  -66.9472251  -12.3014176
  -66.9483205  -12.306308
  -66.9484414  -12.310126
  -66.9467896  -12.3178459
  -66.9449238  -12.3265654
  -66.944318   -12.3273703
  -66.9430569  -12.3278702
  -66.9399415  -12.328489
  -66.9330195  -12.3286374
  -66.9224958  -12.3299127
  -66.9189643  -12.3314669
  -66.9150914  -12.3338511
  -66.9116642  -12.3385706
  -66.9066609  -12.3430766
  -66.8986297  -12.3532265
  -66.8979964  -12.3556021
  -66.8978794  -12.3575596
  -66.8981837  -12.3596695
  -66.9034739  -12.3642553
  -66.9066388  -12.3666945
  -66.9096758  -12.3696099
  -66.9134401  -12.3737078
  -66.9172137  -12.3779655
  -66.9323849  -12.3958616
  -66.9350032  -12.3986254
  -66.9381263  -12.4009579
  -66.9502882  -12.4085886
  -66.9643783  -12.4154387
  -66.9668764  -12.4162008
  -66.9695291  -12.4181269
  -66.9703829  -12.4191449
  -66.9704812  -12.4205318
  -66.970387   -12.4219019
  -66.9696116  -12.423344
  -66.9654724  -12.4307328
  -66.9607693  -12.4388126
  -66.9554608  -12.4453546
  -66.9436316  -12.4567167
  -66.9330788  -12.4692796
  -66.9328912  -12.4730816
  -66.9335847  -12.4749913
  -66.9357479  -12.476222
  -66.9515328  -12.4767186
  -66.9655538  -12.4827757
  -66.9673485  -12.4880476
  -66.9601308  -12.5045202
  -66.9283247  -12.5239038
  -66.9212371  -12.5280513
  -66.9195846  -12.5288009
  -66.9184697  -12.5296625
  -66.9179547  -12.5301021
  -66.9179647  -12.5307466
  -66.9182305  -12.5314488
  -66.9189557  -12.5321894
  -66.92188    -12.5334256
  -66.9304343  -12.5359079
  -66.9346172  -12.5393767
  -66.9366828  -12.5419157
  -66.9394983  -12.552392
  -66.9430544  -12.556696
  -66.9494345  -12.5620024
  -66.9564326  -12.5630066
  -66.9644542  -12.5638022
  -66.9691144  -12.5669708
  -66.9731503  -12.5718615
  -66.9753026  -12.5828846
  -66.9779461  -12.5876107
  -66.9783862  -12.5902999
  -66.9733332  -12.5905833
  -66.9638189  -12.5919089
  -66.9567882  -12.5944441
  -66.9526488  -12.5969279
  -66.9490132  -12.5988628
  -66.9469403  -12.6035082
  -66.9450155  -12.612435
  -66.9378085  -12.614724
  -66.9309822  -12.6111535
  -66.9257294  -12.6135951
  -66.9226791  -12.6195437
  -66.921994   -12.6214662
  -66.922151   -12.6261601
  -66.9227146  -12.6310562
  -66.9259998  -12.6359599
  -66.9335808  -12.6379679
  -66.9388523  -12.6345467
  -66.9386212  -12.623156
  -66.9463824  -12.618541
  -66.9531888  -12.6214223
  -66.9536586  -12.6267398
  -66.9496683  -12.6337575
  -66.9485187  -12.6375195
  -66.9484622  -12.6398639
  -66.9512269  -12.6428798
  -66.9580915  -12.6468964
  -66.9652303  -12.6492557
  -66.9686342  -12.6498625
  -66.9733409  -12.649678
  -66.9774469  -12.6500147
  -66.9808074  -12.6520732
  -66.9845642  -12.6562211
  -66.9856777  -12.657595
  -66.9878431  -12.6601998
  -66.9895784  -12.6639429
  -66.9904222  -12.6672805
  -66.9904158  -12.6705888
  -66.9885016  -12.6730325
  -66.9845681  -12.674976
  -66.9819403  -12.6775799
  -66.9797964  -12.6806744
  -66.9780692  -12.6867185
  -66.9773177  -12.6889791
  -66.9702212  -12.6969378
  -66.9541971  -12.7203392
  -66.9527822  -12.7250309
  -66.9547929  -12.731063
  -66.9590377  -12.7348611
  -66.96224    -12.7353079
  -66.9705062  -12.7289779
  -66.9763894  -12.7281587
  -66.9823471  -12.7321801
  -66.9823471  -12.737542
  -66.9716093  -12.7510957
  -66.9676177  -12.7612238
  -66.9683326  -12.769922
  -66.9639239  -12.775403
  -66.9541533  -12.7798117
  -66.9491489  -12.7857098
  -66.9483148  -12.7935144
  -66.9502809  -12.8003061
  -66.9524517  -12.8015907
  -66.9555236  -12.8014046
  -66.9661357  -12.7954469
  -66.9801592  -12.7844309
  -66.9839357  -12.7847657
  -66.9859957  -12.7881138
  -66.9827341  -12.8078666
  -66.9791292  -12.8143947
  -66.9743227  -12.8180772
  -66.9593881  -12.8199184
  -66.9442819  -12.823266
  -66.942737   -12.8252746
  -66.9461702  -12.8388319
  -66.9480585  -12.8430161
  -66.9520067  -12.8436856
  -66.9556116  -12.8403382
  -66.9590448  -12.8369908
  -66.962993   -12.8363213
  -66.9683145  -12.8374929
  -66.9714044  -12.839334
  -66.9729494  -12.8435182
  -66.9738077  -12.8488739
  -66.9755852  -12.8499329
  -66.9768976  -12.8507149
  -66.9811891  -12.8505475
  -66.985309   -12.8505475
  -66.9890856  -12.8538947
  -66.9916605  -12.858246
  -66.9933771  -12.8652749
  -66.9937204  -12.8707975
  -66.9928621  -12.8789974
  -66.9942354  -12.8861931
  -66.9968103  -12.8890378
  -67.0036768  -12.8890378
  -67.0112299  -12.8853564
  -67.0175814  -12.884185
  -67.0226668  -12.8840804
  -67.0277079  -12.8856705
  -67.0308422  -12.8880128
  -67.0334235  -12.8905749
  -67.0347475  -12.8932212
  -67.0359491  -12.8985758
  -67.0372595  -12.9014746
  -67.0376541  -12.9058522
  -67.0372587  -12.9083022
  -67.036474   -12.9096701
  -67.0338521  -12.9110381
  -67.0300628  -12.9111664
  -67.0259368  -12.9125888
  -67.0211335  -12.9134976
  -67.016502   -12.9126875
  -67.0101999  -12.9099539
  -67.0079583  -12.9065915
  -67.0065266  -12.9047502
  -67.0048033  -12.9040136
  -67.0028147  -12.9045609
  -67.0014393  -12.9059698
  -67.0013189  -12.9098347
  -67.0009658  -12.9111592
  -67.001157   -12.9129036
  -67.0012321  -12.9167213
  -67.0014933  -12.9209165
  -66.9997492  -12.927798
  -67.0000247  -12.9307364
  -67.0021067  -12.9339852
  -67.0053229  -12.9356399
  -67.0084933  -12.9346842
  -67.0119021  -12.9320939
  -67.0159992  -12.928448
  -67.0187024  -12.9251609
  -67.0213694  -12.9223584
  -67.024585   -12.9211551
  -67.0273576  -12.9215705
  -67.0296478  -12.9234151
  -67.0317749  -12.926933
  -67.0331913  -12.9304133
  -67.0336556  -12.9316464
  -67.0341698  -12.9341102
  -67.0356123  -12.9372334
  -67.0384153  -12.9400749
  -67.0414479  -12.9436007
  -67.0440983  -12.9465139
  -67.0474807  -12.9487594
  -67.0499865  -12.9512187
  -67.0515606  -12.9527578
  -67.0525019  -12.9543851
  -67.052005   -12.957244
  -67.0489192  -12.9592514
  -67.0457355  -12.9606568
  -67.0370706  -12.9611676
  -67.0343073  -12.9625024
  -67.0331371  -12.9644747
  -67.0317863  -12.9659089
  -67.0315723  -12.9690656
  -67.0316069  -12.9710772
  -67.0337864  -12.9735324
  -67.0372516  -12.9752587
  -67.0398973  -12.9760374
  -67.0469645  -12.9775384
  -67.0533588  -12.9794666
  -67.0585249  -12.9818062
  -67.0631146  -12.9843594
  -67.0683717  -12.9880184
  -67.0704745  -12.9909874
  -67.0718907  -12.9944582
  -67.0719443  -12.9981903
  -67.070217   -13.0013997
  -67.0650368  -13.0026249
  -67.0602473  -13.0010408
  -67.0568279  -13.0000198
  -67.0551879  -13.0003887
  -67.0535744  -13.0007517
  -67.0509054  -13.0028423
  -67.0491041  -13.0059739
  -67.0482229  -13.0105152
  -67.0478327  -13.0139981
  -67.0472696  -13.0190015
  -67.0431589  -13.0295606
  -67.0429078  -13.0398029
  -67.0432317  -13.0457981
  -67.0458229  -13.0511622
  -67.048657   -13.0539231
  -67.0529436  -13.05498
  -67.0570635  -13.0531406
  -67.0592951  -13.0491271
  -67.0591234  -13.0437757
  -67.0586084  -13.0377553
  -67.0587801  -13.0332399
  -67.061355   -13.0303968
  -67.0635878  -13.0309042
  -67.0647904  -13.034594
  -67.0679505  -13.0378427
  -67.0735007  -13.0380752
  -67.0762853  -13.0375994
  -67.0795711  -13.0361839
  -67.0847145  -13.0334817
  -67.0887583  -13.0335146
  -67.090957   -13.0356897
  -67.0922171  -13.0389844
  -67.0922657  -13.042479
  -67.0916297  -13.045882
  -67.0916275  -13.0470529
  -67.0924509  -13.0493313
  -67.0935855  -13.0503274
  -67.0955157  -13.0510935
  -67.1001315  -13.0508438
  -67.1035622  -13.0501725
  -67.1069857  -13.0496587
  -67.1101867  -13.0493073
  -67.113495   -13.0496668
  -67.1169823  -13.0503345
  -67.1208879  -13.0507339
  -67.1259927  -13.0507783
  -67.1309907  -13.0500229
  -67.136371   -13.0474548
  -67.1420558  -13.0455157
  -67.1441336  -13.0468917
  -67.1458124  -13.0507994
  -67.1457238  -13.0546525
  -67.1439392  -13.0591138
  -67.1428162  -13.0604551
  -67.1427632  -13.0630393
  -67.1442685  -13.0664047
  -67.1450171  -13.0679638
  -67.1468424  -13.0715347
  -67.1502327  -13.0798325
  -67.1500825  -13.0819749
  -67.1487628  -13.0840492
  -67.1466707  -13.0849114
  -67.141478   -13.0850368
  -67.1346759  -13.0823616
  -67.1304086  -13.08143
  -67.1263953  -13.0818796
  -67.1250114  -13.0833829
  -67.1241796  -13.0860136
  -67.124632   -13.0894846
  -67.1258517  -13.0925648
  -67.1282171  -13.095048
  -67.1319883  -13.0989869
  -67.1350897  -13.1017671
  -67.1382716  -13.1027737
  -67.1413191  -13.1031916
  -67.1436461  -13.1025418
  -67.1454022  -13.1008128
  -67.1523529  -13.0935009
  -67.1545098  -13.0918348
  -67.1574832  -13.090969
  -67.1599037  -13.0918403
  -67.1616867  -13.0939478
  -67.1631597  -13.0967178
  -67.1627916  -13.0984202
  -67.1609002  -13.1011847
  -67.1559815  -13.1031719
  -67.1525541  -13.1044747
  -67.1515105  -13.1064556
  -67.1521454  -13.1092046
  -67.1535846  -13.1108163
  -67.1560878  -13.1118041
  -67.1613913  -13.1104178
  -67.1660244  -13.1099646
  -67.1692177  -13.1121374
  -67.170326   -13.1142476
  -67.1708973  -13.1165072
  -67.1706623  -13.1215348
  -67.1703501  -13.124906
  -67.1699322  -13.1264524
  -67.1695779  -13.1314548
  -67.1697103  -13.1349911
  -67.1670984  -13.1400826
  -67.1641802  -13.1464349
  -67.1614336  -13.1547929
  -67.1578287  -13.1613119
  -67.1583437  -13.1649892
  -67.1607469  -13.1678308
  -67.1646952  -13.1684994
  -67.1712183  -13.1673293
  -67.1777414  -13.1654907
  -67.1844362  -13.1638192
  -67.1925043  -13.1631506
  -67.201259   -13.1649892
  -67.2089838  -13.165825
  -67.2179536  -13.1667918
  -67.2234565  -13.1666005
  -67.2263008  -13.1666985
  -67.229506   -13.1676223
  -67.2313704  -13.1704802
  -67.2317191  -13.1739002
  -67.2308298  -13.1761296
  -67.2295617  -13.1783765
  -67.2228884  -13.1805337
  -67.2152709  -13.1808889
  -67.2111832  -13.1809829
  -67.2081597  -13.1804848
  -67.2055652  -13.1810835
  -67.2047181  -13.1818596
  -67.2041236  -13.1825654
  -67.2038559  -13.1836582
  -67.2041343  -13.1849628
  -67.2054647  -13.1864253
  -67.2067951  -13.1882011
  -67.2091126  -13.1893292
  -67.2122882  -13.190144
  -67.2165369  -13.1908961
  -67.2199702  -13.1898515
  -67.22409    -13.1883682
  -67.2283815  -13.1871565
  -67.2325443  -13.187167
  -67.2369217  -13.1895591
  -67.2396039  -13.1927136
  -67.2409557  -13.1945521
  -67.2417862  -13.2000704
  -67.2415543  -13.2028516
  -67.2422187  -13.2046466
  -67.2439224  -13.2080608
  -67.245322   -13.2099749
  -67.2497983  -13.2119555
  -67.2514646  -13.2125864
  -67.2538175  -13.2122564
  -67.2561275  -13.2105268
  -67.2573646  -13.2086301
  -67.2605812  -13.2036478
  -67.2626606  -13.2014647
  -67.2635363  -13.2006626
  -67.2652274  -13.2002366
  -67.2665236  -13.199846
  -67.2679056  -13.1997896
  -67.2695514  -13.200597
  -67.2704677  -13.2024072
  -67.2715493  -13.2071766
  -67.2707039  -13.2126885
  -67.269168   -13.2157293
  -67.2661082  -13.2215595
  -67.2645482  -13.2251774
  -67.2634302  -13.2288099
  -67.2640783  -13.2331525
  -67.2660352  -13.240764
  -67.2658421  -13.245779
  -67.2660162  -13.2509187
  -67.2657396  -13.2545791
  -67.2652484  -13.2578008
  -67.2627175  -13.2676543
  -67.2633362  -13.2870864
  -67.2637437  -13.2961543
  -67.2646057  -13.2982046
  -67.2665405  -13.2992526
  -67.2704961  -13.2991978
  -67.2738399  -13.2970594
  -67.2749101  -13.29464
  -67.2762497  -13.2919518
  -67.2793979  -13.2897436
  -67.2812705  -13.2887794
  -67.2832513  -13.2884826
  -67.2865806  -13.2888256
  -67.2884336  -13.2894893
  -67.2895649  -13.291628
  -67.28949    -13.2937787
  -67.2884768  -13.2954728
  -67.2849922  -13.3005506
  -67.2817835  -13.305094
  -67.2761555  -13.3125174
  -67.2754833  -13.3162981
  -67.2762548  -13.3183065
  -67.2789988  -13.3191338
  -67.2810529  -13.3194294
  -67.2826518  -13.3190754
  -67.2846321  -13.3168881
  -67.2855396  -13.3138237
  -67.2873825  -13.3082587
  -67.2916055  -13.305966
  -67.2972437  -13.3039789
  -67.3026615  -13.3042368
  -67.3084012  -13.304599
  -67.3123071  -13.3075854
  -67.314947   -13.3104883
  -67.3166301  -13.3137369
  -67.3196131  -13.3224808
  -67.3232078  -13.3271708
  -67.3294204  -13.3308168
  -67.3479239  -13.3391351
  -67.3551998  -13.3442942
  -67.3575975  -13.3492589
  -67.3568805  -13.350997
  -67.3561074  -13.3519918
  -67.3539404  -13.3534816
  -67.3506725  -13.3541771
  -67.3438226  -13.3556351
  -67.338509   -13.355812
  -67.3289045  -13.3528552
  -67.3248421  -13.3538523
  -67.3229396  -13.3559585
  -67.3226465  -13.3582317
  -67.323576   -13.3605066
  -67.324132   -13.362582
  -67.3329073  -13.3686298
  -67.3586099  -13.3796278
  -67.3764948  -13.3854823
  -67.3826814  -13.3889839
  -67.3887555  -13.3944552
  -67.3911739  -13.4029901
  -67.3909489  -13.4067651
  -67.3886992  -13.4098288
  -67.3758199  -13.4155184
  -67.3750887  -13.4197308
  -67.3808816  -13.4235602
  -67.3901615  -13.4243808
  -67.3958982  -13.4261313
  -67.3982041  -13.4288666
  -67.3986918  -13.4308865
  -67.3987103  -13.4326958
  -67.3977898  -13.4349459
  -67.3962919  -13.4366344
  -67.3930936  -13.4392298
  -67.3893179  -13.4407371
  -67.3769447  -13.4435815
  -67.3588807  -13.4428455
  -67.3556911  -13.4446316
  -67.3550923  -13.4499257
  -67.3571608  -13.4539491
  -67.3654346  -13.456649
  -67.3730553  -13.4568608
  -67.3798595  -13.4552197
  -67.3847041  -13.4545314
  -67.3879156  -13.4555373
  -67.3906917  -13.4599312
  -67.3911272  -13.4625252
  -67.3910179  -13.463403
  -67.3896575  -13.47433
  -67.3849092  -13.483024
  -67.3814834  -13.4866696
  -67.3774113  -13.4869839
  -67.3713999  -13.482584
  -67.3668753  -13.4754183
  -67.3539478  -13.4661779
  -67.3500049  -13.4674351
  -67.3484535  -13.4728411
  -67.3517501  -13.483024
  -67.3617689  -13.4907552
  -67.3724341  -13.4936465
  -67.3754075  -13.4989261
  -67.3744543  -13.5030818
  -67.3734037  -13.5076624
  -67.376717   -13.5158407
  -67.385454   -13.5172571
  -67.3875594  -13.5162098
  -67.3920045  -13.5191776
  -67.4153122  -13.5250807
  -67.4178283  -13.5299522
  -67.4156719  -13.5337439
  -67.4089481  -13.5355502
  -67.3898378  -13.5322458
  -67.3787674  -13.527747
  -67.3765822  -13.5294302
  -67.3758863  -13.5311702
  -67.3754202  -13.5327984
  -67.3740154  -13.5365776
  -67.372672   -13.5408558
  -67.3671728  -13.5550775
  -67.3662325  -13.5591132
  -67.3661122  -13.5632738
  -67.3673081  -13.5683557
  -67.3686045  -13.5724808
  -67.3700706  -13.5760388
  -67.3710892  -13.5792171
  -67.3716677  -13.5813112
  -67.3715612  -13.5842617
  -67.3705185  -13.5873939
  -67.3693152  -13.5890015
  -67.3670424  -13.5899988
  -67.3648154  -13.5905428
  -67.362484   -13.5907063
  -67.359268   -13.5901376
  -67.3581536  -13.5900425
  -67.3563952  -13.5903859
  -67.3541691  -13.5918195
  -67.3532784  -13.5947622
  -67.352954   -13.5976448
  -67.3532941  -13.5994833
  -67.3543173  -13.6015081
  -67.3566205  -13.6056286
  -67.3589934  -13.6077438
  -67.3625256  -13.6097945
  -67.3661159  -13.6107383
  -67.3717037  -13.6107727
  -67.3742974  -13.6107037
  -67.3772189  -13.6107326
  -67.3804325  -13.611059
  -67.3818101  -13.6116767
  -67.3829318  -13.6131713
  -67.3839611  -13.6146933
  -67.3843569  -13.6168443
  -67.3843714  -13.619776
  -67.3833244  -13.6225814
  -67.3804989  -13.629597
  -67.3784184  -13.6339429
  -67.3785135  -13.6398861
  -67.3792627  -13.6416067
  -67.3811623  -13.6431026
  -67.3849721  -13.6449086
  -67.3926043  -13.6464232
  -67.4003373  -13.6483239
  -67.4049922  -13.6489682
  -67.4123893  -13.6509951
  -67.4181259  -13.6525975
  -67.4262763  -13.6542872
  -67.4330565  -13.6550071
  -67.4424816  -13.6553072
  -67.4519337  -13.6588914
  -67.4553863  -13.6634348
  -67.4522535  -13.670995
  -67.437394   -13.6786322
  -67.4240474  -13.6797351
  -67.4202708  -13.6822036
  -67.4200069  -13.6866277
  -67.4237963  -13.6930384
  -67.4256781  -13.7006665
  -67.4277476  -13.7055079
  -67.4313439  -13.7076708
  -67.4323714  -13.7147416
  -67.4298883  -13.727635
  -67.4452154  -13.7324594
  -67.4498393  -13.7399454
  -67.4668789  -13.7477638
  -67.4752703  -13.7518393
  -67.4811786  -13.7635662
  -67.4880287  -13.7682236
  -67.5048971  -13.7718829
  -67.5148298  -13.7755421
  -67.5241631  -13.7824446
  -67.5249337  -13.7893468
  -67.522485   -13.7912493
  -67.5210805  -13.7923405
  -67.49368    -13.7928395
  -67.488885   -13.796332
  -67.4898268  -13.8063106
  -67.5024139  -13.813129
  -67.5108053  -13.8206124
  -67.5156004  -13.829509
  -67.5135454  -13.8337493
  -67.5032702  -13.8364099
  -67.492995   -13.8421466
  -67.4915932  -13.8442015
  -67.4936567  -13.8461969
  -67.4956921  -13.8487595
  -67.4981951  -13.8515883
  -67.5016669  -13.8547416
  -67.5054303  -13.8590118
  -67.5075265  -13.8628765
  -67.5093082  -13.8667634
  -67.5115635  -13.8704093
  -67.5124268  -13.8720979
  -67.5124653  -13.8740461
  -67.5097537  -13.8742243
  -67.5043007  -13.8717249
  -67.5002138  -13.8699648
  -67.4979494  -13.86961
  -67.4956823  -13.8700072
  -67.4929585  -13.8710486
  -67.4916817  -13.8721196
  -67.4907746  -13.8739372
  -67.4899648  -13.876386
  -67.4899545  -13.8793118
  -67.4899977  -13.8813004
  -67.4904147  -13.8830714
  -67.4930788  -13.8860658
  -67.4981431  -13.890884
  -67.5041136  -13.8956886
  -67.5074367  -13.8988499
  -67.5130626  -13.9062322
  -67.5139585  -13.9089359
  -67.5130316  -13.9112255
  -67.5096922  -13.9132203
  -67.5067085  -13.9138146
  -67.5034773  -13.9129556
  -67.5007242  -13.9111128
  -67.4987245  -13.9091216
  -67.4983377  -13.9068878
  -67.4971748  -13.9044193
  -67.496374   -13.9020533
  -67.494988   -13.9001844
  -67.4930918  -13.898667
  -67.490912   -13.8975582
  -67.4883329  -13.8970189
  -67.485371   -13.8977106
  -67.4838653  -13.8999598
  -67.4817137  -13.9028383
  -67.4810433  -13.9045291
  -67.4803826  -13.9074176
  -67.480144   -13.9118127
  -67.4810527  -13.9156318
  -67.4819801  -13.9191276
  -67.4838315  -13.9224439
  -67.4865498  -13.925736
  -67.4911514  -13.9297889
  -67.4970084  -13.9325625
  -67.5022039  -13.9346224
  -67.5061263  -13.9353876
  -67.5103816  -13.937311
  -67.5125863  -13.9392642
  -67.51431    -13.9408559
  -67.5154359  -13.9425984
  -67.5233505  -13.9518968
  -67.5265092  -13.9584681
  -67.5304526  -13.9629483
  -67.5354231  -13.9672317
  -67.538443   -13.9689642
  -67.539842   -13.9701956
  -67.5414398  -13.9716266
  -67.5419148  -13.9734449
  -67.5436654  -13.9751213
  -67.5436295  -13.9770369
  -67.5408571  -13.9829607
  -67.5371357  -13.9893149
  -67.5338454  -13.9933569
  -67.5302125  -13.9977866
  -67.5281671  -14.0019141
  -67.5263501  -14.0064478
  -67.5257063  -14.0124022
  -67.5255347  -14.0151503
  -67.526216   -14.0170617
  -67.5273371  -14.0181898
  -67.530882   -14.0189154
  -67.5344283  -14.0186875
  -67.5372076  -14.0176485
  -67.5401688  -14.0163994
  -67.5461397  -14.012324
  -67.5514986  -14.0103618
  -67.5564455  -14.0106034
  -67.5606046  -14.0124783
  -67.5627071  -14.0144168
  -67.5647144  -14.0169646
  -67.5652878  -14.0206317
  -67.564532   -14.0235592
  -67.5633155  -14.0257359
  -67.5612959  -14.0278199
  -67.5568294  -14.0314032
  -67.5462248  -14.0361637
  -67.5384951  -14.0393406
  -67.5345104  -14.0411379
  -67.5313086  -14.0433466
  -67.5267004  -14.0475133
  -67.5217769  -14.0510733
  -67.5170761  -14.0534655
  -67.5114421  -14.0553765
  -67.503562   -14.057159
  -67.5005067  -14.057944
  -67.498104   -14.0591088
  -67.4963654  -14.060396
  -67.4952794  -14.0619048
  -67.4951373  -14.0638402
  -67.4954846  -14.0657756
  -67.4963681  -14.0673987
  -67.4973822  -14.0683573
  -67.4992019  -14.0696723
  -67.5017487  -14.0705262
  -67.5050369  -14.0710901
  -67.5091082  -14.0708944
  -67.5150563  -14.0702366
  -67.5170386  -14.0702221
  -67.5189068  -14.0708248
  -67.5207591  -14.0720611
  -67.5218232  -14.0739249
  -67.5222674  -14.0758204
  -67.5218012  -14.0804706
  -67.5198497  -14.0836047
  -67.5140682  -14.0857316
  -67.5076969  -14.0864027
  -67.5032057  -14.087485
  -67.4990056  -14.0901422
  -67.4962546  -14.0943915
  -67.4963952  -14.0995346
  -67.497977   -14.1060551
  -67.5005819  -14.1129381
  -67.5065714  -14.1198843
  -67.5201338  -14.1375784
  -67.5245073  -14.1445427
  -67.5299243  -14.1584725
  -67.5361787  -14.1725403
  -67.5390705  -14.1805832
  -67.5398864  -14.1851294
  -67.5403829  -14.1901205
  -67.5397006  -14.1953806
  -67.5378574  -14.2020427
  -67.5359232  -14.2056649
  -67.5334752  -14.2090842
  -67.530484   -14.2118434
  -67.5267016  -14.2140449
  -67.5218746  -14.2134622
  -67.5176949  -14.2121357
  -67.5136624  -14.2096085
  -67.5085118  -14.2057409
  -67.5032026  -14.2036836
  -67.4996819  -14.2034264
  -67.4966788  -14.203892
  -67.494554   -14.2045905
  -67.4924687  -14.2063443
  -67.4917636  -14.2081062
  -67.4914069  -14.2098331
  -67.4923286  -14.2127721
  -67.4935162  -14.214449
  -67.4960956  -14.2164989
  -67.5019805  -14.2195566
  -67.5081798  -14.2223736
  -67.513022   -14.2245844
  -67.5189136  -14.2303823
  -67.5207457  -14.2329932
  -67.5220433  -14.2354646
  -67.5226933  -14.2378867
  -67.5238138  -14.2404574
  -67.5250192  -14.2443587
  -67.5253447  -14.2475412
  -67.5251196  -14.2506043
  -67.5235148  -14.2561221
  -67.5219763  -14.2594987
  -67.5200053  -14.2627821
  -67.5169137  -14.2662762
  -67.5137178  -14.2684136
  -67.5109258  -14.2694199
  -67.5061374  -14.2705716
  -67.5017935  -14.2703164
  -67.4963219  -14.2687208
  -67.4910692  -14.2657047
  -67.4860649  -14.2650189
  -67.4819209  -14.2654148
  -67.4780626  -14.2673639
  -67.4753578  -14.2704244
  -67.4728664  -14.2740702
  -67.4712608  -14.2769626
  -67.4701866  -14.280641
  -67.4700562  -14.2847467
  -67.4698802  -14.2879725
  -67.4697167  -14.2909387
  -67.469957   -14.2935331
  -67.4707328  -14.296034
  -67.4742828  -14.2998841
  -67.4784942  -14.3012719
  -67.4810616  -14.3014751
  -67.4832646  -14.301298
  -67.4860639  -14.2995874
  -67.4879166  -14.2964543
  -67.4894112  -14.2917546
  -67.4899921  -14.2868006
  -67.4906312  -14.2842406
  -67.4919387  -14.2823464
  -67.4935825  -14.2806966
  -67.4977466  -14.2797646
  -67.501455   -14.280484
  -67.5053781  -14.2822666
  -67.5092127  -14.2839585
  -67.5123486  -14.2866527
  -67.515025   -14.2894975
  -67.5171022  -14.2917175
  -67.5205536  -14.2960177
  -67.5225901  -14.2990824
  -67.5259806  -14.3045211
  -67.5302973  -14.3120498
  -67.5350516  -14.3190068
  -67.5377478  -14.3222574
  -67.5442108  -14.327652
  -67.5544492  -14.3330831
  -67.5582466  -14.3350985
  -67.5605323  -14.336637
  -67.5626015  -14.3381146
  -67.5640309  -14.3405891
  -67.5649282  -14.3429615
  -67.5646852  -14.3451459
  -67.564137   -14.3462582
  -67.5632356  -14.3472166
  -67.5611652  -14.3474063
  -67.5594339  -14.3469499
  -67.5568051  -14.3460379
  -67.5549935  -14.3445855
  -67.5532739  -14.3433924
  -67.5507624  -14.3420646
  -67.5476071  -14.3405764
  -67.5449567  -14.3398645
  -67.5423062  -14.3398595
  -67.5394138  -14.3408742
  -67.5347126  -14.342863
  -67.5309567  -14.3454283
  -67.5290297  -14.3472895
  -67.5277566  -14.3492775
  -67.5270756  -14.3506651
  -67.5269832  -14.3521794
  -67.5275832  -14.3549228
  -67.5291228  -14.3573511
  -67.5314798  -14.3582271
  -67.5351332  -14.358716
  -67.540222   -14.3595638
  -67.547876   -14.3593442
  -67.5512691  -14.3590512
  -67.5539991  -14.3593805
  -67.556761   -14.3610784
  -67.5586955  -14.3631328
  -67.5608879  -14.3661748
  -67.5615656  -14.3691369
END
END
