polygon
1
  6.802571     45.7783901
  6.80295      45.7788295
  6.8030079    45.7797262
  6.8023534    45.7801351
  6.8021694    45.7803513
  6.8018792    45.7806952
  6.8016995    45.7809399
  6.801563     45.7812004
  6.8015322    45.7814326
  6.8015871    45.7817677
  6.8025501    45.7838145
  6.8030451    45.7861427
  6.8031395    45.7863796
  6.8035948    45.7878162
  6.8039274    45.7898661
  6.8045604    45.791295
  6.8056118    45.7924919
  6.8067384    45.793255
  6.8078649    45.793427
  6.809206     45.7930156
  6.8104935    45.7929557
  6.8111495    45.7930164
  6.8119157    45.7933939
  6.8133179    45.7940174
  6.8139529    45.7943915
  6.8144689    45.7947828
  6.8144942    45.7948683
  6.81449      45.794983
  6.8144149    45.7950942
  6.8131447    45.7957188
  6.8128642    45.7963853
  6.8127184    45.7966915
  6.8124413    45.7969971
  6.8118024    45.797515
  6.8114356    45.797883
  6.8113338    45.7981329
  6.8141684    45.8044591
  6.8157425    45.8070371
  6.816054     45.8106451
  6.8158446    45.8109952
  6.81215      45.8122914
  6.8087573    45.8134809
  6.8067605    45.8176504
  6.806716     45.8178727
  6.8066925    45.8181146
  6.8067678    45.8183152
  6.8071119    45.8187818
  6.8077875    45.8196682
  6.8080769    45.8200459
  6.8083493    45.8204097
  6.8090746    45.8213629
  6.8092867    45.8216479
  6.8098162    45.8223384
  6.8101547    45.8227762
  6.8104947    45.8232164
  6.81093      45.8237804
  6.8111873    45.8241221
  6.8113442    45.8242469
  6.8115255    45.824402
  6.8122163    45.8249548
  6.8128146    45.8254767
  6.8134111    45.8259709
  6.8135117    45.8261452
  6.8139276    45.8269406
  6.8143105    45.8276718
  6.814661     45.8283392
  6.8148124    45.8286188
  6.8149515    45.8289017
  6.8151553    45.8292802
  6.8153108    45.8295412
  6.8155551    45.8299534
  6.8159018    45.8305538
  6.8162922    45.8312217
  6.8166619    45.831842
  6.8165939    45.8333335
  6.8170706    45.8340899
  6.8174304    45.8346651
  6.8177724    45.8351997
  6.8179543    45.8354908
  6.8180712    45.8356741
  6.8182446    45.8359381
  6.8186769    45.8360523
  6.8191785    45.8362597
  6.8194225    45.8364242
  6.8197649    45.8365818
  6.8200177    45.8366661
  6.8204123    45.8368072
  6.8208763    45.8369736
  6.8212518    45.8371473
  6.821681     45.8373379
  6.8222737    45.8375528
  6.8227163    45.8376332
  6.8232796    45.8376874
  6.8239045    45.8377285
  6.8243551    45.8377734
  6.8245858    45.8378668
  6.825192     45.8379864
  6.8254924    45.8379826
  6.8262561    45.8381144
  6.8265264    45.8381219
  6.8273431    45.8380471
  6.8285581    45.8379023
  6.8294057    45.8376967
  6.8304048    45.8372025
  6.8330787    45.836987
  6.8353188    45.8382182
  6.8355404    45.8383975
  6.8372714    45.8397976
  6.839181     45.8400615
  6.8402109    45.8408135
  6.8419122    45.8416472
  6.8424977    45.8423912
  6.8434727    45.8425807
  6.8451636    45.8419861
  6.8461675    45.8416272
  6.8508795    45.8390851
  6.8536325    45.8372538
  6.8536903    45.8371702
  6.854087     45.8365616
  6.85435      45.8361531
  6.8553305    45.8353263
  6.8557336    45.8350632
  6.8561736    45.834823
  6.856415     45.8347178
  6.8567878    45.8345935
  6.8570348    45.8344911
  6.8574742    45.8343455
  6.8577979    45.8341941
  6.858076     45.8340426
  6.8582618    45.8339029
  6.8587529    45.8334266
  6.8591828    45.8331211
  6.8594541    45.8329853
  6.8596186    45.8328889
  6.8601766    45.8325452
  6.8603251    45.8325007
  6.8609545    45.8324719
  6.8615535    45.8324708
  6.8621218    45.8324848
  6.8626792    45.8324985
  6.8638212    45.8325601
  6.8651706    45.8327057
  6.8653601    45.8333115
  6.8665267    45.8349124
  6.8683075    45.8371336
  6.8685441    45.8383136
  6.8688306    45.8391291
  6.8693536    45.8393547
  6.8724888    45.8395947
  6.8726571    45.8396076
  6.8731182    45.8398634
  6.8734688    45.8401864
  6.8738192    45.840528
  6.8739708    45.8408933
  6.8740048    45.8409942
  6.87419      45.8415866
  6.8742906    45.8419084
  6.8745899    45.8422593
  6.8749228    45.842639
  6.8752399    45.842998
  6.874935     45.8434603
  6.8747839    45.8437158
  6.8750114    45.8441637
  6.8743933    45.8448543
  6.8740045    45.8453004
  6.8737252    45.8456202
  6.8740307    45.8457694
  6.874557     45.846017
  6.8749784    45.8462193
  6.8758965    45.8469814
  6.876223     45.8472597
  6.8764887    45.8474582
  6.8769089    45.8477227
  6.8774819    45.8480601
  6.8778986    45.8482921
  6.8784192    45.8485691
  6.8800379    45.8492975
  6.8803855    45.8493986
  6.8806352    45.8494696
  6.8809568    45.8495614
  6.8817492    45.849821
  6.8818611    45.8497926
  6.8820139    45.8497547
  6.8822273    45.8497012
  6.8826475    45.849597
  6.8828342    45.8494957
  6.8830662    45.8493686
  6.8832207    45.8492636
  6.8837459    45.8489012
  6.884205     45.8485839
  6.8844884    45.8483847
  6.8849977    45.8480307
  6.8853763    45.8476037
  6.8857619    45.847149
  6.8865705    45.8470707
  6.8881597    45.8463311
  6.8887324    45.8458015
  6.8889947    45.845579
  6.8894331    45.8452054
  6.8895681    45.8450694
  6.889739     45.8448987
  6.8901828    45.8446511
  6.8907239    45.844426
  6.8914049    45.8441735
  6.8919214    45.8438721
  6.8924914    45.8436145
  6.8929754    45.843429
  6.8933512    45.8431992
  6.8934663    45.8430567
  6.8935459    45.8429579
  6.8947024    45.8426157
  6.8957416    45.842353
  6.8969042    45.8423984
  6.8998727    45.8425254
  6.9005193    45.8425697
  6.9009552    45.8425094
  6.9015733    45.8424003
  6.9022155    45.8423524
  6.9027269    45.8422426
  6.9031987    45.8422272
  6.9037218    45.8422329
  6.9042512    45.8423394
  6.90467      45.8424594
  6.9051542    45.8426313
  6.9057107    45.8430893
  6.9061202    45.8430921
  6.9067973    45.8431336
  6.9070645    45.8432692
  6.9075331    45.8439992
  6.9081805    45.8436271
  6.9086049    45.8432382
  6.908987     45.8428493
  6.9091208    45.8425936
  6.9094012    45.8423318
  6.9099718    45.8419632
  6.9111213    45.8413238
  6.9117524    45.8409771
  6.9122225    45.8407467
  6.912737     45.8406203
  6.9132016    45.8406008
  6.9137597    45.8405926
  6.9142131    45.840703
  6.9145722    45.8408397
  6.9146527    45.8408826
  6.9149037    45.8410195
  6.9152715    45.8412915
  6.9155437    45.8415438
  6.9156154    45.8416181
  6.9159073    45.841982
  6.9161604    45.842373
  6.9162812    45.8429203
  6.9161832    45.843465
  6.9162583    45.8437939
  6.9165587    45.8441377
  6.9168377    45.844474
  6.9171595    45.8447655
  6.9176853    45.8448178
  6.9180704    45.8447609
  6.9185576    45.8450449
  6.9188016    45.8451165
  6.9190439    45.845188
  6.9193482    45.8453709
  6.9195628    45.845625
  6.9203353    45.8459015
  6.9209146    45.846193
  6.9212901    45.8465891
  6.9213852    45.8467414
  6.9219339    45.8476204
  6.9246161    45.8476877
  6.9266178    45.8470814
  6.9269972    45.8468605
  6.9273598    45.8470641
  6.9277414    45.8472691
  6.9280052    45.8473003
  6.9282189    45.8472965
  6.9283601    45.8471899
  6.928528     45.8469693
  6.9287442    45.8465667
  6.93022      45.8464253
  6.9304877    45.8465124
  6.930666     45.8464341
  6.930825     45.8463655
  6.931004     45.8462867
  6.9314322    45.8460984
  6.9317034    45.8459559
  6.9319228    45.8459902
  6.9322655    45.845846
  6.9325184    45.8459593
  6.9348048    45.84754
  6.9386773    45.8478617
  6.9416143    45.847641
  6.9424978    45.8483494
  6.9425923    45.8489498
  6.9424318    45.8495824
  6.941931     45.8505037
  6.9415062    45.8511911
  6.942113     45.8513456
  6.9432116    45.8517121
  6.9442243    45.8520787
  6.9449804    45.8524315
  6.9455435    45.8527703
  6.9457669    45.8529526
  6.9458469    45.8530186
  6.9459698    45.8532819
  6.9460877    45.8535919
  6.9466642    45.8541584
  6.9470838    45.854505
  6.9471731    45.854904
  6.9472199    45.8553892
  6.9473612    45.8557645
  6.9475478    45.8558918
  6.9478496    45.8560976
  6.9481439    45.8562756
  6.948481     45.8564769
  6.9487088    45.8567813
  6.9489646    45.8571524
  6.9492785    45.8572326
  6.9498588    45.8574607
  6.9501742    45.857822
  6.9506445    45.8582169
  6.95109      45.8586093
  6.9514357    45.8590066
  6.9514233    45.8596587
  6.951317     45.860651
  6.9514719    45.8610028
  6.9518096    45.8616766
  6.9520642    45.8616474
  6.9525604    45.8615301
  6.9532243    45.8614354
  6.9540814    45.8613753
  6.954389     45.8614091
  6.9545277    45.861424
  6.9548217    45.8614018
  6.9550151    45.8613881
  6.9551982    45.8613488
  6.9553911    45.8613074
  6.9555061    45.8612823
  6.9558447    45.8611407
  6.9562277    45.8610572
  6.9569745    45.8609866
  6.9575985    45.860894
  6.9577185    45.8610287
  6.9578058    45.8611607
  6.9578947    45.8612928
  6.9579464    45.8613308
  6.957996     45.861367
  6.9582185    45.8615281
  6.9583722    45.8616127
  6.9586268    45.8617511
  6.9589875    45.8619028
  6.959183     45.8619136
  6.9593767    45.8619249
  6.9596261    45.8619239
  6.9597753    45.8619534
  6.9599346    45.8619849
  6.9599716    45.8621023
  6.9601837    45.8622829
  6.9603763    45.8624389
  6.9607799    45.8627548
  6.9617521    45.8633781
  6.9621143    45.8635442
  6.9625248    45.8637123
  6.9628772    45.8637785
  6.9632627    45.8637926
  6.9637769    45.8638305
  6.9643025    45.8639183
  6.9649903    45.864033
  6.9660888    45.8641888
  6.966861     45.8642922
  6.9673802    45.8642246
  6.9678945    45.8641793
  6.9683383    45.8646326
  6.968978     45.8654216
  6.9692503    45.8658446
  6.9694864    45.8664163
  6.9699664    45.866551
  6.9705108    45.8666876
  6.9717209    45.8669454
  6.9724351    45.8670767
  6.9727433    45.8671875
  6.9731946    45.8673742
  6.973271     45.8674059
  6.9739611    45.8676745
  6.974672     45.867973
  6.9749487    45.8680055
  6.9753281    45.868045
  6.975975     45.8682072
  6.9764766    45.8682994
  6.976928     45.8683775
  6.977488     45.8685119
  6.9778602    45.8685716
  6.9781958    45.8686225
  6.9788222    45.8686687
  6.9790246    45.8686839
  6.9797236    45.8686686
  6.9799846    45.8686737
  6.9805333    45.8687197
  6.9813589    45.868921
  6.98199      45.8690474
  6.9824794    45.8691377
  6.9827511    45.8690401
  6.9830771    45.8690054
  6.983414     45.8689269
  6.984148     45.8686701
  6.9850824    45.8686356
  6.9859876    45.8686207
  6.9870291    45.8686043
  6.9881768    45.8685846
  6.988685     45.8683243
  6.9889831    45.8681562
  6.9891845    45.8680382
  6.989587     45.8679467
  6.9898109    45.8679104
  6.9905623    45.8682352
  6.9909245    45.868407
  6.9913404    45.8686235
  6.991838     45.8689319
  6.9925634    45.8694689
  6.9927834    45.8699536
  6.9928977    45.8703008
  6.993232     45.8708792
  6.9934096    45.8711006
  6.9937256    45.8712279
  6.9940673    45.871289
  6.9944519    45.8713078
  6.9948105    45.871427
  6.9949341    45.8715349
  6.9951139    45.871613
  6.9953664    45.8716902
  6.9955465    45.8718201
  6.9957531    45.8718056
  6.9962162    45.8717936
  6.9964888    45.8718994
  6.9968237    45.8722456
  6.9970278    45.8725054
  6.9971936    45.872579
  6.9975359    45.8726521
  6.9978312    45.8727119
  6.9979534    45.8730054
  6.9980999    45.8731085
  6.998345     45.8732075
  6.9985224    45.8733529
  6.9989432    45.8734408
  6.9990711    45.8735189
  6.9992464    45.8739814
  6.9993099    45.8745144
  6.9993501    45.8750167
  6.9993055    45.8753187
  6.9989468    45.8761629
  6.9987347    45.8766561
  6.9985132    45.8770746
  6.9985086    45.8774128
  6.9984573    45.8778062
  6.9983737    45.8781003
  6.9984609    45.8782427
  6.9986684    45.8784542
  6.9987759    45.8786583
  6.998986     45.8788303
  6.9994062    45.8790217
  6.999633     45.8791913
  6.9998842    45.8796615
  7.0002147    45.8801861
  7.0004853    45.8805142
  7.0006426    45.8807976
  7.0009742    45.880988
  7.0012263    45.8811734
  7.0013978    45.8813877
  7.0017613    45.88142
  7.0021123    45.8814928
  7.0023557    45.8816507
  7.0028824    45.8823683
  7.0031234    45.8827204
  7.0035101    45.8828887
  7.0043779    45.8833999
  7.0048183    45.8837246
  7.0051291    45.8840233
  7.0053237    45.8843976
  7.0054995    45.8847643
  7.0056437    45.885245
  7.0055387    45.886027
  7.0056582    45.8861138
  7.0058937    45.8863365
  7.0060675    45.8865293
  7.0063185    45.886822
  7.0064743    45.8870222
  7.0064395    45.8871837
  7.0061874    45.8874469
  7.0051765    45.8883048
  7.0045942    45.8888489
  7.0044534    45.8890541
  7.0043458    45.8895163
  7.0042282    45.8897709
  7.0039549    45.8899204
  7.0036976    45.8901381
  7.0036605    45.8901679
  7.0036372    45.8904407
  7.0036191    45.8906572
  7.0036023    45.8909632
  7.0035326    45.8910929
  7.0034361    45.891273
  7.0032135    45.8915035
  7.0031259    45.8917199
  7.0032134    45.8918795
  7.0032799    45.8921455
  7.0031539    45.8926479
  7.002974     45.8930555
  7.0028009    45.893416
  7.0026607    45.8938991
  7.0026043    45.894547
  7.0024833    45.8952939
  7.0025247    45.8954703
  7.0025427    45.8957344
  7.0025165    45.8959654
  7.0025151    45.8960663
  7.0025323    45.8963525
  7.003272     45.8979455
  7.003416     45.8982436
  7.0036672    45.8986648
  7.0037836    45.8990539
  7.0037821    45.899499
  7.0040949    45.8997896
  7.0044057    45.9001458
  7.0045945    45.9002674
  7.0049062    45.9003894
  7.0053155    45.9006478
  7.0057809    45.9009842
  7.0061723    45.9011609
  7.0066097    45.9013696
  7.0067488    45.9014983
  7.0067948    45.9017415
  7.0066814    45.9024795
  7.0067641    45.9026622
  7.007225     45.9030697
  7.0074568    45.9034337
  7.007677     45.9037985
  7.0079178    45.9039939
  7.0081978    45.9040601
  7.0086888    45.9042053
  7.0096355    45.9051432
  7.0099997    45.9051898
  7.0104714    45.9052364
  7.0105584    45.905328
  7.0105702    45.9054827
  7.0105304    45.9056739
  7.0106386    45.9058628
  7.0109       45.9060266
  7.0112508    45.9061564
  7.0115575    45.9062162
  7.0123232    45.9064928
  7.012603     45.906559
  7.0128533    45.906514
  7.0132822    45.9064927
  7.013705     45.9065061
  7.0141432    45.9065539
  7.0142176    45.9069951
  7.0143262    45.9073886
  7.0143808    45.9077357
  7.0143001    45.908037
  7.0144282    45.9081131
  7.0145328    45.9083518
  7.0142503    45.9084801
  7.0142185    45.9086171
  7.0143931    45.9087241
  7.0147063    45.9087653
  7.0147131    45.9089186
  7.0146375    45.9091267
  7.0143872    45.9094182
  7.0141209    45.9097619
  7.0149588    45.9103449
  7.0159046    45.9109402
  7.0164243    45.9112504
  7.0177361    45.912246
  7.0180089    45.9124866
  7.0182716    45.9127414
  7.0184892    45.9130302
  7.01857      45.9132365
  7.0184319    45.9133403
  7.0181455    45.9134875
  7.0180935    45.9136241
  7.0181482    45.9138919
  7.0182178    45.9140636
  7.018178     45.9142534
  7.0182171    45.9143064
  7.0195067    45.9148418
  7.0201573    45.9154347
  7.0207803    45.9160024
  7.0220474    45.9168124
  7.0224691    45.9168073
  7.0228438    45.9167821
  7.0235277    45.9166461
  7.0242018    45.9164659
  7.0243376    45.916895
  7.0244072    45.9172427
  7.0246106    45.9173729
  7.0249019    45.9175427
  7.0253939    45.9176176
  7.0256122    45.9177772
  7.0258762    45.9178981
  7.0262219    45.9180434
  7.026451     45.9182377
  7.0266719    45.9184769
  7.0268496    45.9187628
  7.0270061    45.9190807
  7.0274587    45.919213
  7.0279441    45.9193453
  7.0284254    45.9195016
  7.0287441    45.9195547
  7.0290374    45.9197624
  7.0292322    45.9199443
  7.0294476    45.9199998
  7.0299393    45.9201057
  7.0304356    45.9202419
  7.0306821    45.9204124
  7.0309258    45.9205951
  7.0310586    45.9206211
  7.0320301    45.9208191
  7.0332873    45.9211716
  7.0335801    45.9212094
  7.0344147    45.9212075
  7.0346514    45.9212068
  7.0352098    45.9213093
  7.0355362    45.9212479
  7.0358373    45.9211394
  7.0362259    45.9209615
  7.0365051    45.9208596
  7.0369353    45.9208494
  7.0374609    45.9208078
  7.0378621    45.9208023
  7.03817      45.9212942
  7.0384666    45.9216123
  7.0387012    45.9218086
  7.0389524    45.921941
  7.0392272    45.9220907
  7.0395166    45.922198
  7.0398968    45.9224651
  7.040222     45.9226776
  7.0405117    45.9229048
  7.0407122    45.9230235
  7.0413077    45.9229227
  7.0419778    45.9228055
  7.0426419    45.9226647
  7.0431411    45.9225515
  7.0435126    45.9225492
  7.0440421    45.9225461
  7.0444709    45.9224827
  7.0451272    45.9223882
  7.0453671    45.9223175
  7.0455335    45.9221117
  7.0457146    45.9220391
  7.046165     45.9219579
  7.0464037    45.9218247
  7.0465258    45.9217086
  7.0467846    45.921554
  7.0469106    45.9213942
  7.047021     45.9213547
  7.0472312    45.9212182
  7.0474679    45.9209966
  7.0475151    45.9208539
  7.0474713    45.9207037
  7.0475494    45.9201471
  7.048516     45.9194026
  7.04895      45.9191642
  7.0491751    45.919105
  7.049254     45.9189889
  7.0494313    45.9189141
  7.0493927    45.9186906
  7.0495419    45.9185812
  7.0496927    45.9183401
  7.0498245    45.9182192
  7.0501365    45.9177391
  7.0502189    45.9177051
  7.0502902    45.9177131
  7.050853     45.9175783
  7.050995     45.917488
  7.0512887    45.9171362
  7.0517343    45.9169215
  7.0517551    45.9168461
  7.0518723    45.91678
  7.0519283    45.9166618
  7.0521791    45.9165233
  7.0524243    45.9162747
  7.0525361    45.9162164
  7.0527206    45.9160217
  7.0529633    45.9158959
  7.0530141    45.9158102
  7.0530137    45.9157219
  7.0530916    45.9156037
  7.0539963    45.9152367
  7.0542096    45.9152058
  7.0543675    45.9152391
  7.0545643    45.9149803
  7.0548423    45.9148358
  7.0555228    45.9146031
  7.0558646    45.914294
  7.0560113    45.9142614
  7.0561005    45.9142043
  7.0561946    45.9141811
  7.0565483    45.9142068
  7.0567502    45.9141623
  7.0569758    45.9140533
  7.0571931    45.914031
  7.0573359    45.914074
  7.0578427    45.9138917
  7.0579638    45.9137619
  7.0582126    45.913606
  7.0587136    45.9135919
  7.059031     45.9136458
  7.0594938    45.9134559
  7.0600753    45.9134468
  7.0603013    45.9134746
  7.060483     45.9134304
  7.0605681    45.9133899
  7.0608342    45.9131138
  7.0611338    45.9126732
  7.0612054    45.9123807
  7.0615432    45.911955
  7.0618473    45.9118249
  7.0618976    45.9115974
  7.0621568    45.9114502
  7.0621646    45.9113957
  7.0625643    45.9112774
  7.0627544    45.91118
  7.0628996    45.9111596
  7.0630205    45.9109606
  7.0629022    45.9108165
  7.0629502    45.9104933
  7.0633146    45.9101629
  7.0635802    45.9100054
  7.0637509    45.9098382
  7.0639267    45.9097248
  7.0641252    45.9096423
  7.0644273    45.9093729
  7.0644805    45.9092768
  7.0644758    45.9092147
  7.0644264    45.9091615
  7.0644383    45.9088795
  7.0643984    45.908713
  7.0644384    45.9086185
  7.0643671    45.9084084
  7.064446     45.9080694
  7.0643706    45.9076661
  7.0643081    45.9075506
  7.0642331    45.9072848
  7.0640853    45.9070867
  7.0639253    45.906706
  7.0638983    45.906298
  7.0637373    45.9059608
  7.0637995    45.9058629
  7.0639174    45.9054973
  7.0639212    45.9048736
  7.0640214    45.9045755
  7.0642572    45.9043025
  7.0642791    45.9040972
  7.0641875    45.9036933
  7.0640501    45.9036075
  7.0640296    45.9030917
  7.0639872    45.9029294
  7.0640071    45.9028785
  7.0640483    45.9028601
  7.0640339    45.9027909
  7.0640846    45.9027563
  7.0640956    45.9025735
  7.0641657    45.902504
  7.0641744    45.9023635
  7.0640862    45.902054
  7.0640942    45.9017101
  7.0641417    45.9015501
  7.0641383    45.9012533
  7.0641628    45.9011611
  7.0642543    45.9010723
  7.0642145    45.9009726
  7.0642339    45.900899
  7.0641909    45.9007279
  7.064213     45.9005942
  7.0642043    45.9000777
  7.0655788    45.8996868
  7.067837     45.8989264
  7.0682201    45.898549
  7.0684878    45.8982088
  7.0698002    45.8980234
  7.0696573    45.8973828
  7.0698663    45.897174
  7.070495     45.8969626
  7.0707431    45.8966902
  7.0708029    45.8964363
  7.0715318    45.8959789
  7.07312      45.8953855
  7.0737542    45.8951932
  7.0740778    45.8950555
  7.0742008    45.8949784
  7.0743616    45.8949911
  7.0745667    45.8949673
  7.0749323    45.8949999
  7.0750967    45.894973
  7.0753805    45.8949957
  7.0757217    45.8951152
  7.0761173    45.8950873
  7.0766053    45.8951822
  7.0765998    45.8944631
  7.0766862    45.8932621
  7.0762923    45.8916145
  7.0765762    45.890973
  7.0764267    45.8905635
  7.0764254    45.8902968
  7.0765336    45.8901223
  7.0767867    45.8899495
  7.0771472    45.8896101
  7.0775871    45.8891258
  7.077807     45.8890914
  7.0778487    45.8889938
  7.0782178    45.8888859
  7.0783673    45.8887066
  7.0784109    45.8883677
  7.0787352    45.8881109
  7.0788147    45.8880855
  7.0788437    45.887873
  7.0789641    45.8877138
  7.0790874    45.8876453
  7.0791082    45.887433
  7.0792273    45.887338
  7.0791942    45.8867208
  7.0792231    45.8862432
  7.0794203    45.8859287
  7.0796611    45.8856832
  7.0800888    45.8851377
  7.0803014    45.8850902
  7.0805959    45.8851208
  7.0807325    45.8849615
  7.0807814    45.8847973
  7.08098      45.8846228
  7.0810088    45.8844791
  7.0818126    45.8839968
  7.0822455    45.8839629
  7.0824994    45.8838689
  7.0827624    45.8838425
  7.0837777    45.8836439
  7.084087     45.8835589
  7.0842523    45.8833884
  7.0852385    45.8830565
  7.0853998    45.883037
  7.0854598    45.8829047
  7.0857094    45.8825863
  7.0859026    45.8825188
  7.0860732    45.8823527
  7.0862676    45.8822483
  7.0869867    45.8814743
  7.0873156    45.8811747
  7.0879756    45.8810167
  7.0882429    45.8808876
  7.0885227    45.8807878
  7.0891179    45.8806615
  7.0894512    45.8802493
  7.0896087    45.8799735
  7.0901953    45.8796674
  7.0903865    45.8795337
  7.0904863    45.879395
  7.0906877    45.879331
  7.0907582    45.8792132
  7.0909019    45.8791853
  7.0911143    45.8789688
  7.0912266    45.8789006
  7.091352     45.8787514
  7.0916187    45.8786856
  7.0917641    45.8785773
  7.0919511    45.8785124
  7.0920374    45.8784575
  7.0921182    45.8783423
  7.0922163    45.8782872
  7.0924471    45.8782111
  7.0924995    45.8781294
  7.0924478    45.8780104
  7.0929862    45.8777992
  7.0931218    45.8777169
  7.0933173    45.8775313
  7.0934024    45.8775124
  7.0936183    45.8771864
  7.0938122    45.8769626
  7.0938032    45.8768665
  7.0940688    45.8766322
  7.0944188    45.8764157
  7.0945765    45.876267
  7.0947751    45.876129
  7.0952386    45.8758693
  7.0954321    45.875863
  7.0951101    45.8757833
  7.0946973    45.8754313
  7.0944452    45.8752889
  7.0937344    45.874678
  7.093529     45.8744634
  7.0934252    45.8743372
  7.0933558    45.8740808
  7.0930051    45.8734222
  7.0927198    45.8731684
  7.092356     45.8727483
  7.0922867    45.8723815
  7.0921996    45.8721802
  7.0920825    45.8720646
  7.0923707    45.8718827
  7.0929026    45.871611
  7.0932164    45.8715315
  7.0933185    45.8714624
  7.0937813    45.8713499
  7.0938535    45.8709058
  7.0939523    45.8708365
  7.0942541    45.8707345
  7.0943622    45.8705951
  7.0946067    45.8705213
  7.0945361    45.8701558
  7.0947496    45.8699019
  7.0947008    45.8697371
  7.0948156    45.8695113
  7.0949287    45.8694887
  7.0952103    45.8693059
  7.0953521    45.8689808
  7.0956471    45.8687047
  7.0956849    45.8685868
  7.0958549    45.8685439
  7.0958844    45.8684876
  7.0959785    45.868419
  7.0961934    45.8683328
  7.0963753    45.868177
  7.0963954    45.8680895
  7.0962069    45.8678602
  7.0963288    45.867631
  7.096384     45.8673592
  7.0964578    45.8673086
  7.0964813    45.8672417
  7.0964017    45.8669532
  7.0963992    45.8667919
  7.0964571    45.8667019
  7.0966425    45.8666834
  7.096658     45.8664019
  7.0969196    45.8663124
  7.0968903    45.8662459
  7.0969397    45.8661632
  7.0970101    45.8661243
  7.0970737    45.8660434
  7.0971008    45.8658787
  7.0969913    45.865484
  7.0970771    45.8652882
  7.0972042    45.865206
  7.097352     45.8650004
  7.0973564    45.8649027
  7.0972382    45.8647525
  7.0972684    45.8646689
  7.0972624    45.8645637
  7.0976488    45.8642283
  7.0978051    45.8641614
  7.0977832    45.864074
  7.097843     45.8639928
  7.0979632    45.8639521
  7.0979649    45.8638586
  7.0980085    45.8638107
  7.0980219    45.8637252
  7.0979054    45.8635817
  7.0978576    45.8634148
  7.0977849    45.8633491
  7.0976512    45.8633075
  7.0975269    45.863162
  7.0975312    45.8631021
  7.09745      45.8629373
  7.0974174    45.8627645
  7.0974246    45.8624658
  7.0974638    45.8623999
  7.0976588    45.862237
  7.0979108    45.8619373
  7.0980824    45.861808
  7.0981605    45.8616778
  7.0984533    45.8616172
  7.0985158    45.861548
  7.098504     45.8614486
  7.0987629    45.8612797
  7.0988276    45.8611712
  7.0989471    45.8611223
  7.0990665    45.8611371
  7.0992727    45.8611086
  7.0993852    45.8610709
  7.0997289    45.8610687
  7.0999255    45.8610214
  7.1001468    45.8607524
  7.1001278    45.8606994
  7.100158     45.8605135
  7.1005073    45.860362
  7.1004507    45.8601646
  7.1004806    45.8600416
  7.1007276    45.8596334
  7.1009407    45.8595586
  7.1010925    45.8594296
  7.1011452    45.8593696
  7.1011398    45.8592788
  7.1013339    45.859263
  7.1013519    45.8592223
  7.1015013    45.8591836
  7.1017334    45.859274
  7.1018843    45.8592921
  7.1021119    45.8592237
  7.1023227    45.8592365
  7.1024517    45.8592783
  7.1026657    45.8592444
  7.1029291    45.8593156
  7.1029954    45.8594069
  7.1030538    45.8594399
  7.1031929    45.8594657
  7.103233     45.8594668
  7.1033618    45.8593739
  7.103696     45.8592942
  7.1037867    45.8594153
  7.103868     45.8594312
  7.1040629    45.8593787
  7.1041722    45.8593039
  7.104966     45.8590773
  7.1057452    45.8588083
  7.1061247    45.8587672
  7.1067745    45.858738
  7.1071431    45.8586256
  7.1074337    45.8584355
  7.1076685    45.858408
  7.1078729    45.8583545
  7.10813      45.8583963
  7.1084936    45.8582673
  7.1088057    45.8581851
  7.1089802    45.8581967
  7.1091625    45.8582825
  7.1098469    45.8584649
  7.1099432    45.8585379
  7.1103236    45.8587169
  7.1105978    45.8587862
  7.1110362    45.8588262
  7.1112969    45.8590098
  7.1115052    45.8590615
  7.1116966    45.8591537
  7.1120205    45.8594181
  7.1122399    45.8594969
  7.1127652    45.8595844
  7.113002     45.8595812
  7.1132371    45.8594671
  7.1134711    45.8594988
  7.1135353    45.8594153
  7.1137459    45.8594772
  7.113899     45.8594523
  7.1141276    45.8594926
  7.1142228    45.8594779
  7.1142575    45.8595414
  7.1144789    45.8595275
  7.1146601    45.8596441
  7.1148068    45.8595219
  7.1151568    45.8593523
  7.1153032    45.8593136
  7.1154817    45.859311
  7.1157358    45.8592741
  7.1160305    45.8593185
  7.1161635    45.8592783
  7.1164074    45.8593442
  7.1165998    45.8593551
  7.1166816    45.859328
  7.1170977    45.8593722
  7.1176611    45.8593587
  7.1178806    45.8592669
  7.1181601    45.8593501
  7.1182672    45.8594085
  7.1184537    45.8594417
  7.1185069    45.8595416
  7.1187628    45.8597516
  7.1189757    45.8598478
  7.1191726    45.860089
  7.1193125    45.860315
  7.1194577    45.860429
  7.1195765    45.8605984
  7.1197101    45.8606987
  7.1199012    45.8607626
  7.120021     45.8609315
  7.1201184    45.8609846
  7.1201172    45.861052
  7.1202812    45.8611817
  7.1202694    45.8612811
  7.1204594    45.8614837
  7.1209789    45.8618368
  7.1211053    45.8618501
  7.1213435    45.8620385
  7.1213816    45.8621001
  7.1215082    45.862164
  7.1215185    45.8622053
  7.1216464    45.8622641
  7.121758     45.8623974
  7.1219243    45.8624565
  7.1220777    45.8626327
  7.1222508    45.8627741
  7.122614     45.863005
  7.1227178    45.8631154
  7.1230112    45.8632958
  7.1232745    45.8633176
  7.1233516    45.8633827
  7.1238643    45.8635392
  7.1243571    45.863915
  7.1243999    45.8639853
  7.1247652    45.8640651
  7.1249936    45.8640551
  7.1253263    45.8639275
  7.1254721    45.8639724
  7.1256935    45.8639523
  7.1257458    45.8638772
  7.1260302    45.863919
  7.1261752    45.8639182
  7.1263085    45.8639892
  7.1265712    45.863955
  7.1266235    45.8640033
  7.1265697    45.8643521
  7.1266974    45.8644752
  7.1268885    45.8645462
  7.1272183    45.8646045
  7.127386     45.8647396
  7.1275655    45.8647808
  7.1278455    45.8649288
  7.1279356    45.8650502
  7.1284428    45.8652485
  7.128653     45.8653659
  7.128757     45.865562
  7.1292478    45.8658698
  7.1297263    45.8664255
  7.1299583    45.8664637
  7.1300468    45.8665576
  7.130345     45.8666074
  7.1308314    45.8667808
  7.1311934    45.8667642
  7.1314309    45.866863
  7.1315247    45.867076
  7.131727     45.8672502
  7.1320128    45.8673822
  7.132281     45.8674409
  7.1324567    45.8676235
  7.1325531    45.8677846
  7.1326622    45.8678608
  7.1327738    45.8679975
  7.1328538    45.8681215
  7.1328703    45.8682147
  7.1331392    45.8682986
  7.133296     45.8684758
  7.133486     45.8686166
  7.1338186    45.8690872
  7.1338826    45.8692607
  7.1339222    45.8697488
  7.1338948    45.8697991
  7.1339046    45.8698738
  7.1337012    45.8700845
  7.1336318    45.8703474
  7.1334914    45.8704875
  7.1335632    45.8705776
  7.1335679    45.8706842
  7.1334673    45.8710258
  7.1336649    45.871183
  7.1338141    45.8713477
  7.1342025    45.8714845
  7.1343416    45.8716584
  7.1345507    45.8720415
  7.1347585    45.8720606
  7.1347804    45.8722735
  7.1351489    45.8725323
  7.1351967    45.872673
  7.135723     45.8728999
  7.1361155    45.8730307
  7.1361735    45.8730805
  7.1365473    45.8731461
  7.1368324    45.8732481
  7.1372357    45.873269
  7.1374018    45.8732233
  7.1375585    45.8732231
  7.1379413    45.8734415
  7.1383639    45.8736115
  7.1386058    45.8736057
  7.1392309    45.8737444
  7.1396486    45.8738815
  7.1398626    45.8740519
  7.1399262    45.8740538
  7.1399662    45.8741618
  7.1398945    45.8742402
  7.1399456    45.8744064
  7.1402538    45.874943
  7.1407982    45.8753364
  7.1413112    45.8754149
  7.1415408    45.8753662
  7.1418076    45.8754228
  7.1420019    45.8753581
  7.1423943    45.8755392
  7.1427293    45.8755798
  7.1429531    45.8754386
  7.143232     45.8753553
  7.1439286    45.8754769
  7.144029     45.8755093
  7.1441278    45.8756542
  7.1444567    45.8758101
  7.1446187    45.8758115
  7.1447714    45.875928
  7.1452059    45.8760265
  7.1453246    45.8760308
  7.1469457    45.876148
  7.1470455    45.8765168
  7.1473492    45.8765632
  7.1478536    45.8767287
  7.1478882    45.8768388
  7.1478743    45.8769118
  7.1477563    45.8769771
  7.1477808    45.8770397
  7.1484502    45.8771585
  7.1486746    45.8774402
  7.1495213    45.8776171
  7.1497682    45.8776483
  7.150085     45.8776323
  7.1503118    45.8776533
  7.1505318    45.8776363
  7.1515825    45.8778788
  7.1518032    45.8780446
  7.1519896    45.8781209
  7.1522167    45.8781418
  7.1523891    45.8782066
  7.1526979    45.8784628
  7.1532229    45.8786551
  7.1532725    45.8789333
  7.1535419    45.8792527
  7.15415      45.8792266
  7.1546188    45.8791607
  7.1552578    45.8791666
  7.1556464    45.8790999
  7.1560143    45.8791629
  7.1563598    45.8790843
  7.1566296    45.8791591
  7.1567442    45.8791167
  7.1569256    45.8789942
  7.1571297    45.8789422
  7.1573799    45.8789653
  7.1575518    45.878944
  7.1578308    45.8789481
  7.158099     45.8788325
  7.1586543    45.8787241
  7.159046     45.8786125
  7.1593427    45.87867
  7.1598808    45.8786481
  7.1602732    45.8786622
  7.1607256    45.8785237
  7.1608449    45.8784169
  7.1611296    45.878273
  7.161616     45.8781235
  7.1615932    45.8779745
  7.1617643    45.8779565
  7.1617829    45.8778632
  7.161905     45.8777339
  7.1621111    45.8776804
  7.1622068    45.8775618
  7.1623006    45.8775857
  7.1624123    45.8775466
  7.1626241    45.8772988
  7.1627491    45.8772369
  7.1628452    45.8771214
  7.1629015    45.8768856
  7.1635061    45.8768827
  7.1636862    45.8768547
  7.1637923    45.8768052
  7.1640341    45.8768456
  7.1641462    45.8768103
  7.1640789    45.8767178
  7.1640338    45.8764473
  7.1642779    45.8761856
  7.1644181    45.8760982
  7.1645542    45.8758999
  7.1645925    45.875743
  7.1645028    45.8754239
  7.1644378    45.8754068
  7.1642827    45.8751846
  7.1643388    45.8750588
  7.1644271    45.8749773
  7.16446      45.8746082
  7.1643359    45.8743606
  7.164253     45.8740316
  7.1642601    45.8739145
  7.1642098    45.8736249
  7.1639972    45.8733315
  7.1638906    45.8733134
  7.163739     45.8732187
  7.1636332    45.8730307
  7.1634815    45.8729827
  7.1632208    45.8729568
  7.1625825    45.8727648
  7.162375     45.8727711
  7.1620277    45.8726634
  7.161805     45.8725155
  7.1616036    45.8724324
  7.1615507    45.872362
  7.161467     45.8723236
  7.1613435    45.8723302
  7.1612491    45.8722243
  7.1613236    45.8721731
  7.1614125    45.8718701
  7.1615913    45.8716286
  7.1617288    45.871516
  7.161758     45.8714239
  7.1619448    45.8712671
  7.1656263    45.8690126
  7.1656433    45.8690022
  7.1656489    45.8689988
  7.1656858    45.8689762
  7.1753224    45.862904
  7.1755249    45.8630294
  7.1758836    45.8630487
  7.1760789    45.8631318
  7.1763297    45.8631938
  7.1763852    45.8632956
  7.1765112    45.8633681
  7.1768756    45.8633669
  7.1770251    45.8634303
  7.1771681    45.8634563
  7.1773315    45.863382
  7.1774336    45.8634548
  7.1776527    45.8635003
  7.1778437    45.8634715
  7.1780143    45.863511
  7.1785734    45.8635545
  7.1787297    45.8635541
  7.1789762    45.8636661
  7.1790649    45.8635407
  7.1795206    45.8633222
  7.1797599    45.8632465
  7.1800793    45.8630921
  7.1803403    45.8629139
  7.18039      45.8627592
  7.1805393    45.8627066
  7.1808166    45.8624981
  7.1811028    45.8623259
  7.1812304    45.8620746
  7.181334     45.8619866
  7.1815297    45.8619933
  7.1816281    45.8618823
  7.1818992    45.8618547
  7.1821038    45.861769
  7.182326     45.8616219
  7.1823156    45.8615331
  7.1824943    45.8613902
  7.1826867    45.8610287
  7.1829918    45.8608838
  7.1833141    45.8606306
  7.1837429    45.8604144
  7.1839411    45.8604075
  7.1842186    45.860133
  7.1844271    45.8600388
  7.1846183    45.8600361
  7.184753     45.8599687
  7.1848808    45.8599799
  7.1851235    45.8599536
  7.1854026    45.8600244
  7.1854554    45.8601128
  7.1856856    45.8602683
  7.1860025    45.8601438
  7.1862031    45.860187
  7.1863018    45.8601361
  7.1864298    45.8601679
  7.1864934    45.8601169
  7.1867081    45.8600854
  7.187628     45.8594828
  7.1879131    45.8592192
  7.1883135    45.8590467
  7.1886173    45.8589697
  7.1887817    45.8589676
  7.1889679    45.8589213
  7.189244     45.8589782
  7.1896354    45.8588924
  7.1902838    45.858844
  7.1906022    45.8586792
  7.1908206    45.8588288
  7.1909462    45.8589492
  7.1915111    45.8591798
  7.1921745    45.8591792
  7.1924274    45.8593602
  7.1925131    45.8594581
  7.1929987    45.8595973
  7.1934222    45.8597866
  7.1938804    45.8599328
  7.1939654    45.8599015
  7.1945279    45.8600422
  7.1948737    45.8599805
  7.1952516    45.8600669
  7.1954026    45.8602052
  7.1955466    45.8602336
  7.1957366    45.8602019
  7.1961984    45.8602942
  7.1964891    45.8602597
  7.1966528    45.8603941
  7.1969391    45.8605459
  7.1971021    45.8606823
  7.1973861    45.8608035
  7.1973845    45.8609529
  7.197612     45.8610977
  7.1977202    45.8612579
  7.1984793    45.8617952
  7.1985923    45.8618511
  7.1989308    45.8621983
  7.1991526    45.8623451
  7.1992978    45.8625403
  7.1995566    45.8625411
  7.2000355    45.8628044
  7.2002102    45.8628202
  7.2008104    45.8630807
  7.2006267    45.8630812
  7.200544     45.8631376
  7.2004325    45.8632835
  7.2002317    45.8634697
  7.2000799    45.8638555
  7.1997424    45.8641526
  7.1995669    45.8645345
  7.1995729    45.864624
  7.1995034    45.8648359
  7.1992669    45.8650899
  7.199293     45.8651492
  7.199268     45.8652162
  7.1991443    45.8653373
  7.1990111    45.8653643
  7.1987889    45.8655221
  7.1984373    45.8659289
  7.1984664    45.8660506
  7.1981892    45.8665067
  7.1981915    45.8666261
  7.1982665    45.8667681
  7.1982106    45.8669608
  7.1981727    45.8675501
  7.1982811    45.8676455
  7.1985138    45.8679739
  7.1985142    45.8685282
  7.1984324    45.868725
  7.1981337    45.8691607
  7.1980128    45.8693286
  7.197874     45.8694326
  7.1977172    45.8699117
  7.1978326    45.8701381
  7.1976418    45.8703221
  7.1980317    45.8708918
  7.1981052    45.8711295
  7.198202     45.8713045
  7.1981936    45.8713696
  7.1985698    45.8718796
  7.1988736    45.8720252
  7.1991733    45.8725295
  7.1994791    45.8732294
  7.1996318    45.873421
  7.1996524    45.8736757
  7.1999375    45.8742857
  7.2000464    45.8746634
  7.2000015    45.8749475
  7.2001708    45.875189
  7.200303     45.875247
  7.2001178    45.8755132
  7.2003594    45.8754139
  7.2008872    45.8753959
  7.2010729    45.8754081
  7.2015849    45.8755128
  7.2016099    45.8755712
  7.2017599    45.8756147
  7.2020754    45.8757653
  7.2021491    45.8759036
  7.202472     45.8760896
  7.203016     45.8761802
  7.2035085    45.8763657
  7.2037854    45.8767153
  7.2039689    45.8771389
  7.2042393    45.8773773
  7.2042418    45.8775065
  7.2043368    45.8776149
  7.2044915    45.8778959
  7.2045508    45.8781492
  7.2047877    45.8786776
  7.2050188    45.8788623
  7.2051637    45.8788832
  7.205232     45.878984
  7.2053523    45.8790174
  7.2053568    45.879174
  7.2056002    45.8793712
  7.2056516    45.8794655
  7.2056893    45.8796227
  7.2056613    45.8797578
  7.205782     45.8797897
  7.2060952    45.880082
  7.206063     45.8801634
  7.2062832    45.8801737
  7.2069312    45.8801185
  7.2072323    45.8801508
  7.2074045    45.8801776
  7.2079178    45.8801608
  7.2079617    45.8802219
  7.2084349    45.8803793
  7.2093213    45.880497
  7.2094387    45.8805903
  7.2098712    45.8805655
  7.2100729    45.880759
  7.2105853    45.8811165
  7.2105876    45.8812223
  7.2106994    45.8812698
  7.2108421    45.8816064
  7.2108185    45.881667
  7.2108506    45.8817395
  7.2108408    45.8819406
  7.2109176    45.8819562
  7.2110535    45.8820918
  7.2114389    45.8821524
  7.2119179    45.8823912
  7.2129201    45.8827434
  7.2135669    45.8831806
  7.2139438    45.8832254
  7.2142869    45.8832945
  7.2144879    45.8835014
  7.2151576    45.8837538
  7.2154407    45.8838387
  7.2157001    45.8838716
  7.2155379    45.883951
  7.215464     45.8840354
  7.2155303    45.8842149
  7.2155297    45.8843089
  7.2156289    45.884488
  7.2156223    45.884581
  7.2155901    45.8846167
  7.2157185    45.8851633
  7.2156327    45.8852792
  7.2155401    45.8853402
  7.2155492    45.8855609
  7.2156442    45.8856601
  7.2156249    45.8857334
  7.2158941    45.885967
  7.215834     45.8862375
  7.2158333    45.8864659
  7.2158816    45.8866664
  7.2160742    45.8869206
  7.2161543    45.8871431
  7.2161337    45.88762
  7.2162545    45.888018
  7.2163815    45.8888008
  7.2167728    45.888804
  7.2178399    45.8889645
  7.2183161    45.889128
  7.2192312    45.8891974
  7.2195314    45.8891888
  7.2198713    45.8892446
  7.2205722    45.8894785
  7.2209659    45.889652
  7.2216054    45.8897995
  7.2225704    45.8901528
  7.2228646    45.8902134
  7.2230375    45.8903125
  7.2233233    45.8901291
  7.2235381    45.8900954
  7.223603     45.8900439
  7.2241339    45.8900125
  7.2243854    45.8899295
  7.2246484    45.8897188
  7.2258162    45.8897515
  7.2259173    45.8898319
  7.2259358    45.8900099
  7.2263074    45.8902928
  7.2266979    45.8907424
  7.2267816    45.891042
  7.2271432    45.8911866
  7.2275164    45.8914847
  7.2283093    45.8919978
  7.2288094    45.89187
  7.2291394    45.8919355
  7.229364     45.8919129
  7.2300593    45.8919026
  7.230568     45.8917902
  7.2313758    45.8917048
  7.2318532    45.8914795
  7.2321079    45.8914216
  7.2323065    45.8914053
  7.2327534    45.8912807
  7.232888     45.8912996
  7.2331616    45.8912203
  7.2333907    45.8910517
  7.2335459    45.8909816
  7.2339413    45.8909197
  7.2338612    45.8907437
  7.2340167    45.8906934
  7.2341933    45.8906918
  7.23432      45.8906503
  7.2344605    45.8905632
  7.2350016    45.8905617
  7.2351794    45.8904099
  7.2353281    45.89024
  7.2357369    45.890128
  7.2360665    45.8900942
  7.2364134    45.8900986
  7.2368299    45.8900445
  7.2369554    45.889995
  7.2374458    45.8900868
  7.2376854    45.890033
  7.2380778    45.8901346
  7.2382749    45.8901027
  7.2388553    45.8901618
  7.2391087    45.8900983
  7.2392427    45.8899594
  7.2394075    45.8899161
  7.2398356    45.8899556
  7.2401103    45.8900595
  7.2405497    45.8900615
  7.2407641    45.8901048
  7.2411784    45.8902513
  7.2412644    45.8903121
  7.2413331    45.8904588
  7.2414705    45.8905337
  7.2416613    45.8905932
  7.2418845    45.8905996
  7.2420388    45.8907286
  7.2421793    45.8907832
  7.2421705    45.8909154
  7.242696     45.891045
  7.2429507    45.8910135
  7.2432489    45.8910393
  7.2437818    45.8910262
  7.2444589    45.8912059
  7.2450465    45.8912194
  7.2452106    45.8914364
  7.2456405    45.8917583
  7.2457894    45.8918227
  7.2461686    45.8919866
  7.2460185    45.8921179
  7.2460857    45.8922256
  7.2461705    45.892299
  7.2467998    45.8926406
  7.2474       45.8929927
  7.2487991    45.8931194
  7.2494858    45.8931333
  7.2504237    45.8929038
  7.2506615    45.8927152
  7.2509173    45.8924527
  7.251283     45.8921035
  7.2517138    45.8917451
  7.2518288    45.8914085
  7.252161     45.8906775
  7.2522329    45.8901002
  7.252397     45.8896893
  7.2525333    45.8894954
  7.2528003    45.8892871
  7.2529351    45.888751
  7.2530947    45.8885049
  7.2533968    45.888418
  7.2534961    45.888326
  7.2536326    45.8882699
  7.2538342    45.8881346
  7.2541124    45.8880658
  7.2543293    45.8879737
  7.2545554    45.8879365
  7.2546244    45.8880128
  7.2551236    45.8878954
  7.2552864    45.887973
  7.2553973    45.8879282
  7.2556978    45.88789
  7.255882     45.8879915
  7.2559392    45.8880944
  7.2561194    45.8881366
  7.256258     45.8882419
  7.2566334    45.8881937
  7.2567234    45.8882018
  7.2568329    45.8881558
  7.2572147    45.8884508
  7.2573996    45.8885294
  7.2574134    45.8886349
  7.257504     45.8886516
  7.2574469    45.8887239
  7.257665     45.8888656
  7.257895     45.8889631
  7.2579843    45.8889951
  7.2583692    45.8889755
  7.2587594    45.8891417
  7.258961     45.8891731
  7.259058     45.8893484
  7.2591322    45.8897469
  7.2595043    45.8902061
  7.2598033    45.8905376
  7.2603516    45.8912967
  7.2606781    45.891573
  7.2610628    45.8918513
  7.2618624    45.8924589
  7.2632424    45.8934374
  7.263992     45.8936596
  7.2644333    45.8937072
  7.264786     45.8936549
  7.2649573    45.8938048
  7.2651336    45.8941605
  7.2653508    45.894453
  7.2655258    45.8945044
  7.2657624    45.8946525
  7.2658682    45.894684
  7.2660691    45.8948577
  7.2661702    45.8948449
  7.2665709    45.8952577
  7.2666756    45.8953253
  7.2665877    45.8954207
  7.2666229    45.8960099
  7.2665479    45.896095
  7.2665508    45.896156
  7.2666222    45.8962782
  7.2666142    45.8965432
  7.2668485    45.8966461
  7.2673049    45.896628
  7.2674608    45.8966404
  7.2675423    45.896729
  7.2677131    45.8968188
  7.2677647    45.896763
  7.268161     45.8970367
  7.2684111    45.8971338
  7.2685796    45.8973664
  7.2685194    45.8974878
  7.268713     45.8975334
  7.2689492    45.8976771
  7.269178     45.8980311
  7.2693522    45.8980945
  7.269701     45.8980261
  7.2698346    45.8981039
  7.270029     45.8981441
  7.270156     45.8982618
  7.2701901    45.8983827
  7.2703194    45.8985592
  7.2703247    45.8986471
  7.2704902    45.8987933
  7.2706433    45.8990467
  7.27078      45.899142
  7.2711027    45.8994738
  7.2712344    45.8996428
  7.2711916    45.8997326
  7.271475     45.8999681
  7.2720611    45.8999563
  7.2723351    45.899916
  7.2729049    45.899958
  7.273234     45.9000743
  7.2741704    45.9002863
  7.2743144    45.9003498
  7.2750606    45.9003484
  7.2752949    45.9003236
  7.2753826    45.900275
  7.2755061    45.9002439
  7.2757202    45.9003181
  7.2759201    45.9002509
  7.2761489    45.9003126
  7.2762342    45.9003907
  7.2764683    45.9004491
  7.2764828    45.9005669
  7.276561     45.9006227
  7.2767397    45.9006268
  7.2768888    45.9007351
  7.2769392    45.9008582
  7.2770523    45.9009834
  7.27725      45.9013707
  7.277283     45.9015653
  7.2772589    45.9016455
  7.2772943    45.901719
  7.2773607    45.901767
  7.2773766    45.9018682
  7.2775048    45.901929
  7.2775271    45.9020953
  7.2776257    45.9022548
  7.2777404    45.9022911
  7.2782755    45.9030168
  7.2783339    45.9033644
  7.2783162    45.9035077
  7.2783753    45.9036116
  7.2783424    45.9036672
  7.2784943    45.9037387
  7.2785343    45.9038623
  7.2784048    45.9041578
  7.2786454    45.9044608
  7.2788242    45.9048082
  7.2789485    45.9049081
  7.2790291    45.9050674
  7.2792153    45.9052283
  7.2791556    45.9053406
  7.279108     45.9054896
  7.2791299    45.9056932
  7.2792285    45.905839
  7.2795518    45.9059336
  7.2795533    45.9060288
  7.2796295    45.9061726
  7.2797567    45.9062053
  7.2799371    45.9063474
  7.2799996    45.9064732
  7.2799666    45.9066953
  7.2800134    45.9067309
  7.2799509    45.9069948
  7.2799832    45.9070524
  7.2799654    45.9071185
  7.2799826    45.9071634
  7.2801563    45.9072251
  7.2801634    45.9072655
  7.2802757    45.9073338
  7.28024      45.9073877
  7.2802321    45.9075033
  7.2804288    45.9076149
  7.2803183    45.9077956
  7.2805613    45.9078643
  7.2807233    45.9080485
  7.2808633    45.9081024
  7.2808631    45.9081789
  7.281041     45.9083394
  7.2810474    45.9084162
  7.2811387    45.9086013
  7.2811983    45.9086397
  7.2811801    45.9087191
  7.2813044    45.9088031
  7.2813118    45.9088939
  7.2812738    45.9090121
  7.281348     45.9090175
  7.2816559    45.909244
  7.2817058    45.9092566
  7.2817726    45.9093516
  7.2818359    45.9095236
  7.2819497    45.9095553
  7.2819285    45.9097573
  7.2820989    45.9099011
  7.2821854    45.9099275
  7.2821079    45.909997
  7.2821828    45.9102331
  7.2823137    45.9103255
  7.2826189    45.9107958
  7.2828444    45.9108618
  7.2828446    45.9109432
  7.2829653    45.9110866
  7.2829205    45.9111839
  7.2829778    45.9112998
  7.2830951    45.9113363
  7.2833345    45.9114676
  7.2834656    45.9114764
  7.28353      45.911517
  7.2835035    45.9116355
  7.283578     45.9117723
  7.2835115    45.9119946
  7.2836363    45.9120489
  7.28384      45.9122495
  7.2840128    45.9122864
  7.2841037    45.912352
  7.2841468    45.9124941
  7.2842535    45.9126164
  7.2846319    45.9127828
  7.2847035    45.9128445
  7.2846864    45.913048
  7.2845999    45.9131375
  7.2846972    45.9134014
  7.2847854    45.9134643
  7.2848118    45.9136469
  7.2849902    45.913782
  7.2850011    45.9139785
  7.2849052    45.9141024
  7.2847327    45.9142217
  7.2847481    45.9144281
  7.2848106    45.9145286
  7.2848251    45.9146394
  7.2848645    45.9146392
  7.2847724    45.9148477
  7.2848958    45.9150331
  7.2849574    45.9152374
  7.2852449    45.9152096
  7.2853353    45.9153477
  7.2853434    45.9154098
  7.285221     45.9155246
  7.2852761    45.915673
  7.2854052    45.9158148
  7.2857887    45.9158929
  7.2857586    45.9160457
  7.285804     45.9162305
  7.2865947    45.916583
  7.2867601    45.9166929
  7.2871146    45.9167834
  7.2874355    45.9169126
  7.2874822    45.916994
  7.2876808    45.9170565
  7.2880234    45.9172192
  7.2880997    45.9172263
  7.2882999    45.9173087
  7.2884985    45.9172778
  7.288722     45.9172899
  7.2888829    45.9172482
  7.2890603    45.9173835
  7.2892208    45.9173854
  7.2894567    45.9175654
  7.289459     45.9177272
  7.2896512    45.9180215
  7.2896561    45.9181308
  7.2897319    45.9183253
  7.2896904    45.9184859
  7.2897758    45.918546
  7.2900782    45.9191879
  7.2901467    45.9194298
  7.2901044    45.9194972
  7.2902914    45.9200506
  7.2905818    45.9202692
  7.29081      45.9203827
  7.2911716    45.9206764
  7.2913643    45.9207737
  7.2917391    45.9207323
  7.2918988    45.9207869
  7.2926001    45.9208988
  7.2927055    45.9208124
  7.2928775    45.9209289
  7.2931357    45.921047
  7.2932997    45.9210932
  7.2932586    45.921235
  7.2934741    45.9213255
  7.293579     45.9214884
  7.2936934    45.9215733
  7.293843     45.9216294
  7.2940497    45.9216288
  7.2942073    45.9216852
  7.2943503    45.9216892
  7.2944347    45.9218198
  7.2945114    45.921665
  7.2946632    45.921546
  7.2953363    45.9213582
  7.2955826    45.9212181
  7.2964902    45.9211467
  7.2967741    45.9211185
  7.2969229    45.9210678
  7.2970622    45.9209425
  7.2971877    45.9207934
  7.2973265    45.9205601
  7.2975955    45.9202404
  7.2977837    45.9200621
  7.2978728    45.9200286
  7.2979476    45.9199186
  7.29807      45.9198139
  7.2981314    45.9196707
  7.2982711    45.9195642
  7.298336     45.9194762
  7.2984897    45.9193393
  7.2996325    45.9189863
  7.299988     45.9186476
  7.3001116    45.9183416
  7.3001125    45.9182207
  7.3005465    45.917839
  7.3007622    45.9175478
  7.3012513    45.9173294
  7.3013173    45.9172741
  7.3014453    45.9172816
  7.301819     45.9171521
  7.3022304    45.9171106
  7.3030364    45.917163
  7.3031719    45.9172239
  7.3033389    45.9171913
  7.3035434    45.917292
  7.3040834    45.9174655
  7.3043719    45.91744
  7.3050343    45.9175102
  7.3052315    45.9175611
  7.3055944    45.917505
  7.3056859    45.9174637
  7.3057898    45.9174778
  7.3058234    45.9175419
  7.3059898    45.9175455
  7.3065611    45.9174893
  7.306723     45.9175748
  7.3070085    45.9175479
  7.3073332    45.9174323
  7.3078148    45.9172077
  7.308956     45.9168318
  7.3093753    45.916808
  7.3095545    45.9167534
  7.3102331    45.916676
  7.3108508    45.9165636
  7.3112365    45.9165807
  7.311395     45.9165374
  7.3114918    45.9165971
  7.3119873    45.9164901
  7.3124501    45.9163112
  7.3127503    45.9163435
  7.3129336    45.9164273
  7.3131074    45.9164735
  7.3134235    45.9164561
  7.3138819    45.9165378
  7.3143327    45.9166352
  7.3146305    45.9167726
  7.3148126    45.9168073
  7.3150901    45.9167922
  7.3157529    45.9166993
  7.3162996    45.9165225
  7.3164785    45.9160698
  7.316733     45.9157173
  7.3169835    45.9154424
  7.3172199    45.915024
  7.3174427    45.9145082
  7.3173875    45.9138237
  7.3177155    45.9132299
  7.3178391    45.912923
  7.31776      45.9126787
  7.3178364    45.9123173
  7.3178175    45.912028
  7.3179679    45.9117614
  7.3180876    45.9116445
  7.3187164    45.9114564
  7.3189955    45.9114577
  7.3194653    45.9114108
  7.3197537    45.9114184
  7.3199119    45.9113555
  7.3203354    45.9112854
  7.3206922    45.9112825
  7.3218435    45.9111851
  7.3219364    45.911138
  7.3219408    45.9110287
  7.322415     45.9106979
  7.3239033    45.9102102
  7.3239625    45.91025
  7.3243469    45.9102452
  7.3247004    45.9101851
  7.3253575    45.9102423
  7.325488     45.9102029
  7.3257091    45.9102333
  7.3258813    45.9102311
  7.3259843    45.9102825
  7.3267233    45.9103014
  7.326954     45.9103573
  7.3271424    45.9104984
  7.3278419    45.9104631
  7.3279247    45.9104882
  7.32829      45.9105052
  7.3291768    45.9106329
  7.3298411    45.9105672
  7.3299262    45.9105009
  7.3300927    45.910552
  7.3305571    45.9105441
  7.3307231    45.9105157
  7.3313623    45.9107536
  7.3318225    45.9108088
  7.3320237    45.9109135
  7.3321029    45.9109943
  7.3321038    45.9110432
  7.3322789    45.9111197
  7.3322461    45.9111539
  7.332267     45.9111968
  7.3324876    45.9114626
  7.3325424    45.9114902
  7.3331267    45.9115486
  7.3334234    45.9117327
  7.3338603    45.9118796
  7.3343717    45.9120044
  7.3349063    45.9120929
  7.3351379    45.9120777
  7.3351922    45.9121679
  7.3355237    45.9122149
  7.3356146    45.9122945
  7.3356423    45.9124097
  7.3358875    45.9124904
  7.3359965    45.912497
  7.3362829    45.9126288
  7.3364087    45.9127178
  7.3368702    45.9127792
  7.3374877    45.912691
  7.3376528    45.9127774
  7.3376885    45.9128813
  7.3378307    45.9130327
  7.3378859    45.9131731
  7.3380508    45.9131844
  7.3381537    45.913164
  7.3383574    45.9132954
  7.3384452    45.9133848
  7.339194     45.9135052
  7.3393203    45.9135055
  7.339481     45.9133836
  7.3398645    45.9134929
  7.3400208    45.9136546
  7.3401717    45.9137514
  7.3403525    45.9137727
  7.34061      45.9137423
  7.3408166    45.9137963
  7.341032     45.9139033
  7.3413461    45.9138402
  7.3427439    45.9143643
  7.3433654    45.9147079
  7.3441729    45.9152092
  7.3442082    45.9152354
  7.3443026    45.9152399
  7.3448552    45.9149208
  7.3458482    45.9140822
  7.3467406    45.9133759
  7.3478441    45.9127629
  7.3496028    45.9119818
  7.3505355    45.911589
  7.3513577    45.9113071
  7.3516907    45.9112459
  7.3520877    45.9111421
  7.3525525    45.9109893
  7.353188     45.9109135
  7.3538136    45.9109503
  7.3544463    45.9110383
  7.3548635    45.9112555
  7.3549938    45.9112777
  7.3551956    45.9112577
  7.3554708    45.9111996
  7.3557706    45.911072
  7.3564621    45.910642
  7.3564863    45.9105298
  7.3561788    45.9096697
  7.3563886    45.9089452
  7.3563428    45.9083977
  7.3563698    45.9078438
  7.3563352    45.9075738
  7.3563995    45.9073251
  7.3564658    45.9072933
  7.3564553    45.9072008
  7.3573667    45.9068829
  7.3575036    45.906703
  7.3575358    45.9065603
  7.3577467    45.9063754
  7.3578092    45.9063766
  7.3580838    45.906188
  7.3581924    45.906023
  7.3585407    45.9059294
  7.3591736    45.9058012
  7.3593885    45.9056404
  7.3594826    45.9054338
  7.3595656    45.9053682
  7.3595091    45.905264
  7.3596342    45.9051728
  7.3596991    45.9049594
  7.3597048    45.904732
  7.3598449    45.9043623
  7.3599675    45.9042565
  7.3600199    45.9040531
  7.3602581    45.9037642
  7.3606734    45.9037514
  7.3607805    45.9036429
  7.3609954    45.9035081
  7.3612125    45.9033051
  7.3613662    45.903338
  7.3615201    45.9033328
  7.3618004    45.9032654
  7.361957     45.9033048
  7.3621395    45.9032585
  7.3622936    45.9033097
  7.3627807    45.9031984
  7.3628741    45.9032342
  7.3635387    45.9033083
  7.3637992    45.9033102
  7.3641136    45.903447
  7.3641556    45.903505
  7.3643635    45.9035299
  7.3646242    45.9036038
  7.3647275    45.9037253
  7.3648315    45.903775
  7.3649754    45.903787
  7.3652137    45.9038522
  7.3652791    45.9039185
  7.3657225    45.9040434
  7.3659073    45.9041286
  7.3660672    45.9041375
  7.3661243    45.904107
  7.3662503    45.9039656
  7.3664907    45.9038595
  7.3669207    45.9037127
  7.3672025    45.9035663
  7.3673155    45.9034233
  7.367613     45.9033262
  7.3678387    45.9032041
  7.3680575    45.9030622
  7.3680789    45.9030043
  7.3681692    45.9029625
  7.368529     45.9028824
  7.3687572    45.9028376
  7.3688805    45.9027827
  7.3690225    45.9027041
  7.3694224    45.902582
  7.3701799    45.9024359
  7.3703661    45.9024133
  7.3705362    45.9023694
  7.3708108    45.9022825
  7.371032     45.902137
  7.371556     45.9019456
  7.3726557    45.9012275
  7.3738001    45.9007566
  7.3738958    45.9006603
  7.3739317    45.9004744
  7.374048     45.9002537
  7.3740984    45.9004274
  7.3742821    45.9005075
  7.3744862    45.900768
  7.3746851    45.9008668
  7.3748817    45.9008878
  7.3751232    45.9008707
  7.3753321    45.9007701
  7.3757216    45.9007572
  7.3758616    45.9005531
  7.376153     45.9004262
  7.3762881    45.9002897
  7.3765495    45.9001312
  7.3767178    45.8999618
  7.3769436    45.8998839
  7.3770196    45.8998161
  7.377507     45.8996382
  7.3783446    45.8988074
  7.3786938    45.8987381
  7.3788932    45.8987222
  7.3789942    45.8987538
  7.3792479    45.8986554
  7.3794539    45.8986176
  7.3798576    45.8983727
  7.3801945    45.8980278
  7.3807485    45.8973491
  7.3811383    45.8972381
  7.3816575    45.8970107
  7.3818837    45.8968291
  7.3821267    45.8965498
  7.3823869    45.8964521
  7.3831207    45.8966179
  7.3833198    45.8966106
  7.3833857    45.8965757
  7.3834874    45.8966307
  7.3837467    45.8966942
  7.383885     45.8967003
  7.3841874    45.8967747
  7.3844599    45.8967875
  7.3846509    45.896823
  7.3850308    45.8969553
  7.3853178    45.8969625
  7.385644     45.8970354
  7.3863334    45.8971457
  7.386527     45.8972979
  7.3869948    45.897535
  7.3871224    45.8975346
  7.3871289    45.8975816
  7.3875845    45.8976525
  7.3878026    45.897756
  7.3878575    45.8977567
  7.3883047    45.897897
  7.3884015    45.8979544
  7.3888622    45.8981216
  7.38906      45.8982528
  7.3892862    45.8983305
  7.3893798    45.898424
  7.3898715    45.8986023
  7.3900055    45.8986966
  7.3901283    45.8987485
  7.3904673    45.8990107
  7.3906488    45.8991992
  7.3909504    45.8993276
  7.3910717    45.8995608
  7.3912581    45.9000407
  7.3921297    45.9005389
  7.3925698    45.9009358
  7.3933466    45.9017028
  7.3937958    45.9019897
  7.3947169    45.9027107
  7.3951401    45.9031432
  7.395551     45.9034175
  7.3957241    45.9035667
  7.3958301    45.9038122
  7.3959607    45.903943
  7.3961314    45.9040404
  7.3962149    45.9042366
  7.3963762    45.9043653
  7.3969925    45.9046779
  7.3970955    45.9047616
  7.3973294    45.9051357
  7.3977575    45.9055892
  7.3979231    45.9066699
  7.3978242    45.9084466
  7.3987141    45.908814
  7.3989688    45.9090653
  7.3991344    45.9090555
  7.3992711    45.9093446
  7.3993308    45.9094144
  7.3995656    45.9095572
  7.3996918    45.9097056
  7.3998691    45.9097182
  7.4000729    45.9098375
  7.4005687    45.9102691
  7.400582     45.9103541
  7.4007473    45.9104346
  7.4008923    45.9106473
  7.4011213    45.910763
  7.4012955    45.9109064
  7.4013708    45.9110889
  7.4015122    45.9112025
  7.4017525    45.9115127
  7.4023855    45.9112243
  7.4027649    45.9109554
  7.4032328    45.9105577
  7.4033831    45.9103263
  7.4049227    45.9092949
  7.4055136    45.9090877
  7.4063072    45.9089931
  7.4064559    45.9090481
  7.4066294    45.9090091
  7.4070129    45.9088532
  7.4073442    45.9086805
  7.4076234    45.9085928
  7.4076131    45.9085198
  7.4083348    45.9085729
  7.4089044    45.9086779
  7.4092146    45.9086168
  7.4094171    45.9086436
  7.4095858    45.9087334
  7.4100506    45.908639
  7.410289     45.908658
  7.4108338    45.9086386
  7.4112235    45.9088333
  7.4112545    45.9089431
  7.4114463    45.9089776
  7.4117209    45.9089859
  7.4120773    45.9090542
  7.4123815    45.9092161
  7.4125973    45.9094886
  7.412522     45.909622
  7.4127259    45.9096594
  7.4127362    45.9096971
  7.4129052    45.9097529
  7.4129135    45.9097902
  7.4130435    45.9098763
  7.4131093    45.9099993
  7.4137448    45.9101546
  7.4140814    45.9103043
  7.4140427    45.9105081
  7.4140799    45.9106109
  7.4141495    45.9106673
  7.4144055    45.9107165
  7.4144917    45.9107707
  7.4147056    45.9108116
  7.4151175    45.9109421
  7.4151434    45.9109828
  7.4153017    45.9110135
  7.4156215    45.9111874
  7.4157153    45.9112894
  7.4159577    45.9114219
  7.4161082    45.9114464
  7.4169101    45.9113916
  7.4177154    45.9114188
  7.4181074    45.9113808
  7.4185192    45.9116039
  7.4187062    45.9116235
  7.4187372    45.9116695
  7.4190095    45.9116809
  7.4191489    45.9117206
  7.4194872    45.9119276
  7.4197512    45.9119385
  7.41998      45.9119203
  7.4204561    45.9119842
  7.4209363    45.9121691
  7.4210539    45.91227
  7.4211649    45.9125119
  7.4211713    45.9127786
  7.421274     45.9130467
  7.4212525    45.9131665
  7.4213067    45.9132532
  7.4213304    45.9134476
  7.4213911    45.9136066
  7.4216024    45.9139462
  7.4217897    45.9140325
  7.4218455    45.9141491
  7.422027     45.9142869
  7.422078     45.9143929
  7.4220383    45.9144853
  7.422315     45.9145984
  7.4222927    45.914687
  7.4229962    45.9144677
  7.4230638    45.9144241
  7.4232954    45.9144047
  7.4236945    45.9145288
  7.4241566    45.9145667
  7.4243025    45.9146339
  7.4247704    45.9146884
  7.4248973    45.9147355
  7.4249767    45.9146863
  7.4252603    45.9147678
  7.4254018    45.9147842
  7.4258199    45.9149736
  7.4263727    45.9150934
  7.4265421    45.9151507
  7.4266069    45.9151982
  7.426651     45.9152803
  7.4268218    45.9153709
  7.4270047    45.9154003
  7.4271375    45.9154519
  7.427193     45.9155449
  7.4271661    45.915582
  7.4273365    45.9156779
  7.4273572    45.9158775
  7.427687     45.9159761
  7.427658     45.9160455
  7.4278515    45.9161346
  7.4279923    45.9161507
  7.4283711    45.9162917
  7.4284355    45.9162693
  7.4285879    45.9163231
  7.4287196    45.9164876
  7.4288449    45.9164973
  7.4288804    45.9165744
  7.4290391    45.9166365
  7.4290984    45.9167384
  7.4293344    45.9169008
  7.429522     45.9171217
  7.4297077    45.917145
  7.4298526    45.917225
  7.4299588    45.9173223
  7.4301282    45.9173734
  7.4302952    45.9174729
  7.4304415    45.9175202
  7.4305191    45.9175984
  7.4306344    45.9176478
  7.4309276    45.9180414
  7.4310428    45.9181224
  7.4311204    45.9181441
  7.4312143    45.9182236
  7.4314079    45.9182021
  7.4315663    45.9181523
  7.4318354    45.9182643
  7.4318309    45.9183185
  7.4319427    45.9183604
  7.4319616    45.9184392
  7.4321041    45.9186815
  7.4323321    45.9189243
  7.4325443    45.9189834
  7.4325253    45.91904
  7.4325629    45.9190996
  7.4327968    45.9193232
  7.4328192    45.9194781
  7.4329866    45.9195884
  7.4334558    45.9197479
  7.4337426    45.919924
  7.4340179    45.9200505
  7.434049     45.920101
  7.4342822    45.9202199
  7.4344389    45.9202625
  7.4343408    45.9203836
  7.4342586    45.9206259
  7.4343045    45.9208668
  7.4343638    45.9209631
  7.4346358    45.9210316
  7.4348826    45.9211742
  7.4350827    45.9213972
  7.4350423    45.9215381
  7.4351527    45.9216995
  7.4350643    45.9218623
  7.4350791    45.9221097
  7.4351547    45.9221545
  7.4351474    45.9222065
  7.4353441    45.9221711
  7.435431     45.922379
  7.4356108    45.9226336
  7.4358088    45.9227656
  7.435892     45.9228499
  7.4359286    45.9229549
  7.4363454    45.9233894
  7.4363792    45.9234927
  7.4365824    45.9236654
  7.4366221    45.9238438
  7.4367384    45.9239517
  7.437442     45.9244374
  7.4379144    45.9246655
  7.4379672    45.9247232
  7.4380648    45.9247674
  7.4381411    45.9248825
  7.4385135    45.924933
  7.4388852    45.9249519
  7.4390199    45.925008
  7.4391598    45.9252548
  7.4392717    45.9253454
  7.4394279    45.9255514
  7.4393619    45.9258307
  7.4396762    45.9260677
  7.4399055    45.9261611
  7.4401554    45.9264207
  7.4404671    45.9265433
  7.4409028    45.9268656
  7.4415038    45.9271389
  7.4413743    45.9273873
  7.4415424    45.9276294
  7.4415742    45.9277633
  7.4417191    45.9279372
  7.4415089    45.9280905
  7.4414908    45.9281324
  7.4415294    45.9282745
  7.4416153    45.9283465
  7.4416938    45.9284627
  7.4416133    45.9285015
  7.4417783    45.928743
  7.4417663    45.9288709
  7.4418795    45.9289496
  7.4418878    45.9291031
  7.4419175    45.9291208
  7.441892     45.9291928
  7.4418494    45.929451
  7.4419548    45.9296054
  7.442337     45.9297514
  7.4425195    45.9299279
  7.4425804    45.9300546
  7.4428739    45.9301497
  7.4432144    45.9301722
  7.4432787    45.9302932
  7.4436321    45.9303594
  7.443663     45.9307884
  7.4438035    45.9309581
  7.4440822    45.9311948
  7.4443718    45.9316011
  7.4445927    45.9316869
  7.4456014    45.9314812
  7.4459159    45.9314845
  7.4461303    45.9314479
  7.4461941    45.9313792
  7.4464875    45.93131
  7.4468764    45.9312586
  7.4471999    45.9314861
  7.447742     45.9317132
  7.447922     45.9316958
  7.4480549    45.9317504
  7.4486585    45.9318297
  7.4488105    45.9319131
  7.4490884    45.9320165
  7.4496519    45.932076
  7.4499257    45.9321505
  7.4504131    45.9324269
  7.4507245    45.9325114
  7.4510542    45.9324938
  7.4517965    45.9325533
  7.4525714    45.9325878
  7.4529183    45.9326861
  7.4534004    45.9327729
  7.4540403    45.9328321
  7.4564079    45.9324161
  7.4564577    45.9325994
  7.4565745    45.9327798
  7.4566641    45.9328436
  7.4566646    45.9329546
  7.4567256    45.933117
  7.4567156    45.9333188
  7.4567796    45.9334285
  7.456933     45.9335492
  7.4571981    45.9336858
  7.457301     45.9337686
  7.4573666    45.9340683
  7.4572874    45.9341394
  7.4572953    45.9341969
  7.4571889    45.9342363
  7.4573286    45.9344686
  7.4573193    45.9345008
  7.4575575    45.9348376
  7.4576914    45.9349326
  7.457749     45.9349362
  7.4578183    45.935014
  7.4579613    45.9351061
  7.4581502    45.9353097
  7.4584068    45.9353927
  7.4584842    45.9354438
  7.4585923    45.9354304
  7.4586922    45.935467
  7.4587261    45.9355221
  7.4589688    45.9355558
  7.4594544    45.9355553
  7.4597975    45.9356199
  7.4602049    45.935509
  7.4605753    45.9355349
  7.4616911    45.9354606
  7.4620376    45.9353772
  7.4623015    45.9353979
  7.4632752    45.9353415
  7.464354     45.9353551
  7.4650355    45.9350286
  7.4653789    45.9348245
  7.4654634    45.9347391
  7.4659733    45.9346458
  7.4662686    45.9345207
  7.466374     45.9343864
  7.4670787    45.9343512
  7.4672143    45.9343129
  7.4677903    45.934052
  7.4680396    45.9340643
  7.4683713    45.9339384
  7.4686191    45.9339585
  7.4686851    45.9339342
  7.46907      45.9338869
  7.4693306    45.933811
  7.4695569    45.9337925
  7.4703529    45.9339198
  7.4707663    45.9339118
  7.4712258    45.9339323
  7.4714538    45.9339917
  7.471905     45.9342179
  7.4728025    45.9347876
  7.4731542    45.935078
  7.4744995    45.9357741
  7.4745806    45.935769
  7.4747268    45.9358354
  7.4747787    45.9360375
  7.4747119    45.9360795
  7.4747292    45.9361952
  7.4748491    45.936385
  7.4748716    45.9365678
  7.4749185    45.9365752
  7.4749613    45.9365997
  7.474892     45.9367472
  7.4749181    45.9369065
  7.4748814    45.9369745
  7.4749499    45.937164
  7.4748418    45.937289
  7.4748133    45.9374909
  7.4747387    45.9375464
  7.4747738    45.9376872
  7.4746521    45.9379287
  7.4746491    45.938017
  7.4744903    45.9381561
  7.4744824    45.9383209
  7.4745349    45.9384378
  7.4744743    45.9389548
  7.4743642    45.9391191
  7.4745172    45.9394428
  7.47451      45.9395543
  7.4744389    45.9396312
  7.4743639    45.9399491
  7.4742707    45.9400489
  7.4741919    45.9401997
  7.4742519    45.940302
  7.4742724    45.9405807
  7.4741783    45.9406619
  7.4741313    45.9408445
  7.4740378    45.9410094
  7.4738684    45.9411664
  7.4737793    45.9414556
  7.4737667    45.9416573
  7.4736303    45.9417191
  7.4735482    45.9419258
  7.473429     45.9420369
  7.4734385    45.9422442
  7.4731801    45.9425924
  7.4727852    45.9429805
  7.4728049    45.9431461
  7.4725028    45.9434613
  7.4724497    45.9439635
  7.4723129    45.9443616
  7.472356     45.9445551
  7.4724187    45.9446536
  7.4723967    45.9448874
  7.4721742    45.9450505
  7.4720912    45.9454614
  7.4719295    45.9457501
  7.4719291    45.9459157
  7.4714945    45.9462762
  7.4714828    45.9463557
  7.471345     45.9465028
  7.4714712    45.9470198
  7.4714327    45.9471537
  7.4713803    45.9471943
  7.4722698    45.9477784
  7.4726833    45.9481183
  7.4735       45.9485534
  7.4740353    45.9487881
  7.4741654    45.9489321
  7.4745054    45.9490843
  7.474871     45.9495666
  7.4751474    45.9498004
  7.4751317    45.9498747
  7.4755691    45.9504051
  7.4758463    45.950629
  7.4760428    45.9507265
  7.4760517    45.950779
  7.4763046    45.9511324
  7.476739     45.951405
  7.4768949    45.9515434
  7.4769462    45.9516306
  7.4771382    45.9518107
  7.4772853    45.9521103
  7.4776672    45.9522706
  7.4780743    45.9523208
  7.4782879    45.9524342
  7.4786919    45.9525698
  7.4792864    45.9527148
  7.4797262    45.9527141
  7.4799698    45.9527754
  7.4810595    45.9529683
  7.481234     45.9530758
  7.4814446    45.9531067
  7.4814924    45.9532073
  7.4817608    45.953423
  7.4822477    45.9535967
  7.4823308    45.9535811
  7.4827685    45.9538542
  7.4829232    45.9539971
  7.4829745    45.9540375
  7.4831298    45.9540692
  7.4835322    45.9540773
  7.4839739    45.9540606
  7.4841688    45.9540596
  7.48436      45.9541009
  7.4848198    45.9542744
  7.4855979    45.9547491
  7.4858333    45.9549177
  7.4861286    45.9551144
  7.4866958    45.9554207
  7.4868214    45.9555007
  7.4868378    45.9555612
  7.4870177    45.9556347
  7.4872777    45.9557551
  7.4874453    45.9558095
  7.4876452    45.9558131
  7.4880944    45.955775
  7.4884186    45.9557477
  7.489512     45.9556398
  7.4903619    45.9555142
  7.4910565    45.9553614
  7.4914792    45.9552841
  7.4917729    45.9552574
  7.4921235    45.9552728
  7.4925919    45.9553672
  7.4930487    45.955511
  7.4934388    45.955688
  7.4938522    45.9560508
  7.4942657    45.9564595
  7.4944879    45.9566901
  7.494673     45.9568087
  7.4952776    45.9570731
  7.4957625    45.9573243
  7.4959323    45.9583454
  7.49584      45.959751
  7.495968     45.9600299
  7.4962069    45.9602635
  7.4963767    45.9603305
  7.4967115    45.9604528
  7.4970063    45.9605287
  7.4972167    45.9606205
  7.4975106    45.9609213
  7.4974883    45.9613649
  7.4976187    45.9615511
  7.498138     45.9618692
  7.4988973    45.9622348
  7.4990529    45.9623026
  7.4991855    45.9624181
  7.4993273    45.9623883
  7.4997948    45.9620945
  7.5030234    45.9603653
  7.5042578    45.959593
  7.5045375    45.9593877
  7.504878     45.9591111
  7.5052811    45.9589562
  7.5058196    45.958811
  7.5061802    45.9587683
  7.5065318    45.9586802
  7.5067006    45.9586236
  7.5068023    45.958422
  7.5072265    45.9580446
  7.507531     45.9579675
  7.5079817    45.9580423
  7.5089844    45.9583255
  7.5098579    45.9586813
  7.5114932    45.9591514
  7.5118618    45.9593421
  7.5118753    45.9595509
  7.5120103    45.9602078
  7.5120936    45.960474
  7.5122717    45.9605758
  7.5137795    45.9611452
  7.51426      45.9614633
  7.5148319    45.9619729
  7.5156019    45.9622936
  7.5158669    45.962338
  7.5160449    45.9623957
  7.5165236    45.962373
  7.5168514    45.9624473
  7.5172345    45.9623313
  7.5176144    45.9623022
  7.5180606    45.9626901
  7.5181136    45.9626417
  7.5181206    45.9625472
  7.5180411    45.9623853
  7.5180125    45.9621384
  7.5180178    45.9619221
  7.5180781    45.9617441
  7.5182169    45.9615848
  7.5184691    45.9614702
  7.5187031    45.9614515
  7.518906     45.9613815
  7.5191396    45.9611612
  7.5193466    45.9607541
  7.5194525    45.9604615
  7.5195388    45.9603107
  7.5211302    45.9594223
  7.5222727    45.9590994
  7.5230093    45.9587959
  7.5233254    45.9586202
  7.5238476    45.9584852
  7.5247093    45.9581323
  7.5249378    45.9578139
  7.5254297    45.9575473
  7.5259688    45.957292
  7.5267096    45.9570919
  7.5272462    45.956961
  7.5275713    45.9568085
  7.5278049    45.9566124
  7.527978     45.9564927
  7.5281026    45.9565004
  7.5282386    45.9564651
  7.5287496    45.9564349
  7.5294321    45.9564262
  7.5298175    45.9565109
  7.5302517    45.9566644
  7.5304916    45.9567077
  7.5306199    45.9566919
  7.5308331    45.9566475
  7.5310295    45.9566263
  7.5313537    45.956653
  7.5319713    45.9567578
  7.5325487    45.956786
  7.5330948    45.956834
  7.5335455    45.9568845
  7.5339763    45.9569013
  7.5349557    45.9569146
  7.5354641    45.9568609
  7.5355861    45.9568236
  7.5357872    45.9566959
  7.53664      45.9562721
  7.5371614    45.9559299
  7.5378098    45.9554016
  7.5380907    45.9550999
  7.5382468    45.9550013
  7.5383808    45.9549483
  7.5384336    45.9549451
  7.538513     45.9549565
  7.5387176    45.9551872
  7.5390366    45.9554301
  7.539377     45.9556636
  7.5395964    45.9558509
  7.5397511    45.955954
  7.5399671    45.9560541
  7.5402092    45.9561092
  7.5404046    45.9562575
  7.5405915    45.9562447
  7.5410723    45.9566256
  7.5412556    45.9566143
  7.5416321    45.9564896
  7.5419387    45.9566068
  7.5423899    45.9568791
  7.5425131    45.9568749
  7.5427174    45.9569626
  7.542852     45.9571522
  7.5430017    45.9572735
  7.5431266    45.9574761
  7.5434766    45.9577695
  7.5436256    45.9579987
  7.5440347    45.9584522
  7.5440506    45.9585636
  7.5442226    45.958858
  7.5444647    45.959048
  7.5445234    45.9591379
  7.544801     45.9593731
  7.5449624    45.959551
  7.5452751    45.9596957
  7.5452625    45.9599201
  7.5454097    45.9601347
  7.545344     45.9602819
  7.5454985    45.9604221
  7.5457124    45.960696
  7.5458195    45.9608907
  7.5458189    45.9610033
  7.5460134    45.9613044
  7.546117     45.9614118
  7.5461273    45.9616534
  7.5460933    45.9617232
  7.5462803    45.962003
  7.5462822    45.9622601
  7.5463291    45.9623781
  7.5462832    45.9625484
  7.5463633    45.9627496
  7.5464737    45.9628492
  7.5464739    45.9629641
  7.5465809    45.9630353
  7.5459151    45.9633137
  7.5457838    45.9634613
  7.5454848    45.9636325
  7.5454267    45.9639277
  7.5454605    45.9640646
  7.5453733    45.9647259
  7.5452849    45.9647973
  7.5453419    45.9650768
  7.5453325    45.9653386
  7.5452062    45.9655006
  7.5451301    45.9659796
  7.5449661    45.9663047
  7.5449446    45.9664549
  7.544979     45.966613
  7.5448263    45.9666938
  7.5448578    45.966783
  7.5447359    45.9667871
  7.5447706    45.9669408
  7.544684     45.9671033
  7.5446668    45.9672021
  7.5448749    45.9674177
  7.5447491    45.9680559
  7.5446241    45.9680755
  7.5446225    45.9683234
  7.5444078    45.9684414
  7.5446344    45.9685847
  7.5444515    45.9687926
  7.5435505    45.9694649
  7.5433169    45.969715
  7.5433243    45.9697869
  7.5432218    45.9699912
  7.5432       45.9701391
  7.543251     45.9701953
  7.5430927    45.9704673
  7.5430389    45.9707819
  7.5429344    45.970917
  7.5429416    45.9710247
  7.5428932    45.971221
  7.5428403    45.9713133
  7.5428208    45.9715514
  7.5427261    45.9719924
  7.5425038    45.972387
  7.5426538    45.9724598
  7.5426494    45.9728232
  7.5427686    45.9731349
  7.5426745    45.9732798
  7.5426194    45.9733165
  7.5426204    45.97347
  7.542543     45.9735189
  7.5425432    45.9736101
  7.5424949    45.973674
  7.5425375    45.9737274
  7.542466     45.9739731
  7.5423263    45.9740317
  7.5424023    45.9741583
  7.5423212    45.9742545
  7.5422657    45.9745978
  7.5421889    45.9747869
  7.5421448    45.9750001
  7.541992     45.9753236
  7.5417267    45.9756292
  7.5416472    45.9758921
  7.5414777    45.9761656
  7.5415177    45.9762562
  7.5416864    45.9764135
  7.5417645    45.9765323
  7.5417815    45.9767032
  7.5418214    45.9767812
  7.5418759    45.9768211
  7.5418742    45.976883
  7.5419763    45.9769509
  7.541951     45.9771033
  7.5421893    45.9774955
  7.5422272    45.9777907
  7.5423862    45.9779812
  7.5425023    45.9780222
  7.5426074    45.9782227
  7.5428345    45.9784391
  7.5429463    45.9784638
  7.5430739    45.9785872
  7.5431895    45.9787855
  7.5432825    45.9788987
  7.5433419    45.9788985
  7.5434659    45.9790936
  7.5436676    45.9791982
  7.5437622    45.9792166
  7.5439928    45.9794469
  7.5440615    45.979461
  7.5441859    45.979568
  7.5442609    45.9795431
  7.5443287    45.9796177
  7.5443981    45.9796335
  7.5444363    45.9797304
  7.5444948    45.9797468
  7.5444843    45.9797888
  7.5446289    45.979887
  7.544676     45.9799573
  7.544746     45.9799611
  7.5448184    45.9800021
  7.5448042    45.9800175
  7.5448627    45.9800268
  7.5450433    45.9802628
  7.5450256    45.9804946
  7.5451349    45.9806398
  7.5451952    45.9806511
  7.5453101    45.9807587
  7.5453709    45.9810871
  7.5454466    45.981246
  7.5456106    45.9813641
  7.5455067    45.9815318
  7.5457793    45.9816952
  7.5456563    45.9817956
  7.5455661    45.9820138
  7.5456031    45.9821616
  7.5455088    45.9822419
  7.5457284    45.9826178
  7.5458238    45.982708
  7.5458279    45.9828846
  7.5456327    45.9831462
  7.5455693    45.9832181
  7.5455773    45.9833188
  7.5456157    45.9834565
  7.5456452    45.9835988
  7.5456981    45.9837659
  7.5458001    45.9838848
  7.5460085    45.9840145
  7.5462684    45.9840915
  7.5466072    45.9842664
  7.5473803    45.9846885
  7.5478649    45.9850541
  7.5483771    45.9854776
  7.5486467    45.9857596
  7.5488967    45.9860619
  7.548961     45.9862008
  7.5501336    45.9865558
  7.5520205    45.9864273
  7.5607926    45.9861722
  7.5609788    45.9861516
  7.5611564    45.9860907
  7.5615795    45.985886
  7.5618646    45.9857344
  7.5619964    45.9856869
  7.5620967    45.9857266
  7.5623141    45.9858785
  7.562567     45.9860169
  7.5628402    45.9861493
  7.5633656    45.9864787
  7.5635088    45.9865227
  7.5636347    45.9865329
  7.5639159    45.9865264
  7.5641069    45.986498
  7.5642831    45.9864358
  7.5645128    45.9864064
  7.5647523    45.9864172
  7.5648542    45.9864371
  7.5649049    45.9864682
  7.5650828    45.9865085
  7.5653852    45.9865601
  7.56621      45.9866664
  7.5666442    45.9867891
  7.5676051    45.9872647
  7.5682248    45.9876412
  7.5684741    45.9877112
  7.5689539    45.9876968
  7.5697636    45.9875234
  7.5705129    45.9873318
  7.57098      45.9872493
  7.5712205    45.9872345
  7.571689     45.9873298
  7.5722372    45.9873475
  7.5729863    45.9873822
  7.5736328    45.987433
  7.5745509    45.9875836
  7.5747025    45.9875731
  7.5749926    45.9874346
  7.5757026    45.986982
  7.5764063    45.9867486
  7.576594     45.9868012
  7.5786072    45.9860118
  7.582276     45.9778778
  7.5821709    45.9772906
  7.5821275    45.9767389
  7.5820291    45.9766251
  7.5816034    45.9762268
  7.5813045    45.9758106
  7.5812394    45.9755556
  7.5812524    45.9751373
  7.5815835    45.9747344
  7.5816869    45.9746195
  7.581745     45.9744456
  7.5817021    45.9743765
  7.5818686    45.9743197
  7.5819911    45.9742269
  7.5820402    45.9741167
  7.5821734    45.9740187
  7.5822588    45.9740376
  7.582357     45.9738983
  7.5825578    45.9738007
  7.5826027    45.9736964
  7.5825827    45.9736541
  7.5826255    45.9736396
  7.5826259    45.9734694
  7.5827206    45.9733864
  7.5828971    45.9733791
  7.5828929    45.9733387
  7.5830854    45.9730146
  7.5831426    45.97299
  7.5832732    45.9728392
  7.5833957    45.9725747
  7.583551     45.9724462
  7.583503     45.9723941
  7.5835195    45.9723236
  7.583757     45.9722073
  7.5839195    45.9721941
  7.584077     45.9721098
  7.5843734    45.9720635
  7.5847086    45.9718329
  7.5848122    45.9716966
  7.5849667    45.9716647
  7.585046     45.9715876
  7.5853318    45.9715856
  7.5855269    45.9715534
  7.5857834    45.9715038
  7.5861111    45.9713946
  7.5863852    45.97132
  7.5866712    45.9712099
  7.5868068    45.971141
  7.5868783    45.9710327
  7.5873223    45.9708461
  7.5875649    45.9708038
  7.5876689    45.9707327
  7.5877484    45.9707311
  7.5877633    45.9707025
  7.5878838    45.970719
  7.5879678    45.9706509
  7.5880869    45.9706658
  7.588271     45.9706124
  7.5883348    45.9705709
  7.5885186    45.9705481
  7.5886314    45.9705044
  7.588715     45.9705211
  7.5890007    45.9704755
  7.5892172    45.9705083
  7.5895351    45.9705986
  7.5905869    45.9707111
  7.5906483    45.9707615
  7.5907675    45.9708059
  7.5909908    45.9707857
  7.5911399    45.9707367
  7.5913726    45.970736
  7.5916204    45.9706721
  7.5917162    45.9707168
  7.5919502    45.9707456
  7.5920634    45.9707389
  7.592127     45.9706468
  7.5922162    45.9706889
  7.5923002    45.9707725
  7.5924039    45.9707221
  7.5925549    45.9706921
  7.5929709    45.9707569
  7.5931141    45.9707482
  7.5932234    45.9707853
  7.5934129    45.9708005
  7.5937305    45.9707508
  7.5940998    45.9707315
  7.5945408    45.9707411
  7.5948769    45.9707199
  7.5949414    45.9707407
  7.5957435    45.970573
  7.5958708    45.9705731
  7.5960346    45.9705389
  7.5961141    45.9705524
  7.5961687    45.9705208
  7.5972368    45.9704014
  7.5978499    45.9704457
  7.5986806    45.9703288
  7.5988903    45.9702472
  7.5997615    45.9700745
  7.6000339    45.9700754
  7.6003671    45.9700081
  7.6004478    45.9700307
  7.6008575    45.9700164
  7.6015356    45.9701106
  7.6020832    45.9701335
  7.6027584    45.9701192
  7.603044     45.970151
  7.6034718    45.9703253
  7.6040006    45.9704059
  7.6043974    45.9702696
  7.6047253    45.9700741
  7.605035     45.9699404
  7.6051491    45.9699376
  7.6059956    45.969974
  7.6063473    45.9699228
  7.606453     45.9699367
  7.6067113    45.9699227
  7.607013     45.9698395
  7.6070745    45.9697839
  7.6071626    45.969765
  7.6075759    45.9695682
  7.6076716    45.9695594
  7.6077106    45.9695212
  7.6080013    45.9694707
  7.6081664    45.9694189
  7.6083502    45.9694117
  7.6083853    45.969428
  7.6084828    45.9693963
  7.6086883    45.9694116
  7.608849     45.969389
  7.6090285    45.969404
  7.6095347    45.9693436
  7.6103477    45.9693447
  7.6104143    45.9694811
  7.6105389    45.9695372
  7.6105889    45.9696166
  7.6106786    45.9696118
  7.6109284    45.9697368
  7.6110179    45.969911
  7.6113414    45.9699791
  7.6114001    45.9700756
  7.6115846    45.9701897
  7.6116869    45.9702219
  7.6118112    45.9703164
  7.6121906    45.970352
  7.6123209    45.9704264
  7.6125227    45.9704543
  7.6127921    45.9705336
  7.6131533    45.9705358
  7.6134921    45.9705725
  7.6135267    45.9706687
  7.6135974    45.9707059
  7.6136279    45.9707571
  7.6138472    45.9708144
  7.6140989    45.970921
  7.6142886    45.9710643
  7.6146214    45.9711683
  7.6149293    45.9713847
  7.6152278    45.9714555
  7.6154112    45.9713942
  7.6155326    45.9714179
  7.6158853    45.9713994
  7.6159174    45.9713708
  7.6159871    45.9713801
  7.6160915    45.9713519
  7.616151     45.9713874
  7.6162223    45.9713597
  7.6162817    45.9714515
  7.6164428    45.9714386
  7.6166304    45.9713781
  7.6168065    45.9713984
  7.6168498    45.9713592
  7.6170762    45.9712782
  7.6173061    45.9713495
  7.6172683    45.9714729
  7.6173853    45.9715522
  7.6174188    45.9716401
  7.6175537    45.9717386
  7.6176829    45.9717828
  7.6178795    45.9717247
  7.6182655    45.9719685
  7.61833      45.9719843
  7.6188149    45.9723332
  7.6189891    45.9723549
  7.619264     45.9723272
  7.6195817    45.972377
  7.6199007    45.9722859
  7.6201099    45.9723236
  7.6202722    45.9722499
  7.6205711    45.9721746
  7.6207271    45.9720374
  7.621026     45.9719421
  7.621157     45.9719427
  7.6213078    45.9718803
  7.6214954    45.9718521
  7.621749     45.9717746
  7.6220557    45.9717516
  7.6222183    45.9716973
  7.6225016    45.9716508
  7.622648     45.9715934
  7.6228475    45.9715717
  7.6232443    45.9714859
  7.6233856    45.9715131
  7.6239032    45.9715062
  7.6240067    45.9715256
  7.6244618    45.9715008
  7.6244899    45.971525
  7.6246419    45.9714805
  7.6251878    45.9714024
  7.6257588    45.9712106
  7.6260714    45.9711412
  7.6266752    45.9709349
  7.6269185    45.9709688
  7.6270642    45.970923
  7.6274385    45.970873
  7.6275536    45.9709166
  7.6283368    45.9709165
  7.6288279    45.970957
  7.6290302    45.9709683
  7.6292819    45.9709717
  7.6296974    45.9709463
  7.6300619    45.9708972
  7.6304124    45.970814
  7.6305827    45.9707657
  7.6306216    45.9707438
  7.6309371    45.9706618
  7.631105     45.9705931
  7.631252     45.9705695
  7.6314052    45.9705036
  7.6315941    45.970493
  7.6316869    45.9704568
  7.6317898    45.9704629
  7.6322996    45.9702993
  7.6323628    45.9703977
  7.6325013    45.9704736
  7.6327159    45.9704811
  7.6332983    45.9704791
  7.6339229    45.9704445
  7.6344668    45.9703698
  7.6348427    45.9703241
  7.6350913    45.970317
  7.6351775    45.9702721
  7.635288     45.9703143
  7.6354668    45.9703132
  7.6361378    45.9702335
  7.6366836    45.9701586
  7.6370941    45.9700547
  7.6372254    45.9700323
  7.6374682    45.9700446
  7.6380929    45.9701188
  7.6382731    45.9701537
  7.6383706    45.9701552
  7.6383923    45.9702291
  7.6384783    45.970194
  7.6385502    45.9702184
  7.6389219    45.9701397
  7.639538     45.9701115
  7.6396228    45.9701372
  7.6397601    45.9702335
  7.6401827    45.9702859
  7.6401974    45.9703288
  7.6403066    45.9703735
  7.6404552    45.9704807
  7.6408612    45.9705385
  7.6409313    45.970598
  7.6410867    45.9705951
  7.6410987    45.9706374
  7.6412741    45.9706953
  7.641484     45.9706964
  7.6417401    45.9707285
  7.6418412    45.9708078
  7.6418931    45.9707904
  7.6419451    45.9708156
  7.6420614    45.9707894
  7.6422553    45.9709029
  7.6424759    45.9709512
  7.6430105    45.9711239
  7.6433652    45.9711909
  7.6436896    45.9713017
  7.6437371    45.9713529
  7.6437798    45.9715175
  7.6441136    45.9716661
  7.6443053    45.9716195
  7.6448612    45.971674
  7.6449359    45.9717117
  7.645105     45.9719088
  7.6457006    45.9723319
  7.6457466    45.972432
  7.6460395    45.9725385
  7.6461343    45.9726385
  7.6469877    45.9728762
  7.6471985    45.9729099
  7.6471976    45.9728927
  7.6476333    45.9730063
  7.6478148    45.9730917
  7.6479734    45.9731335
  7.6480827    45.9732046
  7.648177     45.9733649
  7.6484455    45.9735403
  7.6484897    45.9736177
  7.6485447    45.9735697
  7.6486439    45.9735612
  7.6487369    45.9736017
  7.6489364    45.9738004
  7.6490536    45.9737791
  7.6491634    45.9738212
  7.6493039    45.9739029
  7.6493594    45.9739014
  7.649544     45.9740338
  7.6496317    45.9740072
  7.649933     45.9740867
  7.6500801    45.9740808
  7.6503141    45.9741577
  7.6504995    45.9741732
  7.6507579    45.9742342
  7.6509073    45.9742102
  7.6509972    45.9742333
  7.6510616    45.9742097
  7.6511268    45.9742225
  7.6512392    45.9741911
  7.6515506    45.9742063
  7.651599     45.9742703
  7.6521117    45.9741687
  7.6521102    45.9741195
  7.6522637    45.9741596
  7.6522742    45.9741449
  7.6524327    45.974167
  7.6525677    45.9741171
  7.6526701    45.9741171
  7.6530492    45.9742212
  7.6531876    45.9742384
  7.6533104    45.9742166
  7.6537053    45.9742802
  7.6538758    45.9744375
  7.6540111    45.9745044
  7.6540345    45.9745499
  7.6542494    45.9746776
  7.6542903    45.9747893
  7.654522     45.9750636
  7.654543     45.9751385
  7.6546037    45.9751661
  7.6546556    45.9752286
  7.6546917    45.9753296
  7.6548383    45.9753578
  7.6549115    45.9754412
  7.6549814    45.9756155
  7.6549902    45.9757327
  7.6550305    45.9757375
  7.6550099    45.9758178
  7.655036     45.9758442
  7.6551581    45.975865
  7.6551668    45.9759012
  7.6552896    45.9759028
  7.6555733    45.976024
  7.6557224    45.9761143
  7.655883     45.9760683
  7.6560889    45.9762257
  7.6562689    45.9762818
  7.6564084    45.9762626
  7.6565377    45.9762846
  7.6569975    45.9765625
  7.657228     45.9765279
  7.6574415    45.9766359
  7.6575912    45.9766109
  7.6577916    45.9766138
  7.6578012    45.976671
  7.6579182    45.9766091
  7.658293     45.9764828
  7.6585223    45.9764204
  7.6585946    45.9764203
  7.6587375    45.9764326
  7.6589759    45.9763655
  7.6593083    45.9763511
  7.6630103    45.9758542
  7.6632224    45.9758641
  7.6634961    45.975797
  7.6637619    45.9757874
  7.66403      45.9757382
  7.6642737    45.9756579
  7.6643695    45.9755324
  7.6645724    45.9750304
  7.664726     45.9751211
  7.6648002    45.9750793
  7.6648844    45.9750004
  7.664984     45.9748074
  7.6651755    45.974753
  7.6653153    45.9745911
  7.665488     45.9743121
  7.665723     45.9741823
  7.6658354    45.9741342
  7.6659804    45.974176
  7.6660952    45.9741175
  7.6663882    45.9740254
  7.6666833    45.9739818
  7.6668319    45.9740066
  7.6682695    45.9738171
  7.6683147    45.973711
  7.6682832    45.9735698
  7.6683632    45.9733976
  7.6684117    45.9731736
  7.6684992    45.9730996
  7.6686066    45.9728167
  7.6688258    45.9726038
  7.6688857    45.9724628
  7.6688599    45.9723721
  7.6690954    45.9721106
  7.6693172    45.9716896
  7.6694366    45.9716061
  7.6696167    45.9714189
  7.6697429    45.9713831
  7.6699336    45.971069
  7.6702398    45.9708153
  7.6703613    45.9705928
  7.6704438    45.9700852
  7.6705576    45.9698889
  7.6707164    45.9698166
  7.6708048    45.9697385
  7.6711195    45.9696337
  7.6712071    45.9696374
  7.6721641    45.9693442
  7.6723623    45.9693731
  7.6724915    45.9693366
  7.6726653    45.9693284
  7.673423     45.9687007
  7.6735405    45.968505
  7.6735797    45.9682166
  7.6737923    45.9678343
  7.6737466    45.9676911
  7.6738317    45.9675254
  7.67383      45.9673673
  7.6737702    45.9673025
  7.6737247    45.9671481
  7.6736923    45.9668563
  7.6738926    45.9666415
  7.6741491    45.9664189
  7.6742832    45.9662103
  7.674757     45.9657849
  7.6749774    45.9657302
  7.675202     45.9656098
  7.6754498    45.9655149
  7.6756704    45.9653671
  7.6760677    45.9652187
  7.6763498    45.9651546
  7.6770526    45.9650784
  7.6771022    45.9649329
  7.6773234    45.9647053
  7.67727      45.9643509
  7.6770759    45.9641925
  7.6771113    45.9639671
  7.67734      45.9637485
  7.6774424    45.9633978
  7.6775437    45.9633449
  7.6774786    45.9632036
  7.6776022    45.9630427
  7.6776783    45.9628874
  7.6776741    45.9627422
  7.6777485    45.9626606
  7.6777736    45.962563
  7.6776994    45.9624835
  7.6777093    45.9623411
  7.677639     45.9620469
  7.6777053    45.9619281
  7.6779265    45.9617112
  7.6780025    45.9615924
  7.6780894    45.9615285
  7.6780792    45.9614217
  7.6778554    45.9609466
  7.6778939    45.9607861
  7.6780466    45.960444
  7.6781965    45.9603453
  7.6783474    45.9600743
  7.6782548    45.959943
  7.678139     45.9596167
  7.6783256    45.9591714
  7.678321     45.9588364
  7.678633     45.9585921
  7.6790247    45.9583327
  7.6794356    45.958092
  7.6797457    45.9579791
  7.6797048    45.9577909
  7.6802372    45.9575449
  7.6807749    45.9572391
  7.6810151    45.9569986
  7.6811325    45.9569318
  7.6814136    45.9568202
  7.6816417    45.9567599
  7.6818863    45.9568427
  7.6821989    45.9566608
  7.6823677    45.9566658
  7.6824749    45.9567746
  7.6827408    45.9566732
  7.6831859    45.9566496
  7.6833354    45.9566729
  7.6835291    45.9565843
  7.6835743    45.956618
  7.6838163    45.9565461
  7.6838768    45.9565843
  7.6840433    45.9565512
  7.6843687    45.9562997
  7.6845959    45.9561645
  7.6845995    45.9561366
  7.6848204    45.9559677
  7.6849937    45.9559176
  7.6852347    45.9557875
  7.6856993    45.9556151
  7.6867591    45.9551299
  7.6870259    45.9550423
  7.6877891    45.9549854
  7.6881621    45.9549811
  7.6887667    45.954924
  7.6896743    45.9547511
  7.6899368    45.9546012
  7.6902176    45.9545705
  7.6903373    45.9545003
  7.6904973    45.9545409
  7.6906421    45.9544893
  7.6908806    45.9545957
  7.6910561    45.9546127
  7.6911689    45.9546735
  7.6915429    45.9546888
  7.6915505    45.9545883
  7.6917801    45.954674
  7.6920244    45.9547011
  7.6921765    45.9546609
  7.6923699    45.9546727
  7.6929577    45.9547979
  7.6932093    45.9546948
  7.6938708    45.9547072
  7.6940153    45.9546011
  7.6943824    45.9545907
  7.6948534    45.9547175
  7.6951882    45.9546622
  7.6955811    45.9548212
  7.6957981    45.9548113
  7.6960532    45.954946
  7.6966032    45.9549131
  7.6969004    45.9547448
  7.6972102    45.9546733
  7.6975543    45.9548025
  7.6979936    45.9546477
  7.6988215    45.9544984
  7.6993332    45.9541957
  7.6995057    45.9541407
  7.6996778    45.9540637
  7.6997212    45.9539937
  7.6994076    45.9538952
  7.6997693    45.9537408
  7.6996992    45.9533906
  7.7001808    45.9527522
  7.7006204    45.9524753
  7.7013222    45.9522981
  7.7017302    45.9520064
  7.702705     45.951704
  7.7029027    45.9515096
  7.702935     45.951341
  7.7034107    45.9509858
  7.7037335    45.9508713
  7.7040542    45.9505602
  7.7042311    45.9506342
  7.7045951    45.9505774
  7.7047975    45.9504971
  7.7051633    45.9501505
  7.7054549    45.9499696
  7.7056593    45.9498036
  7.7057258    45.9496813
  7.7057075    45.9496106
  7.7061824    45.9494923
  7.707458     45.9492594
  7.7076839    45.9493436
  7.7083904    45.9492991
  7.7085694    45.9489963
  7.7087615    45.9489272
  7.7091978    45.9486919
  7.7097054    45.9481695
  7.7098786    45.9480948
  7.7099473    45.9480116
  7.7099097    45.9479004
  7.7098013    45.9477848
  7.7098966    45.9476492
  7.7098554    45.9475724
  7.7099278    45.9474101
  7.7099046    45.947203
  7.7097973    45.947059
  7.709559     45.9466101
  7.7096216    45.9465166
  7.709689     45.9462485
  7.7095617    45.9459122
  7.7095773    45.9458022
  7.7091732    45.9453135
  7.7088533    45.9452209
  7.7086559    45.944858
  7.7085642    45.9444048
  7.7086801    45.9441226
  7.7086511    45.9439637
  7.7085762    45.9438722
  7.7091514    45.9416403
  7.7074286    45.9355386
  7.7073848    45.9352127
  7.7073696    45.934962
  7.7073209    45.9348937
  7.7075447    45.9344765
  7.7078311    45.9340576
  7.7079414    45.9340238
  7.7079987    45.933987
  7.7081763    45.9337922
  7.7081899    45.9337765
  7.7081903    45.9337425
  7.7082521    45.9336995
  7.7082231    45.9336712
  7.7082568    45.9336388
  7.7082829    45.9336209
  7.7083529    45.9334755
  7.7084361    45.9334881
  7.7086009    45.9337645
  7.7091293    45.9338644
  7.7092907    45.9338671
  7.709658     45.9337643
  7.7109313    45.9332493
  7.7112735    45.9329085
  7.7115659    45.9321889
  7.7118415    45.9315374
  7.7124569    45.9306397
  7.7127728    45.929788
  7.7128407    45.9290475
  7.7127137    45.9284899
  7.7126572    45.9282889
  7.7126731    45.9282272
  7.7130932    45.9279877
  7.7134746    45.927908
  7.7162184    45.9277704
  7.7163327    45.9277339
  7.7165413    45.9274158
  7.7167045    45.9270504
  7.7169396    45.9264734
  7.7173128    45.9257252
  7.7177725    45.9251993
  7.718374     45.9245615
  7.7189019    45.9242084
  7.7204798    45.9237895
  7.7212341    45.9236306
  7.722327     45.9234925
  7.7238699    45.9235871
  7.7259585    45.9236725
  7.7285801    45.9238008
  7.7341316    45.9239447
  7.734153     45.9239583
  7.7344609    45.9240295
  7.73474      45.9240682
  7.7349327    45.9239947
  7.7350085    45.9239744
  7.7350929    45.9239722
  7.7350971    45.9239899
  7.7350847    45.9240031
  7.735017     45.9240441
  7.7348746    45.9241879
  7.7347258    45.9247803
  7.7361498    45.9275232
  7.7368707    45.9282984
  7.7386926    45.9297159
  7.7403396    45.9307444
  7.7420589    45.9315779
  7.7435508    45.9326249
  7.7458283    45.9348775
  7.7472294    45.9373883
  7.7477688    45.9392122
  7.7478472    45.9401694
  7.7477509    45.9410076
  7.7480735    45.9408649
  7.7488959    45.9404329
  7.7500591    45.9400541
  7.7506668    45.9399933
  7.7516285    45.9399633
  7.7520651    45.9400535
  7.7531667    45.940062
  7.7533657    45.9400461
  7.7539903    45.9396893
  7.754355     45.9395331
  7.7549066    45.9394419
  7.7551641    45.9393493
  7.7556848    45.9391407
  7.7561072    45.9390589
  7.7565412    45.9389197
  7.7570825    45.9387131
  7.7577685    45.9387242
  7.7582245    45.9387544
  7.7586858    45.9387792
  7.7591272    45.9387678
  7.7595022    45.9387304
  7.7596991    45.9386966
  7.7598654    45.9386426
  7.7600281    45.9386335
  7.760525     45.9386803
  7.7606465    45.938669
  7.7607637    45.9386217
  7.7609886    45.9384856
  7.7614887    45.9383884
  7.7617406    45.9383155
  7.7619104    45.9382237
  7.7623861    45.9381803
  7.7626758    45.9381456
  7.7639351    45.9379018
  7.7644852    45.9377638
  7.7647112    45.9376942
  7.7648109    45.9377349
  7.7650681    45.9377701
  7.7653448    45.9377425
  7.7655528    45.9376709
  7.7657481    45.9375902
  7.7660465    45.9376294
  7.7665365    45.9376365
  7.7667467    45.9375811
  7.7670261    45.93755
  7.7673652    45.9374978
  7.7685531    45.9372137
  7.7689762    45.9372181
  7.7692674    45.9371169
  7.769364     45.9369451
  7.7694913    45.9365595
  7.7696885    45.9363906
  7.7700413    45.9362179
  7.7700876    45.9361456
  7.7701898    45.93612
  7.770147     45.9360092
  7.7703035    45.9359493
  7.7702901    45.9358771
  7.7704195    45.9358273
  7.7705287    45.9357032
  7.7705494    45.9356247
  7.7706344    45.935509
  7.7707629    45.9352897
  7.7708131    45.934887
  7.7708989    45.9347386
  7.7712537    45.9345606
  7.7717702    45.9339541
  7.7719952    45.9338089
  7.7723326    45.9337189
  7.7724164    45.9336622
  7.7728054    45.933337
  7.7731588    45.9331032
  7.7736333    45.9328778
  7.7742142    45.93274
  7.7745011    45.9327143
  7.7749412    45.9327623
  7.7751675    45.9327971
  7.7752273    45.9327761
  7.7753942    45.9324593
  7.7756882    45.9319944
  7.7758532    45.931881
  7.7761541    45.9313406
  7.77656      45.931066
  7.7769541    45.9308596
  7.7776902    45.930583
  7.7791246    45.9299899
  7.7804676    45.9295668
  7.7810526    45.9294153
  7.7819277    45.9290913
  7.7824485    45.9288334
  7.7848094    45.9278404
  7.7861974    45.9275814
  7.7878665    45.9264222
  7.7891175    45.9255869
  7.7908126    45.924948
  7.7917397    45.9241885
  7.7917073    45.9233152
  7.7923238    45.9224458
  7.7932285    45.9218227
  7.7931879    45.9208147
  7.7939832    45.9199999
  7.7980368    45.9180542
  7.7991166    45.9175359
  7.7995172    45.9171258
  7.8003561    45.9172204
  7.8014717    45.9174511
  7.8020633    45.917731
  7.8038032    45.9184609
  7.8053893    45.9191667
  7.8073649    45.9211033
  7.8086842    45.922294
  7.809901     45.9230457
  7.8117964    45.9235033
  7.8131438    45.9233805
  7.8141911    45.9235535
  7.8148651    45.9241864
  7.8171       45.9253101
  7.8191655    45.9265631
  7.82039      45.9269589
  7.8217648    45.9269599
  7.8226677    45.9267068
  7.8240583    45.9263105
  7.8251444    45.9261849
  7.8265956    45.9261089
  7.8278749    45.9257098
  7.8289661    45.9253393
  7.8302092    45.9251693
  7.8314464    45.924963
  7.8328387    45.924463
  7.8333303    45.9238726
  7.8338775    45.9230445
  7.8356329    45.9223542
  7.8367199    45.9217239
  7.8406702    45.922039
  7.8429231    45.9219618
  7.8475184    45.9207835
  7.8507287    45.9205908
  7.8529423    45.9207631
  7.8559357    45.921168
  7.8585001    45.9208687
  7.8596708    45.9203305
  7.8603749    45.9192627
  7.8609492    45.9178686
  7.8640758    45.9167499
  7.8632189    45.9163128
  7.8630509    45.9155835
  7.8628067    45.915356
  7.8621838    45.9149177
  7.8618972    45.9144289
  7.8619639    45.9136915
  7.8622392    45.9128392
  7.862192     45.9119927
  7.861808     45.9112238
  7.8613734    45.9104094
  7.861468     45.9095643
  7.8618589    45.9087312
  7.8623234    45.9080878
  7.8631596    45.9075471
  7.8642241    45.9071886
  7.8653402    45.9068307
  7.8665356    45.9063745
  7.8675379    45.9059074
  7.8678429    45.9054874
  7.8675379    45.9046384
  7.8671802    45.9038401
  7.8672486    45.9033073
  7.8670683    45.9032436
  7.8661578    45.9027706
  7.8658224    45.9021462
  7.8654842    45.9017594
  7.8652429    45.9014834
  7.8648372    45.9011464
  7.864041     45.9003644
  7.8640166    45.9003054
  7.863783     45.8997408
  7.863585     45.8987038
  7.8635329    45.8981003
  7.8635352    45.8973532
  7.8635131    45.896543
  7.863558     45.8956074
  7.8637959    45.8946827
  7.8640744    45.8936684
  7.864141     45.892931
  7.8643461    45.892357
  7.8645697    45.8915042
  7.8649345    45.8906798
  7.8654127    45.8899825
  7.8659457    45.8891237
  7.8661277    45.8884145
  7.8661289    45.8877215
  7.8660911    45.8870461
  7.8658915    45.8860406
  7.8656937    45.885044
  7.8656155    45.884493
  7.8656385    45.8839544
  7.8656252    45.8834052
  7.8655048    45.8827633
  7.8652787    45.8824812
  7.8651085    45.8818939
  7.8654108    45.881216
  7.8654081    45.8800819
  7.8656097    45.8790398
  7.8662698    45.8782633
  7.8669976    45.8773255
  7.8676151    45.8766554
  7.8677619    45.876496
  7.868487     45.8756842
  7.8686775    45.875191
  7.8685076    45.8740373
  7.8683437    45.8732256
  7.8683497    45.8729274
  7.8683603    45.8724067
  7.8686108    45.8714911
  7.8688231    45.8708528
  7.8688853    45.8706658
  7.8688672    45.8702687
  7.8688496    45.8698824
  7.8687265    45.8689631
  7.868664     45.8682335
  7.8688161    45.8677219
  7.8692255    45.867231
  7.8698702    45.8665713
  7.8707557    45.866103
  7.8711982    45.8658824
  7.8716191    45.8654545
  7.8717447    45.8649787
  7.872278     45.8644346
  7.8728538    45.8641842
  7.8733498    45.8639367
  7.8735858    45.8637835
  7.8741552    45.8636401
  7.8742993    45.8635183
  7.8742242    45.8632045
  7.8745723    45.8630039
  7.8752556    45.8625736
  7.8758846    45.8621806
  7.8759229    45.8615817
  7.8757684    45.8609411
  7.8744418    45.8599787
  7.8740994    45.8591379
  7.8738349    45.8586549
  7.8731987    45.8582032
  7.8735545    45.8573775
  7.873909     45.8562395
  7.874078     45.8559351
  7.8739392    45.8554095
  7.873857     45.8545019
  7.8738738    45.8537453
  7.8734648    45.8533025
  7.8728988    45.8528613
  7.8719899    45.85218
  7.8717108    45.8517348
  7.8711321    45.8515942
  7.8709209    45.851286
  7.8710008    45.8507483
  7.8710292    45.8503497
  7.8700856    45.8498514
  7.869394     45.8494017
  7.8686751    45.8490979
  7.8673578    45.8487131
  7.8665359    45.8485041
  7.8655958    45.8480223
  7.865427     45.847428
  7.865358     45.8469785
  7.8654724    45.8464686
  7.8653953    45.8459834
  7.8651471    45.8452884
  7.8651989    45.844669
  7.8653301    45.8443345
  7.865341     45.8441483
  7.8652547    45.8439492
  7.865187     45.8436407
  7.8649421    45.8431012
  7.8648398    45.8426316
  7.8642058    45.8420873
  7.8637762    45.8418918
  7.8635565    45.8413969
  7.863681     45.8408949
  7.864111     45.8402057
  7.863779     45.8398244
  7.8635457    45.8394325
  7.8639777    45.8392155
  7.8637951    45.8389948
  7.8639668    45.8387705
  7.8635048    45.8385003
  7.8636681    45.8384209
  7.8639842    45.8382921
  7.8644618    45.8382212
  7.8649862    45.8381351
  7.8654186    45.8377704
  7.8655663    45.8376611
  7.8658844    45.8372539
  7.8661145    45.8368007
  7.8664197    45.8367127
  7.8666865    45.8365645
  7.8665995    45.8362873
  7.8668715    45.8361738
  7.8673053    45.8360785
  7.8679183    45.8358397
  7.8685098    45.8356119
  7.8690251    45.835178
  7.8695075    45.8348857
  7.8696636    45.8345872
  7.8698766    45.8343828
  7.8706905    45.8336538
  7.871052     45.8332824
  7.8711697    45.832975
  7.871171     45.832595
  7.8712837    45.8321801
  7.8715573    45.8318064
  7.8719533    45.8314554
  7.872142     45.8311037
  7.8721795    45.8307374
  7.8723834    45.830543
  7.8727268    45.8299222
  7.8731291    45.8294328
  7.8733647    45.8288338
  7.8735089    45.8285761
  7.8736028    45.8283967
  7.8735797    45.8281339
  7.8736301    45.8279257
  7.8737934    45.8277909
  7.8737728    45.8276207
  7.8740571    45.8273172
  7.8740544    45.8271265
  7.8739042    45.8268499
  7.8738425    45.8265583
  7.8737567    45.8264088
  7.8737111    45.8261502
  7.8738135    45.8259225
  7.8734       45.8258742
  7.872885     45.825906
  7.8722755    45.825874
  7.8708817    45.8257969
  7.86903      45.8254766
  7.8676801    45.8252637
  7.8671428    45.8241456
  7.8667374    45.8238631
  7.8660157    45.8230744
  7.8656713    45.8224244
  7.8651978    45.8220262
  7.8640702    45.8211329
  7.8629612    45.8203579
  7.8616297    45.8198544
  7.8615209    45.8197974
  7.8619397    45.819287
  7.8628331    45.8181986
  7.8635754    45.8169787
  7.8637658    45.8159929
  7.8639625    45.8155998
  7.8641631    45.8152204
  7.8636801    45.8147574
  7.8639148    45.8144683
  7.8637899    45.8125552
  7.8639144    45.8114521
  7.8634732    45.8106414
  7.8639312    45.8084786
  7.8640656    45.8070023
  7.8650965    45.804834
  7.8649625    45.8045081
  7.864712     45.8040763
  7.8647169    45.8036449
  7.8652222    45.8025866
  7.8657537    45.8022435
  7.8661787    45.8019745
  7.8658915    45.8009287
  7.8656471    45.8000905
  7.8655266    45.7993266
  7.8657729    45.7987159
  7.8657006    45.7981966
  7.8644076    45.7966968
  7.8631699    45.795456
  7.8629762    45.7945295
  7.8626019    45.7940502
  7.8626371    45.7936281
  7.8624754    45.7932009
  7.8624584    45.7927441
  7.8622815    45.7921339
  7.8618882    45.7917769
  7.8620414    45.7915277
  7.8627684    45.7914816
  7.8631647    45.79097
  7.8639441    45.7905519
  7.8642454    45.7900681
  7.8645687    45.7896764
  7.8649432    45.7895222
  7.865446     45.7889162
  7.8657222    45.7884338
  7.8667157    45.7876622
  7.8673821    45.7872473
  7.8676521    45.7866885
  7.8682096    45.7859109
  7.869072     45.7855282
  7.8691774    45.7849456
  7.8693769    45.7843983
  7.8692114    45.7840338
  7.8689726    45.7837401
  7.8692375    45.7833899
  7.8690933    45.7829608
  7.8697689    45.7826244
  7.8702423    45.7821672
  7.8711576    45.7815753
  7.8714504    45.7812988
  7.871872     45.7810094
  7.8722614    45.78052
  7.8725066    45.7802846
  7.8726613    45.77925
  7.872926     45.7790616
  7.8732729    45.7783979
  7.8746324    45.7781689
  7.8751972    45.7775704
  7.8752447    45.7772548
  7.8758439    45.7769354
  7.8761869    45.7764824
  7.8775676    45.7757151
  7.8781572    45.7752884
  7.8787987    45.7751864
  7.8795525    45.7751553
  7.8802277    45.774349
  7.8807376    45.7736951
  7.8817567    45.7726213
  7.8818609    45.7725114
  7.8818848    45.7719841
  7.8822695    45.7711718
  7.8821123    45.7705621
  7.8823304    45.770309
  7.8823378    45.7696695
  7.8822433    45.769112
  7.8817098    45.7684311
  7.8809667    45.7678897
  7.8809715    45.7674774
  7.8805951    45.7670563
  7.880388     45.7666787
  7.8810923    45.7659589
  7.8821289    45.7654312
  7.8830941    45.7650284
  7.8839903    45.764953
  7.8844194    45.7644218
  7.8842589    45.7638256
  7.8839706    45.7632535
  7.8841104    45.7626281
  7.8843478    45.7618493
  7.8849021    45.7609999
  7.8850768    45.7605345
  7.8856964    45.7600485
  7.8861611    45.7598854
  7.8881819    45.7595122
  7.8890012    45.7592764
  7.8901089    45.7584382
  7.8907962    45.7574998
  7.8912443    45.7562981
  7.8915489    45.755203
  7.8921925    45.7545161
  7.8926061    45.7542346
  7.8931108    45.7541622
  7.8936407    45.7538629
  7.8938408    45.7536205
  7.8948361    45.7528226
  7.8962398    45.7520531
  7.8972542    45.7514689
  7.8977765    45.7510985
  7.8982714    45.7507496
  7.8989888    45.7502084
  7.8998252    45.7496758
  7.8997963    45.7493483
  7.9017068    45.74852
  7.9029314    45.7483063
  7.9047616    45.7478261
  7.9066518    45.7473766
  7.9076744    45.747238
  7.9083809    45.7472644
  7.9088794    45.7471485
  7.9101889    45.7473241
  7.9116005    45.7471738
  7.9120553    45.7471067
  7.9130055    45.7467311
  7.9136517    45.7460142
  7.9144934    45.7458875
  7.9147681    45.7455939
  7.9149343    45.7452496
  7.9155101    45.7446652
  7.9162723    45.743982
  7.916714     45.7435457
  7.9189367    45.7431884
  7.9210656    45.7427855
  7.92273      45.7424373
  7.9240853    45.7420307
  7.9249099    45.7420859
  7.9257755    45.7422365
  7.927013     45.7424435
  7.9274609    45.7427395
  7.9280479    45.7426629
  7.9284192    45.7424647
  7.928965     45.7425683
  7.9296699    45.7423446
  7.9304552    45.7420532
  7.9307943    45.7418495
  7.9312185    45.7416193
  7.9313052    45.7410545
  7.9308824    45.7407939
  7.9307746    45.7403253
  7.9304822    45.7400962
  7.9301388    45.7400216
  7.9291876    45.7395497
  7.9283127    45.7389204
  7.9274448    45.7379222
  7.9270916    45.7369018
  7.9274565    45.7365338
  7.9276657    45.7361893
  7.9277011    45.735827
  7.92738      45.7353596
  7.9272657    45.7351933
  7.9271052    45.7348631
  7.9270585    45.7347671
  7.9274189    45.7343659
  7.9278912    45.7340143
  7.928823     45.7337408
  7.929561     45.7334597
  7.9307527    45.7329758
  7.9325008    45.7320914
  7.9336417    45.7316475
  7.9336976    45.7313211
  7.9332447    45.7306814
  7.9329148    45.7300476
  7.9327129    45.7292588
  7.9334424    45.7287436
  7.9341872    45.7281025
  7.9344088    45.7278505
  7.9345026    45.727194
  7.9354112    45.7265838
  7.9358518    45.7262252
  7.9362694    45.7258232
  7.9367906    45.7256298
  7.9371617    45.7251444
  7.9375525    45.7245298
  7.9367638    45.7241843
  7.9357489    45.7236887
  7.9348942    45.7232958
  7.9347549    45.7232318
  7.9347298    45.7232202
  7.9339967    45.7225743
  7.9334905    45.7214894
  7.9328325    45.7202772
  7.9322966    45.7194081
  7.9314363    45.718698
  7.9304862    45.7179871
  7.9293265    45.7174812
  7.9288682    45.7172608
  7.9294169    45.716789
  7.9298908    45.7161903
  7.9299971    45.7153363
  7.9299577    45.7146788
  7.9299304    45.7141205
  7.9294202    45.7132517
  7.9285562    45.7120735
  7.9276596    45.711255
  7.926548     45.7102635
  7.9257311    45.7093107
  7.9248004    45.7082669
  7.9242128    45.7074243
  7.9239735    45.7065039
  7.9238994    45.7062964
  7.9237784    45.705962
  7.9236452    45.7055378
  7.9231447    45.70484
  7.9223513    45.7040134
  7.9216584    45.7033048
  7.9206002    45.7022237
  7.9202982    45.7018954
  7.9197245    45.7016664
  7.9189628    45.7012002
  7.9184307    45.7008171
  7.91723      45.7004637
  7.9156628    45.7004668
  7.9141627    45.7009836
  7.9127852    45.7011415
  7.9118029    45.7007902
  7.9114765    45.7004
  7.9110308    45.6995407
  7.9105328    45.6987259
  7.9100669    45.6982444
  7.9094108    45.6976351
  7.9090141    45.6969022
  7.9086069    45.6960432
  7.9083241    45.6953925
  7.9081448    45.6947067
  7.9080369    45.6943096
  7.907792     45.6936953
  7.9072651    45.6930512
  7.906815     45.6924258
  7.9064596    45.6915493
  7.9065034    45.6912797
  7.9066936    45.6907415
  7.9061509    45.6895932
  7.9056049    45.6886159
  7.9054255    45.6879391
  7.9051337    45.6870992
  7.9048045    45.686196
  7.9047634    45.6856735
  7.9047946    45.6847287
  7.904989     45.6839836
  7.9051546    45.6833911
  7.9052009    45.6829955
  7.9052082    45.681962
  7.9062619    45.6819256
  7.9074376    45.6815588
  7.9091559    45.6810171
  7.910107     45.6805164
  7.9103495    45.6803895
  7.9111448    45.679767
  7.9113524    45.6789949
  7.9114629    45.6779339
  7.9115633    45.6767287
  7.9117612    45.6757945
  7.9118546    45.6749493
  7.9121321    45.6738809
  7.9121351    45.6730618
  7.9120122    45.6721156
  7.9119163    45.6717636
  7.9118602    45.6706845
  7.9126244    45.6700062
  7.9138378    45.6696667
  7.9152681    45.6693923
  7.9165835    45.6690897
  7.9179042    45.6685082
  7.9200303    45.6674077
  7.9207966    45.6669694
  7.9216159    45.6664191
  7.9221359    45.6654159
  7.9220024    45.6643435
  7.9215247    45.6631509
  7.9209968    45.6618948
  7.9208547    45.6606064
  7.9216487    45.6593627
  7.922585     45.6580665
  7.9238565    45.6566833
  7.9252383    45.6555712
  7.9258223    45.6552347
  7.9259032    45.6551848
  7.9261598    45.6550398
  7.9267999    45.6544518
  7.9272439    45.6533848
  7.9271655    45.6514399
  7.927195     45.6501759
  7.9280489    45.649531
  7.929625     45.6489878
  7.9313512    45.6486439
  7.9331247    45.6485164
  7.9342163    45.6477976
  7.9351464    45.6467981
  7.9366116    45.6460017
  7.9381752    45.6454312
  7.9390277    45.644458
  7.939504     45.6436974
  7.9393737    45.6432506
  7.9393163    45.6430358
  7.9391917    45.6425694
  7.9386681    45.6416188
  7.9385837    45.6414656
  7.9383491    45.6403023
  7.9383554    45.6399697
  7.9383713    45.6391234
  7.9380163    45.63822
  7.9379471    45.6380299
  7.9376382    45.6371814
  7.9372361    45.6365537
  7.9370524    45.6362669
  7.9363167    45.6358206
  7.9361076    45.635694
  7.9349482    45.6355902
  7.9342577    45.6354668
  7.9334054    45.6357558
  7.9319747    45.6360946
  7.931833     45.6361282
  7.9297153    45.6361624
  7.9275393    45.6358899
  7.9256521    45.635513
  7.9251746    45.6354176
  7.9230328    45.6347044
  7.9212122    45.6339672
  7.9195796    45.6334657
  7.9177749    45.6332416
  7.9159046    45.6330888
  7.915039     45.6327386
  7.9144832    45.6321745
  7.9142966    45.6319844
  7.9135531    45.6312843
  7.9133068    45.6310397
  7.9129489    45.6306845
  7.9128927    45.6296129
  7.9129082    45.6281459
  7.9125034    45.6271879
  7.9115668    45.6265309
  7.9107737    45.6257493
  7.9096982    45.624983
  7.9085301    45.6243597
  7.9071012    45.623959
  7.9067483    45.6236316
  7.9065469    45.6227746
  7.9059899    45.6217342
  7.9052689    45.6212142
  7.9044177    45.620792
  7.9037262    45.6200743
  7.9030373    45.6185645
  7.9024555    45.6174878
  7.9014311    45.6167399
  7.9007476    45.6162743
  7.8999475    45.6152135
  7.8994627    45.6144257
  7.8988768    45.613565
  7.8981195    45.6129366
  7.8974628    45.6125268
  7.8965774    45.6117876
  7.8967143    45.6113532
  7.8967673    45.6112037
  7.8968312    45.6110198
  7.8967949    45.6105052
  7.8963225    45.609742
  7.8956416    45.6091503
  7.8952632    45.6088316
  7.8949226    45.6085403
  7.8955889    45.6079167
  7.8965402    45.6071428
  7.8972744    45.6066496
  7.8973853    45.606315
  7.8968908    45.605616
  7.8965729    45.6048209
  7.8963147    45.6036032
  7.8961002    45.6027731
  7.8958279    45.6016183
  7.8958849    45.6006738
  7.8962489    45.5997682
  7.8967933    45.5988104
  7.8973368    45.5979065
  7.897932     45.5969762
  7.8987635    45.5957601
  7.899375     45.5946498
  7.9001413    45.5934871
  7.9005558    45.592618
  7.9007312    45.5921696
  7.9007656    45.5917199
  7.9001431    45.5914259
  7.899668     45.5914663
  7.8990513    45.5915324
  7.8986045    45.5914381
  7.8977346    45.5906826
  7.8971386    45.5903528
  7.8963354    45.59012
  7.895786     45.5900306
  7.894891     45.5905561
  7.894307     45.5909195
  7.8934874    45.5915236
  7.892393     45.5924131
  7.8915843    45.5931163
  7.8909958    45.5937047
  7.8905068    45.594447
  7.8904386    45.5953014
  7.8905653    45.5960318
  7.8906467    45.5964556
  7.8905848    45.596995
  7.8891617    45.5976383
  7.8874998    45.5980362
  7.8853016    45.5983208
  7.8837421    45.5987286
  7.8826698    45.5991321
  7.8816743    45.5995454
  7.880513     45.5999121
  7.8791745    45.60016
  7.8774036    45.6002326
  7.8760743    45.6000215
  7.8751572    45.5997155
  7.8738573    45.5993156
  7.8725132    45.5992033
  7.8704148    45.5989846
  7.8683099    45.5984507
  7.8662687    45.5979354
  7.8652242    45.597592
  7.8647149    45.597309
  7.8638472    45.5972093
  7.8630936    45.5970668
  7.8622767    45.5969881
  7.8605558    45.5970235
  7.8597566    45.5972315
  7.8590443    45.5975844
  7.8581125    45.5980072
  7.856744     45.5984705
  7.8555174    45.5988903
  7.8544673    45.5994558
  7.8528855    45.600313
  7.8516901    45.6010841
  7.850587     45.6017301
  7.8499899    45.6020841
  7.8494721    45.6023219
  7.8488728    45.6022634
  7.8480913    45.6014979
  7.8472266    45.6005171
  7.8460654    45.5996143
  7.845254     45.599165
  7.844414     45.5988595
  7.8440462    45.5986668
  7.8430085    45.5979992
  7.8421729    45.5974777
  7.8414344    45.5972272
  7.8411762    45.5972564
  7.8406248    45.597318
  7.8396868    45.5974164
  7.8379155    45.5975065
  7.8368612    45.5976487
  7.8355133    45.597725
  7.8345649    45.5977063
  7.8337571    45.5977071
  7.832474     45.597748
  7.8317042    45.5977761
  7.8309359    45.5977233
  7.8299272    45.5975239
  7.8288292    45.5972966
  7.8277826    45.5970699
  7.8273493    45.5969394
  7.8269525    45.5966023
  7.8263737    45.5963803
  7.82601      45.5962387
  7.8251401    45.5958996
  7.8238546    45.5954453
  7.8226317    45.5950637
  7.8209515    45.5944793
  7.8192592    45.5938678
  7.8181873    45.5936226
  7.8175848    45.593493
  7.8164771    45.5932539
  7.8151622    45.5929882
  7.8141286    45.5927525
  7.8132271    45.5923381
  7.8124577    45.591736
  7.8118957    45.5910281
  7.8113064    45.5904009
  7.8105999    45.5898625
  7.8098384    45.5894945
  7.8082139    45.5893246
  7.8073949    45.589253
  7.8066433    45.5890291
  7.8060742    45.5886631
  7.8057754    45.588246
  7.8055467    45.5879181
  7.8053897    45.5876929
  7.8051894    45.5868627
  7.8044744    45.5868288
  7.8043746    45.5868318
  7.8039922    45.5868493
  7.8038419    45.5868565
  7.8036242    45.586865
  7.8035478    45.586868
  7.8033176    45.5868701
  7.8028686    45.5868834
  7.8027772    45.5868891
  7.8022364    45.5869224
  7.8017519    45.5869527
  7.8012477    45.5868373
  7.8011778    45.5868207
  7.8005129    45.5867417
  7.7999109    45.5867174
  7.7989374    45.5866801
  7.7983098    45.5866555
  7.7977646    45.5866038
  7.7972091    45.5865719
  7.7956769    45.5863863
  7.7950368    45.586243
  7.7947337    45.5860328
  7.7946394    45.5856447
  7.794739     45.5851867
  7.7955212    45.5840699
  7.7959747    45.5831476
  7.7968151    45.5827139
  7.7962808    45.5826197
  7.7953893    45.5823073
  7.7943523    45.5816903
  7.7933684    45.5809508
  7.7925242    45.5802668
  7.7914546    45.5793374
  7.7900833    45.5781348
  7.788755     45.5773196
  7.7878646    45.5770041
  7.7869903    45.5765358
  7.7871435    45.5759704
  7.7872431    45.5755124
  7.7865987    45.5750825
  7.7853233    45.5747899
  7.7842963    45.5742749
  7.7825954    45.5735097
  7.780707     45.5725265
  7.7789354    45.5714814
  7.7785155    45.5712653
  7.7774525    45.5707185
  7.7765183    45.5703361
  7.7757377    45.570016
  7.7747993    45.5695559
  7.7739891    45.5692111
  7.7736057    45.569048
  7.772106     45.5684739
  7.7703866    45.5679873
  7.7692674    45.5675972
  7.7684805    45.5672467
  7.7674723    45.5670558
  7.7656984    45.5667216
  7.7642055    45.5664264
  7.7628248    45.5656914
  7.7618591    45.5653209
  7.7607113    45.5652539
  7.7605409    45.5652436
  7.7590009    45.5653439
  7.7582096    45.5652003
  7.7571854    45.5645771
  7.7557312    45.5636971
  7.7541487    45.5628248
  7.7528953    45.562136
  7.7517265    45.5616822
  7.7503972    45.5615327
  7.7495703    45.5606865
  7.7488269    45.5601203
  7.7475667    45.5597465
  7.7462294    45.5595163
  7.7457388    45.5583943
  7.745457     45.5578151
  7.7448636    45.5568455
  7.7438661    45.5561864
  7.7428432    45.5555181
  7.7418532    45.5545261
  7.7413108    45.5541421
  7.7403664    45.5539787
  7.739319     45.553265
  7.7388899    45.5529723
  7.7378305    45.5522225
  7.7376626    45.5521216
  7.7372328    45.5518635
  7.7366044    45.5514798
  7.7360361    45.5511135
  7.7349925    45.5508049
  7.733841     45.5507381
  7.7332303    45.5505513
  7.7326993    45.5503309
  7.7319077    45.5505289
  7.7317331    45.5505594
  7.7302948    45.5507393
  7.7297848    45.5510891
  7.7294331    45.5515083
  7.7293125    45.5522045
  7.729198     45.5525408
  7.7284497    45.5530905
  7.7280634    45.5533923
  7.7266367    45.553704
  7.7265739    45.5537177
  7.7256012    45.5541209
  7.7253792    45.5546689
  7.725183     45.5551571
  7.7251183    45.5552993
  7.7246673    45.5556166
  7.7244487    45.5557775
  7.7238038    45.5566661
  7.7232704    45.5571282
  7.7229505    45.5574037
  7.722432     45.5577984
  7.7205214    45.5585016
  7.7197509    45.5586901
  7.7194172    45.5587718
  7.719114     45.558846
  7.7189319    45.5588891
  7.7187202    45.5588873
  7.717956     45.558881
  7.7175965    45.5589008
  7.7170808    45.5588568
  7.7164694    45.5591988
  7.716346     45.5589588
  7.7153858    45.5583607
  7.7152211    45.5582508
  7.715023     45.5580831
  7.7145669    45.5576427
  7.7145231    45.5575997
  7.713978     45.5570641
  7.7138812    45.5569689
  7.7134118    45.5569253
  7.71338      45.5569224
  7.7125567    45.5568459
  7.7118395    45.5567298
  7.7112496    45.5565196
  7.7111873    45.5564974
  7.7097999    45.5560025
  7.7088445    45.5558589
  7.7087358    45.5558346
  7.7078261    45.5556314
  7.7067508    45.5555046
  7.7066439    45.555492
  7.7062539    45.5554606
  7.7052264    45.5554129
  7.7042613    45.555366
  7.703513     45.5554205
  7.703199     45.5556177
  7.7029267    45.5557919
  7.7025866    45.556094
  7.7022589    45.5564143
  7.701954     45.5565909
  7.7004198    45.5567175
  7.6999084    45.5566667
  7.6991823    45.5564874
  7.6984073    45.5561995
  7.6975304    45.5558925
  7.6967017    45.555712
  7.6962875    45.5557205
  7.6958557    45.5557293
  7.6956151    45.5558161
  7.6951063    45.5559998
  7.6945004    45.5561639
  7.6937833    45.5561467
  7.6931716    45.5560087
  7.6927845    45.5559213
  7.6926489    45.5558907
  7.6917147    45.555844
  7.6909069    45.5558707
  7.690144     45.556168
  7.6900347    45.5562467
  7.6894795    45.5566465
  7.688998     45.556965
  7.6882738    45.5573452
  7.6874454    45.557166
  7.6871243    45.5570965
  7.6861865    45.5566536
  7.6853878    45.5561528
  7.6853531    45.556131
  7.6847486    45.5557087
  7.6840167    45.5551975
  7.6829062    45.5544736
  7.6821215    45.5540595
  7.6811657    45.5538415
  7.6800054    45.553603
  7.6791702    45.5531613
  7.6787462    45.5528761
  7.6781941    45.552718
  7.6775397    45.5522154
  7.6769153    45.5520731
  7.6767927    45.5520937
  7.6764171    45.5521666
  7.6754996    45.5523447
  7.6745595    45.5527638
  7.6745295    45.5527767
  7.6742008    45.5529237
  7.6739701    45.5530494
  7.6729874    45.5535847
  7.672943     45.5536134
  7.6719075    45.5542832
  7.6704809    45.5551532
  7.6702648    45.5552851
  7.6694458    45.5557848
  7.6690235    45.5560338
  7.6689444    45.5560805
  7.6687547    45.5561931
  7.6677176    45.5568087
  7.6664855    45.5575414
  7.666165     45.5577168
  7.6645292    45.5586122
  7.664218     45.5587825
  7.6634101    45.5592247
  7.6621175    45.5600917
  7.66094      45.5608925
  7.6589681    45.5620619
  7.6580635    45.5624655
  7.657512     45.5627116
  7.6571201    45.5628863
  7.6549266    45.5634726
  7.654063     45.5634605
  7.6539286    45.5634586
  7.6533656    45.5635262
  7.6525108    45.5636298
  7.6522487    45.5636615
  7.6519306    45.5637222
  7.6509385    45.5639116
  7.650839     45.5639839
  7.6506248    45.5641397
  7.6501036    45.5645186
  7.6500019    45.5645936
  7.6494771    45.5655415
  7.6493041    45.5659085
  7.6491829    45.5661629
  7.6489106    45.5667341
  7.6488714    45.566843
  7.6476239    45.5678286
  7.6475302    45.5679038
  7.6469917    45.5684509
  7.6465038    45.5687154
  7.646353     45.5687898
  7.6462179    45.5688564
  7.6459426    45.5689921
  7.6454173    45.5689948
  7.6447982    45.5690685
  7.644579     45.5690644
  7.6437572    45.5689104
  7.6427342    45.5687187
  7.6416426    45.568662
  7.640329     45.5688804
  7.6390505    45.5692342
  7.6382058    45.5694627
  7.6376882    45.5696027
  7.636598     45.569898
  7.6354821    45.5701997
  7.6348616    45.5703723
  7.6344431    45.5705023
  7.6342766    45.5706215
  7.6340451    45.5707871
  7.633734     45.5706845
  7.6331061    45.5704774
  7.6327216    45.5703962
  7.6326517    45.5703756
  7.6317803    45.5701194
  7.6312697    45.5698378
  7.6309631    45.5696686
  7.6304413    45.5693901
  7.6299367    45.5691207
  7.6291016    45.5687629
  7.6289534    45.5686994
  7.6285154    45.5684927
  7.6272637    45.5679018
  7.6271533    45.5678497
  7.6270215    45.5678144
  7.626696     45.5677271
  7.6255844    45.5671647
  7.6246057    45.5669704
  7.6244745    45.5669443
  7.6237416    45.5669625
  7.6233364    45.5669756
  7.62293      45.5670855
  7.6221578    45.5672224
  7.6220757    45.567238
  7.6219339    45.5672648
  7.6214432    45.5673578
  7.6214005    45.5673444
  7.6208185    45.5671613
  7.6205359    45.5668963
  7.6201808    45.5665633
  7.620019     45.5664116
  7.6199142    45.5663133
  7.6198716    45.566269
  7.6197706    45.5661607
  7.6194913    45.5658613
  7.6193807    45.5657426
  7.6192887    45.565644
  7.6192365    45.565588
  7.619158     45.5655039
  7.6190775    45.5654175
  7.6188004    45.5651205
  7.618638     45.5650363
  7.6179264    45.5647197
  7.6177055    45.5646214
  7.6175825    45.5646014
  7.6168683    45.5644852
  7.6158494    45.5643288
  7.6143414    45.5640675
  7.6138848    45.56399
  7.611721     45.5633786
  7.6107049    45.5630191
  7.6101668    45.5628287
  7.6090659    45.5628768
  7.6087108    45.5630551
  7.6083804    45.563221
  7.6077935    45.5636369
  7.6071838    45.5644575
  7.6070646    45.5651311
  7.607199     45.5659159
  7.6072285    45.5660321
  7.6074442    45.566882
  7.6075212    45.5676814
  7.6075258    45.5677291
  7.6074671    45.5685474
  7.6072433    45.5693098
  7.6069012    45.5701877
  7.6066799    45.5708421
  7.6065316    45.5716594
  7.6063899    45.5722067
  7.6063175    45.5724596
  7.6062075    45.5728436
  7.6058493    45.5733342
  7.6053926    45.5736617
  7.6047559    45.574014
  7.6041441    45.5743935
  7.6041045    45.574432
  7.6036319    45.5748913
  7.6030418    45.5754332
  7.6021656    45.5761335
  7.6013677    45.5767808
  7.6007791    45.5772597
  7.5996945    45.5780925
  7.5990834    45.578445
  7.5989028    45.5785022
  7.5987857    45.5785393
  7.5986651    45.5785775
  7.5981532    45.5787396
  7.5964885    45.5791873
  7.5956764    45.5793575
  7.5953933    45.5794168
  7.5949995    45.5795063
  7.5949421    45.5795193
  7.5940863    45.5799138
  7.592992     45.5806204
  7.5922925    45.5808916
  7.5919565    45.5810217
  7.5909579    45.5814864
  7.5899849    45.5819515
  7.5888862    45.5823159
  7.5876853    45.5825729
  7.5874943    45.5826138
  7.5858856    45.5823598
  7.5848598    45.5818611
  7.583326     45.581176
  7.582716     45.5809704
  7.5823346    45.5813527
  7.5820656    45.5818434
  7.5819719    45.5820143
  7.5815574    45.5826932
  7.5811578    45.5832913
  7.5808987    45.5835571
  7.5808288    45.5836293
  7.5800744    45.5840609
  7.5800096    45.5842097
  7.5797967    45.5843995
  7.5793654    45.5847272
  7.5786785    45.5850247
  7.5779554    45.5852317
  7.5773247    45.5853319
  7.5769468    45.5854667
  7.576676     45.5856388
  7.5764614    45.5860142
  7.576442     45.586275
  7.5763807    45.5866702
  7.5763852    45.5869202
  7.576386     45.5869627
  7.5763913    45.5872598
  7.5763967    45.5875615
  7.576388     45.5878242
  7.5762227    45.5880329
  7.5758411    45.5882919
  7.5757086    45.5883539
  7.5755024    45.5884505
  7.575204     45.5885908
  7.5746704    45.5889082
  7.5741674    45.589192
  7.5739681    45.5893044
  7.5736447    45.5894174
  7.5731566    45.5894563
  7.5729748    45.5894853
  7.5724229    45.5895732
  7.5709376    45.5900046
  7.5702234    45.5903647
  7.5692876    45.5908661
  7.5685996    45.5911995
  7.567773     45.5914412
  7.5664735    45.5916229
  7.5654878    45.5915655
  7.5644705    45.5912377
  7.5636308    45.5909841
  7.5628419    45.5907491
  7.5618061    45.5906461
  7.5608598    45.5905532
  7.5599866    45.5905349
  7.5597707    45.5905304
  7.5589841    45.59052
  7.5582861    45.5904307
  7.5569546    45.5903599
  7.5560012    45.5900418
  7.554978     45.5899478
  7.5542129    45.5897062
  7.5540878    45.5896666
  7.5533228    45.5895038
  7.5525254    45.5891067
  7.5515054    45.5888867
  7.5504193    45.588747
  7.5491615    45.588803
  7.5484185    45.5887845
  7.5479233    45.5885982
  7.5473743    45.5880152
  7.5467894    45.5873327
  7.5464254    45.587031
  7.5458808    45.5867721
  7.5443677    45.5862937
  7.542999     45.5856822
  7.5418345    45.5851093
  7.5406122    45.5842926
  7.5402684    45.5837707
  7.5400202    45.5833939
  7.5397253    45.5829041
  7.5394571    45.5823696
  7.539113     45.5817982
  7.5386128    45.5813147
  7.537387     45.5806419
  7.5363731    45.5801969
  7.5353003    45.5795531
  7.5343564    45.5788839
  7.5332809    45.577853
  7.5326707    45.5771701
  7.532061     45.5769122
  7.5317706    45.5767894
  7.5307602    45.5767212
  7.530312     45.5766897
  7.5284046    45.5766021
  7.5264829    45.5765683
  7.5239709    45.5765629
  7.5226493    45.5766178
  7.5208864    45.576883
  7.5200868    45.5770707
  7.5190779    45.5777191
  7.5188091    45.5778912
  7.5178645    45.57823
  7.5163118    45.5787859
  7.5149787    45.5792726
  7.5137591    45.5798328
  7.5124664    45.5802481
  7.5110903    45.5804192
  7.5097544    45.5805277
  7.509443     45.5806597
  7.5089117    45.5808858
  7.5074345    45.5814876
  7.5063617    45.5818246
  7.5057833    45.5819625
  7.5041594    45.5822143
  7.5029819    45.5825236
  7.5024296    45.5826687
  7.5009508    45.5828473
  7.5000122    45.5829751
  7.499021     45.58311
  7.4974422    45.5831882
  7.4958963    45.5829969
  7.4943695    45.5830488
  7.4927646    45.5831446
  7.4917223    45.5832929
  7.4906854    45.5832432
  7.4893174    45.5831081
  7.4880708    45.5827495
  7.4866598    45.5823078
  7.4857591    45.5820467
  7.4852607    45.5819022
  7.4844885    45.5813902
  7.484361     45.5813057
  7.4840139    45.5810756
  7.4830066    45.5804051
  7.4817633    45.5794525
  7.4805698    45.5790316
  7.4785378    45.5788065
  7.4785306    45.5788071
  7.4770218    45.5789393
  7.4764373    45.5788539
  7.4759365    45.5787808
  7.4753504    45.5781789
  7.4741381    45.5779827
  7.4725512    45.5778895
  7.4708649    45.5776869
  7.4690479    45.5775726
  7.4688316    45.5775804
  7.4675981    45.5776251
  7.4658544    45.5776467
  7.465211     45.5774819
  7.4650016    45.5774283
  7.4645106    45.5766296
  7.4638657    45.5758378
  7.4634751    45.5751215
  7.4635285    45.5748166
  7.4636075    45.5743632
  7.4636168    45.5743101
  7.4636726    45.57399
  7.4634968    45.5729165
  7.4626704    45.5722033
  7.4616561    45.5713346
  7.460516     45.5703741
  7.4591066    45.569428
  7.4575424    45.5685158
  7.4561092    45.5675063
  7.4551314    45.5662419
  7.4544949    45.5651532
  7.4519508    45.5620944
  7.4518641    45.5619852
  7.4504648    45.5616902
  7.4495573    45.5613418
  7.4486361    45.5608253
  7.4481619    45.5599007
  7.4482174    45.5588123
  7.4483125    45.5576885
  7.448326     45.5571955
  7.4483444    45.5565278
  7.4481078    45.5558135
  7.4479631    45.5555674
  7.4478877    45.5554325
  7.4471087    45.5553409
  7.4449827    45.5548889
  7.4432553    45.5543433
  7.4413714    45.5534355
  7.4401402    45.5525996
  7.4387546    45.5517436
  7.4373546    45.5512821
  7.4366726    45.551058
  7.4345053    45.5507313
  7.4334413    45.5502936
  7.4326684    45.5495269
  7.4314985    45.5492139
  7.4295238    45.5483586
  7.4282434    45.5474589
  7.4263994    45.5465154
  7.4249941    45.54592
  7.4238336    45.5457689
  7.4221746    45.5460071
  7.4205834    45.5465701
  7.4193299    45.5469668
  7.4177033    45.5469713
  7.4174865    45.5468618
  7.4167689    45.5464993
  7.4159511    45.5455159
  7.4156488    45.544796
  7.4158585    45.5438044
  7.4160377    45.5428887
  7.4159922    45.541772
  7.4161941    45.5405146
  7.4166379    45.5393056
  7.41687      45.5383368
  7.4165114    45.5374227
  7.4158551    45.5369519
  7.4150929    45.5364039
  7.4140081    45.5358487
  7.4125059    45.5355219
  7.4107135    45.5354969
  7.4088789    45.5352103
  7.4072397    45.5347374
  7.4054285    45.5344871
  7.4041382    45.5343791
  7.4026218    45.5341419
  7.401034     45.5336786
  7.3993929    45.5333046
  7.3982254    45.5329191
  7.3973243    45.5322134
  7.3965363    45.5319863
  7.3957909    45.5316428
  7.3957217    45.5309218
  7.3963761    45.5299768
  7.3967103    45.5290184
  7.3967502    45.5285149
  7.3958737    45.5282776
  7.3950722    45.5280953
  7.3944801    45.5273129
  7.3931705    45.5261063
  7.3921606    45.5255881
  7.3913297    45.5255493
  7.3902292    45.5250748
  7.389327     45.524387
  7.3884984    45.5238442
  7.3878889    45.5227555
  7.3871548    45.522007
  7.3863137    45.5218782
  7.3855696    45.5214806
  7.3848701    45.5204266
  7.3834492    45.5195694
  7.3814736    45.5187943
  7.3799988    45.5179993
  7.3785698    45.5173849
  7.3772392    45.516898
  7.3761869    45.516577
  7.375714     45.5164927
  7.3755369    45.5164597
  7.3741559    45.5164131
  7.3728317    45.5166102
  7.3722436    45.5166964
  7.3716366    45.5167822
  7.3704693    45.5173056
  7.3697188    45.5184741
  7.3693222    45.5197916
  7.3690387    45.5207416
  7.3680311    45.5223834
  7.3669518    45.5234031
  7.3652825    45.5244594
  7.3640236    45.5250534
  7.3625917    45.525429
  7.3608413    45.5257549
  7.3593015    45.5258678
  7.3583284    45.5255579
  7.3578807    45.5254153
  7.3565374    45.5244869
  7.3553011    45.523902
  7.3537648    45.5234388
  7.3521927    45.5229121
  7.3508892    45.5223982
  7.3496327    45.522038
  7.3487762    45.5219896
  7.3475707    45.5220622
  7.3464138    45.5217844
  7.3450384    45.5215215
  7.343959     45.5212538
  7.3427335    45.521128
  7.3414826    45.5209928
  7.3399238    45.5208802
  7.3386614    45.5211769
  7.3369784    45.5213684
  7.3352806    45.5211906
  7.3337593    45.5207184
  7.3322823    45.5200037
  7.3309445    45.5193451
  7.3298798    45.5189785
  7.3291319    45.5187786
  7.3283701    45.5185604
  7.327904     45.5183015
  7.3269751    45.5176758
  7.3262397    45.516999
  7.3259548    45.5167083
  7.325345     45.5160858
  7.3243687    45.5153333
  7.3235059    45.5146366
  7.3229532    45.5144513
  7.3223398    45.5142414
  7.3211041    45.5140342
  7.3202445    45.5140936
  7.3192127    45.5143485
  7.3180122    45.5147178
  7.3167081    45.5150857
  7.3152441    45.5152351
  7.3149428    45.5152145
  7.3139025    45.5151433
  7.3128814    45.5150382
  7.311917     45.515177
  7.3108772    45.5152696
  7.3097747    45.5153163
  7.3085292    45.5154779
  7.3081622    45.5155416
  7.3072035    45.5157103
  7.3059568    45.5158695
  7.3049402    45.5160412
  7.3038129    45.5164881
  7.3028126    45.5169683
  7.3020635    45.5171821
  7.301166     45.5172228
  7.300454     45.5170592
  7.2999638    45.5167549
  7.2995268    45.5164243
  7.2992255    45.5161948
  7.2989322    45.5161401
  7.2984436    45.5162181
  7.2978739    45.5164537
  7.297026     45.5165491
  7.2960154    45.516534
  7.2948562    45.5163367
  7.2931748    45.5160595
  7.2920467    45.5156736
  7.2907692    45.5151594
  7.2896208    45.5146472
  7.2888442    45.5140685
  7.2882054    45.5135998
  7.2868761    45.5131208
  7.2859065    45.5130073
  7.2844915    45.512815
  7.2831022    45.5126051
  7.2815796    45.5126002
  7.2803206    45.5127433
  7.2796851    45.5130127
  7.278955     45.5134428
  7.2778706    45.5137505
  7.2764974    45.5138648
  7.2746319    45.5141697
  7.2729464    45.5144412
  7.2718425    45.5145325
  7.2711392    45.5145039
  7.2704092    45.5145108
  7.2700228    45.514595
  7.2694973    45.514677
  7.2693086    45.5140801
  7.2687961    45.5132982
  7.2681838    45.5127939
  7.2672996    45.5124024
  7.2666205    45.5120051
  7.2662822    45.5113609
  7.2662829    45.5105058
  7.2666123    45.5093586
  7.2666228    45.5085937
  7.2665688    45.5078638
  7.2666231    45.5069285
  7.2665225    45.5060359
  7.2663271    45.5053128
  7.2663982    45.5046658
  7.2663866    45.5037925
  7.2659322    45.5027505
  7.2655182    45.5020601
  7.265038     45.5014407
  7.2648452    45.5010508
  7.2647445    45.5005613
  7.2646913    45.5003604
  7.2646308    45.500202
  7.2643693    45.4998923
  7.2637298    45.4990266
  7.2632545    45.4986683
  7.2623624    45.4985557
  7.2613026    45.4984585
  7.2600773    45.4983859
  7.25874      45.4981585
  7.2583502    45.4981123
  7.2578472    45.4980548
  7.2564991    45.4977912
  7.255054     45.4973371
  7.2532297    45.4967422
  7.2521592    45.4961677
  7.2505256    45.4956026
  7.2495417    45.4951375
  7.248844     45.4945237
  7.2481781    45.4941624
  7.2475534    45.4940719
  7.2469954    45.4934962
  7.2465348    45.492652
  7.2455271    45.4921595
  7.2446789    45.4918494
  7.2438164    45.4911881
  7.242964     45.4902028
  7.2419945    45.4892788
  7.2404153    45.4882103
  7.2390592    45.4873793
  7.237817     45.4865861
  7.2364968    45.4858366
  7.2358184    45.4854301
  7.2356734    45.4851578
  7.2357127    45.4847173
  7.2354249    45.4841008
  7.2346021    45.483404
  7.2339612    45.4825435
  7.2335928    45.4817052
  7.2328706    45.4810549
  7.2324321    45.4803461
  7.2320407    45.4793589
  7.2315336    45.4788019
  7.230653     45.4783202
  7.2303815    45.478001
  7.2304122    45.4770203
  7.2304858    45.4758963
  7.2303842    45.4754627
  7.2296791    45.4751007
  7.2283749    45.4746665
  7.22714      45.4740622
  7.2260371    45.473334
  7.2253043    45.4726295
  7.224689     45.4718549
  7.2243832    45.471409
  7.2236846    45.4708401
  7.2234229    45.47062
  7.2226604    45.4704761
  7.2216591    45.4705655
  7.2203686    45.4709235
  7.2194276    45.4711878
  7.2180085    45.4711567
  7.2162609    45.4709944
  7.2149289    45.4710456
  7.2137463    45.4712611
  7.212939     45.4717076
  7.2117668    45.4723643
  7.2106762    45.4724642
  7.2098416    45.4725592
  7.2089725    45.4729866
  7.2084541    45.4740046
  7.2079945    45.4747805
  7.2074297    45.4756447
  7.2065243    45.4763596
  7.2052747    45.4770691
  7.2041892    45.4778081
  7.2036923    45.4781469
  7.2033049    45.4783343
  7.202502     45.4789247
  7.2013582    45.4798878
  7.2002721    45.4806448
  7.199464     45.4811451
  7.1980928    45.4812135
  7.195901     45.4813319
  7.1936722    45.4814047
  7.1922536    45.4817513
  7.1909631    45.4817309
  7.1890111    45.481952
  7.187042     45.4823078
  7.185253     45.4826304
  7.1836539    45.483055
  7.1817331    45.4830965
  7.1801507    45.4829633
  7.1780219    45.4827133
  7.1763558    45.4823987
  7.1745755    45.4820552
  7.1728046    45.4818558
  7.1711484    45.4820273
  7.1701325    45.4825781
  7.1699231    45.4827389
  7.1692008    45.4832923
  7.1673033    45.484198
  7.1656287    45.4849812
  7.1638683    45.485601
  7.161954     45.4862273
  7.1603299    45.4865882
  7.1586236    45.4867227
  7.1572723    45.4866019
  7.1561713    45.4862241
  7.1549992    45.485674
  7.1536227    45.4851117
  7.1528499    45.4848742
  7.1520851    45.4843938
  7.1511285    45.4835142
  7.1504807    45.4825856
  7.1497918    45.4813502
  7.1493249    45.4803705
  7.1488518    45.4795798
  7.1484284    45.4788348
  7.1480169    45.478117
  7.1474677    45.4776941
  7.1467665    45.4776197
  7.1460627    45.4780133
  7.1454745    45.4783908
  7.1448053    45.4781189
  7.1443514    45.4778775
  7.1440305    45.4777868
  7.1435822    45.4778314
  7.1432089    45.47803
  7.1425435    45.4788113
  7.1416916    45.4798145
  7.1411353    45.4808136
  7.1406169    45.4821823
  7.1400401    45.4833791
  7.1400182    45.4844319
  7.1398782    45.4852704
  7.1395416    45.4860803
  7.1386926    45.4874167
  7.1380732    45.4883517
  7.1373645    45.4896633
  7.1369154    45.4908621
  7.136936     45.4917896
  7.1375322    45.4923394
  7.1391722    45.493066
  7.140237     45.493733
  7.1405139    45.4939069
  7.1417634    45.4948274
  7.1420942    45.4951035
  7.1430214    45.4958762
  7.1434996    45.4965141
  7.143663     45.4969938
  7.1434618    45.4976656
  7.1429618    45.4985036
  7.142436     45.4993142
  7.1420321    45.4999197
  7.1418099    45.5003751
  7.1413096    45.5012581
  7.1411958    45.5019943
  7.1409023    45.5027456
  7.140936     45.5036643
  7.1414003    45.5043379
  7.1422496    45.5053689
  7.1430132    45.5058944
  7.144166     45.5066512
  7.1444756    45.5073583
  7.1444017    45.5084373
  7.1436673    45.5097485
  7.1423216    45.5105727
  7.1410555    45.5109212
  7.1397819    45.5111074
  7.1386137    45.5112054
  7.1385662    45.5122578
  7.1384169    45.5132905
  7.1383495    45.5135864
  7.1381629    45.5143935
  7.1379186    45.5151996
  7.1375271    45.5162643
  7.1354796    45.5157809
  7.1343013    45.5154556
  7.132919     45.5146679
  7.1315507    45.5138444
  7.130078     45.5130822
  7.1291963    45.5126447
  7.1283346    45.5123786
  7.1275121    45.512086
  7.1263344    45.5116977
  7.1257417    45.5110399
  7.1252393    45.5099785
  7.1242411    45.509197
  7.1238564    45.5088306
  7.1235271    45.5083752
  7.1220268    45.5072974
  7.1214333    45.5066665
  7.1216652    45.5062383
  7.1217725    45.5053219
  7.1218902    45.5040907
  7.1217854    45.5030089
  7.1216571    45.5018636
  7.1215751    45.5012502
  7.1215603    45.5010068
  7.1215776    45.5003681
  7.1215909    45.4996212
  7.1215405    45.4988283
  7.1212548    45.4977975
  7.1207867    45.4968266
  7.1201699    45.4961324
  7.1194268    45.4957691
  7.1187944    45.4955815
  7.1187064    45.4954919
  7.1188322    45.4947236
  7.1188395    45.4946636
  7.1188986    45.4939512
  7.1186597    45.4930561
  7.1179293    45.492315
  7.117178     45.4918166
  7.1167766    45.4911889
  7.1164948    45.4904281
  7.1160971    45.4896924
  7.1158147    45.4889497
  7.1152935    45.488077
  7.1148786    45.487089
  7.1148179    45.4862239
  7.1147851    45.4859975
  7.1147072    45.485322
  7.1146411    45.4842227
  7.1146749    45.482432
  7.1144266    45.4814378
  7.1144246    45.4814272
  7.1143983    45.4812902
  7.1142413    45.4804716
  7.1142117    45.4798231
  7.1143775    45.4790607
  7.1144675    45.4782701
  7.1146732    45.4774724
  7.1148415    45.476647
  7.1148007    45.4759533
  7.1145059    45.4752013
  7.1140157    45.4745541
  7.1138289    45.47402
  7.1137151    45.473595
  7.1133516    45.472986
  7.1126246    45.4725239
  7.1119535    45.4719457
  7.1112757    45.4711604
  7.1108367    45.4705141
  7.1103888    45.4701376
  7.1096497    45.4700623
  7.1084212    45.469691
  7.1074767    45.4692433
  7.1066726    45.4688069
  7.1056487    45.4684388
  7.1048836    45.4679851
  7.1044904    45.4675015
  7.1043977    45.467324
  7.1045615    45.4670343
  7.1044364    45.4669522
  7.1044827    45.4670412
  7.1044665    45.4671059
  7.1041238    45.4677175
  7.1039591    45.4678488
  7.1036189    45.4680215
  7.1022616    45.4685405
  7.1015615    45.4687464
  7.101012     45.4687978
  7.1009205    45.4688276
  7.1005914    45.4690045
  7.1002996    45.4692047
  7.1001331    45.4693535
  7.1000548    45.4693834
  7.0997164    45.4693978
  7.0984351    45.4692801
  7.0974116    45.4693009
  7.0969594    45.4693339
  7.0964272    45.4694152
  7.0956979    45.4695863
  7.0954702    45.4696542
  7.095265     45.4697437
  7.0947933    45.4700811
  7.0942999    45.4703851
  7.0939131    45.470562
  7.0937886    45.4706013
  7.0935709    45.4706298
  7.0933263    45.4705917
  7.0924251    45.4705461
  7.0920266    45.4704411
  7.0919391    45.4704389
  7.0916501    45.4705521
  7.0908624    45.4705047
  7.0905111    45.4705619
  7.0901529    45.470555
  7.0898385    45.4706002
  7.0888598    45.4708261
  7.0888011    45.4708633
  7.0884101    45.471271
  7.0883238    45.4714437
  7.0878448    45.4718138
  7.0872823    45.4720987
  7.0871596    45.4721813
  7.0870935    45.4722594
  7.0869804    45.4724975
  7.0867947    45.4726755
  7.086664     45.4725991
  7.0849491    45.4723604
  7.0833044    45.4721924
  7.0823445    45.4721253
  7.0821808    45.4721291
  7.0819936    45.472157
  7.0818361    45.4722063
  7.080853     45.4726102
  7.0805643    45.4727076
  7.079846     45.4728521
  7.0794098    45.4729707
  7.0792246    45.4730837
  7.0790354    45.473118
  7.0785382    45.4731463
  7.0783931    45.4731759
  7.0781191    45.473292
  7.0776313    45.473605
  7.0775691    45.4736302
  7.077044     45.4736891
  7.076901     45.4736839
  7.0764189    45.4735835
  7.0760739    45.4735569
  7.0758205    45.4735028
  7.0756641    45.4734338
  7.0752751    45.4733742
  7.0750773    45.473304
  7.0745952    45.4732129
  7.0744036    45.4731082
  7.0742629    45.4730808
  7.0724854    45.4733068
  7.0704955    45.473623
  7.0697452    45.4735282
  7.0678232    45.4741343
  7.0662459    45.4740983
  7.0657142    45.4740912
  7.0646907    45.4739112
  7.0642079    45.4738629
  7.0637851    45.4738023
  7.0636249    45.4737479
  7.0630934    45.4734356
  7.0629742    45.4733088
  7.0628788    45.473089
  7.0627651    45.4729579
  7.0623099    45.4725208
  7.0621084    45.4722432
  7.0619653    45.4720855
  7.061888     45.4720568
  7.0616627    45.4720236
  7.0615877    45.4719924
  7.0615544    45.4719584
  7.0614442    45.471658
  7.061355     45.4715555
  7.0610571    45.471469
  7.0609865    45.4714319
  7.0607731    45.471251
  7.0606251    45.4710935
  7.0604686    45.4708732
  7.0603769    45.4707999
  7.0603253    45.4707828
  7.056823     45.4715021
  7.0537274    45.4720253
  7.0532559    45.4721359
  7.0527016    45.4722915
  7.0525253    45.4723125
  7.052416     45.4722955
  7.0515969    45.4720237
  7.0513872    45.4720188
  7.0500521    45.4721405
  7.0496082    45.4722557
  7.0494165    45.4723307
  7.0492932    45.4723345
  7.0486656    45.4724201
  7.0486167    45.472447
  7.0476265    45.4734032
  7.0475883    45.4734609
  7.0474623    45.4738364
  7.0474581    45.4739565
  7.047519     45.4742398
  7.0475208    45.4743626
  7.047486     45.474411
  7.047264     45.4745387
  7.0471901    45.474613
  7.047104     45.4748106
  7.047114     45.4749238
  7.0473665    45.4758792
  7.0473764    45.4760417
  7.0470971    45.4767108
  7.0470718    45.4768155
  7.0470785    45.4768773
  7.0472401    45.4772724
  7.0470202    45.4774065
  7.0461521    45.4778489
  7.0456206    45.4782453
  7.0455846    45.4782896
  7.0455996    45.4783626
  7.0456427    45.4787582
  7.0458305    45.4792359
  7.0459805    45.4795237
  7.0462879    45.4795124
  7.0468872    45.4801251
  7.0473741    45.4810005
  7.0473176    45.48268
  7.0473913    45.4837044
  7.04751      45.4853555
  7.0475351    45.4853919
  7.0478336    45.4854777
  7.0483159    45.4855579
  7.0499718    45.485718
  7.050075     45.485738
  7.0502599    45.4858065
  7.0504219    45.4859054
  7.0506683    45.4861153
  7.0508976    45.486155
  7.0510179    45.4861346
  7.0512532    45.4860169
  7.0514387    45.4859916
  7.0515587    45.4860069
  7.0519961    45.4861994
  7.0521066    45.486218
  7.0523938    45.486226
  7.0525049    45.4862422
  7.0525919    45.486275
  7.0526316    45.4863194
  7.052687     45.4864766
  7.052734     45.4865104
  7.0528544    45.4865407
  7.053147     45.4865341
  7.0532084    45.486584
  7.0533103    45.4868395
  7.0534052    45.4869888
  7.0539039    45.4872801
  7.0540331    45.4873377
  7.0548121    45.4875901
  7.0552801    45.4876247
  7.0565696    45.4889756
  7.056687     45.4891292
  7.0574268    45.490428
  7.0574537    45.490526
  7.0574471    45.4905763
  7.0573798    45.4906942
  7.0566536    45.4914511
  7.0565486    45.4915889
  7.0559083    45.4925952
  7.0556096    45.4930303
  7.0542965    45.4946549
  7.0527296    45.4956899
  7.0525922    45.4957633
  7.0512741    45.4961821
  7.0508417    45.4964142
  7.050703     45.4964612
  7.0503782    45.496506
  7.0494645    45.4965112
  7.0492818    45.4964903
  7.0487699    45.4963912
  7.0482673    45.4963539
  7.0474407    45.4965138
  7.0471135    45.4965397
  7.0469911    45.4965849
  7.0463932    45.4969475
  7.0461839    45.4971136
  7.0460629    45.4971767
  7.0457112    45.4972328
  7.0454066    45.4972445
  7.0449843    45.4972293
  7.0448902    45.4972394
  7.0446638    45.4973702
  7.0446004    45.497369
  7.0445228    45.4973502
  7.0439447    45.4969344
  7.0437278    45.4968366
  7.0434439    45.4967697
  7.0430312    45.4967006
  7.0414753    45.4965243
  7.0402303    45.4962525
  7.0387965    45.4958548
  7.0385405    45.4958191
  7.0384348    45.4958383
  7.0365492    45.4965323
  7.0361056    45.4967085
  7.0358355    45.4967614
  7.0352568    45.4967858
  7.0350204    45.4968108
  7.0349223    45.4968026
  7.0348741    45.4967839
  7.0347553    45.4966827
  7.0344       45.4965738
  7.033945     45.4964677
  7.0333625    45.4963656
  7.0331795    45.4963511
  7.0331027    45.496364
  7.0325273    45.4965609
  7.0311691    45.4967605
  7.0310072    45.4967739
  7.0307394    45.4967444
  7.0303278    45.496659
  7.0300898    45.4965615
  7.0299967    45.4964846
  7.0297681    45.4960994
  7.0296703    45.4960153
  7.0295754    45.4959759
  7.0288137    45.4958148
  7.0287475    45.4958163
  7.0284447    45.49589
  7.0276609    45.4961846
  7.0274935    45.4962707
  7.027327     45.4963994
  7.027029     45.4964724
  7.0266418    45.496515
  7.025538     45.49658
  7.0250311    45.4966417
  7.024652     45.4965735
  7.024516     45.4965933
  7.0243954    45.4965797
  7.0238788    45.4964623
  7.0236142    45.4964308
  7.0225761    45.4964068
  7.0222709    45.4964409
  7.0209781    45.4966596
  7.0206402    45.496877
  7.0204861    45.4969562
  7.0202273    45.497038
  7.0196906    45.4971775
  7.0186887    45.4975693
  7.0179008    45.4978438
  7.0168755    45.4980184
  7.0164734    45.4981099
  7.0150774    45.4985221
  7.0147535    45.4985995
  7.0143054    45.4986698
  7.0135503    45.4987622
  7.0130932    45.498853
  7.0125682    45.4989949
  7.0124364    45.4990462
  7.0119417    45.4992911
  7.011667     45.499378
  7.0093714    45.4999504
  7.0092785    45.5000065
  7.0092707    45.5000621
  7.0092952    45.5001325
  7.0094435    45.5003258
  7.0094636    45.5004119
  7.0094434    45.5004564
  7.0092881    45.5005317
  7.0089628    45.5006219
  7.0088869    45.5006652
  7.0087189    45.5008475
  7.0086561    45.5008811
  7.0077957    45.5011302
  7.005359     45.5029095
  7.0052582    45.5029694
  7.0023749    45.503256
  7.002286     45.5032814
  6.9998427    45.5049956
  7.0005699    45.5064478
  7.0006237    45.5066419
  7.0010601    45.5092797
  7.0014552    45.5119744
  7.0014827    45.512047
  7.0015376    45.5121151
  7.002261     45.5126986
  7.002556     45.5129813
  7.0028197    45.5133148
  7.0031792    45.5138484
  7.0037459    45.515005
  7.003961     45.5153813
  7.0045638    45.516221
  7.0049753    45.5166573
  7.0052715    45.5170717
  7.0051982    45.5173667
  7.0048692    45.5183501
  7.0047764    45.5185113
  7.0045818    45.5186465
  7.0043795    45.5188799
  7.0040884    45.5193126
  7.0040301    45.5194927
  7.0040248    45.5199742
  7.0040002    45.5201319
  7.0039023    45.5203795
  7.0037543    45.5206194
  7.0035699    45.5208497
  7.0031394    45.5212744
  7.0029492    45.5214214
  7.0020637    45.5219468
  7.0020262    45.5220945
  7.0020027    45.5221144
  7.0017915    45.5221625
  7.0016957    45.5222224
  7.0013821    45.5225267
  7.0012909    45.522568
  7.0010195    45.5226225
  7.0009288    45.5226594
  7.0002999    45.5233234
  7.0000263    45.5236508
  6.9990677    45.5250238
  6.9989064    45.5252067
  6.9969794    45.5269818
  6.9960469    45.527765
  6.9958583    45.5278998
  6.9954586    45.5280842
  6.9950134    45.5284261
  6.9945788    45.5286291
  6.9937877    45.5290784
  6.9930758    45.5294788
  6.9924062    45.5299256
  6.9912718    45.5303956
  6.9908762    45.532009
  6.9912371    45.5327635
  6.9920268    45.5362807
  6.9920925    45.5368699
  6.9921165    45.537405
  6.9921434    45.5375335
  6.9922167    45.5376796
  6.9924045    45.5379004
  6.9929315    45.5384128
  6.9930752    45.5385924
  6.9931369    45.5387116
  6.9932839    45.5391475
  6.993494     45.5393647
  6.9937575    45.5398689
  6.9939204    45.5401141
  6.9939816    45.5401738
  6.9945021    45.5404216
  6.9948663    45.5405711
  6.994915     45.5406045
  6.9949702    45.540698
  6.9949705    45.540766
  6.9948435    45.5411598
  6.9948419    45.5412585
  6.9948754    45.5413514
  6.9949315    45.5414117
  6.9950092    45.5414612
  6.9953741    45.5416081
  6.9954464    45.5416551
  6.9954785    45.5417189
  6.9954636    45.541782
  6.9952137    45.5420937
  6.9951875    45.5422205
  6.9952158    45.5423024
  6.9952949    45.5424015
  6.9954425    45.5425316
  6.9954692    45.5425833
  6.9954453    45.542717
  6.9953509    45.5428915
  6.9953243    45.5429813
  6.9953503    45.5431104
  6.9953944    45.5431836
  6.9955957    45.5434108
  6.9957231    45.5436241
  6.9958319    45.5437038
  6.9958668    45.5437498
  6.9958749    45.5438066
  6.9958401    45.5440312
  6.9959049    45.5443621
  6.995951     45.5444383
  6.9959492    45.5444698
  6.9958667    45.5445336
  6.9958053    45.5446541
  6.9957419    45.5449976
  6.9957934    45.5453249
  6.9957722    45.5454381
  6.9956024    45.5456247
  6.9954982    45.5458813
  6.9954413    45.5459392
  6.9951225    45.5461283
  6.9950056    45.5462495
  6.9941432    45.5474
  6.9939813    45.5475012
  6.99356      45.5476132
  6.9929916    45.5480105
  6.9928139    45.5481741
  6.992729     45.5483149
  6.9926772    45.5485012
  6.9926142    45.5489365
  6.9926198    45.5491782
  6.9926496    45.5493325
  6.9928047    45.5496318
  6.9928363    45.5497333
  6.9928282    45.5498373
  6.992758     45.5500204
  6.9924528    45.5506478
  6.9923699    45.5507819
  6.9919112    45.5513559
  6.9918868    45.5514837
  6.9917806    45.5515878
  6.9917605    45.5516295
  6.9918811    45.5519092
  6.9919004    45.5520195
  6.9918685    45.552162
  6.9916343    45.552561
  6.9915732    45.5526968
  6.9915682    45.5528179
  6.9915986    45.5530657
  6.9913809    45.5535079
  6.9913137    45.5536001
  6.9908418    45.5539573
  6.9908155    45.5539964
  6.990849     45.5544454
  6.9909391    45.5547454
  6.9912036    45.5551962
  6.9912673    45.5553733
  6.9912768    45.5554585
  6.9912444    45.555541
  6.9911874    45.5555985
  6.9908727    45.5558274
  6.9903862    45.5560574
  6.990158     45.556186
  6.9899082    45.5563813
  6.9898345    45.5564897
  6.9898344    45.5565429
  6.9900843    45.557394
  6.9902605    45.5581488
  6.9903026    45.5584987
  6.9905194    45.5591122
  6.9905625    45.5593881
  6.9905671    45.5595965
  6.9905101    45.5602788
  6.990425     45.5609163
  6.9902134    45.5612383
  6.990039     45.5618204
  6.9898451    45.5623762
  6.9897528    45.5628034
  6.9897599    45.5628797
  6.9899766    45.5631787
  6.9900933    45.5635938
  6.9901667    45.563783
  6.9905147    45.5644187
  6.9905481    45.5644459
  6.9909411    45.5644871
  6.9912118    45.5645621
  6.9912949    45.5646243
  6.9914718    45.5648489
  6.991618     45.5649181
  6.9917219    45.564937
  6.9921371    45.5649626
  6.9923626    45.5650259
  6.9925741    45.5651416
  6.9928256    45.5653653
  6.9929385    45.5654412
  6.9931689    45.5655227
  6.9936097    45.5656184
  6.9940927    45.5657646
  6.9942193    45.5658496
  6.9947327    45.5665332
  6.9948383    45.5666271
  6.9948726    45.5667293
  6.994922     45.5667828
  6.9950142    45.5668285
  6.9952868    45.5669152
  6.9953707    45.5669655
  6.9955877    45.5671702
  6.9957762    45.5673882
  6.9960472    45.5678101
  6.9962909    45.5680667
  6.9963317    45.5681419
  6.9964669    45.5685491
  6.9965034    45.5686031
  6.9967991    45.5688906
  6.9968144    45.5690046
  6.9967793    45.5693552
  6.9967002    45.5694723
  6.9965372    45.5696031
  6.9963313    45.5697088
  6.9961009    45.5697893
  6.9957442    45.569865
  6.9952507    45.5698469
  6.9951603    45.5698669
  6.995019     45.5699445
  6.9948473    45.570097
  6.9948169    45.5701725
  6.9948712    45.5708237
  6.9948517    45.5708836
  6.9948046    45.5709342
  6.9946543    45.5710078
  6.9943569    45.5712811
  6.9942123    45.5713819
  6.9937089    45.5716403
  6.9936417    45.5716996
  6.9936045    45.5717657
  6.9936299    45.5719414
  6.9938388    45.5724554
  6.9939349    45.5725601
  6.9942617    45.5728451
  6.9943232    45.5729408
  6.9944052    45.5731612
  6.9945292    45.5736115
  6.9949484    45.5744072
  6.9950168    45.5746312
  6.9951705    45.5753327
  6.9952714    45.5756041
  6.9952577    45.5757034
  6.9952193    45.5757324
  6.9949982    45.5757893
  6.9947361    45.5759728
  6.9946007    45.5760264
  6.9943217    45.5760539
  6.9942194    45.5761092
  6.9940835    45.5762322
  6.9936743    45.576669
  6.9934237    45.5768983
  6.9931247    45.5770449
  6.9929179    45.5773219
  6.9927687    45.5774199
  6.9921091    45.5777337
  6.9920267    45.5777882
  6.9918689    45.5779517
  6.9915625    45.5783613
  6.9913025    45.5786032
  6.9908052    45.578949
  6.9905866    45.5790582
  6.9904527    45.5790879
  6.9894679    45.5792221
  6.9893607    45.5792489
  6.9890219    45.5793861
  6.9886109    45.5794561
  6.9885342    45.5794853
  6.988337     45.5796559
  6.9880095    45.5797822
  6.9878908    45.5798711
  6.9873108    45.5804194
  6.9871923    45.5805539
  6.9868767    45.5808279
  6.9866331    45.5810046
  6.9863606    45.5811556
  6.9859663    45.581337
  6.9844348    45.5818299
  6.983581     45.5820399
  6.9831796    45.5821649
  6.983045     45.5822293
  6.9823607    45.5826355
  6.9820875    45.5827792
  6.9818298    45.5828888
  6.9811732    45.5830471
  6.9810083    45.5831121
  6.9805825    45.5833904
  6.980538     45.5834385
  6.9804481    45.5837456
  6.9799597    45.5850564
  6.9798997    45.5851093
  6.9796029    45.5852619
  6.9794481    45.5853655
  6.9793156    45.5855213
  6.9788698    45.5862179
  6.9782322    45.5870884
  6.9781001    45.5873234
  6.9780162    45.587565
  6.977992     45.5882144
  6.9780447    45.5892703
  6.9780535    45.5900489
  6.9781052    45.590304
  6.9782109    45.5905497
  6.9785116    45.5909314
  6.9791174    45.5919435
  6.9799519    45.5929611
  6.9801128    45.5932125
  6.9801483    45.593319
  6.9801513    45.5936808
  6.9801826    45.5938966
  6.9805697    45.5948667
  6.9806875    45.595274
  6.9806943    45.5953804
  6.9805958    45.5956671
  6.9805813    45.5958096
  6.9805074    45.5960576
  6.9804216    45.596178
  6.9802907    45.5962569
  6.9800902    45.5963435
  6.9799568    45.5964225
  6.9797814    45.5966385
  6.9795762    45.5970238
  6.9795989    45.597101
  6.9807811    45.5986728
  6.9812876    45.5993883
  6.9815082    45.5997769
  6.9816186    45.6001351
  6.9817878    45.6003813
  6.981811     45.6004974
  6.981744     45.6012832
  6.9816979    45.6013685
  6.9816966    45.6016008
  6.9817281    45.6018092
  6.9817951    45.6019083
  6.9820336    45.6021097
  6.9820481    45.602181
  6.9820284    45.6024225
  6.9822475    45.6033859
  6.9824579    45.6038858
  6.9825662    45.6040662
  6.9827396    45.6042464
  6.9829248    45.6044006
  6.9834304    45.6047584
  6.983607     45.6049135
  6.9837363    45.6050851
  6.9837777    45.6051785
  6.9838248    45.6053857
  6.9838254    45.6055874
  6.9837531    45.6059943
  6.9837698    45.6061484
  6.9838188    45.6062495
  6.9840258    45.6065454
  6.9841856    45.6069662
  6.9842753    45.6075191
  6.9861774    45.6121911
  6.9862724    45.6125293
  6.9862638    45.612649
  6.9862141    45.6127656
  6.985641     45.6134898
  6.9854109    45.6137494
  6.9851546    45.613996
  6.9848618    45.6142215
  6.9846465    45.6143526
  6.9840054    45.6146534
  6.9839156    45.6147137
  6.9838233    45.6148289
  6.9837808    45.6149159
  6.9836883    45.6152346
  6.9835103    45.6161851
  6.983232     45.6167842
  6.9832429    45.6169313
  6.9841397    45.6188885
  6.9842647    45.6192218
  6.9844363    45.6198104
  6.9845734    45.6201645
  6.9848923    45.6206516
  6.9849738    45.6207471
  6.9855237    45.6212001
  6.9855847    45.6212348
  6.9857393    45.6212451
  6.9857877    45.6212743
  6.9859764    45.621471
  6.9861085    45.6215364
  6.9863169    45.6215568
  6.9863385    45.6215986
  6.9863319    45.6216574
  6.9863537    45.6217229
  6.9863412    45.6217838
  6.9863655    45.6218699
  6.9862705    45.6220377
  6.9862912    45.6221441
  6.9864195    45.6223346
  6.9865144    45.6227904
  6.9865855    45.6229399
  6.9865969    45.6232856
  6.9867581    45.6236053
  6.9867786    45.623719
  6.9867691    45.6239565
  6.986798     45.6240144
  6.9871685    45.6242892
  6.9873916    45.6245132
  6.9877701    45.6247255
  6.9886241    45.6251029
  6.9891204    45.6253441
  6.9894991    45.6256009
  6.9900007    45.6260264
  6.9904617    45.6263244
  6.9906523    45.6264899
  6.9909182    45.6268249
  6.9916737    45.6276932
  6.9917739    45.6277618
  6.9928564    45.6282569
  6.9932813    45.6283223
  6.9934737    45.6283921
  6.9937859    45.6285789
  6.9940409    45.6286809
  6.9945103    45.6288134
  6.9950959    45.6289005
  6.9953692    45.6289603
  6.9958693    45.6291062
  6.9960346    45.6291746
  6.9962189    45.6293154
  6.9965144    45.6297144
  6.9968623    45.6300644
  6.9974845    45.6307752
  6.9979108    45.6311696
  6.9980358    45.6313079
  6.9981274    45.6314743
  6.9980683    45.6318081
  6.9979404    45.6321046
  6.9979493    45.6322054
  6.9981765    45.6325882
  6.9985279    45.6329045
  6.9986564    45.6331401
  6.9989689    45.6338353
  6.9990673    45.6339343
  6.9991816    45.6339731
  6.9996833    45.6340427
  6.9998893    45.634118
  7.000006     45.6341968
  7.0003903    45.6345661
  7.0004923    45.6346346
  7.0008396    45.6348145
  7.0009702    45.6349245
  7.0010308    45.6350087
  7.0012283    45.6354518
  7.0015261    45.636234
  7.0015589    45.6364137
  7.0015393    45.6365266
  7.0014905    45.6366316
  7.0010438    45.6372003
  7.0008732    45.6374654
  7.000749     45.6377568
  7.0007497    45.6382065
  7.0007896    45.6383128
  7.0009376    45.6383807
  7.0010433    45.638474
  7.0010878    45.6385618
  7.0011087    45.6386591
  7.0011356    45.6391425
  7.0011233    45.6393344
  7.0010794    45.6395543
  7.0010111    45.6397203
  7.0009683    45.6397708
  7.0008108    45.6398544
  7.0003878    45.6399743
  6.9998302    45.6400744
  6.9989902    45.6401645
  6.9969224    45.6403296
  6.996611     45.6402938
  6.9959969    45.6401464
  6.9949838    45.6400178
  6.9946985    45.6399603
  6.9940997    45.6398092
  6.993741     45.639746
  6.9926439    45.639633
  6.9924945    45.6396328
  6.9923508    45.6396513
  6.9921465    45.6397252
  6.9914387    45.6401287
  6.9912614    45.640268
  6.9909049    45.6406417
  6.9907978    45.6407794
  6.9906809    45.6410218
  6.9906118    45.6412744
  6.9906124    45.6413786
  6.9907811    45.6420477
  6.9907899    45.642427
  6.9907512    45.6425389
  6.9906943    45.6426307
  6.9900988    45.6433716
  6.9896525    45.643872
  6.9894627    45.6440185
  6.9893162    45.644098
  6.9891811    45.6441467
  6.9886172    45.6442123
  6.9882419    45.64429
  6.9879103    45.6442946
  6.9874401    45.6442614
  6.9865976    45.6443101
  6.9859452    45.6442695
  6.9856598    45.644265
  6.9855133    45.6442805
  6.9853736    45.6443257
  6.9849002    45.6445663
  6.9845986    45.6446843
  6.9843086    45.6447732
  6.9840451    45.644825
  6.983865     45.6448334
  6.9837093    45.6449072
  6.9835072    45.6450511
  6.9833591    45.6451222
  6.9832308    45.6451584
  6.9830032    45.6451924
  6.982781     45.6452067
  6.9825086    45.6451912
  6.9823475    45.6451538
  6.9819922    45.6450368
  6.9816696    45.6449594
  6.9813221    45.6449177
  6.9811568    45.6449157
  6.9809281    45.6449345
  6.9805033    45.6450226
  6.9800392    45.6451739
  6.979723     45.6452943
  6.9795204    45.6453358
  6.9792187    45.6453228
  6.9785635    45.645356
  6.9780475    45.6454014
  6.9777448    45.6454737
  6.9771585    45.6456609
  6.9767202    45.6457111
  6.976542     45.6457651
  6.9759171    45.646153
  6.9757706    45.6462222
  6.9753584    45.6463592
  6.9744868    45.6465972
  6.9743271    45.646665
  6.9740444    45.646856
  6.9738097    45.6470822
  6.9736079    45.6473291
  6.973114     45.6480178
  6.973003     45.6481184
  6.9726903    45.6483477
  6.972582     45.6484483
  6.9724615    45.6486249
  6.9723086    45.6489399
  6.9721543    45.6491398
  6.9717705    45.649425
  6.9716748    45.6495208
  6.9715113    45.6497905
  6.9714496    45.6500166
  6.9714852    45.6501249
  6.9717431    45.6504359
  6.9718416    45.650591
  6.9718389    45.6506551
  6.9717865    45.6507163
  6.9716863    45.6507885
  6.9711012    45.6510463
  6.9710398    45.6511035
  6.97101      45.6514685
  6.9709757    45.6516369
  6.9707532    45.6522106
  6.9706829    45.6524821
  6.970422     45.6530208
  6.9703227    45.6532776
  6.9702955    45.6534042
  6.9703419    45.6537656
  6.9702754    45.6539011
  6.9701976    45.6542259
  6.9699803    45.6541938
  6.9696611    45.6542463
  6.9694921    45.6542425
  6.9693151    45.6542482
  6.9691569    45.6541994
  6.9673183    45.6541464
  6.96693      45.6541167
  6.9662723    45.6539793
  6.9660587    45.653981
  6.9658086    45.6540275
  6.9653235    45.6541563
  6.9650711    45.6541949
  6.9648529    45.654195
  6.9647465    45.6541797
  6.964432     45.6540617
  6.9643073    45.6540343
  6.9641773    45.6540394
  6.9640564    45.654082
  6.9639617    45.6541363
  6.9636461    45.6544065
  6.9633954    45.6545852
  6.9629836    45.6548257
  6.9628009    45.6548786
  6.9625991    45.6548653
  6.9621067    45.6547189
  6.9619678    45.6546988
  6.9617068    45.6546963
  6.961155     45.6547406
  6.9610198    45.6547344
  6.9608503    45.6546911
  6.9607026    45.6546268
  6.9601733    45.6543235
  6.9597887    45.6541985
  6.9596131    45.6541219
  6.9586161    45.6534378
  6.9577846    45.652963
  6.9576478    45.6529044
  6.9557863    45.6525706
  6.9552499    45.652493
  6.9549937    45.652419
  6.9548515    45.6523472
  6.9546763    45.652178
  6.9545532    45.652139
  6.9544356    45.6521564
  6.9543368    45.6522139
  6.954164     45.6523578
  6.9540998    45.6523914
  6.9538083    45.6523761
  6.9536977    45.6523518
  6.9536234    45.6523029
  6.9534038    45.652013
  6.9533075    45.6519509
  6.9529973    45.6518425
  6.9523086    45.6516752
  6.9520128    45.6515844
  6.9517779    45.6514621
  6.9505403    45.6510927
  6.9501799    45.6510203
  6.9496255    45.650955
  6.9491318    45.6508684
  6.9487985    45.6508297
  6.9487363    45.6508023
  6.9484725    45.650589
  6.9483411    45.6505217
  6.9481261    45.6505508
  6.9480804    45.6505441
  6.9479852    45.6504954
  6.9477777    45.6503348
  6.9476849    45.650283
  6.9474947    45.6502405
  6.9472121    45.6502059
  6.9462098    45.6499424
  6.9440244    45.6495432
  6.9437078    45.6494642
  6.9434654    45.6493781
  6.9432722    45.6492875
  6.9431118    45.6491829
  6.9429717    45.6491373
  6.942781     45.6491112
  6.9421907    45.6489662
  6.9416084    45.648955
  6.941361     45.6489263
  6.9412508    45.6488953
  6.9411683    45.6488412
  6.9409966    45.6486176
  6.9408185    45.6484229
  6.9406745    45.6483054
  6.9405813    45.6482597
  6.9404092    45.6482049
  6.9402175    45.6481325
  6.9401955    45.6480537
  6.9401365    45.6480328
  6.9400139    45.6480212
  6.9397612    45.6480451
  6.939197     45.6481306
  6.9386228    45.6481221
  6.9380744    45.6481978
  6.9377955    45.6481881
  6.9373003    45.6481033
  6.9368541    45.6480653
  6.9366971    45.6480038
  6.9365871    45.647932
  6.9364877    45.6476879
  6.9363397    45.647598
  6.9357698    45.6473815
  6.9353445    45.6472464
  6.9350188    45.6471726
  6.9344606    45.6471037
  6.934194     45.6470429
  6.9340434    45.6469775
  6.9339359    45.6469031
  6.933599     45.6465141
  6.9330329    45.6460433
  6.9329037    45.6459624
  6.9327777    45.6459326
  6.9319714    45.6458984
  6.9307323    45.6457282
  6.9305476    45.6457208
  6.930516     45.6457372
  6.9300283    45.6464072
  6.929848     45.6465788
  6.9298254    45.6466351
  6.929832     45.6468347
  6.9297897    45.6469357
  6.9297266    45.6469674
  6.9296664    45.6469753
  6.9294076    45.6469592
  6.929051     45.6470098
  6.9285282    45.6471844
  6.9276907    45.6472001
  6.9265719    45.6471208
  6.9264735    45.6471332
  6.9264209    45.6471657
  6.9261278    45.6474813
  6.9258691    45.6477985
  6.9253907    45.6484565
  6.9251874    45.648643
  6.9250524    45.6487184
  6.9238268    45.649213
  6.9234706    45.6493415
  6.9225395    45.6495126
  6.9220588    45.6493961
  6.921646     45.6492312
  6.9215932    45.6492351
  6.9215578    45.6492725
  6.921449     45.6496064
  6.9213321    45.6500912
  6.9209565    45.6503929
  6.9208867    45.650431
  6.9207339    45.650479
  6.9203163    45.6505648
  6.9199706    45.6506124
  6.9196191    45.6506328
  6.919265     45.6506308
  6.9183941    45.6505698
  6.9179385    45.6505169
  6.9176617    45.6505874
  6.9164601    45.6510311
  6.9161336    45.6511761
  6.9148869    45.6518949
  6.9149656    45.6519063
  6.9153821    45.652294
  6.9155434    45.6526932
  6.9160261    45.6530793
  6.9161355    45.6536159
  6.9162952    45.6540141
  6.9163304    45.6544195
  6.9159834    45.6548849
  6.9159411    45.6551561
  6.9165828    45.655896
  6.916688     45.6565763
  6.9166993    45.6577395
  6.9165845    45.6589079
  6.9164761    45.6596578
  6.9160613    45.6603005
  6.9154352    45.6609529
  6.914782     45.661278
  6.9139035    45.6614626
  6.9129316    45.6615333
  6.912103     45.6618046
  6.9111934    45.6621113
  6.910649     45.6622223
  6.9098784    45.662164
  6.9090579    45.6620188
  6.9080884    45.6621183
  6.9072827    45.6621512
  6.9066155    45.6623271
  6.9062511    45.6625506
  6.9054641    45.6627912
  6.9047183    45.6630313
  6.9039724    45.6632703
  6.9033552    45.663534
  6.9027346    45.6637389
  6.9021874    45.6638355
  6.9024559    45.6644803
  6.902917     45.6649086
  6.9035118    45.6654212
  6.9039328    45.6658811
  6.9042738    45.6664052
  6.9045186    45.6667824
  6.9051501    45.6672047
  6.9056974    45.6676595
  6.905963     45.6683043
  6.9062579    45.6687703
  6.9066062    45.6693818
  6.9068194    45.6699101
  6.9067375    45.6706379
  6.9057474    45.6712425
  6.9057093    45.6713864
  6.905182     45.6717064
  6.9051378    45.6721852
  6.9052477    45.6724791
  6.9054961    45.6729171
  6.9057058    45.6733856
  6.905834     45.6739183
  6.9059487    45.6742709
  6.9064599    45.6747859
  6.9066658    45.6752257
  6.906788     45.6756688
  6.9066998    45.6761494
  6.906365     45.67673
  6.9059441    45.6772841
  6.905726     45.6774788
  6.9056416    45.6776641
  6.9055039    45.6778906
  6.9049865    45.6780449
  6.9046853    45.6782678
  6.904429     45.6785157
  6.9040756    45.6788729
  6.9039214    45.6790733
  6.9037564    45.6793929
  6.9037028    45.6795381
  6.9035928    45.6797279
  6.9032333    45.6806164
  6.9025744    45.6809459
  6.9014271    45.6809338
  6.9010946    45.6809831
  6.9003356    45.6809305
  6.9001564    45.6808675
  6.899839     45.6808949
  6.8994147    45.6806447
  6.8990313    45.6803919
  6.8987343    45.68015
  6.8984812    45.6799218
  6.8983266    45.6795842
  6.8982459    45.6793538
  6.8981876    45.6791872
  6.8979646    45.6788246
  6.8977468    45.6784896
  6.8975957    45.6782128
  6.8973717    45.6780877
  6.8969551    45.677906
  6.896844     45.6778704
  6.8966862    45.6778198
  6.8963427    45.6777787
  6.8947364    45.6768227
  6.8943299    45.6765564
  6.8938899    45.6763657
  6.8933899    45.6759834
  6.8931825    45.6755106
  6.890818     45.6772805
  6.8904214    45.6775207
  6.8893178    45.6779432
  6.8860558    45.6797196
  6.8847169    45.680394
  6.8829821    45.6808201
  6.8821311    45.6795197
  6.8819617    45.6791889
  6.8812217    45.6792445
  6.8799874    45.6788757
  6.878505     45.6786802
  6.8706811    45.6803068
  6.8687232    45.6810068
  6.8677368    45.682417
  6.8671365    45.6840491
  6.8666375    45.6840668
  6.8661949    45.6843685
  6.8654995    45.6847788
  6.8651009    45.6848404
  6.8647483    45.6846904
  6.8644613    45.6845678
  6.8640976    45.6845526
  6.8637273    45.6845391
  6.8635985    45.684584
  6.8634939    45.6847208
  6.8633437    45.6847677
  6.8631399    45.6847864
  6.862582     45.6847152
  6.8622494    45.6847395
  6.8618417    45.6847039
  6.8613026    45.6847208
  6.8605455    45.6848158
  6.8598695    45.684872
  6.8592178    45.6849727
  6.8585894    45.6850879
  6.8578735    45.6851777
  6.8576181    45.6851715
  6.8571385    45.6849918
  6.8569654    45.6851743
  6.8566918    45.6853317
  6.8563968    45.6854863
  6.8561447    45.6856336
  6.8559454    45.6860598
  6.8557328    45.6863224
  6.8551116    45.6865261
  6.85463      45.6866353
  6.8541194    45.6868934
  6.8537684    45.6872658
  6.8534316    45.6875778
  6.8531702    45.687767
  6.8528421    45.6879154
  6.8523447    45.6880842
  6.8518927    45.6882666
  6.8514622    45.688478
  6.8510502    45.6886278
  6.8505103    45.6887993
  6.8500725    45.6889212
  6.8495778    45.6891053
  6.8491219    45.6892579
  6.8487011    45.6893192
  6.8482001    45.6894437
  6.8477384    45.6895077
  6.8473262    45.689674
  6.8466562    45.6900737
  6.8463548    45.6902789
  6.8462405    45.6905053
  6.8462273    45.690538
  6.8466097    45.6907971
  6.846834     45.6909915
  6.8468959    45.6911561
  6.8471027    45.6913617
  6.8471207    45.6914564
  6.8471041    45.6915366
  6.847022     45.6916128
  6.8468284    45.6917514
  6.8467616    45.6918211
  6.8466815    45.6921085
  6.8465453    45.692273
  6.8462212    45.6925605
  6.8461948    45.6926318
  6.8462193    45.6926776
  6.846355     45.6928021
  6.8465109    45.6930752
  6.8465244    45.6931279
  6.8464579    45.6932856
  6.8463381    45.6934107
  6.8459476    45.6936048
  6.8458563    45.6936715
  6.8457979    45.6937602
  6.8458052    45.6938624
  6.845896     45.6940719
  6.8458999    45.6941751
  6.8457091    45.6944185
  6.8455821    45.6945261
  6.8454898    45.6945799
  6.8451538    45.6946806
  6.8450682    45.6947187
  6.8447806    45.6949596
  6.8446912    45.6950915
  6.8446519    45.6952723
  6.8446139    45.695357
  6.8442826    45.6956981
  6.8441508    45.6958882
  6.8441505    45.6960247
  6.8439222    45.6962462
  6.8438949    45.6963062
  6.8439041    45.6966005
  6.8438564    45.6967074
  6.8438127    45.6969045
  6.8437499    45.6969675
  6.8435829    45.6970372
  6.8432945    45.6972555
  6.8431957    45.6973006
  6.8426402    45.6974207
  6.8425761    45.6974539
  6.8425539    45.6974911
  6.8425607    45.6975328
  6.8425981    45.6975677
  6.8428861    45.6977232
  6.8429778    45.6978026
  6.8430403    45.6978914
  6.843049     45.697983
  6.8430273    45.6980283
  6.8429562    45.6980877
  6.8428532    45.6981233
  6.8427339    45.6981426
  6.8423775    45.6981634
  6.8422699    45.6982
  6.8422547    45.6982814
  6.8423532    45.6985705
  6.8423492    45.6986756
  6.8423238    45.6987307
  6.842286     45.6987621
  6.8420138    45.6988683
  6.8418908    45.698941
  6.8417519    45.6990536
  6.8417134    45.6992363
  6.8417231    45.699818
  6.8416857    45.7000512
  6.8416462    45.7001585
  6.8415749    45.7002728
  6.8414129    45.7004456
  6.8412161    45.7006021
  6.8410076    45.7007267
  6.8407801    45.7007891
  6.8406291    45.7007879
  6.8403954    45.7007319
  6.840046     45.700599
  6.8399218    45.7005734
  6.8398057    45.7005756
  6.839733     45.7006019
  6.8397098    45.7006279
  6.8397024    45.7007485
  6.8396674    45.7007991
  6.8395943    45.7008489
  6.8392975    45.7009367
  6.8390542    45.7010587
  6.8387389    45.7011464
  6.8386164    45.7011973
  6.8384043    45.7013915
  6.8382263    45.7015093
  6.838155     45.7015816
  6.8380907    45.7016116
  6.8376091    45.7015244
  6.8374116    45.7015307
  6.8373297    45.7015566
  6.8371698    45.701672
  6.8369838    45.7017626
  6.8361075    45.7021005
  6.8359794    45.7021259
  6.8357691    45.70206
  6.8344259    45.7021244
  6.834249     45.7021437
  6.8342047    45.7021648
  6.834195     45.7022007
  6.8342319    45.7023429
  6.8342116    45.702376
  6.8341482    45.7024036
  6.8336907    45.7024268
  6.8334107    45.7024114
  6.8326408    45.7023317
  6.8320259    45.7022894
  6.8317239    45.7022434
  6.8312742    45.7021096
  6.8309394    45.7020843
  6.8306834    45.7020235
  6.8305082    45.7020217
  6.8304162    45.702052
  6.8303378    45.7021205
  6.8302682    45.7022703
  6.8302131    45.7023427
  6.8300573    45.7024507
  6.8299001    45.7024723
  6.8294783    45.7026652
  6.8292232    45.7028409
  6.8285095    45.7035484
  6.8283101    45.703688
  6.8276761    45.7040186
  6.8275204    45.7040716
  6.8274297    45.7040753
  6.827196     45.7040338
  6.8270691    45.7040453
  6.8271699    45.7041511
  6.8271948    45.7042017
  6.8271917    45.7042632
  6.827079     45.7044913
  6.8270314    45.7046837
  6.8270147    45.7050009
  6.8269893    45.7050988
  6.8269018    45.7051983
  6.8268357    45.7055594
  6.8265468    45.7062103
  6.8264487    45.7064758
  6.8263267    45.7070692
  6.8262677    45.7072354
  6.8261692    45.7074105
  6.8258821    45.707774
  6.824428     45.7093596
  6.8241204    45.7096689
  6.8237842    45.71022
  6.8236661    45.7103402
  6.8223413    45.71114
  6.8220973    45.7112692
  6.8219411    45.7113718
  6.8219096    45.7115383
  6.8218798    45.711596
  6.8217406    45.7117258
  6.8217023    45.711792
  6.8217734    45.7120434
  6.82176      45.7121045
  6.8215857    45.7122971
  6.8214304    45.7126109
  6.8213754    45.712685
  6.8211637    45.7128428
  6.8210643    45.7130784
  6.8208839    45.7132955
  6.8208627    45.7133464
  6.8208728    45.7134284
  6.8208359    45.7135267
  6.8205647    45.7139864
  6.8205003    45.7140439
  6.8202419    45.7140946
  6.8201811    45.7141269
  6.8199614    45.7145118
  6.8196719    45.7151563
  6.8196543    45.7155195
  6.8196753    45.7156228
  6.8197566    45.7157996
  6.8197598    45.7158818
  6.8196635    45.7160568
  6.8196402    45.7162942
  6.8196481    45.7166451
  6.8197471    45.7167864
  6.8195763    45.7168384
  6.8195044    45.7169035
  6.8194882    45.717114
  6.8194491    45.7172423
  6.8194542    45.7174601
  6.8193476    45.717876
  6.8192777    45.7184746
  6.8191976    45.7186223
  6.8190797    45.7187578
  6.8184689    45.7192779
  6.8182835    45.7194056
  6.8175937    45.7197609
  6.8175518    45.7197981
  6.8174742    45.7199481
  6.8172799    45.7200519
  6.8169057    45.7201944
  6.8153856    45.7209212
  6.8151927    45.7209708
  6.8146255    45.7209935
  6.8145941    45.7210182
  6.8145137    45.7212337
  6.8142511    45.7215025
  6.8141386    45.7216765
  6.8138367    45.7219308
  6.8137558    45.7221253
  6.8137078    45.7221724
  6.8135853    45.7222387
  6.8132878    45.722362
  6.8131075    45.7225242
  6.8124463    45.722821
  6.8121554    45.7230263
  6.8120462    45.7231566
  6.8119276    45.7234681
  6.8118659    45.7235311
  6.8115949    45.7236832
  6.8114905    45.72376
  6.8113553    45.7239672
  6.8110603    45.7241776
  6.8108663    45.7242854
  6.8103474    45.7244345
  6.8102317    45.7244851
  6.8100363    45.7246043
  6.8098398    45.7246945
  6.8088221    45.7249571
  6.8086907    45.7250132
  6.8086319    45.7250688
  6.8086149    45.7251301
  6.8087198    45.7255126
  6.8086975    45.726018
  6.808667     45.7260676
  6.8085667    45.7261524
  6.8083071    45.7263032
  6.8082096    45.7263934
  6.8081849    45.7264429
  6.8081973    45.7265255
  6.808368     45.7266971
  6.8083956    45.7267816
  6.8083828    45.7268233
  6.8080241    45.7272848
  6.8080067    45.7273541
  6.808162     45.7275497
  6.8083846    45.7278799
  6.8086799    45.7281103
  6.8087207    45.728187
  6.8087726    45.7284715
  6.8088577    45.7285827
  6.8092194    45.7289081
  6.8097253    45.7293206
  6.8100002    45.7295704
  6.8101533    45.7296822
  6.8107925    45.7299198
  6.8110849    45.7300026
  6.8112206    45.7300561
  6.8113308    45.7301357
  6.8113749    45.7302251
  6.8113697    45.7303311
  6.8112732    45.7306465
  6.8112909    45.730779
  6.8113625    45.7309086
  6.8115951    45.7311754
  6.8119916    45.7315454
  6.8124864    45.7321045
  6.8126956    45.7322689
  6.8128607    45.7323713
  6.8131885    45.7325212
  6.8133687    45.7326537
  6.8134687    45.7327789
  6.8138112    45.7333061
  6.8141556    45.7335878
  6.814214     45.7337953
  6.8142999    45.7338742
  6.8143311    45.7339456
  6.8143393    45.7341173
  6.814526     45.7347403
  6.8149974    45.7352938
  6.8152248    45.7356536
  6.8153171    45.7360229
  6.8155186    45.7366437
  6.8156392    45.7369497
  6.8160083    45.737492
  6.8163605    45.7381947
  6.8163841    45.7382995
  6.8163716    45.7383735
  6.8163151    45.7384855
  6.816202     45.7386103
  6.8160275    45.7387465
  6.8160038    45.7387942
  6.8160571    45.7390238
  6.8161604    45.7391747
  6.8162586    45.7392345
  6.816442     45.7393079
  6.8165296    45.739365
  6.8165826    45.7394347
  6.8166648    45.7396665
  6.8166947    45.7397111
  6.8167991    45.7398426
  6.8169051    45.739974
  6.8169303    45.7399835
  6.8170193    45.7400517
  6.8169493    45.7401019
  6.8168653    45.7401611
  6.8165863    45.7403589
  6.8164611    45.7404478
  6.8163346    45.7405355
  6.81579      45.74091
  6.8146243    45.7417228
  6.8143708    45.7419025
  6.8141263    45.7420854
  6.8139028    45.7423065
  6.8138239    45.7423878
  6.8137463    45.7424718
  6.8136908    45.7425505
  6.8135265    45.7427895
  6.8134097    45.7430794
  6.8133314    45.7431998
  6.8132902    45.7432453
  6.8132632    45.743267
  6.8132277    45.7432846
  6.8131631    45.7433049
  6.8130852    45.7433167
  6.8126075    45.7433041
  6.812435     45.7433022
  6.8123544    45.7433318
  6.8121274    45.7434792
  6.8120728    45.7434908
  6.8119988    45.7435031
  6.8116044    45.7435158
  6.811516     45.7435254
  6.8113827    45.7435721
  6.8110613    45.7436795
  6.8109958    45.7436971
  6.8107523    45.7437081
  6.8106854    45.7437195
  6.8106301    45.7437447
  6.8103985    45.7438719
  6.8103327    45.7438965
  6.8102529    45.7439087
  6.8101773    45.7439109
  6.8100144    45.7439256
  6.8099047    45.7439538
  6.8098181    45.7440244
  6.8095706    45.744165
  6.8093779    45.7442917
  6.8091781    45.7444228
  6.809139     45.7444483
  6.8089622    45.7445397
  6.8088587    45.7445933
  6.8087604    45.7446441
  6.8086273    45.7447589
  6.8084943    45.7448735
  6.8083912    45.7449249
  6.8082921    45.7449743
  6.8079796    45.7452931
  6.8079529    45.7453198
  6.8078491    45.7454405
  6.8077502    45.7455579
  6.8077447    45.7455645
  6.8077323    45.7455834
  6.8077045    45.745625
  6.8076772    45.7456655
  6.8075823    45.7458449
  6.8075763    45.7458565
  6.8075536    45.7459174
  6.8075404    45.7459533
  6.8075157    45.7460288
  6.8074678    45.7464041
  6.807359     45.7466028
  6.8072914    45.7466613
  6.8071838    45.7467294
  6.8071433    45.7467537
  6.8070359    45.7468123
  6.8069645    45.7468422
  6.8068737    45.7468727
  6.8068246    45.7468876
  6.8066823    45.7469328
  6.8063123    45.7471215
  6.806065     45.7472479
  6.8058957    45.7473452
  6.805818     45.7474106
  6.8057413    45.747478
  6.8056243    45.7476112
  6.8055961    45.7476623
  6.8055763    45.7477057
  6.8055694    45.7477407
  6.8056038    45.7477426
  6.805605     45.7478649
  6.8056348    45.7479738
  6.8056635    45.7481284
  6.8057509    45.74849
  6.8058065    45.7485927
  6.8059344    45.7487483
  6.8060294    45.7490512
  6.8061537    45.7492626
  6.8065334    45.7497512
  6.8066713    45.7499863
  6.806874     45.750155
  6.8070518    45.750244
  6.8074566    45.7502763
  6.8074885    45.7502992
  6.8074311    45.750685
  6.8074024    45.7507289
  6.8073135    45.7507833
  6.8071019    45.7508749
  6.8070121    45.7509317
  6.8069526    45.7510084
  6.8069701    45.7510674
  6.8071747    45.751203
  6.8072077    45.7512678
  6.8071911    45.7513048
  6.8070848    45.7513874
  6.806842     45.7515044
  6.806639     45.7516586
  6.8065948    45.7517104
  6.806547     45.7519731
  6.8064742    45.7528502
  6.8063264    45.7534696
  6.8054507    45.7565923
  6.8053528    45.7572307
  6.8053184    45.7577431
  6.8053242    45.7579995
  6.8054326    45.7584965
  6.8054189    45.7586254
  6.8053248    45.7587301
  6.8052717    45.7588985
  6.8052346    45.7589387
  6.8050844    45.7589907
  6.8050553    45.7590161
  6.8050307    45.7591099
  6.8050204    45.759338
  6.8050655    45.7597939
  6.80502      45.7600702
  6.8050298    45.7601763
  6.8051084    45.7604493
  6.8052034    45.7606675
  6.8055902    45.761285
  6.8057235    45.7615913
  6.8058199    45.7619838
  6.8058312    45.7622215
  6.8057779    45.7628137
  6.8057834    45.7630516
  6.8058106    45.7632015
  6.8058558    45.7633176
  6.8059358    45.7634234
  6.806086     45.7635409
  6.8061238    45.7635943
  6.8060897    45.7636715
  6.8059027    45.7638525
  6.8056136    45.7643088
  6.8052888    45.7650071
  6.8052444    45.7651558
  6.8052366    45.7653006
  6.8052616    45.7654094
  6.805799     45.7668153
  6.8058323    45.766956
  6.8058391    45.7670706
  6.8058251    45.7671044
  6.8057206    45.7673552
  6.8056118    45.7676179
  6.8055952    45.7676797
  6.8055908    45.7677321
  6.8056017    45.767781
  6.8056652    45.7678841
  6.805741     45.7680037
  6.8058455    45.7681209
  6.8059549    45.768238
  6.805991     45.7682902
  6.8060209    45.7683346
  6.8060485    45.7683758
  6.806121     45.7685209
  6.8061607    45.7686011
  6.8062267    45.7687436
  6.8062612    45.7688178
  6.8062951    45.768891
  6.806372     45.7690877
  6.8064314    45.7692466
  6.8065411    45.7696767
  6.8065682    45.7697807
  6.8065789    45.7698238
  6.8063533    45.7699755
  6.805632     45.7703877
  6.805185     45.7706526
  6.8050769    45.7707171
  6.8049711    45.7707817
  6.8049208    45.7708107
  6.8048679    45.7708422
  6.8047464    45.7709154
  6.8044602    45.7710879
  6.8044015    45.7711289
  6.8043297    45.771185
  6.804261     45.7712345
  6.8042065    45.771298
  6.804194     45.7713134
  6.8041782    45.7713352
  6.8040779    45.7714733
  6.8040414    45.7715238
  6.8040052    45.7715811
  6.8038738    45.7717869
  6.8037496    45.771996
  6.8037003    45.7721077
  6.8036621    45.7722051
  6.8036197    45.7723665
  6.8036008    45.7725348
  6.8036169    45.7727068
  6.8036344    45.7728872
  6.8037043    45.7735489
  6.8037237    45.7736605
  6.8037069    45.774002
  6.803666     45.7742673
  6.8036395    45.7743527
  6.8033005    45.7754362
  6.8029023    45.7761356
  6.8028106    45.7762969
  6.8027697    45.7763697
  6.8027358    45.7764394
  6.8027331    45.7764476
  6.802711     45.77661
  6.8027151    45.7780428
  6.8027104    45.7782055
  6.802571     45.7783901
END
END
