polygon
1
  19.9892239   39.640394
  20.006477    39.6810889
  20.0077229   39.6842766
  20.0084182   39.6863209
  20.0089117   39.6885881
  20.0089331   39.6901517
  20.0085205   39.6918519
  20.0112041   39.6932952
  20.012277    39.6944493
  20.0131353   39.6943519
  20.014294    39.6942859
  20.0151952   39.6943503
  20.0159677   39.6947465
  20.0165256   39.6951775
  20.0171264   39.6958693
  20.0177272   39.6965297
  20.0184139   39.6969589
  20.0195726   39.696992
  20.0200876   39.6967278
  20.0208171   39.6963332
  20.021375    39.696069
  20.0220188   39.6959683
  20.0233062   39.6958362
  20.0245465   39.695965
  20.0263103   39.6963002
  20.0266965   39.6965627
  20.0269111   39.6969259
  20.0270398   39.6972248
  20.0270828   39.6975863
  20.0272115   39.6982484
  20.0273832   39.6988741
  20.0278402   39.6995593
  20.029014    39.7002296
  20.0302585   39.7008883
  20.0308164   39.701055
  20.0312885   39.7012531
  20.0321897   39.7012531
  20.0336059   39.7009213
  20.0340408   39.7004708
  20.0347217   39.6997656
  20.0342496   39.69861
  20.0341209   39.6978175
  20.0342925   39.6971901
  20.0346788   39.6964306
  20.0346359   39.6946145
  20.0348075   39.6937889
  20.0351508   39.6932952
  20.03558     39.692965
  20.0394424   39.6915104
  20.0400003   39.6913783
  20.0408858   39.6914955
  20.041357    39.691629
  20.0425692   39.6920875
  20.0439226   39.6924519
  20.0441648   39.6925952
  20.0443739   39.6929266
  20.0448816   39.6937434
  20.045198    39.6940404
  20.0456204   39.6943971
  20.0459546   39.6945176
  20.0462143   39.6944962
  20.0464752   39.6943924
  20.0467228   39.6941471
  20.0469463   39.6934306
  20.04737     39.6925862
  20.0477733   39.6921185
  20.0481741   39.6918274
  20.0487396   39.6917731
  20.0496565   39.6916864
  20.050606    39.6914469
  20.0518411   39.6911969
  20.0532303   39.6911729
  20.0541915   39.6911926
  20.0548627   39.6912216
  20.0559129   39.6914303
  20.0570543   39.6916751
  20.0575701   39.691903
  20.0579516   39.6919061
  20.0580448   39.6917891
  20.0581252   39.6914836
  20.0583192   39.6906844
  20.0586475   39.69011
  20.0591617   39.6898486
  20.0600664   39.689538
  20.0612131   39.6893824
  20.0620979   39.6894131
  20.0631491   39.6895511
  20.0639259   39.6896634
  20.0646484   39.6897427
  20.0651374   39.6896996
  20.0655992   39.6894089
  20.0667397   39.688582
  20.0675028   39.6879787
  20.0681864   39.6870774
  20.0689259   39.68663
  20.0694115   39.6863546
  20.0701554   39.685744
  20.0707403   39.68507
  20.0709699   39.6846993
  20.0724634   39.6837103
  20.0731594   39.6827207
  20.0752068   39.6816832
  20.0755757   39.6814859
  20.0759579   39.6810496
  20.076548    39.6807034
  20.0772164   39.6803241
  20.0777676   39.6801872
  20.0784389   39.6801925
  20.0793373   39.6803409
  20.079944    39.6806166
  20.0805162   39.6811982
  20.0809713   39.6814019
  20.0815947   39.6815717
  20.0825996   39.6817446
  20.0831184   39.6817486
  20.0839224   39.6818185
  20.0852016   39.682017
  20.0862973   39.6822494
  20.0875452   39.6825065
  20.0878805   39.6825445
  20.0882476   39.6824767
  20.0886772   39.6823034
  20.0895378   39.6818391
  20.0903381   39.6813273
  20.0910317   39.6808028
  20.0915426   39.6802415
  20.0918638   39.6797066
  20.0921617   39.6790966
  20.0925917   39.678888
  20.0934523   39.6784237
  20.0942688   39.6778295
  20.0944427   39.6773716
  20.0944921   39.6770893
  20.0947441   39.6766679
  20.0956655   39.6750499
  20.0968063   39.6729862
  20.0982127   39.6708321
  20.0989119   39.6698601
  20.0992052   39.6696033
  20.099818    39.6694079
  20.100979    39.6692991
  20.1020342   39.6691071
  20.1028533   39.6689637
  20.1034194   39.6688386
  20.1035581   39.6687337
  20.1038067   39.6683823
  20.1044029   39.6671151
  20.1048509   39.6666828
  20.1055571   39.6663468
  20.1063813   39.6663178
  20.1075254   39.6663266
  20.1086072   39.6664409
  20.1092006   39.6665632
  20.1097486   39.6666616
  20.1101148   39.6666644
  20.1104215   39.6665372
  20.1112157   39.6661621
  20.1119953   39.6658239
  20.1124704   39.665359
  20.112757    39.6646963
  20.1129764   39.6641971
  20.1131823   39.6639482
  20.1136021   39.6636305
  20.1142663   39.6632208
  20.1148189   39.6628259
  20.1158679   39.6621618
  20.1167459   39.6616911
  20.1176247   39.6611499
  20.1182588   39.6607164
  20.118719    39.6604069
  20.1188531   39.6602279
  20.1192555   39.6597085
  20.1198099   39.6591571
  20.1207193   39.6586005
  20.121352    39.6582766
  20.1220752   39.6580081
  20.1227725   39.6578068
  20.1232404   39.6577275
  20.1235753   39.6576585
  20.1242762   39.65728
  20.1249553   39.6568786
  20.1259298   39.6564565
  20.1273883   39.6560657
  20.1290993   39.6555798
  20.1311695   39.6550688
  20.1326268   39.654775
  20.134463    39.6543176
  20.1352812   39.654276
  20.1367873   39.6543842
  20.1386347   39.6544672
  20.1403741   39.654577
  20.1419345   39.654644
  20.1448713   39.6547639
  20.1465748   39.6548734
  20.1479379   39.6549389
  20.148852    39.6550287
  20.1492991   39.6551566
  20.1498518   39.6554516
  20.1501027   39.6554812
  20.15048     39.6554424
  20.1511998   39.6552814
  20.1519926   39.6550239
  20.1528152   39.6547935
  20.1542382   39.6543606
  20.1555703   39.6540239
  20.1565072   39.6537121
  20.157302    39.6532884
  20.1579666   39.6529194
  20.1581331   39.6528234
  20.1596806   39.6517615
  20.1602808   39.6513799
  20.1605028   39.6512641
  20.1608717   39.6511313
  20.1612348   39.6510352
  20.1626878   39.650839
  20.165225    39.6502615
  20.1672029   39.6499294
  20.1689053   39.6496032
  20.1707404   39.6492007
  20.172539    39.6488534
  20.1741553   39.6487402
  20.1748913   39.6487177
  20.1754475   39.6487216
  20.1760931   39.6487539
  20.1775426   39.6488006
  20.1781521   39.6488464
  20.1787421   39.6490307
  20.1792793   39.6491315
  20.1800862   39.6491788
  20.1809657   39.6491572
  20.1822407   39.6490831
  20.1834635   39.6488562
  20.1843838   39.6484193
  20.1852508   39.6479405
  20.1859551   39.6475575
  20.1867667   39.647203
  20.1876254   39.6469722
  20.1886535   39.6465222
  20.1897008   39.6459615
  20.1905678   39.6454688
  20.1913972   39.6451282
  20.1922429   39.6449263
  20.1930331   39.6448625
  20.1935534   39.6448661
  20.1962045   39.6452585
  20.1971859   39.6452477
  20.1979955   39.6450594
  20.1985705   39.6449941
  20.1991798   39.6450537
  20.2003951   39.6454777
  20.2013978   39.6456647
  20.2025445   39.6458111
  20.2046769   39.6460613
  20.2060003   39.646124
  20.208352    39.6460293
  20.20986     39.6459703
  20.2108104   39.6460183
  20.2117587   39.6462602
  20.2131019   39.646491
  20.2152644   39.6472538
  20.2159557   39.6473208
  20.2170522   39.6471481
  20.2186366   39.6466739
  20.2198609   39.646308
  20.2204182   39.6462148
  20.2207412   39.646217
  20.2210276   39.6462743
  20.2217407   39.6466947
  20.2226704   39.6469919
  20.2237923   39.647249
  20.2248131   39.647422
  20.2259751   39.6478177
  20.2267774   39.6482802
  20.227613    39.6489785
  20.2282522   39.6495923
  20.2287308   39.6501219
  20.228996    39.6509249
  20.228919    39.6513954
  20.2286797   39.6519341
  20.228011    39.6523591
  20.2273087   39.6525761
  20.2267161   39.6526138
  20.2263389   39.652639
  20.2260865   39.6527481
  20.2259941   39.652983
  20.2257651   39.6542145
  20.2255278   39.6545731
  20.22508     39.6553699
  20.2247293   39.6562404
  20.2243786   39.6571109
  20.2240135   39.6576626
  20.2232701   39.6583365
  20.2224157   39.6588279
  20.2221609   39.6591449
  20.2218866   39.6596002
  20.2215533   39.6605124
  20.2213093   39.6614666
  20.2211258   39.6618256
  20.2207268   39.662197
  20.2202558   39.6625818
  20.2200916   39.6628162
  20.220071    39.6630516
  20.2197247   39.663518
  20.2187814   39.6644122
  20.2186152   39.6648267
  20.2186301   39.66509
  20.2190205   39.6654944
  20.2194249   39.6657526
  20.2199134   39.6661693
  20.2205253   39.6677264
  20.2219635   39.6693332
  20.2228263   39.6698517
  20.2242003   39.6703538
  20.2261371   39.6707809
  20.2270788   39.6711026
  20.228258    39.6720487
  20.2288126   39.6727228
  20.2289075   39.6733741
  20.2289902   39.6751296
  20.2294607   39.6764736
  20.229888    39.6771074
  20.2307479   39.6779018
  20.2315912   39.6786319
  20.2313325   39.6789259
  20.2294573   39.6798205
  20.2291987   39.6800949
  20.2296485   39.6810049
  20.229818    39.6818539
  20.2296317   39.6825231
  20.2302414   39.6828427
  20.2308251   39.6832014
  20.231394    39.685131
  20.2368188   39.6844569
  20.2412428   39.6841507
  20.245576    39.6827986
  20.2468225   39.6826268
  20.2485739   39.681638
  20.2491099   39.6806993
  20.2498956   39.6785848
  20.250639    39.6775534
  20.2522181   39.6761532
  20.2535108   39.6751018
  20.2544565   39.6751078
  20.2560429   39.675118
  20.257296    39.6749141
  20.2582506   39.6740959
  20.2592426   39.6726185
  20.2611673   39.6723717
  20.2634025   39.6716087
  20.2646853   39.6714755
  20.2644568   39.6728871
  20.2646059   39.6741758
  20.263826    39.6757959
  20.263909    39.6765971
  20.264629    39.6777557
  20.264591    39.678462
  20.2645217   39.6792387
  20.2648759   39.6803714
  20.264409    39.6812399
  20.2640763   39.6826708
  20.2634156   39.6845506
  20.2640386   39.6862267
  20.2641391   39.6882527
  20.2643444   39.6900374
  20.2644767   39.6919459
  20.2650668   39.6938573
  20.2660569   39.695465
  20.2669069   39.6958943
  20.2703539   39.6970885
  20.273759    39.6983345
  20.2761856   39.6997627
  20.2787005   39.7015211
  20.2781446   39.7021535
  20.2774956   39.7029267
  20.2779216   39.7042424
  20.2788826   39.7057557
  20.2796371   39.7065846
  20.2802694   39.7074128
  20.2811162   39.7081717
  20.2829347   39.7094312
  20.2836301   39.7100713
  20.2836252   39.7105423
  20.2836785   39.7112963
  20.2842826   39.7119123
  20.285226    39.7122007
  20.2871672   39.7125019
  20.2873099   39.712768
  20.2874967   39.7131162
  20.2892323   39.7135508
  20.2899661   39.7134375
  20.2915427   39.7144834
  20.2928496   39.7150566
  20.2936435   39.7150378
  20.2951128   39.7146464
  20.2952089   39.7141995
  20.296463    39.7139481
  20.2979905   39.7138396
  20.3000309   39.7143229
  20.3013806   39.7149633
  20.3016445   39.7154707
  20.3017291   39.7156335
  20.3023389   39.716806
  20.3024836   39.716949
  20.3030341   39.7174932
  20.3048584   39.7182342
  20.3054074   39.7182846
  20.3058589   39.7189232
  20.3078123   39.72202
  20.3089114   39.7225362
  20.3115579   39.7265792
  20.3122298   39.7265596
  20.3162077   39.7271157
  20.3193746   39.7279822
  20.3217755   39.7291266
  20.321956    39.732519
  20.3220232   39.7337472
  20.3220298   39.733868
  20.3220704   39.7346089
  20.3220807   39.7347973
  20.3218302   39.7354317
  20.3206585   39.7365788
  20.3182298   39.7382367
  20.3142086   39.7403326
  20.3106393   39.7419545
  20.3069519   39.744217
  20.3057219   39.7452774
  20.3051343   39.745784
  20.3050514   39.7495085
  20.3049997   39.7506134
  20.3045673   39.7513138
  20.3036869   39.7522302
  20.3030116   39.7528978
  20.3016475   39.7535613
  20.3004863   39.7541948
  20.2986758   39.7549181
  20.2970246   39.7550572
  20.2959671   39.7554414
  20.2951973   39.7554367
  20.2951557   39.7557498
  20.2950437   39.7565917
  20.2950257   39.7583568
  20.2946766   39.7600346
  20.2946441   39.7612373
  20.2938116   39.7638986
  20.2928417   39.765611
  20.2924849   39.7664768
  20.2929465   39.766917
  20.2947057   39.767287
  20.2957333   39.7678556
  20.2964875   39.7688951
  20.2966326   39.7690951
  20.2971328   39.769723
  20.299174    39.7711669
  20.3005791   39.7725031
  20.3025536   39.7736397
  20.3041462   39.7753307
  20.3057903   39.7770901
  20.3063515   39.7777183
  20.3072874   39.7795291
  20.3075013   39.7804364
  20.3073715   39.7812479
  20.306566    39.782674
  20.3054982   39.7840579
  20.3052666   39.7849157
  20.3051011   39.7852427
  20.304838    39.786923
  20.3046466   39.7878123
  20.303669    39.788275
  20.3026702   39.7888314
  20.3020759   39.7894683
  20.3008496   39.7902519
  20.3003166   39.7908423
  20.2997617   39.7915888
  20.2994304   39.7922741
  20.2987911   39.7933481
  20.2964971   39.7951107
  20.2947136   39.7970525
  20.2934055   39.7980912
  20.2918596   39.7997144
  20.2911005   39.8005845
  20.2906876   39.8013162
  20.2905304   39.8024329
  20.2903175   39.8034157
  20.2898435   39.8041626
  20.289655    39.8047551
  20.2897097   39.8051086
  20.290717    39.8057396
  20.2929804   39.8064564
  20.2930815   39.8065043
  20.2941508   39.8070103
  20.296099    39.8082262
  20.2970429   39.8088152
  20.2974856   39.8090382
  20.2995847   39.8100959
  20.3003829   39.8106485
  20.3011553   39.8111832
  20.3027143   39.8125459
  20.3029105   39.8128728
  20.3032129   39.8133769
  20.3032295   39.8140856
  20.3032554   39.8151891
  20.3032268   39.8155356
  20.3031643   39.8162941
  20.3039104   39.8167047
  20.3041458   39.8167061
  20.3047013   39.8167094
  20.3062268   39.8162499
  20.3075105   39.8156328
  20.3085911   39.8150456
  20.3093852   39.8147223
  20.3101738   39.8137326
  20.3112774   39.8128643
  20.3125796   39.8124191
  20.3135374   39.8119405
  20.3142087   39.8117257
  20.3146794   39.8112911
  20.3148074   39.8106514
  20.3150349   39.8101998
  20.3159409   39.8096949
  20.3169389   39.8092477
  20.3183377   39.8092716
  20.320364    39.8094084
  20.3228116   39.8100007
  20.3234601   39.8100358
  20.3246465   39.8100911
  20.3251951   39.8099693
  20.3259068   39.8097704
  20.3270285   39.8091052
  20.328309    39.8087846
  20.3293473   39.8083532
  20.3300632   39.8077012
  20.3313577   39.8070926
  20.3330841   39.8067901
  20.3349941   39.8063637
  20.3365983   39.8061073
  20.3382216   39.805976
  20.3384188   39.8058572
  20.3399033   39.8055339
  20.3414229   39.8051444
  20.3429341   39.8049511
  20.344037    39.804891
  20.3450398   39.8044985
  20.3465059   39.8042944
  20.3481121   39.8038389
  20.349382    39.8029471
  20.3507135   39.8023972
  20.3518402   39.8016337
  20.3531033   39.8010303
  20.3544742   39.8004349
  20.3557359   39.7999775
  20.3567399   39.7994389
  20.3569685   39.7989359
  20.3569616   39.797821
  20.3571761   39.7969861
  20.3574593   39.796673
  20.3584478   39.7959485
  20.3597461   39.795239
  20.3610092   39.794609
  20.3616039   39.7936169
  20.3617743   39.7928914
  20.3625844   39.7928295
  20.3637783   39.7922256
  20.3643353   39.7915784
  20.3649621   39.7908386
  20.3659414   39.7902135
  20.3668781   39.7894754
  20.3683854   39.7884883
  20.3702862   39.7877819
  20.3720828   39.7871679
  20.3735709   39.786393
  20.375381    39.785661
  20.3768001   39.7853814
  20.3787157   39.7851618
  20.3805341   39.7846927
  20.3815297   39.7845256
  20.3823739   39.7846068
  20.3825249   39.7847419
  20.3837299   39.7858206
  20.3842215   39.7864361
  20.3844238   39.7866006
  20.3845968   39.7867414
  20.3850793   39.7871337
  20.3869396   39.7875457
  20.3897706   39.7877905
  20.3910565   39.7885251
  20.3916954   39.789352
  20.3922525   39.791002
  20.3925133   39.7924399
  20.3927644   39.7931069
  20.393381    39.7936464
  20.3957272   39.7953632
  20.3966619   39.7963568
  20.3974018   39.7971531
  20.3988828   39.7983483
  20.4000493   39.7996902
  20.4006085   39.8011296
  20.4010501   39.8018022
  20.4021102   39.8028227
  20.4025273   39.8034569
  20.4028244   39.8035925
  20.4033711   39.8036145
  20.4048616   39.8037371
  20.4054058   39.8040463
  20.4057024   39.8042394
  20.4073718   39.8052415
  20.407864    39.8058186
  20.4089905   39.8078163
  20.4103407   39.809815
  20.4110752   39.8111403
  20.4118382   39.8120417
  20.4136627   39.8138321
  20.4142774   39.8146397
  20.4144459   39.8152917
  20.4144243   39.8178389
  20.4142667   39.8192542
  20.4134381   39.8202077
  20.4134841   39.8206484
  20.4143433   39.8219552
  20.4147382   39.8223019
  20.41481     39.8226279
  20.4146988   39.8240063
  20.4143181   39.8249237
  20.414086    39.8252636
  20.4142083   39.8254941
  20.4152472   39.8261505
  20.4161318   39.8273999
  20.4163498   39.8280905
  20.4160704   39.8287786
  20.4150876   39.8303058
  20.4141573   39.8315078
  20.413078    39.832841
  20.4128548   39.8338019
  20.4130216   39.8349234
  20.413809    39.8356746
  20.415804    39.8379018
  20.4171553   39.8397764
  20.416954    39.840115
  20.4159283   39.8414513
  20.4144979   39.8425439
  20.4125492   39.8435019
  20.4115078   39.8440909
  20.4106447   39.8444431
  20.408846    39.8458943
  20.407663    39.8475523
  20.4064084   39.8487669
  20.4054312   39.84956
  20.4051335   39.850832
  20.4048383   39.8518153
  20.4041025   39.8527455
  20.4031245   39.8536234
  20.4020914   39.8545496
  20.4007804   39.8556636
  20.3991773   39.8573873
  20.3977055   39.8592305
  20.3970395   39.8597195
  20.3964523   39.8607822
  20.3955161   39.8618981
  20.3939155   39.863316
  20.3921149   39.8648858
  20.3914804   39.8658806
  20.3902334   39.8671985
  20.3887862   39.8687021
  20.3880232   39.8701584
  20.387747    39.8711715
  20.3876217   39.8728519
  20.3871024   39.8741906
  20.3862663   39.876372
  20.3855701   39.8777437
  20.384054    39.8795186
  20.3829314   39.8807304
  20.3819893   39.8824404
  20.3823708   39.8841914
  20.3826581   39.8852906
  20.3831879   39.8877216
  20.3836364   39.8893881
  20.3834799   39.889608
  20.381539    39.8901981
  20.3777098   39.8914851
  20.3752311   39.8922699
  20.3743274   39.8921631
  20.3735687   39.8919212
  20.3719998   39.894638
  20.3713817   39.8959783
  20.371135    39.8963123
  20.3695848   39.898246
  20.3670286   39.9012676
  20.3665226   39.9016957
  20.3663485   39.9019192
  20.3647092   39.9038115
  20.3645899   39.9040031
  20.364602    39.9042664
  20.3644102   39.9083054
  20.3642743   39.909077
  20.3641627   39.9100078
  20.3639805   39.9102247
  20.3625903   39.910217
  20.3609884   39.9108222
  20.359046    39.9120393
  20.3585471   39.9123371
  20.3584986   39.9123585
  20.358385    39.9124418
  20.3581554   39.9126134
  20.3576152   39.913051
  20.357318    39.9132995
  20.3570569   39.9136125
  20.356104    39.9134063
  20.3546925   39.9139777
  20.3543937   39.9141316
  20.3541841   39.9140767
  20.3532305   39.9137203
  20.3530985   39.9136313
  20.3529937   39.9135067
  20.3527382   39.9137094
  20.3509518   39.914749
  20.3488731   39.9158852
  20.3486252   39.9161916
  20.3480423   39.9166558
  20.3464737   39.9173002
  20.3457227   39.917688
  20.3444489   39.918377
  20.3431248   39.919398
  20.3423728   39.9198902
  20.3410295   39.9205803
  20.3403164   39.9211879
  20.3395175   39.9218094
  20.3391738   39.9224083
  20.3386669   39.9229817
  20.3381671   39.9235802
  20.337852    39.9237319
  20.3374098   39.9240296
  20.3372906   39.9245243
  20.3386486   39.9290442
  20.3392089   39.9310009
  20.3399926   39.9336758
  20.3406552   39.9356754
  20.3412474   39.9376909
  20.3417519   39.9393992
  20.3425853   39.9405973
  20.3430984   39.9413626
  20.3440661   39.9424825
  20.3448368   39.9436105
  20.3450642   39.9447093
  20.3450538   39.9458068
  20.3446373   39.946719
  20.3440157   39.9477607
  20.3430478   39.9492364
  20.3427012   39.94994
  20.3424516   39.9511667
  20.3420318   39.9524186
  20.3417857   39.9532796
  20.3408568   39.9544502
  20.3394666   39.9562136
  20.3379936   39.9574072
  20.3364514   39.9587311
  20.3357278   39.9597461
  20.3353084   39.9609457
  20.3340415   39.9619053
  20.3297513   39.9647471
  20.3286897   39.965551
  20.3275571   39.9666681
  20.327383    39.9670852
  20.3272386   39.9679466
  20.3272314   39.9686783
  20.3268468   39.9697735
  20.3259788   39.9716238
  20.3257354   39.9721711
  20.3255614   39.9725882
  20.3249641   39.9729442
  20.3245206   39.9730985
  20.3237728   39.9730941
  20.3225843   39.9729565
  20.3217337   39.9730299
  20.3208481   39.9732076
  20.319655    39.9735404
  20.3187649   39.9741623
  20.3182465   39.9750215
  20.3178004   39.975437
  20.3177627   39.9758026
  20.3182317   39.9765109
  20.3188044   39.9770369
  20.3184592   39.9775575
  20.3177734   39.9781545
  20.317089    39.9785947
  20.3169489   39.979012
  20.3169432   39.9795868
  20.3165256   39.9805512
  20.316211    39.9814117
  20.3159176   39.98279
  20.3154984   39.9839111
  20.3151171   39.9846406
  20.3143951   39.9854464
  20.3139083   39.9865148
  20.3135576   39.9875841
  20.3129401   39.9881292
  20.3124929   39.9886492
  20.3122818   39.9893535
  20.3117877   39.9911536
  20.3124763   39.991249
  20.3177563   39.9919804
  20.3224432   39.9925567
  20.3304926   39.9935441
  20.3373624   39.992827
  20.3406982   39.9924802
  20.3437274   39.9921838
  20.3484242   39.9917399
  20.3546092   39.9910755
  20.3568553   39.990879
  20.3600887   39.9905571
  20.3628455   39.9902849
  20.3673038   39.9898651
  20.3735734   39.9891998
  20.3749074   39.9891527
  20.375416    39.9891238
  20.3761793   39.9891392
  20.3767412   39.9895087
  20.3770906   39.9899313
  20.3773239   39.9904455
  20.3774023   39.9906183
  20.3777685   39.9915611
  20.3779844   39.9921051
  20.3782292   39.9923711
  20.3789224   39.9931125
  20.3793888   39.993305
  20.3801125   39.9933631
  20.3808003   39.9934889
  20.3815143   39.9936353
  20.3821754   39.9937813
  20.3827978   39.99391
  20.3837686   39.9939898
  20.3847393   39.9940832
  20.3856477   39.9942373
  20.3870035   39.9944034
  20.3879108   39.9946796
  20.3885773   39.9952056
  20.388954    39.9955605
  20.3891867   39.995632
  20.3894032   39.9956986
  20.3897456   39.9959311
  20.390119    39.9960723
  20.3908136   39.9961141
  20.39151     39.9959461
  20.3918588   39.9957954
  20.392703    39.9957617
  20.3937164   39.9962246
  20.394018    39.996533
  20.39411     39.9966271
  20.3948691   39.9977943
  20.3950236   39.9980973
  20.3957396   39.9995018
  20.3965216   40.0012412
  20.3972944   40.0036599
  20.397301    40.0038633
  20.3973986   40.0068632
  20.3975446   40.0090753
  20.3973999   40.0106992
  20.3972217   40.0121471
  20.3971515   40.0139383
  20.3972355   40.0146919
  20.3976093   40.0152824
  20.3977054   40.0155866
  20.3979417   40.015879
  20.3992354   40.0172322
  20.4009467   40.018334
  20.402133    40.0189247
  20.4033786   40.0203038
  20.4049585   40.0213032
  20.4072867   40.0238061
  20.4082037   40.0249292
  20.4093646   40.0261758
  20.4100121   40.0278567
  20.4110193   40.0300478
  20.4120297   40.031883
  20.4134726   40.0334663
  20.4151567   40.0348204
  20.4153799   40.0358129
  20.4151361   40.0372351
  20.4147302   40.0382497
  20.4146609   40.0385068
  20.4144706   40.038862
  20.4137523   40.0403291
  20.411778    40.0427846
  20.4106332   40.0440711
  20.4100557   40.0457712
  20.4097773   40.0473457
  20.4094993   40.0488694
  20.4099161   40.0504474
  20.4108659   40.0516469
  20.4121854   40.0527182
  20.4154769   40.0550225
  20.4185036   40.0573254
  20.4188948   40.057622
  20.4188296   40.057937
  20.4190194   40.0589801
  20.4193768   40.0597953
  20.4193363   40.0606593
  20.4201622   40.0608922
  20.4217571   40.0615809
  20.4230464   40.0618415
  20.4252982   40.0618527
  20.4267854   40.0622159
  20.4287952   40.0634459
  20.4302088   40.0646984
  20.4303756   40.0648272
  20.4306039   40.0649799
  20.4315579   40.0657471
  20.4329392   40.066535
  20.4330412   40.0665932
  20.4332392   40.0666988
  20.4333068   40.0667426
  20.4355689   40.0679415
  20.4372545   40.0683564
  20.4374612   40.0683631
  20.4376505   40.0685362
  20.4388037   40.0692535
  20.4408982   40.0698867
  20.4412816   40.0700026
  20.4432964   40.0706732
  20.4451097   40.0716986
  20.4472193   40.0729542
  20.4496732   40.0739566
  20.4509879   40.0738455
  20.4519118   40.0738792
  20.4521861   40.0739626
  20.4524748   40.0741516
  20.4535865   40.0742722
  20.4545801   40.0742769
  20.4556378   40.0745615
  20.4574588   40.0746463
  20.4584224   40.0742695
  20.4597791   40.0744284
  20.4618983   40.0745145
  20.4624966   40.0746012
  20.46273     40.0745554
  20.4630261   40.0745395
  20.4633585   40.074173
  20.4640519   40.0740884
  20.4652052   40.0741461
  20.465309    40.073945
  20.4655149   40.0730309
  20.4660208   40.071864
  20.4665555   40.0710328
  20.4673959   40.0705084
  20.4680307   40.0704508
  20.4684705   40.0702416
  20.4678253   40.0695898
  20.4678285   40.0691832
  20.4688875   40.0692897
  20.4698811   40.0692943
  20.47048     40.0689411
  20.4711463   40.0684358
  20.4720105   40.0680331
  20.4730071   40.0676309
  20.4730763   40.0674166
  20.47314     40.0671868
  20.4734798   40.0664638
  20.4742777   40.0660608
  20.4757074   40.0653301
  20.4775335   40.0647283
  20.4787156   40.0646865
  20.4800842   40.0646381
  20.4808817   40.0642859
  20.4838257   40.0638776
  20.4861088   40.064142
  20.4889564   40.0642054
  20.4913701   40.0647244
  20.4920616   40.0652612
  20.4921564   40.0653648
  20.4923588   40.0653642
  20.4938164   40.0653197
  20.4954338   40.0660385
  20.4971456   40.0674439
  20.4980716   40.0690413
  20.498564    40.0698564
  20.4990409   40.0709549
  20.49913     40.0713799
  20.499186    40.0714896
  20.4993435   40.0715931
  20.5001104   40.0718087
  20.5025318   40.0727391
  20.5046447   40.0738332
  20.505685    40.0744981
  20.5074896   40.0757324
  20.5080078   40.0762241
  20.5080961   40.076767
  20.5080868   40.0768992
  20.5080119   40.0770556
  20.507597    40.0777792
  20.5073181   40.0780847
  20.5075005   40.0783685
  20.5081126   40.0787485
  20.5088444   40.0795772
  20.5091457   40.0804276
  20.5094196   40.0808062
  20.5099697   40.0812567
  20.5107939   40.0820622
  20.5117107   40.0828209
  20.5122362   40.0824221
  20.5134399   40.0817431
  20.5142756   40.0809446
  20.5155396   40.080431
  20.5168644   40.0800119
  20.5179742   40.0795684
  20.519129    40.0792412
  20.520331    40.078798
  20.5225835   40.0775808
  20.5238465   40.077185
  20.525018    40.0766944
  20.526128    40.0762036
  20.5272072   40.0757127
  20.5294714   40.0745752
  20.5318454   40.0735233
  20.5340654   40.072518
  20.5353299   40.0718862
  20.5372444   40.0705729
  20.5383087   40.069837
  20.5393286   40.0690155
  20.5403166   40.0683353
  20.5414589   40.067585
  20.5425019   40.0668539
  20.5438651   40.06625
  20.5451246   40.0663257
  20.5459137   40.0664406
  20.5465596   40.0663724
  20.5474869   40.065574
  20.5485064   40.064776
  20.5495257   40.0640015
  20.5498648   40.0638377
  20.5514279   40.0644807
  20.5521491   40.0647781
  20.5544322   40.0656481
  20.5557208   40.0659833
  20.5567945   40.066294
  20.557994    40.0661571
  20.559133    40.0658784
  20.5598406   40.0651173
  20.5599492   40.0650197
  20.5601676   40.0650827
  20.5621172   40.0653943
  20.5634381   40.0654937
  20.5650863   40.0651194
  20.566529    40.0654079
  20.5680951   40.0656024
  20.5699368   40.0659867
  20.5720867   40.066207
  20.5730056   40.0667057
  20.5747864   40.0669953
  20.5776619   40.0672439
  20.5793048   40.0678433
  20.5824146   40.0690774
  20.5847151   40.0698405
  20.5869357   40.0706952
  20.5881323   40.0711219
  20.5882816   40.0711554
  20.5885772   40.0710402
  20.5886837   40.0709678
  20.5892113   40.0704788
  20.589583    40.0700593
  20.5899532   40.0699438
  20.5898885   40.0703161
  20.5900688   40.0710008
  20.5900476   40.0711263
  20.5900369   40.0711893
  20.5908041   40.0714043
  20.5919424   40.0712197
  20.5931425   40.070988
  20.5937878   40.0710139
  20.5955969   40.0717514
  20.5959714   40.0718576
  20.5966742   40.0720172
  20.5969948   40.07209
  20.5985952   40.0724389
  20.5998056   40.0725575
  20.6006165   40.0728129
  20.601262    40.0731701
  20.6042625   40.0748304
  20.6049386   40.0751784
  20.6051052   40.0752022
  20.6053701   40.0753574
  20.6060575   40.0755207
  20.606556    40.0755823
  20.6082098   40.0761675
  20.6088258   40.07641
  20.6098411   40.0771738
  20.6105881   40.077766
  20.6119289   40.0789832
  20.6139561   40.0801098
  20.6147512   40.0808437
  20.6137106   40.081632
  20.6145357   40.0825075
  20.6174132   40.0827943
  20.6176602   40.0829944
  20.6177774   40.0828435
  20.6182798   40.0828562
  20.6204856   40.0834696
  20.6202756   40.0843717
  20.6202679   40.0845333
  20.6200879   40.0856896
  20.6206705   40.0876029
  20.6216912   40.0885925
  20.6228603   40.0890758
  20.6244855   40.0892283
  20.6255335   40.0895517
  20.6260877   40.0897992
  20.627429    40.0903815
  20.6293052   40.0905021
  20.6309314   40.0912314
  20.6311989   40.0912987
  20.6374892   40.0930216
  20.6387481   40.0932097
  20.639648    40.0932125
  20.6413898   40.0928496
  20.6444178   40.0929933
  20.6458586   40.0928136
  20.6492821   40.0920876
  20.6527618   40.0920981
  20.6565705   40.0918687
  20.6577608   40.0916619
  20.6590813   40.0915027
  20.6599013   40.0920732
  20.6601969   40.0929486
  20.6627101   40.0942908
  20.6636662   40.0950761
  20.6660018   40.0959574
  20.668398    40.0967467
  20.6702555   40.0972583
  20.6719959   40.0971712
  20.6734035   40.0964085
  20.6752663   40.0958154
  20.6781484   40.0953631
  20.6781472   40.0956095
  20.6781467   40.0957137
  20.6781463   40.0958126
  20.6781458   40.0959155
  20.677961    40.0969276
  20.6780145   40.0983086
  20.6775852   40.1002866
  20.6768558   40.1022638
  20.6767589   40.1025099
  20.6768045   40.1027064
  20.677289    40.1035736
  20.6779267   40.1042
  20.6785214   40.1053524
  20.679529    40.1082965
  20.6798793   40.1103688
  20.6801148   40.111336
  20.679627    40.1129917
  20.6788921   40.1161196
  20.6781602   40.1186031
  20.6779127   40.1201674
  20.6779684   40.1214433
  20.6776659   40.1219487
  20.6764579   40.1235563
  20.6758531   40.1245213
  20.6751273   40.1256699
  20.6754822   40.1267756
  20.676079    40.1275137
  20.6767949   40.1284363
  20.6772703   40.1294502
  20.678763    40.1311574
  20.6803749   40.133049
  20.6809059   40.1350297
  20.6821593   40.1365981
  20.6830061   40.1387114
  20.6830003   40.1399541
  20.6833586   40.1403694
  20.6853945   40.1415256
  20.6866503   40.1426337
  20.689161    40.1450339
  20.6915508   40.1476639
  20.6920274   40.1484937
  20.6926683   40.1495052
  20.6934589   40.1506148
  20.6936339   40.151766
  20.6938082   40.1530552
  20.6935049   40.1537448
  20.6932032   40.1540662
  20.6921803   40.1545238
  20.6913969   40.1551201
  20.6899233   40.1559855
  20.6897966   40.1560542
  20.6894425   40.1560763
  20.6892306   40.1560554
  20.6884821   40.1559817
  20.6876414   40.1559794
  20.6869798   40.1562078
  20.6861974   40.1565739
  20.6857747   40.157079
  20.6857084   40.1574257
  20.6856516   40.1577231
  20.6854104   40.1579526
  20.68475     40.1579048
  20.6838503   40.1576722
  20.6835414   40.157855
  20.6833083   40.1579929
  20.6829454   40.1585442
  20.6822216   40.1592327
  20.6807146   40.1604252
  20.6797497   40.1612971
  20.6784861   40.1617999
  20.6772989   40.1625067
  20.6771009   40.1626246
  20.676135    40.1636805
  20.6748683   40.1648277
  20.674806    40.1652878
  20.6752951   40.1661794
  20.6759361   40.1674222
  20.676289    40.1682185
  20.6771905   40.1696376
  20.6771542   40.1704328
  20.6769234   40.1712275
  20.6769192   40.1721221
  20.6762342   40.1729404
  20.675887    40.1736053
  20.6758843   40.174177
  20.6766897   40.1753224
  20.6776266   40.1761203
  20.6780443   40.1769665
  20.6779435   40.1777118
  20.6777952   40.1783785
  20.6777115   40.1787549
  20.6780302   40.1799488
  20.6785795   40.1803976
  20.6792244   40.1812196
  20.6800045   40.1823635
  20.6812881   40.183761
  20.6810539   40.1843179
  20.6804882   40.1850259
  20.6799864   40.1862157
  20.6784235   40.1879093
  20.6780883   40.1888461
  20.6786465   40.1897346
  20.6804603   40.1909815
  20.6823339   40.1916176
  20.6843517   40.1916991
  20.6854101   40.1917527
  20.6862032   40.1919576
  20.6870938   40.1925429
  20.6878668   40.1933756
  20.688213    40.1937877
  20.689928    40.1949835
  20.6919089   40.1959264
  20.6938931   40.1961598
  20.6971998   40.1965993
  20.700341    40.1970637
  20.7019275   40.1974479
  20.7042386   40.1986196
  20.7052626   40.1990024
  20.7070375   40.1992861
  20.7074656   40.1997687
  20.7082635   40.2002745
  20.7085928   40.2006555
  20.7090196   40.2014446
  20.7091796   40.2027121
  20.7095401   40.2035494
  20.7100335   40.2042349
  20.7114495   40.2058604
  20.7131296   40.2076639
  20.7137564   40.2081216
  20.7137549   40.2084764
  20.7135769   40.2087199
  20.7134221   40.2089318
  20.7125911   40.2097914
  20.7126224   40.2102223
  20.7134186   40.2106281
  20.7144425   40.2111121
  20.7156634   40.2119768
  20.7174113   40.213451
  20.7201202   40.2146233
  20.7209452   40.2152082
  20.7212728   40.2160453
  20.7214652   40.217541
  20.7216436   40.218847
  20.7218785   40.2197346
  20.7223518   40.2206488
  20.7236084   40.2216432
  20.7251395   40.2221947
  20.7259211   40.2226923
  20.7260901   40.2230318
  20.7259852   40.2237098
  20.7254714   40.2243608
  20.7251267   40.2253514
  20.7245792   40.225924
  20.723106    40.2271155
  20.7220467   40.2278435
  20.7205426   40.2289877
  20.7199584   40.2301864
  20.7197123   40.232012
  20.719707    40.2332903
  20.7200426   40.2345694
  20.720209    40.2355351
  20.7200973   40.236158
  20.7196161   40.2371482
  20.7195445   40.2379828
  20.7199171   40.2385577
  20.7206585   40.2394025
  20.7213035   40.2400302
  20.7221855   40.2410237
  20.7221487   40.2417019
  20.7215988   40.2428224
  20.721493    40.243683
  20.7218643   40.2445709
  20.7217933   40.245249
  20.7214148   40.2461351
  20.7212404   40.2471
  20.7212037   40.247726
  20.7211995   40.2495085
  20.7215847   40.2500236
  20.7217811   40.2508143
  20.7219367   40.2514407
  20.7222177   40.2521118
  20.7227944   40.2531691
  20.7227193   40.2534428
  20.7221251   40.2539229
  20.7204563   40.2546837
  20.7186147   40.2554724
  20.7170007   40.2563458
  20.7138855   40.2577639
  20.7127861   40.2588626
  20.7109741   40.2613225
  20.7098538   40.2624414
  20.7082915   40.2642031
  20.7067709   40.2671437
  20.706671    40.2673984
  20.7066529   40.2681153
  20.7076286   40.2708088
  20.708682    40.2726939
  20.7093715   40.2739277
  20.7107597   40.2761588
  20.7115811   40.2774544
  20.7120497   40.2781249
  20.712207    40.2788712
  20.712378    40.2800277
  20.7124067   40.2802217
  20.7124474   40.2804965
  20.712471    40.2806564
  20.712496    40.2809758
  20.7125172   40.2812454
  20.7125467   40.2816216
  20.712565    40.2818553
  20.7126692   40.2823876
  20.7127462   40.2827811
  20.7129474   40.283086
  20.7144186   40.2842677
  20.7155277   40.2853362
  20.7167328   40.2864439
  20.7167702   40.2864634
  20.7174595   40.2868233
  20.7191874   40.2876588
  20.7197842   40.2879474
  20.7206293   40.2885774
  20.7213471   40.2891125
  20.7228639   40.2902766
  20.7236622   40.2907563
  20.7241518   40.2910505
  20.7243785   40.2911867
  20.7255248   40.2916332
  20.7255465   40.2916596
  20.7258726   40.2920549
  20.7259867   40.2921933
  20.7261021   40.2923333
  20.7265622   40.2926242
  20.7268491   40.2928056
  20.7275005   40.2933487
  20.7275873   40.2934211
  20.7279676   40.2940262
  20.7284699   40.2949811
  20.729073    40.2954546
  20.7295288   40.2956823
  20.730566    40.296251
  20.7310339   40.2965543
  20.7311683   40.2969228
  20.7311777   40.2976593
  20.731233    40.2992835
  20.731256    40.2998875
  20.7318196   40.3009841
  20.7322116   40.3017687
  20.7323189   40.302732
  20.7322414   40.3037978
  20.7322866   40.3048554
  20.732345    40.3056959
  20.7324061   40.305866
  20.7327379   40.3062633
  20.7334667   40.3073403
  20.7340188   40.3082291
  20.7347078   40.3088728
  20.7355573   40.3095073
  20.7362728   40.3100844
  20.7385867   40.3120347
  20.7389807   40.3123283
  20.7393102   40.3123031
  20.7402012   40.3117953
  20.7412781   40.3111084
  20.7417848   40.3110057
  20.7421177   40.3111386
  20.7433105   40.3124632
  20.7439389   40.3128045
  20.7447038   40.312995
  20.7460704   40.3133503
  20.7475501   40.313939
  20.7480068   40.3139872
  20.7483035   40.3138934
  20.7485569   40.3137523
  20.7488557   40.3134055
  20.74928     40.3132468
  20.7499509   40.3131693
  20.7503636   40.3131702
  20.7511196   40.3133165
  20.7525796   40.3137799
  20.7536961   40.3140979
  20.7548469   40.3144686
  20.7554816   40.3148908
  20.755944    40.3154046
  20.7563372   40.316063
  20.7564378   40.3167865
  20.7567421   40.3174427
  20.7572736   40.3179041
  20.7586984   40.3186041
  20.7599004   40.3191194
  20.7608961   40.3195949
  20.7615488   40.3198067
  20.762339    40.3200714
  20.7629227   40.3203487
  20.7634377   40.3206259
  20.7638492   40.3209819
  20.7642865   40.3214804
  20.7643026   40.321796
  20.7638182   40.3226235
  20.7631254   40.324003
  20.7624507   40.3251457
  20.7619734   40.3258802
  20.7615928   40.3265238
  20.7612117   40.3272858
  20.7604523   40.3280338
  20.7597444   40.3288082
  20.7589324   40.3298323
  20.7584609   40.3304481
  20.7581328   40.3308025
  20.7580115   40.3310784
  20.7579754   40.3315386
  20.7580598   40.3319859
  20.7583675   40.3325126
  20.7586163   40.3328357
  20.7588498   40.3334511
  20.7589742   40.333779
  20.7595727   40.3348392
  20.7600917   40.3356997
  20.7613379   40.3369284
  20.7619381   40.3375128
  20.7620365   40.3380809
  20.7620141   40.3387254
  20.7619522   40.339201
  20.7623107   40.3400458
  20.7633718   40.3408921
  20.7640187   40.3420119
  20.7644588   40.3424732
  20.7657404   40.3434426
  20.766703    40.3437975
  20.7677456   40.3442294
  20.7689878   40.3449992
  20.77031     40.3458919
  20.7714316   40.3467382
  20.772161    40.3474134
  20.7739456   40.3481381
  20.7746279   40.3482776
  20.7757314   40.3485406
  20.7763937   40.3486493
  20.7769156   40.3487117
  20.7778603   40.348422
  20.7791864   40.3481483
  20.7796485   40.3480878
  20.7796554   40.3480713
  20.7797274   40.3478994
  20.7804822   40.3470264
  20.7811313   40.3465086
  20.783258    40.3445818
  20.7842579   40.3438215
  20.7849724   40.3433505
  20.7857259   40.3429212
  20.7869253   40.3423511
  20.7877441   40.3419955
  20.7890202   40.3415311
  20.7908172   40.3411082
  20.7922037   40.340908
  20.7936109   40.3408255
  20.7959635   40.3408277
  20.7973719   40.3407586
  20.8015662   40.3403119
  20.802955    40.3401161
  20.8043137   40.3398249
  20.8046538   40.3397202
  20.805186    40.3395563
  20.8064235   40.3390366
  20.8087968   40.3378637
  20.8096127   40.337508
  20.8104672   40.3372073
  20.8113596   40.3369753
  20.8127321   40.3367249
  20.8141371   40.3366195
  20.8185356   40.3365966
  20.8194759   40.3366179
  20.8204108   40.3367022
  20.821336    40.3368358
  20.8222421   40.3370273
  20.8293751   40.338867
  20.8369405   40.3408397
  20.8396102   40.3415387
  20.8409337   40.3419172
  20.8417805   40.3422285
  20.8429801   40.3427972
  20.8437139   40.3432496
  20.8440158   40.3435236
  20.8442432   40.3438405
  20.8454974   40.3457752
  20.8463155   40.3474594
  20.8467633   40.3488586
  20.8471853   40.3509958
  20.8476809   40.3542158
  20.8477898   40.3560112
  20.8477902   40.357092
  20.847716    40.3581708
  20.8477493   40.3592526
  20.8479429   40.3603207
  20.8481881   40.3610164
  20.8483488   40.361354
  20.8487783   40.3619917
  20.8497472   40.3632296
  20.8505197   40.3641333
  20.8510989   40.364703
  20.8524139   40.3657296
  20.8533277   40.3665561
  20.854419    40.3677298
  20.8550775   40.3686844
  20.8555323   40.3697056
  20.855735    40.3704091
  20.8557436   40.3736474
  20.8557794   40.3740086
  20.8559569   40.3743422
  20.8562324   40.3746334
  20.8566148   40.3748465
  20.857479    40.3751357
  20.8583767   40.3753537
  20.8644138   40.3761212
  20.867233    40.3762652
  20.8692259   40.376603
  20.8696606   40.3748359
  20.8712851   40.3681246
  20.8717711   40.3652646
  20.8729361   40.3610403
  20.8733527   40.359633
  20.8738549   40.358246
  20.8740136   40.357908
  20.8749531   40.3564833
  20.8752767   40.3554337
  20.8753297   40.3550749
  20.8755114   40.3511167
  20.8757661   40.3486061
  20.8762121   40.3468348
  20.8767565   40.3454579
  20.8768363   40.3451043
  20.8768969   40.3443854
  20.8768447   40.3433031
  20.8764635   40.3397171
  20.8762345   40.3386525
  20.8757584   40.3372571
  20.8755924   40.33655
  20.8755511   40.3358284
  20.8755754   40.3347482
  20.8757015   40.3340355
  20.8758353   40.3336924
  20.8763484   40.3330893
  20.8798113   40.3292467
  20.8808906   40.3280689
  20.8818484   40.3272751
  20.8833933   40.3262378
  20.8835308   40.3261517
  20.8837387   40.3260184
  20.8840029   40.3258786
  20.8846741   40.3253743
  20.8877257   40.3226418
  20.8910284   40.3194763
  20.8918298   40.3187081
  20.8950738   40.3156248
  20.8997439   40.3116069
  20.9021766   40.309623
  20.9027228   40.3090387
  20.9039673   40.3079596
  20.9056006   40.3066613
  20.9076083   40.3051433
  20.9101471   40.3035404
  20.9133393   40.3020179
  20.9144888   40.3013911
  20.9173012   40.29948
  20.9195741   40.2976581
  20.9201285   40.2970739
  20.920562    40.296437
  20.9207308   40.2960992
  20.9214723   40.2943941
  20.922073    40.2926537
  20.9225212   40.2916298
  20.9229655   40.2909931
  20.9267196   40.2864228
  20.9295774   40.283121
  20.9304253   40.2822608
  20.9316584   40.2811722
  20.9329402   40.2801208
  20.933159    40.2799642
  20.9356888   40.2781536
  20.9375706   40.2765462
  20.9378544   40.2761123
  20.9381601   40.2754314
  20.9383826   40.2747302
  20.9391129   40.269728
  20.9391435   40.2692289
  20.9391782   40.2684597
  20.9392345   40.2659662
  20.9392445   40.2645029
  20.9396081   40.2614185
  20.9398168   40.2605233
  20.9400661   40.2599714
  20.9403696   40.2594616
  20.9408392   40.2590011
  20.9415331   40.2585466
  20.9426769   40.2580634
  20.943875    40.2576222
  20.9469973   40.2565518
  20.9522694   40.2550201
  20.9531157   40.2547091
  20.9560448   40.2535658
  20.9564128   40.2533413
  20.9567299   40.2530749
  20.9572166   40.2524617
  20.9577023   40.2514477
  20.9577957   40.2510943
  20.9578593   40.2503799
  20.9576801   40.2496726
  20.9577058   40.2490834
  20.9587449   40.2463185
  20.9590539   40.2456375
  20.9596203   40.2446481
  20.9614594   40.2404765
  20.9617212   40.2376011
  20.9618554   40.2368885
  20.9619965   40.2365455
  20.9638996   40.2328664
  20.96813     40.2248619
  20.9687399   40.2238871
  20.96901     40.2235924
  20.9693451   40.22334
  20.9697268   40.2231338
  20.9705391   40.2227678
  20.9730705   40.2218207
  20.9752788   40.221212
  20.9774368   40.2205028
  20.9791366   40.2198852
  20.9807823   40.2191896
  20.9811663   40.2189834
  20.9818668   40.2185063
  20.9834794   40.2171972
  20.9837456   40.2169025
  20.9841904   40.2162655
  20.9847912   40.2152904
  20.9855079   40.2143588
  20.9885791   40.2107368
  20.9891495   40.2101662
  20.9900777   40.2093527
  20.9908655   40.2084589
  20.9919824   40.2068756
  20.9923016   40.2061994
  20.9925149   40.2054979
  20.9925596   40.2051387
  20.9924537   40.2044244
  20.9923282   40.2040789
  20.9917963   40.2030787
  20.991335    40.2024497
  20.9904775   40.2015942
  20.9898444   40.2010598
  20.9894791   40.2008341
  20.9879032   40.2000545
  20.9871712   40.1995986
  20.9864757   40.1991166
  20.9841516   40.1973356
  20.9835829   40.1967623
  20.982164    40.1948968
  20.9816248   40.193901
  20.9815461   40.1935386
  20.9816249   40.1931894
  20.9818593   40.1928758
  20.9821267   40.192581
  20.9824879   40.1923517
  20.9828917   40.1921686
  20.9837599   40.191894
  20.9842141   40.1918023
  20.9846799   40.1917558
  20.9851489   40.1917456
  20.9860858   40.1918015
  20.9897789   40.1923255
  20.9935124   40.1926433
  20.994451    40.1926587
  20.9953876   40.1926065
  20.9962817   40.1923865
  20.9970404   40.1919648
  20.9973634   40.191703
  20.997848    40.1910895
  20.9983261   40.1900706
  20.9984962   40.1893635
  20.9986173   40.1882902
  20.9986455   40.1879306
  20.9985999   40.1867675
  20.9986237   40.1838858
  20.9985376   40.1824469
  20.9975043   40.1767409
  20.9973982   40.1756663
  20.9974243   40.1742258
  20.9979754   40.1681241
  20.9980202   40.1677694
  20.9984287   40.167118
  20.9998517   40.1657813
  21.0026864   40.1638956
  21.0029947   40.1636199
  21.0031922   40.1632963
  21.0036386   40.1618982
  21.0037059   40.1615396
  21.0037256   40.1597431
  21.0038867   40.1561444
  21.0039866   40.1554264
  21.0042496   40.1543658
  21.0028332   40.1542705
  21.0023775   40.1541822
  21.001949    40.154036
  21.0011678   40.1536374
  20.9993571   40.152487
  20.9989984   40.1522616
  20.9975035   40.1517094
  20.9911614   40.1496411
  20.9897453   40.1491793
  20.9819654   40.1466573
  20.9802453   40.1460809
  20.9794082   40.1457574
  20.9757679   40.144113
  20.9753923   40.1439005
  20.9747163   40.1434009
  20.974185    40.1428061
  20.9737396   40.1421729
  20.9733553   40.1415143
  20.9726997   40.1401641
  20.9725622   40.1398227
  20.9722777   40.1387614
  20.9720187   40.1380701
  20.9716736   40.137399
  20.971231    40.1367659
  20.9706471   40.1362057
  20.9696677   40.1354279
  20.9685359   40.1347812
  20.968129    40.1346084
  20.9667998   40.1342448
  20.9658786   40.1341171
  20.9635503   40.1338939
  20.9598043   40.13371
  20.9565588   40.1333274
  20.957142    40.1323474
  20.9573779   40.1320339
  20.9576788   40.131758
  20.9596832   40.1302389
  20.9607201   40.1295096
  20.9617964   40.1288172
  20.9641431   40.1270548
  20.970363    40.1221827
  20.9713434   40.1214067
  20.9719178   40.1208363
  20.9723692   40.1202086
  20.9724994   40.1198607
  20.9727855   40.1188053
  20.9732205   40.1170377
  20.9734769   40.115977
  20.9733933   40.1152587
  20.9731505   40.114194
  20.9731161   40.1138373
  20.9731504   40.113478
  20.9735054   40.1124334
  20.9736826   40.1121002
  20.9740539   40.1117181
  20.9772898   40.1096409
  20.9812845   40.1054576
  20.9815602   40.1051676
  20.9825839   40.1044286
  20.982953    40.1042041
  20.983798    40.1038928
  20.9851446   40.1035811
  20.9860556   40.1034112
  20.9869297   40.1031502
  20.987324    40.1029578
  20.9876685   40.1027101
  20.9882442   40.1021441
  20.9887308   40.1015262
  20.9888709   40.1011831
  20.9906982   40.0941417
  20.9908212   40.0934289
  20.9908116   40.0930683
  20.9907413   40.0927107
  20.990726    40.0926642
  20.989709    40.089572
  20.989463    40.088507
  20.9885534   40.0858172
  20.988524    40.0857218
  20.9884476   40.085364
  20.9884737   40.0846441
  20.9886595   40.0839373
  20.9888038   40.0835988
  20.9890585   40.0832946
  20.9894103   40.0830606
  20.9907189   40.0826713
  20.990785    40.0826213
  20.991053    40.0824188
  20.9936342   40.079045
  20.9937939   40.0787181
  20.9942926   40.0776974
  20.9944824   40.0773646
  20.9947292   40.0770602
  20.9956958   40.0762746
  20.9963009   40.0759207
  20.9964403   40.0758391
  20.9974374   40.0750768
  20.997663    40.074763
  20.997822    40.074425
  20.997904    40.074071
  20.9981632   40.07011
  20.998299    40.068677
  20.999136    40.067388
  20.9993582   40.0671209
  20.999561    40.066877
  21.0004424   40.0666336
  21.001718    40.0661803
  21.002053    40.065928
  21.002596    40.065343
  21.0026186   40.0652982
  21.0030156   40.0645115
  21.0048334   40.0628831
  21.0072802   40.0597803
  21.0082642   40.0577565
  21.0092305   40.0565204
  21.0095407   40.0562537
  21.0102998   40.0558364
  21.0107489   40.0557399
  21.0190312   40.0556247
  21.0208991   40.0557358
  21.0246063   40.0561645
  21.0287273   40.0568558
  21.0336495   40.0580314
  21.0340878   40.0581598
  21.0388053   40.0597533
  21.0396226   40.0600984
  21.0427833   40.061652
  21.0445387   40.0628407
  21.045689    40.063469
  21.0492936   40.0657409
  21.0504429   40.0663602
  21.0507581   40.0665107
  21.0508415   40.0665505
  21.0512657   40.0667009
  21.0521748   40.0668772
  21.0526424   40.0669071
  21.0529474   40.0669031
  21.0535797   40.0668949
  21.0545036   40.0667833
  21.0553325   40.0664441
  21.0561249   40.0660544
  21.0565001   40.0658388
  21.057128    40.0653053
  21.0575045   40.0650942
  21.0579269   40.0649383
  21.059774    40.0646925
  21.0616444   40.0645913
  21.0644439   40.0644011
  21.0658335   40.0642382
  21.0675795   40.0637149
  21.0684292   40.0634122
  21.0693243   40.0632007
  21.0697868   40.0631448
  21.070256    40.0631432
  21.0719867   40.0632906
  21.0738642   40.0622436
  21.0780347   40.0599304
  21.079655    40.0592102
  21.0809444   40.0587833
  21.0821031   40.0581685
  21.0824553   40.0579341
  21.0825229   40.0578643
  21.0827412   40.0576387
  21.085076    40.055226
  21.085261    40.055055
  21.085396    40.054711
  21.085426    40.053992
  21.0853243   40.0525523
  21.0853057   40.0524788
  21.0849668   40.0511381
  21.0846489   40.0504635
  21.0839501   40.0491308
  21.0837671   40.0488019
  21.0814936   40.0422231
  21.0813007   40.0414838
  21.0811962   40.041083
  21.0803025   40.0376577
  21.079713    40.0359696
  21.0794457   40.035204
  21.0793483   40.0348503
  21.0793104   40.0334126
  21.0795357   40.0312564
  21.079727    40.0305542
  21.0797774   40.0301951
  21.0799091   40.0276763
  21.0798539   40.0244367
  21.0798348   40.0237201
  21.0796781   40.023009
  21.0795304   40.0226675
  21.0793241   40.0219642
  21.0793088   40.0216035
  21.0793567   40.0212444
  21.0794183   40.0208857
  21.079551    40.0205422
  21.0799879   40.0199047
  21.0811174   40.0187577
  21.0823276   40.0176577
  21.0825296   40.017334
  21.0828575   40.0166383
  21.0828639   40.016603
  21.0829534   40.0165628
  21.0833243   40.016459
  21.083597    40.0163737
  21.0836971   40.0159793
  21.0832465   40.0155848
  21.0826743   40.0155373
  21.0823307   40.0153889
  21.0822622   40.0153411
  21.0818835   40.0151244
  21.0806664   40.0145892
  21.0795492   40.0139351
  21.0782682   40.0129573
  21.0782188   40.0129196
  21.077565    40.0119618
  21.0770046   40.0110841
  21.0759223   40.0093892
  21.0752026   40.0080604
  21.0741935   40.0060442
  21.0708868   40.0017406
  21.0700592   40.0008684
  21.0692738   39.9991731
  21.0686761   39.9978744
  21.0680175   39.9973443
  21.0658398   39.9954651
  21.0643473   39.9940761
  21.0636065   39.9936384
  21.0627978   39.9932756
  21.0615393   39.9927933
  21.0602286   39.9924043
  21.0593159   39.9922415
  21.0588511   39.9922072
  21.0574461   39.992221
  21.056052    39.9923432
  21.0551558   39.9925546
  21.0534254   39.9931051
  21.0521683   39.9935866
  21.0509585   39.9941367
  21.0475668   39.9960545
  21.0433332   39.9988965
  21.0432188   39.9990107
  21.0430016   39.9998204
  21.0427321   40.0001152
  21.0417329   40.0008734
  21.0408411   40.0010983
  21.0351278   40.0017899
  21.0346657   40.0017915
  21.0342092   40.0017033
  21.0337895   40.0015439
  21.0334643   40.0012879
  21.0332413   40.0009714
  21.0334142   40.0006651
  21.031849    39.9990757
  21.031206    39.9985547
  21.0267577   39.9956483
  21.0263903   39.9954271
  21.0252006   39.9948606
  21.0230306   39.9938636
  21.0252043   39.9932619
  21.0305482   39.98867
  21.0348395   39.9871931
  21.0351721   39.9870786
  21.0354688   39.9869765
  21.0358237   39.9868014
  21.0392969   39.9850882
  21.0395059   39.9847648
  21.0396322   39.9844213
  21.0397751   39.9837088
  21.0399047   39.9833608
  21.0401383   39.9830515
  21.0404712   39.9827943
  21.0408277   39.9825647
  21.0412593   39.9824226
  21.0425892   39.9822584
  21.0430387   39.9821618
  21.0434252   39.98196
  21.0443813   39.9811647
  21.0448857   39.9805605
  21.0455848   39.9792227
  21.0459275   39.9781731
  21.0463296   39.9771384
  21.0473037   39.9747447
  21.0474655   39.9744065
  21.047717    39.9741022
  21.0479991   39.9738121
  21.0483894   39.9736284
  21.0497636   39.9733977
  21.0502801   39.9731648
  21.0505768   39.9730311
  21.0508844   39.9727957
  21.0508311   39.9720647
  21.0505736   39.9717654
  21.050236    39.9715181
  21.0494927   39.9710803
  21.0490803   39.9709077
  21.0482156   39.9706334
  21.0465781   39.9699386
  21.045858    39.9694789
  21.0456018   39.9691841
  21.0454389   39.9688467
  21.0453157   39.9684967
  21.0453621   39.9681376
  21.0457297   39.9679308
  21.0461697   39.9677979
  21.0480318   39.9678093
  21.0504655   39.9652546
  21.0505196   39.9649696
  21.0505336   39.964896
  21.0507321   39.9645768
  21.0588718   39.9587126
  21.0602476   39.9577386
  21.062209    39.956757
  21.063009    39.95639
  21.0634459   39.9562569
  21.0666898   39.9558977
  21.0671374   39.955801
  21.0675515   39.9556313
  21.0688055   39.9550739
  21.0711944   39.954012
  21.0715693   39.9537963
  21.073026    39.9529053
  21.0744093   39.9519314
  21.0755881   39.9508172
  21.0766823   39.9496468
  21.076935    39.9493514
  21.0775621   39.947989
  21.077799    39.9469276
  21.0778249   39.9458473
  21.0781221   39.9447919
  21.0782825   39.9444536
  21.0784965   39.9441347
  21.0810958   39.9407323
  21.0828417   39.9386099
  21.0837307   39.9373442
  21.084304    39.9356066
  21.0842636   39.9345291
  21.0840703   39.9338217
  21.0831839   39.9313988
  21.0830119   39.9310612
  21.082573    39.9304286
  21.0815349   39.9284207
  21.0814156   39.9280709
  21.0812997   39.9269916
  21.0814308   39.9262832
  21.0821072   39.9238141
  21.0823711   39.9231272
  21.0864864   39.9144166
  21.0866568   39.9140786
  21.0877499   39.9124892
  21.0882801   39.911899
  21.0888581   39.9113325
  21.0895042   39.9108128
  21.0898811   39.9105971
  21.0905419   39.9096498
  21.0906981   39.9093114
  21.0907931   39.908958
  21.0908068   39.908598
  21.0907381   39.9082405
  21.0906372   39.9078867
  21.0904689   39.9075536
  21.0895759   39.906725
  21.089222    39.9064864
  21.088826    39.9062963
  21.0878501   39.9055152
  21.0873272   39.9039829
  21.0872157   39.9036562
  21.0866951   39.9021307
  21.0865836   39.9017901
  21.0866308   39.9014265
  21.0867268   39.9010731
  21.0868858   39.9007348
  21.0874914   39.8997637
  21.0877873   39.8994829
  21.0884582   39.8989817
  21.0887936   39.8987335
  21.0891727   39.8985223
  21.0907708   39.8977742
  21.0916063   39.8974484
  21.0931749   39.896668
  21.094436    39.8956052
  21.094989    39.8950246
  21.095204    39.8947057
  21.0957414   39.8937103
  21.0959095   39.8933767
  21.0961535   39.8926802
  21.0964225   39.8916195
  21.0965025   39.8909054
  21.0964263   39.889827
  21.0960861   39.8884133
  21.0960243   39.8880559
  21.0960482   39.8876962
  21.0962163   39.8873627
  21.0966562   39.8867296
  21.0972368   39.8861631
  21.0978761   39.8852018
  21.0983565   39.8838131
  21.0985301   39.8831058
  21.0984701   39.882753
  21.0980987   39.8817123
  21.0974813   39.8803547
  21.0972011   39.8800639
  21.0968095   39.8798695
  21.095925    39.87946
  21.0957142   39.8791394
  21.0956744   39.8787826
  21.0957157   39.8784188
  21.0960191   39.8781562
  21.0964344   39.8779909
  21.0968837   39.8778986
  21.0978176   39.87794
  21.0987296   39.8780935
  21.0993915   39.8786009
  21.0998258   39.8787244
  21.1007651   39.8787344
  21.1012253   39.8786829
  21.1020925   39.8784163
  21.1028757   39.8780215
  21.1046455   39.8768542
  21.1051755   39.8762549
  21.1054804   39.8759878
  21.1062413   39.8755699
  21.1070607   39.8752165
  21.1123113   39.873109
  21.1169525   39.87145
  21.1205025   39.8699574
  21.1212822   39.8695624
  21.1227362   39.8686526
  21.1230732   39.8684088
  21.12368     39.8678608
  21.123912    39.8675468
  21.1245382   39.8670129
  21.1284119   39.8650281
  21.128807    39.8648352
  21.1292428   39.8647109
  21.131517    39.8643078
  21.1319253   39.864471
  21.132256    39.8647269
  21.132552    39.8650045
  21.1327761   39.8653208
  21.1330596   39.8656071
  21.1340035   39.8664051
  21.1343523   39.8666434
  21.1347572   39.8668201
  21.1356412   39.8670581
  21.1370362   39.8671736
  21.1384363   39.8671677
  21.1398341   39.8670806
  21.1407603   39.8669818
  21.1457595   39.8660781
  21.1493022   39.8651745
  21.1506133   39.8647968
  21.1518314   39.8642683
  21.1542872   39.8620991
  21.1557131   39.8611703
  21.1560842   39.8609497
  21.1564744   39.8607521
  21.1581081   39.860058
  21.1602169   39.85929
  21.1610768   39.8590092
  21.1633347   39.8584024
  21.1636352   39.8586035
  21.1638793   39.8588932
  21.164675    39.8600927
  21.1672612   39.8635204
  21.1722213   39.8687806
  21.1747726   39.8721307
  21.1757585   39.8737626
  21.1770148   39.8752796
  21.1775761   39.8758563
  21.1786288   39.8769178
  21.1792527   39.8774509
  21.1803706   39.8781042
  21.1815552   39.878678
  21.1819848   39.8788191
  21.1824379   39.8789066
  21.1833685   39.8789833
  21.1852366   39.8789521
  21.1894252   39.8786709
  21.190354    39.8785898
  21.1931205   39.878238
  21.193571    39.8781453
  21.1948081   39.8776393
  21.1956844   39.8773813
  21.196137    39.8773066
  21.1966073   39.8773045
  21.1970754   39.8773068
  21.1975324   39.8773809
  21.1992903   39.8778693
  21.2043481   39.8797119
  21.205603    39.8801971
  21.2063982   39.8805721
  21.2090016   39.8820896
  21.2125383   39.8844312
  21.2133657   39.8853024
  21.2141446   39.8861949
  21.2149013   39.8871049
  21.2152277   39.8873604
  21.2156927   39.8873941
  21.2175513   39.8872811
  21.2184831   39.8872179
  21.221217    39.8867385
  21.2216778   39.886682
  21.2244822   39.8866231
  21.2249486   39.8866478
  21.2254009   39.8867397
  21.2266629   39.8872158
  21.2270333   39.8874273
  21.2276828   39.8879473
  21.2287934   39.8886089
  21.2292007   39.8887853
  21.2300494   39.8890894
  21.2305004   39.8891767
  21.231424    39.8893114
  21.2318781   39.8892592
  21.2326048   39.8888081
  21.2350132   39.8871856
  21.2363395   39.8868344
  21.2371865   39.8865258
  21.2375029   39.8862631
  21.2377023   39.885939
  21.2378292   39.8855908
  21.2380572   39.8852809
  21.2383957   39.8850322
  21.2396188   39.8845119
  21.2459679   39.8833838
  21.2478136   39.8831619
  21.2482809   39.883146
  21.2487459   39.883184
  21.2504243   39.8830388
  21.2515156   39.8828849
  21.2519387   39.8827373
  21.2522379   39.8824561
  21.2524367   39.8821366
  21.2529949   39.880758
  21.2533366   39.8797122
  21.2537017   39.8790498
  21.2542328   39.8784588
  21.2551352   39.8776289
  21.2564883   39.876634
  21.2568663   39.8764268
  21.2572814   39.8762609
  21.2577232   39.8761408
  21.2581838   39.8760796
  21.2586428   39.876122
  21.2590682   39.8762672
  21.2594505   39.8764744
  21.2606607   39.877021
  21.2615047   39.8773337
  21.2619447   39.8774522
  21.2628495   39.8776312
  21.2692623   39.8785076
  21.269728    39.8785411
  21.2701948   39.8785251
  21.2706536   39.8784548
  21.2715278   39.8782006
  21.2727794   39.8777166
  21.2788527   39.8743687
  21.2795923   39.8739311
  21.2799019   39.8736592
  21.2801073   39.8733352
  21.2803651   39.8726431
  21.2806279   39.871217
  21.28074     39.8708683
  21.2808984   39.8705297
  21.2813895   39.8699152
  21.2816937   39.8696431
  21.2823691   39.8691455
  21.2830936   39.8686895
  21.2858881   39.8667777
  21.2865056   39.8662381
  21.2872755   39.8653328
  21.288511    39.8633934
  21.2889754   39.8627692
  21.2892475   39.8624738
  21.2904598   39.8613806
  21.2911333   39.8608829
  21.2949647   39.8582519
  21.2953261   39.8580261
  21.2957212   39.8578327
  21.2964913   39.8577741
  21.2956756   39.8574218
  21.2953141   39.8571971
  21.2949957   39.8569329
  21.2947118   39.8566471
  21.2942339   39.8560279
  21.2938065   39.8553873
  21.2932547   39.8543926
  21.2927939   39.8537647
  21.292244    39.8531844
  21.2916327   39.8526341
  21.2913063   39.8523788
  21.2908789   39.8521976
  21.2905814   39.8524249
  21.290037    39.8530427
  21.2893678   39.8535451
  21.2878996   39.8544341
  21.2870499   39.8547339
  21.2861389   39.8548928
  21.2842745   39.8549798
  21.282879    39.854875
  21.2814962   39.8546984
  21.2810297   39.854674
  21.2805635   39.8546946
  21.2801071   39.854774
  21.279671    39.8549033
  21.2780214   39.8555808
  21.2771532   39.8558486
  21.2762576   39.8560528
  21.2753286   39.8561211
  21.274397    39.8560721
  21.2734898   39.8559022
  21.2661563   39.853563
  21.2653225   39.8532416
  21.2641403   39.8526597
  21.2633969   39.8522232
  21.2630929   39.8519503
  21.2628525   39.8516384
  21.2626773   39.8513054
  21.2624582   39.8506066
  21.2620218   39.8481056
  21.2618825   39.8470348
  21.2620237   39.846322
  21.2621924   39.8459837
  21.2625291   39.8457439
  21.2634069   39.8454989
  21.2638071   39.8453102
  21.2641445   39.8450614
  21.2645291   39.8444084
  21.2646065   39.8440499
  21.2650321   39.838074
  21.2650461   39.837714
  21.2649222   39.8369995
  21.2646777   39.8363046
  21.2642269   39.8352805
  21.2627856   39.8326251
  21.2619706   39.8309349
  21.2611461   39.8288705
  21.2607999   39.8274571
  21.2606732   39.8271073
  21.2589568   39.8241526
  21.258312    39.8231915
  21.2575485   39.8222861
  21.2572127   39.822035
  21.2568307   39.8218278
  21.2555462   39.821401
  21.2537531   39.8209937
  21.2528931   39.8207166
  21.2520732   39.8203684
  21.2516896   39.8201656
  21.2509786   39.8196938
  21.2506586   39.819434
  21.2504184   39.8191221
  21.2481103   39.814919
  21.2477839   39.8142447
  21.2473052   39.8128506
  21.2472526   39.8124935
  21.2474896   39.8117965
  21.2479171   39.8111445
  21.2482089   39.8108858
  21.2486614   39.8107614
  21.2491288   39.8107274
  21.2498431   39.8102714
  21.2508504   39.8095161
  21.2510894   39.8092065
  21.2512474   39.8088679
  21.2514389   39.8081653
  21.251421    39.8080302
  21.2514026   39.8078041
  21.2512122   39.8074798
  21.249364    39.805765
  21.2487386   39.8057772
  21.2454703   39.8058212
  21.2445426   39.8057361
  21.2440896   39.8056533
  21.2427886   39.8052485
  21.2419531   39.8049314
  21.241577    39.8047152
  21.2411698   39.8045389
  21.2390021   39.8038657
  21.2385485   39.8037919
  21.2380844   39.8038349
  21.2376761   39.8040143
  21.2370251   39.8045303
  21.2364304   39.8050881
  21.235962    39.805712
  21.2356693   39.8059933
  21.2353305   39.806242
  21.2341703   39.8068494
  21.2306018   39.8084577
  21.2301763   39.8086007
  21.2296523   39.8085702
  21.2292008   39.8084783
  21.228776    39.808333
  21.2284102   39.8081081
  21.228089    39.8078437
  21.2278134   39.8075533
  21.2267045   39.8055676
  21.2264709   39.8048683
  21.2263253   39.8041577
  21.2263328   39.8034373
  21.2264513   39.8027239
  21.2269748   39.8009664
  21.2278285   39.7974331
  21.2283384   39.794941
  21.2284212   39.793862
  21.2288021   39.7885473
  21.2287833   39.7871055
  21.2286307   39.7867641
  21.2283058   39.7865131
  21.227535    39.7860983
  21.2271859   39.7858603
  21.2259127   39.7848119
  21.2256929   39.7844959
  21.2253349   39.7838252
  21.2251954   39.7834841
  21.2251446   39.7831135
  21.225098    39.7827566
  21.2252055   39.782043
  21.2255061   39.7813566
  21.2260357   39.7803603
  21.2267314   39.7786384
  21.2268162   39.7779243
  21.2268372   39.7768393
  21.2267974   39.7761222
  21.2266289   39.7746858
  21.2266234   39.7736047
  21.2268907   39.7714537
  21.2278169   39.767268
  21.2279592   39.7664178
  21.2285321   39.7643945
  21.2289907   39.7637658
  21.2295723   39.7632077
  21.2309375   39.7609162
  21.2335416   39.7563031
  21.2336979   39.755969
  21.2337819   39.7556107
  21.23387     39.7548966
  21.2338029   39.7545392
  21.2336458   39.7542022
  21.2331835   39.7535786
  21.2325607   39.7530458
  21.2318409   39.7521232
  21.2316373   39.7517986
  21.2315233   39.7514491
  21.2313514   39.7503775
  21.2311874   39.748599
  21.2311964   39.7482389
  21.2312751   39.7475207
  21.2312334   39.7471656
  21.2310939   39.7464508
  21.2309895   39.7460793
  21.2306784   39.7454565
  21.230295    39.7451308
  21.2281689   39.7433246
  21.2276691   39.7427137
  21.2275061   39.7423764
  21.2272898   39.7416777
  21.2271638   39.740963
  21.2272572   39.7377268
  21.2261457   39.7335609
  21.2284284   39.7324219
  21.2291443   39.7328804
  21.2295395   39.7330745
  21.2307906   39.7335593
  21.2312285   39.7336779
  21.2321501   39.7337899
  21.2326166   39.7337875
  21.2335439   39.7337106
  21.2344534   39.7335521
  21.2348939   39.733432
  21.2353105   39.7332707
  21.2369035   39.7325205
  21.2373711   39.7322406
  21.240948    39.7300989
  21.2416283   39.7296517
  21.2416556   39.7296338
  21.2423155   39.7291225
  21.2429072   39.7285646
  21.2439898   39.7274848
  21.2470401   39.7244424
  21.2470927   39.7240923
  21.2476405   39.7188985
  21.2476574   39.7185386
  21.2471462   39.7179454
  21.2469701   39.7176079
  21.246653    39.7128891
  21.2467356   39.7125352
  21.2475733   39.7112489
  21.2478626   39.7109675
  21.2486122   39.7105394
  21.2512686   39.709134
  21.252074    39.7087702
  21.2533446   39.7083273
  21.2545364   39.7081709
  21.2533951   39.7058603
  21.2530584   39.7048119
  21.2529997   39.7044546
  21.2530393   39.7041969
  21.2531093   39.7037411
  21.2532192   39.7021777
  21.2532357   39.7019424
  21.2529645   39.7012559
  21.2526896   39.7007675
  21.2511142   39.697969
  21.2508828   39.6976573
  21.2503259   39.697124
  21.2500048   39.6968168
  21.2493649   39.6964773
  21.2481726   39.6958815
  21.2473342   39.6955709
  21.2465291   39.6952029
  21.246086    39.6951113
  21.244896    39.6950822
  21.2420202   39.6948804
  21.2414486   39.694821
  21.2406734   39.6949602
  21.2370905   39.6957578
  21.2362209   39.6960163
  21.2358307   39.6962142
  21.2318788   39.6987189
  21.2297467   39.7001093
  21.2294326   39.7003721
  21.2290641   39.7010299
  21.2289789   39.7013837
  21.2289721   39.7024645
  21.2287638   39.704617
  21.2285454   39.7060486
  21.2283695   39.7067561
  21.2282255   39.7070949
  21.2277884   39.7077331
  21.2275009   39.7080145
  21.2271543   39.7082539
  21.2249569   39.7087599
  21.2245027   39.7088391
  21.2235735   39.7089069
  21.222641    39.7089072
  21.2189218   39.7086874
  21.2128701   39.7086098
  21.2119445   39.7087002
  21.2110414   39.7088721
  21.2106418   39.7090607
  21.2102943   39.7093001
  21.2089727   39.7103177
  21.2075997   39.7117711
  21.2063571   39.7132951
  21.2057997   39.714286
  21.2053638   39.7149196
  21.2045639   39.7158102
  21.2038241   39.7162428
  21.2025598   39.7167078
  21.2021224   39.7168323
  21.1980258   39.7175127
  21.1970957   39.7175262
  21.1966338   39.7174791
  21.1961852   39.7173827
  21.1948813   39.7169998
  21.1933654   39.7161659
  21.1927519   39.7156241
  21.1926434   39.7152746
  21.1926114   39.714918
  21.1926048   39.7138324
  21.1924471   39.7134998
  21.1922727   39.7132831
  21.1918141   39.71298
  21.1909384   39.7127201
  21.1839439   39.7113434
  21.183482    39.7113367
  21.1830369   39.7114475
  21.181866    39.7120362
  21.1806168   39.7131048
  21.179739    39.7139438
  21.1781234   39.7152422
  21.1774039   39.7156931
  21.1765724   39.7160287
  21.1747532   39.7159574
  21.1738913   39.7162292
  21.1681338   39.7176292
  21.1676857   39.7177263
  21.1672228   39.7177646
  21.1654042   39.7174589
  21.1645326   39.7172124
  21.1640908   39.7170395
  21.1636954   39.7168451
  21.1634082   39.7165679
  21.1622323   39.7146339
  21.1613917   39.7110957
  21.1609205   39.7078772
  21.1592697   39.7012113
  21.1591428   39.7008614
  21.158934    39.700541
  21.1586244   39.7002722
  21.1574931   39.6996364
  21.1567111   39.6992434
  21.1558643   39.6989434
  21.1554157   39.6988513
  21.1502692   39.698135
  21.1465044   39.6983082
  21.1460453   39.698369
  21.1455803   39.698326
  21.1451765   39.6981539
  21.1448154   39.6979289
  21.1445043   39.69766
  21.1442604   39.6973522
  21.1441151   39.6970108
  21.1433753   39.6950559
  21.1429287   39.6931171
  21.1431136   39.6909912
  21.1431175   39.690631
  21.1429561   39.6899199
  21.1428249   39.6895744
  21.1421113   39.688647
  21.1413036   39.6877668
  21.140647    39.6872552
  21.1395101   39.6866281
  21.1390924   39.6864692
  21.1347165   39.6851176
  21.1339889   39.6848929
  21.1335462   39.6847874
  21.1330806   39.6847804
  21.1312219   39.6848966
  21.1289261   39.6852002
  21.1275271   39.6852241
  21.1229406   39.6839311
  21.1226274   39.683729
  21.122327    39.683456
  21.1221274   39.6831265
  21.121668    39.6822626
  21.1208667   39.6808072
  21.1204593   39.6797747
  21.1204233   39.6794179
  21.1204205   39.6783369
  21.1207798   39.6769225
  21.1221605   39.6713042
  21.1225619   39.6696071
  21.123297    39.6692064
  21.1258371   39.6673236
  21.126152    39.6670567
  21.1266731   39.6664615
  21.127422    39.6651424
  21.1276754   39.6648424
  21.1279955   39.66458
  21.1283884   39.6643526
  21.1287417   39.6641481
  21.1291667   39.664001
  21.1296067   39.6638767
  21.1305196   39.6638903
  21.1309753   39.663807
  21.1313951   39.6636462
  21.1317605   39.6634345
  21.1323585   39.6624539
  21.1326411   39.6617717
  21.1328359   39.6614433
  21.1332549   39.6608005
  21.1335319   39.6605101
  21.1343412   39.6601563
  21.1360845   39.6596498
  21.1388366   39.6582989
  21.1395513   39.6578346
  21.1407897   39.6567571
  21.1410446   39.6564571
  21.1420045   39.6552286
  21.1422332   39.6549144
  21.1425635   39.6538641
  21.1427303   39.6535304
  21.1429556   39.6532161
  21.143273    39.6529537
  21.1436692   39.6527653
  21.1445328   39.6524938
  21.144987    39.6524193
  21.1459173   39.6523747
  21.1472765   39.6521198
  21.1508284   39.6512522
  21.1516911   39.6509806
  21.1520838   39.6507876
  21.1538039   39.6495866
  21.154423    39.6490478
  21.1548683   39.6484191
  21.1550222   39.6477248
  21.1554978   39.645597
  21.1553438   39.6445257
  21.154396    39.6391741
  21.1530128   39.6350009
  21.1528044   39.6346805
  21.1524679   39.6344291
  21.1517712   39.6339526
  21.1510315   39.6335155
  21.1500052   39.6327787
  21.149156    39.6319246
  21.1488983   39.631621
  21.1487047   39.6312964
  21.14896     39.6298704
  21.1490965   39.6295269
  21.1501943   39.6275405
  21.1504127   39.6272216
  21.1507333   39.6269592
  21.1522477   39.6261226
  21.1525245   39.6258321
  21.1526542   39.6254885
  21.1526591   39.6251282
  21.1525679   39.6244099
  21.1519927   39.6219275
  21.1518446   39.6208564
  21.1518692   39.6204967
  21.1525566   39.6184011
  21.1528015   39.6180963
  21.1543396   39.6172827
  21.1552032   39.6170111
  21.1565399   39.6166971
  21.1569955   39.6166272
  21.1579239   39.6165688
  21.1583893   39.6165757
  21.1602364   39.616756
  21.1607013   39.6167809
  21.1611646   39.6167472
  21.1616184   39.6166682
  21.1642483   39.6159352
  21.1655083   39.6154751
  21.1659693   39.6154278
  21.1664351   39.6154031
  21.1668909   39.6154638
  21.1685439   39.6161302
  21.1694185   39.6163767
  21.1698755   39.6164464
  21.1703399   39.6164352
  21.1707814   39.6163198
  21.1719939   39.6157864
  21.1732634   39.6153354
  21.1738305   39.615191
  21.1738471   39.6151882
  21.174177    39.6152135
  21.1746377   39.6152607
  21.17736     39.6157368
  21.1777991   39.6158601
  21.1794198   39.6165661
  21.1798754   39.6166402
  21.1803388   39.6166154
  21.1809912   39.6164961
  21.1814029   39.6163305
  21.1816811   39.6160445
  21.1827832   39.6140669
  21.1838351   39.6120655
  21.1849053   39.6096998
  21.1850193   39.6093512
  21.1850128   39.6089907
  21.1849096   39.6086414
  21.1843171   39.6072758
  21.1839666   39.6062314
  21.1837866   39.6055244
  21.1838302   39.6037237
  21.1839852   39.6030158
  21.1842729   39.6023292
  21.1844869   39.6020101
  21.1848088   39.6017521
  21.1860117   39.6012048
  21.1863117   39.6009283
  21.1880809   39.5974354
  21.1881324   39.5967159
  21.1880819   39.5961922
  21.1878535   39.5951282
  21.1879448   39.5947746
  21.1880997   39.594436
  21.1885501   39.5938074
  21.1888273   39.5935168
  21.1892457   39.5928738
  21.189409    39.59254
  21.1896087   39.5918331
  21.1896376   39.591478
  21.1894401   39.5907931
  21.1892828   39.5897218
  21.189322    39.5890021
  21.1893869   39.5886433
  21.1919835   39.58045
  21.1921431   39.5801161
  21.1935065   39.5791356
  21.1937873   39.5788496
  21.1939889   39.5785257
  21.1948504   39.5764881
  21.1949614   39.5761394
  21.1962501   39.5693963
  21.1961885   39.5686786
  21.1950445   39.5572734
  21.1946323   39.5558671
  21.1945618   39.5551493
  21.1947186   39.5544414
  21.1956185   39.5524002
  21.1962075   39.551419
  21.1974856   39.5487158
  21.1982421   39.5466351
  21.1986697   39.5443438
  21.1989598   39.542923
  21.2007618   39.5380793
  21.2015627   39.5360132
  21.201709    39.5356744
  21.2026461   39.5340259
  21.2029738   39.5333491
  21.2032772   39.532298
  21.203276    39.5315773
  21.2031973   39.531224
  21.2029217   39.5305373
  21.2019339   39.5289055
  21.200654    39.5274018
  21.2006078   39.5270673
  21.2018192   39.5246012
  21.203246    39.5220051
  21.1988153   39.5209344
  21.1970781   39.5204196
  21.1962484   39.5200933
  21.1954505   39.5197227
  21.1943379   39.5190697
  21.1915693   39.5171516
  21.19124     39.5169004
  21.1903545   39.5160638
  21.1892988   39.5148761
  21.1883308   39.5136456
  21.1874142   39.5123982
  21.1869728   39.5116759
  21.1860508   39.5104239
  21.1856337   39.5097787
  21.1824905   39.503847
  21.1823291   39.5035098
  21.181762    39.5019601
  21.1813368   39.5013192
  21.1811807   39.5009821
  21.1810575   39.5002675
  21.1810318   39.4995462
  21.1812398   39.4992314
  21.1815618   39.4989645
  21.1826625   39.498302
  21.1830708   39.4981318
  21.1839741   39.4979645
  21.1844343   39.4979126
  21.185363    39.4979171
  21.1858178   39.4979866
  21.1866963   39.4982241
  21.1887978   39.4988605
  21.189204    39.4989379
  21.190327    39.4989516
  21.1909567   39.4988902
  21.1914605   39.4987358
  21.191821    39.4985102
  21.1924997   39.4980177
  21.1936455   39.4968878
  21.1945636   39.4960722
  21.1949083   39.4958282
  21.1953108   39.4956533
  21.1957439   39.4955196
  21.1962067   39.4954812
  21.1983182   39.4962258
  21.1995203   39.4967683
  21.1999484   39.4969092
  21.2012511   39.4972964
  21.2030343   39.4977042
  21.204848    39.4980181
  21.2122976   39.4987962
  21.2132794   39.4988783
  21.2153619   39.4989147
  21.2153707   39.4986942
  21.2153292   39.4983104
  21.2151876   39.4974782
  21.2146252   39.4953612
  21.213932    39.4914394
  21.2138783   39.4896409
  21.2140275   39.4874825
  21.2140884   39.4871236
  21.2156268   39.4833499
  21.2157042   39.4829914
  21.215687    39.4822748
  21.2155818   39.4815561
  21.2154793   39.4812068
  21.2150545   39.4807507
  21.2135633   39.4799042
  21.2123289   39.4794062
  21.2101122   39.4788665
  21.2065257   39.4781092
  21.2025001   39.4772691
  21.2007004   39.476906
  21.1989462   39.4764313
  21.1954585   39.4754644
  21.1948852   39.4751758
  21.1945274   39.4749555
  21.1943911   39.4746053
  21.1945977   39.4742905
  21.1948753   39.4739955
  21.1958359   39.4732169
  21.1969669   39.472591
  21.1979415   39.4718218
  21.1984541   39.4712171
  21.1986703   39.4709025
  21.1988061   39.470559
  21.1994837   39.4680889
  21.2006277   39.4646077
  21.2013747   39.4632879
  21.2016222   39.4629876
  21.2025723   39.4621952
  21.2052909   39.4602382
  21.2060425   39.4598148
  21.2080972   39.4583598
  21.2099533   39.4567603
  21.2111584   39.4556677
  21.2122672   39.4545142
  21.2138586   39.4527461
  21.2141188   39.4524506
  21.2153635   39.4509354
  21.2163462   39.4497158
  21.2173135   39.4484868
  21.2191478   39.4459948
  21.2230962   39.4415894
  21.2242417   39.4404592
  21.2282449   39.4369738
  21.2303032   39.4355184
  21.232391    39.4341088
  21.2339628   39.4333489
  21.2344074   39.4332784
  21.2353357   39.433323
  21.235792    39.4333789
  21.2366869   39.4335804
  21.2371391   39.4336362
  21.2399073   39.4334407
  21.2403664   39.4333885
  21.2412668   39.4332117
  21.2421032   39.4328982
  21.2424866   39.4326957
  21.2434403   39.431912
  21.2440277   39.4313584
  21.2446042   39.4307955
  21.2465785   39.4291611
  21.2476942   39.4282045
  21.248062    39.4272259
  21.2488776   39.4265329
  21.2493925   39.4254721
  21.2505942   39.4246765
  21.2517958   39.4232178
  21.2526394   39.4229633
  21.2535695   39.4225655
  21.2542206   39.4218201
  21.2550574   39.4212287
  21.2560659   39.4208804
  21.2575025   39.420594
  21.2584922   39.4204533
  21.2600356   39.4204592
  21.2608491   39.4203684
  21.2624631   39.4201497
  21.2626149   39.4201432
  21.2632003   39.4192089
  21.2639508   39.4186261
  21.2649737   39.4179774
  21.2661087   39.4176542
  21.2671602   39.4172481
  21.2678736   39.4166099
  21.2681043   39.4161374
  21.2682493   39.4155959
  21.2683564   39.4150143
  21.2683135   39.4145833
  21.2679541   39.4132239
  21.2674606   39.412051
  21.2674284   39.4111061
  21.2685925   39.4104512
  21.2700516   39.4100699
  21.2715483   39.4095062
  21.2723529   39.4090752
  21.2726533   39.4082504
  21.2726533   39.4078027
  21.2724817   39.4073137
  21.2720541   39.4070495
  21.2715751   39.406522
  21.271441    39.4060702
  21.2714785   39.4057045
  21.2716234   39.405378
  21.2718004   39.405121
  21.2721544   39.4048599
  21.2724763   39.4046236
  21.2727874   39.4043044
  21.2729055   39.4039936
  21.2729108   39.4035708
  21.2728572   39.4030651
  21.2727714   39.4027003
  21.2726855   39.4024309
  21.272648    39.4022236
  21.2725385   39.4018658
  21.2723148   39.4015719
  21.2723315   39.4012661
  21.272369    39.401063
  21.272428    39.4008143
  21.2726265   39.4005365
  21.2727016   39.4002961
  21.2727606   39.3999396
  21.2727982   39.3997738
  21.2728572   39.3994546
  21.2729806   39.3991686
  21.2730664   39.3984307
  21.2731844   39.3980493
  21.2732434   39.3978421
  21.2735224   39.3975809
  21.2738442   39.3971788
  21.2742037   39.3967518
  21.2746221   39.396416
  21.2750351   39.3962295
  21.275593    39.3960146
  21.2762609   39.3959355
  21.2765318   39.3958854
  21.2767865   39.3958081
  21.2769647   39.3957166
  21.2772599   39.3954222
  21.2773311   39.3948573
  21.2772629   39.3942826
  21.2768161   39.3935639
  21.276505    39.3930747
  21.2759335   39.392561
  21.2756091   39.3920632
  21.2756789   39.3916403
  21.27585     39.3913659
  21.276365    39.3905699
  21.2766498   39.3898369
  21.2767357   39.3894389
  21.2767464   39.389215
  21.2767357   39.3890367
  21.2766794   39.3888573
  21.2766248   39.3887316
  21.2765468   39.3886482
  21.2764349   39.3885816
  21.2763074   39.3885244
  21.2761751   39.3884692
  21.2758785   39.3883721
  21.2755838   39.3882762
  21.2753988   39.3882654
  21.2752351   39.388248
  21.2748968   39.3879989
  21.2746737   39.3877381
  21.2744758   39.3874931
  21.2743629   39.3872392
  21.2742558   39.3870177
  21.2739692   39.3867455
  21.2737835   39.3863878
  21.2735443   39.3859283
  21.2732958   39.3854552
  21.2731669   39.3851961
  21.2730477   39.3849397
  21.2728751   39.3846575
  21.2727154   39.3843723
  21.2725807   39.3841015
  21.2724376   39.3837093
  21.2723586   39.3834491
  21.2722983   39.3831724
  21.2722587   39.3828746
  21.2722267   39.3825377
  21.2721831   39.3821544
  21.2720811   39.3814891
  21.2719841   39.3809537
  21.271913    39.3801556
  21.2720368   39.3793091
  21.2726069   39.3785297
  21.2731269   39.3780325
  21.2738819   39.3774684
  21.2746551   39.3770457
  21.2759471   39.376092
  21.276741    39.3754617
  21.2779623   39.3745105
  21.278513    39.3741173
  21.279763    39.373253
  21.2807      39.3726999
  21.2817836   39.3720861
  21.2827814   39.371265
  21.2838864   39.370361
  21.2849164   39.3697638
  21.2855065   39.3694818
  21.2863004   39.3692164
  21.2871909   39.3690008
  21.2884247   39.3687353
  21.2890684   39.368586
  21.2898409   39.3684616
  21.290667    39.3684533
  21.2912924   39.3684899
  21.2933278   39.3691169
  21.2944007   39.3693076
  21.2951624   39.3689842
  21.2954628   39.3683704
  21.2952375   39.367317
  21.2947547   39.3661558
  21.2944452   39.3650012
  21.2944114   39.3642978
  21.2947762   39.3637669
  21.2969434   39.3630701
  21.2989709   39.3626432
  21.3001199   39.3623587
  21.3014791   39.3619739
  21.3040888   39.3612618
  21.3049257   39.3611872
  21.3052904   39.3610462
  21.3053441   39.3607143
  21.3048935   39.3599429
  21.3046682   39.3594949
  21.3046682   39.359047
  21.3051086   39.3584474
  21.3056767   39.3578276
  21.3063955   39.3577778
  21.3080048   39.3581096
  21.3099897   39.358964
  21.3105047   39.3590138
  21.3108694   39.3588894
  21.3114845   39.3577377
  21.3118207   39.3566189
  21.3122328   39.3559904
  21.3126302   39.3559201
  21.3134918   39.3565434
  21.3139108   39.3572974
  21.3139682   39.3573507
  21.3140319   39.3573884
  21.3140999   39.357417
  21.3141964   39.3574254
  21.314328    39.3573894
  21.3144751   39.3573479
  21.3145867   39.3573129
  21.314725    39.3572885
  21.3148663   39.3572774
  21.3150722   39.357249
  21.315219    39.3572225
  21.3154215   39.3572064
  21.3155434   39.3571993
  21.3158017   39.3571842
  21.3160698   39.3571576
  21.3162979   39.3571122
  21.3165798   39.3570608
  21.3167333   39.3570499
  21.3168812   39.3570654
  21.3171365   39.3571305
  21.3172973   39.3572057
  21.3175519   39.3573227
  21.3180846   39.3574966
  21.3186381   39.3577786
  21.3185924   39.3582335
  21.3178861   39.3584414
  21.3170385   39.3587069
  21.3160407   39.3591134
  21.315473    39.3596807
  21.3151886   39.3603107
  21.3154292   39.3610544
  21.3160086   39.3612618
  21.3175642   39.3609466
  21.3190985   39.3602913
  21.3202143   39.3597023
  21.3211691   39.3592461
  21.3221133   39.3585824
  21.3227897   39.3577838
  21.3233047   39.3571201
  21.3241273   39.3564118
  21.3253965   39.3566163
  21.3261828   39.3568742
  21.3282907   39.3571034
  21.3302247   39.3573837
  21.3316687   39.3578592
  21.3326472   39.3579282
  21.3339353   39.3582163
  21.3350652   39.3583398
  21.3364063   39.3584952
  21.3371617   39.3588131
  21.3374175   39.3587184
  21.3379224   39.3584271
  21.3381816   39.358298
  21.3383836   39.3582335
  21.3386033   39.3582097
  21.3388248   39.3582399
  21.3393171   39.3584641
  21.3397572   39.3586334
  21.3401701   39.3587149
  21.3405919   39.3586742
  21.34104     39.3585451
  21.3417692   39.3582666
  21.3419954   39.358197
  21.3421641   39.3581705
  21.3423423   39.3581515
  21.3428082   39.3582092
  21.3430816   39.3583004
  21.3432821   39.3583852
  21.3436656   39.3585262
  21.3441502   39.3586607
  21.3444711   39.3588147
  21.3447963   39.3590498
  21.3450759   39.3593476
  21.3452711   39.35951
  21.34543     39.359535
  21.3455916   39.3594917
  21.3459673   39.359286
  21.3466443   39.3589116
  21.3473309   39.3586038
  21.348808    39.3573281
  21.3498922   39.3565452
  21.3505664   39.3563492
  21.3513408   39.3562407
  21.3528969   39.3559752
  21.3539337   39.3558178
  21.354401    39.3559158
  21.354854    39.3560391
  21.3551989   39.3564721
  21.35693     39.3566688
  21.3582144   39.3568422
  21.3590201   39.3569178
  21.3596293   39.3570853
  21.3599425   39.357193
  21.3601141   39.3574151
  21.3601245   39.3583933
  21.3609736   39.3586857
  21.3618244   39.358864
  21.363329    39.358805
  21.3645243   39.3585435
  21.3648288   39.3584612
  21.3652085   39.3583508
  21.3661559   39.3581502
  21.3670419   39.3577579
  21.3678713   39.357665
  21.3687146   39.3579613
  21.3688815   39.3583836
  21.3704      39.3585288
  21.372497    39.358401
  21.3737491   39.3582707
  21.3742992   39.3580913
  21.3745138   39.3579786
  21.3747751   39.3578663
  21.3749733   39.3578222
  21.3751439   39.3578331
  21.3753692   39.3579126
  21.3756147   39.357972
  21.3764492   39.3580417
  21.3769801   39.3580559
  21.3772882   39.358036
  21.3775672   39.3580043
  21.3778446   39.3579479
  21.3781577   39.3578718
  21.3784691   39.3577972
  21.3788609   39.3576788
  21.3791498   39.3575599
  21.37945     39.357405
  21.3797742   39.3571868
  21.3801317   39.3569781
  21.380476    39.3568095
  21.3807426   39.3566924
  21.3809408   39.3565943
  21.3811363   39.3564301
  21.381235    39.356323
  21.3820686   39.355214
  21.3822759   39.3547447
  21.3827731   39.3543625
  21.3836597   39.3542971
  21.3845617   39.3550681
  21.3858022   39.35528
  21.3869503   39.3553414
  21.3877215   39.3553949
  21.3882387   39.3554544
  21.3891629   39.3549194
  21.3893791   39.3547942
  21.3896399   39.3544949
  21.3899832   39.3542295
  21.3903905   39.3538491
  21.3908671   39.3530407
  21.3911334   39.3525455
  21.3914844   39.3517034
  21.3914744   39.3515412
  21.39037     39.3515218
  21.3897931   39.3512541
  21.3897855   39.3506713
  21.3900035   39.3502235
  21.3908569   39.3498691
  21.391159    39.349556
  21.391546    39.3485117
  21.3913433   39.3471125
  21.3916817   39.3467126
  21.3923261   39.3466609
  21.3927846   39.347047
  21.3934712   39.3469394
  21.3942747   39.3467499
  21.3954782   39.3469049
  21.3958197   39.3465304
  21.396523    39.3463258
  21.3975381   39.3458544
  21.3980513   39.3453356
  21.3982666   39.3450752
  21.3978445   39.3442779
  21.3972728   39.3433221
  21.3965074   39.3424868
  21.3963765   39.3420777
  21.3961465   39.3410551
  21.3956379   39.340565
  21.3953596   39.3399449
  21.3952983   39.3389374
  21.3957517   39.3385444
  21.396678    39.3382994
  21.3975069   39.3374257
  21.3977006   39.3369984
  21.3978427   39.3366561
  21.3978958   39.3363391
  21.3977338   39.3360462
  21.3974343   39.3353447
  21.3977279   39.3347039
  21.3981552   39.3346256
  21.398904    39.3346321
  21.4002781   39.3341859
  21.401243    39.3340755
  21.4019653   39.3340001
  21.4023819   39.3337467
  21.4027717   39.3333324
  21.4027973   39.3324751
  21.4026028   39.3319792
  21.4019675   39.3317081
  21.4012858   39.3314503
  21.4006669   39.3308953
  21.400184    39.3302537
  21.399427    39.3293374
  21.3992046   39.3286644
  21.3992522   39.3279161
  21.4002338   39.327753
  21.4015066   39.3278064
  21.4024234   39.3280983
  21.4028258   39.3281242
  21.4033679   39.3280953
  21.4043174   39.3282465
  21.405197    39.3283578
  21.4058562   39.3284659
  21.4067575   39.3286015
  21.4076218   39.3286692
  21.4083484   39.3280151
  21.4090726   39.3278442
  21.4095902   39.3279898
  21.4101601   39.3280459
  21.4105203   39.3273954
  21.4104524   39.3272279
  21.4103703   39.3270253
  21.4100141   39.3267382
  21.4102203   39.3263137
  21.4099244   39.3256196
  21.409046    39.3250194
  21.4087212   39.3245581
  21.4089527   39.3241578
  21.4100625   39.3240971
  21.4106908   39.3233468
  21.4109744   39.3230432
  21.4106303   39.3226158
  21.4112718   39.3216501
  21.4116125   39.3207721
  21.4123749   39.320187
  21.4134064   39.319458
  21.4142797   39.3190561
  21.4146643   39.318623
  21.4148741   39.3179833
  21.4155608   39.3171865
  21.4160757   39.3166552
  21.4159041   39.3159912
  21.4155608   39.31546
  21.4147025   39.3149287
  21.4140601   39.314537
  21.4137969   39.3139674
  21.413685    39.3130068
  21.4135224   39.3123856
  21.4138657   39.3115887
  21.4136941   39.3111902
  21.4135224   39.310659
  21.4134256   39.3106186
  21.4126225   39.3102837
  21.4126641   39.3091979
  21.4126464   39.3089082
  21.4123012   39.3081755
  21.4120431   39.3072507
  21.4119913   39.3063932
  21.4121209   39.3059933
  21.4121382   39.3056233
  21.4120582   39.3051597
  21.4119913   39.3046351
  21.4119775   39.3038849
  21.4122021   39.303662
  21.4130811   39.3027095
  21.4137493   39.3018055
  21.4139544   39.3016009
  21.4139326   39.3010971
  21.4142802   39.3006145
  21.4142091   39.3001655
  21.4143679   39.2990045
  21.4148957   39.2987043
  21.4158933   39.2985507
  21.4167718   39.2984131
  21.4183289   39.2979072
  21.4198739   39.2979072
  21.4209373   39.2977895
  21.4216314   39.2976835
  21.4223504   39.2976125
  21.4240617   39.2974739
  21.4256004   39.2976727
  21.4262071   39.2977074
  21.4266636   39.297751
  21.4269423   39.2976929
  21.4271719   39.2975383
  21.4274468   39.2973739
  21.4280069   39.297059
  21.4283089   39.2968861
  21.4285835   39.2966353
  21.4289293   39.296336
  21.4292299   39.2960294
  21.4294257   39.2957781
  21.4296747   39.2953087
  21.4298579   39.2948948
  21.4299826   39.2944861
  21.4300132   39.2942472
  21.4300225   39.2940282
  21.4299426   39.2938339
  21.4298257   39.2935911
  21.429684    39.293306
  21.4296044   39.2930194
  21.4295604   39.2926806
  21.4294711   39.2923356
  21.4294048   39.2920595
  21.429323    39.2916001
  21.4292428   39.2912061
  21.4291533   39.2906607
  21.4287474   39.2896405
  21.4283175   39.2886586
  21.4281774   39.2881012
  21.4280677   39.2872237
  21.4281785   39.2863194
  21.4281866   39.2854948
  21.4282389   39.2852363
  21.4283277   39.2848548
  21.4283708   39.2844989
  21.4283867   39.2842514
  21.4282705   39.2838742
  21.4280854   39.2833317
  21.427877    39.2826049
  21.4276971   39.281971
  21.4278279   39.2812407
  21.4276165   39.2807234
  21.4267449   39.2793893
  21.4257197   39.2787934
  21.4242295   39.2786241
  21.4237339   39.2785428
  21.4230826   39.2783603
  21.4220151   39.278044
  21.4214616   39.2776366
  21.4209039   39.2773136
  21.4200812   39.2764464
  21.4192514   39.2759223
  21.4188558   39.275555
  21.4181573   39.2751875
  21.418059    39.274578
  21.4177754   39.2739862
  21.4177316   39.2730802
  21.4181813   39.2728788
  21.4181568   39.2721991
  21.4178066   39.2714449
  21.4170784   39.2709733
  21.4161269   39.2698816
  21.4152691   39.2689279
  21.4148535   39.2686082
  21.4137539   39.2677747
  21.4137253   39.26668
  21.4136613   39.2662534
  21.4131627   39.2659556
  21.4124662   39.2655784
  21.4118383   39.264995
  21.4115309   39.2644258
  21.4116968   39.2632064
  21.4118754   39.2626113
  21.4116821   39.2620067
  21.4114608   39.2616418
  21.4112908   39.261366
  21.411364    39.2607731
  21.4108219   39.2602752
  21.4092808   39.2594503
  21.4091579   39.2593659
  21.4082403   39.2587357
  21.4068489   39.2582529
  21.4062628   39.2576154
  21.405903    39.2573211
  21.4037771   39.2564254
  21.4018074   39.2559307
  21.4006477   39.2556081
  21.3997173   39.2555035
  21.3994628   39.2550906
  21.3995165   39.2542321
  21.3987644   39.2531291
  21.3967689   39.2520191
  21.3965435   39.2516285
  21.3957443   39.2508907
  21.3953787   39.2502533
  21.395498    39.2495359
  21.3954509   39.2489108
  21.395083    39.2480918
  21.3944451   39.246881
  21.3937262   39.246643
  21.3929829   39.2463302
  21.3923455   39.2459293
  21.3920033   39.2458054
  21.3911227   39.2457649
  21.3910348   39.2458136
  21.3901901   39.2457954
  21.3892579   39.2456016
  21.388912    39.2455834
  21.3884927   39.2453296
  21.3874496   39.2455579
  21.3857405   39.2463528
  21.3845688   39.2461357
  21.3836411   39.2460951
  21.3827133   39.2458495
  21.381813    39.2453401
  21.3808512   39.2447819
  21.380462    39.2444307
  21.380422    39.2431053
  21.38132     39.2422363
  21.3814034   39.2409579
  21.3810884   39.2398761
  21.3802498   39.2394152
  21.3795397   39.2390408
  21.3781762   39.238273
  21.3772896   39.2377707
  21.3761119   39.2377631
  21.3750176   39.2378628
  21.3739735   39.2378801
  21.3729484   39.2377357
  21.371464    39.2372693
  21.3706934   39.2368105
  21.3698443   39.2361891
  21.3689958   39.2352871
  21.3685686   39.2348271
  21.3677435   39.2339715
  21.3667892   39.2333167
  21.3663854   39.2325692
  21.366258    39.232088
  21.3656218   39.2315037
  21.364234    39.2306764
  21.363736    39.2300402
  21.3635036   39.2296274
  21.3632172   39.2287576
  21.3629167   39.2279428
  21.3623307   39.2268194
  21.3614743   39.2258291
  21.3612723   39.2249666
  21.3611441   39.2240276
  21.3608008   39.2229637
  21.3599425   39.2225648
  21.3597708   39.2218999
  21.3594963   39.2215484
  21.3587549   39.2205803
  21.3581506   39.2203941
  21.3575325   39.2201175
  21.3559318   39.2195657
  21.3544677   39.2193787
  21.3536382   39.218973
  21.3533302   39.2181108
  21.353051    39.2164711
  21.3519912   39.2158207
  21.3515807   39.2152948
  21.3512938   39.2147302
  21.3510531   39.2144764
  21.3507515   39.2140677
  21.3505822   39.2132057
  21.3503466   39.2120679
  21.3502095   39.2116236
  21.349453    39.2111908
  21.3490769   39.2106195
  21.3488076   39.2102866
  21.3484962   39.2094674
  21.3487041   39.2085358
  21.3501321   39.20747
  21.3513089   39.2066658
  21.3515147   39.2054354
  21.3511527   39.2044767
  21.3509801   39.2041989
  21.3504947   39.2031092
  21.3502738   39.2024908
  21.3499861   39.2011509
  21.3492995   39.2006188
  21.3486128   39.1998206
  21.3489561   39.1991555
  21.3503294   39.1983573
  21.3517027   39.1976921
  21.353076    39.19716
  21.3547926   39.1966279
  21.3552325   39.1963805
  21.3555656   39.1959914
  21.3558505   39.19532
  21.3560248   39.1946402
  21.3560559   39.1941372
  21.3559842   39.1936869
  21.3556155   39.1931847
  21.3547658   39.192803
  21.3541043   39.1923785
  21.3536682   39.1918538
  21.353334    39.1912693
  21.3536396   39.1907204
  21.3551571   39.1894602
  21.3560531   39.1889391
  21.3567021   39.1888449
  21.357296    39.1887616
  21.3582909   39.1888225
  21.3593912   39.1888511
  21.3602917   39.1885138
  21.3613158   39.187714
  21.3625174   39.1869157
  21.3633757   39.1861174
  21.363719    39.1855851
  21.3637834   39.1851878
  21.3638841   39.1840082
  21.3636488   39.1831509
  21.3635055   39.1819698
  21.363539    39.1810279
  21.3643243   39.1805455
  21.3653733   39.1800936
  21.3661878   39.1800902
  21.3670016   39.1803961
  21.3688209   39.1807903
  21.370202    39.1809149
  21.3709461   39.180734
  21.3720731   39.1799576
  21.3730716   39.1784494
  21.3731032   39.1777521
  21.3731458   39.1758602
  21.3728584   39.174476
  21.369032    39.1739718
  21.3570065   39.1717767
  21.3559628   39.1714813
  21.3550022   39.1712095
  21.353157    39.1706175
  21.3485759   39.1690143
  21.3452991   39.1675098
  21.342245    39.1659065
  21.3401135   39.1645992
  21.3374411   39.1632919
  21.3337508   39.1618859
  21.3308875   39.1610719
  21.3284379   39.1605292
  21.3267518   39.1604059
  21.3248111   39.1604552
  21.3234432   39.1606279
  21.3230296   39.157421
  21.3235704   39.153918
  21.3245566   39.1517963
  21.3252247   39.150168
  21.3253838   39.1494279
  21.3252565   39.1482683
  21.3247587   39.1465487
  21.3245566   39.1458504
  21.3223615   39.1446661
  21.3138991   39.1402248
  21.3076636   39.1370171
  21.3032262   39.135492
  21.2969155   39.1333269
  21.2943669   39.1316324
  21.2925466   39.1281492
  21.2898767   39.1260781
  21.2764058   39.1200525
  21.2753914   39.1195801
  21.2743837   39.1190015
  21.2737589   39.1186341
  21.2730535   39.1181493
  21.2724009   39.1177928
  21.2718442   39.1175317
  21.271278    39.1173302
  21.2708315   39.1172307
  21.2703678   39.1171609
  21.2696097   39.117322
  21.2670611   39.1180752
  21.2642699   39.1204291
  21.2607505   39.1217472
  21.2505245   39.1252892
  21.2491883   39.1256841
  21.2470568   39.1257582
  21.2438118   39.1277572
  21.2429026   39.1282517
  21.2407259   39.12946
  21.2396258   39.1300717
  21.2372802   39.1311836
  21.2368502   39.1312745
  21.2354689   39.1314969
  21.2336446   39.1316991
  21.2276895   39.1320832
  21.2271943   39.1321034
  21.2258652   39.1318406
  21.2232069   39.1311937
  21.2219299   39.130759
  21.2211611   39.130385
  21.2195974   39.129081
  21.219011    39.1284745
  21.2187764   39.1281713
  21.2186461   39.1278984
  21.2182031   39.1272413
  21.2179294   39.126938
  21.2151929   39.124987
  21.2106843   39.1225103
  21.2102543   39.1223283
  21.2098764   39.122298
  21.2045038   39.1236516
  21.2037796   39.123506
  21.2030017   39.1235184
  21.2026262   39.1236142
  21.2022668   39.1237348
  21.202063    39.1238139
  21.2017035   39.1238014
  21.2014192   39.1237099
  21.2011939   39.1237182
  21.2011135   39.1237348
  21.2010759   39.1239138
  21.200974    39.1242134
  21.2008828   39.1244673
  21.2007058   39.1246421
  21.2004054   39.1246795
  21.1999708   39.124742
  21.1996275   39.1249958
  21.1994719   39.1254078
  21.1993781   39.1258489
  21.1990803   39.1260279
  21.1987585   39.1260528
  21.198442    39.1259738
  21.1983025   39.1259738
  21.1981523   39.1260528
  21.1981282   39.1262567
  21.1980718   39.1263774
  21.197876    39.1265085
  21.197632    39.1265376
  21.1974335   39.1264607
  21.197117    39.126444
  21.1969399   39.1265668
  21.1968353   39.1267374
  21.1966985   39.1270183
  21.1964947   39.1272118
  21.1962774   39.1274324
  21.1959583   39.1279047
  21.1957705   39.1283167
  21.1954379   39.1286204
  21.1951804   39.1287411
  21.1949122   39.1287702
  21.1944616   39.1289783
  21.1943167   39.1291989
  21.1943167   39.1293903
  21.1943382   39.129848
  21.1943006   39.1299521
  21.1940378   39.1301726
  21.1939895   39.1303141
  21.1940968   39.1304472
  21.1947727   39.1306054
  21.1949176   39.1308176
  21.1949551   39.1312087
  21.1948746   39.1316041
  21.1947727   39.1319869
  21.1947191   39.1320743
  21.1943275   39.1321949
  21.1940646   39.1322948
  21.1939359   39.1324238
  21.1939681   39.1325528
  21.1941022   39.1327234
  21.1945152   39.1328566
  21.1945742   39.1329273
  21.1945045   39.1330937
  21.1943623   39.1331853
  21.1938876   39.1333767
  21.1937508   39.1334474
  21.1936918   39.1335494
  21.1937293   39.1337512
  21.1937052   39.13398
  21.1935711   39.1341548
  21.1931688   39.134471
  21.1929971   39.1346874
  21.1929327   39.1349121
  21.1930615   39.1352616
  21.1930829   39.1353823
  21.1930186   39.1355571
  21.1927825   39.1358067
  21.1926699   39.1359856
  21.1926055   39.1361188
  21.1924928   39.1363351
  21.1923373   39.1365307
  21.1922675   39.1366306
  21.1920959   39.1366847
  21.1919296   39.1366847
  21.1916721   39.1365515
  21.191479    39.1363643
  21.1913019   39.1362103
  21.1911464   39.1361479
  21.1907172   39.1357693
  21.1902934   39.1353989
  21.1899716   39.1352949
  21.18936     39.1351909
  21.1889309   39.1351202
  21.1887646   39.1351285
  21.1885446   39.1352575
  21.1884159   39.1353906
  21.1883676   39.1358067
  21.1883032   39.1361812
  21.1880726   39.1363976
  21.1878312   39.1364517
  21.1875254   39.1364059
  21.1871767   39.1360897
  21.1870801   39.13584
  21.187005    39.135582
  21.1870265   39.1351368
  21.1869085   39.1348913
  21.1865169   39.1345418
  21.1861466   39.1342756
  21.1858677   39.1340634
  21.1857754   39.1340133
  21.1856949   39.1339842
  21.1856037   39.1339675
  21.1855082   39.1339594
  21.1854224   39.1339719
  21.185358    39.1339969
  21.1852829   39.1340301
  21.1851542   39.1341134
  21.185063    39.1341799
  21.1849986   39.1342299
  21.1849343   39.1342715
  21.1848645   39.1343131
  21.1848055   39.1343589
  21.1847787   39.1344046
  21.1847626   39.1344587
  21.1847626   39.1345128
  21.1847948   39.1345544
  21.1848634   39.1345917
  21.18496     39.1346374
  21.1850255   39.1346585
  21.1850898   39.1347001
  21.1851435   39.1347542
  21.185181    39.1348083
  21.185181    39.1348624
  21.1851757   39.1349206
  21.1851585   39.1349745
  21.1851113   39.1350371
  21.1850186   39.1350904
  21.1849117   39.1351368
  21.1848109   39.1351869
  21.1847358   39.1352285
  21.1846499   39.1352784
  21.1845791   39.1353282
  21.1844665   39.1353947
  21.1843656   39.1354449
  21.1842798   39.1354782
  21.1841832   39.135499
  21.1840813   39.1355156
  21.1839783   39.1355113
  21.1838882   39.1354782
  21.1838174   39.1354114
  21.1837726   39.1353296
  21.1837637   39.1352616
  21.1837863   39.135112
  21.1838667   39.1348582
  21.1839408   39.134704
  21.1839998   39.1346042
  21.1840491   39.1344837
  21.1841296   39.1343173
  21.1842101   39.1341425
  21.1843173   39.1339802
  21.1843753   39.1338926
  21.1844085   39.1338096
  21.1844236   39.1336846
  21.1843924   39.1335641
  21.1843485   39.1334224
  21.1842637   39.133302
  21.1841822   39.1332061
  21.184032    39.1330729
  21.1838925   39.1329814
  21.183753    39.1329023
  21.1836039   39.1328276
  21.1834043   39.1327691
  21.1832091   39.1327205
  21.1829495   39.1325195
  21.1827832   39.1322823
  21.1824667   39.1320659
  21.182059    39.1319411
  21.1816138   39.1318662
  21.1812812   39.1320909
  21.1808252   39.1320951
  21.1804712   39.1318454
  21.1802459   39.1314875
  21.1801225   39.1311047
  21.1800903   39.1309133
  21.1801386   39.1307801
  21.1801922   39.1306387
  21.1803478   39.1305554
  21.1806214   39.1305097
  21.1808413   39.130468
  21.1812007   39.1304223
  21.1815172   39.1302433
  21.1816996   39.1300769
  21.1818123   39.1299937
  21.1818874   39.1299229
  21.1818606   39.1298355
  21.181646    39.1297482
  21.1813939   39.1295775
  21.1812812   39.1292113
  21.181072    39.1287494
  21.1809164   39.1285039
  21.1806965   39.1283999
  21.1802459   39.128558
  21.1800259   39.1287744
  21.1797094   39.1289284
  21.1792695   39.1289034
  21.1790389   39.1287661
  21.178996    39.1285414
  21.1790067   39.1282168
  21.1792695   39.1277008
  21.1795968   39.1273346
  21.1796558   39.1270724
  21.179696    39.1269725
  21.1796947   39.12683
  21.1796068   39.1266875
  21.1793017   39.1266271
  21.1788726   39.1267436
  21.1779231   39.1266479
  21.177274    39.1264898
  21.176362    39.1261902
  21.1756056   39.1262859
  21.1750853   39.1261486
  21.1743665   39.1258739
  21.1738515   39.1257865
  21.1733687   39.1257241
  21.1731863   39.1256325
  21.1728805   39.1255951
  21.1726713   39.1256325
  21.1722797   39.1258406
  21.1718023   39.126057
  21.1716226   39.1261236
  21.171459    39.1261173
  21.1712283   39.1259946
  21.170598    39.1254661
  21.1703485   39.1253974
  21.1700937   39.1253745
  21.1698925   39.1254744
  21.1696297   39.1257366
  21.1693427   39.1261423
  21.169163    39.1265127
  21.1689779   39.1269871
  21.1688492   39.127216
  21.1685541   39.1272638
  21.1679506   39.1271889
  21.1674142   39.1270141
  21.16669     39.127037
  21.1659926   39.1271639
  21.1656922   39.1273262
  21.165483    39.1278131
  21.1652952   39.1279962
  21.1648554   39.1280503
  21.1643565   39.1278922
  21.1633909   39.1273928
  21.1629188   39.1273304
  21.1621571   39.1275343
  21.1616313   39.1278714
  21.1610252   39.1280961
  21.1602929   39.1282834
  21.159668    39.1282709
  21.159389    39.1280316
  21.1591342   39.1278277
  21.1587131   39.1276425
  21.1578038   39.1278443
  21.1573693   39.1279463
  21.1570474   39.1279338
  21.1568114   39.1278214
  21.1567524   39.1273741
  21.1563313   39.1269829
  21.1557117   39.1268456
  21.1550063   39.1266126
  21.1543465   39.1262339
  21.1537001   39.1257657
  21.1532763   39.125156
  21.1530188   39.124742
  21.1528337   39.1245963
  21.1527559   39.1245796
  21.1524153   39.1247107
  21.1517179   39.1251019
  21.1513343   39.1252039
  21.1508784   39.1252122
  21.1505619   39.125104
  21.1502427   39.1247232
  21.1501032   39.1241801
  21.1497787   39.1237244
  21.1493602   39.1234394
  21.1491135   39.1234186
  21.1488238   39.1235642
  21.1482659   39.1239034
  21.1480165   39.1240137
  21.1477911   39.1240345
  21.1476222   39.1239242
  21.1475417   39.1238056
  21.1474693   39.1234581
  21.1471608   39.1231938
  21.1469114   39.1230565
  21.1465949   39.1230419
  21.1460316   39.123096
  21.1456212   39.1230502
  21.1453262   39.1228879
  21.145066    39.1228859
  21.1447871   39.1229587
  21.1445081   39.1230086
  21.1442748   39.1230211
  21.1440334   39.1229982
  21.143918    39.1231668
  21.1437169   39.1234227
  21.1434996   39.1235434
  21.1429819   39.1235809
  21.142534    39.1235476
  21.1419868   39.123327
  21.1414826   39.1231709
  21.1409354   39.1231418
  21.1399605   39.1237092
  21.1396213   39.1238686
  21.1393368   39.123739
  21.1388218   39.1232937
  21.1380667   39.122903
  21.1371481   39.1230523
  21.1359154   39.1235067
  21.1347709   39.1238028
  21.1335041   39.1238665
  21.1330764   39.123822
  21.1321275   39.1240184
  21.1317247   39.1244173
  21.1314653   39.1249698
  21.1312352   39.1252903
  21.1307698   39.1255743
  21.1304158   39.1255743
  21.1302114   39.1253598
  21.1289919   39.125106
  21.1286455   39.1248793
  21.1285973   39.124434
  21.1282914   39.1238093
  21.1282313   39.1237639
  21.128124    39.1237431
  21.1280006   39.1237431
  21.1278772   39.1237681
  21.1276895   39.1238097
  21.1275017   39.1238597
  21.1273086   39.1239179
  21.1272067   39.1239471
  21.1270618   39.123972
  21.1268795   39.1239887
  21.1267346   39.1239928
  21.1266005   39.1240053
  21.1264304   39.1240392
  21.1262371   39.1240929
  21.1261083   39.1241345
  21.1259729   39.1241926
  21.1257596   39.124276
  21.1253788   39.1243717
  21.1251749   39.1244217
  21.1250301   39.1244383
  21.1249268   39.1244256
  21.1248262   39.1243884
  21.1247618   39.124326
  21.1247122   39.1242384
  21.1246747   39.1241593
  21.1246707   39.1240888
  21.1246747   39.1240095
  21.1246975   39.1239056
  21.1247565   39.1238058
  21.1248839   39.1236557
  21.1249912   39.1234851
  21.1250395   39.1233228
  21.1250555   39.1231439
  21.1250395   39.1229982
  21.1249965   39.1228609
  21.1249107   39.1227235
  21.1247981   39.1226236
  21.1246532   39.1225612
  21.1244869   39.1225071
  21.1243635   39.1224821
  21.124267    39.1224697
  21.1240846   39.1225113
  21.1238539   39.1225779
  21.1236823   39.1226112
  21.1233564   39.122678
  21.1227059   39.1227818
  21.1222567   39.1228319
  21.1220904   39.1228319
  21.121971    39.1228109
  21.1218651   39.1227529
  21.121794    39.1226902
  21.1215097   39.1224156
  21.1214574   39.1223367
  21.1214359   39.1222576
  21.1214238   39.122145
  21.1214399   39.1220244
  21.1214896   39.1218581
  21.1215593   39.1216833
  21.1215915   39.1215709
  21.1216129   39.1214752
  21.1216076   39.121392
  21.121574    39.121296
  21.1212428   39.1208551
  21.1211945   39.1208218
  21.1211248   39.1207885
  21.1209196   39.1207176
  21.1204542   39.1206387
  21.1201967   39.1206096
  21.1201163   39.1206096
  21.1199929   39.1206345
  21.1197837   39.1207011
  21.1189736   39.1210008
  21.1187108   39.121109
  21.1185928   39.1211631
  21.118523    39.1211714
  21.1184533   39.1211714
  21.1183728   39.1211589
  21.1182763   39.1211339
  21.1181046   39.1210715
  21.1179477   39.1210006
  21.1178029   39.1209132
  21.1176969   39.1208509
  21.1176486   39.120801
  21.1176111   39.1207427
  21.1175628   39.120647
  21.1174877   39.1202974
  21.1174609   39.1201518
  21.1174501   39.1200685
  21.1174501   39.1199894
  21.1174823   39.1198979
  21.1175293   39.1198311
  21.117595    39.119798
  21.1176862   39.1197272
  21.1177385   39.1196646
  21.1178203   39.1195899
  21.1179061   39.1195566
  21.1180121   39.1195356
  21.1181153   39.1195233
  21.1185284   39.1194484
  21.1187215   39.1194068
  21.1188717   39.1193485
  21.11892     39.1193235
  21.1189282   39.1193049
  21.11892     39.1192902
  21.1188878   39.1192611
  21.1188717   39.119207
  21.1188717   39.1191612
  21.1189146   39.1191321
  21.1189723   39.1191069
  21.1190313   39.1190695
  21.1190756   39.1190156
  21.1191399   39.1189365
  21.1191936   39.1188491
  21.1192204   39.1187575
  21.1192365   39.118641
  21.1192472   39.1185453
  21.1192472   39.1184662
  21.119215    39.1183663
  21.1191721   39.1182747
  21.1191185   39.118204
  21.119038    39.118154
  21.1189361   39.1181291
  21.1188288   39.1181041
  21.1187322   39.1181124
  21.1185874   39.118154
  21.1183178   39.1182204
  21.1180349   39.1182872
  21.1178525   39.1183247
  21.117654    39.1183455
  21.1174877   39.118358
  21.1172624   39.1183663
  21.1171229   39.1183663
  21.117021    39.118358
  21.1169191   39.1183413
  21.1168319   39.118312
  21.116785    39.1182747
  21.1167474   39.1182165
  21.1167259   39.118154
  21.1167152   39.1180875
  21.1167206   39.1180125
  21.1167313   39.1179126
  21.1167635   39.1178044
  21.1168279   39.1177045
  21.1169016   39.1176169
  21.1169405   39.1175589
  21.1170156   39.1174049
  21.1170733   39.1172715
  21.1171497   39.1171676
  21.117251    39.1170493
  21.1174869   39.1163885
  21.1174457   39.1161732
  21.1172057   39.1160772
  21.1164066   39.1162707
  21.1153269   39.1165742
  21.1149291   39.1165403
  21.1147492   39.1163571
  21.1147587   39.1158756
  21.1146075   39.115394
  21.1136094   39.1148387
  21.1123238   39.1138536
  21.1116848   39.1136066
  21.1099098   39.1137872
  21.1090778   39.1134724
  21.1087714   39.1130008
  21.1089168   39.1123535
  21.1086368   39.1110539
  21.1084208   39.1107154
  21.1079618   39.1104145
  21.1070361   39.1102997
  21.1064602   39.1098984
  21.1062315   39.10898
  21.1064459   39.1086843
  21.1062916   39.1079325
  21.1056724   39.1071234
  21.1055291   39.1069547
  21.1053131   39.1069333
  21.1050994   39.106917
  21.1048942   39.106885
  21.1047217   39.1068055
  21.1044892   39.1066746
  21.1043585   39.1065255
  21.1042732   39.1063428
  21.1042306   39.1061867
  21.1040563   39.1060123
  21.1038905   39.1058614
  21.1037599   39.1056928
  21.1034377   39.1053057
  21.1031551   39.1049453
  21.1027421   39.1047276
  21.1000928   39.1044082
  21.0994139   39.1041124
  21.0989681   39.1035053
  21.0984934   39.1030203
  21.0979454   39.1025707
  21.0976552   39.102358
  21.0971356   39.1020836
  21.0961969   39.1011598
  21.0944671   39.1004141
  21.0942753   39.1001682
  21.0945358   39.0998473
  21.0947693   39.0995262
  21.0953097   39.0989463
  21.0956167   39.0986046
  21.0965107   39.097859
  21.0972045   39.0973516
  21.0983121   39.096751
  21.0992261   39.0959795
  21.1006205   39.0944779
  21.1026287   39.0921115
  21.1040031   39.0907496
  21.1049905   39.0898227
  21.1058245   39.0892271
  21.1065184   39.0888077
  21.1073966   39.0882808
  21.1084404   39.0875447
  21.1089793   39.0869728
  21.1091499   39.0866445
  21.109109    39.0862686
  21.108802    39.0860409
  21.1083517   39.0859138
  21.1079424   39.0858449
  21.1074375   39.0858449
  21.1065575   39.0859032
  21.1056365   39.0860462
  21.1051384   39.0860779
  21.1047018   39.0859985
  21.1042993   39.0858661
  21.1034875   39.0854584
  21.1030304   39.0851989
  21.0985209   39.0834725
  21.0941547   39.0831919
  21.0917465   39.0830807
  21.0913235   39.0832501
  21.0910097   39.0835149
  21.0906412   39.0837416
  21.0902046   39.0836655
  21.0898863   39.0834237
  21.0893768   39.0831061
  21.0884871   39.0824808
  21.0878839   39.0820438
  21.087609    39.0817719
  21.0874245   39.0814403
  21.0872449   39.0807467
  21.0873329   39.0800087
  21.0876198   39.0793102
  21.0885063   39.0780623
  21.0900027   39.0767315
  21.0907959   39.0758893
  21.0941725   39.0714923
  21.0947996   39.0706191
  21.0972702   39.0667183
  21.0981955   39.0651467
  21.0983521   39.0647776
  21.0983221   39.0644508
  21.0981198   39.0640689
  21.0964524   39.0634795
  21.0954931   39.0628713
  21.0954744   39.0624115
  21.0959055   39.0618711
  21.0982858   39.0597044
  21.0999147   39.0584799
  21.1023424   39.0571358
  21.1036216   39.0561095
  21.1060577   39.0539646
  21.1068206   39.0529989
  21.1085499   39.0493486
  21.1086311   39.046634
  21.1070417   39.044046
  21.1014796   39.0344227
  21.0965014   39.0222876
  21.098218    39.0066823
  21.0971814   39.0005085
  21.0918943   38.9898019
  21.0729838   38.9717246
  21.0638857   38.9626488
  21.0607077   38.9611464
  21.0554743   38.9609136
  21.0510111   38.9611806
  21.045518    38.961581
  21.0396815   38.9625153
  21.0326434   38.9646509
  21.0271502   38.9663861
  21.0213137   38.9685215
  21.0154772   38.9710573
  21.0080958   38.9745272
  21.000371    38.9770628
  20.9941912   38.9790645
  20.9859515   38.9802655
  20.9303353   38.9870171
  20.9248294   38.9759646
  20.8971919   38.9790339
  20.8831157   38.9795677
  20.8621836   38.9729258
  20.8587504   38.9695892
  20.8534289   38.9625153
  20.849309    38.9566421
  20.8443308   38.9495669
  20.8407259   38.9450278
  20.8379794   38.9428916
  20.8343745   38.9411559
  20.8283663   38.9394201
  20.8213282   38.9384855
  20.8170367   38.938352
  20.8112002   38.9387525
  20.804677    38.9404883
  20.8002139   38.9428916
  20.7964373   38.9456953
  20.7926608   38.9488994
  20.7883692   38.9531714
  20.785451    38.9559747
  20.7790995   38.9591783
  20.7734347   38.961848
  20.7679415   38.9629158
  20.7651949   38.9623819
  20.7627917   38.9603797
  20.7614184   38.95771
  20.7603884   38.9542393
  20.7588435   38.9491664
  20.7557536   38.9432921
  20.7526637   38.9392866
  20.7492304   38.9370167
  20.7425356   38.9348803
  20.6969247   38.9245462
  20.6575106   38.9236947
  20.6248745   38.9254659
  20.5732967   38.9325575
  20.4461529   38.9572842
  20.4448725   38.9583304
  20.4423819   38.9598941
  20.4407038   38.9609666
  20.4392944   38.9618848
  20.4375313   38.9630574
  20.4352108   38.9646287
  20.4337707   38.9656226
  20.4316521   38.9671125
  20.4302525   38.9681151
  20.4281709   38.9696342
  20.4267952   38.9706569
  20.4247499   38.9722057
  20.4235667   38.9731171
  20.4216147   38.9747499
  20.4208139   38.9753524
  20.4196236   38.9762799
  20.4183059   38.9773635
  20.4054327   39.0626845
  20.393923    39.1388813
  20.3664167   39.1698676
  20.3447874   39.1918232
  20.3207459   39.2111166
  20.2850235   39.2360396
  20.2654798   39.255655
  20.2497468   39.2765035
  20.2008676   39.3543063
  20.1797261   39.3926415
  20.1745605   39.4062993
  20.1698913   39.4209011
  20.1598898   39.4435105
  20.14894     39.4650325
  20.1279802   39.4887703
  20.1098871   39.5069772
  20.0847987   39.5364466
  20.0658473   39.5591144
  20.0477648   39.5917904
  20.0231036   39.6179831
  19.9892239   39.640394
END
END
