polygon
1
  9.5307327    47.2705751
  9.5319324    47.2695823
  9.5320744    47.2694567
  9.5325033    47.2690772
  9.5326298    47.2689361
  9.5328289    47.268752
  9.5332352    47.2684363
  9.5333712    47.2682935
  9.5334552    47.2681977
  9.5338664    47.2678245
  9.5343201    47.2676028
  9.5347747    47.2672784
  9.5354311    47.2668181
  9.5355337    47.26675
  9.5358147    47.2665059
  9.5359109    47.2664312
  9.5359832    47.2663283
  9.5360702    47.2662271
  9.5361931    47.2661742
  9.5364019    47.2659587
  9.5364977    47.2659274
  9.5365258    47.2659043
  9.5366232    47.2658581
  9.5368449    47.2658607
  9.5369848    47.2658715
  9.5371105    47.2658526
  9.5371859    47.2658171
  9.537244     47.2657588
  9.537285     47.2657523
  9.5373888    47.2657732
  9.5375272    47.2658478
  9.5376825    47.2659048
  9.5377409    47.2659538
  9.537735     47.2660807
  9.537801     47.2661011
  9.5379697    47.2660325
  9.5380559    47.2660075
  9.5381329    47.2659916
  9.5382271    47.2660162
  9.5384314    47.2659156
  9.5384982    47.2658909
  9.5385945    47.2658882
  9.5387654    47.2658177
  9.5389186    47.2657689
  9.5389632    47.2657473
  9.5390462    47.265566
  9.539161     47.2655029
  9.5392563    47.265384
  9.5393816    47.2652786
  9.5394621    47.2652309
  9.5395216    47.2651742
  9.5396154    47.2651059
  9.5396783    47.2650753
  9.5397908    47.2651005
  9.5398815    47.2649801
  9.5398855    47.2648999
  9.5397731    47.2647416
  9.5397431    47.2646625
  9.5397995    47.2645491
  9.5398359    47.2644495
  9.53991      47.2643072
  9.5399494    47.2642441
  9.540011     47.2641634
  9.5400542    47.2641327
  9.540165     47.2640242
  9.5401887    47.2639666
  9.5403068    47.2633986
  9.5402659    47.2632953
  9.5402524    47.2631536
  9.5402988    47.2630596
  9.5403436    47.2630057
  9.5403772    47.2627636
  9.5403596    47.2627173
  9.5402541    47.2626174
  9.5400841    47.2625636
  9.5398542    47.262408
  9.5397277    47.2623346
  9.5396803    47.2623208
  9.5396319    47.2622869
  9.5395773    47.2622174
  9.5395519    47.2621619
  9.5394729    47.26203
  9.5393568    47.2618865
  9.5393499    47.2618215
  9.5395837    47.2617318
  9.5396785    47.2617142
  9.5397188    47.2616864
  9.5396566    47.2615594
  9.5396795    47.2614977
  9.5395617    47.2613907
  9.539505     47.2613469
  9.5404354    47.2607846
  9.5406893    47.2606358
  9.5410505    47.2604363
  9.5413586    47.2602757
  9.5416207    47.2601483
  9.5429376    47.2595319
  9.5430595    47.2594674
  9.543135     47.2594185
  9.5432253    47.2593486
  9.5432963    47.2592807
  9.5433582    47.2592087
  9.5434179    47.25912
  9.5435224    47.2589333
  9.5435828    47.2588403
  9.5436631    47.2587475
  9.5437163    47.2586971
  9.5438358    47.2586066
  9.5439136    47.2585592
  9.5439961    47.2585158
  9.5440948    47.258472
  9.5448175    47.258185
  9.5452042    47.2580315
  9.5453242    47.2579865
  9.5454492    47.2579455
  9.5456898    47.2578807
  9.5458239    47.2578524
  9.5463469    47.2577668
  9.5465982    47.2577158
  9.5468142    47.2576612
  9.5479512    47.257322
  9.5480775    47.2572813
  9.5482887    47.2571989
  9.5484849    47.2571052
  9.5486718    47.2569971
  9.5487588    47.2569384
  9.5495908    47.2563328
  9.5496893    47.2562637
  9.5498825    47.2561405
  9.5499867    47.2560798
  9.5502433    47.2559503
  9.5509428    47.2556473
  9.5510576    47.255593
  9.5512934    47.2554675
  9.5515264    47.255322
  9.5517311    47.2551727
  9.5519295    47.2550039
  9.5520975    47.2548353
  9.5525524    47.2543424
  9.5526611    47.2542364
  9.5527636    47.254146
  9.5528632    47.2540655
  9.5529774    47.2539804
  9.5530952    47.253901
  9.5541646    47.2531966
  9.5542889    47.2531284
  9.5544139    47.2530799
  9.5545539    47.2530452
  9.5547045    47.2530257
  9.5549964    47.2530031
  9.5551244    47.2529883
  9.5552604    47.2529552
  9.5553768    47.2529137
  9.5554831    47.2528613
  9.5555765    47.2528012
  9.5556623    47.252724
  9.5559706    47.2524053
  9.5570895    47.2512394
  9.5571814    47.2511578
  9.5572775    47.251092
  9.5573754    47.2510345
  9.5574666    47.2509903
  9.557594     47.2509424
  9.5577176    47.250906
  9.557864     47.2508752
  9.558543     47.2508028
  9.5587236    47.2507785
  9.5588738    47.2507464
  9.5590162    47.2507039
  9.5591521    47.2506522
  9.5592808    47.2505894
  9.5594054    47.2505158
  9.5594835    47.250463
  9.559598     47.2503634
  9.559696     47.2502561
  9.5604562    47.2493202
  9.5605274    47.2492438
  9.5606142    47.2491727
  9.5607182    47.2491088
  9.5608186    47.2490595
  9.5612361    47.2488768
  9.5612885    47.248848
  9.561336     47.2488155
  9.561362     47.2487874
  9.5613971    47.2487363
  9.5614128    47.2486912
  9.561413     47.2486311
  9.5613931    47.2485568
  9.561245     47.2482864
  9.5615124    47.2482101
  9.5623892    47.2471288
  9.5636558    47.2459253
  9.5643643    47.2452221
  9.5660018    47.2436121
  9.5667082    47.2429103
  9.5672123    47.2418705
  9.5673939    47.2409129
  9.567249     47.2407084
  9.5670784    47.2405567
  9.5668272    47.240259
  9.56675      47.2401354
  9.5667066    47.2400862
  9.5666134    47.2400737
  9.5664829    47.2399486
  9.5664259    47.2398474
  9.566247     47.239665
  9.5660757    47.2395086
  9.565801     47.2392803
  9.5658037    47.2392266
  9.5655264    47.2389983
  9.5652972    47.2388288
  9.5651764    47.2387608
  9.5650894    47.2386545
  9.5649756    47.2385816
  9.564957     47.2385218
  9.5648841    47.2384183
  9.5647909    47.2383701
  9.564705     47.2383019
  9.5646348    47.2382747
  9.5646328    47.2382001
  9.5645487    47.2381037
  9.5642839    47.2378662
  9.5641858    47.2377649
  9.5640666    47.2376649
  9.5640012    47.2377153
  9.5639933    47.2376381
  9.5639061    47.2375477
  9.5638009    47.237462
  9.5636487    47.2372942
  9.5635898    47.2372453
  9.5634032    47.237128
  9.5633342    47.2370413
  9.5631799    47.2369277
  9.5631465    47.2369695
  9.5629729    47.2369146
  9.5629251    47.2368111
  9.5628566    47.2367501
  9.5627542    47.2366974
  9.5626775    47.2365986
  9.5625094    47.2364227
  9.5623961    47.2362256
  9.5620564    47.2360499
  9.561999     47.2359581
  9.561857     47.2358061
  9.5618091    47.2357772
  9.5617737    47.2356848
  9.5616135    47.2355655
  9.5613499    47.2353301
  9.5612529    47.2352692
  9.5611616    47.2352494
  9.5611753    47.2352186
  9.5608333    47.2349629
  9.5606915    47.234932
  9.5606373    47.2348199
  9.5602191    47.234537
  9.5600642    47.2343967
  9.5599143    47.2343446
  9.5597966    47.234202
  9.5596634    47.2341592
  9.5596143    47.2340785
  9.5595295    47.2339565
  9.5592395    47.2336914
  9.5589339    47.2334839
  9.5590148    47.2333478
  9.5588029    47.2332627
  9.5586381    47.2331356
  9.5584419    47.2329969
  9.5584006    47.2329159
  9.5582782    47.2327473
  9.5582135    47.2326675
  9.5580478    47.2326453
  9.5582036    47.2325465
  9.5581073    47.2324826
  9.5580336    47.2323626
  9.5579658    47.2323244
  9.5579309    47.2321602
  9.5576598    47.2319328
  9.5576505    47.2318151
  9.5575276    47.2315723
  9.5575968    47.2314994
  9.5576046    47.2314498
  9.5574873    47.2312773
  9.5573423    47.2311028
  9.5572155    47.2310254
  9.5571864    47.230918
  9.5570977    47.2307666
  9.5570397    47.2307058
  9.55683      47.230617
  9.5567059    47.2304918
  9.556665     47.2304768
  9.5565737    47.2303641
  9.5565162    47.2302772
  9.5563546    47.2301633
  9.5563964    47.2301154
  9.5565084    47.2300301
  9.5564967    47.230013
  9.5562978    47.2299183
  9.556268     47.2299282
  9.5562061    47.2297996
  9.5561215    47.2297344
  9.5560165    47.2296095
  9.5559103    47.2293439
  9.5559811    47.2293128
  9.555914     47.229211
  9.5557456    47.2291219
  9.5555726    47.2290005
  9.5554858    47.2289584
  9.5554235    47.228859
  9.5554701    47.2287922
  9.555389     47.2286816
  9.5553256    47.2285615
  9.5552185    47.2282375
  9.5551874    47.2281722
  9.5549626    47.2279657
  9.554754     47.2277894
  9.5546194    47.2276399
  9.5544587    47.2274974
  9.5544022    47.2274563
  9.5544742    47.227386
  9.5543588    47.2273191
  9.5544406    47.2272464
  9.554413     47.2272289
  9.554295     47.227181
  9.5541902    47.2269236
  9.5542425    47.2268998
  9.5546741    47.2266598
  9.5546302    47.2265832
  9.5545654    47.2264888
  9.5543912    47.2263901
  9.5541824    47.2262937
  9.5539376    47.226117
  9.5536936    47.2259233
  9.5534873    47.22575
  9.5533892    47.2256793
  9.5533004    47.2255478
  9.5532755    47.2254643
  9.5531811    47.2253181
  9.55302      47.2251132
  9.5528326    47.225007
  9.5526863    47.2249708
  9.5524585    47.2249855
  9.5526374    47.2248335
  9.5527307    47.2247423
  9.5526845    47.2246651
  9.5524633    47.2245182
  9.5524071    47.2244973
  9.5523351    47.2243313
  9.5522819    47.2242538
  9.5521806    47.2239863
  9.5517543    47.2237475
  9.5520656    47.2236645
  9.5532769    47.2237724
  9.5536801    47.2238116
  9.5539463    47.2239152
  9.5543161    47.2241039
  9.554484     47.2239615
  9.554593     47.2238938
  9.5552163    47.2237864
  9.5554243    47.2237868
  9.5553981    47.2225062
  9.555771     47.2225674
  9.5558707    47.2226005
  9.556049     47.2227574
  9.5562002    47.2227872
  9.5569054    47.2230535
  9.5572116    47.2231821
  9.5574213    47.2231966
  9.557552     47.2232307
  9.5576283    47.2232782
  9.5576842    47.2233065
  9.5578571    47.2234564
  9.5579268    47.2237008
  9.5581848    47.2237788
  9.5583759    47.223915
  9.5584829    47.2240887
  9.5585232    47.2241165
  9.5585376    47.2241136
  9.5587177    47.2239722
  9.5588124    47.2238673
  9.5591028    47.2237539
  9.5595189    47.2237296
  9.5596233    47.2237471
  9.5597026    47.2237482
  9.5598341    47.2237017
  9.5599896    47.2237104
  9.5601033    47.2236812
  9.5602497    47.223666
  9.5603529    47.2236229
  9.5604982    47.2235457
  9.5606628    47.2234518
  9.5609151    47.2233473
  9.5611058    47.2232597
  9.561182     47.223206
  9.5612199    47.223187
  9.5612739    47.2231751
  9.5613847    47.2231855
  9.5614478    47.2231615
  9.5615425    47.2230703
  9.5616692    47.2230525
  9.5618249    47.2229985
  9.5618995    47.2229582
  9.5619694    47.2228917
  9.5621074    47.2227964
  9.5622198    47.2226774
  9.5622873    47.2226363
  9.5624352    47.222518
  9.562529     47.2224689
  9.562781     47.2222271
  9.5628905    47.2221934
  9.5630254    47.222118
  9.5631374    47.2220013
  9.5632281    47.2219606
  9.563181     47.2218433
  9.5631979    47.221696
  9.5634232    47.2213769
  9.5636088    47.2211997
  9.5637039    47.2211176
  9.5637515    47.2211443
  9.5638038    47.2211112
  9.5637635    47.2210394
  9.5638037    47.2210331
  9.563867     47.2209826
  9.5639727    47.2208194
  9.5641382    47.2206933
  9.5641789    47.2206363
  9.564195     47.2206301
  9.5642165    47.220631
  9.5642775    47.2206627
  9.5646962    47.2207713
  9.5647064    47.2207622
  9.5648049    47.2207381
  9.5648937    47.2207057
  9.5650332    47.2206851
  9.5652978    47.2206076
  9.5654191    47.2205523
  9.5655979    47.2205117
  9.565785     47.2204638
  9.5659411    47.2204367
  9.5661939    47.2204038
  9.5662961    47.2204353
  9.5664031    47.2204308
  9.5667656    47.2203417
  9.5668559    47.220301
  9.5669723    47.2202628
  9.5670556    47.2201935
  9.5671746    47.2201417
  9.5672213    47.2201025
  9.5672693    47.2199987
  9.5673374    47.2199598
  9.5673536    47.2199572
  9.5674298    47.21996
  9.5675353    47.2200301
  9.5675507    47.2200318
  9.5676665    47.2199984
  9.5679059    47.220023
  9.5679544    47.2200104
  9.5680467    47.2199667
  9.5681358    47.2199446
  9.568229     47.2199132
  9.5683314    47.2198856
  9.5684321    47.2198122
  9.5685435    47.219785
  9.5686435    47.2197226
  9.5686831    47.2196723
  9.5688385    47.2195601
  9.5689735    47.2194707
  9.5690556    47.2193397
  9.5690693    47.2193324
  9.5690988    47.2193285
  9.5691398    47.2193353
  9.5692475    47.2193685
  9.5698225    47.2187574
  9.5704663    47.2181246
  9.5715132    47.21702
  9.5723143    47.2162549
  9.572538     47.2161029
  9.5730008    47.2157655
  9.573506     47.2152814
  9.573662     47.2151521
  9.5737416    47.2150675
  9.5740285    47.2148469
  9.574572     47.2145222
  9.5746378    47.2144708
  9.5750555    47.2141712
  9.5756471    47.2137034
  9.5761645    47.2131074
  9.5767652    47.2123222
  9.5769571    47.2120667
  9.5771187    47.2118408
  9.5773111    47.2115901
  9.5775365    47.2112578
  9.5775241    47.2106705
  9.5779166    47.2097993
  9.5780303    47.2095802
  9.5781392    47.2094795
  9.5783098    47.2090427
  9.5784676    47.208895
  9.5788439    47.2087363
  9.5792019    47.2085738
  9.5793515    47.2084751
  9.5795897    47.2083763
  9.5797493    47.2082913
  9.5798302    47.2081844
  9.5802557    47.2079592
  9.5805619    47.2076898
  9.5809811    47.2074652
  9.5813884    47.2071894
  9.581643     47.2069745
  9.5819609    47.2067246
  9.5825574    47.2063158
  9.5830103    47.2060829
  9.5832019    47.2060139
  9.5834178    47.2059505
  9.5838304    47.2058585
  9.5838989    47.2057934
  9.5841552    47.2056403
  9.5847095    47.2053838
  9.584879     47.205343
  9.5848616    47.2049241
  9.5847922    47.2045669
  9.5839019    47.2039299
  9.5835988    47.2037594
  9.5832637    47.2034217
  9.5832494    47.203302
  9.583105     47.2029173
  9.5828933    47.2026263
  9.5826629    47.2022281
  9.582457     47.2016309
  9.58179      47.2010178
  9.58166      47.2008535
  9.5814193    47.2004229
  9.581141     47.199999
  9.5809706    47.1995424
  9.5807093    47.198876
  9.5805115    47.1984582
  9.5805212    47.1975947
  9.5804017    47.1971553
  9.5803792    47.196907
  9.5804236    47.1963776
  9.5804326    47.1960699
  9.5802838    47.1957704
  9.5791243    47.1957001
  9.5789902    47.1951509
  9.5789965    47.1950086
  9.5786645    47.1945173
  9.5786509    47.1944803
  9.5785737    47.1944022
  9.5782835    47.1943024
  9.5782271    47.1942411
  9.5781216    47.1941767
  9.5778696    47.1940827
  9.5778032    47.1940221
  9.5776354    47.1939429
  9.5775571    47.1938908
  9.577447     47.1938703
  9.5773756    47.1938247
  9.577297     47.1937672
  9.5771784    47.1936373
  9.5771202    47.1934809
  9.5769517    47.1933381
  9.5767375    47.1931291
  9.5766672    47.1930798
  9.5765704    47.1929562
  9.5764715    47.1928724
  9.5761887    47.19274
  9.5759279    47.1926402
  9.575828     47.1925596
  9.5757815    47.1924713
  9.575525     47.1923135
  9.5752589    47.1921828
  9.5749937    47.1920021
  9.5749299    47.1919706
  9.5748418    47.1918914
  9.5747499    47.1918364
  9.5746232    47.1917018
  9.5745389    47.1916596
  9.5744295    47.1915761
  9.5742342    47.191494
  9.5740738    47.1914037
  9.5738947    47.1913213
  9.5738428    47.1912823
  9.5737491    47.1912563
  9.5736674    47.1912166
  9.573496     47.1911112
  9.5734055    47.1910893
  9.5733905    47.1910441
  9.5733075    47.1910286
  9.573227     47.1909557
  9.5730326    47.1909492
  9.5725863    47.1907919
  9.573078     47.1878225
  9.573171     47.1872241
  9.5732818    47.1869001
  9.5734114    47.186424
  9.5735059    47.1859522
  9.5735236    47.1856717
  9.5735122    47.1853893
  9.5735224    47.1850655
  9.573415     47.1843101
  9.5733653    47.1837198
  9.5735624    47.1833876
  9.5735971    47.1825195
  9.5736577    47.1805302
  9.5735394    47.1790209
  9.5735139    47.1787797
  9.5742727    47.1781047
  9.5741932    47.1780534
  9.5740998    47.1780511
  9.5738977    47.1779615
  9.5738886    47.1779315
  9.57394      47.1779109
  9.5739403    47.1778807
  9.5738754    47.177814
  9.573826     47.177708
  9.5738048    47.1776973
  9.5737819    47.1777025
  9.5736838    47.177665
  9.5735624    47.1775554
  9.5735392    47.1775128
  9.5734739    47.1774508
  9.5734636    47.1774052
  9.5733363    47.1772386
  9.5734343    47.1771347
  9.5734157    47.177078
  9.5734458    47.1770264
  9.5733359    47.1769449
  9.5732677    47.1769322
  9.5732533    47.1769022
  9.5732713    47.1768867
  9.573285     47.1768306
  9.573275     47.1768187
  9.5733108    47.1766869
  9.5733049    47.176656
  9.5734578    47.1765503
  9.5734869    47.1765059
  9.5735053    47.1765015
  9.573506     47.1764614
  9.5734859    47.176434
  9.573447     47.1764206
  9.573375     47.1763573
  9.5733405    47.176346
  9.5732371    47.1762415
  9.5730844    47.1762115
  9.5730792    47.1761308
  9.5731055    47.1761172
  9.573173     47.1760195
  9.5731732    47.1759995
  9.5731503    47.1759384
  9.5731584    47.1758495
  9.5731306    47.1758145
  9.5730885    47.1758065
  9.5730782    47.1757779
  9.5730789    47.1757544
  9.5731251    47.1757017
  9.5731262    47.1756729
  9.5730932    47.1756504
  9.5731202    47.1756184
  9.5731189    47.175585
  9.5730608    47.1755562
  9.5729538    47.175571
  9.5729197    47.1755514
  9.5728624    47.1755437
  9.5728104    47.175516
  9.57271      47.1755199
  9.5726611    47.1755041
  9.5726206    47.1754744
  9.5725683    47.1753863
  9.5725201    47.1753611
  9.5723534    47.1753379
  9.5722967    47.1753194
  9.5722815    47.1753097
  9.572282     47.1752808
  9.5722202    47.175264
  9.5721708    47.1752224
  9.5721446    47.1752249
  9.5719589    47.1751253
  9.5719222    47.1751143
  9.5717696    47.1751126
  9.5717582    47.1751461
  9.5717061    47.1751054
  9.5716274    47.1750777
  9.571589     47.1750368
  9.5715477    47.174936
  9.5715568    47.1748838
  9.5714483    47.1748398
  9.571445     47.174818
  9.5713135    47.1747859
  9.5712618    47.1747955
  9.5712347    47.1747801
  9.5712157    47.1747402
  9.5711938    47.1747339
  9.5711556    47.1747472
  9.5711004    47.1746973
  9.5708728    47.1746807
  9.5708491    47.1746551
  9.570806     47.174647
  9.5708112    47.1746239
  9.5707216    47.1746336
  9.5706709    47.1746272
  9.5706526    47.1746074
  9.5705722    47.1746007
  9.5705559    47.1746082
  9.5704726    47.1745894
  9.5704391    47.174575
  9.5703934    47.1745314
  9.5702668    47.1744712
  9.5701077    47.1744262
  9.5699776    47.1743741
  9.5698814    47.1743529
  9.5696792    47.1743546
  9.5695207    47.1742986
  9.5692188    47.1740611
  9.5690461    47.1739899
  9.5690213    47.1739591
  9.5687654    47.1738888
  9.5686778    47.1738845
  9.5686018    47.1738605
  9.5682831    47.1736997
  9.5681592    47.173678
  9.5680568    47.1736276
  9.5677515    47.1734016
  9.5676732    47.1733584
  9.5672578    47.1731976
  9.5670876    47.1730593
  9.5670681    47.1730107
  9.5670018    47.172952
  9.566855     47.1729032
  9.5668043    47.1728618
  9.5667191    47.1728253
  9.5667018    47.172777
  9.5666062    47.1726636
  9.5666282    47.1725581
  9.5666233    47.1725085
  9.5665517    47.1724328
  9.5664689    47.1723694
  9.5664696    47.1723272
  9.5664147    47.1722704
  9.566398     47.1722021
  9.566373     47.1721736
  9.5663957    47.1721405
  9.5663704    47.1720978
  9.5663596    47.1720317
  9.5663101    47.1720054
  9.5661864    47.1718874
  9.5661678    47.1718086
  9.5661451    47.1717724
  9.5661042    47.1717462
  9.5660904    47.1717149
  9.566077     47.1715964
  9.5659086    47.1714568
  9.5658223    47.1713289
  9.5657849    47.1712429
  9.5657197    47.1711683
  9.5656801    47.1711465
  9.5656169    47.1711517
  9.5655425    47.17114
  9.5654367    47.1710863
  9.5654897    47.1710167
  9.5654762    47.1709455
  9.5654947    47.1708541
  9.5654641    47.1708006
  9.5653825    47.1707442
  9.5652972    47.1707256
  9.5652136    47.1706658
  9.5650946    47.170614
  9.5650346    47.170559
  9.5650197    47.1704982
  9.5649713    47.1704271
  9.5647407    47.1702976
  9.5646232    47.1702581
  9.5646582    47.1702503
  9.564909     47.1702949
  9.5650215    47.1702952
  9.5650891    47.1702743
  9.565102     47.1702782
  9.5651008    47.1703155
  9.5652565    47.1703392
  9.5653266    47.1703219
  9.5653784    47.1702547
  9.5654706    47.1702021
  9.5656088    47.1700949
  9.5656757    47.1700667
  9.5657799    47.1700544
  9.5658247    47.1700271
  9.5658482    47.1700319
  9.5659376    47.1699983
  9.5660651    47.1699727
  9.5661181    47.1699334
  9.5661691    47.1698633
  9.5662986    47.1698296
  9.5664367    47.1698357
  9.5665549    47.1698087
  9.5667386    47.1698183
  9.5667785    47.1697926
  9.5668357    47.1697861
  9.5668561    47.1697882
  9.5669443    47.1698505
  9.5670831    47.1698532
  9.5671516    47.1698207
  9.5672923    47.1698091
  9.5673548    47.1697741
  9.5674052    47.1697669
  9.5675126    47.1697764
  9.5676476    47.1698397
  9.567715     47.1698449
  9.5677289    47.16986
  9.567792     47.1698556
  9.5678228    47.1698923
  9.5679439    47.1698539
  9.5679798    47.1697949
  9.5680899    47.1697885
  9.5683634    47.1697368
  9.5684574    47.1697533
  9.5685396    47.1697058
  9.5685878    47.1697002
  9.5686344    47.1696602
  9.5686944    47.1696541
  9.5687812    47.1695879
  9.5688281    47.1695704
  9.5688358    47.1695891
  9.5688759    47.1695906
  9.5689058    47.1696096
  9.5689102    47.1696334
  9.5689412    47.1696711
  9.568991     47.1697016
  9.5690187    47.1697496
  9.5691194    47.1698003
  9.5692105    47.1698031
  9.5692761    47.1698611
  9.5693205    47.1698715
  9.569388     47.1698576
  9.5695599    47.1698577
  9.5696615    47.1699153
  9.5697129    47.1699852
  9.5698298    47.1699846
  9.5699366    47.1699732
  9.5699707    47.1699601
  9.5700208    47.1699251
  9.570086     47.1698533
  9.5703489    47.1697961
  9.5703833    47.1697213
  9.5704882    47.1697162
  9.5706353    47.169755
  9.5707501    47.1697443
  9.5708665    47.169803
  9.5708905    47.169793
  9.5709081    47.1698034
  9.5713224    47.1694888
  9.5716481    47.1694984
  9.5717563    47.1695506
  9.5718024    47.1696158
  9.5718933    47.1696571
  9.5720317    47.1696128
  9.5723263    47.1696078
  9.5724453    47.1695895
  9.5724723    47.1695986
  9.5726206    47.1695686
  9.5726584    47.1695437
  9.5727436    47.169538
  9.5728673    47.1695867
  9.5731254    47.1696236
  9.5732731    47.1696267
  9.5733239    47.1696408
  9.573385     47.1696237
  9.5736378    47.1696482
  9.5737766    47.1696261
  9.5739495    47.169683
  9.5740564    47.1696458
  9.5742801    47.1697158
  9.5743721    47.1696987
  9.5743972    47.1696793
  9.5748837    47.1697657
  9.5749109    47.1697987
  9.5749931    47.1698158
  9.5750595    47.1698039
  9.5751291    47.1698452
  9.5751721    47.1698369
  9.5751978    47.1698453
  9.5752827    47.1698941
  9.5754011    47.1699425
  9.5756055    47.1700094
  9.5756355    47.1700513
  9.5757402    47.1700752
  9.575873     47.1700846
  9.5759067    47.1701103
  9.5760701    47.1701385
  9.5761628    47.1701945
  9.5762653    47.1702214
  9.5762816    47.1702441
  9.5765041    47.1703076
  9.5765115    47.1703243
  9.5766366    47.1703284
  9.5766912    47.1703937
  9.5768039    47.1704679
  9.5770036    47.1705613
  9.5773164    47.1706425
  9.5774028    47.1706852
  9.5780013    47.1708529
  9.5781582    47.1708864
  9.5783159    47.1708967
  9.5788985    47.1710456
  9.5789773    47.1710501
  9.5790686    47.1710374
  9.5791351    47.1710547
  9.5792119    47.1711031
  9.5793005    47.1711003
  9.5794412    47.1711292
  9.5844194    47.1683627
  9.5909116    47.1646815
  9.5912209    47.164611
  9.5915953    47.1645257
  9.5948145    47.1634524
  9.5967418    47.1628864
  9.5977391    47.1615259
  9.600624     47.1591849
  9.600627     47.1591083
  9.6007388    47.1590147
  9.6007666    47.1590074
  9.6007744    47.1589436
  9.6009017    47.158817
  9.6008889    47.1587495
  9.6009578    47.1586607
  9.6009259    47.158631
  9.6008745    47.1585285
  9.6008956    47.1584598
  9.6008701    47.1584264
  9.6008241    47.1584063
  9.6007421    47.158277
  9.6006904    47.158014
  9.6007823    47.1577663
  9.600817     47.1577204
  9.600835     47.1575949
  9.6008181    47.157562
  9.6007892    47.1573532
  9.6007427    47.1573343
  9.6007164    47.157298
  9.6006819    47.1572877
  9.6006633    47.1572544
  9.6005884    47.1572107
  9.6005643    47.1571627
  9.6004875    47.1571376
  9.6004642    47.1571026
  9.6004226    47.1570826
  9.6003843    47.1570297
  9.6004075    47.1569676
  9.6003963    47.1569282
  9.6003689    47.156898
  9.6002899    47.1568956
  9.6001744    47.1567959
  9.6001754    47.15677
  9.6003524    47.1567073
  9.6003916    47.1567044
  9.6004774    47.1566594
  9.6005838    47.1564995
  9.600631     47.1564803
  9.600706     47.1564776
  9.6007878    47.1563875
  9.600843     47.1562752
  9.6010322    47.1561344
  9.6010858    47.1560605
  9.6011311    47.1560254
  9.6012609    47.1560268
  9.6012478    47.1559039
  9.6012237    47.1558492
  9.6012465    47.1558224
  9.6014207    47.1558055
  9.601732     47.155718
  9.6017878    47.1556929
  9.6019237    47.1555924
  9.6019469    47.1555699
  9.6019446    47.1555194
  9.6020255    47.155384
  9.6021004    47.1553285
  9.6020955    47.1553124
  9.6021853    47.1552369
  9.6021892    47.1552013
  9.6021575    47.1551779
  9.602129     47.1550477
  9.602187     47.1548671
  9.6022396    47.154813
  9.6022833    47.1547511
  9.6022935    47.1547058
  9.6023573    47.1546398
  9.6024122    47.1545502
  9.6025763    47.1543807
  9.6027568    47.1542293
  9.6028166    47.1541633
  9.60282      47.1541334
  9.6028635    47.1540982
  9.6029181    47.1540014
  9.60291      47.1539375
  9.6029798    47.153805
  9.6029756    47.1536138
  9.6030003    47.1535715
  9.6029839    47.1534785
  9.6030184    47.153402
  9.6030499    47.1533966
  9.6030464    47.153349
  9.603068     47.1532735
  9.6030599    47.1532212
  9.6031356    47.1531648
  9.6031972    47.1529547
  9.60318      47.1528785
  9.6031077    47.1527806
  9.6032233    47.152639
  9.6033565    47.1525992
  9.6033122    47.152471
  9.6032973    47.1523224
  9.6033095    47.1522296
  9.6032919    47.1521953
  9.6032178    47.1520794
  9.6031049    47.1520229
  9.6029362    47.1518948
  9.6028662    47.1518725
  9.6028236    47.1518376
  9.6028045    47.1517849
  9.6028276    47.1517448
  9.60281      47.1517121
  9.6028307    47.1516074
  9.6028507    47.1515772
  9.6029214    47.1515506
  9.6029288    47.1515183
  9.6029672    47.1515176
  9.6030231    47.1514608
  9.6030852    47.1514292
  9.6030856    47.1513514
  9.6032217    47.1512352
  9.6034288    47.1511581
  9.6034486    47.15105
  9.6034981    47.1510222
  9.6035251    47.1509789
  9.6037036    47.150913
  9.6037795    47.1508336
  9.603883     47.1507991
  9.6038257    47.1507733
  9.6037921    47.1507438
  9.6037837    47.1506898
  9.6038175    47.1506294
  9.6040124    47.1505249
  9.6040813    47.1505347
  9.6040756    47.1504929
  9.6040942    47.1504702
  9.6042473    47.1503697
  9.6043392    47.1503466
  9.604372     47.1502898
  9.6044048    47.1502788
  9.6044964    47.1502779
  9.6045592    47.1502605
  9.6045968    47.1502326
  9.604677     47.1502372
  9.6048008    47.1501686
  9.6048901    47.1500686
  9.6049221    47.1500025
  9.6050336    47.1498684
  9.6051123    47.1498104
  9.6051644    47.1493206
  9.6051941    47.1493057
  9.6052762    47.149197
  9.6053339    47.1491728
  9.6054628    47.1491546
  9.6056185    47.1490932
  9.6056484    47.149076
  9.6056861    47.1490117
  9.6058305    47.1489418
  9.6058975    47.1489255
  9.605987     47.1489432
  9.6060508    47.1489276
  9.6061456    47.148836
  9.6062069    47.148808
  9.6063858    47.1487597
  9.6064223    47.148763
  9.6064919    47.1487265
  9.6066951    47.1486708
  9.6069223    47.1484487
  9.6069904    47.1484152
  9.6072841    47.1483266
  9.6073793    47.1483142
  9.6074609    47.1482732
  9.607548     47.1482572
  9.6076081    47.1482509
  9.6077486    47.1482821
  9.6079267    47.1482551
  9.6080073    47.1482607
  9.6081552    47.1481629
  9.6082294    47.1480252
  9.6084094    47.1479483
  9.6085116    47.1478735
  9.6085394    47.1478698
  9.6085457    47.1478512
  9.6086113    47.1477966
  9.6087       47.1477612
  9.6087667    47.1477659
  9.6088218    47.147751
  9.60904      47.1477556
  9.6091476    47.1477795
  9.609219     47.1477255
  9.6093353    47.1477297
  9.6093609    47.1477136
  9.6093921    47.1477119
  9.6094565    47.1476485
  9.6095301    47.1476046
  9.6095902    47.1475865
  9.6096634    47.1475756
  9.6096869    47.1475588
  9.6097194    47.147562
  9.6098014    47.1475314
  9.6098884    47.1475591
  9.6099554    47.1475613
  9.6100216    47.1475108
  9.6101016    47.1474982
  9.6102163    47.1475127
  9.6102994    47.147576
  9.6103445    47.1475639
  9.6103947    47.1475311
  9.6104572    47.147533
  9.6105189    47.1475552
  9.6105479    47.1476056
  9.6105799    47.1476228
  9.610662     47.147575
  9.6107168    47.147571
  9.6107596    47.1475852
  9.6108349    47.1475506
  9.6109129    47.1475354
  9.6109305    47.1474953
  9.6109956    47.147466
  9.6110317    47.1474351
  9.6111062    47.1474078
  9.6112149    47.1473935
  9.6112874    47.1473962
  9.6114208    47.147374
  9.6115508    47.1473916
  9.6116312    47.1474255
  9.6117899    47.1474085
  9.6119846    47.1474349
  9.6120115    47.1474499
  9.6120594    47.1475293
  9.6121316    47.147533
  9.6122299    47.1475095
  9.6123928    47.1475295
  9.6125599    47.1475137
  9.6127261    47.1475561
  9.612821     47.1474667
  9.6128629    47.1474477
  9.613026     47.1474158
  9.6131481    47.1474158
  9.613258     47.1474416
  9.6133061    47.1474679
  9.6133425    47.1474599
  9.6134244    47.1474658
  9.6136949    47.1475456
  9.6137424    47.1475493
  9.6138602    47.1475259
  9.6139607    47.1475282
  9.6141495    47.1476029
  9.6142755    47.1476187
  9.614363     47.1476454
  9.6144703    47.1476954
  9.6145364    47.1477645
  9.6145831    47.1477774
  9.6146595    47.1477561
  9.6147328    47.1477549
  9.6149606    47.1478428
  9.6151143    47.1479422
  9.6155609    47.1481566
  9.6158959    47.148289
  9.6159721    47.1483383
  9.6160959    47.1484628
  9.6164571    47.1486181
  9.6166017    47.1486943
  9.6166924    47.1487599
  9.6168354    47.148946
  9.6171182    47.1490384
  9.6172406    47.1490949
  9.6173798    47.1492601
  9.6177249    47.1493741
  9.6181353    47.1495425
  9.618244     47.1495665
  9.6182914    47.1495964
  9.6182969    47.1496348
  9.6185164    47.1496912
  9.6187039    47.1497547
  9.6187568    47.1498206
  9.6187617    47.1498908
  9.6188033    47.1498912
  9.6188448    47.1499182
  9.6188635    47.1499963
  9.6188058    47.1501371
  9.6187398    47.1502348
  9.6187431    47.1502725
  9.618796     47.1503514
  9.6192684    47.1506393
  9.6193579    47.1506874
  9.6194556    47.1507162
  9.6194864    47.1507677
  9.6194548    47.1508399
  9.6194768    47.1508975
  9.6195475    47.150924
  9.6196438    47.1509358
  9.6196669    47.1510051
  9.6196617    47.1510576
  9.6197972    47.1511438
  9.6200116    47.1513401
  9.6204503    47.1515268
  9.6205465    47.1515949
  9.6205643    47.1516413
  9.6206902    47.1516331
  9.6208343    47.1515458
  9.6209436    47.151517
  9.6210129    47.1515184
  9.6210785    47.1515336
  9.6211118    47.1515601
  9.6211505    47.1515386
  9.6212126    47.1514642
  9.621291     47.1514507
  9.6212897    47.1514094
  9.6213162    47.1513745
  9.6214224    47.1513682
  9.6214527    47.1513723
  9.621465     47.1513899
  9.621486     47.1513942
  9.6215893    47.1513514
  9.621644     47.1513418
  9.6216986    47.1512918
  9.6217071    47.1512431
  9.6217827    47.1511688
  9.621751     47.1510954
  9.6214727    47.1506552
  9.6213915    47.1504027
  9.6213946    47.1503636
  9.6214137    47.1503226
  9.6214711    47.1502653
  9.6214701    47.1502118
  9.6214994    47.1501883
  9.6215678    47.1500536
  9.621636     47.1499736
  9.6216933    47.1498617
  9.6217979    47.1497804
  9.6218735    47.1497585
  9.6220009    47.1496304
  9.6219088    47.1494267
  9.6219173    47.1493464
  9.6219576    47.1492924
  9.6221266    47.1491586
  9.6222695    47.149082
  9.622344     47.1490157
  9.6223948    47.1489997
  9.6224698    47.1488584
  9.622615     47.1488235
  9.6226983    47.1487543
  9.6225943    47.1486691
  9.6225799    47.1486431
  9.6225758    47.1486224
  9.6226113    47.148567
  9.6225533    47.1484903
  9.6225541    47.1483909
  9.6226777    47.1482365
  9.6227395    47.1481875
  9.62285      47.1481334
  9.6228921    47.1480483
  9.6229692    47.1480334
  9.623004     47.1480137
  9.6229875    47.1479485
  9.6230002    47.147927
  9.6230575    47.1478978
  9.6230277    47.14785
  9.6230233    47.1477991
  9.6230686    47.1477478
  9.6231505    47.1477209
  9.6231964    47.1476572
  9.6231992    47.1476127
  9.6231596    47.1475257
  9.6231764    47.1474754
  9.623172     47.1474106
  9.6232023    47.1473737
  9.6232559    47.1473484
  9.6232635    47.1473147
  9.623244     47.1472501
  9.6232578    47.1471353
  9.6232918    47.1470924
  9.6234036    47.1470516
  9.6235965    47.1470543
  9.6236455    47.1470026
  9.6237999    47.1469879
  9.6238705    47.1469115
  9.6239017    47.1469064
  9.6239965    47.1468487
  9.6240338    47.1468383
  9.6239334    47.1466589
  9.6239509    47.1465699
  9.6239869    47.1464913
  9.6240488    47.1464456
  9.624081     47.1464355
  9.6240919    47.146392
  9.6241244    47.1463661
  9.6242319    47.1463356
  9.6244033    47.1462055
  9.624549     47.1461162
  9.6246206    47.1460906
  9.6247717    47.146064
  9.6247812    47.1460328
  9.6248691    47.1459906
  9.6249303    47.1459854
  9.6252932    47.1460032
  9.625418     47.1459628
  9.6254268    47.1459099
  9.6254671    47.1458933
  9.6256039    47.1458814
  9.6256964    47.1458894
  9.6258415    47.1458839
  9.6243096    47.1434139
  9.6234461    47.1426089
  9.6233312    47.1423915
  9.6233889    47.1419814
  9.6230476    47.1417633
  9.6226076    47.141397
  9.6225904    47.1411748
  9.6232655    47.1404173
  9.6233867    47.140249
  9.6234973    47.1400079
  9.6235161    47.1398833
  9.6235649    47.1398014
  9.6235726    47.1397262
  9.6237432    47.139597
  9.6237639    47.1395675
  9.623794     47.1392748
  9.623888     47.1391665
  9.6246991    47.1385945
  9.6250024    47.1384649
  9.6249132    47.1384148
  9.624898     47.1383263
  9.6248618    47.1382433
  9.6248738    47.1381506
  9.6248519    47.1380323
  9.6248713    47.1379296
  9.6249741    47.1377596
  9.6249802    47.1376811
  9.6250189    47.1375871
  9.6249931    47.1374012
  9.6248817    47.13724
  9.6248003    47.1370133
  9.6247831    47.1367844
  9.6247667    47.1367298
  9.6247447    47.1366974
  9.6247138    47.1366804
  9.6247626    47.1366375
  9.6248261    47.1366068
  9.6248488    47.1365314
  9.624785     47.1364225
  9.6246832    47.1363736
  9.6246536    47.1363421
  9.6246151    47.1362351
  9.6245906    47.1360064
  9.6244538    47.1358697
  9.6244766    47.1357512
  9.6244029    47.1355548
  9.6243506    47.1353855
  9.6243502    47.135315
  9.62437      47.1352686
  9.6243149    47.1351453
  9.6242446    47.1351036
  9.6243272    47.1349539
  9.6242944    47.1348699
  9.6243936    47.1347637
  9.6245477    47.1344403
  9.6247791    47.1342264
  9.6245919    47.1338202
  9.6246756    47.1336283
  9.6248415    47.1335196
  9.6248787    47.1334317
  9.6249421    47.1333925
  9.6249027    47.1332338
  9.6247544    47.1330765
  9.6247092    47.1326224
  9.6256009    47.1319249
  9.6263884    47.1315045
  9.6266614    47.1314309
  9.6271345    47.1313736
  9.6272238    47.131334
  9.6274847    47.1311805
  9.6276626    47.1310316
  9.6278387    47.1309182
  9.6279261    47.1309034
  9.6279659    47.130873
  9.6280062    47.1308839
  9.6280344    47.1308555
  9.6280868    47.1308397
  9.6282127    47.1307645
  9.6282976    47.1307309
  9.6283882    47.1307168
  9.6284442    47.1306806
  9.6287014    47.13065
  9.6291415    47.1307553
  9.6292142    47.1306595
  9.6292775    47.1306321
  9.6295468    47.1306015
  9.6297124    47.1305124
  9.62986      47.1304716
  9.6300267    47.1304416
  9.6300524    47.1304247
  9.6300481    47.1303302
  9.6300799    47.1302794
  9.6301711    47.1302387
  9.6302431    47.1302237
  9.6302496    47.1302006
  9.6303688    47.1300704
  9.6303889    47.1300544
  9.6304421    47.1300504
  9.6304702    47.1300353
  9.630536     47.1299243
  9.6306128    47.1298996
  9.6308567    47.1297634
  9.6309455    47.1296212
  9.6310999    47.1295622
  9.631142     47.1294696
  9.6314265    47.1292464
  9.6316379    47.1291439
  9.6317674    47.129122
  9.631791     47.129087
  9.6318092    47.129086
  9.6318374    47.129033
  9.632213     47.1288095
  9.6322516    47.128816
  9.6324258    47.1287541
  9.6324558    47.1287157
  9.632484     47.1287025
  9.6325703    47.1286911
  9.6326149    47.1286696
  9.6326989    47.1286511
  9.6327141    47.1285706
  9.6327301    47.1285539
  9.6327931    47.1285288
  9.6328496    47.1284803
  9.6329023    47.1284623
  9.6329263    47.1284211
  9.6330741    47.1283674
  9.6331477    47.1283066
  9.6332307    47.128288
  9.6334158    47.1282745
  9.633478     47.128217
  9.6335244    47.1281972
  9.6336421    47.1281744
  9.6336994    47.128118
  9.6337968    47.1280544
  9.6340077    47.1280022
  9.6341988    47.1280154
  9.6342896    47.1280725
  9.6343873    47.1281035
  9.6344597    47.1281423
  9.634672     47.1281896
  9.6347192    47.1281847
  9.6348005    47.1281413
  9.6348838    47.1281265
  9.6349875    47.1280862
  9.634962     47.1280185
  9.6349082    47.1279648
  9.634732     47.1278755
  9.6345979    47.1277526
  9.6343631    47.1276608
  9.6342459    47.1275775
  9.6340929    47.1273915
  9.634071     47.1272909
  9.6339083    47.1271527
  9.633861     47.1270775
  9.6337271    47.1269686
  9.6336498    47.1267789
  9.6337361    47.1266873
  9.6337523    47.1266136
  9.6337096    47.1265026
  9.6336038    47.1264282
  9.6335963    47.126402
  9.6335488    47.1263613
  9.633514     47.1262677
  9.6335499    47.1262224
  9.6335415    47.1261531
  9.6335332    47.1261291
  9.633433     47.126069
  9.6334534    47.126029
  9.6334153    47.1259673
  9.6333794    47.1259443
  9.6334233    47.125898
  9.6333872    47.125794
  9.6333238    47.1257734
  9.6333176    47.1257467
  9.6332839    47.1257357
  9.6332127    47.1256781
  9.6331839    47.1256355
  9.6332093    47.1256175
  9.6331317    47.1256026
  9.6331168    47.1255637
  9.6330308    47.1254623
  9.6330537    47.1254412
  9.6330548    47.125418
  9.6330288    47.1253882
  9.6330408    47.1253624
  9.6330121    47.1252926
  9.6329453    47.1251925
  9.6328423    47.1251343
  9.6328756    47.1250878
  9.6328434    47.1250124
  9.632769     47.1249329
  9.6326388    47.1248797
  9.6326184    47.1247996
  9.6325781    47.1247591
  9.6325407    47.1247534
  9.6324324    47.124704
  9.6323298    47.1246681
  9.6322372    47.1246658
  9.6321931    47.1246099
  9.6319219    47.1244404
  9.631782     47.1242068
  9.631733     47.124177
  9.6317625    47.1241176
  9.6316897    47.1240983
  9.6316784    47.124034
  9.6316468    47.1240182
  9.6315784    47.1240132
  9.6315651    47.123993
  9.6315004    47.1239645
  9.6314629    47.1239335
  9.6314095    47.1239244
  9.6312618    47.1237568
  9.6312005    47.1237234
  9.6311799    47.123679
  9.6311205    47.1236557
  9.6310825    47.1235462
  9.6310098    47.1235359
  9.6309556    47.123499
  9.6309416    47.1234516
  9.6309656    47.1234309
  9.6309457    47.1233868
  9.6308776    47.1233456
  9.630794     47.1233349
  9.6308049    47.1233134
  9.6307356    47.1232485
  9.6306596    47.123258
  9.6306546    47.1232385
  9.6306321    47.1232266
  9.6305862    47.1232294
  9.6305346    47.1232044
  9.6304581    47.1230665
  9.6304388    47.1230534
  9.6304496    47.1229968
  9.630431     47.1229848
  9.6303917    47.1229856
  9.6302891    47.1229411
  9.6302697    47.1228969
  9.6301843    47.1228294
  9.6301129    47.122812
  9.6300688    47.1227601
  9.6299818    47.1227153
  9.6298525    47.1227033
  9.6297487    47.1226506
  9.6296982    47.1226109
  9.6296189    47.1225152
  9.6295357    47.1224879
  9.6294498    47.122407
  9.6293758    47.122393
  9.6292631    47.1223419
  9.629125     47.122117
  9.6290251    47.1220684
  9.6289575    47.1220537
  9.6288204    47.1219643
  9.6287558    47.1218914
  9.6286777    47.1218693
  9.6285797    47.1217888
  9.6284851    47.1217429
  9.6284265    47.1216846
  9.6283432    47.1216642
  9.6282979    47.1216354
  9.6282178    47.12154
  9.6281912    47.121315
  9.6281388    47.1213089
  9.6280373    47.1212548
  9.627961     47.1212288
  9.6279185    47.1211764
  9.6278653    47.1211452
  9.6278795    47.1210854
  9.6278385    47.1210255
  9.6277381    47.1209778
  9.6277125    47.1209361
  9.6276493    47.1209044
  9.6275394    47.120805
  9.6274255    47.1207522
  9.6273524    47.1206474
  9.6271921    47.1205904
  9.6271346    47.1205114
  9.6270642    47.1204957
  9.6269802    47.1204601
  9.6269101    47.1204149
  9.6268856    47.1203209
  9.6268596    47.1202975
  9.6268352    47.1202412
  9.626778     47.1202038
  9.6267115    47.1201843
  9.6266978    47.1201498
  9.6266342    47.1201145
  9.6266072    47.1199713
  9.6265661    47.1199555
  9.6264887    47.1198497
  9.6263609    47.1198137
  9.6263051    47.1198325
  9.626267     47.1198249
  9.6262307    47.1197767
  9.6262006    47.1197688
  9.6261721    47.1197752
  9.6261482    47.1197644
  9.6261234    47.1197029
  9.6260414    47.1196512
  9.6259748    47.1195311
  9.6259266    47.1194973
  9.6256996    47.1194809
  9.6255146    47.1194413
  9.625481     47.1193724
  9.6254046    47.1193377
  9.6253631    47.1193356
  9.6253215    47.1192179
  9.6252507    47.1191911
  9.6251826    47.1191285
  9.6251556    47.1190766
  9.6251927    47.1190073
  9.6251342    47.1189585
  9.6251149    47.1188864
  9.6250461    47.1188324
  9.624949     47.1188005
  9.6249347    47.1187761
  9.6249845    47.1187143
  9.6251043    47.1186558
  9.6251192    47.1186172
  9.6250976    47.1185922
  9.625098     47.1185647
  9.6250471    47.1185566
  9.6250316    47.1185175
  9.6249379    47.1184724
  9.6249238    47.118397
  9.6249312    47.118378
  9.6249625    47.1183676
  9.6248389    47.1181855
  9.6248329    47.1181306
  9.6248638    47.1181195
  9.6248112    47.1180724
  9.6247489    47.1180417
  9.6247224    47.1179912
  9.6247295    47.117915
  9.6247591    47.1178979
  9.6246476    47.1176095
  9.6246812    47.1175112
  9.6247228    47.1174516
  9.6247202    47.1173218
  9.6247008    47.1172338
  9.6247232    47.1171511
  9.6246988    47.116974
  9.6246584    47.1169227
  9.6246685    47.1168821
  9.6247113    47.116836
  9.6247228    47.1167519
  9.6246595    47.1165569
  9.624621     47.1162437
  9.6246883    47.1161475
  9.6245356    47.115908
  9.6244271    47.1158242
  9.6244275    47.1157884
  9.6244516    47.1157662
  9.6245384    47.1157503
  9.6245661    47.1156986
  9.6246435    47.1156463
  9.6246796    47.1155742
  9.6246954    47.1154451
  9.6246029    47.1151158
  9.6245572    47.1150424
  9.6245053    47.1147905
  9.6245415    47.1147554
  9.6246738    47.114693
  9.6246716    47.1146386
  9.6246481    47.1145579
  9.6245046    47.1143434
  9.6244393    47.114299
  9.6242531    47.1140782
  9.6241247    47.1139533
  9.6240752    47.1139052
  9.6240585    47.1138688
  9.6240325    47.113812
  9.6240109    47.1137161
  9.6240489    47.1136214
  9.6240517    47.1135128
  9.6240031    47.1134602
  9.6240033    47.1133964
  9.6239266    47.1133142
  9.6239211    47.1132632
  9.6237465    47.1131682
  9.623677     47.1131484
  9.6236719    47.1130824
  9.6236059    47.1130124
  9.6235908    47.1129963
  9.6236408    47.1129082
  9.6235986    47.1128615
  9.6235879    47.1127925
  9.6234448    47.1126915
  9.6233942    47.112682
  9.6233586    47.1127112
  9.6233091    47.1127177
  9.6232469    47.1126951
  9.6232435    47.1126726
  9.6231686    47.1126189
  9.6231681    47.1125943
  9.6231051    47.1125505
  9.6230327    47.1125586
  9.6230128    47.112485
  9.6230141    47.1124007
  9.6229594    47.1123699
  9.6229148    47.1123912
  9.6228628    47.1123788
  9.6228324    47.1123338
  9.6227781    47.1123104
  9.6227334    47.1123004
  9.6226756    47.112245
  9.6226462    47.1122427
  9.622627     47.1122274
  9.6226372    47.1121742
  9.6226124    47.1121333
  9.622547     47.1120781
  9.6225247    47.1120081
  9.6225088    47.1119836
  9.6222338    47.1118309
  9.6220709    47.1117244
  9.621991     47.1117094
  9.6219538    47.1116199
  9.6218142    47.1114705
  9.6217293    47.1114325
  9.6216566    47.1114153
  9.621624     47.1113183
  9.6215615    47.1112067
  9.6215213    47.1111655
  9.6214593    47.1111247
  9.6213653    47.1109044
  9.6212727    47.1108037
  9.6212449    47.1107341
  9.6212301    47.1106974
  9.6211895    47.1106632
  9.6210508    47.1106173
  9.6208922    47.1106112
  9.6208182    47.1105408
  9.6209924    47.1102925
  9.6210983    47.1100556
  9.621183     47.1099279
  9.6213243    47.1096539
  9.621431     47.1095026
  9.6215045    47.1092438
  9.6215323    47.109198
  9.6215296    47.1091628
  9.621618     47.1091235
  9.6216774    47.1089925
  9.6217665    47.1089075
  9.621765     47.1088838
  9.6217998    47.1088344
  9.6217942    47.1088051
  9.6218383    47.1087791
  9.62189      47.1087249
  9.6219011    47.1086444
  9.6219172    47.1086245
  9.6219736    47.1085761
  9.6220696    47.1085991
  9.6221222    47.1085879
  9.6222188    47.1085252
  9.6222373    47.1084976
  9.6221819    47.1084693
  9.622225     47.1084278
  9.6222859    47.10841
  9.6222917    47.1083943
  9.6222601    47.1083387
  9.6223027    47.1082971
  9.6223461    47.108284
  9.6224892    47.1082722
  9.6225323    47.1082603
  9.6225427    47.1082447
  9.6225845    47.1082443
  9.6227106    47.1082089
  9.6227333    47.1081792
  9.622705     47.1081075
  9.6228426    47.1080576
  9.6229812    47.1079778
  9.6231699    47.1079537
  9.6233882    47.1078889
  9.6235446    47.1078806
  9.6235918    47.1078564
  9.6236392    47.1078558
  9.6236495    47.1078858
  9.6236775    47.1078935
  9.6238221    47.1078775
  9.6240611    47.1078148
  9.6241495    47.1077647
  9.6241848    47.1077579
  9.6241936    47.1077415
  9.6243152    47.1077233
  9.6243451    47.1076992
  9.6243947    47.1076877
  9.6244392    47.1076594
  9.6245855    47.1076177
  9.6246799    47.1076104
  9.6247651    47.1076308
  9.6247992    47.1076085
  9.6249214    47.1076032
  9.6249571    47.1075825
  9.6250114    47.1075838
  9.6250463    47.1076001
  9.625148     47.1075842
  9.6252052    47.1075931
  9.6252275    47.1075755
  9.6252683    47.1075811
  9.6254101    47.1075456
  9.6256574    47.1075206
  9.6257015    47.1074983
  9.6258125    47.1074785
  9.6258721    47.1074521
  9.6259626    47.107467
  9.6259728    47.1075003
  9.6261321    47.107508
  9.6263124    47.1074861
  9.6263779    47.1075185
  9.6265273    47.1075248
  9.6266354    47.1075386
  9.6266698    47.1075539
  9.6267654    47.1075398
  9.6268622    47.1075457
  9.627027     47.1075046
  9.6272729    47.1076002
  9.627601     47.1075404
  9.6277387    47.1075585
  9.627836     47.1075456
  9.6279328    47.1075759
  9.6283225    47.107581
  9.6284819    47.1075421
  9.6285334    47.1074969
  9.6282171    47.1054667
  9.6282616    47.1054348
  9.6283325    47.1054208
  9.628385     47.1053868
  9.6284563    47.1053828
  9.6284952    47.1053366
  9.6287502    47.1053031
  9.6288899    47.1052076
  9.6292616    47.1051106
  9.6293661    47.1050504
  9.6293796    47.1050023
  9.629427     47.1049931
  9.6297301    47.1048325
  9.6298787    47.1047964
  9.6299917    47.1048079
  9.6301498    47.1047339
  9.6302596    47.1045974
  9.6305088    47.1044381
  9.6305627    47.1043165
  9.63062      47.1042685
  9.6306903    47.1042505
  9.630701     47.1041979
  9.630747     47.1041561
  9.6308513    47.1040991
  9.6309718    47.1039699
  9.6310303    47.1039362
  9.6310734    47.1038936
  9.6311755    47.1038646
  9.6311669    47.1038188
  9.6312027    47.1037674
  9.6312455    47.1037266
  9.6313265    47.1037077
  9.6313757    47.1036017
  9.6313938    47.1035215
  9.6315009    47.1034824
  9.6315446    47.1034251
  9.631591     47.1034022
  9.6317279    47.1032456
  9.6318024    47.1031991
  9.6319075    47.1030928
  9.6321166    47.102981
  9.6321698    47.1028983
  9.6321275    47.1028238
  9.6321408    47.1027992
  9.6322382    47.1027496
  9.6323524    47.1027099
  9.6324149    47.102701
  9.6324861    47.1026458
  9.6327831    47.1024845
  9.6329214    47.1024421
  9.6330191    47.1024299
  9.6330628    47.102341
  9.6331621    47.1023118
  9.633182     47.1022966
  9.6332009    47.1022693
  9.6331751    47.1021938
  9.6331789    47.1020463
  9.6332473    47.1019306
  9.6334195    47.1017756
  9.6335006    47.1016125
  9.6335284    47.1015927
  9.6335529    47.1015125
  9.6335874    47.1014966
  9.6336815    47.1013895
  9.633752     47.1013837
  9.6337903    47.1013531
  9.6338422    47.1013359
  9.6338828    47.1012812
  9.6339188    47.1012692
  9.6340442    47.1012404
  9.6342266    47.1012258
  9.6343576    47.1011629
  9.634388     47.1010871
  9.6350345    47.0986987
  9.6356933    47.096235
  9.6356046    47.0947863
  9.6355552    47.093355
  9.635424     47.0923129
  9.6353473    47.0906171
  9.6340157    47.0880165
  9.6331971    47.086235
  9.6332038    47.085417
  9.6333597    47.0845191
  9.6335308    47.0834253
  9.6329967    47.0831976
  9.6312646    47.0830899
  9.6291404    47.0829393
  9.6274481    47.0827824
  9.6235225    47.0825194
  9.6210223    47.0802979
  9.620927     47.0802253
  9.6207847    47.0799168
  9.6207651    47.0799003
  9.6207629    47.0798494
  9.6206797    47.079731
  9.6205645    47.0796024
  9.6205565    47.0795515
  9.6206315    47.079434
  9.6206111    47.0794308
  9.6206096    47.0794006
  9.620576     47.0793632
  9.6205114    47.0793204
  9.6203752    47.0792671
  9.6203605    47.0792269
  9.6202856    47.0791806
  9.6202362    47.0791129
  9.6201499    47.079049
  9.6200334    47.0790099
  9.619903     47.0790025
  9.6198376    47.0789846
  9.6197326    47.0788363
  9.6195256    47.0787144
  9.6194686    47.0786642
  9.619181     47.0785074
  9.6187449    47.0781769
  9.6186718    47.0781398
  9.6185566    47.0781957
  9.6184993    47.0782268
  9.6182962    47.0782869
  9.61825      47.0783257
  9.6181198    47.0783714
  9.6180505    47.0783732
  9.6179193    47.0784019
  9.6178604    47.0783569
  9.6176984    47.0784075
  9.6176134    47.0784221
  9.6175754    47.0784562
  9.6174772    47.0784524
  9.6174443    47.0784835
  9.6174018    47.0784819
  9.6173363    47.0785472
  9.6172889    47.0785539
  9.6172055    47.0785431
  9.6171734    47.0785596
  9.6170082    47.0785603
  9.6169165    47.0785994
  9.6165966    47.0785893
  9.6164106    47.0786602
  9.6162776    47.0786627
  9.6162437    47.0786793
  9.6161799    47.0786771
  9.6160851    47.0786966
  9.6159912    47.0786952
  9.6155112    47.078797
  9.6154426    47.078794
  9.615192     47.0788176
  9.6151221    47.0788074
  9.6151082    47.0788261
  9.6150672    47.0788296
  9.6150042    47.0788163
  9.6148943    47.0788198
  9.6148275    47.0788025
  9.6146062    47.0788308
  9.6144601    47.0787752
  9.6142132    47.0787166
  9.6141712    47.0786856
  9.6140901    47.078681
  9.6140536    47.0786499
  9.6139817    47.0786359
  9.6138961    47.078676
  9.6136711    47.0786939
  9.613469     47.0786828
  9.6133507    47.0787016
  9.6130828    47.0787653
  9.6129711    47.0788098
  9.6129407    47.0788874
  9.6128253    47.0790066
  9.6126434    47.0790614
  9.6125334    47.0790687
  9.6124531    47.0790919
  9.612346     47.079142
  9.6121949    47.0791689
  9.6121149    47.0792089
  9.612077     47.0792529
  9.6120317    47.0792582
  9.6119883    47.0792934
  9.6117869    47.0793853
  9.6115721    47.0794419
  9.6115017    47.0794074
  9.6114704    47.079289
  9.6115944    47.0790076
  9.6115238    47.0789457
  9.6115126    47.0789078
  9.611394     47.078756
  9.611314     47.0786961
  9.6113295    47.0786506
  9.6113611    47.0786337
  9.6113488    47.0785569
  9.6114159    47.0785301
  9.6114951    47.0783741
  9.6114989    47.0782089
  9.611526     47.0781323
  9.6115152    47.0780611
  9.6115248    47.0779537
  9.6114727    47.0779255
  9.6114483    47.0778544
  9.6112952    47.0776858
  9.6112734    47.0776424
  9.6111699    47.0773442
  9.6112073    47.0772141
  9.6112035    47.0772027
  9.611143     47.0771968
  9.6111419    47.0771828
  9.6112056    47.0771444
  9.6112363    47.0770299
  9.6112089    47.0769789
  9.6112356    47.0769546
  9.6112307    47.0769076
  9.6112791    47.0768764
  9.6112792    47.076833
  9.6113505    47.0766945
  9.6113701    47.0765848
  9.6113156    47.0764366
  9.6112507    47.0763348
  9.6111516    47.0762317
  9.6110259    47.0759114
  9.6110066    47.075828
  9.6108644    47.0755076
  9.6107989    47.075406
  9.6107624    47.0753784
  9.6105926    47.0753088
  9.6105107    47.0752444
  9.6104898    47.0751796
  9.6105924    47.0750496
  9.6111013    47.0747987
  9.6112765    47.0746605
  9.6115104    47.074334
  9.6115756    47.074128
  9.6117724    47.0739785
  9.6117348    47.0739138
  9.6118045    47.0738012
  9.6119696    47.0737132
  9.6120471    47.0736888
  9.6120811    47.0735135
  9.6120683    47.0733634
  9.6121712    47.0731981
  9.6122359    47.0731296
  9.6123153    47.0730832
  9.61232      47.0730434
  9.6124021    47.0729673
  9.6124223    47.0729306
  9.6124034    47.0728859
  9.6124096    47.0727886
  9.6124708    47.0725657
  9.6125946    47.0724379
  9.6126784    47.0722824
  9.6127374    47.072223
  9.6127702    47.0721479
  9.6128967    47.0720377
  9.6129635    47.0719161
  9.6129414    47.0718522
  9.6130084    47.0718411
  9.6130825    47.0717997
  9.6131468    47.0717416
  9.6131764    47.0716869
  9.6131747    47.0716193
  9.6132007    47.0715148
  9.6133342    47.0713965
  9.6133789    47.0712793
  9.6134294    47.0694891
  9.6126954    47.0683598
  9.6126889    47.0678816
  9.6125217    47.0678229
  9.6124883    47.0677601
  9.6124872    47.0677283
  9.6124648    47.0677049
  9.6123922    47.0676727
  9.6121143    47.0674145
  9.6120963    47.0673547
  9.6120463    47.0673136
  9.6120469    47.0672823
  9.6119571    47.0672503
  9.6118393    47.0672325
  9.611425     47.0669907
  9.6111298    47.0668382
  9.6112939    47.0665764
  9.6112933    47.066485
  9.6112621    47.0664168
  9.6112675    47.066381
  9.6113313    47.0662846
  9.6112714    47.0661979
  9.6112843    47.0661359
  9.6112493    47.0660499
  9.6112787    47.0660255
  9.6112737    47.0659579
  9.6112366    47.065907
  9.6112734    47.0658258
  9.6112293    47.0657731
  9.6112297    47.0657354
  9.6111829    47.0656053
  9.6112149    47.0655783
  9.6112258    47.0655477
  9.6112301    47.0654569
  9.6112935    47.0653829
  9.6113795    47.0653589
  9.6114721    47.065316
  9.6115881    47.0651639
  9.6115763    47.0651047
  9.6116146    47.0650175
  9.6116782    47.0649809
  9.6117967    47.0648472
  9.61177      47.0647645
  9.6117814    47.0646654
  9.6116872    47.0645003
  9.6115112    47.0643539
  9.6110496    47.0641083
  9.6109066    47.0640726
  9.6109089    47.0639888
  9.6108857    47.0639775
  9.6109082    47.0639449
  9.6108241    47.0638148
  9.6108231    47.0637666
  9.6107871    47.0637314
  9.6107622    47.063663
  9.6107894    47.0635997
  9.610756     47.0635065
  9.6107765    47.0634795
  9.6107291    47.0634152
  9.6106865    47.0633782
  9.6106259    47.0633527
  9.610543     47.0632687
  9.6104095    47.0631986
  9.6100897    47.0630701
  9.6100347    47.0630616
  9.609978     47.063073
  9.6098836    47.0630234
  9.6098134    47.0629349
  9.6098404    47.0628912
  9.6098038    47.0628622
  9.609755     47.0628625
  9.6096982    47.0628374
  9.6095902    47.0627718
  9.6095079    47.0627444
  9.6094305    47.0626878
  9.609365     47.0624185
  9.6092548    47.0623516
  9.6091877    47.0622904
  9.6091106    47.0622062
  9.6090971    47.062156
  9.6087799    47.0618621
  9.6086629    47.0618296
  9.608555     47.061768
  9.6083157    47.0615888
  9.6078322    47.0613411
  9.6074435    47.0610787
  9.607316     47.0609411
  9.6070616    47.0607698
  9.6071981    47.0607084
  9.607404     47.0605147
  9.607433     47.0604381
  9.6075517    47.0603692
  9.6075709    47.0602794
  9.6076889    47.0601436
  9.6079849    47.0599385
  9.6080767    47.0598749
  9.6081789    47.0597423
  9.6082461    47.0596882
  9.6084428    47.0596335
  9.6085223    47.0595161
  9.6085783    47.0595023
  9.6085783    47.0594446
  9.6086924    47.0594554
  9.6088426    47.0593745
  9.6089767    47.0594143
  9.6090344    47.0593963
  9.6091811    47.0592806
  9.609195     47.0592068
  9.609352     47.0590878
  9.6093787    47.0590309
  9.6097719    47.0588618
  9.6099206    47.0585721
  9.610013     47.0584707
  9.6100695    47.0584087
  9.6101581    47.0582011
  9.6102765    47.0580326
  9.6102476    47.0579762
  9.6102419    47.0579067
  9.6103911    47.0578431
  9.6104066    47.05779
  9.6106126    47.0577329
  9.61059      47.057682
  9.6107809    47.0576622
  9.6108043    47.0576184
  9.6112926    47.0575853
  9.6118196    47.0573093
  9.6118682    47.0573054
  9.6119822    47.0572963
  9.6121266    47.0572131
  9.6122378    47.0571982
  9.6124386    47.0570065
  9.6124391    47.0569161
  9.6125544    47.0569263
  9.6126527    47.0568716
  9.6127718    47.056791
  9.6127975    47.0567274
  9.613037     47.056597
  9.6131194    47.0565005
  9.6130792    47.0564693
  9.6131462    47.0563326
  9.6131155    47.0562635
  9.613461     47.0560925
  9.6135661    47.056105
  9.6136851    47.0560364
  9.6138866    47.0558809
  9.6141211    47.0558262
  9.6145986    47.0556199
  9.6148655    47.0555045
  9.6151041    47.0554911
  9.615424     47.0553822
  9.6155742    47.0553682
  9.6156368    47.0553624
  9.6157433    47.0552971
  9.6159822    47.0549616
  9.6162988    47.0548334
  9.6163955    47.0546778
  9.6164798    47.0546397
  9.6166041    47.0543849
  9.6166201    47.054374
  9.6167996    47.0542519
  9.6169798    47.0540303
  9.6170008    47.0538371
  9.6171241    47.0537622
  9.6172016    47.0536259
  9.6176207    47.0535687
  9.6177827    47.0534939
  9.6181381    47.0534836
  9.6182674    47.0534419
  9.6184333    47.0534358
  9.6187565    47.0534863
  9.6189863    47.0533623
  9.6191099    47.0533686
  9.619204     47.0534385
  9.6193324    47.053414
  9.619606     47.0534125
  9.6197243    47.0533238
  9.6196855    47.0532892
  9.620049     47.0533147
  9.6202298    47.0531338
  9.6204174    47.0530454
  9.6206191    47.0530065
  9.6206929    47.0530164
  9.62092      47.0529239
  9.6212067    47.0528363
  9.6215858    47.0528238
  9.6218198    47.0527443
  9.6220116    47.0525499
  9.6222079    47.0524664
  9.622724     47.0524221
  9.6230676    47.0524089
  9.6235843    47.0524665
  9.6240747    47.0525091
  9.6241709    47.0524639
  9.6242153    47.0525035
  9.6244759    47.0524399
  9.6245741    47.0524551
  9.6245617    47.0524135
  9.6248817    47.0523479
  9.6249728    47.0523852
  9.6250878    47.0523546
  9.6251154    47.0521913
  9.625232     47.0521081
  9.6252473    47.0520178
  9.6256832    47.051893
  9.6257289    47.0515746
  9.6258435    47.0515276
  9.6259455    47.0515138
  9.6259942    47.0514199
  9.6263272    47.0513274
  9.6275462    47.0517622
  9.6283777    47.0516445
  9.628949     47.0515339
  9.6291246    47.05151
  9.6296119    47.0514437
  9.6298242    47.0513827
  9.6300235    47.051404
  9.6305587    47.0513814
  9.6307738    47.0513723
  9.6315484    47.051291
  9.6321819    47.0513331
  9.6324231    47.0512794
  9.6326718    47.0512522
  9.6328908    47.0512769
  9.6332556    47.0514333
  9.6334533    47.0513683
  9.6339768    47.051422
  9.6344379    47.0515554
  9.6346286    47.051526
  9.634755     47.0516076
  9.6349734    47.0516553
  9.6352601    47.0516845
  9.635376     47.0516404
  9.6359038    47.0517137
  9.636199     47.0516688
  9.6365491    47.0517009
  9.6365494    47.0517011
  9.6368351    47.0518159
  9.6369487    47.0519664
  9.6373425    47.0522498
  9.6381515    47.0525979
  9.6382295    47.052689
  9.6386311    47.0527639
  9.6395092    47.053089
  9.6399101    47.053339
  9.6401332    47.0534088
  9.6402868    47.0535463
  9.6408413    47.0537494
  9.6410679    47.0537979
  9.6411648    47.0538675
  9.641333     47.0539206
  9.6413948    47.0541285
  9.6413171    47.0541855
  9.6413676    47.0542232
  9.6413543    47.0543363
  9.6412545    47.0544202
  9.6412064    47.054614
  9.6411573    47.0546358
  9.6411905    47.0548721
  9.6411037    47.054948
  9.6411776    47.0550116
  9.6411466    47.0551619
  9.6412763    47.0552421
  9.6414023    47.0553894
  9.6416013    47.0559781
  9.6418655    47.0563686
  9.6421356    47.0565699
  9.6421804    47.0567127
  9.642394     47.0568005
  9.6424383    47.0568552
  9.6424437    47.0570552
  9.6426363    47.0571483
  9.6427814    47.057277
  9.6431956    47.057429
  9.6433231    47.0575558
  9.6434285    47.0575807
  9.6433433    47.0576098
  9.6433443    47.0576401
  9.6434292    47.0576767
  9.6434523    47.0577528
  9.6435818    47.0578414
  9.6434092    47.0580175
  9.6434573    47.0580513
  9.6434599    47.0581476
  9.6435304    47.058164
  9.6435049    47.0582496
  9.643432     47.058298
  9.643533     47.0583722
  9.6435441    47.0585771
  9.643685     47.0587452
  9.6437087    47.0590768
  9.6438572    47.0591537
  9.6439026    47.0591439
  9.6440974    47.0592759
  9.6442637    47.0592645
  9.6443415    47.0593744
  9.6445722    47.0594907
  9.6446167    47.0594726
  9.6446991    47.0594977
  9.6447178    47.0595448
  9.6448284    47.0595871
  9.6448283    47.0596389
  9.6449307    47.059689
  9.6449221    47.0597161
  9.6450652    47.0597733
  9.6454049    47.0596309
  9.6455578    47.0596773
  9.6457275    47.0596635
  9.6457419    47.0596346
  9.6459335    47.059609
  9.6458905    47.0595698
  9.6460355    47.0595802
  9.6462674    47.0595194
  9.6463863    47.0595324
  9.6464269    47.0595018
  9.6464506    47.0595293
  9.6465389    47.0594966
  9.6467519    47.0594976
  9.6470526    47.0594269
  9.6470518    47.0594779
  9.6473775    47.0594282
  9.6473704    47.0594694
  9.6475985    47.0594481
  9.6477868    47.0595407
  9.6479229    47.0595173
  9.6480666    47.0595576
  9.6482683    47.0595487
  9.6482948    47.0595181
  9.6482565    47.0594697
  9.6483437    47.0594808
  9.6484083    47.0594466
  9.6486907    47.0594497
  9.6488277    47.0595072
  9.6492308    47.0594332
  9.6493822    47.0594423
  9.6494322    47.0593892
  9.6495787    47.0594018
  9.6496463    47.0593304
  9.6498816    47.0592721
  9.6500277    47.0593034
  9.6503351    47.0592317
  9.650423     47.0592511
  9.6506215    47.0591888
  9.6506869    47.0592214
  9.6509121    47.0590953
  9.6515741    47.0589962
  9.651754     47.0590119
  9.6521134    47.0589177
  9.6524908    47.0589253
  9.6527104    47.0588159
  9.6529548    47.0588311
  9.6531938    47.0587775
  9.6535833    47.0585736
  9.6538391    47.0585108
  9.6538478    47.0584769
  9.6542777    47.0583314
  9.654508     47.0583423
  9.654566     47.0583816
  9.6547435    47.0583491
  9.6548248    47.05841
  9.6549403    47.0583776
  9.6550136    47.0584222
  9.6552211    47.0583651
  9.6556462    47.0584773
  9.6558657    47.0584596
  9.6559549    47.058499
  9.6562712    47.0584652
  9.656293     47.0584921
  9.6567439    47.0582654
  9.6571512    47.0582398
  9.6573518    47.0581841
  9.6576715    47.0582021
  9.6578667    47.0581763
  9.6580597    47.0582157
  9.6582224    47.0581804
  9.6583716    47.0582831
  9.6585455    47.058264
  9.6586748    47.0582942
  9.6589952    47.0582304
  9.6591504    47.0582873
  9.659278     47.0582753
  9.6593503    47.0583405
  9.6594891    47.0583884
  9.6596701    47.0583692
  9.6596831    47.0584893
  9.6598538    47.0585502
  9.6600322    47.05853
  9.6600732    47.0585938
  9.6605698    47.058593
  9.6606565    47.0586362
  9.6607536    47.0586261
  9.6608401    47.0587252
  9.6609676    47.0587218
  9.6610607    47.0587604
  9.6611557    47.0587191
  9.6613252    47.058751
  9.6614112    47.0588079
  9.6616825    47.0588893
  9.661587     47.0588821
  9.6615979    47.0589185
  9.6616959    47.0589498
  9.6616493    47.058986
  9.6616793    47.0590137
  9.6617294    47.0589973
  9.6618328    47.0590459
  9.6619154    47.0589954
  9.6620925    47.0591421
  9.6622768    47.0591742
  9.6623365    47.0592327
  9.6623745    47.0591944
  9.6624386    47.0592197
  9.6626672    47.0593706
  9.6627946    47.0595038
  9.6630662    47.0595301
  9.6631711    47.059576
  9.6632076    47.0595539
  9.6634075    47.0595694
  9.6634626    47.0596123
  9.6636164    47.0596022
  9.6637301    47.0596423
  9.6639803    47.0596533
  9.6639725    47.059619
  9.6640108    47.0596241
  9.6641125    47.0597416
  9.6644004    47.059832
  9.6646335    47.0597835
  9.6648256    47.0598129
  9.6649709    47.0597663
  9.6651718    47.0599107
  9.6653155    47.0598698
  9.6653917    47.0599041
  9.6656987    47.0599012
  9.665798     47.0598328
  9.6661485    47.0598468
  9.666281     47.0599027
  9.666387     47.059832
  9.6664723    47.0599114
  9.6666612    47.0599382
  9.6669179    47.0599192
  9.6674749    47.0597577
  9.6677395    47.0596158
  9.6679203    47.0596013
  9.6683081    47.0594751
  9.6685551    47.0594621
  9.6687326    47.0593776
  9.6691664    47.0593321
  9.6692558    47.0592493
  9.670196     47.0594164
  9.6703062    47.0594923
  9.6708431    47.0595434
  9.6712168    47.0596478
  9.6715973    47.0598085
  9.6716646    47.0597468
  9.6719547    47.0596823
  9.6722854    47.0596599
  9.672501     47.0596815
  9.6726738    47.0597103
  9.6727684    47.0598026
  9.6729485    47.0598929
  9.6729243    47.0599319
  9.6730952    47.0599545
  9.673262     47.0600289
  9.6733294    47.060104
  9.6736482    47.0600428
  9.6740163    47.060056
  9.6741035    47.0601359
  9.6742264    47.0601578
  9.6742344    47.0602007
  9.6744336    47.0602617
  9.6745387    47.0603183
  9.6745261    47.0603496
  9.6746769    47.0604084
  9.6747496    47.0605099
  9.6746803    47.0605475
  9.6747543    47.0605818
  9.6749169    47.0605792
  9.6750361    47.0606081
  9.6750472    47.0606454
  9.6753908    47.0606304
  9.6758576    47.0605594
  9.6761283    47.0606194
  9.67611      47.0606685
  9.67618      47.0607035
  9.6763587    47.0606713
  9.6764384    47.0607299
  9.6764268    47.0607628
  9.6765117    47.06076
  9.6767285    47.060834
  9.676707     47.0608531
  9.6771229    47.0610674
  9.6772508    47.0612453
  9.6774379    47.0614018
  9.6798362    47.0622113
  9.6818475    47.0620959
  9.682648     47.0603339
  9.682523     47.0595262
  9.6820309    47.0589497
  9.6820963    47.0588717
  9.6821465    47.0588645
  9.6821222    47.0588425
  9.6823617    47.0586925
  9.6824473    47.0586951
  9.6825192    47.0586467
  9.6826968    47.05861
  9.6827013    47.058558
  9.6828754    47.0584433
  9.682954     47.0584395
  9.6830165    47.0583796
  9.6833099    47.058285
  9.6833972    47.0581516
  9.6834462    47.0581601
  9.6835115    47.058073
  9.6836456    47.0580531
  9.6836198    47.0579598
  9.6836708    47.0579254
  9.683813     47.0579561
  9.6837298    47.0578294
  9.6838798    47.0577906
  9.6838615    47.0577372
  9.6839254    47.0576453
  9.6842263    47.0575391
  9.6843544    47.057544
  9.6845047    47.0574287
  9.6846177    47.0573827
  9.6846943    47.0573872
  9.6846962    47.057332
  9.6847714    47.0572973
  9.6850182    47.057287
  9.6850127    47.0572499
  9.6850883    47.0572274
  9.6850066    47.0571596
  9.6850244    47.0571356
  9.6858225    47.0567246
  9.6858445    47.0566582
  9.6860144    47.056666
  9.6862305    47.0565971
  9.6862148    47.0565152
  9.6863179    47.0564583
  9.6863159    47.0563552
  9.6864963    47.0563634
  9.6866859    47.0562825
  9.6867956    47.0562835
  9.6868651    47.0562046
  9.6868558    47.0561521
  9.6867673    47.0561507
  9.6867908    47.0560716
  9.6870817    47.0560161
  9.6874303    47.0560102
  9.6875136    47.0559049
  9.687721     47.0558521
  9.6877031    47.0557901
  9.6879785    47.0557754
  9.6880159    47.055635
  9.687842     47.0555469
  9.6879955    47.0554794
  9.6881272    47.0552675
  9.6881992    47.0552246
  9.6885929    47.0552373
  9.6886952    47.0551887
  9.6890018    47.0551417
  9.6894387    47.0551161
  9.6895951    47.0551505
  9.6898723    47.055087
  9.6900443    47.0550997
  9.6913084    47.0548257
  9.6919664    47.0547375
  9.692244     47.0546257
  9.6925041    47.0545894
  9.6929244    47.0542625
  9.6929958    47.0542455
  9.6930438    47.0539631
  9.6930998    47.0539235
  9.6932622    47.0539611
  9.6933536    47.0539145
  9.693427     47.0539168
  9.6936084    47.0538072
  9.6938494    47.0537696
  9.6939039    47.0537258
  9.6944909    47.0536324
  9.69466      47.0535549
  9.6950719    47.0535149
  9.6954879    47.0533323
  9.695653     47.0532965
  9.6956659    47.0532641
  9.6961695    47.0531158
  9.6962546    47.0531213
  9.6962772    47.0530609
  9.6963659    47.053061
  9.6966487    47.0529658
  9.6966427    47.0529234
  9.6967591    47.0528933
  9.6967214    47.0528697
  9.6969416    47.0528077
  9.6969376    47.0527818
  9.6972757    47.0526052
  9.6975683    47.0523868
  9.6978343    47.0523802
  9.6992404    47.0524619
  9.7004656    47.0524833
  9.7015972    47.0522033
  9.7041679    47.0526085
  9.7070486    47.0537684
  9.707311     47.0538334
  9.7074238    47.0538171
  9.7075306    47.0537932
  9.7076043    47.0538061
  9.7076533    47.0537544
  9.7076557    47.0536455
  9.707815     47.0536142
  9.7078848    47.053475
  9.7080394    47.0534339
  9.7080581    47.0530896
  9.7081413    47.052821
  9.7082516    47.0525712
  9.7083165    47.0525162
  9.7085191    47.0517753
  9.7085854    47.0516628
  9.7083877    47.051592
  9.7082507    47.05146
  9.7081293    47.0514385
  9.7081589    47.0513842
  9.7075361    47.0512207
  9.7075347    47.0511828
  9.7072539    47.051062
  9.7072709    47.0510195
  9.7070744    47.0508953
  9.7069303    47.0508783
  9.7068862    47.0508071
  9.7067973    47.050786
  9.706835     47.0507638
  9.7065888    47.0506993
  9.706435     47.0506083
  9.7061398    47.0505672
  9.7060399    47.0504344
  9.7058118    47.0503767
  9.7057842    47.0503439
  9.7056793    47.050349
  9.7065153    47.0488349
  9.7064855    47.0487692
  9.7065906    47.0488047
  9.7066839    47.0487651
  9.7067767    47.0486399
  9.7067606    47.0483347
  9.7069984    47.0481325
  9.707061     47.0481274
  9.7070721    47.0480487
  9.7070185    47.0480442
  9.7071186    47.0480327
  9.70714      47.0479838
  9.7074012    47.0479505
  9.7075447    47.0478532
  9.707488     47.047811
  9.707502     47.0477768
  9.7078421    47.0476902
  9.7079172    47.0476335
  9.7081161    47.047616
  9.7083279    47.0474861
  9.7084762    47.0473059
  9.7089372    47.047156
  9.7090482    47.0470366
  9.7093565    47.0471075
  9.7096364    47.04704
  9.7098289    47.0469363
  9.7100636    47.0469151
  9.7102322    47.0468089
  9.7103772    47.0467968
  9.7104143    47.0467336
  9.7105386    47.0467313
  9.7106218    47.0466803
  9.710863     47.0466216
  9.7111593    47.0465925
  9.7114056    47.0464409
  9.7116726    47.0463704
  9.7119467    47.046196
  9.7125252    47.0460909
  9.7128351    47.0459311
  9.7130115    47.0457275
  9.7131975    47.0457017
  9.713984     47.0458001
  9.7141866    47.0456911
  9.7142721    47.0456997
  9.7144354    47.0456394
  9.7144137    47.0455388
  9.7144976    47.0454772
  9.7144521    47.0454295
  9.7144799    47.0453809
  9.7147474    47.0453083
  9.7147258    47.0452832
  9.7149569    47.045146
  9.7161583    47.0450727
  9.7162535    47.0450455
  9.7163004    47.0449902
  9.7168399    47.0448595
  9.7169166    47.0447809
  9.7169231    47.0447031
  9.717067     47.0446224
  9.716948     47.0444484
  9.7171099    47.0443293
  9.7172072    47.0443394
  9.7171719    47.0440216
  9.7173241    47.043952
  9.7173391    47.0438035
  9.7175928    47.043728
  9.7176351    47.0436238
  9.717726     47.0436003
  9.7177024    47.0435702
  9.7178691    47.0435878
  9.7181251    47.0434906
  9.7181393    47.0434015
  9.7182197    47.043373
  9.7184743    47.0433549
  9.7185157    47.0433853
  9.7185632    47.0433428
  9.7188029    47.0433869
  9.7192316    47.0433858
  9.7193225    47.0434072
  9.7192655    47.0435169
  9.7195032    47.0435659
  9.7197602    47.0434736
  9.7198296    47.043522
  9.7199509    47.0435415
  9.7199696    47.0436276
  9.7202266    47.0437246
  9.7202986    47.0438041
  9.720276     47.0438222
  9.7204028    47.0439188
  9.7207069    47.0438933
  9.7211193    47.0437675
  9.7212628    47.0437739
  9.721342     47.0437214
  9.72141      47.0437342
  9.7215841    47.043688
  9.7218148    47.0436758
  9.7227165    47.0438713
  9.7228511    47.0438394
  9.7231608    47.0438908
  9.7232018    47.0438691
  9.7234334    47.0439038
  9.7234786    47.043869
  9.7236412    47.0438809
  9.7239815    47.0439391
  9.7243534    47.0439172
  9.7245136    47.0439334
  9.7246928    47.0439992
  9.7249839    47.0440177
  9.7251291    47.0439704
  9.7252851    47.0439928
  9.725287     47.0439559
  9.7254029    47.0439549
  9.7254915    47.0438497
  9.7256134    47.0438728
  9.7256835    47.0438342
  9.7262378    47.0438418
  9.7263342    47.0438037
  9.7263515    47.0437561
  9.7264412    47.0437673
  9.7265009    47.0437269
  9.7267514    47.0437603
  9.7267807    47.0437081
  9.7270159    47.0436889
  9.7272277    47.0435705
  9.7274789    47.0435533
  9.7276078    47.0435998
  9.7277837    47.0436046
  9.7280508    47.0435248
  9.7280716    47.0434751
  9.7281909    47.0434393
  9.7285628    47.0434472
  9.7285772    47.0433777
  9.7287332    47.0433077
  9.7291576    47.0433657
  9.7291992    47.0433291
  9.7294481    47.0434013
  9.7300375    47.0433878
  9.7301024    47.0433582
  9.730286     47.0434413
  9.7302947    47.0434049
  9.7305139    47.0433575
  9.730542     47.0432604
  9.7312041    47.043347
  9.7313881    47.0434342
  9.7315839    47.0434557
  9.7318322    47.0433987
  9.7320298    47.0434016
  9.732137     47.0432855
  9.7322007    47.0431286
  9.732569     47.04304
  9.7327676    47.0430323
  9.7330197    47.0429461
  9.7330081    47.0429119
  9.7331195    47.0428616
  9.7331372    47.0428196
  9.7333447    47.0427755
  9.7337181    47.0425601
  9.733979     47.0425056
  9.7341588    47.0423914
  9.7346369    47.0422999
  9.7349159    47.0423526
  9.735102     47.042314
  9.735295     47.0423852
  9.7354193    47.0423745
  9.7355047    47.0424043
  9.7357837    47.0423538
  9.7357908    47.0422825
  9.7359335    47.0421195
  9.736156     47.0421872
  9.7363806    47.0421631
  9.7365426    47.0421939
  9.7367267    47.0421362
  9.7367344    47.0421053
  9.7369419    47.0420602
  9.7372077    47.0421217
  9.737323     47.0421065
  9.7376924    47.0420159
  9.7377305    47.0419607
  9.7379301    47.0419595
  9.738115     47.04189
  9.7382544    47.041889
  9.7383996    47.0419579
  9.7384506    47.0419362
  9.7385754    47.0419797
  9.7386648    47.0419465
  9.7387758    47.0419597
  9.7389916    47.0420805
  9.7390974    47.0420599
  9.7393325    47.0420793
  9.7393208    47.0421229
  9.7395323    47.0421469
  9.7395422    47.0421894
  9.7396476    47.042114
  9.7398094    47.0421389
  9.7400146    47.0422376
  9.7402032    47.0422456
  9.7402643    47.0423842
  9.7403605    47.042418
  9.7406193    47.0424761
  9.7408882    47.0424745
  9.7409312    47.0425131
  9.7409798    47.0424931
  9.7410267    47.0425327
  9.7411666    47.0425561
  9.7414374    47.0425755
  9.741858     47.0426741
  9.741846     47.0426177
  9.7417425    47.0425953
  9.7415795    47.0422937
  9.741683     47.0421839
  9.7416953    47.0419995
  9.7417816    47.041916
  9.7419444    47.041839
  9.742062     47.0416294
  9.7422429    47.0414933
  9.7426756    47.041475
  9.7426715    47.041438
  9.7428119    47.041498
  9.74291      47.0414869
  9.7429591    47.0415246
  9.7433754    47.0415677
  9.7434578    47.0415143
  9.7438927    47.0415165
  9.7439144    47.0414903
  9.7440764    47.0414755
  9.74445      47.0415028
  9.7446995    47.041449
  9.744799     47.0412722
  9.7451281    47.0411556
  9.7452595    47.0410686
  9.7453135    47.0408306
  9.7452656    47.0407155
  9.7453261    47.0406614
  9.7452974    47.0405973
  9.745381     47.0405185
  9.7453696    47.0404125
  9.7455902    47.0400793
  9.7455171    47.0397879
  9.7456544    47.0396629
  9.7455538    47.0395185
  9.7453172    47.0391335
  9.7454801    47.0391821
  9.745668     47.039125
  9.7460134    47.0391118
  9.7461067    47.0389241
  9.7460986    47.0387692
  9.7463222    47.0385783
  9.7464448    47.0385423
  9.7464473    47.0384861
  9.7463804    47.0384681
  9.7465399    47.0381829
  9.7465238    47.0380888
  9.7466719    47.0380323
  9.7466539    47.0379306
  9.7468302    47.0378785
  9.7470291    47.0376047
  9.7471431    47.0375454
  9.74746      47.0370577
  9.7478955    47.0369412
  9.7480871    47.0369219
  9.748535     47.0369668
  9.7488319    47.0369473
  9.7494963    47.0370183
  9.749813     47.036949
  9.750044     47.0369667
  9.7507404    47.0369015
  9.7508416    47.036962
  9.7509718    47.0369772
  9.7510289    47.0368976
  9.7513804    47.036822
  9.7517603    47.0367837
  9.751968     47.0368679
  9.75206      47.0368525
  9.7520618    47.036815
  9.7521966    47.0368181
  9.7527329    47.0367146
  9.7533486    47.0367908
  9.7536472    47.0368657
  9.7539094    47.0368361
  9.7540882    47.0368614
  9.7544228    47.0369833
  9.7544871    47.0370397
  9.7544989    47.0371407
  9.7547151    47.03725
  9.7549312    47.037235
  9.7550043    47.0371751
  9.7553815    47.03719
  9.7554976    47.0372298
  9.7561962    47.0372275
  9.7563213    47.037387
  9.7563259    47.0374967
  9.756418     47.0375219
  9.7563894    47.0375412
  9.7564268    47.037615
  9.7564792    47.0375901
  9.7565508    47.0376131
  9.7565456    47.0375775
  9.7566266    47.0375524
  9.7567443    47.0375742
  9.7569553    47.0378399
  9.7571302    47.0378069
  9.7572485    47.0378339
  9.7576108    47.0378325
  9.757675     47.0378219
  9.7577702    47.0377263
  9.7578926    47.0377157
  9.7580467    47.0377719
  9.7582552    47.0377479
  9.7584863    47.0378088
  9.758621     47.0377148
  9.75866      47.0375047
  9.7587964    47.0374569
  9.7588702    47.0373751
  9.7591861    47.0373811
  9.7592613    47.0373546
  9.7594353    47.0373958
  9.7596011    47.0372519
  9.7598483    47.0372799
  9.7599459    47.0373637
  9.7600547    47.0373679
  9.760076     47.0373156
  9.7601412    47.0373043
  9.7602826    47.0373395
  9.7603773    47.0373194
  9.7605402    47.0374025
  9.7607059    47.037377
  9.7607185    47.037432
  9.7608956    47.037553
  9.761093     47.0375791
  9.7611262    47.0376347
  9.7614747    47.037677
  9.761751     47.0376715
  9.7620756    47.0375641
  9.7620772    47.0375287
  9.7622715    47.037522
  9.762343     47.0374934
  9.7623187    47.0374202
  9.7624147    47.0374079
  9.7624263    47.0373795
  9.7628168    47.0374097
  9.7630867    47.0373711
  9.763362     47.0375731
  9.7636648    47.0376231
  9.7638054    47.0377496
  9.7640786    47.0378143
  9.7643296    47.0379911
  9.7644946    47.0379824
  9.7646315    47.0380223
  9.7646842    47.038002
  9.7649111    47.0380805
  9.7649132    47.0381079
  9.7652711    47.0380747
  9.7655212    47.0381293
  9.7655588    47.0381646
  9.7659465    47.0382097
  9.7660495    47.0381933
  9.7661809    47.0383226
  9.7662897    47.0383206
  9.7664595    47.0383745
  9.7664904    47.0384357
  9.7665401    47.03843
  9.7665292    47.0384763
  9.7666023    47.038493
  9.7666183    47.0385987
  9.7671232    47.0386419
  9.767152     47.0387
  9.7673007    47.0387885
  9.7673124    47.0387602
  9.7675266    47.0387772
  9.7678852    47.0387046
  9.7680571    47.0387146
  9.7681035    47.0386857
  9.7681219    47.038709
  9.7682631    47.0386887
  9.7685274    47.0387168
  9.7687457    47.0387905
  9.768774     47.0388575
  9.768991     47.0388884
  9.7691432    47.0390108
  9.7691383    47.0389374
  9.7692208    47.0388644
  9.7694829    47.0388205
  9.7699561    47.0388155
  9.7700572    47.0388515
  9.7702859    47.0388312
  9.7704343    47.0388477
  9.7706161    47.0389207
  9.7709174    47.0389332
  9.7709195    47.0388855
  9.7711335    47.0388365
  9.7712623    47.0388351
  9.7712811    47.038867
  9.7714013    47.0388803
  9.7715924    47.038856
  9.7719738    47.0388984
  9.7723817    47.0388716
  9.7730209    47.0387757
  9.7735693    47.0388593
  9.7735789    47.0388359
  9.7736652    47.0388545
  9.7737847    47.0388205
  9.7741707    47.0389548
  9.7742951    47.0390348
  9.7749212    47.0390974
  9.7752736    47.0390153
  9.7752816    47.038983
  9.775702     47.0388357
  9.7758976    47.0387
  9.7760403    47.0386701
  9.7761186    47.0386897
  9.7761789    47.0386059
  9.7765974    47.0385572
  9.7766442    47.0385095
  9.7768358    47.0385005
  9.7769498    47.0384495
  9.777086     47.038478
  9.7773243    47.0384503
  9.777447     47.038473
  9.7774844    47.038514
  9.7777177    47.0385137
  9.7777888    47.038625
  9.7779098    47.0386713
  9.7781618    47.038643
  9.7783196    47.0388209
  9.7784254    47.0388195
  9.7785682    47.0387423
  9.7789306    47.0386681
  9.7793467    47.0384848
  9.7798272    47.0384386
  9.7800943    47.0383708
  9.780214     47.038385
  9.7803557    47.0382404
  9.7805014    47.0381615
  9.7808361    47.0380326
  9.7811102    47.0379738
  9.7813451    47.0379956
  9.7816139    47.0380842
  9.7823706    47.0384334
  9.7832722    47.0383587
  9.7837851    47.0384839
  9.7843718    47.0385449
  9.7849242    47.038485
  9.7849111    47.038037
  9.7849469    47.0379636
  9.7850828    47.0379045
  9.785073     47.0377836
  9.7851476    47.0376773
  9.7850659    47.0375115
  9.7851345    47.0373078
  9.7852459    47.037218
  9.7852433    47.0371549
  9.785289     47.0371461
  9.7853042    47.0370292
  9.7852253    47.0368589
  9.7853622    47.0367898
  9.7853423    47.036741
  9.7855719    47.0367299
  9.7856716    47.0365159
  9.7857771    47.0364892
  9.785846     47.0364142
  9.7859654    47.0364041
  9.7859874    47.0363319
  9.7863308    47.0360967
  9.786383     47.0360941
  9.78644      47.0359366
  9.7864959    47.035932
  9.7866854    47.0357946
  9.7870408    47.0356755
  9.78716      47.0357681
  9.7871393    47.0357058
  9.787475     47.0355216
  9.7882411    47.0353058
  9.7887132    47.0351247
  9.7889973    47.035109
  9.7890029    47.0350577
  9.789222     47.034987
  9.7896506    47.0347579
  9.7899622    47.034464
  9.7899885    47.0343783
  9.7899384    47.0343408
  9.7900087    47.0343134
  9.7901374    47.0341435
  9.7900977    47.034049
  9.7902634    47.0339888
  9.7904149    47.0338483
  9.7906126    47.0337788
  9.7907104    47.0336609
  9.7908104    47.0336261
  9.7907665    47.0335303
  9.7907847    47.0333869
  9.7909411    47.0331677
  9.7911052    47.0330786
  9.7911146    47.033033
  9.7910597    47.0330016
  9.7910471    47.032862
  9.7909729    47.032804
  9.7910959    47.032646
  9.7912837    47.032506
  9.7914242    47.0322867
  9.7916404    47.0321877
  9.7917852    47.0318832
  9.7919027    47.0318341
  9.7919656    47.0317342
  9.7918819    47.031723
  9.7918979    47.0316858
  9.7923414    47.031597
  9.7926746    47.031596
  9.7927591    47.0315375
  9.7928216    47.0313988
  9.7929818    47.0312834
  9.7930928    47.0312957
  9.793143     47.0312442
  9.7931623    47.0312244
  9.7932659    47.031204
  9.7934929    47.0312004
  9.7940349    47.031114
  9.7943388    47.0309583
  9.7953205    47.0309212
  9.7953727    47.0308683
  9.7953339    47.0308567
  9.795348     47.0308137
  9.7952728    47.0308179
  9.7953192    47.0307689
  9.7952744    47.0307234
  9.7953186    47.0307157
  9.7953857    47.0305345
  9.7954477    47.0305163
  9.7953787    47.0304669
  9.7954332    47.0304225
  9.7954163    47.0303674
  9.7954784    47.0303601
  9.7956625    47.0302089
  9.7957878    47.0302239
  9.7959177    47.0301607
  9.7959003    47.0301414
  9.7961213    47.0301213
  9.7961595    47.0301736
  9.7964194    47.03022
  9.7968847    47.0302228
  9.7970723    47.0301538
  9.7972751    47.0301738
  9.7974637    47.0301191
  9.7976997    47.030102
  9.7977218    47.0301288
  9.7978       47.0300839
  9.7979844    47.0300762
  9.7980406    47.0298876
  9.7981519    47.0298484
  9.7981894    47.0297032
  9.7983834    47.0296033
  9.798735     47.0296119
  9.7990242    47.0296778
  9.7990771    47.0297184
  9.799174     47.0297215
  9.7992587    47.0296638
  9.7996321    47.0296708
  9.7997433    47.0295535
  9.7999731    47.029476
  9.8000129    47.0293779
  9.8001875    47.029392
  9.8002384    47.0292887
  9.8009225    47.0292028
  9.8010902    47.0290732
  9.8011913    47.0291005
  9.8012006    47.0290773
  9.8014085    47.0290869
  9.8015087    47.0289859
  9.801527     47.0289439
  9.80136      47.0285662
  9.801411     47.0285255
  9.8011307    47.0283698
  9.8011883    47.0282894
  9.8010679    47.0282041
  9.8010492    47.0281491
  9.8013629    47.0280919
  9.8014541    47.0279565
  9.8017543    47.02789
  9.8017463    47.0278183
  9.8019109    47.0277725
  9.8019995    47.0276966
  9.8021058    47.0277336
  9.8021737    47.0276053
  9.8022905    47.0275267
  9.8024206    47.0275417
  9.8025954    47.027508
  9.8026523    47.0274212
  9.8027324    47.0274022
  9.8031475    47.027061
  9.8034442    47.0269005
  9.8035197    47.0269004
  9.8035498    47.0268405
  9.8036676    47.026784
  9.8037458    47.0267634
  9.803874     47.0268257
  9.8039071    47.026783
  9.8038252    47.0267285
  9.803925     47.0267134
  9.8040415    47.0266287
  9.8041428    47.0266319
  9.8042459    47.0264675
  9.8043716    47.0263932
  9.8045562    47.0263463
  9.8047372    47.0260019
  9.8049039    47.0259864
  9.8057374    47.0254497
  9.8058563    47.0252784
  9.8059992    47.0251711
  9.8059939    47.0251355
  9.8061941    47.0249836
  9.8062518    47.0248538
  9.8066498    47.0244833
  9.8066321    47.0243275
  9.8065669    47.0243291
  9.8065086    47.0242631
  9.8065633    47.0241732
  9.8066385    47.0241329
  9.806738     47.0242481
  9.8069761    47.0241617
  9.8070585    47.0241736
  9.8071397    47.0240689
  9.8074188    47.0240092
  9.8074853    47.0239383
  9.8075516    47.0239592
  9.807704     47.0239223
  9.8075547    47.0236309
  9.8075727    47.0235624
  9.8076671    47.0235484
  9.807809     47.0235845
  9.807926     47.0236321
  9.8077991    47.023651
  9.8078883    47.0236872
  9.8079587    47.0236806
  9.8079876    47.0236408
  9.8081013    47.0236343
  9.8081295    47.0237474
  9.8082171    47.0236311
  9.8084643    47.023653
  9.8085476    47.0236181
  9.8086334    47.0236862
  9.8087202    47.02367
  9.8087385    47.0237174
  9.8088134    47.0237235
  9.8089128    47.0235942
  9.8090648    47.0235379
  9.809122     47.023567
  9.809232     47.0235219
  9.809391     47.0235207
  9.8094344    47.0234393
  9.8097287    47.0233216
  9.8096326    47.0231147
  9.8096561    47.0229641
  9.8096846    47.0228842
  9.8099179    47.0227486
  9.8099439    47.0227011
  9.8100587    47.0226838
  9.810532     47.0227492
  9.8104799    47.0226631
  9.8107099    47.0226828
  9.8107641    47.0225724
  9.8108726    47.02257
  9.8113435    47.0224266
  9.8115407    47.0224872
  9.8116394    47.0224754
  9.811639     47.0225397
  9.8117125    47.0225415
  9.8118731    47.022273
  9.8118408    47.0222506
  9.8118792    47.0221682
  9.8119503    47.0221468
  9.8119659    47.0220743
  9.8121666    47.0219533
  9.8122087    47.0219003
  9.8121945    47.0218196
  9.8123343    47.0217322
  9.8124952    47.0217461
  9.8128379    47.0217084
  9.8129873    47.0217276
  9.8130349    47.0217614
  9.8130123    47.0218561
  9.8133752    47.021898
  9.8135562    47.0218748
  9.813683     47.0218945
  9.8137496    47.0218336
  9.8138133    47.0218649
  9.8137995    47.0219178
  9.8139195    47.0220265
  9.8142456    47.0221096
  9.8142034    47.0221284
  9.8143498    47.022156
  9.8143346    47.0221846
  9.8145288    47.0222547
  9.8146522    47.0219472
  9.8148926    47.0218619
  9.8151479    47.0220726
  9.8154552    47.0225431
  9.8157102    47.0222962
  9.8158143    47.0223751
  9.8159975    47.0223563
  9.8166428    47.0221129
  9.8167423    47.0221606
  9.8169039    47.0221243
  9.8169785    47.0221419
  9.8170722    47.0220983
  9.8172067    47.0220917
  9.8172789    47.02205
  9.8172895    47.02199
  9.8174945    47.0219452
  9.8175832    47.0219769
  9.8178018    47.0219026
  9.8177057    47.0218206
  9.8177238    47.0217962
  9.8178854    47.0217795
  9.8181832    47.0218108
  9.8183497    47.0217374
  9.8183616    47.0216983
  9.8182549    47.0216414
  9.8185391    47.0216065
  9.8185357    47.0216312
  9.8186608    47.021638
  9.8188393    47.0215455
  9.81911      47.0214862
  9.8192048    47.0214378
  9.8191987    47.0214002
  9.8192574    47.0213895
  9.8192878    47.021327
  9.8198806    47.0211519
  9.8200095    47.0211571
  9.8201775    47.0211142
  9.8205201    47.0207478
  9.8206064    47.0207669
  9.820957     47.0206582
  9.8213003    47.0205983
  9.8213169    47.0205409
  9.821449     47.0204762
  9.8215644    47.0203394
  9.8220683    47.0203826
  9.8220973    47.0203193
  9.8222579    47.0202899
  9.8223775    47.0201548
  9.8224372    47.0201194
  9.8224678    47.0201417
  9.8226327    47.0200424
  9.8226234    47.0200042
  9.8227615    47.0199698
  9.8229104    47.0199822
  9.8229548    47.0200139
  9.8230386    47.0198905
  9.8232019    47.0198574
  9.8232421    47.0198878
  9.8233982    47.0198944
  9.8235387    47.0198586
  9.823571     47.0197637
  9.8237296    47.0197407
  9.8237729    47.0196755
  9.8238628    47.0196993
  9.8239436    47.019681
  9.8239418    47.0196464
  9.8240027    47.0196627
  9.8241374    47.0196171
  9.824226     47.0194898
  9.8241274    47.0192121
  9.8242106    47.0191127
  9.8241488    47.0191077
  9.8242442    47.0190685
  9.8242103    47.0190344
  9.8243175    47.0190664
  9.8245341    47.0188593
  9.8246438    47.018846
  9.8244823    47.0187364
  9.8245632    47.0186941
  9.8245304    47.0186397
  9.824708     47.0184984
  9.8248697    47.0184711
  9.824976     47.0183551
  9.8249885    47.0182849
  9.8252865    47.0181765
  9.8252514    47.0181552
  9.8253269    47.0180856
  9.8255389    47.0179685
  9.8255304    47.0179249
  9.8256384    47.0178424
  9.8256996    47.0177249
  9.8258493    47.0176383
  9.8259716    47.0176346
  9.8260241    47.0177088
  9.8260797    47.0177115
  9.8261167    47.0176013
  9.8262473    47.0175674
  9.8262661    47.0175238
  9.8263891    47.0175109
  9.8265385    47.017519
  9.8265863    47.0175887
  9.8266624    47.0176115
  9.8267897    47.0174651
  9.8270664    47.0174419
  9.8270153    47.0173652
  9.82717      47.0172272
  9.8272761    47.0172408
  9.8274924    47.0171895
  9.8275259    47.0171395
  9.8276881    47.0171281
  9.8278952    47.0169942
  9.8279745    47.0168265
  9.8279305    47.0166932
  9.8279715    47.0166692
  9.8282991    47.0166996
  9.8284318    47.0166834
  9.8285839    47.0167898
  9.8287472    47.0168224
  9.8289016    47.0167445
  9.8292605    47.0163824
  9.8293461    47.0161427
  9.8294698    47.0160712
  9.8295473    47.0159226
  9.8304305    47.0153005
  9.8305519    47.0146441
  9.8305202    47.0145914
  9.830582     47.0145761
  9.8305694    47.0144936
  9.8306704    47.0144469
  9.8307648    47.0143186
  9.8309941    47.0143088
  9.8313219    47.0143808
  9.8318013    47.0143818
  9.8319568    47.014346
  9.8330691    47.0145934
  9.8331171    47.0145098
  9.8331674    47.0145188
  9.8331864    47.0144801
  9.8332798    47.0144547
  9.8335448    47.014518
  9.8335793    47.0144717
  9.833623     47.0144876
  9.8336784    47.0144572
  9.8335929    47.0144418
  9.8336279    47.0144141
  9.8335791    47.0143217
  9.8339044    47.0143209
  9.8338645    47.0142371
  9.8337696    47.0142307
  9.8337782    47.0141877
  9.8338563    47.014173
  9.8339307    47.0142045
  9.8339548    47.0141602
  9.8340845    47.0142031
  9.8340777    47.0141028
  9.8341705    47.0141273
  9.834195     47.0140753
  9.8340842    47.0140514
  9.8342126    47.0140018
  9.8344149    47.0139918
  9.8344579    47.0140158
  9.8345866    47.0139362
  9.8345302    47.0139052
  9.8338272    47.0138479
  9.8339541    47.013789
  9.8341058    47.0136303
  9.8342604    47.013618
  9.8341464    47.0135809
  9.8341652    47.0135332
  9.834389     47.0134262
  9.8346338    47.0133899
  9.8346675    47.0133079
  9.8348029    47.0132699
  9.8349036    47.0132184
  9.8348962    47.0131913
  9.8350522    47.0132041
  9.8352709    47.0133135
  9.835431     47.0132961
  9.8356054    47.0133235
  9.8356262    47.013279
  9.8355621    47.0132398
  9.8355882    47.0130827
  9.8355477    47.0129642
  9.8355903    47.0129297
  9.8355477    47.0128854
  9.8357551    47.0128662
  9.835946     47.0127126
  9.8359861    47.0126209
  9.8361274    47.0125308
  9.8362617    47.0125696
  9.8363269    47.0127302
  9.8364336    47.0128204
  9.8367593    47.0128158
  9.8369913    47.012856
  9.8373114    47.0128557
  9.8374219    47.0128195
  9.8373636    47.0127852
  9.8375671    47.0127768
  9.8375768    47.0128296
  9.8376474    47.0128038
  9.8376454    47.0127464
  9.8377234    47.0127346
  9.8377138    47.0126784
  9.8380159    47.0126689
  9.837961     47.0125654
  9.8383828    47.0124823
  9.8387771    47.0124716
  9.8390855    47.0126001
  9.8394221    47.0126525
  9.8397396    47.0126541
  9.8381508    47.0129496
  9.8387816    47.0137411
  9.8410166    47.0151188
  9.8412251    47.0150811
  9.8414891    47.0150973
  9.8417628    47.0150729
  9.8420904    47.0151575
  9.8430561    47.0151616
  9.8433254    47.0152257
  9.843776     47.015441
  9.8442822    47.0156049
  9.8447073    47.015611
  9.8450747    47.0158237
  9.8454397    47.0158836
  9.8455213    47.0158554
  9.8459648    47.0159097
  9.8461661    47.0162201
  9.8464838    47.0162709
  9.8472058    47.0162965
  9.847738     47.0162493
  9.8479021    47.016301
  9.8485134    47.0162388
  9.848739     47.0163269
  9.8489938    47.0163403
  9.8496651    47.0163017
  9.8500529    47.0162436
  9.850265     47.016326
  9.8508835    47.0162925
  9.8511807    47.0164463
  9.8514716    47.0164652
  9.8515581    47.0165017
  9.851639     47.0164566
  9.851718     47.0164714
  9.8518729    47.0164326
  9.8519534    47.0164356
  9.8520035    47.0164963
  9.8521559    47.0165025
  9.8525022    47.0164114
  9.8527372    47.0164129
  9.8529161    47.0165778
  9.8530626    47.0166442
  9.8530976    47.0167244
  9.8531964    47.016748
  9.8532628    47.01681
  9.8533077    47.0169645
  9.8534412    47.0170047
  9.8534469    47.0170821
  9.8535108    47.0171352
  9.8536052    47.0171093
  9.8536672    47.0172155
  9.853639     47.0173069
  9.8537296    47.0173625
  9.8537545    47.0174322
  9.8544205    47.0174869
  9.8548439    47.0177229
  9.8554905    47.0179172
  9.8557073    47.0182615
  9.8558122    47.018329
  9.8559885    47.01835
  9.8560668    47.0184213
  9.8560464    47.0185343
  9.8561482    47.0186165
  9.856438     47.0187098
  9.8565523    47.0187965
  9.8567622    47.0188241
  9.8569662    47.0188023
  9.8569628    47.0188964
  9.8570737    47.0189448
  9.8570922    47.0190089
  9.8597541    47.02321
  9.8606692    47.0233085
  9.8609517    47.0229761
  9.8609398    47.0227129
  9.8615796    47.0223253
  9.8619302    47.0222435
  9.8621318    47.0222504
  9.8625047    47.022156
  9.8629988    47.0221795
  9.8635849    47.0219593
  9.8639405    47.0219806
  9.8640662    47.0218581
  9.8644598    47.0218618
  9.8645935    47.0219225
  9.8647237    47.0218818
  9.864963     47.0219039
  9.865213     47.0218001
  9.8652847    47.0216128
  9.8654413    47.0215721
  9.8665106    47.0215848
  9.8669137    47.0216031
  9.8669847    47.0215161
  9.8669778    47.0214263
  9.8670528    47.0213703
  9.8671949    47.0213241
  9.8676473    47.0212869
  9.8677396    47.0212902
  9.8681115    47.0214231
  9.8686842    47.0214275
  9.8687085    47.0213551
  9.8688282    47.0213713
  9.8691744    47.0213262
  9.869188     47.021266
  9.8691224    47.0212448
  9.8692542    47.0211668
  9.8694781    47.0211649
  9.8696685    47.0211975
  9.8698026    47.0212676
  9.8698902    47.0212557
  9.8700356    47.0213131
  9.870079     47.0213817
  9.8704397    47.0213993
  9.8706146    47.0214401
  9.870817     47.0214239
  9.8709095    47.0215028
  9.8709872    47.0215022
  9.8711913    47.0215869
  9.8712945    47.0215919
  9.8713203    47.0215429
  9.8714546    47.0215137
  9.8716501    47.0213772
  9.871774     47.0213455
  9.8719242    47.0214033
  9.872504     47.0214106
  9.8726168    47.0214306
  9.8727069    47.0214912
  9.8728947    47.0214883
  9.8729797    47.0215448
  9.8730439    47.0214817
  9.8731492    47.0215304
  9.8731548    47.0215708
  9.8732979    47.0215705
  9.8733825    47.0215202
  9.8734521    47.0215045
  9.8735012    47.0215552
  9.8738077    47.0215316
  9.8738825    47.0214859
  9.8739852    47.0214799
  9.873958     47.0214488
  9.874216     47.0214227
  9.8743091    47.021354
  9.874566     47.0213208
  9.8746221    47.0212731
  9.8748278    47.0213093
  9.8748441    47.021239
  9.8749855    47.0211801
  9.8752392    47.0212022
  9.8753414    47.0212442
  9.8756997    47.0211714
  9.8758369    47.0211794
  9.8759891    47.0212457
  9.876256     47.0212269
  9.8764169    47.0211295
  9.8764613    47.0210194
  9.876595     47.0209923
  9.8767247    47.0208895
  9.8774973    47.0206986
  9.8778031    47.0205528
  9.8777956    47.0205131
  9.8776776    47.0204629
  9.8777453    47.0203433
  9.8779592    47.020327
  9.877992     47.0202605
  9.8782302    47.0201501
  9.8782678    47.0200626
  9.878385     47.0200036
  9.8785472    47.020012
  9.8786781    47.0199359
  9.8787078    47.0198418
  9.8787942    47.0197911
  9.8789891    47.0198002
  9.8791865    47.0197632
  9.8792864    47.019587
  9.8794112    47.0195567
  9.879447     47.0194905
  9.8794083    47.0194959
  9.879391     47.0194266
  9.8792107    47.0193754
  9.8793585    47.0192728
  9.8793335    47.0192059
  9.8793715    47.0191492
  9.8791901    47.0191182
  9.8791467    47.0190717
  9.8793348    47.0189643
  9.8793109    47.0188812
  9.8795448    47.0187999
  9.8797216    47.0186079
  9.8796403    47.0185042
  9.8796997    47.0184327
  9.8796505    47.0183859
  9.879396     47.0184023
  9.8792641    47.0183786
  9.879266     47.0182481
  9.8793878    47.018216
  9.8794698    47.0182597
  9.8795691    47.0182288
  9.8796093    47.0181578
  9.8797528    47.0180874
  9.8797775    47.0181436
  9.879857     47.0180782
  9.8800096    47.0180566
  9.8800218    47.0180089
  9.8802446    47.0179839
  9.88034      47.0180177
  9.8803879    47.0179399
  9.8803021    47.0177945
  9.8804415    47.0176277
  9.8803321    47.0173628
  9.8803593    47.017224
  9.8797298    47.0168992
  9.8797057    47.0168156
  9.8795657    47.016761
  9.8792736    47.0167558
  9.879179     47.0167125
  9.8792031    47.0165202
  9.8790017    47.0165336
  9.8785812    47.016455
  9.8785351    47.016466
  9.878539     47.0164997
  9.8782305    47.0165188
  9.8783017    47.0164128
  9.8782019    47.0164065
  9.8781846    47.0163311
  9.8780849    47.0163081
  9.8778561    47.0163579
  9.8777158    47.0162962
  9.8775503    47.0163306
  9.8774075    47.0162606
  9.8772732    47.0162501
  9.8772079    47.0160282
  9.8772182    47.015949
  9.8773397    47.0158206
  9.8773214    47.0157788
  9.8767748    47.0157769
  9.8768277    47.0156985
  9.8767715    47.0156185
  9.8767965    47.0155603
  9.8764784    47.0154482
  9.8765599    47.0153819
  9.8764621    47.0153224
  9.8765226    47.0152533
  9.8761595    47.015289
  9.8761938    47.0151787
  9.8762913    47.015143
  9.8763       47.0150985
  9.8759115    47.0150409
  9.8759168    47.0150078
  9.8758191    47.0149912
  9.8757752    47.0148555
  9.8759124    47.0146676
  9.8757562    47.0144846
  9.8754122    47.0142327
  9.874822     47.0140259
  9.8742154    47.0139941
  9.8733606    47.014063
  9.8731674    47.0139476
  9.872892     47.013845
  9.8724784    47.0137881
  9.8723091    47.0137239
  9.8717582    47.0134609
  9.8711597    47.0130578
  9.8710608    47.0128456
  9.8710197    47.0124535
  9.8712658    47.0120324
  9.871438     47.0118358
  9.8716294    47.0114582
  9.8720233    47.0104256
  9.8720298    47.0102041
  9.8719094    47.010045
  9.8716035    47.0098896
  9.8710685    47.0098039
  9.8707048    47.0096514
  9.8707794    47.0096228
  9.8710763    47.009623
  9.8709407    47.0095713
  9.8708433    47.0095752
  9.870983     47.0094668
  9.8710007    47.009396
  9.8711596    47.0093778
  9.8717044    47.0091545
  9.8723492    47.0087335
  9.8724262    47.008622
  9.8725678    47.0085539
  9.8727448    47.0082581
  9.8727287    47.0081214
  9.8728196    47.0079415
  9.8727733    47.0078022
  9.8729313    47.0077816
  9.873067     47.0076611
  9.8732095    47.0076104
  9.8733305    47.0074723
  9.8733052    47.0073207
  9.8731316    47.0071573
  9.8731367    47.0070544
  9.8730249    47.0069593
  9.8729432    47.006704
  9.872944     47.0065221
  9.8732657    47.0063483
  9.8790466    47.0037115
  9.8795838    47.00396
  9.8805845    47.003548
  9.8808377    47.0033333
  9.8822132    47.0028437
  9.8830753    47.0022493
  9.8832622    47.0021836
  9.8832566    47.0021464
  9.8833513    47.0021466
  9.8833781    47.0021019
  9.8835561    47.002065
  9.8836408    47.0020111
  9.8837898    47.001983
  9.8839194    47.002015
  9.8841526    47.0018962
  9.8843726    47.0019447
  9.8852024    47.0018459
  9.8854568    47.0017434
  9.8857281    47.001533
  9.8861256    47.0013475
  9.8862939    47.0013237
  9.8865671    47.0012224
  9.8868123    47.0011944
  9.8867715    47.0011808
  9.8869239    47.0011401
  9.8872148    47.0009371
  9.8872581    47.0008203
  9.8875174    47.0007121
  9.8876224    47.0006902
  9.8878334    47.0007444
  9.8879039    47.000718
  9.8884108    47.0007163
  9.8884509    47.0007554
  9.8885869    47.0007813
  9.8887861    47.0007267
  9.8887126    47.0003243
  9.8887755    47.0002786
  9.8887661    47.0000872
  9.8888825    46.9999883
  9.8888516    46.9999657
  9.8889165    46.9998943
  9.8889318    46.9997843
  9.8890236    46.9997342
  9.8889489    46.9996959
  9.888942     46.9995829
  9.8890492    46.999545
  9.8890898    46.9994372
  9.8892467    46.9993713
  9.8891974    46.9992738
  9.8891351    46.9992593
  9.889175     46.998843
  9.8891158    46.9985002
  9.8891145    46.9981328
  9.8891317    46.9978012
  9.8893424    46.9973377
  9.8892576    46.9970649
  9.8895302    46.9968033
  9.8895544    46.9966165
  9.8897283    46.9963109
  9.8896025    46.9961943
  9.8896062    46.9961138
  9.8895082    46.9959647
  9.8894237    46.9954464
  9.8894591    46.9953351
  9.889343     46.9952655
  9.8894811    46.9951633
  9.889439     46.9950266
  9.8895731    46.9948954
  9.8895216    46.994794
  9.889522     46.9947316
  9.8895672    46.9947059
  9.8895046    46.9944156
  9.8896313    46.9943324
  9.8896409    46.9942436
  9.8895207    46.9941583
  9.8897767    46.9940431
  9.889909     46.9939204
  9.8901755    46.9937777
  9.8901731    46.9937071
  9.8901182    46.9936613
  9.890194     46.9936321
  9.8902033    46.9935412
  9.8901199    46.993422
  9.8902916    46.9933576
  9.8903338    46.9932783
  9.8900929    46.9932019
  9.8900656    46.9930577
  9.8902531    46.9928172
  9.8903738    46.9927422
  9.8905131    46.9925378
  9.8906856    46.9924807
  9.8905291    46.992437
  9.8905879    46.9921391
  9.8906629    46.9920168
  9.8905906    46.9918512
  9.8908083    46.9917171
  9.8908401    46.9916297
  9.8914566    46.9911433
  9.8916459    46.990904
  9.8917171    46.9908537
  9.8918807    46.9908318
  9.8918763    46.990743
  9.8921579    46.9904516
  9.8923127    46.990359
  9.8922329    46.9902667
  9.8921357    46.9902607
  9.8920478    46.9900537
  9.8919083    46.9899201
  9.8918756    46.9897736
  9.8919492    46.9897097
  9.8918445    46.9895962
  9.8917632    46.9894087
  9.8917502    46.989253
  9.8918523    46.9891647
  9.8919656    46.9889259
  9.8918561    46.9888448
  9.8916837    46.9888178
  9.8915646    46.9887619
  9.8914484    46.9885746
  9.891335     46.9885537
  9.891285     46.988466
  9.891165     46.988441
  9.8911298    46.9883499
  9.8910153    46.9883301
  9.8908827    46.9882332
  9.8904458    46.9880915
  9.8903852    46.9880212
  9.8896899    46.9878381
  9.8892648    46.9875763
  9.8892101    46.9875178
  9.8892099    46.9874275
  9.889049     46.9873559
  9.8889202    46.9873507
  9.888856     46.987313
  9.8885661    46.9873117
  9.8882141    46.9872123
  9.8880699    46.9872046
  9.8880495    46.9871545
  9.8877708    46.9871268
  9.8876139    46.9870183
  9.8873838    46.9867425
  9.8873067    46.9866839
  9.8872047    46.9866699
  9.8871825    46.986557
  9.8868367    46.9865396
  9.8865697    46.9864378
  9.8864761    46.9863826
  9.8863759    46.986192
  9.8862729    46.9861181
  9.8862055    46.9861335
  9.8862056    46.9860576
  9.8861496    46.9860746
  9.8861542    46.9860391
  9.8860974    46.9860441
  9.8860388    46.9859637
  9.8858637    46.9859576
  9.8857796    46.9859259
  9.8858091    46.9858844
  9.8857575    46.9858503
  9.8855989    46.9858463
  9.8854491    46.9857622
  9.8853778    46.9857631
  9.8852428    46.9855313
  9.8850816    46.9855231
  9.8850027    46.9854768
  9.8849547    46.9854984
  9.8849093    46.9854496
  9.8848258    46.985465
  9.8848403    46.9851943
  9.8847299    46.985081
  9.8847266    46.9849683
  9.8847925    46.9849168
  9.8848022    46.984802
  9.8846878    46.9845823
  9.8846409    46.9843606
  9.884517     46.9842973
  9.8843789    46.9840827
  9.8841287    46.9839061
  9.8838544    46.9836061
  9.8836893    46.9834987
  9.8837792    46.9833644
  9.8835559    46.9832463
  9.8833538    46.9832275
  9.8833565    46.9832019
  9.8831011    46.9832674
  9.8831741    46.9831436
  9.8832779    46.983078
  9.883233     46.9830185
  9.8833492    46.9829228
  9.8832995    46.9829213
  9.8832907    46.9828138
  9.8833464    46.9827415
  9.8836465    46.9825576
  9.8837639    46.9824252
  9.8837437    46.9823783
  9.8838226    46.9823277
  9.8837843    46.9822456
  9.8839478    46.982119
  9.8839678    46.9818279
  9.8840158    46.9817245
  9.8841961    46.9816236
  9.8843039    46.9814731
  9.884251     46.9814183
  9.8843262    46.9811795
  9.884412     46.9811588
  9.8844255    46.9810524
  9.8845581    46.980848
  9.8844952    46.9807644
  9.8840712    46.9804728
  9.8840664    46.9804049
  9.8838546    46.9803141
  9.8836665    46.980059
  9.8837132    46.9799725
  9.883649     46.9798714
  9.8833376    46.9798447
  9.8831277    46.979767
  9.8830867    46.9795382
  9.8829667    46.9794353
  9.882821     46.9793735
  9.8826633    46.9789503
  9.8826276    46.9789559
  9.8825547    46.9788633
  9.8823963    46.9787905
  9.8820751    46.9786331
  9.8819256    46.9784628
  9.8817171    46.9783308
  9.8814309    46.9781882
  9.8812939    46.9781937
  9.8812184    46.9779797
  9.8810884    46.9779361
  9.8808795    46.977965
  9.8807974    46.9778937
  9.8808046    46.9778505
  9.880746     46.977837
  9.8807378    46.9777999
  9.8806761    46.9778028
  9.8804988    46.9776669
  9.880411     46.9774824
  9.8801515    46.9772337
  9.8799112    46.9770935
  9.8799323    46.9770312
  9.8798138    46.976864
  9.8798656    46.9767476
  9.8797619    46.9767206
  9.8796596    46.9765706
  9.8797121    46.9764676
  9.8796388    46.9762563
  9.8796601    46.97613
  9.8796208    46.9760863
  9.8796574    46.976071
  9.879567     46.9760319
  9.8794733    46.9759046
  9.8794605    46.9758199
  9.8795214    46.9757276
  9.8794936    46.9756802
  9.8794639    46.9755861
  9.8794011    46.9755461
  9.8794134    46.9754666
  9.8793203    46.9754287
  9.879153     46.9752412
  9.8790185    46.9751757
  9.8788184    46.9751557
  9.8785107    46.9750583
  9.8783839    46.9750932
  9.8781925    46.9750342
  9.8780944    46.9750609
  9.8780097    46.9750047
  9.8778611    46.9750127
  9.8776628    46.9749244
  9.8775324    46.974905
  9.877424     46.9748458
  9.8774114    46.9747261
  9.8772247    46.974697
  9.8771571    46.9746545
  9.8770655    46.974479
  9.8767605    46.9744046
  9.8765452    46.974231
  9.8761682    46.9740621
  9.8760329    46.9738884
  9.8757607    46.9736345
  9.8757097    46.9736529
  9.8756369    46.9735559
  9.8756266    46.9734018
  9.8755848    46.9733605
  9.8756445    46.9731832
  9.8755994    46.9730532
  9.8754507    46.9729085
  9.8754337    46.972822
  9.8753174    46.9727281
  9.8752939    46.9726395
  9.8750318    46.9724855
  9.8747277    46.9720607
  9.8747048    46.9717198
  9.8748384    46.9714025
  9.8750699    46.9711001
  9.8751509    46.9710636
  9.8751573    46.9709884
  9.8752122    46.9709801
  9.875195     46.9709135
  9.8752469    46.9708396
  9.8755962    46.9706433
  9.8758107    46.9703796
  9.875972     46.9702687
  9.8760061    46.9701329
  9.8761779    46.9700545
  9.8761416    46.9699294
  9.8761704    46.9698358
  9.8760767    46.9697249
  9.8761726    46.9695784
  9.8761191    46.9694557
  9.8761918    46.9693528
  9.8761005    46.9692295
  9.8759862    46.9688151
  9.8758331    46.96869
  9.8757757    46.9685729
  9.8756608    46.9684777
  9.8756277    46.9683555
  9.875539     46.9682875
  9.875437     46.9679468
  9.8755038    46.9678254
  9.8754769    46.9675944
  9.8755873    46.9675457
  9.8755925    46.9674956
  9.8754757    46.9674421
  9.8754724    46.9672612
  9.8752078    46.9671155
  9.8751449    46.9670118
  9.8749855    46.9669095
  9.8749986    46.9668354
  9.8748789    46.9667857
  9.8746104    46.9665752
  9.8743733    46.9662347
  9.8742588    46.9661772
  9.8741419    46.9659191
  9.8740181    46.9659124
  9.8739395    46.965843
  9.8738012    46.965841
  9.8737877    46.9658054
  9.8726505    46.9652659
  9.8725621    46.9652591
  9.8724817    46.9651668
  9.8724019    46.9651594
  9.8722318    46.9648757
  9.8721312    46.964821
  9.8720781    46.964647
  9.8719296    46.9644219
  9.8717887    46.9638251
  9.871707     46.9637122
  9.871402     46.9635545
  9.8713556    46.9633653
  9.8711269    46.9632753
  9.8707408    46.9632093
  9.8712569    46.9630941
  9.871472     46.9628779
  9.872031     46.962506
  9.8722156    46.9622424
  9.872303     46.9622126
  9.8727031    46.9618412
  9.8727164    46.9616442
  9.8729114    46.9615111
  9.8730777    46.9613129
  9.8731076    46.9611804
  9.8730751    46.9610516
  9.8731451    46.960808
  9.8732799    46.9604919
  9.8733722    46.9604168
  9.8737367    46.9602974
  9.8741446    46.9600914
  9.8742883    46.9599503
  9.8745008    46.9598317
  9.8745241    46.9597352
  9.8746886    46.9595535
  9.8747542    46.9595498
  9.8747698    46.9594882
  9.8751706    46.9593165
  9.8752653    46.9592294
  9.8753211    46.9592113
  9.8755256    46.9592466
  9.8759667    46.9591149
  9.8760628    46.9590451
  9.8761575    46.9590305
  9.8762107    46.9589365
  9.8764175    46.9588892
  9.8764679    46.9587991
  9.8765509    46.9587563
  9.8766445    46.9587589
  9.8767859    46.9586651
  9.8768448    46.9587193
  9.8769136    46.9587074
  9.8770553    46.9585354
  9.8771794    46.9585135
  9.8772362    46.9584499
  9.8773562    46.9584114
  9.8773817    46.9583006
  9.8774923    46.9582437
  9.8776283    46.9580871
  9.8775577    46.9580705
  9.8775826    46.9580087
  9.8776524    46.9579902
  9.8777301    46.9578783
  9.8779848    46.9578359
  9.8780194    46.9577856
  9.8779555    46.9577407
  9.8780199    46.9577242
  9.8782224    46.9574738
  9.8783171    46.9574368
  9.8783534    46.9573324
  9.8785267    46.9571205
  9.8786082    46.9570737
  9.8787293    46.9570664
  9.8787531    46.9566838
  9.8788091    46.9565916
  9.8785431    46.9561555
  9.8785623    46.9558975
  9.878322     46.9555649
  9.8783216    46.9553785
  9.8782176    46.9552375
  9.8782409    46.9552025
  9.8781334    46.9552106
  9.8780428    46.9551776
  9.8777617    46.9548975
  9.87774      46.9548219
  9.8777795    46.954742
  9.877664     46.9547207
  9.8776246    46.9546255
  9.8774643    46.9544835
  9.8773498    46.9543139
  9.8775951    46.9540417
  9.8775938    46.9540051
  9.8775127    46.9539879
  9.8774639    46.9539327
  9.8773971    46.9537647
  9.8776929    46.9535398
  9.8777319    46.9534475
  9.8776741    46.9534359
  9.8776745    46.953389
  9.8777636    46.9532419
  9.8776925    46.9530888
  9.8777735    46.9529124
  9.877677     46.9529128
  9.8776806    46.9528095
  9.8775384    46.9527901
  9.8773836    46.9526674
  9.8771976    46.9526652
  9.8772201    46.9525169
  9.8771128    46.9523006
  9.8770873    46.9521238
  9.8773199    46.9518671
  9.8771855    46.9516061
  9.8770016    46.9513823
  9.8767247    46.9513642
  9.8766186    46.9512505
  9.8765615    46.9512474
  9.8763618    46.9511241
  9.8761439    46.9510977
  9.8760915    46.9510506
  9.8758044    46.9509488
  9.8755427    46.9507903
  9.8755434    46.9507442
  9.8753894    46.950713
  9.8752445    46.9505839
  9.8751456    46.9505474
  9.8751719    46.9505238
  9.8751235    46.9505057
  9.8751156    46.9504477
  9.8749939    46.9504417
  9.874888     46.9503901
  9.8750672    46.9500365
  9.8751301    46.9499941
  9.8750749    46.9498615
  9.8751315    46.9498311
  9.875135     46.9496749
  9.8752742    46.949383
  9.8752617    46.9491919
  9.8758183    46.9488563
  9.8758202    46.9487763
  9.8758842    46.9487006
  9.8758765    46.9484619
  9.8759197    46.948439
  9.8759177    46.948362
  9.8762529    46.947943
  9.8764509    46.9478499
  9.8765087    46.947754
  9.8766707    46.9477424
  9.8767775    46.9476216
  9.8767362    46.9474745
  9.8768115    46.9473964
  9.8767845    46.9473563
  9.8765059    46.9472692
  9.8763652    46.9469714
  9.8763615    46.9468301
  9.8764605    46.9468024
  9.8765094    46.9467303
  9.8766068    46.9464404
  9.8766318    46.9459727
  9.8767219    46.945819
  9.8766656    46.9454024
  9.8767099    46.9453302
  9.8768271    46.9452635
  9.8767018    46.9452056
  9.8767398    46.9449572
  9.8767824    46.9449475
  9.8767656    46.9448333
  9.8767242    46.944774
  9.87654      46.9446815
  9.8764816    46.9445643
  9.8765436    46.9443133
  9.8764975    46.9441869
  9.8765913    46.9439496
  9.876559     46.9438319
  9.8767697    46.943648
  9.8767323    46.9435177
  9.8768647    46.9433332
  9.8769665    46.9429232
  9.8769922    46.9425678
  9.8772197    46.9423547
  9.8771875    46.9422492
  9.8772492    46.9421914
  9.8771516    46.9420225
  9.8772701    46.9418511
  9.877018     46.9417886
  9.8770085    46.94171
  9.8769443    46.9417047
  9.876854     46.9415677
  9.8768995    46.9411961
  9.8766677    46.9410827
  9.87666      46.9408927
  9.8767151    46.9408158
  9.8766801    46.9407536
  9.8765808    46.9407053
  9.8770905    46.9404864
  9.8774821    46.9404753
  9.8776271    46.9404023
  9.8777759    46.940399
  9.8779161    46.940404
  9.8785129    46.9405932
  9.8785794    46.9405804
  9.8786604    46.9404843
  9.8788044    46.940446
  9.8788947    46.940505
  9.8788832    46.9405718
  9.8791217    46.9407066
  9.8796351    46.9405193
  9.8797564    46.9403461
  9.8798569    46.9402772
  9.8801856    46.9402392
  9.8804474    46.9402631
  9.88064      46.9402159
  9.8807164    46.9401109
  9.8807018    46.9400636
  9.8806429    46.9400232
  9.8805186    46.9400131
  9.8804987    46.9399632
  9.8806068    46.9398987
  9.8806605    46.9397073
  9.8804468    46.9397355
  9.8803172    46.9396659
  9.8803879    46.9395515
  9.8802916    46.9394179
  9.880284     46.9393116
  9.8801238    46.9392902
  9.8800405    46.9392322
  9.8800357    46.9391764
  9.8797586    46.9390749
  9.8795523    46.9387467
  9.8795796    46.9386196
  9.8795579    46.9386046
  9.8793431    46.9387156
  9.8790725    46.9387422
  9.8790801    46.9387057
  9.8788148    46.9385961
  9.8786487    46.9385502
  9.8785125    46.9385634
  9.8782964    46.9385199
  9.8782907    46.9384842
  9.8781593    46.9384256
  9.8782002    46.9384017
  9.8780454    46.9383439
  9.8780606    46.9383018
  9.878018     46.9382729
  9.877694     46.9381332
  9.8776449    46.9379763
  9.8776631    46.9378336
  9.8774979    46.9376289
  9.8773817    46.9375675
  9.8773888    46.9373354
  9.8772977    46.9370562
  9.8771845    46.9368974
  9.8770461    46.9363255
  9.8769364    46.9361661
  9.8763031    46.9351279
  9.8762282    46.9348757
  9.8760752    46.9347497
  9.8761376    46.9346275
  9.8765201    46.9346621
  9.8769198    46.9345586
  9.8770542    46.9345041
  9.877125     46.9344361
  9.877334     46.9343494
  9.8774523    46.9343638
  9.8776718    46.934296
  9.8783501    46.9344016
  9.8786105    46.9345336
  9.8786509    46.9346339
  9.8787825    46.9346505
  9.8787368    46.9347004
  9.8788098    46.934789
  9.8787128    46.9349426
  9.8787451    46.934979
  9.8786514    46.9350391
  9.8794348    46.9348799
  9.879578     46.9348966
  9.8796087    46.9349695
  9.879702     46.934932
  9.8798073    46.9349949
  9.879823     46.9349759
  9.879917     46.9350666
  9.8804155    46.9350538
  9.8805607    46.9350323
  9.8806042    46.9349846
  9.8807249    46.9350167
  9.880966     46.9349548
  9.8811022    46.9348931
  9.8813034    46.9348433
  9.881277     46.9345869
  9.8815189    46.9344762
  9.8816202    46.9344885
  9.88172      46.9344554
  9.8818897    46.9345326
  9.8821654    46.9345379
  9.8823685    46.9344401
  9.8824215    46.9343496
  9.8828248    46.9343299
  9.8829329    46.9342481
  9.8829999    46.9342609
  9.8830418    46.93422
  9.8831629    46.9341887
  9.8832068    46.9340096
  9.8833534    46.9339253
  9.8833378    46.9338415
  9.8834957    46.9336757
  9.8835118    46.9334498
  9.883609     46.933429
  9.8836806    46.933333
  9.8839615    46.9333232
  9.8842839    46.9331955
  9.8844069    46.9330178
  9.8846804    46.9330145
  9.884761     46.9329867
  9.8849389    46.9329559
  9.8851883    46.9328529
  9.8853042    46.9328737
  9.8854431    46.93285
  9.8855547    46.9328786
  9.8856546    46.9328624
  9.8861846    46.9326475
  9.8867926    46.9325715
  9.886954     46.9324888
  9.8871591    46.9325065
  9.8872261    46.9324716
  9.8873334    46.9325047
  9.8875451    46.9324239
  9.88787      46.9323826
  9.8879496    46.9323209
  9.8880709    46.9323
  9.8881353    46.9322395
  9.888282     46.9322423
  9.8883938    46.9322127
  9.8885105    46.9322101
  9.8887482    46.9321322
  9.8887918    46.9321623
  9.8889249    46.9321462
  9.8891669    46.9322733
  9.889402     46.932193
  9.8894792    46.9322145
  9.8895512    46.9321389
  9.8896062    46.9321676
  9.8895752    46.9322105
  9.8896703    46.9321747
  9.8898679    46.9321004
  9.8900839    46.9321137
  9.8906585    46.9319327
  9.890839     46.9319553
  9.8913916    46.9317776
  9.8915207    46.9318231
  9.8917811    46.9318495
  9.8918705    46.9318444
  9.8918607    46.9317984
  9.8919593    46.9317458
  9.8923093    46.9317525
  9.892343     46.9318016
  9.8925947    46.9317137
  9.8926733    46.931671
  9.8926438    46.9316396
  9.8927595    46.9316503
  9.8929503    46.9315537
  9.8932141    46.9316312
  9.8934006    46.9316147
  9.8933954    46.931661
  9.8935305    46.931723
  9.89371      46.9316421
  9.893779     46.9316711
  9.8938315    46.9316215
  9.8940187    46.9317042
  9.8941078    46.9316519
  9.8941794    46.9316808
  9.8942964    46.9316296
  9.8944853    46.9316447
  9.8944966    46.9316066
  9.8948591    46.9315263
  9.8949732    46.9314151
  9.895144     46.9314042
  9.8954247    46.9312729
  9.8957993    46.9309782
  9.8960147    46.930968
  9.8960746    46.9308726
  9.8960191    46.9308353
  9.896369     46.9306287
  9.8965733    46.930601
  9.8967395    46.9305113
  9.8968616    46.9305637
  9.8969257    46.9305461
  9.8972108    46.9303474
  9.8974329    46.9303357
  9.8976623    46.9302133
  9.8976222    46.9301095
  9.8976749    46.9300531
  9.8976812    46.929805
  9.8977483    46.9297367
  9.8977189    46.9296477
  9.8976295    46.9296452
  9.8977266    46.9295979
  9.898036     46.9296078
  9.8981689    46.9295279
  9.8981562    46.9294679
  9.8983334    46.9293772
  9.898527     46.9293441
  9.8985837    46.9292428
  9.8988077    46.9291195
  9.898761     46.9290438
  9.8987975    46.9290076
  9.8990247    46.9288357
  9.8991479    46.9288087
  9.8993804    46.9286098
  9.8993988    46.9284807
  9.899513     46.9283749
  9.8995176    46.9282721
  9.8997259    46.9279654
  9.8997654    46.9276919
  9.8999072    46.9274064
  9.9000247    46.9273371
  9.9006615    46.9271687
  9.9013559    46.9267858
  9.9014469    46.9266723
  9.9018121    46.9267292
  9.9020503    46.9267231
  9.9025404    46.9268496
  9.9026938    46.9266961
  9.9029298    46.926618
  9.9032341    46.9263981
  9.9039379    46.9261866
  9.904245     46.9260309
  9.9049637    46.9259171
  9.9052909    46.9259131
  9.9056807    46.9258176
  9.9059045    46.925867
  9.906153     46.9258293
  9.9063207    46.9253006
  9.9073139    46.9250714
  9.9079539    46.9249237
  9.909922     46.9255214
  9.9102477    46.9255091
  9.9104288    46.9254086
  9.9110665    46.9255284
  9.9114474    46.9255082
  9.9116483    46.9257546
  9.9121116    46.9260884
  9.9123097    46.9260554
  9.9125407    46.9259617
  9.9128731    46.9257416
  9.9129644    46.9256003
  9.9135173    46.9253176
  9.9137246    46.9252505
  9.9145686    46.9248027
  9.9147122    46.9247254
  9.9147255    46.9246323
  9.9152285    46.9243298
  9.9152933    46.9241764
  9.9153297    46.9240904
  9.9156898    46.9238005
  9.9158393    46.9235822
  9.9158684    46.9234937
  9.9159247    46.923322
  9.9160549    46.9233097
  9.9161444    46.9232535
  9.9161496    46.9225825
  9.9161701    46.9224466
  9.9160567    46.9224222
  9.9161457    46.9223601
  9.9160773    46.9223309
  9.9161187    46.9223054
  9.9160433    46.922213
  9.9161368    46.9221341
  9.9162597    46.9221193
  9.9164982    46.9219968
  9.9164797    46.9218269
  9.9165485    46.92167
  9.9168327    46.9215884
  9.9167855    46.9215414
  9.9168576    46.9215255
  9.9169763    46.9214993
  9.91702      46.9214303
  9.9174174    46.9213302
  9.9177188    46.9210552
  9.9178173    46.9208958
  9.9179858    46.9208602
  9.9182135    46.9206432
  9.9182623    46.9205794
  9.9184955    46.9205169
  9.9185548    46.9204316
  9.9187547    46.9203631
  9.9192362    46.9202914
  9.9194806    46.9201649
  9.9196278    46.9200162
  9.9198764    46.919931
  9.919994     46.9199124
  9.920147     46.919892
  9.920553     46.9197033
  9.920871     46.9195087
  9.9212472    46.9192784
  9.921499     46.9189971
  9.9215303    46.918824
  9.9218206    46.9187228
  9.9219319    46.918684
  9.9222343    46.9185059
  9.9226459    46.9184816
  9.9225704    46.9183793
  9.9227135    46.9183184
  9.922766     46.918296
  9.9227769    46.9182428
  9.9231357    46.9182286
  9.9238683    46.91799
  9.9241002    46.9179531
  9.9245761    46.9177609
  9.9248737    46.9176407
  9.9256515    46.9175328
  9.925796     46.9174788
  9.9258015    46.9174303
  9.9259022    46.9173538
  9.926219     46.9172641
  9.9262341    46.917185
  9.9264208    46.9171668
  9.9266983    46.9170583
  9.9267314    46.9170453
  9.9269934    46.9170676
  9.9272279    46.9169981
  9.927494     46.9169829
  9.9275973    46.9169382
  9.9277877    46.9169633
  9.9278459    46.9169206
  9.9283774    46.916877
  9.9284888    46.916813
  9.9285875    46.9167563
  9.9293869    46.9164738
  9.929498     46.9163824
  9.929816     46.916307
  9.929967     46.9162279
  9.9300298    46.9161224
  9.9303085    46.9159729
  9.9304469    46.9157829
  9.9305838    46.9157434
  9.9311597    46.9155775
  9.93135      46.9154542
  9.9315851    46.9154153
  9.9320867    46.9151537
  9.9321224    46.9150948
  9.9322469    46.915096
  9.932364     46.9151985
  9.932403     46.9151275
  9.9324579    46.9151312
  9.932502     46.9150914
  9.9325899    46.9151141
  9.9326928    46.9150285
  9.9328655    46.915014
  9.9332591    46.9149809
  9.9333506    46.9148739
  9.9333464    46.9148039
  9.9334653    46.9147253
  9.9336875    46.9146862
  9.9337768    46.9146705
  9.9338506    46.9146093
  9.9342143    46.9145239
  9.9342369    46.914496
  9.934281     46.9144418
  9.9345957    46.9144609
  9.9346538    46.9143573
  9.9346896    46.9142933
  9.9351342    46.9141565
  9.9352612    46.9141174
  9.9356249    46.9140631
  9.9357831    46.9139046
  9.9363331    46.9137029
  9.9366079    46.9135336
  9.9369168    46.9134539
  9.9372253    46.9133112
  9.9374313    46.9132969
  9.9375809    46.9132426
  9.9378976    46.9132368
  9.9381999    46.9131501
  9.938307     46.9131965
  9.9384022    46.9131976
  9.9387215    46.9131112
  9.9389113    46.913167
  9.939124     46.9131668
  9.9391753    46.9131667
  9.9392605    46.9131853
  9.9396645    46.9131058
  9.9399398    46.9130952
  9.9400419    46.913135
  9.9405345    46.9131054
  9.9408198    46.9130373
  9.94113      46.9131153
  9.9414261    46.9131256
  9.9415549    46.9131987
  9.9417902    46.9132158
  9.9419654    46.9132955
  9.9421576    46.9132484
  9.9422589    46.9132437
  9.942549     46.9131194
  9.9426065    46.9131204
  9.9428553    46.9131247
  9.9430328    46.9131687
  9.9433241    46.9131534
  9.9435024    46.913118
  9.9435134    46.913098
  9.9435571    46.9130185
  9.9437921    46.9130308
  9.9438967    46.9130363
  9.9442891    46.9129431
  9.944986     46.9125947
  9.9453832    46.9125668
  9.9455718    46.9125536
  9.9457623    46.9124399
  9.946121     46.9123495
  9.9462354    46.9124501
  9.9463021    46.9126457
  9.9465852    46.9126908
  9.9467847    46.9126746
  9.946974     46.9127825
  9.9471039    46.9127804
  9.9472687    46.9129147
  9.9475777    46.9129856
  9.9475684    46.9130434
  9.9477146    46.9131176
  9.9478149    46.9131133
  9.9479417    46.9132409
  9.9480882    46.9132787
  9.9481904    46.9132495
  9.9483128    46.9133601
  9.9485438    46.9134341
  9.9487267    46.9133884
  9.9486848    46.9134522
  9.9488496    46.9135307
  9.9489489    46.913514
  9.9490676    46.9136346
  9.9492758    46.9136064
  9.9493406    46.9136742
  9.949329     46.9137296
  9.9494282    46.9137538
  9.9495222    46.9138494
  9.949623     46.9138596
  9.9496273    46.9139588
  9.9497617    46.9140892
  9.9498352    46.9141503
  9.9498783    46.914272
  9.9505054    46.9143946
  9.9507935    46.9143256
  9.9511237    46.9143791
  9.9511191    46.9143244
  9.9512763    46.9143752
  9.9516104    46.91438
  9.9520678    46.9143294
  9.9521052    46.9143771
  9.9522695    46.9143656
  9.9522907    46.9144172
  9.9523682    46.914406
  9.9525444    46.9145008
  9.9526764    46.9145106
  9.9530398    46.9146188
  9.953148     46.9146446
  9.9532336    46.9147184
  9.9534866    46.9149366
  9.9535448    46.9149459
  9.9539108    46.9150046
  9.9541203    46.9150734
  9.9543204    46.9152257
  9.9544638    46.9153227
  9.9546284    46.9153367
  9.9548215    46.9152895
  9.9549582    46.9153545
  9.9549959    46.9154212
  9.9551395    46.9154416
  9.9552209    46.9154531
  9.9553903    46.9154079
  9.9555293    46.9154421
  9.955621     46.9155266
  9.955768     46.9155222
  9.9558557    46.9155781
  9.9560184    46.9155566
  9.9560826    46.9156068
  9.9562116    46.9155971
  9.9564809    46.9155991
  9.9568233    46.9156232
  9.9571077    46.9157537
  9.9573528    46.9158205
  9.9586019    46.9160022
  9.9587176    46.9159906
  9.9590704    46.9160246
  9.959094     46.9159251
  9.9594459    46.9156835
  9.9595819    46.9154233
  9.9597981    46.9153738
  9.9598875    46.9153533
  9.959945     46.9152562
  9.9600851    46.915228
  9.9600369    46.9151449
  9.9601518    46.9150903
  9.9601753    46.9151275
  9.9602757    46.9151006
  9.9603207    46.9151449
  9.9603642    46.915135
  9.9604056    46.9150407
  9.9606201    46.9150282
  9.960895     46.9149452
  9.9609629    46.9148651
  9.9611544    46.9148518
  9.9614566    46.9146994
  9.9614895    46.9146411
  9.9618033    46.9145587
  9.9618019    46.914452
  9.9615415    46.9144365
  9.9615575    46.9142341
  9.9618282    46.9139478
  9.9618434    46.9137799
  9.9620449    46.9136751
  9.9622192    46.9134492
  9.9624077    46.9133563
  9.9625702    46.9133378
  9.9626362    46.9132489
  9.9627569    46.9132292
  9.9628286    46.913152
  9.9628605    46.9130553
  9.9629302    46.9128438
  9.9628934    46.9126201
  9.9628827    46.9125551
  9.9630505    46.9124954
  9.9631115    46.9123974
  9.9632719    46.9123869
  9.9634403    46.9124996
  9.9636799    46.9125229
  9.9636738    46.9125627
  9.9638567    46.9125965
  9.9640574    46.9125482
  9.9641435    46.912586
  9.9642946    46.9125685
  9.9643765    46.912641
  9.964329     46.9127609
  9.9644458    46.9127839
  9.9646077    46.9127227
  9.9647091    46.9126127
  9.9648684    46.9125092
  9.965297     46.912361
  9.9655331    46.9123404
  9.9656536    46.912378
  9.9657551    46.9122825
  9.965911     46.9122854
  9.9659446    46.9122428
  9.9660507    46.9122516
  9.9660669    46.9123325
  9.966272     46.9122786
  9.9664269    46.9122987
  9.9665663    46.9122226
  9.966818     46.9122524
  9.9669045    46.9123432
  9.9678174    46.9125303
  9.9679125    46.9125846
  9.9679165    46.9126213
  9.968285     46.9127522
  9.9685986    46.9130155
  9.9687674    46.9130053
  9.9688534    46.9130809
  9.9689455    46.9131175
  9.9691238    46.9131551
  9.9693959    46.9131311
  9.9697516    46.9132755
  9.9701781    46.9133013
  9.9702972    46.9133452
  9.9705583    46.9133365
  9.9707599    46.9134017
  9.9711464    46.9134149
  9.9713699    46.913372
  9.9715037    46.9133778
  9.9714577    46.913378
  9.9715954    46.9134382
  9.9716801    46.913449
  9.9717635    46.9135019
  9.9719509    46.9136207
  9.9721034    46.9137855
  9.9721359    46.9138206
  9.9723075    46.9138999
  9.9722905    46.9139436
  9.9724306    46.9140044
  9.972649     46.9142288
  9.9726597    46.9143039
  9.9725878    46.9143416
  9.9726734    46.914439
  9.9727616    46.9144558
  9.9727964    46.9144989
  9.9728201    46.9145397
  9.9728152    46.9148159
  9.972852     46.9149189
  9.9729534    46.9150595
  9.9730709    46.915104
  9.9731379    46.9152198
  9.9734113    46.9152644
  9.9736267    46.9152657
  9.9736903    46.9153019
  9.9738533    46.9153946
  9.9739452    46.9154468
  9.9740058    46.9154813
  9.9741351    46.9154957
  9.97444      46.9155297
  9.9747024    46.9156519
  9.9751392    46.9156761
  9.9753351    46.9157944
  9.9754133    46.9157549
  9.97556      46.9158074
  9.9756237    46.9157463
  9.9761719    46.9158229
  9.9765652    46.9158085
  9.9769263    46.9158986
  9.9771081    46.9158928
  9.9773445    46.9158241
  9.9774572    46.9157913
  9.9775571    46.9158162
  9.9776267    46.9158335
  9.9778951    46.9159003
  9.9781344    46.9156956
  9.9781208    46.9154775
  9.9782213    46.9154366
  9.9784508    46.9151399
  9.9785564    46.9151192
  9.9785802    46.9149682
  9.9787981    46.9147136
  9.9790114    46.9145812
  9.9792522    46.9145398
  9.979362     46.9144701
  9.9793954    46.9143592
  9.9795589    46.9142538
  9.9799797    46.9141795
  9.980188     46.9141031
  9.9804913    46.9138501
  9.9805867    46.9137355
  9.9806037    46.9135872
  9.9807826    46.9133707
  9.9807806    46.9131598
  9.9805829    46.9129871
  9.9806384    46.912755
  9.980831     46.9125911
  9.9808791    46.9124512
  9.9809509    46.9124178
  9.9809846    46.9123556
  9.9810486    46.9122373
  9.9811578    46.9121602
  9.9815276    46.9120802
  9.981782     46.9119187
  9.9813447    46.9113294
  9.9815545    46.9106504
  9.9818056    46.9104292
  9.9819488    46.9103031
  9.9821675    46.9100011
  9.9821267    46.9095168
  9.9822277    46.9092782
  9.9820358    46.9092078
  9.9818832    46.9090809
  9.9817901    46.908876
  9.9818534    46.908644
  9.9816684    46.9083997
  9.9815471    46.9082857
  9.9812616    46.9081484
  9.981412     46.9080952
  9.9816527    46.9080101
  9.9816897    46.9077708
  9.9819371    46.9073746
  9.9821201    46.9069131
  9.9823843    46.9064447
  9.9823923    46.9062876
  9.9824336    46.9061986
  9.9826533    46.9060978
  9.9832531    46.9060519
  9.9833474    46.9059971
  9.9834494    46.9060071
  9.9836165    46.905955
  9.9838718    46.905915
  9.9839421    46.9058538
  9.9840881    46.9059046
  9.9842845    46.9058419
  9.9845252    46.9058389
  9.9846841    46.9057862
  9.9847577    46.9057077
  9.9847225    46.9056766
  9.9849181    46.9056053
  9.9854484    46.9056342
  9.9855882    46.9055991
  9.9857266    46.9055167
  9.9858585    46.9055306
  9.9859796    46.9054192
  9.986229     46.9054931
  9.9866286    46.9055459
  9.9867073    46.9055376
  9.9868058    46.9055273
  9.9869304    46.9053249
  9.9869142    46.9052293
  9.9869382    46.9051634
  9.9870564    46.9051151
  9.9872361    46.9050416
  9.9872976    46.9049442
  9.9873919    46.9049106
  9.9873474    46.9047928
  9.9875862    46.9045861
  9.9875454    46.9045065
  9.987667     46.9044204
  9.9876806    46.9042505
  9.9877622    46.9042178
  9.9877903    46.9040833
  9.9879389    46.9039937
  9.987962     46.9039047
  9.9882213    46.9037613
  9.9882969    46.9037695
  9.988423     46.9036586
  9.9886152    46.9036059
  9.9887559    46.9034329
  9.9888688    46.9034113
  9.9889236    46.9033286
  9.9891019    46.9033118
  9.9892502    46.9032063
  9.9894829    46.9031354
  9.9901165    46.9024793
  9.9901098    46.9024082
  9.9902085    46.9024232
  9.990506     46.9023344
  9.9906266    46.9023758
  9.9908357    46.9023696
  9.9908962    46.9023229
  9.9910722    46.9024149
  9.9911762    46.9025207
  9.9914048    46.9024677
  9.9915255    46.9024403
  9.9916264    46.9023398
  9.9916859    46.9023867
  9.9920807    46.9023757
  9.9921296    46.9024267
  9.9922468    46.9024406
  9.9922698    46.9024839
  9.9923691    46.9024844
  9.9924573    46.9025573
  9.9928285    46.9025775
  9.9929545    46.9023595
  9.993286     46.9022583
  9.9934564    46.9022713
  9.9936956    46.9023599
  9.9941351    46.9023653
  9.9942432    46.9023329
  9.9944219    46.9024038
  9.9947319    46.9022813
  9.99497      46.902315
  9.9951011    46.9021767
  9.9952445    46.9022117
  9.9953795    46.9021787
  9.9954365    46.9022602
  9.9955577    46.9022627
  9.9956042    46.9022842
  9.9957295    46.9022374
  9.9958154    46.9022605
  9.9958833    46.9022183
  9.9961392    46.9021327
  9.9962782    46.9020359
  9.996858     46.9018963
  9.9969648    46.9019125
  9.9973158    46.9019659
  9.9973992    46.9020349
  9.9976656    46.9017337
  9.9976381    46.90168
  9.9978829    46.901536
  9.9979465    46.9014215
  9.998146     46.9013226
  9.9984773    46.9012542
  9.9987602    46.9011464
  9.9990981    46.9008531
  9.9994095    46.900724
  9.9995506    46.9006242
  9.9995756    46.9006065
  9.9996375    46.9004887
  9.9997288    46.9004912
  9.9997283    46.9004647
  9.9997806    46.9004508
  9.9998369    46.900415
  9.999793     46.9003319
  10.0000214   46.9003067
  10.0003157   46.9001587
  10.000398    46.9001915
  10.0007348   46.8999126
  10.0010989   46.8998254
  10.0012756   46.8997831
  10.0013651   46.8996957
  10.0015344   46.8996892
  10.0021331   46.8994349
  10.0021864   46.8994616
  10.00266     46.8993203
  10.0030496   46.8992935
  10.0032068   46.8992187
  10.0032961   46.8992049
  10.0033563   46.8991476
  10.0035157   46.8991753
  10.0037152   46.8991317
  10.0040466   46.89918
  10.0043489   46.8990856
  10.0046272   46.8990607
  10.0047381   46.899028
  10.0047757   46.8989398
  10.0049435   46.8988926
  10.005576    46.8988863
  10.0056971   46.8988612
  10.005806    46.8988574
  10.0059087   46.8987998
  10.0059996   46.8989533
  10.0060587   46.8990021
  10.0061205   46.8990531
  10.0062176   46.8990843
  10.0063911   46.8992922
  10.0066553   46.8993313
  10.006693    46.8993655
  10.007078    46.8992623
  10.0072685   46.8994099
  10.0074537   46.8994058
  10.0074926   46.8994691
  10.0076986   46.8995043
  10.0077988   46.8994897
  10.0079605   46.8993435
  10.0080343   46.8994858
  10.0080296   46.8996469
  10.0081429   46.8997316
  10.0082178   46.8998753
  10.0083994   46.8998396
  10.0087161   46.9000058
  10.0088566   46.9000358
  10.0089947   46.8999649
  10.009161    46.9001703
  10.0093603   46.9002561
  10.0094991   46.9002983
  10.0095924   46.9003607
  10.0095744   46.9004066
  10.0096004   46.9004323
  10.0097924   46.9005151
  10.0100206   46.9005083
  10.0100365   46.9004358
  10.0103699   46.9004514
  10.0104657   46.9004128
  10.0107502   46.9005271
  10.011053    46.9004871
  10.0113064   46.9003751
  10.0113531   46.9004157
  10.0115068   46.9004104
  10.0116575   46.9003126
  10.0118738   46.9003063
  10.0121815   46.9003526
  10.0122885   46.9004088
  10.0124104   46.9003695
  10.0125429   46.9003932
  10.012737    46.9004604
  10.0127549   46.9004991
  10.0129008   46.9004892
  10.0130795   46.9004364
  10.0130965   46.9003745
  10.0130668   46.9002697
  10.0137065   46.9002977
  10.0141497   46.9001786
  10.0143911   46.9001753
  10.0144803   46.900124
  10.0149284   46.9001812
  10.0149592   46.9002535
  10.0151956   46.9003077
  10.0152589   46.900378
  10.0154078   46.9003763
  10.0154969   46.9004052
  10.0155144   46.9004676
  10.0157907   46.9005123
  10.0160914   46.9005916
  10.016107    46.9007042
  10.0163298   46.9007885
  10.0166032   46.9009307
  10.0167077   46.9009851
  10.016776    46.901073
  10.0171445   46.9011863
  10.0173277   46.9013514
  10.0175741   46.9015735
  10.0177002   46.9016237
  10.0178184   46.9016148
  10.0178666   46.9015492
  10.0182003   46.9013959
  10.0182624   46.9012166
  10.0185872   46.9011172
  10.0185927   46.9008943
  10.0185137   46.9008139
  10.0184982   46.900645
  10.0189978   46.8998174
  10.0192253   46.8997071
  10.0194245   46.899403
  10.0194811   46.8991444
  10.0196173   46.8989657
  10.0196918   46.8989689
  10.0197785   46.8989046
  10.0198597   46.898779
  10.0201548   46.8986729
  10.0204632   46.8986673
  10.0208199   46.8984795
  10.0210721   46.898479
  10.0212911   46.8983044
  10.0213875   46.8980947
  10.0218598   46.8978899
  10.022202    46.8978496
  10.0222669   46.8977971
  10.0223124   46.8977197
  10.0222996   46.89763
  10.0222859   46.8975154
  10.0222097   46.8973765
  10.0223833   46.8972928
  10.0224074   46.8972241
  10.0225993   46.8971802
  10.02274     46.8970828
  10.0229452   46.8968167
  10.0230151   46.8968159
  10.0232266   46.8966275
  10.02319     46.8966023
  10.023369    46.8964873
  10.0237577   46.8965663
  10.0238663   46.8965309
  10.0239427   46.896433
  10.0242705   46.8964699
  10.0244607   46.8963799
  10.0246565   46.8963879
  10.0248579   46.8962626
  10.0251181   46.8961764
  10.0252775   46.8960543
  10.0255105   46.8960469
  10.0255607   46.8959556
  10.0256633   46.8959372
  10.0257033   46.8958756
  10.0258404   46.8958217
  10.0260018   46.8959079
  10.0261778   46.8958709
  10.0262649   46.8958001
  10.0264672   46.8958057
  10.026703    46.8955394
  10.0266217   46.8955126
  10.0265317   46.8953914
  10.0267307   46.8951111
  10.0269297   46.8949681
  10.02699     46.8947397
  10.0277122   46.8942486
  10.0278241   46.8940333
  10.0278794   46.8939854
  10.0280328   46.8934497
  10.0282014   46.8932124
  10.0282779   46.8931807
  10.0282621   46.8931279
  10.0284808   46.8928337
  10.0285763   46.8919645
  10.028764    46.8918816
  10.0287928   46.8918147
  10.0289388   46.8918245
  10.0289647   46.8916089
  10.0290687   46.8915102
  10.0291347   46.8913194
  10.0292152   46.8911632
  10.0296655   46.8909584
  10.0298861   46.8907751
  10.02996     46.8907992
  10.0301649   46.8907317
  10.0302115   46.8906061
  10.0302908   46.8905792
  10.0303323   46.8904565
  10.0304007   46.8903743
  10.0304552   46.8900928
  10.0307186   46.8897741
  10.0316446   46.8894359
  10.0317177   46.8891598
  10.0320596   46.8889824
  10.0321453   46.8887863
  10.0322504   46.8887234
  10.0322953   46.8885595
  10.0322519   46.8883811
  10.0322597   46.888281
  10.0322302   46.8882176
  10.0322281   46.8881178
  10.0322055   46.8880172
  10.0326299   46.8878324
  10.0328144   46.8876697
  10.0330336   46.8876859
  10.033085    46.8876175
  10.0332428   46.8875959
  10.0333169   46.8875259
  10.0335383   46.8874796
  10.0336708   46.887372
  10.0337746   46.8873698
  10.0339097   46.8872834
  10.0340259   46.8871562
  10.0342584   46.8870337
  10.0344224   46.8868275
  10.0344735   46.8868411
  10.0346046   46.8867405
  10.034654    46.8865802
  10.0351191   46.8865946
  10.0352463   46.8867177
  10.0352562   46.8868296
  10.0353854   46.8868855
  10.0356603   46.8867806
  10.0358158   46.8867802
  10.0358919   46.8867452
  10.0359769   46.8867421
  10.0359976   46.886668
  10.0361414   46.8866338
  10.0362967   46.8866678
  10.0364099   46.8866524
  10.0364423   46.8866775
  10.0365062   46.8866264
  10.0366382   46.886729
  10.0370185   46.8867175
  10.0374187   46.8867832
  10.037521    46.8867542
  10.0376296   46.8867621
  10.0376233   46.886719
  10.0376996   46.8867292
  10.0376814   46.8866933
  10.0378708   46.8866979
  10.0378482   46.8866327
  10.0381097   46.8865886
  10.0386804   46.8861882
  10.0389144   46.8861128
  10.0393089   46.8858067
  10.0393734   46.8856447
  10.0394838   46.8856241
  10.0396241   46.8854172
  10.0397463   46.8853941
  10.0397989   46.8851893
  10.03996     46.8850424
  10.0399102   46.8849892
  10.0400957   46.8848181
  10.0401373   46.8846879
  10.0403585   46.884539
  10.0404359   46.8844213
  10.0409826   46.8841522
  10.0412394   46.883926
  10.0411007   46.883471
  10.0412743   46.8829584
  10.0414135   46.8828311
  10.041651    46.882462
  10.0419033   46.8823491
  10.0418282   46.8821633
  10.041877    46.8821449
  10.0418525   46.8820768
  10.0419953   46.8820313
  10.0419901   46.8819434
  10.0421366   46.8817368
  10.0420869   46.8816898
  10.0421157   46.8814919
  10.0423076   46.8812587
  10.0422789   46.8811319
  10.0423901   46.8808031
  10.0423413   46.8806675
  10.0424049   46.880617
  10.0424375   46.8804396
  10.0425537   46.8804344
  10.0425954   46.8803822
  10.042687    46.8804344
  10.0430309   46.8804037
  10.0434374   46.8802542
  10.0439697   46.8803257
  10.0440697   46.8803033
  10.0441101   46.8802004
  10.0444108   46.8801535
  10.0446554   46.8800059
  10.0450518   46.8800632
  10.0454128   46.8799789
  10.0455458   46.879945
  10.0456638   46.879698
  10.0460091   46.8796133
  10.0464618   46.8793516
  10.0465304   46.8792201
  10.0467321   46.879141
  10.046762    46.8790866
  10.0470649   46.8790691
  10.0473814   46.8789701
  10.0474435   46.8788285
  10.0476463   46.8787552
  10.048066    46.8784286
  10.0482148   46.8784055
  10.0486687   46.8781225
  10.0488862   46.8779394
  10.0489816   46.8778135
  10.0491448   46.8777576
  10.0496417   46.8773744
  10.0498177   46.8772052
  10.0502268   46.8770359
  10.0503854   46.8769177
  10.0508091   46.8768613
  10.0510724   46.8767176
  10.0512539   46.8766298
  10.0519377   46.8767513
  10.0516523   46.8765217
  10.051583    46.8763975
  10.0516203   46.8763084
  10.0515704   46.8761558
  10.051835    46.8760971
  10.0519601   46.8759916
  10.0521116   46.8759944
  10.0521677   46.8759267
  10.0522473   46.8759161
  10.0522765   46.8759372
  10.0524046   46.8758864
  10.0525998   46.8757467
  10.0526567   46.8754835
  10.0525712   46.8753609
  10.0523956   46.8753281
  10.0524256   46.8749922
  10.0523589   46.8749218
  10.0523965   46.8747819
  10.0525828   46.8746941
  10.0521147   46.8743607
  10.0520922   46.8742493
  10.0519245   46.8740502
  10.0516207   46.8738523
  10.0515241   46.8737637
  10.0515434   46.8735379
  10.0514601   46.8733625
  10.051549    46.8731371
  10.0517885   46.8728979
  10.0519829   46.8727996
  10.0518523   46.8725825
  10.0518608   46.8724854
  10.0516938   46.8723561
  10.0518935   46.8722431
  10.0519197   46.8721581
  10.0518401   46.872057
  10.0516295   46.8719497
  10.0515847   46.8718374
  10.0514706   46.8717522
  10.0514122   46.8717692
  10.0512887   46.8717142
  10.0510902   46.871325
  10.0505361   46.8709148
  10.0505467   46.8708748
  10.0510979   46.8706366
  10.051349    46.87036
  10.0510449   46.8701863
  10.0509839   46.8700114
  10.051042    46.8697195
  10.0507716   46.8694666
  10.050731    46.8692665
  10.0507758   46.8691686
  10.0506706   46.8689722
  10.0506561   46.8686045
  10.0508456   46.8684331
  10.0510535   46.8683506
  10.0511272   46.8682497
  10.0511407   46.8681777
  10.0512596   46.867942
  10.050946    46.8677015
  10.0509418   46.8674699
  10.0509978   46.8674188
  10.0509659   46.8673653
  10.0510424   46.8673263
  10.0510368   46.8672455
  10.0510896   46.867106
  10.0510497   46.867055
  10.0511483   46.8668523
  10.0510477   46.8667125
  10.0511164   46.8666153
  10.051032    46.8665438
  10.0509596   46.8665654
  10.0510069   46.8664731
  10.0509944   46.8663809
  10.0508821   46.8662159
  10.0509396   46.8660175
  10.0508776   46.8658054
  10.0509277   46.8656556
  10.0508399   46.8655753
  10.0508993   46.8654112
  10.0508537   46.8652628
  10.0508101   46.865121
  10.0507896   46.8650543
  10.0508915   46.8648369
  10.0509415   46.8644911
  10.0508964   46.8644202
  10.0510916   46.864268
  10.0511978   46.8639422
  10.0515651   46.8637297
  10.0519108   46.8636639
  10.0523498   46.8634385
  10.0524591   46.8634342
  10.0527292   46.863317
  10.0528754   46.8633185
  10.053169    46.8632023
  10.0533238   46.8631269
  10.0534795   46.8629517
  10.0539465   46.8623487
  10.0542343   46.8621805
  10.0543477   46.8620037
  10.0546905   46.8618585
  10.0548814   46.8617049
  10.0555069   46.8615806
  10.055686    46.8616047
  10.0563035   46.8619188
  10.0566835   46.8620373
  10.0569024   46.862058
  10.0571974   46.8620302
  10.0574651   46.8619687
  10.0576639   46.8618374
  10.0576993   46.8617588
  10.0578896   46.8616766
  10.0583485   46.8613153
  10.0595933   46.8607711
  10.0607143   46.8607307
  10.0619987   46.8611554
  10.06332     46.8615573
  10.0640538   46.8615514
  10.0646503   46.8614723
  10.0649946   46.8614962
  10.0657897   46.8613371
  10.0663331   46.8613433
  10.0667022   46.8613798
  10.0669055   46.8613572
  10.0677484   46.8614661
  10.0680921   46.8612761
  10.0686244   46.8612294
  10.0691934   46.8613148
  10.069626    46.8614299
  10.070685    46.8614096
  10.071466    46.8615009
  10.0718163   46.861569
  10.07217     46.8616248
  10.0729871   46.8617063
  10.0733887   46.8617628
  10.0738037   46.8617938
  10.0741979   46.8618886
  10.0744412   46.861899
  10.074708    46.8618971
  10.074751    46.8619224
  10.0749484   46.8619436
  10.0751153   46.8619214
  10.0752684   46.861911
  10.0753706   46.861866
  10.0754843   46.8618522
  10.0755217   46.8618298
  10.0756602   46.8617915
  10.0759185   46.8616738
  10.0761955   46.8616734
  10.0763081   46.8616096
  10.0765703   46.861663
  10.0768045   46.8616212
  10.0769504   46.8615606
  10.0773837   46.8615296
  10.0774736   46.8615565
  10.0776344   46.8614785
  10.077867    46.8614378
  10.0778124   46.8614009
  10.0779924   46.8613242
  10.078015    46.8612995
  10.0780649   46.8613131
  10.078363    46.8612209
  10.0784616   46.861182
  10.0786167   46.8611698
  10.0788426   46.8611764
  10.0789733   46.8611176
  10.079073    46.8610896
  10.0791632   46.8610814
  10.0792099   46.8611027
  10.0793284   46.8610858
  10.0793313   46.8610488
  10.0794266   46.8610279
  10.0794518   46.8609538
  10.0795867   46.8609175
  10.0797704   46.8608824
  10.0802396   46.8607357
  10.0803215   46.8607227
  10.0804243   46.8607014
  10.0804594   46.8607021
  10.0805333   46.8607014
  10.0806108   46.8606824
  10.0806329   46.8606013
  10.0808333   46.8605333
  10.0808602   46.8605194
  10.0809365   46.860447
  10.0809739   46.8604523
  10.0811233   46.8603852
  10.0811949   46.8604076
  10.0812105   46.8604246
  10.0812427   46.8604345
  10.0812823   46.8604206
  10.0813195   46.8604576
  10.0813398   46.8605067
  10.0813993   46.8605518
  10.0814845   46.860546
  10.0815779   46.8605087
  10.0816906   46.8604234
  10.0817585   46.8603906
  10.0818302   46.8603693
  10.0819407   46.8603969
  10.0820334   46.8604294
  10.0821275   46.8604363
  10.082182    46.8604161
  10.0822194   46.8603746
  10.0822909   46.8603377
  10.0824069   46.8603946
  10.0824482   46.8603746
  10.0825086   46.8603749
  10.082537    46.860431
  10.0825968   46.8604381
  10.0827207   46.8604108
  10.082797    46.8603565
  10.082936    46.8603275
  10.0829385   46.8602918
  10.0830539   46.8602862
  10.0831208   46.8602617
  10.0832116   46.8602946
  10.0833092   46.8602947
  10.0833839   46.8602745
  10.0834727   46.8602841
  10.0834929   46.8603171
  10.0836169   46.8603063
  10.0836719   46.8602639
  10.0838027   46.8602106
  10.0838648   46.8602086
  10.0839373   46.8603262
  10.0854004   46.8605705
  10.0855298   46.8606243
  10.0855651   46.8605843
  10.085627    46.8605749
  10.085736    46.86068
  10.0858438   46.860645
  10.0859674   46.8606449
  10.0860073   46.8606833
  10.0860415   46.8607642
  10.086096    46.8608036
  10.0861451   46.8608544
  10.0864121   46.860925
  10.0868588   46.8610768
  10.0872294   46.861189
  10.0873837   46.8612137
  10.0874505   46.8611963
  10.0875065   46.8611059
  10.0876473   46.861022
  10.0877099   46.8609191
  10.0877837   46.8608025
  10.0877588   46.8607568
  10.0879092   46.8604946
  10.0880408   46.8604349
  10.0881122   46.8603245
  10.0883571   46.8600745
  10.0886731   46.8598467
  10.0887399   46.8598407
  10.0889918   46.8597241
  10.0891755   46.859623
  10.0892549   46.8595623
  10.0894902   46.8594723
  10.0896768   46.8594505
  10.0897531   46.8594505
  10.0901595   46.8593643
  10.0903447   46.85931
  10.090483    46.8592592
  10.0908787   46.859156
  10.0913782   46.85897
  10.0914828   46.8589236
  10.091556    46.858865
  10.0916521   46.8588203
  10.091679    46.8587735
  10.0916728   46.858733
  10.0917443   46.8585914
  10.0918207   46.8585361
  10.091911    46.8584453
  10.0919655   46.8584339
  10.0920838   46.8583742
  10.092204    46.8583009
  10.0923858   46.8582699
  10.0924014   46.8582507
  10.0925726   46.8581975
  10.0926323   46.8581685
  10.0926731   46.8581338
  10.0926754   46.858058
  10.0926452   46.8580087
  10.0925835   46.8578984
  10.0925421   46.8577873
  10.0925773   46.8577536
  10.0926116   46.8576822
  10.0926972   46.8575758
  10.0927377   46.8575577
  10.0927984   46.8574885
  10.0927986   46.8574432
  10.0928996   46.8572851
  10.0929089   46.8572213
  10.0929354   46.8571936
  10.0929838   46.8571099
  10.0929624   46.8570026
  10.0928077   46.8568753
  10.0926775   46.8567601
  10.0926178   46.8566485
  10.0925789   46.8565271
  10.0925462   46.856328
  10.0924911   46.8562505
  10.0924403   46.8562173
  10.0924056   46.8561654
  10.0923485   46.8559703
  10.0922208   46.855817
  10.0921928   46.8557755
  10.0921834   46.8557148
  10.0921429   46.8556403
  10.0920439   46.8555383
  10.0918856   46.8553355
  10.0918039   46.8550185
  10.0917724   46.8550015
  10.0917366   46.8549397
  10.0916928   46.8549139
  10.0916852   46.8547651
  10.091665    46.8545873
  10.0916525   46.8543584
  10.0916758   46.8542853
  10.0919841   46.8539229
  10.0920666   46.8538857
  10.0920567   46.8537431
  10.092076    46.8537079
  10.0920869   46.8536695
  10.0921398   46.8536536
  10.0921687   46.8536292
  10.0921741   46.8534949
  10.0921383   46.8534023
  10.0921601   46.8533097
  10.0921616   46.853232
  10.0922005   46.8529541
  10.0922373   46.8529359
  10.0922519   46.8527976
  10.0922846   46.8526985
  10.0923298   46.8525122
  10.0923251   46.8524356
  10.092359    46.8523926
  10.0923438   46.8523301
  10.0923516   46.8522514
  10.0923516   46.8521811
  10.0923376   46.8521161
  10.0923344   46.8520586
  10.0923453   46.8520299
  10.09234     46.8519755
  10.0922862   46.8519277
  10.0922659   46.8518787
  10.0922985   46.851863
  10.0923369   46.8518148
  10.0923344   46.8517424
  10.0923087   46.8516866
  10.0919935   46.8514613
  10.0919772   46.8514316
  10.0920825   46.8513687
  10.0922286   46.8513399
  10.0923329   46.8513091
  10.0925007   46.8512809
  10.0927142   46.8511482
  10.0927128   46.8511174
  10.0927392   46.8510801
  10.092775    46.8510248
  10.0927844   46.850979
  10.0928186   46.8509172
  10.0929122   46.8508336
  10.092979    46.8507714
  10.0930475   46.8507309
  10.0931529   46.8506392
  10.0933856   46.8505275
  10.0936376   46.8504498
  10.0938916   46.8503856
  10.0943364   46.8502501
  10.0952754   46.8499598
  10.0954637   46.8499399
  10.0956756   46.8499478
  10.0956736   46.8498945
  10.0957979   46.849865
  10.0959965   46.8497652
  10.0961996   46.849616
  10.0961462   46.8495544
  10.0961402   46.8494259
  10.0962123   46.8492833
  10.0963173   46.849154
  10.0965933   46.8489876
  10.0967384   46.8489486
  10.0968144   46.8489174
  10.096914    46.8488364
  10.0969252   46.848791
  10.0970653   46.8485894
  10.0970397   46.8485456
  10.0970809   46.8484548
  10.0973154   46.8482444
  10.0974094   46.8480216
  10.0975883   46.8479375
  10.0977077   46.8477772
  10.0978223   46.8477418
  10.0980018   46.8475249
  10.0982871   46.8473788
  10.0984363   46.8472098
  10.0986767   46.8471555
  10.0988756   46.8471636
  10.0991232   46.847121
  10.0992026   46.8470199
  10.0994175   46.8469574
  10.099528    46.8468384
  10.0998654   46.8467028
  10.1002024   46.8463749
  10.1005344   46.8462287
  10.1005547   46.8461213
  10.1009342   46.8458703
  10.1009578   46.8457162
  10.1010533   46.8456471
  10.1010432   46.8455608
  10.101153    46.8453996
  10.1012861   46.8453353
  10.1014313   46.8453299
  10.1016738   46.8451901
  10.1016715   46.8451377
  10.1017774   46.8451217
  10.1020207   46.8449502
  10.102096    46.8448024
  10.1025759   46.8442209
  10.1027085   46.8437799
  10.1028052   46.8436649
  10.1028464   46.8433565
  10.1029478   46.8430504
  10.1039229   46.8424544
  10.1041948   46.8421761
  10.1045461   46.841653
  10.104579    46.8415033
  10.1047165   46.8413769
  10.1048992   46.8413049
  10.1049773   46.841234
  10.1051593   46.8409024
  10.1054483   46.8408544
  10.1057947   46.840856
  10.1061563   46.8410056
  10.1061326   46.8412542
  10.1061829   46.8413633
  10.1063134   46.8414241
  10.1066184   46.8414092
  10.1074168   46.841446
  10.1076978   46.8413669
  10.1077426   46.8413092
  10.1079467   46.8412824
  10.1081966   46.8413632
  10.1083073   46.8414705
  10.1089891   46.8414373
  10.1090651   46.8416108
  10.1093017   46.841599
  10.1093283   46.8417188
  10.1094535   46.8417942
  10.1095691   46.8418067
  10.1096798   46.8417716
  10.1098211   46.8418193
  10.1100894   46.8417887
  10.1101481   46.8417413
  10.1103498   46.8417164
  10.1103706   46.8416124
  10.1105585   46.8416602
  10.110759    46.8416408
  10.1109237   46.841821
  10.1110862   46.8418642
  10.1112465   46.8419812
  10.1114246   46.8420271
  10.1123409   46.8421246
  10.1125382   46.8422287
  10.1128187   46.842203
  10.1129213   46.842233
  10.1130381   46.842169
  10.1131394   46.8423218
  10.1132196   46.842337
  10.1132203   46.8424667
  10.1136331   46.8426381
  10.1137095   46.8426179
  10.1139253   46.8426681
  10.1140499   46.8428455
  10.1141234   46.8428758
  10.1142014   46.8432041
  10.1143684   46.8432632
  10.1144201   46.8433582
  10.1145413   46.8433949
  10.1147986   46.8433759
  10.1149245   46.8434289
  10.1149726   46.8434061
  10.1151898   46.8435899
  10.1152511   46.8435697
  10.1153612   46.8436706
  10.1155661   46.8437504
  10.1156345   46.8438672
  10.1156942   46.843783
  10.1159345   46.8437672
  10.1164989   46.8439506
  10.117125    46.8437478
  10.1171996   46.843838
  10.1173958   46.8438814
  10.1175913   46.8440103
  10.1179298   46.8441107
  10.118122    46.8442761
  10.1183743   46.8443063
  10.1188198   46.8441812
  10.1188806   46.8441197
  10.1191331   46.8441694
  10.1192355   46.8442224
  10.1193096   46.844486
  10.1192394   46.8447467
  10.1193509   46.844928
  10.1193964   46.8455274
  10.1195347   46.8456725
  10.1195817   46.8457842
  10.1197711   46.8458911
  10.1197826   46.8459674
  10.1199224   46.8460557
  10.1200356   46.8463112
  10.1201557   46.8463779
  10.1200145   46.846696
  10.1198922   46.8467888
  10.1198494   46.8467847
  10.1197668   46.8468752
  10.1197874   46.8471843
  10.119935    46.8473771
  10.1207287   46.8472385
  10.1209174   46.8472709
  10.121183    46.8472555
  10.121348    46.8471888
  10.1216442   46.8472561
  10.1217681   46.8472288
  10.1221672   46.8473217
  10.1223122   46.8473986
  10.1222947   46.847479
  10.1223563   46.8475145
  10.1224614   46.8475145
  10.1225054   46.8476318
  10.1225945   46.8476641
  10.1225889   46.8477672
  10.1226694   46.8477742
  10.1225302   46.8479733
  10.1226438   46.848033
  10.1226974   46.8481572
  10.1226515   46.8482473
  10.1227988   46.8482855
  10.122921    46.8484383
  10.1230947   46.8484835
  10.123222    46.8484465
  10.1232036   46.8483659
  10.1232374   46.8483783
  10.1232878   46.8483201
  10.1233015   46.8482502
  10.1235389   46.8480984
  10.1236199   46.8480847
  10.1237139   46.8481219
  10.1237795   46.8482061
  10.1240057   46.8482156
  10.1243535   46.8481426
  10.1244139   46.848162
  10.1244216   46.8482243
  10.1247752   46.8480495
  10.1249248   46.8480743
  10.1250365   46.848049
  10.1251418   46.8480841
  10.1253591   46.848066
  10.12572     46.848061
  10.1261358   46.8479912
  10.1262226   46.8480095
  10.1262891   46.8479726
  10.1263886   46.8479733
  10.126676    46.8478561
  10.1271726   46.8478042
  10.1273974   46.8478383
  10.1276792   46.8479795
  10.1280651   46.8478941
  10.1281869   46.8478108
  10.1285639   46.8476983
  10.1287237   46.8477243
  10.1291438   46.8477005
  10.1292096   46.8477182
  10.1292597   46.847788
  10.1295783   46.8478066
  10.1296873   46.8477819
  10.1299987   46.8478251
  10.1300826   46.8477869
  10.1301835   46.8478219
  10.1306526   46.8476262
  10.1310258   46.8475493
  10.1310368   46.8474964
  10.1311344   46.8475199
  10.1312684   46.8474873
  10.131346    46.8474204
  10.1315598   46.8473467
  10.1315876   46.8473961
  10.1318569   46.8474691
  10.1319599   46.8474534
  10.1319936   46.8475016
  10.13231     46.8474808
  10.1323159   46.847525
  10.132523    46.8475601
  10.1326123   46.8475358
  10.1326188   46.8475617
  10.1327223   46.8475648
  10.1327204   46.8476001
  10.1329688   46.8475872
  10.1330458   46.8476209
  10.1330281   46.8476392
  10.1331002   46.8476422
  10.1335788   46.8475129
  10.1337332   46.8475323
  10.1337554   46.8475798
  10.1338521   46.8475434
  10.134038    46.8475595
  10.1341841   46.8475232
  10.1342775   46.8475579
  10.1344434   46.8475142
  10.1345421   46.8475485
  10.1346283   46.8474971
  10.1346681   46.8475196
  10.1346851   46.8474876
  10.1347561   46.8474823
  10.1347801   46.8475386
  10.1349329   46.8475484
  10.135225    46.847521
  10.1354398   46.8474369
  10.1357078   46.8474045
  10.1364688   46.847568
  10.1366707   46.8474498
  10.1367944   46.8474264
  10.1370421   46.8474656
  10.1378025   46.8474956
  10.1380448   46.8474856
  10.1381979   46.8474327
  10.1386823   46.8473746
  10.1394207   46.8473776
  10.1396222   46.8474716
  10.1396738   46.8474527
  10.1397225   46.84752
  10.1400534   46.8475563
  10.1401704   46.8475165
  10.1403462   46.8475417
  10.1407879   46.8478705
  10.1410175   46.847873
  10.141081    46.8479408
  10.1412257   46.8479744
  10.1412839   46.8480416
  10.1414883   46.8481339
  10.1415434   46.8482836
  10.1417206   46.8483475
  10.141752    46.8484079
  10.1422316   46.8483985
  10.1422467   46.8484285
  10.1425139   46.8484849
  10.1426238   46.8485524
  10.1428251   46.8487928
  10.1429098   46.8488125
  10.1431047   46.8487691
  10.1432197   46.8487871
  10.1434424   46.8487599
  10.1436075   46.8489932
  10.1437478   46.8490629
  10.1437365   46.8491361
  10.1438982   46.8493702
  10.1440704   46.8495036
  10.144208    46.849551
  10.1442645   46.8495054
  10.1444146   46.849531
  10.1444119   46.8496191
  10.1444967   46.8497554
  10.1446221   46.8497814
  10.1447129   46.8498412
  10.1447413   46.8499916
  10.1446501   46.8502366
  10.1447565   46.8504756
  10.1448309   46.8505234
  10.1448208   46.8506123
  10.1449337   46.8507209
  10.1449652   46.8510017
  10.1444767   46.8513544
  10.144316    46.8518267
  10.1439809   46.8521882
  10.1439018   46.852564
  10.1437037   46.8527945
  10.143945    46.8530736
  10.1440158   46.8536576
  10.1440404   46.8539718
  10.1440736   46.8542161
  10.1442141   46.8554391
  10.1440469   46.8556412
  10.1438954   46.8559619
  10.1438365   46.8561554
  10.1435999   46.856381
  10.1434189   46.8565441
  10.1433877   46.8568999
  10.1433238   46.8570662
  10.1432185   46.8572466
  10.1432676   46.8575226
  10.1430852   46.8576651
  10.1429685   46.8579409
  10.1430989   46.8583079
  10.1431832   46.858491
  10.1432295   46.8587056
  10.1432343   46.8589026
  10.1432221   46.8591966
  10.1432247   46.8595031
  10.1431168   46.8596396
  10.1428837   46.8598019
  10.1424277   46.8599629
  10.1421787   46.8600654
  10.1418662   46.8602445
  10.1414733   46.860422
  10.1411748   46.8610016
  10.1407965   46.8613213
  10.1404407   46.8615475
  10.1403212   46.8617677
  10.1398097   46.8621378
  10.1402006   46.8624032
  10.1406367   46.8626144
  10.1406487   46.8630961
  10.1406145   46.8639872
  10.1408392   46.8644242
  10.1411918   46.8647251
  10.1411856   46.8650883
  10.1410828   46.8653837
  10.1409263   46.8658494
  10.1406815   46.8659452
  10.1402849   46.8664591
  10.1400342   46.8665749
  10.1395191   46.866791
  10.1392194   46.8671576
  10.139224    46.8673943
  10.1388122   46.8677273
  10.1391169   46.8686586
  10.1389991   46.8689025
  10.1393866   46.8690523
  10.1395666   46.8692954
  10.139747    46.8693858
  10.1400935   46.869539
  10.1403885   46.8696133
  10.141045    46.8696978
  10.141188    46.8697536
  10.1415944   46.8697692
  10.1419236   46.8701079
  10.1421853   46.8702067
  10.1422722   46.8704373
  10.1420197   46.8706994
  10.1421141   46.870845
  10.1422214   46.8710037
  10.1423026   46.8712257
  10.142138    46.871303
  10.1418551   46.8715391
  10.1417032   46.8717631
  10.1415784   46.8717908
  10.1414617   46.8721024
  10.1413539   46.872267
  10.1412044   46.8724893
  10.141231    46.8726531
  10.1411105   46.8729989
  10.1409861   46.873103
  10.1409749   46.8732704
  10.1409568   46.8734384
  10.1409951   46.873585
  10.1410618   46.8739707
  10.1412572   46.8741865
  10.1414006   46.8743252
  10.1414271   46.8746422
  10.1411203   46.8747912
  10.141049    46.8750737
  10.1408342   46.8752334
  10.1394582   46.8754313
  10.1389342   46.8755611
  10.1388289   46.8754978
  10.1383947   46.8756796
  10.1381466   46.8757281
  10.1378258   46.8758711
  10.1376533   46.8757354
  10.1344193   46.8764401
  10.1326693   46.8768179
  10.1306375   46.8772584
  10.1292918   46.8782154
  10.1282239   46.8789612
  10.1267174   46.8794365
  10.1252532   46.8797285
  10.1231067   46.8810598
  10.1213968   46.8821019
  10.1207608   46.8825884
  10.1198653   46.8833055
  10.1193499   46.8836362
  10.1183558   46.8844861
  10.1176947   46.8850266
  10.1173241   46.8853144
  10.1170745   46.8856259
  10.1159769   46.8869144
  10.115417    46.8878291
  10.1142798   46.889648
  10.1135947   46.8903085
  10.1134597   46.8904814
  10.112325    46.8920667
  10.1119219   46.8926007
  10.111553    46.8928429
  10.1113561   46.893026
  10.1111476   46.8931461
  10.1110999   46.8932906
  10.1107247   46.8934676
  10.1105192   46.8937037
  10.1101678   46.893952
  10.1099765   46.8940214
  10.1095419   46.8945157
  10.1091642   46.8946195
  10.1088485   46.8950041
  10.1088008   46.8952646
  10.1087145   46.8952707
  10.1086936   46.8955475
  10.1086114   46.8957574
  10.1087383   46.8965772
  10.1086996   46.8967827
  10.1087711   46.8971124
  10.1091559   46.8971304
  10.1090321   46.897972
  10.1092527   46.8983873
  10.1097449   46.8989723
  10.1098045   46.8992999
  10.1096139   46.8995258
  10.1094411   46.8996133
  10.1093994   46.8997924
  10.1096012   46.9000377
  10.1096198   46.9005717
  10.1097181   46.9006674
  10.1095466   46.9008664
  10.1095704   46.9010535
  10.1094799   46.9013918
  10.1091523   46.9016909
  10.1091284   46.9019574
  10.1083184   46.9024763
  10.1081814   46.902753
  10.1081635   46.902987
  10.1079015   46.9032536
  10.1077767   46.9035921
  10.1073743   46.9041122
  10.1071286   46.9042601
  10.1070085   46.9044909
  10.1074555   46.9054118
  10.1079924   46.9065324
  10.1089067   46.9084225
  10.1006424   46.9160075
  10.0996355   46.9169201
  10.0991542   46.9188753
  10.0989993   46.9195535
  10.0989179   46.9198423
  10.0982665   46.9223581
  10.0978895   46.9239096
  10.0978312   46.9241709
  10.0981916   46.9273495
  10.098569    46.9274522
  10.0993012   46.9276411
  10.0994143   46.9276716
  10.0998461   46.9277245
  10.100316    46.9278378
  10.1004486   46.9279654
  10.1005556   46.9279818
  10.1010099   46.9279372
  10.1013266   46.9279689
  10.1021596   46.9283465
  10.1028155   46.9284227
  10.1030862   46.9284527
  10.1034257   46.9285517
  10.1034483   46.9286145
  10.103924    46.9286206
  10.1043164   46.9287527
  10.104798    46.9287873
  10.1052569   46.9289901
  10.1053391   46.9290828
  10.1056586   46.9291782
  10.1059408   46.9292575
  10.1063214   46.9296329
  10.1064871   46.9298915
  10.1064957   46.9302281
  10.1065953   46.9306305
  10.1066174   46.9307241
  10.1067332   46.9309558
  10.1068454   46.9311761
  10.1070125   46.9313355
  10.1071073   46.9314264
  10.1073129   46.9315332
  10.1075834   46.9316774
  10.1077394   46.9319138
  10.107845    46.9319325
  10.1077148   46.9325072
  10.1080256   46.9325837
  10.1081929   46.9326254
  10.1083742   46.9326091
  10.1084917   46.9330225
  10.1088281   46.9332197
  10.1090887   46.9332534
  10.1096951   46.9336557
  10.1098271   46.933798
  10.110492    46.9339232
  10.1106921   46.9340678
  10.1110156   46.9340473
  10.1111832   46.9341627
  10.1111539   46.9343103
  10.1116324   46.9341987
  10.1117825   46.9342727
  10.1117775   46.9344276
  10.1119675   46.9344776
  10.1120709   46.9347019
  10.1120192   46.9348476
  10.1121261   46.9351123
  10.1121278   46.9355509
  10.1119312   46.9356801
  10.1121161   46.9359948
  10.1119998   46.9360961
  10.1118325   46.9364653
  10.1119425   46.936586
  10.1118892   46.9367442
  10.1120488   46.9367107
  10.1121369   46.9367474
  10.1122734   46.9368042
  10.1128545   46.9372941
  10.1130029   46.9373496
  10.1133313   46.9372633
  10.1138245   46.9372339
  10.1141149   46.9370823
  10.1141866   46.9371438
  10.114275    46.9371415
  10.1143877   46.9371212
  10.1146191   46.9371975
  10.1149869   46.9371973
  10.1153748   46.9371025
  10.1154752   46.9370782
  10.1160489   46.9374079
  10.1166141   46.9375013
  10.1182328   46.9375128
  10.1188416   46.9376413
  10.1189599   46.9377278
  10.1195621   46.9376324
  10.1204008   46.9377546
  10.1206905   46.9379099
  10.1209673   46.9381274
  10.1211107   46.9381649
  10.1212146   46.9383309
  10.1216597   46.9387057
  10.1224494   46.9393796
  10.1230611   46.9399066
  10.1248098   46.9413995
  10.1260864   46.9427566
  10.1266383   46.9434535
  10.1272622   46.9447242
  10.1277222   46.9457428
  10.1285961   46.9468838
  10.1294621   46.9479906
  10.1302758   46.9490721
  10.1313981   46.9505223
  10.1322044   46.9515824
  10.1329818   46.9525716
  10.1330649   46.9530135
  10.13337     46.953193
  10.1336385   46.953523
  10.1343357   46.9538698
  10.1344593   46.9542186
  10.1348174   46.9545595
  10.1347588   46.9549058
  10.1345911   46.955023
  10.1349973   46.9552706
  10.1355198   46.960169
  10.1361407   46.9610977
  10.136621    46.9618101
  10.1348663   46.9659222
  10.1365331   46.9699992
  10.1370183   46.9714412
  10.1371882   46.9724199
  10.1388991   46.9729892
  10.1400227   46.9739237
  10.1409622   46.974705
  10.141332    46.97493
  10.141747    46.9749695
  10.1423374   46.9754523
  10.1425487   46.9755215
  10.1427627   46.9758321
  10.1429984   46.9760201
  10.1428105   46.9761952
  10.1424127   46.9764264
  10.1422772   46.9765782
  10.1422184   46.9766607
  10.1422844   46.9768055
  10.1421274   46.9769369
  10.1419395   46.9770193
  10.1417542   46.9771871
  10.1414725   46.9776383
  10.1415992   46.9777279
  10.1414518   46.9779107
  10.1415436   46.9781031
  10.1415266   46.9783524
  10.141623    46.9784788
  10.1415896   46.9786186
  10.1416096   46.9790008
  10.142108    46.9797684
  10.1424433   46.9799836
  10.1426812   46.9802233
  10.1427634   46.9805433
  10.1431502   46.9809755
  10.1435823   46.9818721
  10.1439778   46.9823582
  10.1447493   46.9833775
  10.1451244   46.9834306
  10.145228    46.9833385
  10.1467275   46.9829557
  10.1503451   46.9819688
  10.1513734   46.9825418
  10.152387    46.9830788
  10.153039    46.9830995
  10.1535804   46.983214
  10.1552727   46.9831214
  10.1558878   46.9829774
  10.1564547   46.9834278
  10.1567414   46.9836371
  10.1570459   46.9838021
  10.1579552   46.983719
  10.158502    46.9838191
  10.1588888   46.98381
  10.1592294   46.9837498
  10.1599238   46.983687
  10.1597978   46.983871
  10.1599688   46.9841528
  10.1599834   46.9849029
  10.1599072   46.9849722
  10.1595516   46.9850338
  10.1592903   46.9852363
  10.1589998   46.985285
  10.1588389   46.9854434
  10.1585325   46.9858951
  10.1584873   46.9860304
  10.1583464   46.9861078
  10.1580769   46.9865075
  10.158263    46.9867424
  10.1582384   46.987012
  10.1582575   46.9872798
  10.1583068   46.9873424
  10.1583077   46.9876152
  10.1580934   46.9877651
  10.1579046   46.988213
  10.1579046   46.988366
  10.157284    46.9890266
  10.1564656   46.9891563
  10.1563945   46.9892608
  10.1559026   46.9896216
  10.1557283   46.9899438
  10.1555614   46.9900745
  10.1553863   46.9903329
  10.1551898   46.9905383
  10.1551784   46.9907696
  10.1552473   46.9909229
  10.1547859   46.9912698
  10.1545573   46.9915251
  10.1545179   46.9917994
  10.1543221   46.9920542
  10.1542924   46.9928606
  10.1543227   46.9930015
  10.154769    46.9934556
  10.156052    46.9938897
  10.1561306   46.9939611
  10.156349    46.9940395
  10.156682    46.9946422
  10.1569064   46.9952522
  10.1570795   46.9954012
  10.1571601   46.9956762
  10.1570004   46.9959873
  10.157021    46.9962839
  10.1568328   46.9965137
  10.1568015   46.9970349
  10.1568726   46.997149
  10.1571541   46.9973157
  10.1571657   46.9975009
  10.1572732   46.9976634
  10.1577396   46.9980344
  10.1579448   46.9981433
  10.1587491   46.9983851
  10.1588231   46.9984316
  10.1588822   46.9986604
  10.1590506   46.998793
  10.1594309   46.9989229
  10.1595909   46.9989187
  10.1588504   46.9992957
  10.1584291   46.9996944
  10.158142    46.9997794
  10.1579614   47.0001043
  10.1577955   47.0002231
  10.1574722   47.0008077
  10.1571507   47.0010993
  10.1563655   47.0019359
  10.1562093   47.0020334
  10.1555854   47.0034324
  10.1544315   47.0053758
  10.1537699   47.0055175
  10.1526986   47.0053283
  10.1490621   47.0064428
  10.1466038   47.007082
  10.1445785   47.0079726
  10.1432986   47.0082612
  10.1427603   47.0084581
  10.1413731   47.0091456
  10.1402271   47.009366
  10.1399561   47.0094181
  10.1345719   47.0114637
  10.1343196   47.0114599
  10.1338189   47.0115746
  10.1333054   47.0119028
  10.1327822   47.0120131
  10.1324687   47.012282
  10.1310575   47.0130255
  10.1312928   47.0131815
  10.1312803   47.0133537
  10.1309461   47.0134072
  10.1308597   47.0136316
  10.1310076   47.0139261
  10.1309649   47.0140982
  10.1301206   47.0144231
  10.1297175   47.0149277
  10.1283096   47.0182269
  10.1255638   47.0184489
  10.1256466   47.0194128
  10.12325     47.0221284
  10.123989    47.0237811
  10.1246706   47.0238231
  10.1251928   47.0239363
  10.1255574   47.023966
  10.1288944   47.0253099
  10.129268    47.0256136
  10.1292672   47.0257119
  10.1295033   47.0257579
  10.1295515   47.0259304
  10.1294829   47.0262592
  10.1293272   47.0264671
  10.1291085   47.0266277
  10.1294456   47.0266105
  10.1297419   47.0265138
  10.1301137   47.026564
  10.1302887   47.0266657
  10.1316517   47.0268308
  10.1345443   47.0293475
  10.1400356   47.0314234
  10.1401712   47.0314747
  10.1441903   47.0335829
  10.1444467   47.0344346
  10.1464564   47.0373069
  10.1478272   47.0374422
  10.1502846   47.0391729
  10.1516691   47.040148
  10.1551418   47.0434415
  10.1565917   47.047767
  10.1569214   47.0488758
  10.1562117   47.0503678
  10.1555427   47.0518691
  10.1541815   47.0549567
  10.1508924   47.061813
  10.1506348   47.0618879
  10.1502443   47.0616233
  10.1499541   47.06115
  10.1496991   47.0609991
  10.1493478   47.0610768
  10.148907    47.0609392
  10.1485647   47.0609152
  10.1483211   47.0609424
  10.1481144   47.0611543
  10.1464155   47.0609768
  10.1462428   47.0610343
  10.1457114   47.0609572
  10.1451971   47.0608399
  10.1435535   47.0611541
  10.1432226   47.0612863
  10.1429755   47.0613207
  10.1428499   47.0614352
  10.1423993   47.061701
  10.1419658   47.0618681
  10.1414981   47.0621057
  10.1413205   47.0622627
  10.1410402   47.062226
  10.140881    47.0622861
  10.1405809   47.0626173
  10.1406897   47.0628355
  10.140425    47.0629136
  10.1400423   47.0629341
  10.1397622   47.0630046
  10.1392815   47.0630468
  10.1391229   47.0631231
  10.1385793   47.0632685
  10.13802     47.0633065
  10.1377841   47.0632383
  10.1371432   47.0633373
  10.1368757   47.0632542
  10.1362564   47.0634467
  10.1355779   47.0635097
  10.1352375   47.0635873
  10.134924    47.0636976
  10.1346157   47.0638876
  10.1346284   47.0642139
  10.1346744   47.0642861
  10.1347342   47.0644781
  10.1346688   47.0646829
  10.1353012   47.0671911
  10.1336925   47.0705649
  10.1337831   47.0714433
  10.1337602   47.0720573
  10.1335426   47.0778897
  10.1334383   47.0780397
  10.1331024   47.0781815
  10.1329798   47.0782797
  10.1328666   47.0783877
  10.1328468   47.0786065
  10.1325791   47.0787739
  10.1327029   47.0791452
  10.1324724   47.079175
  10.1324433   47.0792887
  10.1324256   47.0793575
  10.1326081   47.0795787
  10.1326091   47.0796533
  10.1327154   47.0796828
  10.1330761   47.0801158
  10.1329665   47.0804943
  10.1329617   47.0807076
  10.1327921   47.0808381
  10.1327561   47.0815029
  10.1331715   47.0819076
  10.1332213   47.0821205
  10.1334242   47.0822664
  10.1335572   47.0825245
  10.1337618   47.0827692
  10.1340271   47.0833145
  10.1341758   47.0836272
  10.1342264   47.0838601
  10.1347271   47.0844078
  10.1354904   47.0847366
  10.1359757   47.0848095
  10.1366468   47.0849941
  10.1373613   47.0854059
  10.137449    47.0860333
  10.1376324   47.0861784
  10.1381806   47.0864881
  10.138903    47.0864713
  10.1390297   47.0865358
  10.1393594   47.0869079
  10.139736    47.0870414
  10.1401558   47.0874447
  10.1403519   47.0878009
  10.1407606   47.0880879
  10.1409083   47.0884992
  10.1408195   47.0886006
  10.1404637   47.0886438
  10.1409782   47.089223
  10.140989    47.0896555
  10.1412047   47.0897241
  10.1414571   47.0901658
  10.1416309   47.0902524
  10.141673    47.0903659
  10.1415984   47.0905124
  10.1416901   47.0905867
  10.141677    47.0907694
  10.1419503   47.0911378
  10.1448815   47.0969339
  10.1471993   47.0983322
  10.1492078   47.0999288
  10.1495424   47.1003611
  10.1499448   47.1006033
  10.149956    47.1007196
  10.1503619   47.1009629
  10.1508176   47.1014083
  10.1509624   47.101453
  10.1511484   47.1016009
  10.1509471   47.1016897
  10.1508784   47.1018564
  10.1509677   47.1020367
  10.1509478   47.102158
  10.1510697   47.1023022
  10.151276    47.1031301
  10.1514692   47.1031481
  10.1521488   47.1035119
  10.1523898   47.1037103
  10.1527816   47.1038771
  10.1532561   47.1043942
  10.1533809   47.1044979
  10.1535045   47.1047663
  10.1533431   47.1050935
  10.153428    47.1052347
  10.1539419   47.1054703
  10.1541141   47.1056977
  10.1544652   47.1059241
  10.1544446   47.1063172
  10.1543309   47.1064723
  10.1546275   47.1072069
  10.1546487   47.1075029
  10.1548312   47.1076821
  10.154877    47.1078506
  10.1552026   47.1082099
  10.1555516   47.1085387
  10.1555066   47.1088435
  10.1557123   47.1091893
  10.1557898   47.1094004
  10.1560918   47.1096517
  10.1560426   47.1098407
  10.1563689   47.1105256
  10.1566376   47.1107746
  10.1573312   47.1111772
  10.1576648   47.1116061
  10.1578309   47.1119916
  10.1578695   47.1122313
  10.1577128   47.1125663
  10.1577269   47.1131062
  10.1578382   47.1135272
  10.1582135   47.1141788
  10.1583218   47.114759
  10.1593184   47.1147927
  10.1599276   47.1145305
  10.1611795   47.1143252
  10.1626615   47.1139143
  10.1629877   47.1135853
  10.1675907   47.1175093
  10.1687248   47.1191836
  10.1692816   47.1192696
  10.1700366   47.1193861
  10.1716882   47.1197929
  10.1727708   47.120286
  10.1753352   47.1201915
  10.176236    47.1198969
  10.1773547   47.1197269
  10.182787    47.1203123
  10.1827942   47.1196815
  10.1844802   47.1187328
  10.1865363   47.1195853
  10.1866581   47.1241011
  10.1862988   47.1289647
  10.1945411   47.1307464
  10.1954042   47.130933
  10.1957077   47.1311439
  10.2007593   47.1313648
  10.2030208   47.131462
  10.2056864   47.1308839
  10.2067657   47.1308937
  10.2085591   47.1316316
  10.2093749   47.1316941
  10.2094305   47.1317695
  10.2105368   47.1332689
  10.2035589   47.1369803
  10.2034949   47.1409313
  10.2034912   47.1414932
  10.2034096   47.1424584
  10.2041019   47.1425068
  10.20444     47.1427934
  10.2061907   47.1434132
  10.2070154   47.143321
  10.2073621   47.143314
  10.2079102   47.1432833
  10.2080716   47.1432961
  10.2083527   47.1435235
  10.2093925   47.1443677
  10.2111277   47.1445538
  10.2113042   47.1445116
  10.2116721   47.1443354
  10.2123844   47.1443595
  10.2128905   47.1441133
  10.2134818   47.1440085
  10.2146307   47.1437203
  10.2146841   47.1438955
  10.2151001   47.144277
  10.2154316   47.1448716
  10.2158891   47.1450258
  10.2164591   47.1454056
  10.2167369   47.1454973
  10.2169205   47.1454884
  10.2170786   47.1456607
  10.2172551   47.1457632
  10.2172175   47.1459595
  10.2175494   47.1463364
  10.2175228   47.1467182
  10.2176702   47.1468111
  10.2183964   47.1468992
  10.218643    47.1469887
  10.2188694   47.1470396
  10.2192202   47.1473757
  10.2195227   47.1476065
  10.219947    47.1477764
  10.2200333   47.1479614
  10.2201685   47.1480559
  10.2201476   47.1481815
  10.220435    47.1483214
  10.2205702   47.1485793
  10.2205327   47.1486381
  10.2206678   47.1487938
  10.2207992   47.1488755
  10.2208605   47.1492318
  10.2214442   47.1492333
  10.2218292   47.1494581
  10.2219285   47.1498654
  10.2219375   47.1499187
  10.2219381   47.1499244
  10.2219461   47.1499955
  10.2219661   47.1501755
  10.2219097   47.150196
  10.2218009   47.1502355
  10.2216413   47.1502611
  10.2215385   47.1508094
  10.2215962   47.1510002
  10.2215606   47.1512019
  10.2215625   47.1515486
  10.2214481   47.1519296
  10.2215218   47.1522291
  10.221699    47.1523282
  10.2220109   47.1527009
  10.2220383   47.15285
  10.2213408   47.1530652
  10.220837    47.1531027
  10.2205131   47.1532943
  10.2203554   47.153293
  10.2201433   47.1534233
  10.2199137   47.1536554
  10.2198054   47.1536747
  10.219497    47.154164
  10.2189069   47.1544136
  10.2178566   47.154393
  10.2171937   47.1544244
  10.216968    47.1543703
  10.2167724   47.1543839
  10.2162768   47.1545702
  10.2161529   47.1547081
  10.2160215   47.1547362
  10.2135987   47.1570162
  10.2130106   47.1575711
  10.2126167   47.1576946
  10.2122271   47.1577366
  10.2109008   47.1583927
  10.2099807   47.1585866
  10.2097397   47.1584941
  10.2095783   47.1585774
  10.2091297   47.1587137
  10.2090828   47.1587088
  10.2090332   47.158738
  10.2089044   47.1587711
  10.2087731   47.1587836
  10.2087038   47.1588232
  10.208612    47.1588217
  10.2085192   47.1588797
  10.2084871   47.1589141
  10.2083179   47.1589633
  10.2081551   47.1589681
  10.2079798   47.1591103
  10.2078395   47.1591543
  10.2080397   47.1592633
  10.2081404   47.1593402
  10.2081381   47.1594047
  10.2078992   47.1596071
  10.2078356   47.1597967
  10.2078489   47.1598572
  10.2079217   47.1599585
  10.2078221   47.1606386
  10.2078058   47.1606626
  10.2076848   47.1607471
  10.2076345   47.1609001
  10.2076742   47.1610003
  10.2074748   47.162069
  10.2074558   47.1622944
  10.2075295   47.1624913
  10.2074928   47.1626067
  10.2073396   47.1628511
  10.2073027   47.1629778
  10.2074103   47.1631673
  10.2073611   47.1633267
  10.2074101   47.1633701
  10.207417    47.1634305
  10.2073848   47.1634968
  10.2073433   47.1636361
  10.2073451   47.1637189
  10.2073897   47.1637799
  10.207471    47.163829
  10.2075572   47.1638831
  10.2075385   47.1639623
  10.2076188   47.1640054
  10.2076457   47.1640587
  10.2076254   47.164114
  10.2077066   47.1642518
  10.207701    47.1643834
  10.2077248   47.1644079
  10.2078577   47.1644982
  10.2078321   47.1646115
  10.2079678   47.1647337
  10.2079703   47.1647809
  10.2080526   47.1648655
  10.208142    47.1648902
  10.2082064   47.1649201
  10.2082517   47.1649734
  10.2082569   47.1650025
  10.2082782   47.1650416
  10.2083631   47.1651044
  10.2083864   47.1651859
  10.2083671   47.1652455
  10.2084895   47.1653068
  10.2086508   47.1653621
  10.2087353   47.1653699
  10.2088931   47.1653686
  10.2089557   47.1653575
  10.209073    47.1653876
  10.2091987   47.1653655
  10.209142    47.1655161
  10.2092475   47.1656524
  10.2092562   47.1657109
  10.2092699   47.1658589
  10.2093635   47.1659801
  10.2093462   47.1662472
  10.2093689   47.1663697
  10.2094398   47.1665312
  10.209458    47.1667762
  10.2094915   47.1668387
  10.2094845   47.1669941
  10.2096173   47.1670914
  10.2091719   47.1671328
  10.2091366   47.1673771
  10.209071    47.1675907
  10.2090829   47.1676856
  10.2090983   47.1678226
  10.2090215   47.1679175
  10.2090482   47.1680471
  10.2090273   47.1681552
  10.2090913   47.168279
  10.2093526   47.1684384
  10.2092461   47.1686602
  10.2092463   47.1687886
  10.2092923   47.1688846
  10.2093081   47.1690113
  10.2092804   47.1691463
  10.2092801   47.1695507
  10.2092726   47.1697084
  10.2092452   47.1697784
  10.20918     47.1699087
  10.2091604   47.1699743
  10.209261    47.1700889
  10.2094297   47.1701529
  10.2095126   47.1702064
  10.2096421   47.170246
  10.2097337   47.170246
  10.2101196   47.17045
  10.2102993   47.1705357
  10.210448    47.17061
  10.2105793   47.1707208
  10.2106588   47.1708682
  10.2109863   47.1711777
  10.2112269   47.1712866
  10.2114127   47.1713344
  10.2107939   47.1716762
  10.209149    47.1725846
  10.2089124   47.1726907
  10.2086807   47.1727244
  10.2084623   47.1728015
  10.208093    47.1730077
  10.2077611   47.1732424
  10.2075404   47.1732623
  10.2074021   47.1733342
  10.2070618   47.1733609
  10.2067171   47.1734541
  10.2066055   47.1736315
  10.2063881   47.1737875
  10.206165    47.1739225
  10.2058939   47.1741584
  10.2057548   47.1742333
  10.2056436   47.1744465
  10.2055865   47.1745269
  10.2055806   47.1746225
  10.2053875   47.1748693
  10.205289    47.1749574
  10.20526     47.1750065
  10.2050557   47.1751766
  10.2049835   47.1752161
  10.2049292   47.1753027
  10.2048273   47.1754113
  10.204619    47.1755762
  10.2045361   47.1757298
  10.204448    47.1757873
  10.2043582   47.175925
  10.2041362   47.1761842
  10.2039847   47.1762647
  10.2038325   47.1763525
  10.204172    47.1776823
  10.2039804   47.1777273
  10.2039643   47.1778305
  10.20435     47.1791987
  10.2036934   47.1794649
  10.2035524   47.1795108
  10.20337     47.1796043
  10.2031403   47.1796105
  10.202895    47.1797985
  10.2028879   47.1798917
  10.2028529   47.180021
  10.2027535   47.1800483
  10.202562    47.1800711
  10.2023831   47.1802901
  10.2021765   47.180478
  10.2021102   47.1806142
  10.2020116   47.180646
  10.2018137   47.1807235
  10.2015327   47.1808441
  10.2014579   47.180933
  10.2012582   47.1809326
  10.2010365   47.1810047
  10.2010114   47.1810611
  10.2007971   47.1812043
  10.2007299   47.1812616
  10.2006807   47.1813511
  10.2005246   47.1814863
  10.2004462   47.1814972
  10.2002387   47.1814352
  10.2001199   47.1815305
  10.200057    47.1816465
  10.1997938   47.1818052
  10.1995206   47.1834831
  10.1994368   47.183566
  10.1993808   47.1836479
  10.1993843   47.183775
  10.1993124   47.1838574
  10.199354    47.1840376
  10.1993435   47.1841188
  10.1994407   47.1844785
  10.1994507   47.1845559
  10.1992508   47.1849061
  10.1990328   47.1850484
  10.1992109   47.1852402
  10.1992593   47.1853551
  10.199225    47.1854379
  10.1994059   47.1856677
  10.1993135   47.1858559
  10.1990113   47.1859523
  10.1988384   47.1861161
  10.1988238   47.1862805
  10.1988005   47.1863445
  10.1988713   47.186499
  10.198775    47.186738
  10.1988362   47.1868601
  10.1988242   47.1869204
  10.1986701   47.1870528
  10.198637    47.1871125
  10.1987181   47.1872411
  10.1987983   47.1875098
  10.1988724   47.1875626
  10.1988739   47.1876403
  10.1988187   47.1877511
  10.1988224   47.1878387
  10.1987731   47.1879036
  10.1987875   47.1879801
  10.1987856   47.1880691
  10.1985981   47.1882288
  10.197505    47.1884119
  10.1977177   47.1888738
  10.1977289   47.1889813
  10.1976942   47.1891455
  10.1977276   47.1894637
  10.1976875   47.1898335
  10.1976455   47.1900403
  10.197715    47.1901786
  10.1977794   47.1902449
  10.1976913   47.1903898
  10.1976415   47.1904969
  10.1974394   47.1907986
  10.1974178   47.1909455
  10.1973282   47.1911139
  10.197143    47.1913376
  10.1971099   47.1914258
  10.1969934   47.1914505
  10.1968659   47.19152
  10.1968131   47.1915861
  10.1967638   47.1917103
  10.196673    47.191764
  10.1966823   47.1919167
  10.1966707   47.1920238
  10.1966954   47.1920787
  10.1967164   47.1921324
  10.196709    47.1922977
  10.1970612   47.1925359
  10.1971301   47.1926486
  10.1971339   47.1927097
  10.1971044   47.1928807
  10.1970756   47.1929501
  10.197131    47.1931434
  10.1970969   47.1932166
  10.1969393   47.1932956
  10.1968398   47.1934537
  10.1968005   47.1937055
  10.196826    47.1938711
  10.1968877   47.1940917
  10.1968456   47.1943657
  10.1972111   47.1944877
  10.1972998   47.1944908
  10.1973226   47.1944997
  10.1973774   47.1946251
  10.1974476   47.1947016
  10.1976143   47.1947991
  10.1977507   47.1948033
  10.1979838   47.1947922
  10.1980929   47.1948245
  10.1984345   47.194817
  10.1986299   47.1947983
  10.1987816   47.1947797
  10.1989137   47.1948003
  10.1992747   47.1948999
  10.1997341   47.1950009
  10.1999585   47.1950107
  10.2000839   47.195047
  10.2003648   47.1952891
  10.2007155   47.195412
  10.2010519   47.1955733
  10.201319    47.1956366
  10.2013593   47.1958115
  10.2015437   47.1958674
  10.208057    47.2014281
  10.2087009   47.2017695
  10.2094396   47.2021492
  10.2100308   47.2024509
  10.2103615   47.2027904
  10.2106241   47.2028534
  10.2109458   47.203039
  10.2113897   47.2030773
  10.2114879   47.2031956
  10.2115784   47.2033712
  10.2117173   47.2034957
  10.2120198   47.2037151
  10.2121155   47.2040729
  10.212191    47.2041151
  10.2125743   47.2042019
  10.2126782   47.2042733
  10.2127204   47.2047919
  10.2128693   47.2049016
  10.2130825   47.2053104
  10.2131004   47.2055768
  10.213234    47.2058373
  10.2132254   47.2060724
  10.2134215   47.2061729
  10.2134911   47.2063007
  10.2133159   47.2064006
  10.2134228   47.2065364
  10.213254    47.2066123
  10.2132229   47.2067123
  10.2132823   47.206793
  10.2134003   47.2068441
  10.2134967   47.2070757
  10.2133904   47.2073282
  10.2134161   47.2075155
  10.2133051   47.2076893
  10.2134407   47.207845
  10.213449    47.2079333
  10.2133933   47.2081083
  10.2132259   47.2082599
  10.2131484   47.2085384
  10.2129454   47.2087327
  10.2130477   47.2089209
  10.2128979   47.2090187
  10.2127072   47.2091966
  10.2127446   47.2093696
  10.2126435   47.209432
  10.2125212   47.2094672
  10.2124473   47.2097378
  10.2122974   47.209895
  10.2124237   47.2101999
  10.2123671   47.21029
  10.2122376   47.2105139
  10.2122978   47.2106101
  10.2124468   47.2106836
  10.2125015   47.21078
  10.2125813   47.2113255
  10.2123557   47.2116963
  10.21249     47.2118516
  10.2127343   47.2119885
  10.2128085   47.2122081
  10.2129392   47.212317
  10.2130689   47.2125214
  10.2131213   47.212782
  10.2132667   47.2130378
  10.2132946   47.2131216
  10.2132154   47.2132889
  10.213424    47.2134552
  10.213448    47.2135072
  10.2132899   47.2136201
  10.2132907   47.2137178
  10.2136138   47.2138238
  10.2136465   47.2139461
  10.2137523   47.2141613
  10.2137055   47.2141786
  10.2132721   47.2140392
  10.2131746   47.2141569
  10.2132093   47.2144329
  10.2133296   47.2146136
  10.2131781   47.2147412
  10.2131268   47.2151017
  10.2130607   47.2152099
  10.2129365   47.2153043
  10.2130704   47.2156101
  10.2129819   47.215756
  10.2130256   47.2158518
  10.212938    47.2161041
  10.2130387   47.2164124
  10.2133005   47.2167802
  10.2136583   47.2169175
  10.2136809   47.2170078
  10.2134997   47.2171804
  10.2134291   47.2174011
  10.2132796   47.2175655
  10.2129831   47.2176774
  10.2125641   47.2178021
  10.2124253   47.2181169
  10.212516    47.218313
  10.2124824   47.2184974
  10.2123271   47.2186009
  10.2123283   47.2187124
  10.2122221   47.2188334
  10.2119471   47.2191555
  10.2116984   47.2192334
  10.2116243   47.2193138
  10.2117778   47.2195455
  10.2117395   47.2195924
  10.211375    47.2197262
  10.2112254   47.2199613
  10.2113314   47.2201327
  10.2112061   47.2202959
  10.2111719   47.2209582
  10.2115958   47.2219865
  10.2122377   47.2233156
  10.2124246   47.2237171
  10.2127424   47.2243035
  10.2117753   47.2246648
  10.2115132   47.2247175
  10.2110149   47.2250106
  10.2106614   47.2250778
  10.2101714   47.2252374
  10.2098418   47.2255151
  10.2091878   47.2259054
  10.2088047   47.2259515
  10.2082893   47.2262405
  10.2084322   47.2261798
  10.2085793   47.2261717
  10.2086846   47.2261587
  10.2087919   47.2260873
  10.2089811   47.225994
  10.2091358   47.2260012
  10.2092486   47.2260213
  10.2094388   47.2259692
  10.2097239   47.2259568
  10.2100262   47.2259681
  10.2101993   47.2260067
  10.2103855   47.2262541
  10.2104359   47.2264597
  10.2104764   47.2266181
  10.2106222   47.2266869
  10.2107005   47.2268249
  10.2107296   47.226933
  10.2108208   47.227191
  10.2107792   47.2272886
  10.2108297   47.2274297
  10.2106618   47.2276214
  10.2106477   47.2277722
  10.2105491   47.2279002
  10.2105297   47.2280478
  10.2103368   47.2283257
  10.2103788   47.2284079
  10.2103875   47.2285458
  10.2103218   47.2286267
  10.2103463   47.2287339
  10.2103443   47.2288742
  10.2100102   47.2290329
  10.2096439   47.2293541
  10.2094443   47.2295265
  10.2089187   47.2299575
  10.2091114   47.2301444
  10.2088534   47.2303993
  10.2086954   47.2304633
  10.2079385   47.2313471
  10.2074675   47.2317951
  10.2074278   47.2323858
  10.2071401   47.2324072
  10.2062455   47.2321805
  10.2059834   47.2322629
  10.2058357   47.2324089
  10.2059802   47.2326385
  10.2059699   47.2327512
  10.2057324   47.2328676
  10.205441    47.2328337
  10.2051212   47.2326893
  10.2044667   47.23246
  10.203678    47.2324182
  10.2027892   47.2326397
  10.2025097   47.2327551
  10.2020338   47.232843
  10.2017831   47.2328533
  10.2012711   47.2330229
  10.2003999   47.2333182
  10.1999305   47.2337515
  10.1995715   47.2339458
  10.1992873   47.2344975
  10.1989676   47.2346212
  10.1984908   47.2350814
  10.1981287   47.2351801
  10.1975333   47.2355481
  10.197564    47.2356942
  10.1976116   47.2358332
  10.1976217   47.2359687
  10.1974925   47.2363089
  10.1975589   47.2363674
  10.1977477   47.2364434
  10.1977408   47.2366053
  10.1977007   47.2367526
  10.1977027   47.2368207
  10.1977375   47.2368776
  10.1977035   47.2369183
  10.1976424   47.2370228
  10.1976573   47.2371007
  10.1977807   47.2372436
  10.1979191   47.2373094
  10.1979797   47.237426
  10.1980806   47.2375239
  10.1982395   47.2376133
  10.1983438   47.237702
  10.1983805   47.2378306
  10.1984597   47.2379096
  10.1986459   47.2380612
  10.1986601   47.2381932
  10.1989437   47.2386051
  10.1989549   47.2386161
  10.1994492   47.2384898
  10.1997342   47.2385366
  10.2000605   47.2387819
  10.2002301   47.2389016
  10.2003143   47.238946
  10.2006644   47.2390318
  10.2007616   47.2390461
  10.2008801   47.2391065
  10.2009607   47.2391857
  10.2010487   47.2392339
  10.2012669   47.239283
  10.2013209   47.2393476
  10.2013676   47.2393671
  10.2014433   47.2393613
  10.2014917   47.2394307
  10.2015267   47.239456
  10.2015962   47.2394514
  10.2016694   47.2394833
  10.2016686   47.2395433
  10.2017013   47.2396109
  10.2018249   47.2397296
  10.2021042   47.240073
  10.2022194   47.2402979
  10.2024417   47.2403846
  10.2023481   47.2405559
  10.2022937   47.2406905
  10.2022794   47.2407973
  10.2022522   47.2409529
  10.2022573   47.241207
  10.2023039   47.2413865
  10.2023145   47.2416273
  10.2026417   47.2418067
  10.2031436   47.2419419
  10.2033368   47.2419631
  10.2038449   47.242237
  10.2039676   47.2423815
  10.2042321   47.2425085
  10.2043347   47.2425949
  10.2044392   47.2427378
  10.2045672   47.2428982
  10.2049826   47.2432578
  10.2054154   47.2433675
  10.2058314   47.2434937
  10.2061492   47.2436033
  10.2097986   47.2474034
  10.2110919   47.2480836
  10.2136461   47.2478123
  10.2147097   47.2477059
  10.2175587   47.2474231
  10.2178959   47.2474766
  10.2183344   47.2477317
  10.2187172   47.2478966
  10.2189211   47.2479048
  10.2197614   47.2482791
  10.2200133   47.2483664
  10.2206341   47.2484583
  10.2211177   47.2487292
  10.2215609   47.2487416
  10.2218263   47.2491411
  10.2221404   47.2493622
  10.2225323   47.2494404
  10.2227125   47.2496631
  10.2229685   47.2497724
  10.2236076   47.2499906
  10.2234739   47.2501747
  10.2233682   47.2504204
  10.2231845   47.2507957
  10.2230589   47.2510787
  10.2227337   47.2517902
  10.2223162   47.2526605
  10.22227     47.252768
  10.2221079   47.2532368
  10.2220822   47.2534968
  10.2220479   47.2535754
  10.2196503   47.254648
  10.216656    47.2553795
  10.2158988   47.2554246
  10.2136511   47.2552094
  10.2134624   47.2552212
  10.2114807   47.2562912
  10.2095185   47.2563716
  10.208347    47.2564176
  10.2082919   47.2564705
  10.2070166   47.2568624
  10.2059209   47.257321
  10.2048175   47.2574159
  10.2042464   47.2574268
  10.2023644   47.2571717
  10.2012651   47.2572935
  10.2010562   47.2572137
  10.1984532   47.2573799
  10.1965172   47.2577181
  10.1959786   47.2581497
  10.1959199   47.2582928
  10.1954919   47.2586391
  10.1951655   47.2586973
  10.1948285   47.2594762
  10.1936533   47.2602776
  10.1931469   47.2603368
  10.1926141   47.2603468
  10.1924575   47.2604433
  10.1923668   47.2608202
  10.192225    47.2610139
  10.1919837   47.2611617
  10.1918374   47.2611674
  10.191572    47.2611066
  10.1908993   47.2609238
  10.1897047   47.2608304
  10.1894227   47.2608631
  10.1888625   47.261144
  10.1884692   47.2614481
  10.1879576   47.2618459
  10.1873746   47.2620775
  10.1872056   47.2620352
  10.1870755   47.2619574
  10.1866553   47.2619131
  10.1861799   47.261884
  10.1858195   47.2619442
  10.1851874   47.2621191
  10.1847596   47.2621162
  10.1842949   47.2620772
  10.1840449   47.2619536
  10.1836717   47.2616012
  10.1831382   47.2612915
  10.1829479   47.2612546
  10.1826883   47.2613477
  10.1822744   47.2614262
  10.1821945   47.2615032
  10.1822539   47.2617602
  10.1821855   47.2620306
  10.1820914   47.2623137
  10.1816611   47.2623954
  10.1810114   47.262634
  10.1808347   47.2626572
  10.1798448   47.2629553
  10.1795014   47.2629263
  10.1792059   47.2629814
  10.1787269   47.2631978
  10.1778329   47.2631866
  10.176296    47.263554
  10.1759866   47.2636463
  10.1758042   47.263683
  10.1753425   47.2638037
  10.1751325   47.2639256
  10.1742128   47.2638805
  10.1745406   47.2643432
  10.1752587   47.2654057
  10.1758656   47.2666645
  10.176917    47.2676715
  10.1769748   47.2677341
  10.1772811   47.2682218
  10.1769864   47.2688974
  10.1773395   47.2691497
  10.1776493   47.2697313
  10.1783421   47.2701114
  10.1745845   47.2702309
  10.1740416   47.2702482
  10.1740474   47.2716793
  10.1736999   47.2729052
  10.1735618   47.2730469
  10.1725126   47.2741231
  10.1725158   47.2741264
  10.1734637   47.2750853
  10.1751976   47.275766
  10.1741703   47.2767101
  10.1734178   47.2774016
  10.1732237   47.2776028
  10.1721782   47.2789462
  10.172077    47.2790762
  10.1737729   47.2799246
  10.1759291   47.2820496
  10.1759003   47.2823266
  10.175422    47.2869269
  10.1753255   47.2878549
  10.1752931   47.2878978
  10.1751481   47.2879609
  10.175107    47.288011
  10.1751016   47.2880476
  10.1750444   47.2881879
  10.1751616   47.2883512
  10.1752317   47.2883801
  10.1751863   47.2885205
  10.1751556   47.2885615
  10.1750774   47.288633
  10.1750636   47.2886673
  10.1748405   47.2887859
  10.1748149   47.2888189
  10.1748076   47.2888601
  10.174851    47.2890194
  10.1748928   47.2890265
  10.1748634   47.2892287
  10.1748965   47.2892667
  10.1749207   47.2893435
  10.1749975   47.2893783
  10.1751616   47.2894171
  10.1752245   47.2894769
  10.1752846   47.2895014
  10.17533     47.2894937
  10.1754938   47.2895564
  10.1755422   47.2896371
  10.1755646   47.2896747
  10.1756339   47.2897667
  10.1757624   47.2898339
  10.1758367   47.2899327
  10.1759762   47.2900458
  10.176063    47.2900852
  10.1761375   47.2901404
  10.1761926   47.2901749
  10.1762326   47.2902253
  10.1763161   47.290284
  10.176336    47.2903137
  10.1763744   47.2903425
  10.1764179   47.2903621
  10.1764651   47.2903588
  10.1765711   47.2903296
  10.1766585   47.2903402
  10.1769611   47.2903266
  10.1770064   47.2903439
  10.1770578   47.2904104
  10.1771333   47.2904358
  10.1771548   47.2904633
  10.1771676   47.2905342
  10.1772486   47.2906911
  10.1773234   47.2907782
  10.1773549   47.2908424
  10.1773626   47.2909269
  10.1773987   47.2910002
  10.1774422   47.2910335
  10.1774703   47.2910849
  10.17749     47.2911274
  10.1775497   47.2912064
  10.177566    47.2912796
  10.1776125   47.2913357
  10.1775983   47.2914168
  10.1776246   47.291482
  10.1776882   47.2915132
  10.1777047   47.2915509
  10.1777311   47.2917886
  10.1778181   47.291845
  10.1778428   47.2918862
  10.177841    47.2919124
  10.1778134   47.2919752
  10.1778245   47.2920495
  10.1778056   47.2920939
  10.1778136   47.2921386
  10.1778032   47.2921705
  10.1778107   47.2922814
  10.1778642   47.2922976
  10.1778899   47.2924245
  10.1779218   47.2924486
  10.1779346   47.2925195
  10.1779829   47.2925779
  10.1780577   47.292648
  10.178061    47.2926662
  10.1780304   47.2928729
  10.1780199   47.2931116
  10.1780045   47.2931344
  10.1779759   47.2931502
  10.1779588   47.2931719
  10.1779453   47.2932515
  10.1779305   47.2933385
  10.1779505   47.2933489
  10.1779608   47.2935181
  10.1779771   47.2935627
  10.1779959   47.2937398
  10.1780038   47.2937753
  10.1780553   47.2938532
  10.1780832   47.2939252
  10.1781264   47.2941459
  10.178171    47.2942444
  10.1782533   47.2946182
  10.178248    47.2946468
  10.1782879   47.2947018
  10.178573    47.2949566
  10.1787202   47.2950554
  10.178864    47.2951189
  10.1788789   47.2951441
  10.1790872   47.2952942
  10.1791964   47.2953727
  10.1793593   47.2955448
  10.1794654   47.2957085
  10.179505    47.2957989
  10.1795245   47.2958791
  10.1795428   47.2959077
  10.1795792   47.295958
  10.1795858   47.2959741
  10.1795974   47.2960073
  10.1796106   47.2960256
  10.1796904   47.2960737
  10.1797502   47.2960991
  10.1798264   47.2961315
  10.1798617   47.2961363
  10.1799022   47.296125
  10.1800197   47.2961346
  10.1801287   47.2961613
  10.1802784   47.296162
  10.180329    47.2961531
  10.1803965   47.2961179
  10.1804469   47.2961135
  10.1804517   47.2961341
  10.1805796   47.2961347
  10.1807104   47.2961786
  10.1807621   47.2962188
  10.1807991   47.2962144
  10.1810417   47.2961537
  10.1811089   47.2961506
  10.181136    47.296137
  10.181195    47.2961086
  10.1812439   47.2961008
  10.1813097   47.2960737
  10.1814022   47.2960695
  10.1815284   47.2960495
  10.1816226   47.2960464
  10.1816545   47.2960591
  10.1816845   47.2960866
  10.1817097   47.2960799
  10.1817622   47.296047
  10.1818516   47.296013
  10.1819943   47.2958378
  10.1820049   47.295792
  10.1820371   47.295759
  10.1820726   47.2957386
  10.1821097   47.2957285
  10.1821656   47.2956796
  10.1821928   47.295642
  10.1822722   47.2956069
  10.1823042   47.2955967
  10.182377    47.2955331
  10.1824292   47.2955208
  10.1824731   47.2954912
  10.1825053   47.2954777
  10.1825609   47.295471
  10.1825828   47.2954596
  10.1826304   47.2953902
  10.1826904   47.2952682
  10.1829056   47.2950772
  10.182962    47.2949826
  10.1830809   47.2948402
  10.18313     47.2948153
  10.1831601   47.2948086
  10.1833169   47.2947692
  10.1833558   47.2947453
  10.1833881   47.2946941
  10.1834342   47.2946212
  10.1834679   47.2946179
  10.1835157   47.2945382
  10.1836023   47.2944517
  10.1836716   47.2943983
  10.1837289   47.294379
  10.1838021   47.2942833
  10.1838376   47.2942584
  10.18386     47.2942002
  10.1839204   47.294221
  10.1839571   47.2942475
  10.1840076   47.2942408
  10.1840361   47.2942456
  10.1840731   47.2942365
  10.1841426   47.2941694
  10.1841678   47.294166
  10.1841863   47.2941764
  10.1842199   47.2941765
  10.1846079   47.2940308
  10.1846737   47.2939921
  10.1847919   47.2939481
  10.1848003   47.2939253
  10.1848911   47.293928
  10.1849653   47.2939169
  10.1850512   47.2938864
  10.1850984   47.2938854
  10.1852378   47.2938974
  10.1853588   47.2938967
  10.1854746   47.2939075
  10.1855605   47.2939281
  10.1856068   47.2939811
  10.185657    47.2940065
  10.1856737   47.2940214
  10.18569     47.2940649
  10.1857169   47.2940776
  10.1857774   47.2940801
  10.1858141   47.2941065
  10.1860002   47.2941759
  10.1860639   47.2941874
  10.1861139   47.2942232
  10.1861542   47.2942335
  10.1864296   47.2942644
  10.1864833   47.2942749
  10.1865137   47.2942682
  10.1865389   47.2942499
  10.1865634   47.2941599
  10.1865788   47.2941347
  10.1866125   47.2941154
  10.1867084   47.2941135
  10.1867318   47.2941205
  10.1867552   47.2941365
  10.1867854   47.2941447
  10.1868476   47.2941586
  10.1869047   47.2941578
  10.1869448   47.2941705
  10.1870456   47.2941823
  10.1870895   47.2941642
  10.1871853   47.2941657
  10.1872341   47.2941625
  10.187271    47.2941672
  10.1873045   47.2941811
  10.1873515   47.294187
  10.187375    47.2941837
  10.1874189   47.2941723
  10.1875164   47.2941693
  10.1875552   47.2941524
  10.1875855   47.2941536
  10.1876438   47.2942007
  10.1877145   47.2942078
  10.1877714   47.2942207
  10.1878237   47.2942128
  10.1878761   47.2941674
  10.1881163   47.2941901
  10.188177    47.2941823
  10.1882294   47.2941357
  10.1883565   47.29403
  10.1884768   47.2939094
  10.1886566   47.2939295
  10.1887103   47.2939411
  10.1887486   47.2939732
  10.1887873   47.2939883
  10.1889266   47.293998
  10.1890176   47.2939743
  10.1890496   47.2939802
  10.1891267   47.2940022
  10.1891479   47.2940571
  10.1892203   47.2940608
  10.1892305   47.2940437
  10.1892508   47.2940312
  10.1892978   47.2940257
  10.1893585   47.2940111
  10.1894021   47.2940158
  10.1895128   47.2940404
  10.1895515   47.2940382
  10.1895888   47.2940178
  10.1896178   47.2939561
  10.1896365   47.2939449
  10.1896565   47.2939541
  10.1896782   47.2939815
  10.1896863   47.2940296
  10.1897196   47.2940491
  10.1897546   47.2940812
  10.1898331   47.294133
  10.1898782   47.2941731
  10.1899112   47.2942292
  10.1899146   47.2944212
  10.1899583   47.2944362
  10.1900624   47.2944424
  10.1901009   47.2944551
  10.190134    47.2945215
  10.190264    47.2946443
  10.1902941   47.294658
  10.1903966   47.2946641
  10.1904888   47.2946988
  10.1905171   47.2947241
  10.1905454   47.2947538
  10.1905841   47.2947666
  10.1906376   47.2947714
  10.1907053   47.2947477
  10.1907287   47.29475
  10.1907604   47.2947685
  10.1907938   47.2948108
  10.1908388   47.2948487
  10.1909015   47.2949792
  10.1910044   47.2949533
  10.191085    47.2949502
  10.1911236   47.2949561
  10.1912324   47.2949988
  10.1913112   47.295022
  10.1913548   47.2950472
  10.1914013   47.2951104
  10.1914263   47.2951242
  10.1914817   47.2951358
  10.1915171   47.2951359
  10.1915575   47.2951327
  10.1916162   47.2951397
  10.1916634   47.2951331
  10.191692    47.2951217
  10.1918081   47.2951108
  10.1919943   47.2951652
  10.1920611   47.2952066
  10.1921099   47.2952068
  10.1921634   47.2952447
  10.1922657   47.2952668
  10.1923699   47.2952627
  10.1924572   47.2952722
  10.1925311   47.2952885
  10.1925944   47.2953379
  10.1926447   47.2953723
  10.1926745   47.2954273
  10.1926904   47.2955233
  10.1926927   47.2956501
  10.1927041   47.2956798
  10.1927343   47.2956926
  10.1928216   47.2956998
  10.1928536   47.2957056
  10.1928568   47.2957194
  10.1928362   47.2957558
  10.1928574   47.2958496
  10.1929581   47.2958579
  10.1930503   47.2958777
  10.1931225   47.295886
  10.1931863   47.2959023
  10.1932586   47.2958923
  10.1933345   47.2958686
  10.1933715   47.2958699
  10.1935021   47.2959298
  10.1937013   47.2960277
  10.1940258   47.2963968
  10.1941162   47.2964658
  10.1941589   47.2965596
  10.1941857   47.2965746
  10.194246    47.2965988
  10.1942796   47.2966035
  10.1943436   47.2965878
  10.1944109   47.2965857
  10.1944444   47.2965928
  10.1944894   47.2966306
  10.1945399   47.29664
  10.1946005   47.2966333
  10.1946424   47.2966392
  10.1948115   47.2967221
  10.1948347   47.2967463
  10.1948274   47.2968091
  10.1948473   47.2968354
  10.1949176   47.2968859
  10.1950483   47.2969355
  10.1951017   47.2969655
  10.1951485   47.2970057
  10.1951854   47.2970161
  10.1952555   47.2970758
  10.195299    47.2970965
  10.1953729   47.2971071
  10.1954318   47.2970982
  10.1954502   47.2971097
  10.1955518   47.2972221
  10.195592    47.2972325
  10.1958145   47.2971637
  10.1958667   47.2971547
  10.1960432   47.2971658
  10.1961574   47.2971673
  10.1961926   47.2971629
  10.1962485   47.2971506
  10.196277    47.2971496
  10.1963659   47.2971773
  10.1964162   47.2971854
  10.1964414   47.2971845
  10.1965156   47.2971642
  10.1966764   47.297158
  10.1967608   47.2971755
  10.1971063   47.2972819
  10.1973223   47.2973856
  10.1975452   47.2974687
  10.1976054   47.2974963
  10.1976488   47.2975228
  10.197679    47.2975274
  10.1978017   47.2975416
  10.197852    47.2975556
  10.1979942   47.2976316
  10.1980243   47.2976465
  10.1982897   47.2976738
  10.1983923   47.2976708
  10.1984379   47.2976562
  10.1985004   47.297613
  10.1985578   47.2975892
  10.198657    47.297577
  10.1987058   47.2975669
  10.1987801   47.2975398
  10.1988946   47.2975277
  10.1990375   47.2975074
  10.1991314   47.2975423
  10.19918     47.2975676
  10.1992431   47.2976524
  10.1992596   47.2976776
  10.1993079   47.297719
  10.1995648   47.2981621
  10.1996163   47.2982274
  10.1996613   47.2982779
  10.1996742   47.2983385
  10.19967     47.2984184
  10.1998025   47.298468
  10.1998781   47.2984752
  10.1999067   47.2984879
  10.199923    47.2985279
  10.1999447   47.2985452
  10.2001409   47.2985996
  10.2003022   47.2986173
  10.2003808   47.2986497
  10.2004481   47.2986682
  10.2005049   47.2986982
  10.2005786   47.2987315
  10.2006253   47.2987798
  10.2006867   47.2988782
  10.20072     47.2989001
  10.2007921   47.2989243
  10.2008272   47.2989496
  10.200887    47.299023
  10.2009104   47.2990436
  10.2009925   47.2990874
  10.2010075   47.2991068
  10.2010089   47.2991354
  10.2009866   47.2991787
  10.2009971   47.2991911
  10.2009975   47.2991915
  10.2009983   47.2991924
  10.2010099   47.2992142
  10.201008    47.2992359
  10.2010399   47.2992497
  10.2010801   47.2992499
  10.2011522   47.2992616
  10.2012362   47.299295
  10.2012814   47.2993089
  10.2014257   47.2993323
  10.2014626   47.2993463
  10.2015027   47.2993691
  10.20156     47.2993626
  10.2016002   47.2993661
  10.2016905   47.2994317
  10.2017055   47.2994568
  10.2017221   47.2994878
  10.2017289   47.2995155
  10.2017537   47.2995408
  10.2017499   47.2995831
  10.201712    47.2996572
  10.2016988   47.2997797
  10.2017908   47.2998065
  10.2018743   47.2998484
  10.2019194   47.2998624
  10.2020235   47.2998642
  10.2022228   47.2999216
  10.2022643   47.2999561
  10.2023358   47.3000172
  10.2025539   47.300172
  10.2026001   47.3002284
  10.2026302   47.3002435
  10.2026856   47.3002427
  10.2027266   47.3003185
  10.2028044   47.3004267
  10.2029092   47.3004949
  10.2029032   47.3005749
  10.2029364   47.3006048
  10.2030151   47.3006305
  10.2030282   47.3006569
  10.2029913   47.3007953
  10.2030031   47.3009247
  10.2031091   47.3011828
  10.203124    47.3013284
  10.2031555   47.3013732
  10.2032112   47.3014846
  10.2032908   47.3015708
  10.2033406   47.3017077
  10.2033606   47.3017625
  10.2033987   47.3018097
  10.2034554   47.301841
  10.2038057   47.3020355
  10.2038987   47.3021265
  10.2039441   47.3022459
  10.2039816   47.3023526
  10.2040445   47.3024239
  10.2041732   47.3024762
  10.204319    47.3025069
  10.2046293   47.3025341
  10.204783    47.3025612
  10.2048387   47.302571
  10.2050026   47.3026349
  10.2051261   47.3027021
  10.2053414   47.3027731
  10.2054373   47.3028026
  10.2056377   47.302884
  10.2057097   47.3028982
  10.2059043   47.30292
  10.2059494   47.3029386
  10.2059693   47.3029673
  10.2059636   47.3030153
  10.2059816   47.3030521
  10.2060316   47.3030902
  10.2064611   47.3032693
  10.2065462   47.3033167
  10.2067339   47.3034747
  10.2068267   47.3035852
  10.2068915   47.3036464
  10.2069849   47.3036972
  10.2072728   47.3037838
  10.2073363   47.3038093
  10.2073746   47.3038347
  10.2073826   47.3038566
  10.2074548   47.3038662
  10.2076079   47.3039816
  10.2076311   47.304015
  10.2076474   47.3040437
  10.2076808   47.3040748
  10.2077341   47.3040958
  10.207828    47.3041215
  10.2078978   47.3041781
  10.2079998   47.3042085
  10.2080584   47.3042261
  10.2082271   47.3043163
  10.2082517   47.3043486
  10.2083435   47.3045426
  10.2083838   47.3045521
  10.2084225   47.3045351
  10.2084477   47.3045376
  10.2084592   47.3045525
  10.2085179   47.3045701
  10.2085475   47.3046125
  10.2086888   47.3047371
  10.2087104   47.304751
  10.208759    47.3047696
  10.2087788   47.3047961
  10.2088149   47.3048672
  10.2088033   47.3049851
  10.208786    47.3050354
  10.2087299   47.3050864
  10.2087127   47.3051276
  10.2087153   47.3051814
  10.2087881   47.3052689
  10.2088379   47.3053184
  10.2088859   47.3053726
  10.209031    47.305458
  10.209068    47.3054686
  10.2091001   47.305454
  10.2091554   47.3054498
  10.2092106   47.3054639
  10.2092993   47.3055022
  10.2093557   47.3055495
  10.2094731   47.3057093
  10.2095348   47.3057441
  10.2096375   47.3058638
  10.2097493   47.3059343
  10.2098932   47.3059707
  10.2099353   47.3059674
  10.2100181   47.3059269
  10.2100534   47.3059202
  10.2101407   47.3059241
  10.2102746   47.3059605
  10.2103979   47.3060529
  10.2104793   47.3061244
  10.2104906   47.3061519
  10.2105      47.306216
  10.2105098   47.3062311
  10.210535    47.3062369
  10.2105787   47.3062303
  10.2106005   47.3062339
  10.2106353   47.306281
  10.210662    47.3062915
  10.2107209   47.3062873
  10.2107426   47.3062943
  10.210749    47.3063138
  10.2107338   47.3063296
  10.2106579   47.3063728
  10.2104996   47.3065262
  10.2104738   47.3065788
  10.2103502   47.3066432
  10.2103451   47.3066592
  10.2103666   47.3066834
  10.2103356   47.3067416
  10.2103215   47.3067987
  10.2102958   47.3068466
  10.2102824   47.3069792
  10.2102498   47.3070306
  10.21016     47.3071021
  10.2101495   47.3071296
  10.2101494   47.3071513
  10.2104593   47.3073524
  10.2104938   47.3074042
  10.210583    47.3078133
  10.2107039   47.3079527
  10.2107319   47.308002
  10.2107969   47.3080413
  10.2108283   47.3080839
  10.2108573   47.3081882
  10.2108168   47.3081994
  10.2108106   47.308299
  10.2108523   47.3083267
  10.2109305   47.3085195
  10.2110181   47.3086322
  10.211073    47.3086772
  10.2111145   47.3087267
  10.2111913   47.3087649
  10.2112961   47.3088365
  10.2113226   47.3088768
  10.2113286   47.3089329
  10.2113568   47.3089709
  10.2113546   47.3090041
  10.2113323   47.3090371
  10.2113282   47.309116
  10.2113736   47.3093797
  10.2113629   47.3094311
  10.2113707   47.3094769
  10.2113887   47.3095193
  10.2113916   47.3095594
  10.2114626   47.3096583
  10.2115018   47.3097489
  10.2115332   47.3097858
  10.2115765   47.3098251
  10.2115713   47.3098433
  10.2115324   47.3098671
  10.2115136   47.3098864
  10.2114816   47.3100316
  10.211516    47.3101051
  10.2114928   47.3102229
  10.2115707   47.3103126
  10.21158     47.310363
  10.211574    47.3104488
  10.2115984   47.3105142
  10.2116468   47.3105512
  10.2117168   47.310587
  10.2117333   47.3106055
  10.2117296   47.3106284
  10.2117038   47.3106808
  10.2117154   47.3107073
  10.2118469   47.3108031
  10.2119237   47.3108413
  10.2120795   47.3108801
  10.2121062   47.3108963
  10.2121092   47.3109158
  10.2121021   47.3109513
  10.2121152   47.3109718
  10.2122202   47.3110539
  10.2122764   47.3111172
  10.2123397   47.3111588
  10.212353    47.3111795
  10.2123593   47.3112242
  10.2125184   47.311255
  10.2127989   47.3112555
  10.212925    47.3112403
  10.2129568   47.3112485
  10.2130101   47.3112832
  10.2130419   47.3112949
  10.2132149   47.3113028
  10.2133121   47.3113251
  10.213376    47.3113244
  10.2134277   47.3113419
  10.2135403   47.3113439
  10.2135772   47.311352
  10.2136256   47.3113683
  10.2137115   47.3113643
  10.2138068   47.3113958
  10.2139861   47.3114324
  10.2141723   47.3114554
  10.2141855   47.3114726
  10.2142174   47.3114774
  10.2142779   47.3114663
  10.2143638   47.3114566
  10.2144819   47.3114138
  10.2145191   47.3113888
  10.2145313   47.3113489
  10.2145687   47.311316
  10.2146278   47.3112865
  10.2147878   47.3112578
  10.2148937   47.3112528
  10.2149628   47.3112338
  10.2150165   47.3112353
  10.2150369   47.3112113
  10.2151194   47.3112096
  10.2151799   47.3111984
  10.2154227   47.3111302
  10.215448    47.3111075
  10.2155374   47.3110748
  10.2155625   47.3110932
  10.2155945   47.3110913
  10.2156066   47.3110661
  10.2156469   47.3110549
  10.2157631   47.3110442
  10.2158267   47.3110549
  10.2158414   47.3110813
  10.2158633   47.3110849
  10.2159718   47.311064
  10.2154559   47.3117024
  10.2143104   47.3131197
  10.2142386   47.3132086
  10.2134404   47.3141963
  10.2126192   47.3152123
  10.2124856   47.3153778
  10.2123419   47.3155554
  10.2122294   47.3157032
  10.2118334   47.3162209
  10.2112247   47.3170221
  10.2108904   47.3174607
  10.2108471   47.3176004
  10.2108305   47.3177228
  10.2107994   47.3177889
  10.2107549   47.3178665
  10.2107474   47.3179249
  10.2107716   47.3180108
  10.2107662   47.3180418
  10.2107617   47.3181401
  10.2107831   47.3181677
  10.2108265   47.3181898
  10.2108938   47.3181845
  10.2109222   47.3181939
  10.2109237   47.3182133
  10.2109123   47.3183208
  10.2109319   47.318353
  10.2109941   47.3183672
  10.2110222   47.3183948
  10.2110284   47.3184337
  10.2110336   47.3185733
  10.211077    47.3187259
  10.2110668   47.3187464
  10.211036    47.3187886
  10.2111267   47.318915
  10.2111365   47.3189529
  10.2111311   47.3189838
  10.2108305   47.3192474
  10.210758    47.3192641
  10.2106968   47.3193256
  10.210653    47.3193355
  10.210589    47.3193501
  10.2104531   47.3193285
  10.2104279   47.3193352
  10.210421    47.3193536
  10.2104047   47.3194336
  10.2103691   47.3194745
  10.2102911   47.3195347
  10.2102322   47.3195412
  10.2102068   47.3195535
  10.2101159   47.3196635
  10.2100894   47.3197303
  10.2100441   47.3197286
  10.2099715   47.3197471
  10.2099334   47.3197237
  10.2098826   47.3197378
  10.2097633   47.3199192
  10.2096814   47.3199708
  10.2096659   47.3200414
  10.2095241   47.3201322
  10.2094962   47.3201684
  10.2094228   47.3202109
  10.2093875   47.3202733
  10.2092265   47.3202632
  10.2091261   47.3204333
  10.2090966   47.3204684
  10.2090773   47.3204979
  10.2088876   47.3206166
  10.2088202   47.3206179
  10.2087641   47.3205863
  10.2086351   47.3205699
  10.2084905   47.3205131
  10.2084363   47.3205295
  10.2083216   47.3206709
  10.2082876   47.320683
  10.2082053   47.3206773
  10.2081045   47.3206829
  10.2080763   47.3206711
  10.2080666   47.3206539
  10.2080196   47.3206509
  10.2079737   47.3206766
  10.2079247   47.3206817
  10.2079089   47.3207066
  10.2078656   47.3206935
  10.2077476   47.3207126
  10.2077216   47.3207385
  10.2076626   47.3207458
  10.2076142   47.3207337
  10.207555    47.3207455
  10.2075003   47.320843
  10.2073751   47.320934
  10.2073011   47.3209971
  10.2071981   47.3210837
  10.2071158   47.3212039
  10.2070904   47.3212103
  10.207045    47.3212143
  10.207021    47.3212289
  10.2070004   47.3212831
  10.2069154   47.3213429
  10.2068725   47.321443
  10.2068252   47.3215075
  10.2067278   47.3217521
  10.2067321   47.3217818
  10.2067549   47.3218084
  10.206765    47.321868
  10.2067944   47.3218981
  10.2067795   47.3220167
  10.2067764   47.3221276
  10.2067285   47.3221579
  10.2067104   47.3222103
  10.2066436   47.3222529
  10.2066126   47.322281
  10.2065513   47.3223717
  10.2064724   47.3224345
  10.2064064   47.3224486
  10.2063754   47.3224733
  10.2063251   47.3225985
  10.2062871   47.3226369
  10.206169    47.3226513
  10.2059336   47.3227866
  10.20589     47.322842
  10.2056902   47.3229549
  10.2054136   47.3230586
  10.2052481   47.3231491
  10.2052289   47.3231762
  10.2052318   47.3231957
  10.2051113   47.323296
  10.2050624   47.3233044
  10.2049784   47.3233639
  10.2049325   47.3233839
  10.2048605   47.3234344
  10.2046967   47.3234665
  10.2045627   47.3235746
  10.2044774   47.323682
  10.2043947   47.3237609
  10.2043698   47.3238075
  10.2043321   47.3238333
  10.2040932   47.3239114
  10.2039939   47.3239157
  10.2039218   47.3239056
  10.2038453   47.323876
  10.2037963   47.3238902
  10.2036131   47.3239541
  10.2035539   47.3239694
  10.2033866   47.3240026
  10.2033434   47.3240477
  10.2031722   47.3241005
  10.202976    47.324211
  10.202898    47.3242373
  10.2027941   47.3242257
  10.2026859   47.3242506
  10.2025812   47.3242621
  10.2020992   47.3243869
  10.2020478   47.3244217
  10.2020063   47.3244635
  10.2019452   47.3244879
  10.2019135   47.3245424
  10.2018911   47.3245603
  10.2018195   47.3245971
  10.2018038   47.3246208
  10.2016033   47.3247612
  10.2014655   47.3248862
  10.2014228   47.3249702
  10.2013858   47.3250955
  10.2012917   47.325156
  10.2011724   47.3252813
  10.2011444   47.3253815
  10.2010293   47.3255367
  10.2010069   47.3256152
  10.2009184   47.3257799
  10.2008227   47.3258335
  10.2007588   47.3258406
  10.2007164   47.325855
  10.2006593   47.3259148
  10.2004757   47.3259901
  10.2003101   47.3260885
  10.2001872   47.3261006
  10.2001292   47.3261285
  10.2000083   47.3262434
  10.1995092   47.3264601
  10.1995848   47.3265579
  10.1996066   47.3266211
  10.1998942   47.3269771
  10.1999416   47.3270256
  10.1999966   47.3271018
  10.2000445   47.3271333
  10.2001362   47.3271585
  10.2002155   47.3272098
  10.2004049   47.3272878
  10.200485    47.3274294
  10.2004071   47.3274547
  10.2004065   47.3274731
  10.2005248   47.3275695
  10.2005729   47.3275986
  10.2005784   47.3276433
  10.2005764   47.327713
  10.200656    47.3278124
  10.2008033   47.3279549
  10.2008809   47.3280634
  10.2009872   47.328178
  10.2010045   47.3282149
  10.2010227   47.328223
  10.201113    47.3282425
  10.2012443   47.3282946
  10.2013348   47.3283666
  10.2013952   47.3284325
  10.2014726   47.3284862
  10.2015258   47.3285052
  10.2017191   47.3285066
  10.2017439   47.3285217
  10.2017652   47.328602
  10.2018128   47.3286461
  10.2019735   47.3287294
  10.2020354   47.3287428
  10.2022231   47.3287578
  10.202345    47.3287857
  10.2023713   47.3288021
  10.2024771   47.3288652
  10.2027275   47.3289257
  10.2028274   47.3289602
  10.2030849   47.3290115
  10.2031382   47.32909
  10.2031858   47.3291294
  10.203288    47.3291411
  10.2033412   47.3291612
  10.203555    47.329268
  10.203655    47.3293002
  10.2037701   47.3293886
  10.2038964   47.3295035
  10.2040222   47.3295748
  10.2040905   47.3296569
  10.2041569   47.3296863
  10.2044133   47.3297148
  10.2045191   47.3297792
  10.2045774   47.3297948
  10.204688    47.3298054
  10.2047578   47.3298359
  10.2048129   47.3299076
  10.2048623   47.3299494
  10.2049897   47.3300209
  10.2050901   47.3300952
  10.2052538   47.33019
  10.2053272   47.3302092
  10.2053471   47.3302267
  10.205414    47.330295
  10.2054866   47.3303394
  10.2055606   47.3303692
  10.2057478   47.3304445
  10.2057656   47.3305294
  10.205838    47.3306469
  10.2060286   47.3308667
  10.2063307   47.3311896
  10.2065288   47.3313179
  10.2065819   47.3313425
  10.2066469   47.3314178
  10.2066599   47.3315013
  10.2068228   47.3315664
  10.2069859   47.3317434
  10.2070207   47.3318239
  10.2070761   47.331891
  10.207107    47.3319885
  10.2072319   47.3320896
  10.2073093   47.3322118
  10.2074173   47.3323161
  10.2075922   47.3326808
  10.2075842   47.3330305
  10.2076021   47.3330593
  10.2075949   47.3330786
  10.2074938   47.3332042
  10.2074739   47.3332634
  10.2074969   47.3335554
  10.2075038   47.3336422
  10.2075589   47.3339036
  10.2075587   47.3339709
  10.2075414   47.3340485
  10.2075507   47.3340784
  10.2076086   47.3341156
  10.2076425   47.3341641
  10.2076441   47.3342282
  10.2076253   47.3343022
  10.2075886   47.334663
  10.2076081   47.3346827
  10.2076714   47.3347053
  10.2077203   47.3347595
  10.2076303   47.3347951
  10.2075993   47.3348266
  10.2076029   47.3349353
  10.2075853   47.3349624
  10.2075016   47.3350127
  10.2074578   47.3350215
  10.2073838   47.3350239
  10.2072995   47.3350948
  10.2072882   47.3351392
  10.207288    47.3352111
  10.2072811   47.3352276
  10.2072591   47.3352806
  10.2071827   47.335371
  10.20706     47.335558
  10.2070159   47.3355712
  10.2069569   47.3355727
  10.2068992   47.3355994
  10.2068557   47.3356503
  10.2067403   47.3358527
  10.2058811   47.3361756
  10.2058662   47.3361812
  10.2051767   47.3364563
  10.2042369   47.3367531
  10.2042995   47.3368477
  10.2045228   47.3371847
  10.2047358   47.3375063
  10.2047882   47.337585
  10.2051111   47.3380695
  10.2053962   47.3384974
  10.2056614   47.3388953
  10.2066672   47.3397864
  10.2068369   47.3399367
  10.2070983   47.340168
  10.2071263   47.3401928
  10.2078785   47.3408558
  10.208589    47.3414708
  10.209397    47.3421685
  10.2097955   47.3429514
  10.2110193   47.3437512
  10.211277    47.3439113
  10.2117699   47.3442185
  10.2125702   47.3451725
  10.212655    47.3452518
  10.2127268   47.3453947
  10.2128668   47.3456141
  10.2129458   47.3456805
  10.2129565   47.3457138
  10.2129579   47.3458455
  10.2129723   47.3458767
  10.2132219   47.3461502
  10.2132677   47.3462493
  10.2132917   47.3464168
  10.2132528   47.3465411
  10.2132477   47.3465994
  10.2132657   47.3466776
  10.2132906   47.3467156
  10.2134529   47.3468392
  10.2135707   47.3469004
  10.2138519   47.3470106
  10.2140894   47.3471798
  10.2143248   47.3473593
  10.2144639   47.3474379
  10.2146014   47.3474971
  10.2147795   47.3478396
  10.2150171   47.3480706
  10.2153802   47.3482693
  10.2158513   47.348371
  10.2161269   47.3487142
  10.2166827   47.3493434
  10.2171047   47.3498849
  10.217428    47.3503552
  10.2175415   47.3505483
  10.217576    47.3506069
  10.2174722   47.3506387
  10.2174123   47.3506699
  10.2173859   47.3507177
  10.2173287   47.3508966
  10.2172808   47.3509853
  10.2172161   47.3510715
  10.2172015   47.3511114
  10.2172121   47.3511481
  10.2172591   47.3512198
  10.2172595   47.3512668
  10.2171949   47.3514055
  10.2171799   47.3514592
  10.2171921   47.351504
  10.2172389   47.3515755
  10.2172304   47.3516338
  10.2171962   47.3517216
  10.2170841   47.3518531
  10.2170081   47.3524839
  10.2169866   47.3527091
  10.216946    47.3528975
  10.2168645   47.3531038
  10.2168484   47.3532603
  10.2168611   47.3533465
  10.2167814   47.3536648
  10.2167888   47.3537003
  10.2168278   47.3538646
  10.2168211   47.3539297
  10.2167827   47.3540778
  10.2169885   47.3543552
  10.2175343   47.3548221
  10.2177812   47.3550491
  10.217929    47.3552111
  10.2179857   47.3552863
  10.2180829   47.355362
  10.2183047   47.3554933
  10.2183602   47.3555489
  10.2184082   47.3555782
  10.2185181   47.3556232
  10.2186352   47.3556901
  10.2187423   47.3557224
  10.2188006   47.3557426
  10.2188485   47.3557743
  10.2189301   47.3558589
  10.2190503   47.3559568
  10.219257    47.3561002
  10.2199068   47.3563835
  10.2204853   47.3566141
  10.2209404   47.3567962
  10.2218182   47.3571097
  10.2222416   47.3572532
  10.2226867   47.3574034
  10.2228849   47.3576099
  10.2230743   47.3577769
  10.223282    47.357952
  10.2237606   47.3582557
  10.2241209   47.3585229
  10.2246177   47.3588232
  10.2243151   47.3594129
  10.224409    47.3596431
  10.2246414   47.3602144
  10.2246438   47.3604175
  10.2246832   47.3605232
  10.2247419   47.3606703
  10.2247736   47.3607497
  10.2247733   47.3607691
  10.2247425   47.3608918
  10.2252752   47.3615744
  10.225514    47.3617899
  10.2258544   47.3621781
  10.2260325   47.3623277
  10.2261384   47.362393
  10.2266105   47.3625865
  10.2275952   47.362926
  10.2281849   47.363204
  10.2285783   47.3633451
  10.2288147   47.3633765
  10.2289789   47.3633983
  10.2293228   47.364519
  10.2294885   47.36506
  10.2295119   47.3654256
  10.2292504   47.3654762
  10.2292244   47.3654987
  10.2291751   47.3658063
  10.2291616   47.3658911
  10.2291664   47.3660512
  10.2291766   47.3660716
  10.2292123   47.3661423
  10.2292827   47.3662588
  10.2293446   47.3663215
  10.2294306   47.3663686
  10.2294652   47.3664456
  10.2294943   47.3664804
  10.2295256   47.3665071
  10.229662    47.3665525
  10.2297625   47.3666173
  10.2301435   47.3668627
  10.2301041   47.3669912
  10.2301368   47.3670215
  10.2303001   47.3671737
  10.2303255   47.3672232
  10.2303242   47.3673159
  10.2303358   47.3673709
  10.2303727   47.3674309
  10.2304623   47.3675225
  10.2305333   47.3676173
  10.2305891   47.3677188
  10.2306324   47.3678349
  10.2306723   47.3679555
  10.2306783   47.3680345
  10.2306862   47.3680553
  10.2306984   47.3680874
  10.2307408   47.3681281
  10.2308415   47.3681958
  10.2309423   47.3682548
  10.2309866   47.3683398
  10.2310677   47.3683669
  10.2311299   47.3684148
  10.23119     47.3684526
  10.2313289   47.3685313
  10.2314508   47.3686056
  10.2315301   47.3686565
  10.2318389   47.3687914
  10.2321053   47.3688776
  10.2323999   47.3689312
  10.232589    47.3691763
  10.232732    47.3693305
  10.2328632   47.3694387
  10.2329811   47.3695388
  10.2334704   47.3698395
  10.2338503   47.370041
  10.234023    47.3701705
  10.2342518   47.3703316
  10.2345472   47.3705132
  10.2347823   47.3706478
  10.2348387   47.3707445
  10.23494     47.3709179
  10.2350788   47.3711597
  10.2352547   47.3713937
  10.2354657   47.3716381
  10.2356829   47.3718604
  10.2358969   47.372048
  10.2360739   47.3722004
  10.23631     47.3723422
  10.236393    47.3724418
  10.2366269   47.3728653
  10.2368835   47.3732005
  10.2371623   47.3735651
  10.2370152   47.3736543
  10.2356055   47.3759447
  10.2354775   47.3761526
  10.2349902   47.3765738
  10.2342343   47.3771003
  10.2342146   47.3771139
  10.2341737   47.3771391
  10.2328229   47.3779692
  10.2328174   47.3779733
  10.2318897   47.3786714
  10.2316784   47.3789694
  10.2320138   47.3792198
  10.2321517   47.3793797
  10.2322274   47.3795919
  10.2324178   47.3798512
  10.2326213   47.3801343
  10.2332752   47.3805996
  10.2334126   47.3806983
  10.234022    47.3810323
  10.2343195   47.38116
  10.2344968   47.3812518
  10.234945    47.3814841
  10.2352165   47.3815079
  10.2354366   47.3815273
  10.2360261   47.3816978
  10.2362396   47.3818426
  10.2361856   47.3819213
  10.2361016   47.3819635
  10.2360213   47.3820057
  10.2360271   47.3820345
  10.2359034   47.3821092
  10.2358805   47.382149
  10.2358243   47.3821652
  10.2358101   47.382189
  10.2357728   47.3821919
  10.2357075   47.3822378
  10.2356385   47.382238
  10.235617    47.3822811
  10.2355557   47.3823019
  10.235514    47.3823962
  10.2354775   47.3824334
  10.2354361   47.3824648
  10.2353509   47.3824945
  10.2353214   47.3825238
  10.2352861   47.3825232
  10.2352322   47.3825739
  10.2351769   47.3825697
  10.2351557   47.3825991
  10.235105    47.3826029
  10.2350908   47.3826267
  10.2350294   47.3826498
  10.2350104   47.3826702
  10.2350041   47.3827107
  10.2349993   47.382742
  10.2349935   47.3827785
  10.2349576   47.3827952
  10.2349431   47.3828315
  10.2348755   47.3828373
  10.2348692   47.3828784
  10.2348294   47.3829064
  10.2347961   47.3829494
  10.2347804   47.3829686
  10.2347615   47.3829775
  10.2346995   47.3829709
  10.234655    47.3830422
  10.2345989   47.3830654
  10.2345384   47.3831137
  10.2344958   47.383128
  10.2343754   47.3831582
  10.2343548   47.3831717
  10.2343482   47.3832184
  10.2342753   47.3832356
  10.2342392   47.3832591
  10.2341909   47.3832961
  10.234161    47.3833357
  10.2341012   47.383416
  10.2340785   47.383442
  10.2339818   47.3835161
  10.2339258   47.383585
  10.2338962   47.3836131
  10.2338141   47.3836577
  10.233783    47.3836824
  10.2337312   47.3837754
  10.2336715   47.3837985
  10.2336457   47.3838187
  10.2336143   47.383856
  10.2335931   47.3838865
  10.2335718   47.383916
  10.2335655   47.3839536
  10.2335714   47.384036
  10.2335328   47.3841383
  10.2335794   47.3842088
  10.2335749   47.3842453
  10.2335564   47.3842999
  10.2335031   47.3843838
  10.2334457   47.3844996
  10.2333752   47.3845443
  10.2333389   47.3845712
  10.2333041   47.3846073
  10.2332755   47.3846616
  10.2332478   47.3846852
  10.2332153   47.3846996
  10.2331848   47.3847062
  10.2331139   47.3847142
  10.2330669   47.3847569
  10.2329954   47.3847833
  10.2329668   47.3848379
  10.232811    47.3848641
  10.2327359   47.3848984
  10.232561    47.3849519
  10.2325285   47.3849674
  10.2324958   47.3849864
  10.2324023   47.3850685
  10.2322608   47.3850733
  10.2322183   47.3850852
  10.2321842   47.3851008
  10.2321101   47.3851523
  10.2320674   47.3851688
  10.2319807   47.385195
  10.2319415   47.3852116
  10.2318987   47.3852372
  10.2318709   47.3852665
  10.2318202   47.3853218
  10.2315561   47.3854768
  10.2315009   47.3855664
  10.231435    47.3856282
  10.2313358   47.385676
  10.2313091   47.3857225
  10.2312843   47.3857621
  10.2312426   47.3858027
  10.2311892   47.3858431
  10.2310387   47.3859164
  10.2309739   47.3859955
  10.2308829   47.3860478
  10.2308642   47.3860579
  10.2308415   47.3860816
  10.2308109   47.386144
  10.2307492   47.3861796
  10.2307312   47.3862663
  10.2305123   47.3865925
  10.2304819   47.3866376
  10.2303184   47.3867508
  10.2302926   47.3867732
  10.2302798   47.3868004
  10.2302185   47.3869265
  10.2301537   47.3869615
  10.2300987   47.3869911
  10.2300425   47.3870657
  10.2299834   47.3871069
  10.2299477   47.3871317
  10.2299869   47.3871723
  10.2299948   47.3871874
  10.2299991   47.3872091
  10.2299683   47.3872796
  10.2300084   47.3873408
  10.2299733   47.3874408
  10.2299259   47.3876048
  10.229978    47.3876605
  10.2298444   47.3876814
  10.2298662   47.3877343
  10.2298032   47.3878088
  10.2298377   47.3878379
  10.2298439   47.387854
  10.229845    47.3878735
  10.2298391   47.3878986
  10.2298113   47.3879279
  10.229782    47.387948
  10.2297255   47.387977
  10.2296522   47.3879999
  10.2295355   47.3880222
  10.2295013   47.3880388
  10.2294754   47.3880567
  10.2294663   47.3880817
  10.2294558   47.388149
  10.2294497   47.3881799
  10.229432    47.3882082
  10.2293994   47.3882259
  10.2293115   47.3882395
  10.2292688   47.3882526
  10.2292465   47.3882672
  10.2292394   47.3882819
  10.2292142   47.3883308
  10.2292036   47.3883432
  10.2291849   47.3883521
  10.229075    47.3883653
  10.2290508   47.3883866
  10.2290237   47.3883942
  10.2289987   47.3883859
  10.2289686   47.3883797
  10.2289331   47.3883838
  10.2289074   47.3883959
  10.2288743   47.3884309
  10.2288358   47.3884235
  10.228797    47.3884241
  10.2287633   47.3884281
  10.2287292   47.3884379
  10.228691    47.3884796
  10.2286098   47.3884876
  10.2285667   47.3885212
  10.2283332   47.388559
  10.2281372   47.3885322
  10.2280629   47.3884795
  10.2280225   47.3884836
  10.2279693   47.3884634
  10.2278999   47.3885287
  10.2276947   47.3885233
  10.2276434   47.3885466
  10.2276041   47.3885643
  10.2275651   47.388574
  10.2274305   47.3885721
  10.2273932   47.3885783
  10.2272846   47.3886568
  10.2271365   47.3887598
  10.2271437   47.3888022
  10.2271345   47.3888226
  10.2271203   47.3888488
  10.2270884   47.3888701
  10.227051    47.388895
  10.2269587   47.3888464
  10.2268945   47.388731
  10.2268364   47.3886704
  10.226834    47.3886109
  10.2267835   47.3885289
  10.2267189   47.3884237
  10.226658    47.3883483
  10.2266322   47.3883215
  10.2265692   47.3882985
  10.2264996   47.3881898
  10.2264713   47.3881013
  10.2264567   47.3879297
  10.2264617   47.3878486
  10.2264493   47.3877857
  10.2263963   47.3877228
  10.2263398   47.3876692
  10.2262459   47.3875749
  10.2261571   47.3874863
  10.2259712   47.3874391
  10.2249072   47.3872391
  10.2247472   47.3871984
  10.224535    47.3871176
  10.2243691   47.3870561
  10.2242068   47.3869513
  10.2239975   47.3867742
  10.2237608   47.3865958
  10.2236279   47.3865076
  10.2234376   47.3864284
  10.2232007   47.3863313
  10.2229828   47.3862242
  10.2227727   47.3860543
  10.2226734   47.3859724
  10.2225907   47.3859407
  10.2223478   47.3857194
  10.2222034   47.3855056
  10.2220619   47.3852543
  10.2218524   47.3850308
  10.2216995   47.3848588
  10.2215312   47.3846978
  10.2213019   47.3845789
  10.2211122   47.384445
  10.2209881   47.3843946
  10.2206498   47.3843068
  10.2204625   47.3842701
  10.2202915   47.3842095
  10.2201335   47.3841253
  10.2199674   47.3840363
  10.2198729   47.3839678
  10.2197452   47.3839029
  10.219542    47.3837309
  10.2194385   47.3835872
  10.2193724   47.3834339
  10.2192951   47.3832745
  10.2192438   47.3831626
  10.219092    47.3829376
  10.2188848   47.3827003
  10.2187796   47.3826162
  10.2185199   47.382446
  10.2182488   47.3823656
  10.2180185   47.3823192
  10.2178766   47.3822893
  10.2175912   47.3822175
  10.2174165   47.3821615
  10.2172527   47.382132
  10.2170541   47.3821292
  10.2167829   47.382165
  10.2165817   47.3822205
  10.2164605   47.3822603
  10.2163221   47.3822667
  10.2160959   47.3822372
  10.2151096   47.3820509
  10.2149178   47.3820083
  10.2148097   47.3819742
  10.2146108   47.3818948
  10.2144589   47.3817421
  10.2143781   47.381664
  10.2142399   47.3815483
  10.2141388   47.3813874
  10.2140265   47.3812926
  10.2125912   47.3803897
  10.2125015   47.3804437
  10.2124408   47.3804804
  10.2124364   47.3805431
  10.2124133   47.3806111
  10.21241     47.3806876
  10.2123454   47.3808211
  10.2122612   47.3810171
  10.2122317   47.3810394
  10.2121086   47.3810816
  10.2119574   47.3811127
  10.2118499   47.3811438
  10.2117355   47.3811804
  10.2116981   47.3812155
  10.2116213   47.3812879
  10.211461    47.3813772
  10.2113324   47.3813906
  10.2111458   47.3814601
  10.2110044   47.3814973
  10.2108892   47.3815932
  10.2107725   47.3816001
  10.2106309   47.3816853
  10.2106186   47.3817342
  10.210529    47.3817827
  10.2104656   47.3817642
  10.2102983   47.3817404
  10.210185    47.3817519
  10.210102    47.3817606
  10.2100107   47.3817678
  10.2099678   47.3817842
  10.2099316   47.3818052
  10.2098801   47.3818682
  10.209735    47.3819521
  10.2097093   47.3820041
  10.2095887   47.3820646
  10.2095547   47.382153
  10.2095014   47.3822159
  10.2094336   47.3822637
  10.2093864   47.3823051
  10.2093175   47.3824191
  10.209287    47.3825007
  10.2093134   47.3825572
  10.2092905   47.3825807
  10.2092541   47.3826017
  10.2092045   47.3826213
  10.2091334   47.3826279
  10.2090325   47.3826225
  10.2088816   47.3826092
  10.2088396   47.3826084
  10.2087984   47.3826213
  10.2087467   47.3826535
  10.2086924   47.3827003
  10.20862     47.3828199
  10.208592    47.3828434
  10.2084858   47.3828836
  10.208345    47.3829448
  10.2080995   47.3829731
  10.2080042   47.3829598
  10.2078492   47.3829967
  10.2076767   47.3830528
  10.2073433   47.3831273
  10.2072298   47.3831433
  10.2071891   47.3831859
  10.2071038   47.3832139
  10.206915    47.3832547
  10.2068272   47.3832199
  10.2066397   47.383191
  10.2065848   47.3831762
  10.2064329   47.3831036
  10.2063583   47.3831147
  10.2062735   47.3830867
  10.2061999   47.3831173
  10.2059806   47.3830856
  10.2058464   47.3831092
  10.2056949   47.383104
  10.2055546   47.3830772
  10.2054881   47.3830599
  10.205433    47.3830451
  10.2053922   47.3830168
  10.2053528   47.3830023
  10.2053075   47.3829854
  10.2052359   47.3829658
  10.2051689   47.3829598
  10.2050995   47.3829665
  10.2049412   47.3829518
  10.2049324   47.3829335
  10.2048107   47.3829014
  10.2044891   47.382782
  10.2044467   47.3827868
  10.2043797   47.3828209
  10.2043092   47.3828915
  10.2042431   47.3829782
  10.2042086   47.3829992
  10.2041598   47.3829971
  10.2040983   47.3829787
  10.2039274   47.3829171
  10.2037138   47.3828695
  10.2036708   47.3828481
  10.2036146   47.382783
  10.2035321   47.3827048
  10.203432    47.3826412
  10.2033327   47.3826015
  10.2032204   47.3826244
  10.2030522   47.38262
  10.202976    47.3826299
  10.2028562   47.3826709
  10.2027025   47.3827205
  10.2025944   47.3828086
  10.2025277   47.3828689
  10.2025058   47.3829496
  10.2024734   47.3829958
  10.2024229   47.3830382
  10.2023694   47.3830657
  10.2023116   47.383076
  10.2022515   47.3830645
  10.2021251   47.3830277
  10.2020631   47.3830469
  10.2020243   47.3830589
  10.2015027   47.3829652
  10.2014237   47.3830002
  10.2013133   47.3830254
  10.2012894   47.3830672
  10.2012621   47.383157
  10.2012559   47.3832996
  10.2012022   47.3833751
  10.2009943   47.3836679
  10.2008756   47.3837227
  10.2007308   47.3837232
  10.2006488   47.3837102
  10.2006026   47.3836888
  10.2005707   47.3836446
  10.2005573   47.3836189
  10.2005147   47.3835374
  10.2003893   47.3834755
  10.2001668   47.3833569
  10.2000489   47.3832803
  10.1998763   47.3833352
  10.1997436   47.3834068
  10.1996517   47.3834712
  10.1996184   47.3835357
  10.1995964   47.3835856
  10.199622    47.3836282
  10.1996729   47.3837249
  10.1996709   47.3837979
  10.1996697   47.3838333
  10.1996697   47.3839488
  10.1995973   47.3840539
  10.1994902   47.3841495
  10.1993923   47.3841561
  10.1993049   47.3841481
  10.1992003   47.3841546
  10.1988971   47.3843229
  10.1988685   47.384382
  10.1988725   47.3844699
  10.1988911   47.3845239
  10.1989118   47.384563
  10.1989775   47.3846199
  10.1989651   47.3846962
  10.199047    47.3847727
  10.1990737   47.3848348
  10.1990721   47.3848884
  10.199052    47.3849418
  10.1989405   47.3850099
  10.1988884   47.3850263
  10.1987738   47.3850624
  10.198643    47.3850469
  10.1985834   47.3850667
  10.1985442   47.3850833
  10.198491    47.3851145
  10.1984185   47.3851204
  10.1982684   47.3851263
  10.1981517   47.3851452
  10.1980515   47.3851724
  10.1979196   47.3852425
  10.1978607   47.3852954
  10.1978656   47.3853594
  10.1978539   47.3854072
  10.1978277   47.3854467
  10.1977825   47.3854873
  10.1975161   47.3856138
  10.1974578   47.3856473
  10.1973323   47.38573
  10.197204    47.3857398
  10.1971631   47.3857609
  10.1971231   47.3857991
  10.1971104   47.3858332
  10.1971431   47.3860324
  10.1971509   47.3861125
  10.1971716   47.3861482
  10.1972072   47.3861943
  10.197194    47.3862398
  10.1971301   47.3862903
  10.1970566   47.3863315
  10.1969876   47.3863866
  10.1969354   47.3864384
  10.1968962   47.3865132
  10.1968497   47.386604
  10.1966921   47.3866897
  10.1966489   47.3867234
  10.1965972   47.3867672
  10.1965373   47.3868497
  10.1964535   47.3868988
  10.196274    47.3869843
  10.1962505   47.38704
  10.1961787   47.3870755
  10.1961103   47.3871613
  10.1960869   47.3872079
  10.1960815   47.3872786
  10.1959831   47.3874679
  10.1959176   47.3875767
  10.1958959   47.3876826
  10.1958132   47.387799
  10.1958352   47.3878531
  10.1957692   47.3879206
  10.1957442   47.3879649
  10.1956928   47.3880487
  10.1956667   47.388078
  10.1956188   47.3880979
  10.1955342   47.3881161
  10.1954291   47.3881375
  10.1953808   47.3881722
  10.1953235   47.3882331
  10.195279    47.3883113
  10.1952243   47.3883939
  10.195152    47.3885014
  10.195151    47.3885368
  10.19516     47.3885723
  10.1951991   47.3886151
  10.1952009   47.3886667
  10.1951807   47.3887234
  10.1951395   47.3888051
  10.1951101   47.3888868
  10.1950962   47.3889563
  10.1950965   47.3889998
  10.1951445   47.3890872
  10.1951948   47.3891473
  10.1952067   47.3892011
  10.1951912   47.3892637
  10.1951377   47.3893143
  10.1950843   47.3893456
  10.1949779   47.3893613
  10.1949021   47.3893614
  10.1948217   47.3893454
  10.1947454   47.3893603
  10.19464     47.3893383
  10.1945939   47.3893608
  10.1945648   47.389375
  10.1944601   47.389385
  10.1944032   47.3894264
  10.1942897   47.3894465
  10.1942305   47.3894538
  10.1941543   47.389471
  10.1940489   47.3893907
  10.1940071   47.3893786
  10.1939548   47.3893837
  10.1939209   47.3893923
  10.1938691   47.3894339
  10.1937707   47.3894577
  10.1936245   47.3894442
  10.1933231   47.3895006
  10.1930682   47.3894639
  10.1928683   47.3895068
  10.1927955   47.3895138
  10.1927166   47.3895081
  10.192663    47.3894959
  10.1925844   47.3894801
  10.1924995   47.389448
  10.1924363   47.3894232
  10.192371    47.3894075
  10.1923077   47.3893861
  10.1921636   47.3893589
  10.1920493   47.3893561
  10.192022    47.389366
  10.191969    47.3893916
  10.1919113   47.3894045
  10.1917796   47.3894746
  10.1916767   47.3895337
  10.1915501   47.3895993
  10.1914651   47.3896222
  10.1912668   47.3896651
  10.191225    47.3897102
  10.1910292   47.3897772
  10.1909658   47.3897615
  10.1908795   47.3897214
  10.1907411   47.3896772
  10.1907184   47.3896438
  10.1906896   47.3895931
  10.1906369   47.3895536
  10.190587    47.3895323
  10.1904744   47.3895262
  10.1903277   47.3894785
  10.1902171   47.3894598
  10.1901079   47.3894514
  10.1900218   47.3894582
  10.1899641   47.3894711
  10.1899065   47.3894852
  10.1898551   47.3895095
  10.1897208   47.3894997
  10.1895554   47.3895111
  10.189378    47.3895248
  10.1891683   47.3895549
  10.1890118   47.3896579
  10.1888706   47.3897049
  10.1887056   47.3897575
  10.1884871   47.3898047
  10.188233    47.3898537
  10.1881617   47.3898699
  10.1879452   47.3899
  10.1878365   47.3899327
  10.1877096   47.3899526
  10.1876426   47.389994
  10.1875596   47.3900076
  10.1874428   47.3900312
  10.187388    47.390003
  10.1873246   47.3899792
  10.1872759   47.3899763
  10.1872167   47.3899869
  10.1871673   47.3900056
  10.1871191   47.3900347
  10.1870778   47.3900683
  10.187034    47.3901249
  10.186961    47.3901444
  10.1867981   47.3901821
  10.1867149   47.3902598
  10.1866671   47.3902832
  10.1866158   47.3903075
  10.1865564   47.3903249
  10.1864278   47.3903402
  10.1863569   47.390401
  10.1862249   47.3904242
  10.1860149   47.3905161
  10.1859253   47.3905275
  10.185787    47.390541
  10.1857733   47.3905424
  10.1857429   47.3905498
  10.1856991   47.3905604
  10.1856527   47.3905716
  10.1855661   47.3906013
  10.1855136   47.3906119
  10.1854679   47.3906158
  10.1854481   47.3906589
  10.1853554   47.39066
  10.1852497   47.3907008
  10.1851915   47.3907376
  10.1851205   47.3907949
  10.18493     47.3909144
  10.1848378   47.3909554
  10.1845588   47.3911012
  10.184487    47.3911937
  10.184375    47.3912186
  10.1842911   47.3912653
  10.1841505   47.3912896
  10.1840503   47.3913179
  10.1839532   47.3913576
  10.1838741   47.3914103
  10.1838357   47.3914531
  10.1838028   47.391487
  10.183676    47.3915492
  10.1836329   47.3915885
  10.1835911   47.3916325
  10.1835655   47.3916446
  10.1834788   47.3916697
  10.1834614   47.3917426
  10.1834398   47.3917868
  10.1833967   47.3918262
  10.1833556   47.391845
  10.1833081   47.3918535
  10.1832056   47.3918452
  10.1831635   47.3918503
  10.1831422   47.3918831
  10.1831354   47.391939
  10.1831207   47.3919778
  10.1830864   47.3919966
  10.1830428   47.3919938
  10.1829506   47.3919787
  10.1828746   47.3920941
  10.1824852   47.3921115
  10.1824035   47.3921892
  10.1823608   47.3922215
  10.1823501   47.3922296
  10.1822431   47.3922567
  10.1821311   47.392342
  10.1820107   47.3923688
  10.1819437   47.3924124
  10.181849    47.3924258
  10.1817655   47.3922757
  10.1817147   47.3921797
  10.1814828   47.3914369
  10.1814102   47.3905764
  10.181402    47.3904783
  10.1813857   47.389859
  10.1815362   47.3891819
  10.1815729   47.3890166
  10.1817309   47.3885205
  10.1817788   47.3883694
  10.1820149   47.3883042
  10.1820469   47.3883058
  10.1820849   47.3883269
  10.1821232   47.3883446
  10.1821751   47.3883556
  10.1822408   47.3883554
  10.1822932   47.3883458
  10.1823408   47.3883317
  10.1825236   47.3882463
  10.1825631   47.3881634
  10.1826351   47.3881233
  10.1827194   47.3880674
  10.1822085   47.3877761
  10.1813043   47.3872516
  10.180823    47.387049
  10.1786367   47.3861292
  10.1773302   47.3855925
  10.1772193   47.385547
  10.1765361   47.3852653
  10.1748417   47.3854866
  10.172909    47.3857338
  10.1723922   47.3858016
  10.1714545   47.3858071
  10.1705386   47.3858171
  10.1693975   47.3858299
  10.1693823   47.3856444
  10.1693663   47.3854315
  10.1693205   47.3848284
  10.1691887   47.3830888
  10.1691564   47.3826626
  10.1690998   47.3819205
  10.169097    47.3818834
  10.1690555   47.381341
  10.169049    47.3812579
  10.1690163   47.3808061
  10.1690279   47.3800195
  10.1690348   47.3787739
  10.1690383   47.3782778
  10.1690412   47.3778763
  10.1690465   47.3773643
  10.1690466   47.377327
  10.1690477   47.3763904
  10.1690324   47.3760692
  10.1689852   47.375086
  10.1690919   47.374425
  10.1692142   47.3736426
  10.169305    47.3730662
  10.1693785   47.3725982
  10.1695294   47.3716272
  10.1695804   47.3712997
  10.1689056   47.3707898
  10.1686846   47.3706226
  10.1684595   47.3704526
  10.1676198   47.3699399
  10.1668525   47.3694717
  10.1658749   47.3688749
  10.1655085   47.3688105
  10.1647125   47.3686708
  10.1639713   47.3685648
  10.1634162   47.3685073
  10.1620286   47.3683638
  10.1598233   47.3681359
  10.1584203   47.367991
  10.1568885   47.3678323
  10.1566712   47.3678098
  10.1537652   47.3675091
  10.1522074   47.3673481
  10.149868    47.3671056
  10.1471949   47.3671262
  10.145118    47.3671463
  10.1426501   47.3671727
  10.1422557   47.3671757
  10.1416871   47.36718
  10.1415323   47.3672093
  10.1398651   47.3675232
  10.1386859   47.3677425
  10.1379211   47.3678872
  10.1358167   47.3687621
  10.1340604   47.3694923
  10.1315581   47.3705329
  10.1296215   47.3713381
  10.1280318   47.3719988
  10.1256087   47.373006
  10.1242268   47.3735801
  10.1213156   47.374788
  10.1193354   47.375613
  10.1154618   47.3714717
  10.1147897   47.370753
  10.1146738   47.3706291
  10.1128509   47.3686799
  10.1112194   47.366935
  10.1095333   47.3651313
  10.1095183   47.3651154
  10.1094662   47.3650598
  10.1089433   47.3645004
  10.1088578   47.364409
  10.1073611   47.3628081
  10.103502    47.3586798
  10.1021407   47.3572233
  10.0998512   47.3547928
  10.0976359   47.3598561
  10.0971407   47.3609741
  10.0943825   47.3673234
  10.0934071   47.3695693
  10.0924184   47.3718431
  10.0923996   47.3718867
  10.0918857   47.373071
  10.0913208   47.3743727
  10.0911871   47.3746807
  10.0911396   47.3747904
  10.0906752   47.3758603
  10.0894784   47.378604
  10.0887216   47.3803534
  10.0887054   47.3803906
  10.0882379   47.3814672
  10.0872078   47.3838395
  10.0866202   47.3851924
  10.0862878   47.3859572
  10.0860013   47.386617
  10.085436    47.3879181
  10.085082    47.3887328
  10.0850258   47.3888619
  10.0846481   47.3897284
  10.0846397   47.3897476
  10.0845923   47.3898565
  10.0837506   47.3917869
  10.0829025   47.3937388
  10.0828554   47.3938029
  10.0828332   47.3939102
  10.0828662   47.3940191
  10.0829207   47.394229
  10.082944    47.3943219
  10.0830861   47.3945234
  10.0831626   47.3946454
  10.0832248   47.3947227
  10.0834553   47.3948863
  10.0835554   47.3950782
  10.0837398   47.3951911
  10.0838099   47.3954617
  10.0838586   47.3955422
  10.083907    47.3957257
  10.0840147   47.3958022
  10.0840628   47.395916
  10.0841541   47.396053
  10.0842219   47.3961875
  10.0842345   47.3963031
  10.0842322   47.3964243
  10.0842864   47.3964866
  10.084322    47.3965487
  10.0843864   47.3966042
  10.0846622   47.396686
  10.084765    47.3968449
  10.0848292   47.3969026
  10.0849614   47.3970161
  10.0850837   47.3971214
  10.0850597   47.3972195
  10.0850831   47.3973124
  10.0850863   47.3973982
  10.0850699   47.3974586
  10.0850639   47.3975031
  10.0850915   47.3975537
  10.0851379   47.3975829
  10.08521     47.3976006
  10.0852905   47.3976061
  10.085409    47.3975729
  10.0855616   47.3976717
  10.0857386   47.3977365
  10.0857314   47.397837
  10.0857369   47.3979022
  10.0858059   47.3980585
  10.0858151   47.3981031
  10.0858207   47.398157
  10.0858631   47.3982158
  10.0859247   47.3982462
  10.0860907   47.3982718
  10.0861274   47.3982809
  10.0862447   47.3983101
  10.0861905   47.3984855
  10.0862292   47.3986495
  10.0862443   47.3987331
  10.0862046   47.3988596
  10.0861931   47.3989269
  10.0862557   47.3990751
  10.0863227   47.3991882
  10.0863231   47.3991887
  10.0863418   47.3992201
  10.0863067   47.3993696
  10.0862396   47.3995221
  10.0861396   47.3996411
  10.0860047   47.3997289
  10.0858969   47.3997426
  10.0857563   47.3997104
  10.0855483   47.3996786
  10.0852641   47.3996756
  10.0851394   47.3996869
  10.0850176   47.3997246
  10.084832    47.399829
  10.0846067   47.3999868
  10.0841501   47.4005024
  10.0840714   47.400568
  10.0839763   47.4006104
  10.08387     47.4006242
  10.0835956   47.4006374
  10.0832839   47.4006548
  10.0829518   47.4006982
  10.082779    47.4007526
  10.0825668   47.4008953
  10.0824405   47.4009998
  10.0822919   47.4011057
  10.0822278   47.4011774
  10.0820428   47.4012577
  10.0818458   47.4012977
  10.0816502   47.4014019
  10.0816086   47.4014563
  10.0815853   47.4016883
  10.0815881   47.4017947
  10.0815494   47.4019521
  10.0815306   47.4020789
  10.0814452   47.4022185
  10.0813105   47.4023484
  10.0812312   47.4024491
  10.0811394   47.4025264
  10.0810777   47.402649
  10.0810369   47.4029341
  10.0809705   47.4030909
  10.0809304   47.403238
  10.0808556   47.4033661
  10.0808374   47.4034735
  10.0807739   47.4035562
  10.0806695   47.4036395
  10.0804126   47.4038144
  10.0799971   47.4040922
  10.0799045   47.4041925
  10.0797526   47.4042951
  10.0796216   47.4043588
  10.0795302   47.4043866
  10.0791718   47.4043977
  10.0790482   47.4044353
  10.0789487   47.4044586
  10.0788713   47.4044353
  10.0788287   47.4043907
  10.0785987   47.4041266
  10.0784758   47.4040397
  10.0783003   47.4039933
  10.0781835   47.4039643
  10.0780117   47.4039624
  10.0778547   47.4039825
  10.0774061   47.4041302
  10.0772538   47.4041728
  10.0771646   47.4042105
  10.0770181   47.4042192
  10.0768718   47.4042529
  10.0767755   47.4042701
  10.0764233   47.4043797
  10.0761182   47.4044943
  10.0759228   47.4045804
  10.0757765   47.4046647
  10.0756282   47.4047647
  10.0754911   47.4048658
  10.0754165   47.4049576
  10.0754008   47.4050511
  10.0754248   47.4051005
  10.0754504   47.4051569
  10.0754117   47.4052296
  10.0751938   47.4053938
  10.0750832   47.4054428
  10.074975    47.405461
  10.074819    47.4054407
  10.0746545   47.4054239
  10.0745163   47.4054325
  10.0743838   47.4054801
  10.0742646   47.4055381
  10.0741193   47.4056324
  10.0739932   47.4057612
  10.0739679   47.4057815
  10.0739038   47.4058333
  10.0737703   47.4059219
  10.0735985   47.4059987
  10.0735104   47.4060308
  10.0734288   47.4060561
  10.0733326   47.4060675
  10.0731828   47.4060692
  10.0730766   47.406077
  10.0729817   47.4060999
  10.0729149   47.4061494
  10.0727666   47.4063733
  10.0727391   47.4064278
  10.0726929   47.4065306
  10.0726433   47.406631
  10.0725645   47.4067208
  10.0724186   47.4068519
  10.0721099   47.4070853
  10.0719575   47.4071641
  10.0717815   47.4072032
  10.0712944   47.4073003
  10.0711094   47.4073598
  10.0710081   47.4074386
  10.0709036   47.407514
  10.0708      47.4075538
  10.0707003   47.4075686
  10.0706496   47.4075771
  10.0705783   47.4076026
  10.070482    47.4076848
  10.0704246   47.4077572
  10.0704062   47.4078234
  10.0704128   47.4079
  10.070446    47.4079884
  10.0705317   47.4080569
  10.0706352   47.4081564
  10.0707566   47.408359
  10.0708621   47.4085855
  10.0709159   47.4088166
  10.0709157   47.4089335
  10.0708694   47.4091148
  10.0707252   47.4093356
  10.0706265   47.4094503
  10.070507    47.4095203
  10.0703815   47.4095865
  10.0702711   47.4096384
  10.0701801   47.4096534
  10.0700003   47.4096546
  10.0698378   47.4096498
  10.0696661   47.4096467
  10.0695867   47.4096605
  10.0693272   47.4097409
  10.0691713   47.4097939
  10.0691856   47.4098048
  10.0691993   47.4098151
  10.0692601   47.4098607
  10.0692962   47.4098959
  10.0693054   47.409953
  10.0693077   47.4099941
  10.069283    47.410024
  10.0691863   47.4100933
  10.0691647   47.4101118
  10.0691566   47.4101278
  10.0691405   47.410176
  10.0692725   47.410207
  10.0693166   47.4102318
  10.0694786   47.4103369
  10.0695515   47.4103649
  10.0696075   47.4103783
  10.0696546   47.4103813
  10.0697018   47.4103741
  10.0697923   47.410346
  10.0698325   47.4103296
  10.0699269   47.4103324
  10.0702291   47.4102592
  10.0702714   47.4102658
  10.0703031   47.4102473
  10.0703415   47.4102172
  10.0704361   47.4101296
  10.0705016   47.4101132
  10.0705691   47.410115
  10.0706333   47.4101304
  10.0706826   47.4101472
  10.0707134   47.4101744
  10.0707941   47.4102686
  10.070825    47.4102993
  10.0708609   47.4103311
  10.0710426   47.4104063
  10.0710829   47.4104212
  10.0710849   47.4104219
  10.0711173   47.4104447
  10.0711517   47.4104787
  10.0712832   47.4106915
  10.0713674   47.4107903
  10.0714505   47.4108171
  10.0715182   47.4108326
  10.0715538   47.4108506
  10.0715796   47.4108721
  10.0718293   47.4110909
  10.0718902   47.411103
  10.0720061   47.4111821
  10.0720966   47.411249
  10.0721615   47.4113103
  10.072193    47.4113729
  10.0722021   47.4114162
  10.0721714   47.4114953
  10.0721049   47.4115518
  10.0720801   47.4115784
  10.072054    47.411638
  10.0720364   47.4116965
  10.0720423   47.4117398
  10.0720615   47.4117831
  10.0720889   47.411815
  10.072118    47.4118444
  10.072129    47.4118878
  10.0721334   47.4119552
  10.0720985   47.4119875
  10.0720306   47.4120578
  10.0719907   47.4120947
  10.0719712   47.4121359
  10.0719755   47.4121988
  10.0719746   47.4122492
  10.0719533   47.412287
  10.071917    47.412332
  10.0718657   47.4123894
  10.071836    47.41243
  10.0718223   47.4124799
  10.0719035   47.4126315
  10.0719915   47.4127543
  10.0720901   47.4128051
  10.072109    47.4128358
  10.072163    47.4129463
  10.0722376   47.4130692
  10.0722464   47.4132017
  10.0722694   47.4132541
  10.0723072   47.4133042
  10.0723601   47.4133335
  10.0724109   47.413356
  10.0724651   47.4133728
  10.0725378   47.4133825
  10.0725832   47.4133821
  10.0726456   47.4133794
  10.0727538   47.4133946
  10.0727811   47.4134127
  10.0728035   47.4134433
  10.0728542   47.4135504
  10.0729638   47.4136548
  10.0730208   47.4137401
  10.0731024   47.413784
  10.0731784   47.4137915
  10.0732055   47.4138015
  10.073221    47.4138209
  10.0732198   47.413846
  10.0731985   47.4138782
  10.073187    47.4139035
  10.0731792   47.4139333
  10.0732353   47.4139705
  10.0732988   47.4140273
  10.0733166   47.4140555
  10.0733247   47.4140682
  10.073423    47.4141063
  10.0734284   47.4141257
  10.073438    47.4141896
  10.0735327   47.414317
  10.0735809   47.4143727
  10.0736254   47.4144158
  10.0736748   47.4144463
  10.0740156   47.4145626
  10.0740513   47.4145829
  10.0740822   47.4146113
  10.0741512   47.4147045
  10.07418     47.4147226
  10.0742274   47.4147314
  10.074364    47.414727
  10.0744097   47.414738
  10.0745608   47.4148147
  10.0746881   47.4148548
  10.075062    47.4148359
  10.0751997   47.4147994
  10.075341    47.414779
  10.0754969   47.4147194
  10.0755636   47.4146743
  10.0756004   47.4146684
  10.0756426   47.414668
  10.0757256   47.4146868
  10.075761    47.4146911
  10.075793    47.4146875
  10.0759004   47.4146558
  10.076109    47.4146268
  10.0761408   47.4146105
  10.0761792   47.4145873
  10.0764477   47.414415
  10.0766079   47.4144127
  10.0766274   47.4144708
  10.0766496   47.4144878
  10.0766852   47.414507
  10.0767873   47.4145519
  10.0769153   47.4146549
  10.0770309   47.4147124
  10.0770901   47.4147233
  10.0771452   47.4147893
  10.077174    47.4147982
  10.0772197   47.4148036
  10.0773072   47.4147961
  10.077341    47.4148014
  10.0773597   47.4148174
  10.0773752   47.4148321
  10.0773625   47.4148779
  10.0773694   47.4148904
  10.0774361   47.4149449
  10.077465    47.4149629
  10.0775115   47.4150266
  10.0775958   47.415018
  10.0776359   47.4149981
  10.0776728   47.4149807
  10.0777128   47.4149495
  10.0777592   47.4149138
  10.0780996   47.4148998
  10.078137    47.4149154
  10.0781627   47.4149416
  10.0782036   47.4149642
  10.0782456   47.4149581
  10.0782788   47.4149373
  10.0783222   47.4148968
  10.0783474   47.4148922
  10.0784825   47.4149071
  10.0784854   47.4149079
  10.0785502   47.4149249
  10.0786111   47.4149347
  10.0787057   47.4149409
  10.0788364   47.4150016
  10.0789098   47.4150514
  10.0789525   47.4150819
  10.07897     47.4151252
  10.079079    47.4151964
  10.0791177   47.4152853
  10.0791415   47.4153011
  10.0791887   47.4153053
  10.0792932   47.4152965
  10.0794158   47.4152716
  10.0796222   47.4152139
  10.079854    47.4151528
  10.0799513   47.415127
  10.0800383   47.4150816
  10.0800753   47.4150745
  10.0801225   47.4150741
  10.0803823   47.4150916
  10.0805505   47.4150674
  10.0806347   47.4150622
  10.0809031   47.4150717
  10.0811105   47.4149716
  10.0811574   47.4149576
  10.0812197   47.414956
  10.0813161   47.4149656
  10.0815849   47.4150149
  10.0817649   47.4149873
  10.0818323   47.414989
  10.0821158   47.4150063
  10.0822121   47.415017
  10.0823678   47.4150433
  10.0825395   47.415034
  10.0828231   47.4150535
  10.0829805   47.414986
  10.0830943   47.4149348
  10.0832883   47.4147402
  10.083491    47.4146608
  10.0835449   47.4146547
  10.083614    47.4146599
  10.0838005   47.4147134
  10.0838393   47.4147177
  10.0840058   47.4146958
  10.0843028   47.4147061
  10.0844789   47.4146567
  10.084516    47.4146507
  10.0845685   47.4146663
  10.0848247   47.4146666
  10.0850876   47.4146543
  10.0852056   47.4145563
  10.0852474   47.4145274
  10.0853046   47.4145166
  10.0853752   47.4145035
  10.0854595   47.4145086
  10.0859745   47.4146579
  10.0862173   47.4148504
  10.0863151   47.4148621
  10.0863976   47.4148512
  10.0865518   47.4147985
  10.0866006   47.4147902
  10.0866613   47.4147874
  10.0868791   47.4148097
  10.0870261   47.4148292
  10.0871295   47.4148616
  10.0872723   47.4149302
  10.0873978   47.4149751
  10.0875219   47.4150347
  10.0877267   47.4150925
  10.0879737   47.4151353
  10.0880077   47.4151487
  10.0880625   47.4151928
  10.0882612   47.4152908
  10.0883569   47.4153586
  10.0884459   47.4154449
  10.0885169   47.4155587
  10.0885602   47.4156212
  10.0888673   47.4157412
  10.0889657   47.4157736
  10.0889965   47.4157996
  10.0890087   47.415827
  10.0889996   47.4158819
  10.0890136   47.4159218
  10.0890548   47.4159592
  10.0891585   47.4160122
  10.0892956   47.416042
  10.089387    47.4160607
  10.0894612   47.416067
  10.0895168   47.4160643
  10.0895791   47.4160558
  10.0897081   47.4160137
  10.089777    47.415996
  10.0898376   47.4159852
  10.0899167   47.4159857
  10.0900195   47.4159872
  10.0901565   47.4159999
  10.0903748   47.4160428
  10.0907267   47.4161236
  10.0909881   47.416221
  10.0911929   47.4162788
  10.0914366   47.4164256
  10.091623    47.4164825
  10.0916654   47.4165039
  10.0917443   47.4165754
  10.0917936   47.4166058
  10.091865    47.416635
  10.0919428   47.4166538
  10.092029    47.4166589
  10.0921839   47.4166543
  10.0922866   47.4166431
  10.092349    47.4166404
  10.092442    47.4166545
  10.0925166   47.416678
  10.0926337   47.4167274
  10.0927784   47.4168052
  10.0929073   47.4168349
  10.0929747   47.4168505
  10.0931213   47.4168493
  10.0932629   47.4168425
  10.0933775   47.4168382
  10.0935481   47.4168575
  10.0936546   47.4168727
  10.0937374   47.4168811
  10.0937951   47.4169105
  10.0939608   47.4170384
  10.0941474   47.4171021
  10.0942002   47.4171303
  10.0942462   47.4171619
  10.0942946   47.4172278
  10.0943531   47.4173018
  10.0944313   47.4174383
  10.0944794   47.4174985
  10.0945516   47.4175711
  10.09466     47.4176046
  10.094721    47.417627
  10.0947862   47.4176837
  10.0948388   47.4177049
  10.0948648   47.4177076
  10.0949772   47.4177188
  10.0951002   47.4177121
  10.0952047   47.4177068
  10.0953605   47.4177455
  10.0954526   47.4177844
  10.0955473   47.4178241
  10.0956756   47.4178841
  10.0957257   47.4180514
  10.0957565   47.4181549
  10.095742    47.4181962
  10.095719    47.4182283
  10.0956858   47.4182515
  10.0956391   47.4182725
  10.0954498   47.4183242
  10.09538     47.4183784
  10.0953404   47.4184199
  10.0953157   47.4184624
  10.0953115   47.4185105
  10.0953317   47.4186008
  10.0953394   47.418659
  10.095335    47.4186968
  10.0952933   47.4188287
  10.0953906   47.4189996
  10.0953404   47.4191098
  10.0953342   47.4191431
  10.0953133   47.4193045
  10.0952481   47.4194228
  10.0952504   47.4194583
  10.0952729   47.4194936
  10.0952987   47.4195267
  10.0953395   47.4195525
  10.0954208   47.4195783
  10.0954581   47.4195941
  10.0954754   47.4196214
  10.0954777   47.4196659
  10.0954633   47.4197119
  10.0954275   47.4197762
  10.0953634   47.4198671
  10.0953488   47.419993
  10.0953184   47.4200871
  10.0953258   47.4201202
  10.0953304   47.4201354
  10.09534     47.420167
  10.0954263   47.4202911
  10.0954544   47.4203549
  10.0956555   47.420405
  10.0957148   47.4204343
  10.0957527   47.4204821
  10.0957771   47.4205334
  10.0957763   47.4205814
  10.0957621   47.4206433
  10.0957647   47.4206844
  10.0957115   47.4207813
  10.095696    47.4208097
  10.0957322   47.4209502
  10.0957024   47.4209846
  10.0956508   47.4210239
  10.0956361   47.4210446
  10.0956244   47.4211443
  10.0955959   47.4212544
  10.0956836   47.421359
  10.0957947   47.4214577
  10.0958522   47.4215716
  10.0958544   47.4216037
  10.0958367   47.4216495
  10.0957772   47.421714
  10.0957725   47.4217369
  10.095723    47.4218883
  10.0957651   47.4219945
  10.0958194   47.4221187
  10.0958577   47.4221837
  10.0958932   47.4222017
  10.0959493   47.4222242
  10.096042    47.4222327
  10.0961096   47.4222597
  10.0961742   47.4222935
  10.0962475   47.422341
  10.0963174   47.4223989
  10.0963704   47.4224419
  10.0964134   47.4224977
  10.0964549   47.4225694
  10.0964933   47.4226424
  10.0965223   47.4226662
  10.0966552   47.4227625
  10.0966792   47.4227875
  10.0966984   47.4228262
  10.0967339   47.4229335
  10.096768    47.4229585
  10.0968483   47.42303
  10.096914    47.4231278
  10.0970518   47.4232126
  10.0971468   47.4233481
  10.0971931   47.4234039
  10.0972639   47.4235097
  10.0973526   47.423573
  10.0974572   47.4236856
  10.0975271   47.42374
  10.0975932   47.4237715
  10.0976542   47.4237905
  10.0977082   47.423797
  10.0978886   47.4238117
  10.0979685   47.4238603
  10.0982501   47.4239864
  10.0984234   47.4241784
  10.0986068   47.4242755
  10.0986275   47.4243028
  10.0986261   47.4243234
  10.0986455   47.4243736
  10.0987778   47.4246232
  10.0988099   47.4246401
  10.0989924   47.4246731
  10.0991456   47.4247693
  10.0993317   47.4248307
  10.0993866   47.4248888
  10.0994749   47.424935
  10.0995449   47.4250037
  10.099646    47.425103
  10.0997581   47.4251572
  10.0998556   47.42524
  10.1000374   47.4253427
  10.1001786   47.4254252
  10.1002194   47.4254558
  10.100375    47.4256926
  10.1004992   47.4258632
  10.100554    47.4259236
  10.1006207   47.4259791
  10.1006902   47.4260152
  10.1007631   47.4260364
  10.1008766   47.4260813
  10.1009293   47.4261106
  10.1009687   47.4261562
  10.1010411   47.4262529
  10.1011267   47.426301
  10.1013129   47.4264019
  10.1018225   47.426678
  10.1023787   47.4269793
  10.1039899   47.4278523
  10.105527    47.4286849
  10.1055856   47.4287167
  10.1055736   47.4287294
  10.1052186   47.4291017
  10.1039688   47.4304125
  10.1038917   47.4304817
  10.1029142   47.4315186
  10.1025625   47.4318877
  10.1022026   47.4322654
  10.1019853   47.4324936
  10.1016281   47.4328684
  10.1013879   47.4331205
  10.1011178   47.4334039
  10.1009609   47.4335686
  10.0989908   47.4356365
  10.0987727   47.4358654
  10.0982019   47.4364672
  10.0978301   47.4368566
  10.0972535   47.4374604
  10.0970832   47.4376387
  10.0968828   47.4378491
  10.0961316   47.4386378
  10.0960842   47.4386873
  10.0960546   47.4387186
  10.0957295   47.4390598
  10.0952196   47.4395946
  10.095018    47.4396763
  10.0949156   47.4398056
  10.0948704   47.4398512
  10.0946939   47.4399794
  10.0946065   47.4400377
  10.0943763   47.4401658
  10.0940755   47.4403019
  10.0939561   47.4403785
  10.0938486   47.4404644
  10.0938185   47.4405386
  10.093812    47.4406599
  10.0938661   47.4407581
  10.0939976   47.4408851
  10.0940414   47.4409469
  10.0940735   47.4410292
  10.0940585   47.4410874
  10.0939897   47.4411526
  10.0938603   47.441211
  10.0937729   47.4412624
  10.0936803   47.4413356
  10.0935814   47.4414443
  10.0935481   47.4415632
  10.0935499   47.4416639
  10.0935637   47.4417987
  10.0934194   47.4419736
  10.0933422   47.4421211
  10.0933105   47.4421818
  10.0933275   47.4423556
  10.0933314   47.4425591
  10.0932509   47.4427592
  10.0931857   47.4429343
  10.0931674   47.4430359
  10.0931577   47.4431949
  10.0931444   47.4433219
  10.0931025   47.4433904
  10.0930336   47.4434922
  10.0929837   47.443706
  10.0929555   47.443937
  10.0929844   47.4441154
  10.0930439   47.4443611
  10.0931789   47.4445899
  10.0932114   47.4448265
  10.09319     47.4450678
  10.0931922   47.4452873
  10.0932177   47.4454439
  10.0932617   47.4455834
  10.0933059   47.4457824
  10.0933163   47.4459436
  10.093303    47.4460099
  10.0932713   47.4461082
  10.0931706   47.4463084
  10.0930751   47.4465187
  10.0930572   47.4468081
  10.0930824   47.4475295
  10.093123    47.4476999
  10.0931838   47.4478496
  10.0932145   47.4480429
  10.09325     47.4481287
  10.0933124   47.4482166
  10.0933833   47.4482647
  10.0934928   47.4483047
  10.0938211   47.4483858
  10.0939407   47.448428
  10.094035    47.4484863
  10.0943248   47.4487036
  10.0945103   47.4488968
  10.0946182   47.449003
  10.0946251   47.4490453
  10.0944643   47.4493827
  10.0944375   47.4494776
  10.0944343   47.4495542
  10.094458    47.4496194
  10.0945575   47.4496993
  10.0948151   47.449752
  10.0949363   47.4497667
  10.0949834   47.4497919
  10.0949969   47.4498377
  10.0949886   47.4498982
  10.0949233   47.4500023
  10.0948662   47.450112
  10.0948024   47.4502014
  10.0945923   47.4503374
  10.0944899   47.4504209
  10.0944396   47.4504907
  10.0944246   47.4505592
  10.0944263   47.4506201
  10.0944293   47.450725
  10.094467    47.450901
  10.0945285   47.4511181
  10.0946357   47.4514026
  10.0946461   47.4514918
  10.0946212   47.4515558
  10.0945523   47.4516382
  10.0942689   47.4518628
  10.0939971   47.4520827
  10.0938077   47.4522569
  10.0936551   47.4524412
  10.0934946   47.4526748
  10.0932897   47.4532181
  10.0932533   47.4533794
  10.0932421   47.4535224
  10.0932196   47.4537852
  10.0932301   47.4538973
  10.0932928   47.4539853
  10.0933743   47.4541566
  10.0933982   47.4542685
  10.0932594   47.4545054
  10.0931874   47.4545765
  10.0930934   47.4546429
  10.0929826   47.4546969
  10.0927239   47.4548059
  10.0926617   47.4548518
  10.092319    47.4554422
  10.0922942   47.4555303
  10.092271    47.455647
  10.0922176   47.4557796
  10.0920184   47.456095
  10.0919467   47.4562468
  10.0918784   47.4564087
  10.091749    47.4566495
  10.091681    47.4567738
  10.091667    47.4568435
  10.0916953   47.4569257
  10.0917032   47.4570228
  10.091728    47.4571245
  10.0917899   47.457248
  10.091909    47.4573875
  10.0919722   47.4575134
  10.091967    47.457575
  10.0919279   47.4576457
  10.0918617   47.4577107
  10.0917516   47.4577961
  10.0916079   47.4578699
  10.0914557   47.4579405
  10.0913693   47.4580099
  10.0912964   47.4580908
  10.091242    47.4581753
  10.0912847   47.4583855
  10.0913651   47.4584941
  10.0914998   47.458563
  10.0915803   47.4586328
  10.0916373   47.4587105
  10.0916603   47.4588501
  10.091638    47.4589276
  10.0915769   47.4590074
  10.0911584   47.4593286
  10.0911254   47.4593473
  10.0910383   47.4593968
  10.0908779   47.4594399
  10.0906652   47.4594679
  10.0904276   47.4594229
  10.0902774   47.4594043
  10.0902015   47.4594178
  10.0901253   47.4594712
  10.0900691   47.4595763
  10.0899584   47.4597668
  10.0897803   47.4599627
  10.0896815   47.4601282
  10.0896441   47.4601932
  10.0895487   47.460386
  10.0893142   47.4603763
  10.0891574   47.4603703
  10.0888943   47.4603458
  10.0886634   47.4603098
  10.0885672   47.4602924
  10.0881597   47.4601591
  10.0879998   47.4600822
  10.0879174   47.4600306
  10.0878284   47.4599504
  10.0877275   47.4598635
  10.0876453   47.4597639
  10.0875972   47.4596485
  10.0876299   47.4594966
  10.0877476   47.4592491
  10.0878264   47.4590198
  10.0878289   47.4588576
  10.0877787   47.4587878
  10.0869207   47.4586409
  10.0866389   47.4586574
  10.0857257   47.4590722
  10.0855971   47.4591403
  10.0854553   47.4591743
  10.0852495   47.459167
  10.0851163   47.4591531
  10.0849714   47.4591207
  10.0847912   47.4590678
  10.0846716   47.4590047
  10.0844983   47.4589324
  10.0843468   47.4588578
  10.084177    47.4587558
  10.0840339   47.4586664
  10.0839316   47.4585599
  10.0838411   47.4584445
  10.0837341   47.458266
  10.0836369   47.4581401
  10.0834222   47.4578885
  10.0831671   47.4576492
  10.0830882   47.4575805
  10.0830178   47.4574798
  10.0829561   47.4573575
  10.0828443   47.4567999
  10.0827486   47.4567152
  10.0826948   47.4566489
  10.0826225   47.4566053
  10.0824998   47.4565399
  10.0820896   47.4562695
  10.0817766   47.456094
  10.0815094   47.4558993
  10.081345    47.4557596
  10.0812155   47.4556519
  10.0811366   47.4555901
  10.0809971   47.4554858
  10.0809315   47.4554388
  10.0808406   47.4554044
  10.0805851   47.4553632
  10.0805676   47.4553604
  10.0802371   47.4553539
  10.0799398   47.455389
  10.0799331   47.4553897
  10.0796274   47.4554542
  10.0792594   47.4555253
  10.0790484   47.4555385
  10.0788831   47.4555301
  10.0787415   47.4555092
  10.0785527   47.4554802
  10.0784093   47.4554719
  10.0782912   47.4554922
  10.0781999   47.4555274
  10.0781102   47.4555832
  10.0780186   47.45568
  10.0779067   47.4557893
  10.0777899   47.4558611
  10.077494    47.45597
  10.0772386   47.4561064
  10.0770459   47.4561997
  10.0768735   47.4562518
  10.0767248   47.4562801
  10.0765595   47.4562866
  10.0763436   47.4562848
  10.0761159   47.4562855
  10.0758188   47.45631
  10.0755976   47.4563506
  10.0753733   47.4563523
  10.0750106   47.456324
  10.0747612   47.4562732
  10.0745316   47.4562334
  10.0743403   47.4561475
  10.0742591   47.4559994
  10.0741208   47.4558481
  10.0737626   47.4556474
  10.0736161   47.4556002
  10.0734946   47.4555998
  10.0733546   47.4556156
  10.0732514   47.4556576
  10.0731615   47.4556958
  10.0731045   47.4557822
  10.0727486   47.4559986
  10.0724096   47.4561847
  10.07216     47.4562625
  10.0720537   47.4562795
  10.0719575   47.4562804
  10.0718497   47.4562664
  10.0716476   47.4562179
  10.0713785   47.4560618
  10.0711063   47.4558479
  10.07083     47.4557547
  10.0705078   47.4557631
  10.0699906   47.4559503
  10.0700068   47.4559926
  10.0700187   47.4560242
  10.0700687   47.456156
  10.0701863   47.4562488
  10.0702921   47.456337
  10.0703238   47.4564079
  10.0703435   47.4564902
  10.0703244   47.4565952
  10.0702884   47.4567173
  10.070259    47.4568303
  10.0702483   47.4569387
  10.0701987   47.4570687
  10.0703321   47.4573546
  10.0703011   47.4574631
  10.0700238   47.4579055
  10.0697793   47.4582008
  10.069565    47.4584925
  10.0693686   47.4587272
  10.0693544   47.4587456
  10.0693208   47.4588511
  10.0691958   47.4592671
  10.0691502   47.4594573
  10.0691602   47.4595658
  10.0690552   47.4596985
  10.0690113   47.4598478
  10.0688282   47.4601048
  10.0687954   47.4602694
  10.0686881   47.4603438
  10.0685593   47.4605741
  10.0684785   47.4605924
  10.0684657   47.4606404
  10.0684896   47.460692
  10.0684487   47.4607296
  10.0683962   47.4607608
  10.0683476   47.4608246
  10.0683391   47.4608861
  10.0682924   47.4609346
  10.0682636   47.4609995
  10.0683019   47.461071
  10.0683233   47.4611326
  10.0682773   47.4612097
  10.0682206   47.4612844
  10.0679937   47.4613353
  10.0679804   47.4613786
  10.0679104   47.4613786
  10.0676165   47.4615332
  10.0675862   47.4615679
  10.0675209   47.4615805
  10.0672759   47.4617193
  10.0671406   47.4617587
  10.0671173   47.4617556
  10.0669447   47.4617729
  10.0667347   47.4617603
  10.0667044   47.4617035
  10.0666461   47.4616846
  10.0665341   47.4617051
  10.0663778   47.4617319
  10.0662822   47.461795
  10.0662355   47.4618612
  10.0661539   47.461877
  10.0661212   47.4619417
  10.0661235   47.4619874
  10.0660745   47.4620426
  10.0660465   47.4620394
  10.0659532   47.462112
  10.0659392   47.4621467
  10.0658809   47.4621893
  10.0657736   47.4622744
  10.065538    47.462358
  10.0655053   47.4623549
  10.0653934   47.4624968
  10.0653047   47.4625567
  10.0652814   47.4627113
  10.0651554   47.4627555
  10.0651531   47.4628375
  10.0651181   47.4628548
  10.0650691   47.4629384
  10.0649805   47.4629731
  10.0649175   47.4631072
  10.0649338   47.4631513
  10.0648988   47.4632318
  10.0648475   47.4633232
  10.0648078   47.4634683
  10.064681    47.4636357
  10.0637683   47.463862
  10.0634683   47.4639364
  10.0624797   47.4641815
  10.0579921   47.4652941
  10.0571211   47.4655146
  10.05695     47.4655577
  10.0566789   47.4656259
  10.0563562   47.4657071
  10.0544642   47.4661832
  10.0543747   47.4662333
  10.0543272   47.4662651
  10.0541072   47.4663336
  10.0540866   47.466362
  10.0540591   47.4663962
  10.0540481   47.4664636
  10.0539259   47.4665303
  10.0538695   47.466593
  10.0537386   47.4666906
  10.0536212   47.4667677
  10.0534684   47.4668571
  10.053467    47.4669694
  10.0535386   47.4674116
  10.0535127   47.4674583
  10.0533225   47.4676906
  10.0532483   47.4678333
  10.0531201   47.4679721
  10.0530994   47.4679937
  10.0530675   47.468116
  10.0530259   47.468205
  10.0530239   47.4683537
  10.0529848   47.468508
  10.052979    47.4685687
  10.053004    47.4687096
  10.0529809   47.4688505
  10.0529766   47.4688765
  10.0529783   47.4690001
  10.0529198   47.4692241
  10.0528888   47.4692686
  10.0528116   47.4693642
  10.0525168   47.4696234
  10.0522475   47.469728
  10.052129    47.4697525
  10.0520342   47.4697966
  10.0519848   47.4698329
  10.0518925   47.4699467
  10.0518295   47.4699898
  10.0517676   47.4700753
  10.0516631   47.4702119
  10.0516507   47.4702485
  10.0516503   47.4702817
  10.0516913   47.4703666
  10.0516788   47.4707935
  10.0517162   47.4709082
  10.0517209   47.4709369
  10.0516746   47.4709949
  10.0518129   47.4711069
  10.0518629   47.4711472
  10.0519272   47.4712598
  10.0519294   47.4713343
  10.0522848   47.471617
  10.0523634   47.4716644
  10.0525007   47.4717236
  10.052524    47.4717409
  10.0525424   47.4720111
  10.0525519   47.4720535
  10.0526168   47.4721192
  10.0527224   47.4721588
  10.0527507   47.4721853
  10.0528334   47.4723038
  10.0528349   47.4723232
  10.0527967   47.4723985
  10.0527964   47.4724248
  10.0528994   47.4725319
  10.0529552   47.4726399
  10.0530658   47.4726944
  10.053104    47.472745
  10.0531653   47.4728187
  10.0532162   47.4729208
  10.0532453   47.4730126
  10.0532409   47.4730652
  10.0532292   47.4732082
  10.0531826   47.473288
  10.0534383   47.4734465
  10.0534633   47.4734718
  10.0536238   47.4736938
  10.0537757   47.4737966
  10.053846    47.4738441
  10.0538526   47.4738486
  10.0539327   47.4738768
  10.054183    47.4739651
  10.0543297   47.473966
  10.0543783   47.4739858
  10.0544117   47.4740055
  10.0545474   47.4741941
  10.0545365   47.4742421
  10.0546287   47.4744098
  10.0545702   47.474509
  10.0545141   47.4745441
  10.0544776   47.4746263
  10.0545631   47.4747883
  10.0545611   47.4748077
  10.0545543   47.4748237
  10.0543798   47.4748901
  10.0541492   47.4752526
  10.0541435   47.4752892
  10.0541414   47.4753224
  10.0541627   47.4753763
  10.0541949   47.475483
  10.0542023   47.475554
  10.0542033   47.4756204
  10.0541787   47.4756878
  10.0541256   47.4758854
  10.0540962   47.4759401
  10.0540618   47.475988
  10.0539544   47.4760961
  10.0538488   47.4761652
  10.0537756   47.4762278
  10.053561    47.4763913
  10.0535053   47.4763988
  10.0534549   47.4763883
  10.0534012   47.4763696
  10.0532794   47.4762887
  10.0531129   47.4762591
  10.0530726   47.4762553
  10.0527832   47.4763394
  10.05266     47.4763465
  10.0525809   47.47647
  10.052574    47.47648
  10.0524253   47.4766967
  10.0523397   47.4768219
  10.0522939   47.4768887
  10.0519593   47.4773788
  10.0517307   47.4777134
  10.051472    47.4780921
  10.0513275   47.47825
  10.0507912   47.4788362
  10.0500197   47.4796791
  10.0497363   47.4799889
  10.0493415   47.4804198
  10.048925    47.4808743
  10.0484268   47.481418
  10.04834     47.4815133
  10.0482417   47.4816211
  10.0481782   47.4816906
  10.0470867   47.482887
  10.0468811   47.4831117
  10.0467089   47.4832997
  10.0464627   47.4835685
  10.0463454   47.4836964
  10.0461295   47.4839323
  10.0458352   47.4842546
  10.0455053   47.4846158
  10.0453787   47.4847546
  10.0452827   47.4848597
  10.0455838   47.485504
  10.046881    47.4856822
  10.0470151   47.4857007
  10.0471605   47.4862565
  10.0470226   47.4864584
  10.0469647   47.4864854
  10.0468782   47.4865075
  10.0467532   47.4865065
  10.0466211   47.4865362
  10.0464519   47.4865543
  10.0462733   47.4866236
  10.0461769   47.4866366
  10.0460136   47.4867073
  10.0457943   47.4868826
  10.045702    47.4870348
  10.0456398   47.4871109
  10.0455791   47.4872006
  10.0455568   47.4872166
  10.0455159   47.487239
  10.0453445   47.4872867
  10.0452254   47.4873395
  10.0450698   47.4874399
  10.0450272   47.4874726
  10.0450047   47.4874919
  10.0449701   47.4875431
  10.0449479   47.4875588
  10.0449159   47.4875706
  10.0447745   47.4876222
  10.0445392   47.4876549
  10.0444103   47.4876881
  10.0443479   47.487691
  10.0441718   47.4877204
  10.0440194   47.4876506
  10.0438014   47.4876613
  10.0434334   47.4876641
  10.0430799   47.4876109
  10.042632    47.487638
  10.0425057   47.4876221
  10.042369    47.4876199
  10.0423303   47.487615
  10.0423048   47.4876262
  10.0422208   47.4876906
  10.0421291   47.4877184
  10.0420988   47.4877206
  10.0420799   47.4877364
  10.0420551   47.4877955
  10.0419228   47.4878321
  10.0417545   47.4878879
  10.0415702   47.4879115
  10.0414027   47.4879273
  10.0413377   47.4879747
  10.0413147   47.4880396
  10.0411078   47.4879968
  10.0409911   47.488005
  10.0409185   47.488009
  10.0408811   47.4880201
  10.040852    47.4880393
  10.0407786   47.4880912
  10.0406707   47.48808
  10.0406013   47.4880887
  10.0404806   47.4880408
  10.0404325   47.4880895
  10.0404083   47.488111
  10.0403234   47.488148
  10.0402529   47.4882184
  10.0401394   47.4882391
  10.0400444   47.4883548
  10.0400201   47.4883889
  10.0400043   47.4884173
  10.0399806   47.4884251
  10.0399586   47.4884273
  10.0398343   47.4883942
  10.0397923   47.4883893
  10.0397126   47.4884001
  10.0396855   47.4884113
  10.0396715   47.4884306
  10.0396729   47.4884534
  10.0396986   47.4885164
  10.0395041   47.48854
  10.0393655   47.4885492
  10.0393215   47.4885602
  10.0392824   47.4885725
  10.0392565   47.4885962
  10.0392359   47.4886189
  10.0392236   47.4886439
  10.0392299   47.4886702
  10.0392454   47.4887412
  10.0392451   47.4887606
  10.0392347   47.4887777
  10.0392073   47.48879
  10.0391431   47.4887986
  10.0390629   47.4888437
  10.0390189   47.4888537
  10.0388544   47.4888991
  10.0388219   47.4889137
  10.0387454   47.4889462
  10.0385525   47.4889675
  10.0384165   47.4889259
  10.0380986   47.4889512
  10.038063    47.4889589
  10.0380102   47.4889824
  10.0379642   47.489006
  10.0379029   47.4890398
  10.0378129   47.4890687
  10.0377447   47.4891001
  10.037606    47.4891185
  10.0375394   47.4891613
  10.0374749   47.4891791
  10.0374328   47.4891775
  10.0373859   47.4891521
  10.0372263   47.4891084
  10.0370661   47.489098
  10.0369699   47.4890937
  10.0368708   47.4890747
  10.0366673   47.4890364
  10.0365549   47.4889978
  10.0365213   47.4889872
  10.0364118   47.4889691
  10.0363614   47.4889597
  10.0361548   47.4889042
  10.0360302   47.4888802
  10.0358745   47.4888173
  10.0355888   47.4887499
  10.0354531   47.4887208
  10.0351209   47.4886496
  10.0348581   47.4885642
  10.0347723   47.4885363
  10.0345966   47.4884582
  10.0343891   47.4883514
  10.0339749   47.4881184
  10.0338288   47.4880805
  10.0336764   47.4880084
  10.0336053   47.4879244
  10.0335771   47.4879003
  10.0335354   47.4878771
  10.0333965   47.4878131
  10.0332419   47.4877752
  10.0331479   47.4877424
  10.0329355   47.4876355
  10.0327231   47.4875275
  10.0325676   47.4874496
  10.032373    47.4873863
  10.0322373   47.4873304
  10.0321724   47.4872795
  10.0321126   47.4872265
  10.0320744   47.4871896
  10.0319782   47.4871043
  10.0317585   47.487027
  10.0315013   47.4868821
  10.0313238   47.4868018
  10.0311271   47.4866721
  10.030944    47.4866169
  10.0307679   47.4865573
  10.0307226   47.486542
  10.0303621   47.4864122
  10.0301093   47.4862992
  10.0299605   47.486226
  10.0297112   47.4861063
  10.029562    47.4860664
  10.0295432   47.4860614
  10.0294496   47.4860092
  10.0294362   47.4860031
  10.0293743   47.4859754
  10.0287781   47.4858083
  10.0286168   47.4856846
  10.0285809   47.485667
  10.028468    47.4856114
  10.0281548   47.4853983
  10.0278144   47.4853478
  10.0276394   47.4853015
  10.0274626   47.4852882
  10.0274033   47.4852837
  10.0265455   47.4851529
  10.026417    47.4851558
  10.0262686   47.4851463
  10.0261133   47.4851309
  10.0259904   47.4851041
  10.025854    47.4850764
  10.0257161   47.4850313
  10.0255275   47.4849666
  10.0253518   47.4848938
  10.0252636   47.4848572
  10.025166    47.484833
  10.02491     47.4847692
  10.0247621   47.4847037
  10.0246882   47.4846703
  10.0245518   47.484623
  10.0243398   47.4845571
  10.024192    47.4844949
  10.0241282   47.4844467
  10.024039    47.4844156
  10.0238929   47.4843351
  10.0236416   47.4843194
  10.0235394   47.4842517
  10.0234973   47.4842378
  10.0234399   47.484224
  10.023417    47.4842227
  10.0233708   47.4842202
  10.0231784   47.4842288
  10.0231496   47.4842333
  10.023126    47.4842241
  10.0230359   47.4841243
  10.023014    47.4841071
  10.0226989   47.4840489
  10.0223686   47.4840124
  10.0222638   47.4840178
  10.0221815   47.4839821
  10.0218831   47.4839456
  10.0217124   47.4839622
  10.0216162   47.4839619
  10.0214543   47.4839579
  10.0212533   47.4839698
  10.0210867   47.483903
  10.0208779   47.4838623
  10.0205528   47.4837927
  10.0202125   47.4837321
  10.0201703   47.4837377
  10.0201364   47.4837409
  10.0200651   47.4837956
  10.0197876   47.4837661
  10.0197191   47.4837898
  10.0196995   47.4839064
  10.0194271   47.4840468
  10.019367    47.4840778
  10.0193613   47.4840817
  10.0190909   47.4842635
  10.0190511   47.4842904
  10.0189592   47.4843077
  10.018494    47.4843057
  10.0183205   47.4842811
  10.0182815   47.4842901
  10.0182576   47.4843003
  10.0181961   47.4844052
  10.0181721   47.4844303
  10.01814     47.4844427
  10.0180286   47.4844355
  10.0179071   47.4844398
  10.0174786   47.4843994
  10.0169792   47.4843876
  10.016531    47.4847623
  10.0164683   47.4848147
  10.0163421   47.4848333
  10.0160696   47.4847249
  10.0158718   47.4845917
  10.0157742   47.4845628
  10.0150667   47.4842461
  10.0150377   47.4842176
  10.0146671   47.4838506
  10.0145351   47.4836254
  10.0138146   47.4831449
  10.0137108   47.4830566
  10.0134975   47.482953
  10.0133139   47.4829135
  10.0131322   47.4828523
  10.0130254   47.482732
  10.0128826   47.4826595
  10.0127333   47.4825562
  10.012624    47.4825306
  10.0124961   47.482489
  10.0124068   47.4824557
  10.0122776   47.4823889
  10.0121704   47.4823028
  10.0121384   47.4822833
  10.0120527   47.4822556
  10.0119566   47.4822348
  10.0118103   47.4822045
  10.0115055   47.4821155
  10.0113509   47.4820533
  10.0110677   47.4820181
  10.0109665   47.482004
  10.0108167   47.4819737
  10.0106954   47.4819459
  10.0102023   47.4818014
  10.0100111   47.4818314
  10.0098033   47.481864
  10.0097152   47.4818956
  10.0096695   47.4819274
  10.0096446   47.4819507
  10.0095842   47.4820072
  10.009316    47.4819812
  10.0092122   47.4820974
  10.0091236   47.4821771
  10.0090505   47.482227
  10.008993    47.4822463
  10.0089202   47.4822654
  10.0083703   47.4822591
  10.008208    47.4822573
  10.0080931   47.4822718
  10.0079867   47.4822749
  10.0078501   47.482279
  10.0077641   47.4822718
  10.0069665   47.4821902
  10.0068145   47.4822033
  10.0065783   47.4821945
  10.0064506   47.4823231
  10.0063      47.4823433
  10.0061329   47.482345
  10.0059993   47.4823742
  10.004947    47.4822871
  10.0047402   47.4822076
  10.0041301   47.4821152
  10.0040581   47.4820693
  10.0039013   47.482047
  10.0037448   47.4820071
  10.0036625   47.481991
  10.0034721   47.4819324
  10.0032817   47.4818928
  10.0031638   47.4817888
  10.0029616   47.4818335
  10.0029243   47.4818482
  10.0028972   47.4818756
  10.0028413   47.4818878
  10.0027558   47.4818442
  10.0026758   47.4818276
  10.0026377   47.4818197
  10.0025215   47.4818034
  10.0024169   47.4818007
  10.0023071   47.4818026
  10.00225     47.4817773
  10.0021696   47.4818833
  10.0020039   47.4819124
  10.0018752   47.4819485
  10.0017366   47.4819949
  10.0016178   47.4820458
  10.0015465   47.4820914
  10.0015336   47.4821003
  10.0014718   47.4821437
  10.0011688   47.4822236
  10.0010289   47.482221
  10.0007641   47.4821056
  10.0003803   47.4823849
  9.9997344    47.482855
  9.9995044    47.4830268
  9.9980272    47.4840975
  9.9975807    47.4844223
  9.996939     47.4848896
  9.9968634    47.4849445
  9.9966756    47.4850812
  9.996387     47.4852913
  9.9962655    47.4853797
  9.9951864    47.4861654
  9.995062     47.486256
  9.9944338    47.48732
  9.9944189    47.4873453
  9.9941934    47.4877267
  9.993573     47.4887787
  9.9934129    47.48905
  9.9929759    47.4897819
  9.9928214    47.4900432
  9.9923292    47.4908759
  9.9922997    47.4909257
  9.9922341    47.4910365
  9.9919029    47.4915968
  9.9918688    47.4916545
  9.9917817    47.4918016
  9.9915958    47.4921162
  9.9911802    47.4928191
  9.9907124    47.4936105
  9.9905993    47.4938018
  9.9904443    47.4940638
  9.9903769    47.4941778
  9.9903677    47.4941936
  9.9902668    47.4943641
  9.9901414    47.4945759
  9.9901169    47.4946176
  9.9900216    47.4947786
  9.9892842    47.4960271
  9.9889566    47.4965811
  9.9886907    47.4970306
  9.9886762    47.4970553
  9.9880592    47.4977154
  9.9880098    47.4977684
  9.9877329    47.4980647
  9.9873958    47.4984253
  9.9873585    47.4984652
  9.9877592    47.4987189
  9.9882285    47.4990158
  9.9887273    47.4991335
  9.9887669    47.4991509
  9.98877      47.4991522
  9.98915      47.4993178
  9.9895158    47.4994276
  9.9899287    47.4995728
  9.9902572    47.4997009
  9.9906886    47.4998576
  9.9910256    47.5001208
  9.9914013    47.500384
  9.9916979    47.5005292
  9.9917906    47.5005795
  9.9924577    47.5010441
  9.9926533    47.5011001
  9.9928471    47.5011642
  9.9931302    47.5012728
  9.9933139    47.5013768
  9.993415     47.5015337
  9.9937165    47.5016663
  9.993907     47.5018093
  9.9940923    47.5019123
  9.9944007    47.5020061
  9.9944445    47.5020404
  9.9944934    47.5020805
  9.9945524    47.5021377
  9.9946163    47.5022303
  9.9950782    47.5025061
  9.9952253    47.5025712
  9.9955107    47.5026973
  9.9956949    47.5027787
  9.9956273    47.5028176
  9.9953915    47.5029534
  9.9944754    47.5034811
  9.9944645    47.5034874
  9.9938034    47.5038684
  9.993434     47.5040812
  9.9932979    47.5041406
  9.993102     47.5042263
  9.9930598    47.5042445
  9.9918672    47.5047648
  9.9909082    47.5051831
  9.990773     47.5052646
  9.9907219    47.5052773
  9.990625     47.505277
  9.9904835    47.5053098
  9.9903939    47.5053766
  9.9902772    47.5054509
  9.990222     47.5054719
  9.9901555    47.5054971
  9.9899922    47.5055606
  9.9897972    47.5056676
  9.9895824    47.5057422
  9.9895229    47.5058172
  9.9896539    47.5058857
  9.989529     47.505966
  9.9894781    47.5060099
  9.9893624    47.506111
  9.989287     47.5061535
  9.9891174    47.5062823
  9.9890718    47.5063781
  9.9890775    47.5065066
  9.9888994    47.5068131
  9.9887951    47.5070082
  9.9886699    47.5071711
  9.9884864    47.5073747
  9.9883991    47.5074567
  9.9882857    47.5075491
  9.9880678    47.5077236
  9.9878476    47.5079161
  9.9877199    47.5080625
  9.9876122    47.5082309
  9.9875336    47.5083875
  9.9874067    47.5086599
  9.9863994    47.5094699
  9.9849071    47.5106868
  9.9845689    47.5109708
  9.9844783    47.5109979
  9.9843991    47.5110067
  9.9843263    47.5110017
  9.98426      47.5109817
  9.9842002    47.5109446
  9.9839286    47.5107197
  9.9838722    47.5106848
  9.9837159    47.5106519
  9.9833937    47.5104995
  9.9832965    47.5104662
  9.9831475    47.5104516
  9.9830763    47.5104351
  9.9829636    47.5103768
  9.9828774    47.5102908
  9.982833     47.5102672
  9.9827072    47.5102318
  9.9825256    47.5101924
  9.9824886    47.5101996
  9.9823732    47.5102635
  9.9822463    47.5102522
  9.9821934    47.5102298
  9.9821512    47.5102303
  9.9821227    47.5102419
  9.9819836    47.5103896
  9.9819602    47.5104035
  9.9819215    47.5104119
  9.9817173    47.5104241
  9.9815958    47.5104402
  9.9814067    47.5104408
  9.9812178    47.5104642
  9.9811427    47.5105107
  9.9810749    47.5105856
  9.9809842    47.5106986
  9.9809475    47.5107252
  9.9809223    47.5107334
  9.9807626    47.5107749
  9.9805551    47.5108786
  9.9805302    47.510904
  9.9805274    47.5109327
  9.9806092    47.5111388
  9.9806065    47.5111777
  9.9805799    47.5112007
  9.9805328    47.5112103
  9.980472     47.5112075
  9.9803654    47.5112039
  9.9802626    47.5112187
  9.9802072    47.5112362
  9.9801873    47.5112536
  9.9801844    47.5112856
  9.9802007    47.51133
  9.9802071    47.5114066
  9.9801916    47.5114788
  9.9801425    47.511558
  9.9800987    47.5116431
  9.9800706    47.5116765
  9.9800402    47.5116871
  9.9797247    47.5117163
  9.9796659    47.5117306
  9.9796207    47.5117539
  9.9795912    47.5118011
  9.9795669    47.5118505
  9.9794479    47.5124151
  9.979429     47.5124815
  9.9794049    47.5125424
  9.9793618    47.5125931
  9.9793154    47.5126403
  9.9792688    47.5126751
  9.9791971    47.5127204
  9.979123     47.5128251
  9.979122     47.5129463
  9.9791105    47.5129612
  9.9790869    47.512966
  9.9790598    47.5129652
  9.9789161    47.5128705
  9.9788821    47.512864
  9.9788603    47.5128711
  9.9788003    47.512955
  9.9787191    47.5129946
  9.9786722    47.5130168
  9.9786122    47.5130528
  9.9785471    47.5131061
  9.9784942    47.5131683
  9.9784399    47.5132362
  9.978413     47.5132923
  9.9784025    47.5133143
  9.9783372    47.5133435
  9.978257     47.5133877
  9.9782171    47.5134212
  9.9781941    47.5134465
  9.9781624    47.5134811
  9.9781124    47.513516
  9.9780621    47.5135358
  9.9779781    47.5135583
  9.977872     47.51358
  9.9776983    47.5136022
  9.9776077    47.5136418
  9.9775204    47.5136667
  9.9773895    47.5137091
  9.9773644    47.5137252
  9.9773333    47.5137736
  9.9773066    47.5137956
  9.9772814    47.5138027
  9.9772476    47.5138007
  9.97712      47.5137562
  9.9770761    47.5137543
  9.9769108    47.5138577
  9.9765682    47.5139717
  9.9765247    47.5139939
  9.9764517    47.5140688
  9.9764166    47.5140897
  9.9761837    47.5141914
  9.9761326    47.5142617
  9.9759506    47.5142863
  9.9758207    47.5143869
  9.9756001    47.514422
  9.9755412    47.5144318
  9.9752703    47.5146721
  9.9750498    47.5147188
  9.9749803    47.5147057
  9.9749446    47.514698
  9.9748352    47.5147139
  9.9746793    47.5146959
  9.974553     47.5147257
  9.9745198    47.5147558
  9.9743842    47.5149891
  9.9743558    47.5150134
  9.9743277    47.5150377
  9.9740761    47.5150571
  9.9740031    47.5151242
  9.9739156    47.5151387
  9.9738112    47.5151591
  9.973692     47.5152002
  9.9735178    47.5152807
  9.9734561    47.5153294
  9.9733232    47.5154484
  9.9732865    47.5154715
  9.9732479    47.5154822
  9.9730027    47.5154753
  9.972914     47.5155196
  9.9728785    47.5155257
  9.9726819    47.5154932
  9.9726225    47.5154858
  9.9725872    47.5154941
  9.9725202    47.5155256
  9.9724848    47.5155328
  9.9724528    47.5155296
  9.9722794    47.5154833
  9.972073     47.5154692
  9.9718208    47.515458
  9.9717519    47.5154711
  9.9716781    47.5155027
  9.97163      47.5155488
  9.9715956    47.5156109
  9.9716069    47.5156612
  9.9714708    47.5157938
  9.9714749    47.5158372
  9.9715305    47.5159041
  9.9716943    47.5160705
  9.9716252    47.5161718
  9.9716407    47.5164437
  9.9714648    47.5165266
  9.9714249    47.5165624
  9.9713869    47.5166004
  9.9713451    47.5166271
  9.971305     47.5166561
  9.9712722    47.5166998
  9.971248     47.5167538
  9.9712306    47.5168202
  9.9712271    47.516906
  9.9712302    47.5169723
  9.9711975    47.5170366
  9.971195     47.5170709
  9.9711338    47.5172338
  9.9710028    47.5175228
  9.9705562    47.5177934
  9.9702832    47.5180548
  9.9701334    47.5181628
  9.9696963    47.5182813
  9.9695079    47.5183618
  9.9693812    47.5184505
  9.9691427    47.5186173
  9.9691078    47.5186518
  9.9690865    47.5186841
  9.9690686    47.518722
  9.9690353    47.5187451
  9.9689481    47.518766
  9.9689114    47.518775
  9.9687728    47.5188082
  9.9686979    47.5187815
  9.9686287    47.5187855
  9.9685714    47.5187998
  9.9685353    47.5188221
  9.9685281    47.5188265
  9.9684205    47.5189134
  9.9682701    47.5190347
  9.9681715    47.5190904
  9.9681362    47.519109
  9.9680994    47.5191283
  9.9680828    47.5191369
  9.9680586    47.5191425
  9.9680004    47.5191561
  9.9678641    47.5191883
  9.9678355    47.5191964
  9.9677237    47.5192684
  9.9676801    47.519287
  9.9673354    47.5193829
  9.9672952    47.519397
  9.9672552    47.5194259
  9.9672189    47.5194744
  9.9671128    47.5195839
  9.9670881    47.5196161
  9.9670578    47.5196221
  9.9669698    47.5196184
  9.9669294    47.5196245
  9.9668876    47.5196465
  9.9668413    47.5197007
  9.9667938    47.5197766
  9.9667836    47.5198647
  9.9667629    47.5199312
  9.966745     47.5199645
  9.9667117    47.5199888
  9.9665746    47.5200644
  9.9665311    47.5200877
  9.9663729    47.5202137
  9.9663393    47.5202232
  9.9663073    47.5202281
  9.9662699    47.5202193
  9.9661663    47.5201985
  9.9661344    47.5202023
  9.9660822    47.5202177
  9.9660235    47.5202411
  9.9659769    47.5202746
  9.9658569    47.5204483
  9.9658322    47.5204829
  9.9657939    47.5205118
  9.9657621    47.5205303
  9.965673     47.5205518
  9.9656195    47.520582
  9.9655893    47.5206029
  9.9655765    47.5206338
  9.9655614    47.5207242
  9.9655367    47.5207646
  9.9655102    47.5207876
  9.9654732    47.5208074
  9.965292     47.5208765
  9.965262     47.5208928
  9.9652423    47.5210141
  9.9652057    47.5211254
  9.9651273    47.521269
  9.9650197    47.5214724
  9.9651277    47.5215456
  9.9652278    47.5216555
  9.9653158    47.5217462
  9.9653232    47.5217724
  9.9653151    47.521793
  9.9651967    47.521881
  9.9651196    47.5219995
  9.9650997    47.5220214
  9.9650905    47.5221529
  9.9650897    47.5222032
  9.9651039    47.5222373
  9.9652076    47.5223424
  9.9653833    47.5225205
  9.9654041    47.5225546
  9.9654166    47.5225843
  9.9654076    47.5226461
  9.9653878    47.5226737
  9.9653645    47.5226864
  9.965149     47.5227262
  9.9651204    47.5227368
  9.9650987    47.5227598
  9.9650792    47.5227954
  9.9650665    47.5228332
  9.9650574    47.5228893
  9.9650527    47.5229099
  9.9650238    47.5230008
  9.965217     47.5230157
  9.9653147    47.5230278
  9.9654331    47.5230582
  9.9655919    47.5231057
  9.9657579    47.5231829
  9.9658915    47.5232453
  9.9660205    47.523334
  9.9661225    47.523415
  9.9661855    47.5235005
  9.9663374    47.5236842
  9.9663993    47.5238076
  9.9664662    47.5239389
  9.9665241    47.5239913
  9.9666545    47.5240617
  9.9676228    47.5245066
  9.9677146    47.5245966
  9.9677831    47.524704
  9.9678295    47.524793
  9.9678728    47.5249039
  9.9678707    47.5250435
  9.9677553    47.5254812
  9.9677328    47.5255857
  9.9677231    47.5256301
  9.9677059    47.5257699
  9.9676795    47.5260126
  9.9676355    47.5261615
  9.9675399    47.5263862
  9.9673992    47.5266535
  9.9673565    47.5267589
  9.9673339    47.5268597
  9.9673076    47.5269416
  9.9673539    47.5270119
  9.9674184    47.527078
  9.967505     47.5271396
  9.967614     47.5272123
  9.9677033    47.5272855
  9.9677617    47.5273334
  9.9678535    47.5273886
  9.96787      47.5274105
  9.9679129    47.5274869
  9.9679297    47.527505
  9.9679691    47.5275474
  9.9680709    47.5276145
  9.968176     47.5276724
  9.9682728    47.5277521
  9.9683941    47.5279223
  9.9683952    47.5280172
  9.9683657    47.5281204
  9.9682944    47.5282477
  9.9682651    47.5283405
  9.9682452    47.5284291
  9.9681552    47.5285228
  9.9680889    47.5286017
  9.968038     47.5286559
  9.9679906    47.5287301
  9.9679035    47.5287998
  9.9677863    47.5288348
  9.9676802    47.5289133
  9.9676237    47.5290488
  9.967614     47.5290722
  9.9675538    47.5291241
  9.9675291    47.5291454
  9.9675223    47.5291514
  9.9674861    47.5291828
  9.9674008    47.5292272
  9.9674186    47.5292833
  9.967449     47.5294556
  9.9675088    47.5295583
  9.9675671    47.5296645
  9.9676166    47.5297247
  9.9676615    47.5297984
  9.9676404    47.5298331
  9.9675789    47.529841
  9.9675036    47.5299009
  9.9674062    47.5299459
  9.9672274    47.529967
  9.9671869    47.5300554
  9.9673317    47.5302588
  9.9673285    47.5302728
  9.9672817    47.5303134
  9.9672379    47.5303459
  9.9671576    47.5303651
  9.9669567    47.5303391
  9.9667724    47.5302648
  9.9667137    47.5302359
  9.9665092    47.5301306
  9.9661892    47.5299576
  9.966158     47.5299463
  9.9659692    47.5298782
  9.9659557    47.5298712
  9.9658429    47.5298129
  9.9657739    47.5297757
  9.9657149    47.5297612
  9.9657069    47.5297593
  9.9656396    47.5297482
  9.9655294    47.5298119
  9.9652665    47.5301229
  9.9652755    47.5301995
  9.9654445    47.5308883
  9.9654418    47.5310368
  9.9654371    47.5311359
  9.9654358    47.531212
  9.9654116    47.5313034
  9.9653909    47.5313877
  9.9653211    47.5314823
  9.9651951    47.5315955
  9.9650837    47.5316914
  9.9649807    47.5318403
  9.9649174    47.5319341
  9.9648879    47.5320029
  9.9648719    47.5320808
  9.9648667    47.5321572
  9.9649116    47.5322623
  9.9650053    47.5323821
  9.9650888    47.5324631
  9.9651799    47.532526
  9.9652533    47.5325768
  9.9653197    47.5326429
  9.9653541    47.5327035
  9.9654201    47.5329264
  9.96544      47.5329949
  9.9654569    47.5330532
  9.965617     47.5333937
  9.9656448    47.5334828
  9.965647     47.5335378
  9.9656356    47.5335974
  9.9655913    47.5337108
  9.9655148    47.5338222
  9.9654567    47.5339048
  9.9654166    47.5339599
  9.9653988    47.534031
  9.96538      47.5341764
  9.9653422    47.534276
  9.9652481    47.5344768
  9.9651093    47.5347679
  9.9650624    47.5348049
  9.9649287    47.5349358
  9.9648589    47.5350242
  9.9647       47.5353258
  9.9647039    47.53539
  9.9647346    47.535431
  9.9647906    47.5354618
  9.9648633    47.5354843
  9.9649561    47.5355023
  9.9651063    47.5355195
  9.9652848    47.5355456
  9.965465     47.5355906
  9.9656066    47.535635
  9.9657159    47.5356787
  9.9658136    47.5357351
  9.9658946    47.5357996
  9.9659015    47.5358142
  9.9659308    47.5358762
  9.9659214    47.5359471
  9.9658766    47.5360206
  9.9657555    47.5361827
  9.9656869    47.5362742
  9.9655989    47.5364177
  9.965295     47.5367279
  9.9652584    47.5367921
  9.965249     47.5368505
  9.9652499    47.5369569
  9.9652609    47.5370358
  9.9652428    47.537084
  9.9652116    47.5371573
  9.9651515    47.5372377
  9.9649893    47.5377077
  9.9648765    47.5379221
  9.9648385    47.537992
  9.9648355    47.538031
  9.9648647    47.5380813
  9.9649106    47.5381257
  9.9649683    47.5381564
  9.9650563    47.5382007
  9.9651596    47.5382471
  9.9652781    47.5382982
  9.9654436    47.538333
  9.9656462    47.5383631
  9.9657878    47.5383717
  9.9665564    47.5383596
  9.9666628    47.5383649
  9.966759     47.5383793
  9.9668367    47.5383927
  9.9669127    47.5384119
  9.9669737    47.5384414
  9.9670419    47.5385201
  9.9670933    47.5386058
  9.9671198    47.5387339
  9.9671428    47.5388505
  9.9671949    47.5389946
  9.9672667    47.5391075
  9.96734      47.5391953
  9.9674048    47.539257
  9.967517     47.5393687
  9.9675259    47.5394052
  9.9675111    47.5394385
  9.967486     47.5394683
  9.9674441    47.5394971
  9.9673669    47.5395307
  9.9672189    47.5395782
  9.9671149    47.5396175
  9.9670798    47.5396531
  9.9670704    47.5397241
  9.9671051    47.5398177
  9.9671919    47.5399204
  9.9672839    47.5400117
  9.9673335    47.5400882
  9.9673735    47.5402151
  9.9673828    47.5402889
  9.9673881    47.5403306
  9.9674047    47.5404678
  9.9674109    47.540596
  9.9674189    47.5407242
  9.9674013    47.5408227
  9.9673669    47.54092
  9.967327     47.5409878
  9.9671541    47.5412345
  9.9671261    47.5413182
  9.9671867    47.5413731
  9.9673337    47.5414366
  9.967592     47.5415729
  9.9677886    47.5416759
  9.9679288    47.5417524
  9.9679988    47.5418052
  9.9680657    47.5418542
  9.9681349    47.5419281
  9.9683116    47.5420944
  9.9683921    47.5421691
  9.9684702    47.5422209
  9.9685892    47.5422633
  9.9686922    47.5423079
  9.9687707    47.5423775
  9.9688301    47.5424549
  9.9689082    47.5425925
  9.9690572    47.5427272
  9.9692336    47.5427864
  9.9694586    47.5429038
  9.9696779    47.5429963
  9.9699466    47.5430439
  9.9700557    47.5431412
  9.9702181    47.5432121
  9.9704346    47.5432954
  9.9705991    47.5433852
  9.9707431    47.5434468
  9.9707908    47.543496
  9.9708048    47.5435743
  9.9707323    47.5436781
  9.9707609    47.5438421
  9.9707943    47.5439129
  9.9708967    47.5439837
  9.9709825    47.5440786
  9.9711946    47.5442153
  9.9712923    47.5443086
  9.9712923    47.5443472
  9.9712184    47.5444469
  9.9709634    47.5446431
  9.9707275    47.5448361
  9.9706132    47.5449825
  9.9705441    47.5450999
  9.9705322    47.5451964
  9.9705298    47.5453637
  9.9705512    47.545502
  9.9706084    47.5455342
  9.970718     47.5456291
  9.9707109    47.5457143
  9.9706132    47.5457159
  9.9705322    47.5456854
  9.9703725    47.5456838
  9.9702319    47.545761
  9.9700604    47.5458478
  9.9697029    47.54588
  9.9695504    47.5458542
  9.969305     47.5458285
  9.9691287    47.5458414
  9.9689381    47.5458864
  9.9687903    47.5460006
  9.9687308    47.5461293
  9.9686807    47.5462113
  9.9686045    47.5462515
  9.9684758    47.5463014
  9.968247     47.5462628
  9.9681279    47.5462805
  9.9680617    47.5463302
  9.9680487    47.5463551
  9.9679659    47.5462869
  9.9678002    47.5461956
  9.9673645    47.545763
  9.9673086    47.5456904
  9.9671508    47.545402
  9.9669564    47.5451025
  9.9668466    47.5449725
  9.9664374    47.5445689
  9.9662605    47.5444526
  9.9660885    47.5443333
  9.9660607    47.5443606
  9.9659161    47.5443845
  9.9657932    47.5444057
  9.9657264    47.544392
  9.9656919    47.5443142
  9.9656215    47.5442725
  9.9654975    47.5442912
  9.9653823    47.5442769
  9.9652827    47.5442993
  9.9652129    47.5443406
  9.9651168    47.5443247
  9.9650119    47.5443327
  9.9649198    47.5443166
  9.9648462    47.5443265
  9.9647875    47.5443643
  9.964746     47.5443019
  9.964665     47.5441749
  9.9646365    47.5440698
  9.9646362    47.5439845
  9.9645532    47.543817
  9.9644198    47.5436147
  9.9642754    47.5434194
  9.9641188    47.5432288
  9.9639461    47.5430468
  9.9638171    47.5430908
  9.9631795    47.54229
  9.9628433    47.542355
  9.9618958    47.5425381
  9.961323     47.5426716
  9.9612396    47.5427132
  9.9612096    47.5426999
  9.9611519    47.5426742
  9.9610009    47.542676
  9.9608747    47.5426971
  9.9605778    47.5428369
  9.9600404    47.5431672
  9.9597903    47.5432396
  9.9596486    47.543197
  9.9594914    47.5432847
  9.959313     47.5433341
  9.9591389    47.5432928
  9.9590476    47.5433084
  9.9589849    47.5433055
  9.9589173    47.5432553
  9.9588525    47.5431711
  9.9588294    47.5431278
  9.9588376    47.5430945
  9.9588935    47.5429898
  9.9589257    47.5428833
  9.9589112    47.5428051
  9.9589103    47.5426977
  9.958932     47.5426082
  9.9589133    47.5425028
  9.9588944    47.5423695
  9.9588945    47.5423027
  9.9589414    47.5421586
  9.9589926    47.5420847
  9.9591116    47.5419944
  9.9592874    47.5418936
  9.9594467    47.5418094
  9.9595944    47.5417428
  9.9597883    47.5416456
  9.9600164    47.5415699
  9.9602665    47.5415847
  9.9604034    47.5415928
  9.9604734    47.5415414
  9.9605406    47.5414685
  9.9605579    47.5411214
  9.9605592    47.5409198
  9.9605075    47.5405426
  9.9604218    47.5402819
  9.9602889    47.5398748
  9.9602242    47.5396115
  9.959976     47.5392859
  9.9598403    47.5392181
  9.9597464    47.5391172
  9.9596376    47.5389082
  9.9596526    47.5388568
  9.9595919    47.5387773
  9.9595222    47.5387275
  9.9595254    47.5385865
  9.9595745    47.5385202
  9.9595289    47.5384795
  9.9595356    47.5384487
  9.9594793    47.5384188
  9.9594873    47.5383844
  9.9594551    47.5383093
  9.9594806    47.5381843
  9.9596389    47.5380612
  9.9597287    47.5380476
  9.9597622    47.5380023
  9.9598239    47.5379888
  9.9599715    47.5379851
  9.9600452    47.5379516
  9.9600828    47.5378837
  9.9601793    47.5377941
  9.9601579    47.5377325
  9.9602229    47.5377059
  9.960233     47.5376628
  9.9602933    47.537623
  9.9604784    47.5375641
  9.9604714    47.537524
  9.9603987    47.5374551
  9.9604294    47.5374103
  9.9606765    47.5373146
  9.9606862    47.5372737
  9.9606405    47.537249
  9.9606151    47.5371968
  9.960639     47.5371621
  9.9608147    47.537104
  9.9608799    47.537069
  9.9609513    47.5370157
  9.9609959    47.5369707
  9.9610714    47.5368785
  9.9611261    47.5368242
  9.9611728    47.5367951
  9.9612212    47.5367672
  9.9612737    47.5367429
  9.9613937    47.536743
  9.9614578    47.5366768
  9.9614697    47.536589
  9.9615132    47.5365436
  9.9616112    47.5364565
  9.9616829    47.536449
  9.9618305    47.5365479
  9.9619077    47.5365508
  9.9619496    47.5365355
  9.9620302    47.536539
  9.9620671    47.536499
  9.9620771    47.536448
  9.9620528    47.5363735
  9.962105     47.5362789
  9.962142     47.5361484
  9.9621888    47.5360904
  9.9622829    47.5360617
  9.9623205    47.5360289
  9.9623524    47.5359941
  9.9623689    47.5359521
  9.9624227    47.5359215
  9.962471     47.5359084
  9.9625154    47.5358674
  9.9626483    47.5357932
  9.9627636    47.5357524
  9.9628053    47.5356709
  9.9629066    47.5356063
  9.9629698    47.5355806
  9.9630278    47.5355795
  9.9630842    47.5355487
  9.9631472    47.5355025
  9.9632117    47.5354869
  9.9633618    47.5353984
  9.9634986    47.5353441
  9.9635293    47.5352522
  9.9636632    47.5352667
  9.9637229    47.5353053
  9.9637587    47.5353151
  9.963846     47.5352955
  9.9638879    47.5352217
  9.963905     47.5351594
  9.9639619    47.5351159
  9.9639439    47.5350613
  9.9639098    47.5350011
  9.9637822    47.5347862
  9.963745     47.5347481
  9.9636997    47.5347198
  9.9636154    47.534693
  9.9635034    47.5346595
  9.9632551    47.5346162
  9.9630327    47.5345655
  9.9628299    47.5345296
  9.9627263    47.5345151
  9.9626399    47.5344838
  9.962432     47.5344658
  9.9623961    47.5345377
  9.9623668    47.5345806
  9.9622397    47.5345808
  9.9619228    47.5346713
  9.9618696    47.53476
  9.9617908    47.5347653
  9.9616679    47.5348435
  9.9616699    47.5348964
  9.961572     47.5349981
  9.9614865    47.5350191
  9.9613663    47.5350654
  9.9611273    47.5350394
  9.9610101    47.5349778
  9.9608358    47.5349433
  9.9607373    47.5349355
  9.9604898    47.5348448
  9.9603148    47.5348088
  9.9602019    47.5347968
  9.9601053    47.5347956
  9.9598584    47.5347812
  9.9597853    47.5347658
  9.9597197    47.5347449
  9.9596416    47.5347111
  9.9594739    47.534646
  9.9594012    47.5346548
  9.959332     47.5345612
  9.9591188    47.534512
  9.9589288    47.5345375
  9.9588891    47.5345585
  9.9588333    47.5345707
  9.9587085    47.5345659
  9.9586022    47.5346161
  9.9585437    47.5346677
  9.9584413    47.5347293
  9.9582589    47.5347655
  9.9582223    47.534816
  9.9581355    47.5348524
  9.9580675    47.534845
  9.9578418    47.5349412
  9.9577574    47.5349551
  9.9575642    47.5350108
  9.9573827    47.5350394
  9.9572499    47.5350655
  9.9570878    47.5350956
  9.9568893    47.5351292
  9.9565321    47.5351897
  9.956314     47.5352453
  9.9561436    47.535284
  9.9557917    47.5353651
  9.9554602    47.5354321
  9.955022     47.5355119
  9.954621     47.535577
  9.9542586    47.5356238
  9.9539765    47.5356729
  9.9535992    47.5356647
  9.9532611    47.5356825
  9.952883     47.5357133
  9.9524547    47.5357298
  9.9522191    47.5357249
  9.9518428    47.535743
  9.9515893    47.5357509
  9.9512464    47.5357685
  9.9510228    47.5357898
  9.9508108    47.5358405
  9.9507746    47.5358566
  9.950745     47.5358696
  9.9507088    47.5358855
  9.9505804    47.5359483
  9.9505016    47.5359789
  9.950255     47.5360526
  9.9499773    47.5361313
  9.9498327    47.5362185
  9.9496519    47.5362304
  9.9495891    47.5362346
  9.9495078    47.5362458
  9.9493697    47.5362767
  9.9491085    47.5363363
  9.9489758    47.5363357
  9.9486241    47.5364394
  9.948157     47.5364652
  9.9479321    47.5365089
  9.9473688    47.5365979
  9.9473086    47.5366074
  9.9469798    47.5366393
  9.9469791    47.5366393
  9.9460049    47.5367024
  9.94546      47.536744
  9.9451982    47.536764
  9.9447579    47.5368291
  9.9442264    47.5369196
  9.9436939    47.5371029
  9.9432476    47.5372991
  9.9432093    47.537316
  9.9429183    47.5374725
  9.9425586    47.5376107
  9.9423257    47.5377534
  9.9418716    47.5379706
  9.941773     47.5380178
  9.9416875    47.5380587
  9.9410791    47.5382227
  9.9404877    47.5376839
  9.9403049    47.5374484
  9.9401674    47.53726
  9.9399768    47.5370973
  9.9397658    47.5369413
  9.9396269    47.5368354
  9.9394912    47.5367361
  9.9393466    47.5366301
  9.9391945    47.5365178
  9.9390784    47.5364391
  9.9385071    47.5360184
  9.9381714    47.5357162
  9.9377627    47.5354043
  9.9378637    47.5353438
  9.9376022    47.5350988
  9.937526     47.5350275
  9.9374041    47.5349136
  9.9371599    47.5346949
  9.9368911    47.5344581
  9.9366369    47.5342485
  9.9364009    47.5341008
  9.9360076    47.5338907
  9.9357996    47.5340474
  9.9351339    47.5337023
  9.9347486    47.5334955
  9.9344792    47.5333538
  9.9341642    47.5331657
  9.9338514    47.5329627
  9.9337516    47.5328049
  9.9335226    47.5326499
  9.9332495    47.5329367
  9.9328214    47.5328907
  9.9324907    47.5328707
  9.9322429    47.5328607
  9.9321287    47.5328331
  9.9316553    47.5327189
  9.9310887    47.5326209
  9.9308879    47.5325575
  9.9308553    47.5325436
  9.9306809    47.5324691
  9.930463     47.5323587
  9.9303933    47.5323136
  9.9302377    47.5322128
  9.9299753    47.5320596
  9.9298745    47.531928
  9.9298348    47.5319001
  9.9297933    47.5318778
  9.9297127    47.5318561
  9.9296797    47.5318317
  9.9296226    47.5317636
  9.9295943    47.5317494
  9.9295186    47.5317358
  9.9294494    47.5317359
  9.9294085    47.5317468
  9.9293385    47.5317699
  9.9287773    47.5315509
  9.9287353    47.5315445
  9.9286355    47.5314873
  9.9285927    47.5314711
  9.9284735    47.5314267
  9.9283717    47.5313842
  9.9282154    47.5312998
  9.9281779    47.5312845
  9.9280702    47.5312407
  9.9279919    47.5312031
  9.9279141    47.5311506
  9.9278706    47.531134
  9.9275742    47.5310455
  9.927435     47.5310092
  9.9273978    47.5310088
  9.9273641    47.5310106
  9.9272225    47.5310509
  9.9270604    47.5311
  9.9268598    47.5311761
  9.9267788    47.5312085
  9.9267046    47.5312236
  9.9266421    47.531233
  9.926583     47.5312344
  9.9265238    47.5312231
  9.926164     47.5310704
  9.9260859    47.5310399
  9.9258961    47.5309858
  9.925825     47.5309597
  9.9257957    47.5309119
  9.925772     47.5308809
  9.925758     47.5308629
  9.9256933    47.5307935
  9.9256541    47.5307616
  9.9255897    47.5307494
  9.9255441    47.5307575
  9.9254666    47.5307727
  9.9253803    47.530781
  9.9253501    47.5307812
  9.9252837    47.5307449
  9.9252462    47.5307084
  9.9252341    47.5306674
  9.9252336    47.5306194
  9.9251457    47.5306209
  9.9250689    47.5307388
  9.9250489    47.5307549
  9.9248863    47.5307408
  9.9248254    47.5307272
  9.9247881    47.530716
  9.9247525    47.5306932
  9.9247269    47.5306637
  9.9246665    47.5305394
  9.9246494    47.5305109
  9.9246188    47.530487
  9.9245747    47.5304724
  9.9244596    47.5304465
  9.9244323    47.5304363
  9.9244153    47.5304204
  9.9244067    47.5304011
  9.9244303    47.5303815
  9.9244722    47.5303448
  9.9244956    47.5303173
  9.9245019    47.5302509
  9.9243637    47.5303042
  9.9243163    47.5303054
  9.9242352    47.5303114
  9.9241963    47.5303185
  9.9240613    47.5303499
  9.9240209    47.5303524
  9.9238763    47.5302546
  9.9238573    47.5301919
  9.9237214    47.5301182
  9.9236164    47.5301026
  9.9234164    47.5300417
  9.9234631    47.5299741
  9.9230704    47.5299231
  9.9230095    47.5299187
  9.9229743    47.5299463
  9.9229903    47.5300296
  9.922987     47.5300582
  9.9229636    47.5300891
  9.9229232    47.530103
  9.9228792    47.530101
  9.9228268    47.5300886
  9.9227027    47.5300148
  9.9226736    47.529984
  9.9227033    47.52988
  9.9226768    47.529767
  9.9226259    47.5297261
  9.9225868    47.5297079
  9.9225378    47.529707
  9.9224906    47.5297231
  9.9220969    47.5297419
  9.9219473    47.5296533
  9.9218947    47.5296364
  9.921849     47.5296389
  9.9216332    47.5297049
  9.9215556    47.5297188
  9.9214048    47.5296864
  9.9212443    47.5296996
  9.9210855    47.5297059
  9.9210144    47.5297028
  9.9209484    47.5296984
  9.9208266    47.5296772
  9.920742     47.5296741
  9.9206829    47.529679
  9.920639     47.529694
  9.9205854    47.529741
  9.9204616    47.5298934
  9.9204061    47.5299337
  9.920369     47.5299497
  9.920315     47.5299661
  9.9199993    47.5300107
  9.9196194    47.5300533
  9.9195772    47.5300797
  9.9195284    47.530097
  9.9194828    47.5301041
  9.9194251    47.5300975
  9.9193642    47.530084
  9.9192337    47.5300434
  9.9191424    47.5300254
  9.9190443    47.5300304
  9.9189379    47.5300457
  9.9188265    47.5300758
  9.9186648    47.5301416
  9.9186198    47.5302125
  9.9184013    47.5301879
  9.9180816    47.5301519
  9.9179262    47.5301306
  9.9178142    47.5301153
  9.9177314    47.5301282
  9.9177029    47.5301546
  9.917688     47.5301945
  9.9177293    47.5302824
  9.9177417    47.5302881
  9.9177768    47.530304
  9.9178446    47.5303129
  9.9178938    47.5303366
  9.9178451    47.5303768
  9.9178048    47.5304066
  9.9177698    47.5304798
  9.9177447    47.5305063
  9.9177009    47.5305202
  9.9175232    47.5305037
  9.9174591    47.5305234
  9.917382     47.5306014
  9.9172834    47.5307297
  9.9172481    47.5307584
  9.9171857    47.5307815
  9.9170897    47.5308151
  9.9169731    47.5308407
  9.916818     47.5308687
  9.9167036    47.5309617
  9.9167364    47.5310347
  9.9167081    47.5310804
  9.9165687    47.5311975
  9.9164813    47.5312607
  9.9164466    47.5313523
  9.916261     47.5314089
  9.9162195    47.5314776
  9.9161235    47.5315374
  9.916102     47.5315741
  9.9160613    47.5315891
  9.9160125    47.5315996
  9.91596      47.5315997
  9.9158772    47.5316001
  9.9157866    47.5316747
  9.9157243    47.5317092
  9.9156994    47.5317802
  9.915671     47.5318066
  9.9156338    47.5318227
  9.9155513    47.5318424
  9.9154907    47.5318895
  9.9154165    47.5319093
  9.9153254    47.5319164
  9.9152648    47.5319453
  9.9151735    47.5319674
  9.915111     47.5319664
  9.9150249    47.5319817
  9.9149998    47.5320194
  9.9149153    47.5320118
  9.9148142    47.5320555
  9.9147382    47.5320753
  9.914652     47.5320756
  9.9145948    47.5321033
  9.9145576    47.5321102
  9.9144714    47.5321117
  9.9144276    47.5321176
  9.9143382    47.5321373
  9.9142825    47.5321559
  9.9142522    47.5321823
  9.9142171    47.5322293
  9.9141903    47.5322625
  9.9141296    47.5322753
  9.9140371    47.5323385
  9.9139684    47.5324096
  9.913879     47.5324476
  9.9137884    47.5325257
  9.9137411    47.5325419
  9.9136989    47.5325444
  9.9136162    47.5325377
  9.913579     47.532546
  9.9135661    47.5326408
  9.9135478    47.5326637
  9.9134837    47.5326833
  9.9134604    47.5327166
  9.9134317    47.5327419
  9.9133914    47.5327614
  9.9133172    47.53278
  9.9132717    47.532811
  9.9132417    47.5328488
  9.9132167    47.5329027
  9.9132222    47.5329403
  9.9132459    47.5329687
  9.9132801    47.5330018
  9.9131578    47.5331268
  9.9131426    47.5331463
  9.9131288    47.5333018
  9.9131137    47.5333326
  9.9130903    47.5333544
  9.9130501    47.5333968
  9.9130151    47.5334552
  9.9129968    47.5334953
  9.912987     47.5335377
  9.9129891    47.5335948
  9.9129842    47.5336222
  9.9129676    47.5336451
  9.9129089    47.5337173
  9.9129077    47.5337744
  9.9128523    47.5338066
  9.9128678    47.5338431
  9.9127805    47.5339269
  9.912764     47.5339692
  9.9127458    47.5340069
  9.9127306    47.5340276
  9.9126888    47.5340701
  9.912711     47.534118
  9.9127147    47.5341545
  9.912695     47.5342059
  9.9126918    47.5342357
  9.9127089    47.5342619
  9.9127159    47.5342823
  9.9127113    47.5343396
  9.9126895    47.5343728
  9.912666     47.5344026
  9.9126122    47.5344416
  9.9125956    47.5344749
  9.9126281    47.5345147
  9.9126655    47.5345351
  9.9127029    47.5345601
  9.9127099    47.5345899
  9.9126899    47.5346207
  9.9126409    47.5346266
  9.9125548    47.5346383
  9.9124635    47.5346571
  9.9124436    47.5346948
  9.9124523    47.534721
  9.9124815    47.5347712
  9.9124264    47.5348583
  9.9123658    47.5348893
  9.9122867    47.5349422
  9.9122488    47.5350589
  9.9121919    47.5351333
  9.9121622    47.5352146
  9.9121406    47.5352489
  9.9120969    47.5353073
  9.912121     47.535353
  9.9121162    47.5353839
  9.9120929    47.5354159
  9.9120592    47.5354378
  9.9119802    47.5354839
  9.9119752    47.5355147
  9.9119857    47.5355477
  9.9119977    47.5355694
  9.9119929    47.5355991
  9.9119526    47.5356312
  9.9119005    47.5356658
  9.9118685    47.5356886
  9.9118332    47.5357117
  9.9117591    47.5357405
  9.9117595    47.5357851
  9.9117127    47.5358504
  9.9116929    47.5359042
  9.9116862    47.5359304
  9.9117035    47.5359909
  9.9116565    47.536022
  9.9115862    47.5361023
  9.9115509    47.5361367
  9.9115478    47.5361686
  9.9115362    47.5361938
  9.9115228    47.5362202
  9.911491     47.5362385
  9.9114572    47.5362512
  9.911415     47.5362628
  9.9113644    47.5362687
  9.9112767    47.5362932
  9.9112295    47.5363139
  9.9111976    47.5363471
  9.9111777    47.5363917
  9.9111478    47.5364364
  9.9110972    47.5364732
  9.9110384    47.5365203
  9.9109996    47.5365307
  9.9109607    47.5365274
  9.9109185    47.5365425
  9.9109085    47.5365619
  9.9108886    47.5365962
  9.9108653    47.5366374
  9.910808     47.5366651
  9.9107997    47.5366913
  9.910795     47.53672
  9.9107885    47.5367772
  9.9107433    47.5368196
  9.9107079    47.5368312
  9.9106707    47.5368347
  9.9105473    47.5368351
  9.9105153    47.536841
  9.9104664    47.5368664
  9.910352     47.5369604
  9.9102055    47.5370363
  9.9101567    47.5370697
  9.910113     47.5371007
  9.9100727    47.5371339
  9.9100224    47.5371912
  9.9099787    47.5372313
  9.9099012    47.5372557
  9.9098609    47.5372878
  9.9098591    47.5372901
  9.9098275    47.5373313
  9.9097045    47.5374026
  9.9095327    47.537473
  9.9095075    47.537505
  9.9094892    47.5375531
  9.9094184    47.5375704
  9.9093643    47.5375753
  9.9093139    47.5376052
  9.9092872    47.537643
  9.9092722    47.5376772
  9.9092933    47.5377926
  9.9092936    47.5378337
  9.9092756    47.5379022
  9.909234     47.537995
  9.9091923    47.538067
  9.9091118    47.5381462
  9.9089768    47.5381775
  9.9088059    47.538161
  9.9087418    47.5381773
  9.9086831    47.5382494
  9.9085306    47.5384213
  9.9085429    47.5384518
  9.9085686    47.5385148
  9.908524     47.5386521
  9.9085631    47.5386874
  9.9085137    47.5388486
  9.9085093    47.5389343
  9.9084899    47.5390646
  9.9086042    47.5391829
  9.9084797    47.5394895
  9.9084476    47.5397009
  9.9083958    47.5398195
  9.9084052    47.5398572
  9.9084351    47.5398907
  9.9084546    47.5399354
  9.908464     47.5399675
  9.9084634    47.5399994
  9.9084506    47.5400508
  9.908562     47.5403261
  9.9084778    47.540572
  9.9084837    47.5406201
  9.9084829    47.540659
  9.908462     47.5406897
  9.9084296    47.5407066
  9.908343     47.540724
  9.908263     47.5407587
  9.9081741    47.5408071
  9.9081481    47.5408343
  9.9081255    47.5408787
  9.908012     47.5409705
  9.9079622    47.5410109
  9.907949     47.5410907
  9.9077456    47.541201
  9.9076678    47.5412117
  9.9076316    47.541241
  9.907604     47.541267
  9.9075723    47.5413399
  9.9074951    47.5413963
  9.9074808    47.5414363
  9.9074342    47.541486
  9.9074167    47.5415225
  9.9073854    47.5415668
  9.9073079    47.5415478
  9.9072576    47.5415359
  9.9071948    47.5415364
  9.9071423    47.5415417
  9.9070983    47.5415528
  9.9070639    47.5415799
  9.907026     47.541615
  9.906969     47.5416784
  9.9069104    47.5417339
  9.9068419    47.5417894
  9.9067781    47.5418448
  9.9067976    47.5418894
  9.9067904    47.5419157
  9.9067844    47.5419602
  9.9067716    47.542008
  9.9067504    47.5420627
  9.9067275    47.5421094
  9.9066603    47.5421716
  9.9066043    47.5421848
  9.9065299    47.5421876
  9.9064756    47.5421928
  9.9064071    47.5422379
  9.9063391    47.5422567
  9.9060463    47.5422838
  9.9059902    47.5422924
  9.9058672    47.5423622
  9.9057991    47.5423833
  9.9057197    47.542386
  9.9055525    47.5423764
  9.9055102    47.5423796
  9.9054622    47.54241
  9.9053568    47.5425313
  9.9053191    47.5425516
  9.9051921    47.5425618
  9.9051393    47.542583
  9.9050996    47.5426295
  9.9050315    47.5427432
  9.9048579    47.5428067
  9.9047797    47.5428288
  9.9046439    47.5428517
  9.9046083    47.5428594
  9.9044718    47.5429221
  9.9043041    47.5429458
  9.9042437    47.5430035
  9.9041943    47.5430328
  9.9041678    47.5430862
  9.9041262    47.543135
  9.9040987    47.5431588
  9.9040468    47.5432234
  9.9039904    47.5432515
  9.9039074    47.5432655
  9.9038524    47.5433085
  9.9037681    47.543302
  9.9037122    47.543306
  9.9036408    47.5433215
  9.9035878    47.5433553
  9.9035412    47.5434029
  9.9035002    47.5434265
  9.9032408    47.5435544
  9.9030644    47.5436716
  9.9029926    47.5437144
  9.9029416    47.5437288
  9.9026773    47.5437641
  9.9026328    47.5437842
  9.9026067    47.543824
  9.9025567    47.5438762
  9.9024669    47.5438869
  9.9024491    47.5439403
  9.9024014    47.5439502
  9.9023352    47.5439633
  9.9021737    47.5440098
  9.9021207    47.5440356
  9.9020949    47.5440652
  9.9020301    47.5441845
  9.9019793    47.5441863
  9.9018007    47.5441494
  9.9017605    47.5441318
  9.9017243    47.5440812
  9.9016789    47.5440693
  9.9016226    47.5440951
  9.9015869    47.5441051
  9.9014905    47.5441077
  9.901433     47.5441106
  9.9013017    47.5440785
  9.9012445    47.5440677
  9.9011751    47.5440682
  9.9011073    47.5440745
  9.9009955    47.5440929
  9.9009326    47.5441094
  9.9008735    47.544102
  9.9007992    47.5440969
  9.9007569    47.5441056
  9.9006786    47.5441243
  9.900602     47.5441545
  9.9005046    47.5442106
  9.9004537    47.5442194
  9.9003572    47.5442241
  9.9002746    47.5442188
  9.9001796    47.5442295
  9.9000768    47.5443086
  9.900037     47.5443481
  9.8999986    47.5444073
  9.8999728    47.5444367
  9.8998951    47.5445137
  9.8998592    47.5445385
  9.8998083    47.5445541
  9.8996457    47.5445628
  9.8995675    47.5445849
  9.8995042    47.5446256
  9.8993906    47.5447343
  9.8993513    47.54475
  9.899292     47.5447517
  9.8991453    47.5447377
  9.8990646    47.5447119
  9.899042     47.5446556
  9.8989978    47.5445821
  9.8989415    47.5445187
  9.8988964    47.5444887
  9.8988456    47.5444985
  9.8988328    47.5445509
  9.89879      47.5445733
  9.8986766    47.5445791
  9.898568     47.5446091
  9.8985043    47.5446565
  9.8984742    47.544734
  9.8984144    47.5447596
  9.8983228    47.5447794
  9.8982756    47.5447778
  9.8982334    47.5447694
  9.8981968    47.5447348
  9.8981992    47.5447028
  9.8981829    47.544673
  9.8981467    47.5446213
  9.8980999    47.5445911
  9.898063     47.5445759
  9.8980073    47.544564
  9.8979382    47.5445565
  9.8978772    47.5445639
  9.8977376    47.544621
  9.8976537    47.5446716
  9.8975792    47.5446744
  9.8975263    47.5447047
  9.8974894    47.5447787
  9.897446     47.5448343
  9.897375     47.5449147
  9.8972933    47.5449505
  9.897246     47.5449433
  9.8971635    47.54493
  9.8970809    47.5449202
  9.8970081    47.5449229
  9.8969439    47.5449211
  9.8968699    47.544901
  9.8967726    47.5448579
  9.896645     47.5448178
  9.8965609    47.5447954
  9.8964731    47.5447843
  9.8963713    47.5448005
  9.8962764    47.5448179
  9.8962205    47.5448174
  9.8960437    47.5447873
  9.8959831    47.5447672
  9.8959534    47.5447361
  9.895898     47.5447104
  9.8958344    47.5446859
  9.8957433    47.5446691
  9.8957044    47.544671
  9.8956599    47.54469
  9.8956141    47.5447079
  9.8955581    47.5447166
  9.8954262    47.5447152
  9.89531      47.5447005
  9.8951571    47.5446511
  9.8951032    47.544637
  9.8949902    47.5446268
  9.8949529    47.544631
  9.8948881    47.544651
  9.8948413    47.5446253
  9.8947827    47.5445963
  9.894727     47.5446003
  9.8946768    47.5446524
  9.8946136    47.5446862
  9.894566     47.5446972
  9.8945305    47.5446923
  9.8944905    47.5446724
  9.8944501    47.5446595
  9.8942566    47.5446189
  9.8939838    47.544557
  9.8938998    47.5445323
  9.8937171    47.5444551
  9.8936614    47.5444421
  9.8935532    47.5444468
  9.8934698    47.5444734
  9.8934284    47.544512
  9.8933731    47.5445721
  9.8933391    47.54459
  9.8932577    47.5445995
  9.8931985    47.5446013
  9.8931496    47.5445894
  9.893076     47.5445556
  9.8929022    47.5444489
  9.8928389    47.5444014
  9.8927579    47.5443036
  9.8927198    47.5442655
  9.8926711    47.544241
  9.8926223    47.5442349
  9.8924985    47.5442578
  9.8924443    47.5442595
  9.8923955    47.5442477
  9.8922935    47.5441941
  9.8922198    47.5441592
  9.8918631    47.5440599
  9.8917638    47.5440465
  9.8916961    47.5440459
  9.8916415    47.5440751
  9.8915407    47.5442136
  9.8915047    47.5442442
  9.8914297    47.544272
  9.8913825    47.5442658
  9.8913305    47.5442414
  9.8912757    47.5441894
  9.8912386    47.5441023
  9.8911939    47.5440538
  9.8911208    47.5439892
  9.8910586    47.5439703
  9.890979     47.5439731
  9.8905508    47.5440868
  9.8905202    47.5440945
  9.8902167    47.5441351
  9.8901702    47.5441885
  9.890141     47.5442054
  9.8900866    47.5442196
  9.8900495    47.5442193
  9.8899754    47.5442084
  9.889797     47.5441621
  9.8897379    47.5441571
  9.8895768    47.5441853
  9.8895309    47.544194
  9.8894515    47.5441899
  9.8893623    47.5441662
  9.8893105    47.5441406
  9.8892806    47.5441163
  9.8892315    47.5440267
  9.8892       47.543999
  9.889153     47.5439826
  9.8891039    47.5439867
  9.889039     47.5440169
  9.889008     47.5440463
  9.8890025    47.544068
  9.889016     47.5441561
  9.8890061    47.5442326
  9.8889728    47.5442906
  9.8889021    47.5443597
  9.8887847    47.5444923
  9.8887369    47.5445158
  9.888698     47.544519
  9.8886338    47.5445115
  9.8885868    47.5444905
  9.8885099    47.544451
  9.8884561    47.544431
  9.8883161    47.5444125
  9.8882687    47.5444155
  9.8882313    47.5444358
  9.888197     47.5444561
  9.8881482    47.5445333
  9.8881186    47.5445799
  9.8880808    47.5446081
  9.8877304    47.5448014
  9.887684     47.5448145
  9.8876436    47.5448258
  9.8875607    47.5448353
  9.8874137    47.5448317
  9.8873527    47.5448391
  9.8873048    47.5448661
  9.8871528    47.5450292
  9.8871012    47.5450745
  9.8869823    47.5451032
  9.8866229    47.545157
  9.8865633    47.5451701
  9.8865223    47.5451914
  9.8864862    47.5452243
  9.8864621    47.5452538
  9.8864533    47.5454411
  9.8864594    47.5454732
  9.8865617    47.545601
  9.8866718    47.5456796
  9.8867232    47.5457259
  9.8867443    47.5457741
  9.8867466    47.5458346
  9.886709     47.545944
  9.8866574    47.5459834
  9.8865707    47.5460125
  9.8863892    47.5460427
  9.8862587    47.5460599
  9.8859356    47.5460615
  9.8857526    47.5460837
  9.8856098    47.5461235
  9.8855211    47.5461673
  9.8854488    47.5462375
  9.8853605    47.5463373
  9.8853007    47.5463767
  9.8850331    47.5464828
  9.8850004    47.5465099
  9.8849776    47.5465577
  9.8849782    47.546608
  9.8849891    47.5466562
  9.8850632    47.5467585
  9.8850813    47.5467827
  9.8850808    47.5468079
  9.8850634    47.5468327
  9.885031     47.5468496
  9.8849716    47.5468571
  9.8843353    47.5469781
  9.8841777    47.5469949
  9.8840576    47.5469983
  9.8838684    47.5469921
  9.8837835    47.5470095
  9.8837357    47.5470319
  9.8837014    47.5470636
  9.883687     47.5471001
  9.8836761    47.5471389
  9.8837064    47.5472306
  9.8837041    47.547266
  9.8836746    47.5473046
  9.8836369    47.5473305
  9.8835535    47.5473525
  9.8834707    47.547354
  9.8833219    47.5473482
  9.8831476    47.5473636
  9.8830779    47.5473802
  9.8829366    47.5474326
  9.8828873    47.547447
  9.8828332    47.5474464
  9.8826313    47.5473978
  9.8825924    47.5473939
  9.8825381    47.547406
  9.8825038    47.5474343
  9.8824863    47.5474661
  9.8824733    47.5477722
  9.8824471    47.5478167
  9.8823557    47.547914
  9.8823061    47.5479387
  9.8822399    47.5479507
  9.882186     47.5479445
  9.8821073    47.5479049
  9.8820402    47.547878
  9.8819878    47.5478787
  9.8819132    47.5478859
  9.8818436    47.5479059
  9.8816315    47.5480296
  9.8815425    47.5480813
  9.8814011    47.5481372
  9.8813164    47.5481489
  9.8812471    47.5481426
  9.8808316    47.5480348
  9.8807646    47.5480079
  9.880626     47.547914
  9.8805353    47.5478823
  9.8804577    47.5478747
  9.8803493    47.5478887
  9.8803286    47.547893
  9.8802185    47.5479161
  9.8800565    47.5478117
  9.8798848    47.547689
  9.8796585    47.5475018
  9.8794775    47.5473355
  9.8793203    47.5471626
  9.8792341    47.5470704
  9.8790388    47.5468605
  9.878757     47.5466568
  9.8784893    47.5464971
  9.8784013    47.5464444
  9.8782292    47.5463298
  9.8779445    47.5461122
  9.8776591    47.5458364
  9.8771675    47.5454742
  9.8768096    47.5452708
  9.8763927    47.5449859
  9.8761113    47.5447604
  9.8758908    47.5445425
  9.8755999    47.5441135
  9.8755979    47.5441103
  9.8752798    47.5436305
  9.8751486    47.543427
  9.8750865    47.5432379
  9.8750756    47.5430972
  9.8751065    47.5429889
  9.8751715    47.5428638
  9.8753298    47.5427293
  9.8755759    47.5425864
  9.8758946    47.5424603
  9.8761172    47.5424018
  9.8763822    47.5423436
  9.8767302    47.5422681
  9.8770889    47.5421697
  9.8775831    47.5419685
  9.8776515    47.5419269
  9.8777778    47.5417796
  9.8778761    47.541593
  9.877894     47.5413692
  9.8779252    47.5410581
  9.877957     47.5408126
  9.8779662    47.5404055
  9.8779457    47.5397063
  9.8780368    47.5387569
  9.8780273    47.5386688
  9.8779297    47.5384673
  9.8778674    47.5383328
  9.8777924    47.5380974
  9.8776701    47.5378076
  9.8774828    47.5375434
  9.8772975    47.5373353
  9.87699      47.5370148
  9.8762407    47.5363513
  9.8761324    47.5362345
  9.8760545    47.53611
  9.8760306    47.5359954
  9.8760797    47.5356711
  9.8761154    47.5354702
  9.8761887    47.5352561
  9.8762169    47.5351466
  9.8761779    47.5350237
  9.8761525    47.5349651
  9.8761068    47.5349028
  9.8759892    47.5348109
  9.8757504    47.5346491
  9.8741984    47.5338707
  9.8739825    47.5337354
  9.8739022    47.533643
  9.8738825    47.5335569
  9.8739141    47.5334428
  9.8743968    47.533077
  9.8752162    47.5326225
  9.8753682    47.5324997
  9.875551     47.5322926
  9.8756586    47.5321166
  9.8757039    47.5318758
  9.8756851    47.5316286
  9.8756415    47.5312985
  9.8755805    47.5309226
  9.8755396    47.5308089
  9.8753279    47.5304529
  9.8752085    47.5301724
  9.8751613    47.5298503
  9.8751055    47.5294744
  9.8750398    47.5292712
  9.8749552    47.5290883
  9.8748689    47.5289648
  9.8747024    47.5287523
  9.8745052    47.5285372
  9.8744927    47.528544
  9.8744201    47.5285843
  9.8742346    47.5286869
  9.8738658    47.5288072
  9.8737161    47.5288635
  9.8735266    47.5289761
  9.8734931    47.5290074
  9.8734942    47.5290577
  9.8735107    47.5292513
  9.8734886    47.5294795
  9.8734397    47.5297003
  9.8733571    47.5298462
  9.873277     47.5299348
  9.8731886    47.5300198
  9.8730533    47.5300912
  9.8729759    47.5301228
  9.8728556    47.5301637
  9.8727083    47.5302063
  9.8724324    47.5302518
  9.8717933    47.5303606
  9.8715234    47.5304235
  9.8713604    47.5304737
  9.8712465    47.530525
  9.8710832    47.5306199
  9.8707893    47.5308733
  9.8706196    47.5310012
  9.8704499    47.531089
  9.8703275    47.531139
  9.8702142    47.5311766
  9.8701378    47.5311842
  9.8700504    47.5311743
  9.8697831    47.5311431
  9.8697389    47.5311447
  9.8696626    47.5311477
  9.8695717    47.5311755
  9.8694847    47.5312309
  9.869367     47.5313244
  9.8692246    47.5314505
  9.8690874    47.5315277
  9.8687951    47.5317057
  9.8687935    47.5317067
  9.86873      47.5317624
  9.8686757    47.5318426
  9.868673     47.5318466
  9.868594     47.5319666
  9.8685394    47.5320157
  9.8684433    47.5320457
  9.8683928    47.5320411
  9.8683359    47.5320251
  9.8683243    47.5320149
  9.8680091    47.5317391
  9.8679151    47.5316867
  9.8677831    47.5316531
  9.867593     47.5316319
  9.8674699    47.5316269
  9.8673128    47.5316557
  9.8671793    47.5316917
  9.867053     47.5317564
  9.8667106    47.5319607
  9.8666122    47.5320043
  9.8663819    47.532052
  9.8662214    47.5321195
  9.8659894    47.5322392
  9.8658708    47.5323167
  9.8657726    47.5323947
  9.8654912    47.5325614
  9.8653251    47.5326813
  9.8651075    47.5328562
  9.8650467    47.5328915
  9.8649349    47.5329337
  9.8647977    47.5329696
  9.8646277    47.5330141
  9.8645977    47.533022
  9.864252     47.5331123
  9.8641124    47.5331723
  9.8640032    47.5332683
  9.8639044    47.5333565
  9.8637632    47.5334485
  9.8636679    47.5335013
  9.8635333    47.533559
  9.8634514    47.5335767
  9.8633903    47.5335834
  9.8631855    47.5335696
  9.8626849    47.5334754
  9.8625551    47.5334845
  9.8622195    47.5334086
  9.8621866    47.5333873
  9.862123     47.5333391
  9.8620257    47.533321
  9.861927     47.5333371
  9.8618086    47.5333711
  9.8616749    47.5334495
  9.8614426    47.5336149
  9.8611904    47.5337385
  9.8610119    47.5337684
  9.860428     47.5336689
  9.8601867    47.5336044
  9.8599684    47.5335428
  9.8595397    47.5335531
  9.8592797    47.5336054
  9.8588021    47.5337037
  9.8585373    47.5338044
  9.8583884    47.5338767
  9.8583176    47.5339472
  9.8582357    47.5341101
  9.8581924    47.5342334
  9.8582075    47.5343428
  9.8581302    47.5345648
  9.8580879    47.5347138
  9.8581405    47.5347896
  9.8581827    47.534866
  9.8581791    47.53497
  9.8581168    47.5350378
  9.8580548    47.5350747
  9.8579625    47.5351394
  9.8577468    47.5353015
  9.8575079    47.5354245
  9.857241     47.535564
  9.8570875    47.5356694
  9.8570203    47.5357343
  9.856974     47.5357846
  9.856959     47.5358187
  9.8569602    47.5358645
  9.8569451    47.5358972
  9.8568597    47.5359732
  9.8567282    47.536095
  9.856681     47.5361284
  9.8566485    47.5361379
  9.8566042    47.536145
  9.8565298    47.5361446
  9.8564913    47.5361323
  9.8563553    47.5360706
  9.8562071    47.5360352
  9.8561091    47.5360037
  9.8559026    47.5360198
  9.855842     47.53605
  9.855733     47.5361321
  9.8557371    47.5363574
  9.8557472    47.5364697
  9.8557388    47.5365427
  9.855751     47.5365704
  9.8558222    47.5366394
  9.8558377    47.5367107
  9.8558281    47.536842
  9.8558077    47.5369215
  9.8557709    47.5369882
  9.8556414    47.5371181
  9.8555084    47.5372548
  9.8554254    47.5374405
  9.8554281    47.537492
  9.8554455    47.5375599
  9.8554537    47.5376573
  9.855439     47.5377194
  9.8554259    47.5377758
  9.8553845    47.5378201
  9.8553258    47.5378822
  9.8552139    47.5379738
  9.8551216    47.5380243
  9.8550021    47.5380792
  9.8548862    47.5381272
  9.8547498    47.5381784
  9.854642     47.5382413
  9.8544819    47.5383804
  9.854402     47.5384859
  9.8543629    47.5385825
  9.8543498    47.5386476
  9.8542915    47.5387636
  9.8541818    47.5390002
  9.854115     47.539211
  9.8540957    47.5393262
  9.8540536    47.5394012
  9.8539739    47.5394987
  9.8538738    47.5395892
  9.8537761    47.5396534
  9.8536866    47.5397347
  9.8536306    47.5398234
  9.8535438    47.5399356
  9.8534475    47.5400182
  9.8533002    47.5401001
  9.8531759    47.5401504
  9.8529716    47.5402203
  9.8528526    47.540249
  9.8527446    47.540267
  9.8526726    47.5402792
  9.8526168    47.5402855
  9.8525793    47.5403023
  9.8525566    47.5403306
  9.8525386    47.5403842
  9.8524872    47.5404213
  9.8524381    47.5404288
  9.8523754    47.5404271
  9.8521378    47.5403825
  9.8520315    47.5403735
  9.8519485    47.540383
  9.8518327    47.5404264
  9.8516363    47.5405182
  9.8515368    47.5405869
  9.8514751    47.5406522
  9.8514413    47.5407169
  9.8512872    47.5408363
  9.8511627    47.5408608
  9.8510864    47.5408515
  9.8510206    47.5408573
  9.8509531    47.5408608
  9.8508078    47.5408382
  9.8507228    47.5408246
  9.8506344    47.5408279
  9.8505561    47.5409341
  9.8504906    47.5410218
  9.8504011    47.5411061
  9.8502422    47.5411534
  9.8502107    47.541182
  9.8501817    47.5412159
  9.8501981    47.5413477
  9.8503066    47.5414318
  9.8503856    47.5414593
  9.8503778    47.5415287
  9.8503053    47.5416073
  9.8502301    47.5416393
  9.8501197    47.5416588
  9.8498693    47.5416678
  9.8497656    47.5416885
  9.8496618    47.5417195
  9.8495901    47.5417553
  9.8495029    47.5418036
  9.8493948    47.5418836
  9.8493161    47.5419229
  9.8492359    47.5419576
  9.8491238    47.5419851
  9.8488744    47.5420283
  9.8487892    47.5420594
  9.8487121    47.5420999
  9.8486438    47.5421347
  9.8485385    47.5421565
  9.8483288    47.5421601
  9.8482274    47.5421557
  9.8480959    47.5421339
  9.847902     47.5421069
  9.8477062    47.5420878
  9.8473639    47.5420388
  9.847286     47.542046
  9.8470685    47.5420976
  9.8469635    47.5421057
  9.8469562    47.5421039
  9.8468946    47.5420879
  9.8468376    47.5420599
  9.8467292    47.5419857
  9.8466371    47.5419495
  9.84644      47.5419076
  9.846331     47.5418642
  9.846165     47.5417951
  9.8461061    47.5417774
  9.8459202    47.541771
  9.8458275    47.5417587
  9.8457857    47.5417343
  9.845771     47.5417067
  9.8457774    47.5416417
  9.8457921    47.5415846
  9.8457641    47.5415569
  9.845658     47.5415286
  9.8453531    47.5414706
  9.8452775    47.5414527
  9.8451428    47.5414229
  9.8449811    47.5413916
  9.8447303    47.541332
  9.8444604    47.541302
  9.8443588    47.541309
  9.8442907    47.5413266
  9.8439084    47.5414943
  9.843799     47.5415595
  9.8437437    47.5416103
  9.8436171    47.5416845
  9.8435128    47.5417373
  9.8434031    47.5418127
  9.84334      47.5418338
  9.8432337    47.5418305
  9.8431322    47.5418261
  9.8430683    47.5418106
  9.8429743    47.5417753
  9.8428286    47.5417111
  9.8427125    47.5416745
  9.8425879    47.5416562
  9.8425608    47.5416589
  9.842454     47.5416697
  9.8423503    47.5416984
  9.842176     47.5417847
  9.8419924    47.5419144
  9.8418758    47.5419909
  9.8418041    47.5420234
  9.8412362    47.5420921
  9.8411213    47.5420807
  9.840868     47.5419856
  9.8407484    47.5419605
  9.8405896    47.541952
  9.8405015    47.5419683
  9.8404261    47.5420133
  9.8403878    47.5420643
  9.8403424    47.5421393
  9.8402807    47.5423398
  9.8402273    47.5423838
  9.8401556    47.5424117
  9.8399847    47.5424249
  9.839898     47.54244
  9.8397957    47.5424836
  9.8396831    47.5425305
  9.8395034    47.5426338
  9.8393469    47.5427557
  9.8392807    47.5428579
  9.8392331    47.5429512
  9.8392114    47.5430149
  9.8391804    47.5430386
  9.8391364    47.543044
  9.8390792    47.5430262
  9.8389773    47.542968
  9.8388881    47.5429501
  9.8388168    47.5429631
  9.8386654    47.5430028
  9.8385774    47.5430133
  9.8384016    47.542999
  9.8383123    47.5429913
  9.8382582    47.5429873
  9.8381937    47.5429958
  9.838117     47.5430328
  9.8380257    47.5431084
  9.8379218    47.543144
  9.8378118    47.5431532
  9.8377121    47.5431431
  9.8376217    47.5430953
  9.8374599    47.542912
  9.8373898    47.5428634
  9.8373178    47.5428329
  9.8371998    47.5428158
  9.8370711    47.5428226
  9.8368637    47.5428696
  9.8367086    47.5429309
  9.836493     47.5430569
  9.8363775    47.5431608
  9.8363141    47.5432024
  9.8360967    47.5432391
  9.8359747    47.5432597
  9.8359128    47.5433025
  9.8358299    47.5433873
  9.8357618    47.5434039
  9.8356017    47.5433874
  9.8354849    47.5433885
  9.8352692    47.5434379
  9.8351423    47.5434366
  9.8349598    47.5434326
  9.8347778    47.5434021
  9.8346647    47.5433896
  9.8345402    47.5434398
  9.8343365    47.5435567
  9.8341304    47.5437111
  9.834097     47.5437726
  9.8340449    47.543916
  9.8340464    47.5439527
  9.8340518    47.5440795
  9.8340238    47.5441238
  9.8339466    47.5441755
  9.833717     47.5442316
  9.8335067    47.5442649
  9.8331335    47.5442395
  9.8328104    47.5442398
  9.832671     47.5442785
  9.8324021    47.5443535
  9.8322185    47.5443774
  9.8322071    47.5443789
  9.8321903    47.5443811
  9.8319704    47.5443813
  9.831655     47.5443426
  9.8314602    47.544359
  9.8312531    47.5443946
  9.8310515    47.5444144
  9.8303255    47.5443512
  9.8300335    47.5443209
  9.8299852    47.5443285
  9.8299545    47.5443334
  9.8299455    47.5443349
  9.8299028    47.5443516
  9.8298807    47.5444119
  9.8297825    47.5445115
  9.8298425    47.5445702
  9.8299464    47.5446461
  9.8299797    47.5446869
  9.8299858    47.5447317
  9.8299761    47.5447566
  9.8298871    47.5447774
  9.8298511    47.5447857
  9.8298188    47.5448215
  9.8297918    47.5449136
  9.8297682    47.5449474
  9.8297076    47.5450055
  9.8296945    47.5450304
  9.8296892    47.5450645
  9.8296709    47.5451866
  9.8296348    47.5452901
  9.8296187    47.5453091
  9.8295954    47.5453291
  9.8294918    47.5453747
  9.8294699    47.5454051
  9.8294737    47.5454292
  9.8294943    47.5454859
  9.8294981    47.5455101
  9.8294679    47.545539
  9.8292068    47.5458384
  9.8292066    47.545874
  9.8292551    47.5459438
  9.8292831    47.5460189
  9.8293256    47.5461093
  9.8293273    47.5461402
  9.8293016    47.5461786
  9.8292529    47.546206
  9.829165     47.5462382
  9.8289902    47.5462855
  9.8289334    47.5463035
  9.8287483    47.546386
  9.8285454    47.5464841
  9.8284971    47.5465025
  9.8284289    47.5465157
  9.8283959    47.5465308
  9.8283281    47.5465659
  9.8282468    47.5466028
  9.8281952    47.5466211
  9.82805      47.546653
  9.8277939    47.5467027
  9.827533     47.5467491
  9.8274941    47.5467528
  9.8274604    47.5467484
  9.8273021    47.5467079
  9.8272087    47.546685
  9.8271067    47.5466688
  9.8270003    47.5466673
  9.8268751    47.5466711
  9.8268363    47.5466713
  9.8268045    47.5466648
  9.8267497    47.5466486
  9.8267092    47.5466464
  9.8266602    47.5466476
  9.8264521    47.5466882
  9.8263703    47.5466999
  9.826253     47.5467143
  9.8262121    47.5467224
  9.8261655    47.5467419
  9.8261143    47.5467498
  9.8260758    47.5467444
  9.8260191    47.5467314
  9.8259737    47.5467269
  9.825764     47.5467321
  9.8257334    47.5467348
  9.8255275    47.546826
  9.8254977    47.546848
  9.825467     47.5468816
  9.825443     47.5469201
  9.8254343    47.5469908
  9.8254053    47.5470278
  9.8253819    47.5470536
  9.8252889    47.5470846
  9.8252631    47.5471252
  9.8252193    47.5471551
  9.8251136    47.5472063
  9.8250955    47.5472264
  9.8250894    47.5472446
  9.8250534    47.5472575
  9.8250014    47.5472803
  9.8249594    47.5473079
  9.8249305    47.5473128
  9.8248916    47.5473131
  9.8248446    47.5473085
  9.8248159    47.547309
  9.8247885    47.5473151
  9.8247023    47.5473451
  9.8246616    47.5473498
  9.824616     47.5473521
  9.8245834    47.5473581
  9.8244352    47.5474141
  9.8243588    47.547419
  9.8243315    47.5474275
  9.8243022    47.5474372
  9.824275     47.54744
  9.8239833    47.5474316
  9.8239345    47.547427
  9.8237939    47.5474052
  9.8237131    47.547401
  9.8235015    47.5474084
  9.8234231    47.5474202
  9.8233776    47.5474225
  9.8232575    47.5473909
  9.8232104    47.5473897
  9.8230073    47.5474282
  9.8229606    47.5474477
  9.822893     47.5474793
  9.8228336    47.5474881
  9.8227589    47.5474921
  9.8226276    47.5474842
  9.8225258    47.5474623
  9.8224172    47.5474378
  9.8222936    47.5473845
  9.8222251    47.5473713
  9.8221395    47.5473623
  9.8220371    47.5473494
  9.8219469    47.5473301
  9.8218581    47.5473164
  9.8217874    47.5473124
  9.8216871    47.5473248
  9.8216424    47.5473386
  9.8216023    47.5473629
  9.8215713    47.5473713
  9.8215395    47.5473681
  9.821446     47.5473475
  9.8213989    47.547343
  9.8212531    47.5473566
  9.8211488    47.5473781
  9.8211117    47.5473771
  9.8210645    47.5473759
  9.8208243    47.5474147
  9.8207906    47.547415
  9.8207146    47.547412
  9.8206842    47.5474124
  9.8206599    47.5474233
  9.8206247    47.547451
  9.8205838    47.5474581
  9.820545     47.5474571
  9.8203213    47.5474081
  9.8202759    47.5474024
  9.8202234    47.5474079
  9.8201719    47.5474227
  9.8201011    47.5474176
  9.8200757    47.5474215
  9.8199081    47.5474598
  9.8198675    47.5474622
  9.8198071    47.547455
  9.8194769    47.547408
  9.8194192    47.54741
  9.8193502    47.5474248
  9.8193058    47.5474343
  9.8192331    47.54745
  9.8191331    47.5474545
  9.8190202    47.5474506
  9.8189243    47.5474448
  9.818892     47.5474497
  9.8188131    47.5474695
  9.8187695    47.5474627
  9.8187246    47.5474524
  9.8186123    47.5474051
  9.8185887    47.5474022
  9.8182907    47.5474808
  9.8182453    47.5474761
  9.8182238    47.5474687
  9.8181803    47.5474608
  9.8181039    47.547467
  9.8180018    47.5474827
  9.8176177    47.5474974
  9.8174989    47.547507
  9.8174319    47.547526
  9.81738      47.5475522
  9.8173521    47.5475665
  9.8173302    47.5475659
  9.8171797    47.5475528
  9.8169767    47.5475466
  9.8168674    47.547477
  9.8167246    47.5474369
  9.8166094    47.5474227
  9.8164333    47.5474494
  9.8160003    47.547534
  9.8158864    47.5475908
  9.8157872    47.5476661
  9.815755     47.5476954
  9.8157422    47.5477283
  9.8157145    47.5478138
  9.8156159    47.5479309
  9.8156202    47.54803
  9.8156762    47.5481697
  9.8156301    47.5482272
  9.8156782    47.5483479
  9.8157462    47.5485584
  9.815564     47.5486569
  9.8154797    47.5487024
  9.8154679    47.5487296
  9.8154284    47.5488189
  9.8153767    47.5489504
  9.8153224    47.5491948
  9.81523      47.549367
  9.8151113    47.5495884
  9.8150703    47.5496414
  9.8155683    47.5497904
  9.8157432    47.5499535
  9.8160043    47.5501726
  9.816094     47.5502478
  9.8160539    47.5504265
  9.8160161    47.5505776
  9.8163259    47.5509563
  9.8165038    47.5510214
  9.816779     47.5512833
  9.8164672    47.5514028
  9.8165916    47.5517198
  9.8166467    47.5519392
  9.8166846    47.552152
  9.8167019    47.5524611
  9.8167344    47.5527223
  9.8168338    47.5529722
  9.8168558    47.5530333
  9.8171007    47.5533268
  9.8174891    47.5535673
  9.8179408    47.5538135
  9.8183491    47.5541698
  9.818868     47.5544782
  9.8192204    47.5545656
  9.8194713    47.5546306
  9.8198684    47.5546667
  9.8201994    47.5547074
  9.8205186    47.5547582
  9.8208072    47.5548542
  9.8210818    47.5550018
  9.8209681    47.5550907
  9.8213294    47.5553984
  9.8216195    47.5558633
  9.8217918    47.5561786
  9.8218774    47.5562227
  9.8221429    47.556369
  9.822397     47.5565207
  9.8229049    47.556675
  9.8231675    47.5567888
  9.8234869    47.5570265
  9.8236391    47.5572097
  9.8237574    47.5574255
  9.8237106    47.5577879
  9.8236383    47.5581508
  9.8238429    47.5582443
  9.8240479    47.5583223
  9.8240962    47.5583338
  9.8241902    47.5583442
  9.8243118    47.5583448
  9.8243724    47.5583509
  9.8244084    47.5583701
  9.8245098    47.5584322
  9.8245442    47.5584514
  9.8246588    47.5584896
  9.8246848    47.5585052
  9.8247259    47.558559
  9.8248095    47.5586675
  9.8248411    47.5587106
  9.824861     47.5587798
  9.8248797    47.55881
  9.8249802    47.5588881
  9.825111     47.558999
  9.8251384    47.5590249
  9.8251685    47.5590301
  9.8252358    47.5590341
  9.8252642    47.5590394
  9.8252938    47.5590573
  9.8253168    47.5590681
  9.8254616    47.5591061
  9.8254831    47.559114
  9.8254849    47.5591146
  9.8255246    47.5591626
  9.825544     47.5591791
  9.8255585    47.5591861
  9.8256191    47.5592156
  9.8256949    47.559527
  9.82568      47.5597995
  9.8258491    47.5600945
  9.8259626    47.5604206
  9.826039     47.5608508
  9.8260449    47.5610491
  9.8260359    47.5611966
  9.8260778    47.5614013
  9.8260269    47.5616363
  9.8258985    47.561801
  9.8258797    47.5618252
  9.8258739    47.5618587
  9.8258606    47.5619365
  9.8258543    47.5619731
  9.8258517    47.5619885
  9.825764     47.5623382
  9.825758     47.5623842
  9.8257568    47.5624082
  9.8257636    47.5624358
  9.8257613    47.5624495
  9.8257416    47.5624686
  9.8257411    47.5624776
  9.8257758    47.5624922
  9.82581      47.5625126
  9.8258403    47.5625488
  9.82585      47.5625881
  9.8258178    47.5626536
  9.8258023    47.562659
  9.8257346    47.562662
  9.8256916    47.5626758
  9.8256374    47.5627076
  9.8256223    47.5627394
  9.8256272    47.5628025
  9.8255845    47.5628461
  9.8255069    47.5629037
  9.8255064    47.562914
  9.8255402    47.5629457
  9.8255428    47.5629596
  9.8254669    47.5629876
  9.8254436    47.563011
  9.8254207    47.5630597
  9.8254287    47.5631297
  9.8254325    47.5631562
  9.8253916    47.563257
  9.8253225    47.5633446
  9.8252967    47.5633567
  9.8252092    47.5633797
  9.8251039    47.563423
  9.825032     47.5634693
  9.825018     47.5634804
  9.8249628    47.5635019
  9.8249254    47.5635354
  9.8248926    47.5636136
  9.8248585    47.5636494
  9.824787     47.56369
  9.8246847    47.5637081
  9.8246604    47.5637201
  9.8246612    47.563735
  9.8246702    47.5637582
  9.8246562    47.5637659
  9.8245659    47.5637796
  9.8245103    47.5638092
  9.8244889    47.5638614
  9.8244625    47.5639146
  9.8244371    47.5639448
  9.8244136    47.5639718
  9.8243527    47.5640046
  9.8243329    47.5640282
  9.824316     47.5640609
  9.8242835    47.564098
  9.8241765    47.5641412
  9.8241416    47.5641621
  9.8241145    47.5641923
  9.8240948    47.5642137
  9.8239766    47.564434
  9.8239357    47.5644696
  9.8239299    47.5645783
  9.8239158    47.5646203
  9.823895     47.5646588
  9.8238327    47.5647191
  9.8238198    47.5647405
  9.8238092    47.5647781
  9.8238051    47.5648547
  9.8237714    47.564886
  9.823687     47.5649136
  9.8236398    47.5649445
  9.8235072    47.5650822
  9.8234893    47.5651665
  9.823442     47.5651963
  9.8234239    47.5652507
  9.8233733    47.5653125
  9.8233466    47.5653359
  9.8233101    47.5653557
  9.8231654    47.5654083
  9.8231506    47.565433
  9.8231216    47.5655595
  9.823113     47.5655958
  9.8230615    47.5656748
  9.8230786    47.5657011
  9.8230721    47.5657354
  9.8230342    47.5657506
  9.823015     47.565765
  9.8229786    47.565857
  9.8229626    47.5658739
  9.8229268    47.5659143
  9.8229081    47.5659929
  9.8228776    47.56603
  9.8228504    47.5660684
  9.8228424    47.5660934
  9.8228433    47.566114
  9.8228537    47.5661784
  9.8228479    47.5662298
  9.8228155    47.5662703
  9.8227063    47.5663676
  9.8226843    47.5664061
  9.8227015    47.566435
  9.8227015    47.5664706
  9.8226887    47.566492
  9.822662     47.5665201
  9.8226526    47.5665394
  9.8226559    47.5665772
  9.8226524    47.5666172
  9.8226271    47.5666521
  9.8226007    47.5666733
  9.8225333    47.5667052
  9.8225002    47.5667295
  9.8224819    47.5667589
  9.8224795    47.5668104
  9.8224765    47.5668389
  9.8224668    47.5668639
  9.8224112    47.5669326
  9.8223878    47.5669653
  9.8223831    47.5669927
  9.8223897    47.5670329
  9.8223886    47.5670558
  9.8223706    47.5670795
  9.822322     47.567107
  9.8223008    47.5671295
  9.8222878    47.5671521
  9.822311     47.5671972
  9.8223108    47.5672374
  9.8222963    47.5672587
  9.8222623    47.5672981
  9.8222719    47.5673121
  9.8222907    47.5673434
  9.8222767    47.5673866
  9.8222384    47.5674843
  9.822203     47.5675178
  9.8221911    47.5675554
  9.8221906    47.5676023
  9.8221395    47.5676493
  9.8220577    47.5676979
  9.822053     47.5677288
  9.8220665    47.5678011
  9.8220667    47.5678687
  9.8221046    47.5679234
  9.8221094    47.5679648
  9.8220901    47.5680158
  9.8220535    47.5680746
  9.821932     47.5681831
  9.8219196    47.5682309
  9.8219236    47.5682882
  9.8219153    47.5683212
  9.8218819    47.568388
  9.8218646    47.5684289
  9.8217892    47.5684915
  9.8218161    47.568563
  9.8217698    47.5686514
  9.8217611    47.5686924
  9.821764     47.5687395
  9.8217776    47.5687706
  9.8219232    47.5689811
  9.8219462    47.5690263
  9.8219655    47.5691195
  9.8220061    47.5691913
  9.822012     47.5692465
  9.8220141    47.5694148
  9.8219496    47.569457
  9.8219413    47.5694922
  9.8218823    47.5695632
  9.821795     47.5696514
  9.8217886    47.5696826
  9.8219036    47.5698467
  9.8218934    47.5698869
  9.82185      47.5699195
  9.8217888    47.569932
  9.821594     47.5699349
  9.8214515    47.5699712
  9.8214277    47.5700686
  9.8214669    47.5700898
  9.8214421    47.5701456
  9.8212408    47.5702774
  9.8211577    47.570357
  9.8210703    47.5704548
  9.8210207    47.5705041
  9.8209977    47.5705607
  9.8209688    47.5706014
  9.8209017    47.5706629
  9.8208959    47.5706972
  9.8208335    47.5707463
  9.8207568    47.5708563
  9.8208342    47.5708876
  9.8208685    47.5708704
  9.8209402    47.5708732
  9.8210461    47.5709096
  9.821139     47.570961
  9.8211469    47.5710153
  9.8212076    47.5711302
  9.8212229    47.5711589
  9.8212697    47.5712057
  9.8213519    47.5712534
  9.8214433    47.5712829
  9.8215528    47.571323
  9.8216149    47.5713703
  9.8216314    47.5714152
  9.8216812    47.5714644
  9.8217413    47.5714817
  9.8218064    47.5714992
  9.8218974    47.5715023
  9.8220233    47.5714845
  9.8220861    47.5714743
  9.8222374    47.5714707
  9.8223442    47.5714721
  9.822469     47.5714888
  9.8225572    47.5715307
  9.8226457    47.5716401
  9.8226829    47.571713
  9.8227397    47.57182
  9.8227981    47.571887
  9.8229008    47.5719526
  9.8228877    47.5719913
  9.8228538    47.572066
  9.8228667    47.5721122
  9.8229267    47.5721305
  9.8230643    47.5721474
  9.8233236    47.5721657
  9.8233948    47.5721934
  9.8234574    47.5722269
  9.8235206    47.57225
  9.8236764    47.5723107
  9.8237515    47.5723673
  9.8238377    47.5724746
  9.8238829    47.5725081
  9.8239093    47.5725276
  9.8239815    47.5725811
  9.8239908    47.5725942
  9.8242027    47.5726029
  9.8243128    47.5726075
  9.8244444    47.5726339
  9.8245339    47.5726694
  9.8246699    47.5727235
  9.82471      47.572759
  9.8247947    47.5728337
  9.8248767    47.5729658
  9.8249242    47.5730193
  9.8250035    47.5730727
  9.8251857    47.5731764
  9.8253424    47.5732656
  9.825413     47.5733692
  9.8254642    47.5734445
  9.825525     47.5735368
  9.8257365    47.5737113
  9.8258042    47.5737874
  9.8258078    47.5737916
  9.8258462    47.5738462
  9.8258679    47.5739243
  9.8258728    47.5739611
  9.8258828    47.5740343
  9.8258937    47.5741189
  9.8259536    47.5745805
  9.8260475    47.5752866
  9.8260561    47.575352
  9.8261163    47.57581
  9.8261416    47.5760042
  9.8261466    47.5760418
  9.8262558    47.5761094
  9.8262001    47.5762519
  9.8262153    47.5763845
  9.8263232    47.5765237
  9.8265386    47.5766975
  9.8267452    47.576773
  9.8268443    47.5768859
  9.8269508    47.5771314
  9.8271117    47.5773637
  9.8271534    47.5775577
  9.8271578    47.5775786
  9.8271618    47.5775984
  9.8271056    47.5776674
  9.8270078    47.5777318
  9.8269297    47.577967
  9.8269859    47.5780851
  9.8270067    47.5781269
  9.8269912    47.5782699
  9.8269767    47.5784199
  9.8269647    47.5784949
  9.8270614    47.5784834
  9.8271623    47.578473
  9.8273748    47.5786381
  9.8273331    47.579275
  9.8272819    47.579972
  9.8268921    47.5800948
  9.8269242    47.5801659
  9.826805     47.5802394
  9.8267163    47.5802672
  9.8265921    47.5803062
  9.8263455    47.5803922
  9.8262115    47.5804281
  9.8261091    47.5804379
  9.8258132    47.5804146
  9.8256673    47.5803943
  9.825545     47.5804194
  9.8254303    47.5804721
  9.8253888    47.5805352
  9.8253967    47.5805869
  9.8245677    47.5809429
  9.8247886    47.5810366
  9.8248091    47.5811936
  9.8248458    47.5814716
  9.8248624    47.5817335
  9.8248268    47.5818873
  9.82477      47.5821884
  9.8247048    47.5825164
  9.824752     47.5825531
  9.8247531    47.5826023
  9.8247127    47.582638
  9.824692     47.5826788
  9.8247141    47.5827137
  9.8247878    47.5827622
  9.8249046    47.5827922
  9.824908     47.5828301
  9.8248554    47.582869
  9.824813     47.582907
  9.824773     47.5830413
  9.824751     47.5830797
  9.8246506    47.5831669
  9.8246389    47.5831987
  9.8245994    47.5832506
  9.8246033    47.5833068
  9.8245695    47.583346
  9.8244919    47.5833776
  9.8244602    47.5834066
  9.8244124    47.5834526
  9.8243312    47.5834921
  9.8242186    47.5835171
  9.8242085    47.5835524
  9.8242725    47.5835905
  9.8242928    47.5836252
  9.8243333    47.5837349
  9.8243959    47.5838405
  9.824458     47.5839587
  9.8244123    47.5839576
  9.8243572    47.5839828
  9.8243263    47.5840268
  9.8243027    47.5840617
  9.8243047    47.5840904
  9.8244193    47.584204
  9.8244534    47.5842689
  9.8245317    47.584328
  9.8245282    47.5843678
  9.8244634    47.5844168
  9.8244485    47.5844475
  9.8244567    47.5844866
  9.8244399    47.5845584
  9.8244331    47.5846681
  9.8245534    47.5846925
  9.8245832    47.5847436
  9.8245934    47.5847748
  9.8246       47.5848894
  9.8245657    47.5849333
  9.8245128    47.5849482
  9.8244924    47.5849844
  9.8245757    47.5851534
  9.8245523    47.5851861
  9.8244511    47.5853259
  9.8244752    47.5854203
  9.8244748    47.5854684
  9.8244482    47.5855651
  9.8244553    47.5855928
  9.8245197    47.5856985
  9.8245688    47.5858015
  9.8245928    47.5859394
  9.8245742    47.5860844
  9.8245358    47.5861844
  9.8244983    47.5862225
  9.8244417    47.586243
  9.8243783    47.5862611
  9.824397     47.5862936
  9.8243979    47.5863475
  9.8243808    47.586386
  9.8243395    47.5864057
  9.8242863    47.5864217
  9.8241752    47.5865224
  9.8241437    47.5865824
  9.8241145    47.5866986
  9.8240792    47.5867688
  9.8240206    47.5868271
  9.8240068    47.5868423
  9.8239085    47.5869506
  9.8238312    47.5870671
  9.8238141    47.5871045
  9.8237596    47.5871112
  9.8236045    47.5871363
  9.8234704    47.5871471
  9.8233551    47.5871844
  9.8232638    47.5872201
  9.8231874    47.5872596
  9.8230844    47.5873258
  9.8229712    47.5873576
  9.8228341    47.5873934
  9.8225593    47.5874444
  9.82238      47.5874471
  9.8222721    47.5874379
  9.822206     47.5874411
  9.8220519    47.5874787
  9.8218399    47.5875254
  9.8216308    47.5875447
  9.8214849    47.587554
  9.8213671    47.5875423
  9.8212525    47.5875329
  9.8211828    47.5875393
  9.8210375    47.5875715
  9.820894     47.5876015
  9.8208414    47.5876048
  9.8207741    47.5875965
  9.8207054    47.5875789
  9.8206316    47.5875681
  9.8205096    47.5875746
  9.8204396    47.5875822
  9.8203087    47.5876282
  9.8202297    47.587726
  9.8201617    47.5877714
  9.8200551    47.5878397
  9.8197334    47.5881274
  9.8196878    47.5881961
  9.8196459    47.588257
  9.8195601    47.5883167
  9.819455     47.5883578
  9.8192939    47.5883976
  9.8192116    47.5884198
  9.8190958    47.5885052
  9.8190036    47.5885603
  9.818733     47.5886628
  9.8184718    47.5887472
  9.8182918    47.5887947
  9.818104     47.5888305
  9.8179864    47.5888484
  9.8177293    47.5888826
  9.8175682    47.5888893
  9.8174774    47.5888793
  9.817342     47.5888464
  9.8170628    47.5887065
  9.8169456    47.5886468
  9.8168839    47.5886294
  9.8168161    47.5886313
  9.8167411    47.5886445
  9.8165056    47.5887547
  9.8164612    47.5887628
  9.8164092    47.5887513
  9.8162726    47.5886751
  9.8160613    47.5885321
  9.8159583    47.5884579
  9.8156229    47.5883302
  9.8155653    47.5882959
  9.81547      47.5881657
  9.8154205    47.5881429
  9.815324     47.588111
  9.8152183    47.5880904
  9.8150442    47.5880854
  9.8149451    47.5880739
  9.8147754    47.5880496
  9.8145526    47.5880022
  9.8144721    47.5879902
  9.8143565    47.5880002
  9.8142672    47.588029
  9.81414      47.5880685
  9.8140607    47.5881364
  9.8140154    47.5882325
  9.8139854    47.5883598
  9.8139738    47.5885299
  9.8139562    47.5885787
  9.813922     47.5886213
  9.8138699    47.5886487
  9.813748     47.5887214
  9.8136637    47.5887881
  9.813621     47.5888294
  9.8135056    47.5889056
  9.8134605    47.5889641
  9.8133988    47.5891204
  9.8133558    47.5891698
  9.8132913    47.5892083
  9.8132426    47.5892358
  9.8131927    47.5892884
  9.8131246    47.5893303
  9.8130577    47.5893528
  9.8129934    47.5893845
  9.8127445    47.5895297
  9.8126163    47.5895954
  9.8123951    47.5896899
  9.81232      47.5897019
  9.8121845    47.5896703
  9.8120695    47.5896666
  9.8120043    47.5896891
  9.8116631    47.5898518
  9.8115705    47.589876
  9.8110946    47.5899556
  9.811017     47.5899847
  9.8109151    47.5901012
  9.8108132    47.5903165
  9.8107568    47.5904278
  9.8107326    47.5905142
  9.8108612    47.5910715
  9.8108135    47.5911104
  9.8107535    47.5911262
  9.8106924    47.5911441
  9.8102927    47.5913136
  9.8102603    47.5913917
  9.810233     47.5914619
  9.8102029    47.5915252
  9.8101371    47.5915569
  9.8100775    47.5915658
  9.8099946    47.5915984
  9.8098576    47.5917026
  9.8097561    47.5917403
  9.8092954    47.5917825
  9.8092067    47.5918
  9.8091557    47.591839
  9.8091387    47.5918739
  9.8091427    47.59193
  9.809187     47.592307
  9.809125     47.5923651
  9.8090585    47.5923773
  9.8089954    47.5923873
  9.8085684    47.5924336
  9.8084355    47.5924547
  9.8083564    47.5924827
  9.8077085    47.5927893
  9.8076619    47.5928465
  9.807489     47.5931306
  9.8074208    47.593177
  9.8073193    47.5932113
  9.8071878    47.5932381
  9.8070763    47.5932653
  9.8070102    47.5933061
  9.8068003    47.5935505
  9.8067144    47.5936125
  9.8066199    47.5936379
  9.8064816    47.5936657
  9.8064385    47.593683
  9.8061489    47.5938627
  9.806108     47.5939052
  9.8060546    47.5940286
  9.8060096    47.5940848
  9.8059533    47.5941269
  9.8058647    47.5941751
  9.8057119    47.5942208
  9.8054638    47.5942404
  9.8051257    47.5942043
  9.8048246    47.5941655
  9.8046999    47.5941901
  9.8045261    47.5943222
  9.8043519    47.5945297
  9.8043134    47.5946237
  9.8043094    47.5946727
  9.8043312    47.5948492
  9.8043035    47.5948977
  9.8042591    47.5949379
  9.8039816    47.595079
  9.8038725    47.5951303
  9.8036966    47.5951641
  9.8034131    47.5952537
  9.8032214    47.5953328
  9.8030819    47.5954176
  9.8027177    47.5957364
  9.8026002    47.5958228
  9.8024748    47.5958943
  9.802334     47.5959391
  9.8022031    47.5959511
  9.8020685    47.5959343
  9.8019687    47.5959023
  9.8017968    47.5958184
  9.8017168    47.5957926
  9.8015376    47.5957566
  9.8014609    47.5957539
  9.8013942    47.595763
  9.8013092    47.5957797
  9.8012641    47.5957852
  9.8011977    47.5957919
  9.801117     47.5957958
  9.8010686    47.5957936
  9.8009435    47.595773
  9.8007249    47.5957076
  9.8006201    47.5956829
  9.8005469    47.59567
  9.8004904    47.5956639
  9.8004224    47.5956699
  9.8003433    47.5956921
  9.800327     47.595703
  9.8002856    47.595731
  9.8002494    47.5957687
  9.8002223    47.5958164
  9.8002155    47.5958439
  9.8002183    47.5958741
  9.8002619    47.5959827
  9.8002655    47.5960144
  9.800254     47.5960483
  9.8002131    47.5960788
  9.8001522    47.5960933
  9.8000959    47.5961008
  9.7999863    47.5961014
  9.7999295    47.5960966
  9.7998892    47.5960772
  9.7998399    47.5960449
  9.7998179    47.5960148
  9.7997908    47.5959711
  9.7997791    47.5959057
  9.7997801    47.5958315
  9.7996725    47.5957301
  9.7996326    47.5956916
  9.7996169    47.5956573
  9.799585     47.5955902
  9.799545     47.5955243
  9.7994152    47.595423
  9.7993058    47.5953234
  9.7992017    47.5952217
  9.7991042    47.5951029
  9.7990265    47.5950314
  9.7988053    47.5948847
  9.7986012    47.594767
  9.7984614    47.5947009
  9.7983097    47.5946191
  9.798226     47.5945877
  9.7980299    47.5945141
  9.7978011    47.5944541
  9.7975425    47.5943994
  9.7972936    47.5943654
  9.7970465    47.5943451
  9.7968742    47.5943275
  9.7965922    47.5942767
  9.7964303    47.5942342
  9.7962866    47.5941769
  9.7961813    47.5941216
  9.7960901    47.5940475
  9.7960298    47.5939672
  9.7960014    47.59389
  9.7959678    47.5938149
  9.7959176    47.5937454
  9.79584      47.5936904
  9.7957507    47.593661
  9.7956725    47.593656
  9.7955868    47.5936717
  9.7954779    47.5937088
  9.795318     47.5938033
  9.7952349    47.5938573
  9.7950726    47.5939876
  9.7948711    47.5942084
  9.7947311    47.5943046
  9.7945576    47.5943839
  9.7944526    47.5944066
  9.7942385    47.5943962
  9.7940084    47.5943617
  9.7939174    47.5943306
  9.7937824    47.5942593
  9.7935333    47.5940819
  9.7933052    47.5939427
  9.7931764    47.5938993
  9.7930736    47.5938956
  9.7929679    47.5939253
  9.7928959    47.593964
  9.7928315    47.5939833
  9.7927433    47.5939913
  9.7924502    47.5939394
  9.7923207    47.5938899
  9.7921297    47.5937979
  9.7920283    47.593729
  9.7917344    47.5935761
  9.7916455    47.5935336
  9.7915147    47.5935167
  9.7913894    47.5935247
  9.7913363    47.5935535
  9.7912838    47.5936011
  9.7912418    47.5937252
  9.7911942    47.5937658
  9.7911341    47.5937856
  9.7910417    47.5937861
  9.7909402    47.5937705
  9.7907653    47.5937129
  9.7905904    47.5936374
  9.7904414    47.5935572
  9.7903917    47.5935393
  9.7903301    47.5935332
  9.790242     47.5935355
  9.7901524    47.5935742
  9.7900803    47.5936313
  9.7900181    47.5937233
  9.7899838    47.5938045
  9.7899691    47.5938772
  9.7899656    47.5939715
  9.7899215    47.5941088
  9.7898757    47.5941396
  9.7897509    47.594155
  9.7897279    47.5941567
  9.7895549    47.5941163
  9.7892189    47.5940484
  9.7888865    47.5940182
  9.7885398    47.5940162
  9.7880737    47.5940398
  9.7878166    47.5940404
  9.7875825    47.5940516
  9.7874688    47.5940647
  9.7873271    47.5941025
  9.7871093    47.5941881
  9.7868772    47.5942907
  9.786757     47.5942922
  9.7866626    47.5942862
  9.7865819    47.5942644
  9.7863315    47.5941693
  9.7861766    47.5940972
  9.7860294    47.5940025
  9.7858146    47.5938497
  9.7855621    47.5937167
  9.7854234    47.5936633
  9.78531      47.5936474
  9.7852097    47.5936527
  9.7850902    47.5937154
  9.784987     47.593812
  9.7849428    47.5938708
  9.7849098    47.5939372
  9.7847985    47.5941943
  9.7847574    47.5943321
  9.7846484    47.5945519
  9.7845792    47.5946288
  9.7845061    47.5946795
  9.7843477    47.5947392
  9.7842214    47.5947633
  9.7840947    47.5947602
  9.7840144    47.5947338
  9.783938     47.5946903
  9.7833918    47.5943009
  9.7832894    47.5942617
  9.7831751    47.5942314
  9.7830606    47.5942099
  9.7829654    47.5941917
  9.7826245    47.5941485
  9.7824694    47.5941482
  9.7823331    47.5941393
  9.7821755    47.5941701
  9.7820322    47.5942217
  9.7819486    47.594253
  9.7818434    47.5942972
  9.7817399    47.5943504
  9.781445     47.5945124
  9.7814016    47.5945296
  9.7813082    47.5945011
  9.7812228    47.5944303
  9.7810809    47.5943593
  9.7810287    47.5943119
  9.7810209    47.5941532
  9.7809497    47.5940574
  9.7808731    47.5940242
  9.7807649    47.5940202
  9.7806617    47.5940197
  9.7805043    47.5940207
  9.7803686    47.5940346
  9.7802338    47.5940657
  9.7800983    47.5941172
  9.7799138    47.594217
  9.7797571    47.5942945
  9.7795755    47.5943646
  9.7794787    47.5944203
  9.7793571    47.5945108
  9.7792298    47.5947083
  9.7792186    47.594806
  9.7790746    47.5950019
  9.7790152    47.5951047
  9.7789131    47.5952698
  9.7787864    47.5954082
  9.7786847    47.5954615
  9.7784575    47.5954774
  9.777781     47.59542
  9.7776457    47.5954168
  9.7775647    47.5954245
  9.7774459    47.5954356
  9.7773553    47.5954443
  9.7771962    47.5954509
  9.7770456    47.5954485
  9.7769663    47.5954393
  9.7768404    47.5954093
  9.7767815    47.5953565
  9.7767202    47.5952197
  9.7766472    47.5949162
  9.7766001    47.5948346
  9.7765181    47.5947505
  9.7763432    47.5946386
  9.7762168    47.5945156
  9.7763318    47.5941237
  9.7763964    47.5939158
  9.776374     47.5937327
  9.7763154    47.5936132
  9.776238     47.5935048
  9.7761568    47.5934577
  9.7760373    47.5934412
  9.7759363    47.5934224
  9.7758479    47.5933891
  9.7757535    47.5933236
  9.7749809    47.592532
  9.7746573    47.5922005
  9.7744939    47.592029
  9.7742861    47.5918729
  9.7741176    47.5917561
  9.7739584    47.59166
  9.7738648    47.5915821
  9.7731861    47.5908581
  9.7727819    47.5904614
  9.7725838    47.590269
  9.7724657    47.5901118
  9.7724059    47.5899831
  9.7722396    47.5894132
  9.7722104    47.5893271
  9.7721375    47.5892347
  9.7719193    47.5890852
  9.7717417    47.5889842
  9.7715295    47.5888672
  9.7712702    47.588793
  9.7711626    47.5887883
  9.7709836    47.5887441
  9.7704452    47.588687
  9.7697292    47.5886682
  9.7695764    47.5886631
  9.7694887    47.5886272
  9.7694256    47.5885486
  9.76941      47.5884594
  9.7694374    47.5883513
  9.7695338    47.5881489
  9.7695536    47.5879387
  9.7694207    47.5874639
  9.7693306    47.5873852
  9.7692503    47.587361
  9.7691098    47.58736
  9.7687602    47.5874412
  9.7686305    47.5874843
  9.768444     47.5876107
  9.7683088    47.5877783
  9.7682393    47.5879386
  9.7680175    47.5881716
  9.7678952    47.5882816
  9.7677227    47.5884284
  9.7676325    47.5884981
  9.7675377    47.5885579
  9.7674183    47.5886199
  9.7672433    47.5887315
  9.7671251    47.5888119
  9.7669674    47.5889389
  9.766814     47.5890695
  9.7666788    47.5891586
  9.7665903    47.5892222
  9.7664312    47.5892651
  9.7662554    47.5893042
  9.7660508    47.5892976
  9.7659282    47.5892624
  9.7657452    47.5891892
  9.7656021    47.5890994
  9.7654629    47.5889014
  9.7653489    47.5887224
  9.7653679    47.5886977
  9.7651978    47.5882489
  9.7651325    47.5876003
  9.7651296    47.5872932
  9.7652022    47.5869553
  9.7652712    47.5866768
  9.7654056    47.5864152
  9.7655971    47.5861089
  9.7658066    47.5858257
  9.765961     47.5856192
  9.7660127    47.5854955
  9.7659195    47.5853502
  9.7657905    47.5853174
  9.7652768    47.5853014
  9.7650524    47.5853332
  9.7649179    47.5854054
  9.7648194    47.5855112
  9.7647806    47.5855733
  9.7646564    47.5857711
  9.7645739    47.585908
  9.7643915    47.5861601
  9.7641741    47.5864113
  9.7639436    47.586507
  9.763799     47.5865177
  9.7636236    47.5864954
  9.763245     47.5863882
  9.7630788    47.5862836
  9.7629689    47.5861769
  9.76285      47.5859887
  9.7627045    47.5857407
  9.7626695    47.5856264
  9.7625292    47.5848859
  9.7623937    47.5847204
  9.7618107    47.5842034
  9.7614984    47.5839816
  9.7612358    47.5838837
  9.7610477    47.5838119
  9.7607204    47.5835862
  9.7606797    47.5835084
  9.7606902    47.5834192
  9.7608316    47.5830462
  9.7609406    47.582676
  9.7610576    47.5823964
  9.7612558    47.5820605
  9.7615065    47.5817502
  9.7617124    47.5815876
  9.7618592    47.5815104
  9.7620213    47.5814015
  9.7620794    47.5812554
  9.7620768    47.5811304
  9.7619689    47.5809636
  9.76181      47.5809121
  9.7606907    47.5807101
  9.7604348    47.5806409
  9.7601203    47.5805106
  9.7597756    47.5803199
  9.7593024    47.58005
  9.7589838    47.5799299
  9.7588153    47.5798953
  9.7583306    47.5798633
  9.7576364    47.5798381
  9.7567248    47.5798834
  9.7565726    47.5798585
  9.7564217    47.5797592
  9.7563266    47.5796315
  9.7563019    47.5795118
  9.7562277    47.5792909
  9.7560554    47.5789079
  9.7559216    47.5785067
  9.7558006    47.5779248
  9.7557192    47.5771653
  9.7556871    47.5769226
  9.7556051    47.5766912
  9.7554727    47.5764022
  9.7554124    47.5761496
  9.7554062    47.5759754
  9.7554206    47.5758543
  9.7554482    47.5756798
  9.7555216    47.5754219
  9.7556297    47.5751763
  9.7557866    47.5749631
  9.7558681    47.5748188
  9.756066     47.5743512
  9.7561875    47.5740522
  9.756287     47.5737606
  9.7563449    47.5735484
  9.7563845    47.5733818
  9.7564389    47.5731565
  9.75647      47.5729529
  9.7564738    47.5728414
  9.7564395    47.5727671
  9.7563057    47.5726278
  9.7560353    47.5723594
  9.7557807    47.5721964
  9.7556685    47.572153
  9.7555271    47.5721445
  9.7553629    47.5721524
  9.7551977    47.5721742
  9.7550998    47.572199
  9.7548128    47.5722791
  9.754437     47.5724025
  9.7540949    47.5724707
  9.7538281    47.5724986
  9.7535707    47.5724823
  9.7533449    47.5724449
  9.753075     47.5723835
  9.7515849    47.5720642
  9.7513919    47.5719924
  9.7513385    47.5719525
  9.7512659    47.5718982
  9.7511843    47.5717974
  9.7511294    47.5716756
  9.7510407    47.5714451
  9.7508723    47.5712456
  9.750745     47.5712031
  9.7506133    47.5711752
  9.7500812    47.5710949
  9.7494963    47.5710206
  9.7493138    47.5710026
  9.7491201    47.5709595
  9.7490214    47.5709375
  9.74881      47.5708794
  9.7484325    47.570755
  9.7482563    47.5706805
  9.7481551    47.5706219
  9.7480649    47.5705239
  9.7480262    47.570434
  9.7480016    47.5703283
  9.7480153    47.5702848
  9.7480446    47.5701933
  9.748306     47.5697064
  9.7484708    47.5695199
  9.7487123    47.5693439
  9.7489031    47.5692334
  9.7491461    47.5691455
  9.7495214    47.5690404
  9.7499025    47.5689552
  9.7501247    47.5689182
  9.7502415    47.5688935
  9.750568     47.5688082
  9.7508218    47.5687503
  9.7509942    47.5686951
  9.7514566    47.5685135
  9.751599     47.5684444
  9.7517327    47.5683642
  9.7518436    47.5682279
  9.7520092    47.5678974
  9.7520929    47.5675564
  9.7520662    47.5674668
  9.7519295    47.5672771
  9.751731     47.5671319
  9.7516102    47.5670675
  9.7512854    47.566829
  9.7510328    47.5666766
  9.7508407    47.5665694
  9.7505995    47.5664621
  9.7502655    47.5663773
  9.7498858    47.5662754
  9.7496662    47.5661893
  9.7493954    47.5660598
  9.7490233    47.5658402
  9.7488592    47.5657317
  9.7487216    47.5656238
  9.7485949    47.5655394
  9.7483992    47.5654259
  9.7482737    47.5653128
  9.7480438    47.5650672
  9.7478279    47.5648318
  9.747581     47.5645454
  9.747482     47.56444
  9.7473607    47.5642901
  9.7472995    47.5641387
  9.7472388    47.5639738
  9.7471807    47.5637181
  9.747144     47.5634566
  9.7471605    47.5632599
  9.7471499    47.5630735
  9.7471391    47.5627963
  9.7471304    47.56269
  9.7470955    47.5625426
  9.747061     47.5622631
  9.7471011    47.5618537
  9.747195     47.5615543
  9.7472406    47.5612673
  9.7472325    47.561189
  9.7472246    47.5611132
  9.7471771    47.56098
  9.7470584    47.5607438
  9.7469193    47.5605774
  9.7468149    47.5605025
  9.7466792    47.5604143
  9.7462574    47.56021
  9.7460176    47.5600982
  9.7458471    47.5600149
  9.745671     47.5599106
  9.7453782    47.5597016
  9.7451032    47.5595163
  9.7448944    47.5593952
  9.7445749    47.5592864
  9.7443686    47.5592302
  9.7439957    47.559095
  9.7435814    47.5589434
  9.7434808    47.5588725
  9.7434285    47.5588072
  9.7433711    47.5586655
  9.7433361    47.5584446
  9.7433486    47.5581973
  9.7434013    47.558022
  9.7435161    47.5578867
  9.7436695    47.5578114
  9.7439257    47.5577563
  9.7442335    47.5577056
  9.7449477    47.5575973
  9.7454194    47.5575346
  9.7459663    47.5574257
  9.746358     47.5573094
  9.7464585    47.5572573
  9.7467584    47.55705
  9.7469681    47.5568698
  9.7471601    47.5566685
  9.7472402    47.5565343
  9.7472809    47.5563902
  9.7472969    47.5562052
  9.7472337    47.555945
  9.7470841    47.555687
  9.7469114    47.5554886
  9.7467667    47.5553363
  9.7465278    47.5552052
  9.7463458    47.5551144
  9.7460573    47.5549621
  9.7456683    47.5547979
  9.7453892    47.5547097
  9.7451807    47.5546768
  9.7450311    47.5546936
  9.7448198    47.5547551
  9.7447139    47.5547849
  9.7445244    47.5548515
  9.7443665    47.5549107
  9.7442006    47.5549605
  9.7438585    47.5550797
  9.7436701    47.5551315
  9.7432519    47.5551887
  9.7430462    47.5552263
  9.7428672    47.5552307
  9.7424935    47.5551656
  9.7420389    47.5550489
  9.7418577    47.5549328
  9.7416897    47.5548801
  9.7414068    47.5545895
  9.7412772    47.5545017
  9.7410251    47.5542594
  9.7409222    47.5540865
  9.7408425    47.5538718
  9.7407746    47.5536573
  9.7406687    47.553433
  9.7406238    47.5532694
  9.7406234    47.5532657
  9.7406018    47.5531016
  9.7405687    47.55276
  9.7405712    47.5524236
  9.7405933    47.5522191
  9.7406284    47.552083
  9.7406526    47.5519819
  9.7406292    47.5517853
  9.7405735    47.551723
  9.7404929    47.5516486
  9.7402193    47.5514921
  9.7401202    47.5513984
  9.7399294    47.5512435
  9.7397677    47.5511764
  9.7395344    47.5511188
  9.7392124    47.5510463
  9.7389481    47.5509685
  9.7386984    47.5508728
  9.7385855    47.5508046
  9.7385141    47.5507159
  9.7384877    47.5506831
  9.7384321    47.5505912
  9.7384164    47.5505657
  9.7383614    47.5504315
  9.7383344    47.5503908
  9.7382787    47.550307
  9.7382234    47.5502105
  9.7380101    47.5496959
  9.7379409    47.5495122
  9.7378766    47.5491787
  9.7377381    47.5485688
  9.7376895    47.5484406
  9.7375979    47.5482928
  9.7374881    47.548171
  9.7371198    47.5479006
  9.7369963    47.5478127
  9.7363674    47.5475492
  9.7361024    47.5474255
  9.7360689    47.5474081
  9.7359735    47.5473584
  9.7359037    47.5473221
  9.735895     47.5473173
  9.735818     47.547275
  9.7357531    47.5472393
  9.7356939    47.5472067
  9.7355309    47.5470994
  9.7354445    47.5470137
  9.7353087    47.546842
  9.7351711    47.5466141
  9.7351082    47.5464364
  9.7350912    47.5463595
  9.7350475    47.5461624
  9.7350195    47.5459032
  9.7350884    47.545572
  9.735325     47.5450531
  9.7357906    47.5439613
  9.7359178    47.5436467
  9.7359712    47.5433848
  9.7359719    47.5432476
  9.7359754    47.5430612
  9.7359456    47.5427778
  9.7359454    47.542776
  9.7359209    47.5426423
  9.7358267    47.5423309
  9.7357357    47.5419922
  9.7357031    47.541877
  9.7357121    47.5417777
  9.7358455    47.5413785
  9.7359612    47.5411527
  9.7361207    47.5408628
  9.7362038    47.5406408
  9.7362234    47.5405017
  9.736274     47.5402891
  9.7363064    47.5400062
  9.7362798    47.5396338
  9.7361879    47.5389747
  9.7360819    47.5382043
  9.736037     47.5377318
  9.7360511    47.5375079
  9.736108     47.5373653
  9.7361878    47.5372358
  9.7363348    47.5370795
  9.7363532    47.5370533
  9.7364251    47.5369497
  9.7364436    47.536921
  9.7364771    47.5368634
  9.7365404    47.5367519
  9.7366645    47.5365858
  9.7366707    47.5365755
  9.7367629    47.5364225
  9.7368066    47.5362417
  9.7368314    47.5360684
  9.7368438    47.5358733
  9.7368288    47.5356577
  9.7367935    47.5354098
  9.7367142    47.5351022
  9.7366082    47.5348524
  9.7364616    47.5346929
  9.73632      47.5345679
  9.7361455    47.5344547
  9.7360677    47.5344124
  9.7360594    47.5344079
  9.7359971    47.5343742
  9.7359754    47.5343625
  9.7358943    47.5343182
  9.7358194    47.534278
  9.7355487    47.5341668
  9.7352249    47.5340669
  9.7347836    47.5339558
  9.734017     47.5338042
  9.7335391    47.5337139
  9.7333603    47.5336829
  9.7330948    47.5336565
  9.7327823    47.5336621
  9.7323887    47.5336953
  9.7321083    47.5337264
  9.7320129    47.5337561
  9.7318592    47.5338026
  9.7316626    47.5338521
  9.7315544    47.5338892
  9.7313363    47.5339649
  9.7311161    47.5340245
  9.7310016    47.5340519
  9.7308587    47.5340691
  9.7307125    47.5340864
  9.7305271    47.5340827
  9.7303002    47.5340605
  9.7301148    47.5340233
  9.7299934    47.5339979
  9.7298661    47.5339688
  9.7296609    47.5339216
  9.7294445    47.5338609
  9.7293718    47.5338396
  9.7291749    47.5338017
  9.7290284    47.5337537
  9.728958     47.5337306
  9.7283958    47.5335698
  9.6803509    47.5233579
  9.6639731    47.5258271
  9.6305632    47.530928
  9.6059485    47.5346857
  9.5649996    47.5409365
  9.5587204    47.5418932
  9.5618255    47.5045585
  9.5612987    47.5000845
  9.5612549    47.4993162
  9.5613034    47.498548
  9.561444     47.497785
  9.5616756    47.4970323
  9.5619967    47.4962948
  9.5624053    47.4955775
  9.5626683    47.4952089
  9.5628985    47.4948851
  9.5634732    47.4942222
  9.5641255    47.4935931
  9.5648512    47.493002
  9.5656453    47.4924529
  9.5665026    47.4919494
  9.5766773    47.48645
  9.5787171    47.4853472
  9.5792268    47.4850609
  9.5797185    47.4847605
  9.5801912    47.4844465
  9.5806445    47.4841194
  9.5810772    47.4837799
  9.5814887    47.4834284
  9.5818749    47.4830658
  9.5822386    47.4826927
  9.5825792    47.4823097
  9.582896     47.4819174
  9.5831886    47.4815166
  9.5834566    47.4811079
  9.5929597    47.465846
  9.5932131    47.4654726
  9.5934871    47.4651061
  9.5937813    47.4647469
  9.5940809    47.4644101
  9.5946985    47.4637296
  9.5948785    47.4635443
  9.595075     47.4633668
  9.5952872    47.463198
  9.5955144    47.4630384
  9.5957557    47.4628885
  9.5960102    47.462749
  9.5962768    47.4626204
  9.5965546    47.4625032
  9.5968426    47.4623978
  9.5971396    47.4623046
  9.5974445    47.4622241
  9.5977561    47.4621564
  9.600351     47.4616525
  9.6004828    47.4616294
  9.6006162    47.4616108
  9.6007509    47.461597
  9.6008864    47.4615877
  9.6010224    47.4615834
  9.6011586    47.4615837
  9.6012945    47.4615887
  9.60143      47.4615985
  9.6015645    47.4616131
  9.6016977    47.4616321
  9.6018293    47.461656
  9.601959     47.4616843
  9.6021686    47.4617387
  9.6023734    47.461801
  9.60267      47.4619089
  9.6028599    47.4619901
  9.6030426    47.4620784
  9.6033643    47.4622588
  9.6035868    47.4624005
  9.603798     47.4625499
  9.6039975    47.4627065
  9.6041846    47.4628701
  9.6043588    47.46304
  9.6045197    47.4632159
  9.6046668    47.4633972
  9.6047998    47.4635835
  9.6049181    47.4637742
  9.6050216    47.4639689
  9.60511      47.464167
  9.6054271    47.4649513
  9.605615     47.465443
  9.6057824    47.4659381
  9.605929     47.4664364
  9.6060549    47.4669371
  9.6061598    47.4674403
  9.6062437    47.4679452
  9.6064522    47.4693809
  9.6064751    47.4694913
  9.6065113    47.4696001
  9.6065607    47.4697064
  9.6066228    47.4698097
  9.6066974    47.4699091
  9.6067837    47.470004
  9.6068814    47.4700937
  9.6069896    47.4701777
  9.6071077    47.4702553
  9.6072349    47.470326
  9.6072467    47.4703315
  9.6073702    47.4703894
  9.6075128    47.470445
  9.6076617    47.4704924
  9.6078159    47.4705313
  9.6079741    47.4705614
  9.6081358    47.4705826
  9.6082993    47.4705947
  9.6084637    47.4705974
  9.6086279    47.4705911
  9.6087908    47.4705755
  9.6091507    47.4705208
  9.609503     47.4704469
  9.6098455    47.4703542
  9.6101761    47.4702434
  9.6104927    47.4701151
  9.6107932    47.4699703
  9.6110759    47.4698097
  9.6113388    47.4696343
  9.6115803    47.4694455
  9.611799     47.4692442
  9.6119935    47.4690317
  9.6121624    47.4688095
  9.6163787    47.4626791
  9.6166602    47.4623076
  9.6169669    47.4619456
  9.6171849    47.4617098
  9.617532     47.4613648
  9.6204979    47.4585586
  9.6206572    47.4584155
  9.6208269    47.458278
  9.6210064    47.4581463
  9.6211954    47.458021
  9.6213933    47.4579022
  9.6215998    47.4577902
  9.6218141    47.4576853
  9.6221495    47.4575419
  9.6223815    47.4574559
  9.6227405    47.4573418
  9.6229864    47.4572761
  9.6240058    47.4570253
  9.624511     47.456919
  9.6247664    47.4568722
  9.6252818    47.4567918
  9.6258027    47.4567289
  9.6263273    47.4566837
  9.6268548    47.4566563
  9.6386673    47.4562419
  9.6391474    47.4562222
  9.6398533    47.4561821
  9.6428036    47.4559798
  9.6433827    47.4559315
  9.64396      47.4558746
  9.6448223    47.4557731
  9.6456792    47.4556522
  9.6544209    47.4542485
  9.6553694    47.4540446
  9.65626      47.4537469
  9.6574898    47.4532558
  9.6580793    47.4529686
  9.6585818    47.4526127
  9.65898      47.4522006
  9.6592616    47.4517474
  9.6594353    47.4513799
  9.6590415    47.4491186
  9.6579908    47.4477871
  9.6509457    47.4427432
  9.6499699    47.4420454
  9.6495578    47.4417622
  9.6489927    47.4413953
  9.6487035    47.4412167
  9.6481843    47.4409047
  9.6479644    47.4407637
  9.6477504    47.4406186
  9.6475427    47.4404694
  9.6473413    47.4403163
  9.6471464    47.4401593
  9.6469583    47.4399986
  9.6467769    47.4398343
  9.6466025    47.4396665
  9.6464353    47.4394955
  9.6462752    47.4393213
  9.6461228    47.4391441
  9.6459058    47.4388779
  9.6456962    47.438609
  9.6454943    47.4383375
  9.6452998    47.4380636
  9.6451771    47.4378797
  9.6450621    47.4376936
  9.6449547    47.4375053
  9.6448552    47.4373151
  9.6447637    47.437123
  9.6446801    47.4369293
  9.6446044    47.4367337
  9.6445369    47.4365368
  9.6444775    47.4363387
  9.6444262    47.4361395
  9.6443835    47.4359395
  9.6443489    47.4357387
  9.6443048    47.4353358
  9.6442941    47.4349318
  9.6443168    47.4345281
  9.6443729    47.4341259
  9.6444622    47.4337265
  9.6445844    47.433331
  9.644821     47.4326621
  9.6449032    47.4324481
  9.6450387    47.4321293
  9.6451885    47.4318134
  9.6453528    47.431501
  9.6483214    47.426108
  9.6486117    47.4255628
  9.6488846    47.4250135
  9.6491401    47.4244603
  9.6494902    47.4236239
  9.6498005    47.4227805
  9.6500705    47.4219307
  9.6503       47.4210755
  9.6504888    47.4202156
  9.6506367    47.4193521
  9.6509828    47.4170018
  9.651058     47.4164204
  9.6518735    47.4087184
  9.6519008    47.4083592
  9.6519092    47.4078823
  9.6519001    47.4072885
  9.6518718    47.4066949
  9.6518503    47.4063983
  9.6517932    47.4058057
  9.6517574    47.4055098
  9.6516715    47.4049189
  9.6516213    47.4046239
  9.654378     47.4043973
  9.6546896    47.4039072
  9.6565705    47.4012777
  9.6573366    47.4001548
  9.6587401    47.3985843
  9.660092     47.3975436
  9.6614605    47.3968003
  9.6624456    47.3963923
  9.664014     47.3958532
  9.6693528    47.3941232
  9.6706122    47.3936795
  9.6710236    47.3934857
  9.671854     47.3930588
  9.6724585    47.3926194
  9.6731151    47.3919387
  9.6734276    47.391527
  9.6735601    47.3912944
  9.6738253    47.3908288
  9.6740866    47.3901467
  9.6741399    47.3893018
  9.6739453    47.3854114
  9.6738487    47.3838725
  9.6733555    47.3815082
  9.6731447    47.3810636
  9.6725508    47.3802037
  9.6712281    47.3784913
  9.6706139    47.3777914
  9.6702564    47.3774348
  9.6658876    47.3736401
  9.6646411    47.3726585
  9.6634046    47.3717598
  9.6624131    47.3710786
  9.6604227    47.3701281
  9.6587622    47.369459
  9.6567451    47.3688236
  9.6538705    47.3680782
  9.6505382    47.3675395
  9.6495304    47.3674435
  9.6485197    47.3673813
  9.6474996    47.367348
  9.6462947    47.3673492
  9.6447342    47.3673649
  9.6428907    47.3673943
  9.639464     47.3674954
  9.6369019    47.3674801
  9.6353761    47.3673676
  9.6336055    47.3671294
  9.632299     47.3668467
  9.6304012    47.3664163
  9.6284086    47.3658857
  9.6262766    47.3650783
  9.6244634    47.3661427
  9.6224075    47.364526
  9.6211618    47.3635667
  9.6196605    47.3624343
  9.6107368    47.3557033
  9.6057669    47.3518574
  9.6054034    47.3515692
  9.6050498    47.3512752
  9.6047067    47.3509757
  9.6042115    47.3505163
  9.6038948    47.3502036
  9.6007938    47.3469849
  9.6006297    47.3468097
  9.6004722    47.3466315
  9.6003215    47.3464506
  9.6001778    47.3462672
  9.6000409    47.3460813
  9.5999112    47.3458931
  9.5997886    47.3457026
  9.5996732    47.3455102
  9.5995651    47.3453158
  9.5994644    47.3451195
  9.5993712    47.3449216
  9.5992854    47.3447221
  9.5963404    47.3375254
  9.595102     47.3344987
  9.5947884    47.3337188
  9.5944852    47.3329369
  9.5925699    47.3279057
  9.5893079    47.3192584
  9.5892372    47.3190809
  9.5891594    47.3189046
  9.5890745    47.3187299
  9.5889826    47.3185568
  9.5888838    47.3183855
  9.5887782    47.318216
  9.5886658    47.3180486
  9.5885467    47.3178834
  9.5884211    47.3177204
  9.5882889    47.3175598
  9.5881504    47.3174018
  9.5880056    47.3172463
  9.583892     47.3129603
  9.5836466    47.3127136
  9.5833893    47.3124725
  9.5831205    47.3122374
  9.5828403    47.3120084
  9.5825491    47.3117858
  9.5822473    47.3115701
  9.5819352    47.3113612
  9.581613     47.3111595
  9.5812812    47.3109651
  9.5809402    47.3107783
  9.5805902    47.3105993
  9.5802317    47.3104281
  9.5794431    47.3100708
  9.5788069    47.3097903
  9.5661956    47.3043996
  9.5658888    47.3042626
  9.5655903    47.3041174
  9.5653998    47.3040183
  9.5651837    47.3038991
  9.5648696    47.3037122
  9.5592213    47.300195
  9.5574554    47.2990953
  9.557095     47.2988591
  9.5567526    47.2986109
  9.556429     47.2983513
  9.5561252    47.2980809
  9.5558417    47.2978004
  9.5555793    47.2975105
  9.5553389    47.297212
  9.5551209    47.2969056
  9.5549258    47.2965922
  9.5547543    47.2962724
  9.5546066    47.2959472
  9.5544833    47.2956173
  9.5521812    47.2887328
  9.5520797    47.2884432
  9.5519695    47.2881551
  9.5518506    47.2878685
  9.5517229    47.2875837
  9.5515866    47.2873008
  9.5514417    47.2870198
  9.5512883    47.286741
  9.5511265    47.2864644
  9.5509562    47.2861901
  9.5507776    47.2859183
  9.5505909    47.2856491
  9.5503959    47.2853825
  9.5493328    47.2839693
  9.5463563    47.2802338
  9.5462946    47.2801591
  9.5461607    47.2800139
  9.5460134    47.2798748
  9.5458535    47.2797423
  9.5456816    47.279617
  9.5454984    47.2794994
  9.5434419    47.2783366
  9.5403547    47.2765936
  9.5401574    47.2764856
  9.5398894    47.2763456
  9.5396159    47.2762105
  9.5331401    47.2730915
  9.532947     47.2729886
  9.5328114    47.2729039
  9.5327261    47.2728439
  9.5326056    47.2727491
  9.5320242    47.2722554
  9.5318706    47.2721123
  9.5317052    47.2719318
  9.5311454    47.2712644
  9.5310147    47.2710944
  9.5309559    47.2710074
  9.5308764    47.2708739
  9.5308292    47.2707834
  9.5307327    47.2705751
END
END
