polygon
1
  20.6969247   38.9245462
  20.7425356   38.9348803
  20.7492304   38.9370167
  20.7526637   38.9392866
  20.7557536   38.9432921
  20.7588435   38.9491664
  20.7603884   38.9542393
  20.7614184   38.95771
  20.7627917   38.9603797
  20.7651949   38.9623819
  20.7679415   38.9629158
  20.7734347   38.961848
  20.7790995   38.9591783
  20.785451    38.9559747
  20.7883692   38.9531714
  20.7926608   38.9488994
  20.7964373   38.9456953
  20.8002139   38.9428916
  20.804677    38.9404883
  20.8112002   38.9387525
  20.8170367   38.938352
  20.8213282   38.9384855
  20.8283663   38.9394201
  20.8343745   38.9411559
  20.8379794   38.9428916
  20.8407259   38.9450278
  20.8443308   38.9495669
  20.849309    38.9566421
  20.8534289   38.9625153
  20.8587504   38.9695892
  20.8621836   38.9729258
  20.8831157   38.9795677
  20.8971919   38.9790339
  20.9248294   38.9759646
  20.9303353   38.9870171
  20.9859515   38.9802655
  20.9941912   38.9790645
  21.000371    38.9770628
  21.0080958   38.9745272
  21.0154772   38.9710573
  21.0213137   38.9685215
  21.0271502   38.9663861
  21.0326434   38.9646509
  21.0396815   38.9625153
  21.045518    38.961581
  21.0510111   38.9611806
  21.0554743   38.9609136
  21.0607077   38.9611464
  21.0638857   38.9626488
  21.0729838   38.9717246
  21.0918943   38.9898019
  21.0971814   39.0005085
  21.098218    39.0066823
  21.0965014   39.0222876
  21.1014796   39.0344227
  21.1070417   39.044046
  21.1086311   39.046634
  21.1085499   39.0493486
  21.1068206   39.0529989
  21.1060577   39.0539646
  21.1036216   39.0561095
  21.1023424   39.0571358
  21.0999147   39.0584799
  21.0982858   39.0597044
  21.0959055   39.0618711
  21.0954744   39.0624115
  21.0954931   39.0628713
  21.0964524   39.0634795
  21.0981198   39.0640689
  21.0983221   39.0644508
  21.0983521   39.0647776
  21.0981955   39.0651467
  21.0972702   39.0667183
  21.0947996   39.0706191
  21.0941725   39.0714923
  21.0907959   39.0758893
  21.0900027   39.0767315
  21.0885063   39.0780623
  21.0876198   39.0793102
  21.0873329   39.0800087
  21.0872449   39.0807467
  21.0874245   39.0814403
  21.087609    39.0817719
  21.0878839   39.0820438
  21.0884871   39.0824808
  21.0893768   39.0831061
  21.0898863   39.0834237
  21.0902046   39.0836655
  21.0906412   39.0837416
  21.0910097   39.0835149
  21.0913235   39.0832501
  21.0917465   39.0830807
  21.0941547   39.0831919
  21.0985209   39.0834725
  21.1030304   39.0851989
  21.1034875   39.0854584
  21.1042993   39.0858661
  21.1047018   39.0859985
  21.1051384   39.0860779
  21.1056365   39.0860462
  21.1065575   39.0859032
  21.1074375   39.0858449
  21.1079424   39.0858449
  21.1083517   39.0859138
  21.108802    39.0860409
  21.109109    39.0862686
  21.1091499   39.0866445
  21.1089793   39.0869728
  21.1084404   39.0875447
  21.1073966   39.0882808
  21.1065184   39.0888077
  21.1058245   39.0892271
  21.1049905   39.0898227
  21.1040031   39.0907496
  21.1026287   39.0921115
  21.1006205   39.0944779
  21.0992261   39.0959795
  21.0983121   39.096751
  21.0972045   39.0973516
  21.0965107   39.097859
  21.0956167   39.0986046
  21.0953097   39.0989463
  21.0947693   39.0995262
  21.0945358   39.0998473
  21.0942753   39.1001682
  21.0944671   39.1004141
  21.0961969   39.1011598
  21.0971356   39.1020836
  21.0976552   39.102358
  21.0979454   39.1025707
  21.0984934   39.1030203
  21.0989681   39.1035053
  21.0994139   39.1041124
  21.1000928   39.1044082
  21.1027421   39.1047276
  21.1031551   39.1049453
  21.1034377   39.1053057
  21.1037599   39.1056928
  21.1038905   39.1058614
  21.1040563   39.1060123
  21.1042306   39.1061867
  21.1042732   39.1063428
  21.1043585   39.1065255
  21.1044892   39.1066746
  21.1047217   39.1068055
  21.1048942   39.106885
  21.1050994   39.106917
  21.1053131   39.1069333
  21.1055291   39.1069547
  21.1056724   39.1071234
  21.1062916   39.1079325
  21.1064459   39.1086843
  21.1062315   39.10898
  21.1064602   39.1098984
  21.1070361   39.1102997
  21.1079618   39.1104145
  21.1084208   39.1107154
  21.1086368   39.1110539
  21.1089168   39.1123535
  21.1087714   39.1130008
  21.1090778   39.1134724
  21.1099098   39.1137872
  21.1116848   39.1136066
  21.1123238   39.1138536
  21.1136094   39.1148387
  21.1146075   39.115394
  21.1147587   39.1158756
  21.1147492   39.1163571
  21.1149291   39.1165403
  21.1153269   39.1165742
  21.1164066   39.1162707
  21.1172057   39.1160772
  21.1174457   39.1161732
  21.1174869   39.1163885
  21.117251    39.1170493
  21.1171497   39.1171676
  21.1170733   39.1172715
  21.1170156   39.1174049
  21.1169405   39.1175589
  21.1169016   39.1176169
  21.1168279   39.1177045
  21.1167635   39.1178044
  21.1167313   39.1179126
  21.1167206   39.1180125
  21.1167152   39.1180875
  21.1167259   39.118154
  21.1167474   39.1182165
  21.116785    39.1182747
  21.1168319   39.118312
  21.1169191   39.1183413
  21.117021    39.118358
  21.1171229   39.1183663
  21.1172624   39.1183663
  21.1174877   39.118358
  21.117654    39.1183455
  21.1178525   39.1183247
  21.1180349   39.1182872
  21.1183178   39.1182204
  21.1185874   39.118154
  21.1187322   39.1181124
  21.1188288   39.1181041
  21.1189361   39.1181291
  21.119038    39.118154
  21.1191185   39.118204
  21.1191721   39.1182747
  21.119215    39.1183663
  21.1192472   39.1184662
  21.1192472   39.1185453
  21.1192365   39.118641
  21.1192204   39.1187575
  21.1191936   39.1188491
  21.1191399   39.1189365
  21.1190756   39.1190156
  21.1190313   39.1190695
  21.1189723   39.1191069
  21.1189146   39.1191321
  21.1188717   39.1191612
  21.1188717   39.119207
  21.1188878   39.1192611
  21.11892     39.1192902
  21.1189282   39.1193049
  21.11892     39.1193235
  21.1188717   39.1193485
  21.1187215   39.1194068
  21.1185284   39.1194484
  21.1181153   39.1195233
  21.1180121   39.1195356
  21.1179061   39.1195566
  21.1178203   39.1195899
  21.1177385   39.1196646
  21.1176862   39.1197272
  21.117595    39.119798
  21.1175293   39.1198311
  21.1174823   39.1198979
  21.1174501   39.1199894
  21.1174501   39.1200685
  21.1174609   39.1201518
  21.1174877   39.1202974
  21.1175628   39.120647
  21.1176111   39.1207427
  21.1176486   39.120801
  21.1176969   39.1208509
  21.1178029   39.1209132
  21.1179477   39.1210006
  21.1181046   39.1210715
  21.1182763   39.1211339
  21.1183728   39.1211589
  21.1184533   39.1211714
  21.118523    39.1211714
  21.1185928   39.1211631
  21.1187108   39.121109
  21.1189736   39.1210008
  21.1197837   39.1207011
  21.1199929   39.1206345
  21.1201163   39.1206096
  21.1201967   39.1206096
  21.1204542   39.1206387
  21.1209196   39.1207176
  21.1211248   39.1207885
  21.1211945   39.1208218
  21.1212428   39.1208551
  21.121574    39.121296
  21.1216076   39.121392
  21.1216129   39.1214752
  21.1215915   39.1215709
  21.1215593   39.1216833
  21.1214896   39.1218581
  21.1214399   39.1220244
  21.1214238   39.122145
  21.1214359   39.1222576
  21.1214574   39.1223367
  21.1215097   39.1224156
  21.121794    39.1226902
  21.1218651   39.1227529
  21.121971    39.1228109
  21.1220904   39.1228319
  21.1222567   39.1228319
  21.1227059   39.1227818
  21.1233564   39.122678
  21.1236823   39.1226112
  21.1238539   39.1225779
  21.1240846   39.1225113
  21.124267    39.1224697
  21.1243635   39.1224821
  21.1244869   39.1225071
  21.1246532   39.1225612
  21.1247981   39.1226236
  21.1249107   39.1227235
  21.1249965   39.1228609
  21.1250395   39.1229982
  21.1250555   39.1231439
  21.1250395   39.1233228
  21.1249912   39.1234851
  21.1248839   39.1236557
  21.1247565   39.1238058
  21.1246975   39.1239056
  21.1246747   39.1240095
  21.1246707   39.1240888
  21.1246747   39.1241593
  21.1247122   39.1242384
  21.1247618   39.124326
  21.1248262   39.1243884
  21.1249268   39.1244256
  21.1250301   39.1244383
  21.1251749   39.1244217
  21.1253788   39.1243717
  21.1257596   39.124276
  21.1259729   39.1241926
  21.1261083   39.1241345
  21.1262371   39.1240929
  21.1264304   39.1240392
  21.1266005   39.1240053
  21.1267346   39.1239928
  21.1268795   39.1239887
  21.1270618   39.123972
  21.1272067   39.1239471
  21.1273086   39.1239179
  21.1275017   39.1238597
  21.1276895   39.1238097
  21.1278772   39.1237681
  21.1280006   39.1237431
  21.128124    39.1237431
  21.1282313   39.1237639
  21.1282914   39.1238093
  21.1285973   39.124434
  21.1286455   39.1248793
  21.1289919   39.125106
  21.1302114   39.1253598
  21.1304158   39.1255743
  21.1307698   39.1255743
  21.1312352   39.1252903
  21.1314653   39.1249698
  21.1317247   39.1244173
  21.1321275   39.1240184
  21.1330764   39.123822
  21.1335041   39.1238665
  21.1347709   39.1238028
  21.1359154   39.1235067
  21.1371481   39.1230523
  21.1380667   39.122903
  21.1388218   39.1232937
  21.1393368   39.123739
  21.1396213   39.1238686
  21.1399605   39.1237092
  21.1409354   39.1231418
  21.1414826   39.1231709
  21.1419868   39.123327
  21.142534    39.1235476
  21.1429819   39.1235809
  21.1434996   39.1235434
  21.1437169   39.1234227
  21.143918    39.1231668
  21.1440334   39.1229982
  21.1442748   39.1230211
  21.1445081   39.1230086
  21.1447871   39.1229587
  21.145066    39.1228859
  21.1453262   39.1228879
  21.1456212   39.1230502
  21.1460316   39.123096
  21.1465949   39.1230419
  21.1469114   39.1230565
  21.1471608   39.1231938
  21.1474693   39.1234581
  21.1475417   39.1238056
  21.1476222   39.1239242
  21.1477911   39.1240345
  21.1480165   39.1240137
  21.1482659   39.1239034
  21.1488238   39.1235642
  21.1491135   39.1234186
  21.1493602   39.1234394
  21.1497787   39.1237244
  21.1501032   39.1241801
  21.1502427   39.1247232
  21.1505619   39.125104
  21.1508784   39.1252122
  21.1513343   39.1252039
  21.1517179   39.1251019
  21.1524153   39.1247107
  21.1527559   39.1245796
  21.1528337   39.1245963
  21.1530188   39.124742
  21.1532763   39.125156
  21.1537001   39.1257657
  21.1543465   39.1262339
  21.1550063   39.1266126
  21.1557117   39.1268456
  21.1563313   39.1269829
  21.1567524   39.1273741
  21.1568114   39.1278214
  21.1570474   39.1279338
  21.1573693   39.1279463
  21.1578038   39.1278443
  21.1587131   39.1276425
  21.1591342   39.1278277
  21.159389    39.1280316
  21.159668    39.1282709
  21.1602929   39.1282834
  21.1610252   39.1280961
  21.1616313   39.1278714
  21.1621571   39.1275343
  21.1629188   39.1273304
  21.1633909   39.1273928
  21.1643565   39.1278922
  21.1648554   39.1280503
  21.1652952   39.1279962
  21.165483    39.1278131
  21.1656922   39.1273262
  21.1659926   39.1271639
  21.16669     39.127037
  21.1674142   39.1270141
  21.1679506   39.1271889
  21.1685541   39.1272638
  21.1688492   39.127216
  21.1689779   39.1269871
  21.169163    39.1265127
  21.1693427   39.1261423
  21.1696297   39.1257366
  21.1698925   39.1254744
  21.1700937   39.1253745
  21.1703485   39.1253974
  21.170598    39.1254661
  21.1712283   39.1259946
  21.171459    39.1261173
  21.1716226   39.1261236
  21.1718023   39.126057
  21.1722797   39.1258406
  21.1726713   39.1256325
  21.1728805   39.1255951
  21.1731863   39.1256325
  21.1733687   39.1257241
  21.1738515   39.1257865
  21.1743665   39.1258739
  21.1750853   39.1261486
  21.1756056   39.1262859
  21.176362    39.1261902
  21.177274    39.1264898
  21.1779231   39.1266479
  21.1788726   39.1267436
  21.1793017   39.1266271
  21.1796068   39.1266875
  21.1796947   39.12683
  21.179696    39.1269725
  21.1796558   39.1270724
  21.1795968   39.1273346
  21.1792695   39.1277008
  21.1790067   39.1282168
  21.178996    39.1285414
  21.1790389   39.1287661
  21.1792695   39.1289034
  21.1797094   39.1289284
  21.1800259   39.1287744
  21.1802459   39.128558
  21.1806965   39.1283999
  21.1809164   39.1285039
  21.181072    39.1287494
  21.1812812   39.1292113
  21.1813939   39.1295775
  21.181646    39.1297482
  21.1818606   39.1298355
  21.1818874   39.1299229
  21.1818123   39.1299937
  21.1816996   39.1300769
  21.1815172   39.1302433
  21.1812007   39.1304223
  21.1808413   39.130468
  21.1806214   39.1305097
  21.1803478   39.1305554
  21.1801922   39.1306387
  21.1801386   39.1307801
  21.1800903   39.1309133
  21.1801225   39.1311047
  21.1802459   39.1314875
  21.1804712   39.1318454
  21.1808252   39.1320951
  21.1812812   39.1320909
  21.1816138   39.1318662
  21.182059    39.1319411
  21.1824667   39.1320659
  21.1827832   39.1322823
  21.1829495   39.1325195
  21.1832091   39.1327205
  21.1834043   39.1327691
  21.1836039   39.1328276
  21.183753    39.1329023
  21.1838925   39.1329814
  21.184032    39.1330729
  21.1841822   39.1332061
  21.1842637   39.133302
  21.1843485   39.1334224
  21.1843924   39.1335641
  21.1844236   39.1336846
  21.1844085   39.1338096
  21.1843753   39.1338926
  21.1843173   39.1339802
  21.1842101   39.1341425
  21.1841296   39.1343173
  21.1840491   39.1344837
  21.1839998   39.1346042
  21.1839408   39.134704
  21.1838667   39.1348582
  21.1837863   39.135112
  21.1837637   39.1352616
  21.1837726   39.1353296
  21.1838174   39.1354114
  21.1838882   39.1354782
  21.1839783   39.1355113
  21.1840813   39.1355156
  21.1841832   39.135499
  21.1842798   39.1354782
  21.1843656   39.1354449
  21.1844665   39.1353947
  21.1845791   39.1353282
  21.1846499   39.1352784
  21.1847358   39.1352285
  21.1848109   39.1351869
  21.1849117   39.1351368
  21.1850186   39.1350904
  21.1851113   39.1350371
  21.1851585   39.1349745
  21.1851757   39.1349206
  21.185181    39.1348624
  21.185181    39.1348083
  21.1851435   39.1347542
  21.1850898   39.1347001
  21.1850255   39.1346585
  21.18496     39.1346374
  21.1848634   39.1345917
  21.1847948   39.1345544
  21.1847626   39.1345128
  21.1847626   39.1344587
  21.1847787   39.1344046
  21.1848055   39.1343589
  21.1848645   39.1343131
  21.1849343   39.1342715
  21.1849986   39.1342299
  21.185063    39.1341799
  21.1851542   39.1341134
  21.1852829   39.1340301
  21.185358    39.1339969
  21.1854224   39.1339719
  21.1855082   39.1339594
  21.1856037   39.1339675
  21.1856949   39.1339842
  21.1857754   39.1340133
  21.1858677   39.1340634
  21.1861466   39.1342756
  21.1865169   39.1345418
  21.1869085   39.1348913
  21.1870265   39.1351368
  21.187005    39.135582
  21.1870801   39.13584
  21.1871767   39.1360897
  21.1875254   39.1364059
  21.1878312   39.1364517
  21.1880726   39.1363976
  21.1883032   39.1361812
  21.1883676   39.1358067
  21.1884159   39.1353906
  21.1885446   39.1352575
  21.1887646   39.1351285
  21.1889309   39.1351202
  21.18936     39.1351909
  21.1899716   39.1352949
  21.1902934   39.1353989
  21.1907172   39.1357693
  21.1911464   39.1361479
  21.1913019   39.1362103
  21.191479    39.1363643
  21.1916721   39.1365515
  21.1919296   39.1366847
  21.1920959   39.1366847
  21.1922675   39.1366306
  21.1923373   39.1365307
  21.1924928   39.1363351
  21.1926055   39.1361188
  21.1926699   39.1359856
  21.1927825   39.1358067
  21.1930186   39.1355571
  21.1930829   39.1353823
  21.1930615   39.1352616
  21.1929327   39.1349121
  21.1929971   39.1346874
  21.1931688   39.134471
  21.1935711   39.1341548
  21.1937052   39.13398
  21.1937293   39.1337512
  21.1936918   39.1335494
  21.1937508   39.1334474
  21.1938876   39.1333767
  21.1943623   39.1331853
  21.1945045   39.1330937
  21.1945742   39.1329273
  21.1945152   39.1328566
  21.1941022   39.1327234
  21.1939681   39.1325528
  21.1939359   39.1324238
  21.1940646   39.1322948
  21.1943275   39.1321949
  21.1947191   39.1320743
  21.1947727   39.1319869
  21.1948746   39.1316041
  21.1949551   39.1312087
  21.1949176   39.1308176
  21.1947727   39.1306054
  21.1940968   39.1304472
  21.1939895   39.1303141
  21.1940378   39.1301726
  21.1943006   39.1299521
  21.1943382   39.129848
  21.1943167   39.1293903
  21.1943167   39.1291989
  21.1944616   39.1289783
  21.1949122   39.1287702
  21.1951804   39.1287411
  21.1954379   39.1286204
  21.1957705   39.1283167
  21.1959583   39.1279047
  21.1962774   39.1274324
  21.1964947   39.1272118
  21.1966985   39.1270183
  21.1968353   39.1267374
  21.1969399   39.1265668
  21.197117    39.126444
  21.1974335   39.1264607
  21.197632    39.1265376
  21.197876    39.1265085
  21.1980718   39.1263774
  21.1981282   39.1262567
  21.1981523   39.1260528
  21.1983025   39.1259738
  21.198442    39.1259738
  21.1987585   39.1260528
  21.1990803   39.1260279
  21.1993781   39.1258489
  21.1994719   39.1254078
  21.1996275   39.1249958
  21.1999708   39.124742
  21.2004054   39.1246795
  21.2007058   39.1246421
  21.2008828   39.1244673
  21.200974    39.1242134
  21.2010759   39.1239138
  21.2011135   39.1237348
  21.2011939   39.1237182
  21.2014192   39.1237099
  21.2017035   39.1238014
  21.202063    39.1238139
  21.2022668   39.1237348
  21.2026262   39.1236142
  21.2030017   39.1235184
  21.2037796   39.123506
  21.2045038   39.1236516
  21.2098764   39.122298
  21.2102543   39.1223283
  21.2106843   39.1225103
  21.2151929   39.124987
  21.2179294   39.126938
  21.2182031   39.1272413
  21.2186461   39.1278984
  21.2187764   39.1281713
  21.219011    39.1284745
  21.2195974   39.129081
  21.2211611   39.130385
  21.2219299   39.130759
  21.2232069   39.1311937
  21.2258652   39.1318406
  21.2271943   39.1321034
  21.2276895   39.1320832
  21.2336446   39.1316991
  21.2354689   39.1314969
  21.2368502   39.1312745
  21.2372802   39.1311836
  21.2396258   39.1300717
  21.2407259   39.12946
  21.2429026   39.1282517
  21.2438118   39.1277572
  21.2470568   39.1257582
  21.2491883   39.1256841
  21.2505245   39.1252892
  21.2607505   39.1217472
  21.2642699   39.1204291
  21.2670611   39.1180752
  21.2696097   39.117322
  21.2703678   39.1171609
  21.2708315   39.1172307
  21.271278    39.1173302
  21.2718442   39.1175317
  21.2724009   39.1177928
  21.2730535   39.1181493
  21.2737589   39.1186341
  21.2743837   39.1190015
  21.2753914   39.1195801
  21.2764058   39.1200525
  21.2898767   39.1260781
  21.2925466   39.1281492
  21.2943669   39.1316324
  21.2969155   39.1333269
  21.3032262   39.135492
  21.3076636   39.1370171
  21.3138991   39.1402248
  21.3223615   39.1446661
  21.3245566   39.1458504
  21.3247587   39.1465487
  21.3252565   39.1482683
  21.3253838   39.1494279
  21.3252247   39.150168
  21.3245566   39.1517963
  21.3235704   39.153918
  21.3230296   39.157421
  21.3234432   39.1606279
  21.3248111   39.1604552
  21.3267518   39.1604059
  21.3284379   39.1605292
  21.3308875   39.1610719
  21.3337508   39.1618859
  21.3374411   39.1632919
  21.3401135   39.1645992
  21.342245    39.1659065
  21.3452991   39.1675098
  21.3485759   39.1690143
  21.353157    39.1706175
  21.3550022   39.1712095
  21.3559628   39.1714813
  21.3570065   39.1717767
  21.369032    39.1739718
  21.3728584   39.174476
  21.3728262   39.1739351
  21.3728648   39.1735259
  21.3729608   39.1731678
  21.3731282   39.1727279
  21.3738722   39.1722866
  21.375392    39.1714799
  21.3767653   39.1706814
  21.3772803   39.1702821
  21.3777583   39.1697314
  21.3789969   39.1682858
  21.3796622   39.1679117
  21.3805205   39.1671548
  21.3811132   39.1668847
  21.3818724   39.1665962
  21.3828799   39.1670756
  21.3842987   39.1672279
  21.3854543   39.167044
  21.3864108   39.1666554
  21.3872104   39.1665818
  21.3881108   39.1665507
  21.3888001   39.1665698
  21.3891644   39.1666406
  21.3895534   39.1667075
  21.3904125   39.166602
  21.3920275   39.166136
  21.3930326   39.1659052
  21.3944106   39.1654785
  21.3946745   39.1653486
  21.3961756   39.1648319
  21.3966577   39.1644064
  21.3968079   39.1640237
  21.3969252   39.1632451
  21.3972146   39.1620032
  21.397119    39.1616947
  21.3972587   39.1610624
  21.3971083   39.1605874
  21.3964751   39.1600218
  21.3958849   39.1594396
  21.3957028   39.1591977
  21.3958844   39.1585986
  21.3943619   39.1572438
  21.3944152   39.1567779
  21.3945906   39.1564561
  21.394287    39.1551225
  21.3950369   39.1546898
  21.395777    39.1543148
  21.3958771   39.1539237
  21.3954553   39.1534001
  21.3948012   39.1530586
  21.3938782   39.1521197
  21.3937931   39.1514535
  21.3936642   39.1507382
  21.3942106   39.150114
  21.3951327   39.1494979
  21.3958202   39.1490072
  21.3964532   39.1481923
  21.3967736   39.1474533
  21.3971854   39.1464715
  21.3975691   39.1455712
  21.3975962   39.1455006
  21.3979012   39.1447055
  21.3980729   39.1437736
  21.3978469   39.1430196
  21.3976161   39.1423213
  21.3972265   39.1417086
  21.3961543   39.1407634
  21.3954062   39.1400432
  21.3950033   39.1397803
  21.3948477   39.1393667
  21.3948654   39.1382436
  21.3960873   39.1375281
  21.39696     39.1368847
  21.3976159   39.1363738
  21.3983013   39.135618
  21.3991026   39.1347744
  21.3998657   39.1337962
  21.4003215   39.1332484
  21.4006821   39.1328584
  21.4010185   39.1324646
  21.4015776   39.1319206
  21.4021488   39.131289
  21.4025851   39.1308439
  21.4033357   39.1302522
  21.4037161   39.1296797
  21.4045744   39.1290139
  21.4049434   39.1284364
  21.4051022   39.1277942
  21.4051407   39.1272044
  21.4052273   39.1263742
  21.4053989   39.1253972
  21.4058113   39.1246418
  21.4062269   39.1236746
  21.4066347   39.1226106
  21.4071072   39.1216199
  21.4072019   39.121428
  21.4073841   39.1206581
  21.4081232   39.1199259
  21.4091083   39.1194007
  21.4103291   39.1189489
  21.4113768   39.118385
  21.4120634   39.1179021
  21.4130549   39.1169474
  21.4136662   39.1163411
  21.4145052   39.1155719
  21.4153907   39.1148014
  21.4167447   39.1140022
  21.4175277   39.1135816
  21.4180972   39.1127289
  21.4182623   39.1119234
  21.4193261   39.1110334
  21.4203673   39.1105019
  21.421455    39.1098733
  21.4224321   39.1093716
  21.4232359   39.1090616
  21.4237397   39.1088924
  21.4243092   39.1088102
  21.4254225   39.1089284
  21.4264123   39.1090778
  21.4274728   39.1088563
  21.4287787   39.1084056
  21.4297477   39.107818
  21.4304968   39.1076699
  21.4313358   39.1079724
  21.4319598   39.1085006
  21.4327003   39.1086382
  21.4334713   39.1085899
  21.4344223   39.107978
  21.4347868   39.1077047
  21.4354735   39.1070387
  21.4361726   39.1062704
  21.4359965   39.1057708
  21.4350575   39.105211
  21.4344123   39.1046581
  21.4344311   39.1035733
  21.4343679   39.1028957
  21.4342633   39.1020906
  21.4341443   39.10117
  21.434361    39.1002371
  21.4341901   39.0993712
  21.4339372   39.0989735
  21.4341126   39.0981573
  21.4339706   39.0975401
  21.4336046   39.0970306
  21.4322636   39.096308
  21.431091    39.0946328
  21.4305016   39.0938913
  21.4301465   39.0932952
  21.43019     39.0927238
  21.4300639   39.0924452
  21.4294273   39.0923233
  21.4289102   39.0918205
  21.4281593   39.0912138
  21.4269971   39.0909877
  21.4254285   39.0913328
  21.4244378   39.0912658
  21.4240414   39.0905823
  21.4240016   39.0894616
  21.4238005   39.0877215
  21.4236166   39.0865604
  21.4234081   39.0853041
  21.4232257   39.0838478
  21.4237479   39.0824973
  21.4234572   39.0814589
  21.4227391   39.0804311
  21.4215944   39.0797375
  21.4191302   39.0784571
  21.4172616   39.0777329
  21.416333    39.0767026
  21.4144844   39.0757406
  21.414094    39.0751115
  21.4140848   39.0741992
  21.4147485   39.0731228
  21.4162426   39.0718303
  21.4169699   39.0710786
  21.4169621   39.0705028
  21.4162908   39.0697037
  21.4143865   39.0690103
  21.4132687   39.0687085
  21.4127496   39.0684014
  21.412328    39.0675762
  21.4124475   39.0665597
  21.4128936   39.0651661
  21.4138555   39.0639772
  21.4150107   39.0631217
  21.4160158   39.062378
  21.4163895   39.0617237
  21.4163838   39.0611316
  21.4156839   39.0607595
  21.4140081   39.0607856
  21.4121675   39.0614948
  21.4116701   39.0616033
  21.4113057   39.0614738
  21.4111618   39.0611077
  21.411126    39.0607475
  21.411148    39.0603485
  21.4112699   39.0600247
  21.4115274   39.0596248
  21.4119673   39.059075
  21.412493    39.0586251
  21.4130616   39.0581836
  21.4138234   39.0577337
  21.4145422   39.0572755
  21.4151752   39.0569256
  21.4158404   39.0566673
  21.4169562   39.0563258
  21.4176428   39.0560758
  21.4183187   39.0557592
  21.4188981   39.0552927
  21.4192629   39.0548594
  21.4196169   39.0542596
  21.4196813   39.053818
  21.4196706   39.0533431
  21.4195311   39.0529765
  21.4191341   39.0525683
  21.4187157   39.0523266
  21.4182824   39.0522071
  21.4177032   39.052121
  21.417013    39.0521497
  21.4163352   39.0522071
  21.4151767   39.052456
  21.4142031   39.0525517
  21.4134144   39.0525995
  21.4126379   39.0525229
  21.4118492   39.0523411
  21.4083738   39.0515085
  21.4074001   39.051384
  21.4064142   39.0513553
  21.4054776   39.0513649
  21.4044177   39.0514893
  21.4028895   39.0516712
  21.402224    39.0516424
  21.4014845   39.0514893
  21.4007204   39.0512118
  21.3975778   39.0500633
  21.3970355   39.0497953
  21.3966781   39.0494986
  21.3963577   39.0490966
  21.3961235   39.048618
  21.3960619   39.0481491
  21.3961975   39.0473834
  21.3961728   39.0467612
  21.3960619   39.0462061
  21.3958031   39.0456701
  21.3953471   39.0451341
  21.3947802   39.0447225
  21.3940161   39.0444736
  21.392266    39.0440716
  21.3913047   39.0437366
  21.390553    39.0434016
  21.3899737   39.0429613
  21.3896287   39.042521
  21.3893452   39.0419467
  21.3890864   39.0411618
  21.388655    39.0396781
  21.3884332   39.038941
  21.3881251   39.0382805
  21.3874226   39.0371509
  21.3871268   39.0368159
  21.3867694   39.0365
  21.3863473   39.0362378
  21.385953    39.0360832
  21.3854393   39.0360324
  21.3848882   39.0360469
  21.3841504   39.036134
  21.3836554   39.0361267
  21.3831697   39.0360324
  21.3827774   39.035851
  21.3823851   39.0356044
  21.3812643   39.034712
  21.3807973   39.0341897
  21.3803303   39.0336238
  21.3798727   39.0331377
  21.3795084   39.032833
  21.3790414   39.0325355
  21.3786491   39.0323686
  21.3777992   39.0320494
  21.3772761   39.03181
  21.3768278   39.0315052
  21.3764729   39.031128
  21.3762487   39.0307144
  21.3761086   39.0302283
  21.3761086   39.0298438
  21.3762207   39.0294302
  21.3762581   39.0291037
  21.376174    39.028799
  21.3759966   39.0284362
  21.3755763   39.0277977
  21.3754175   39.0274059
  21.375268    39.0269052
  21.3751746   39.0265134
  21.3750626   39.026049
  21.3750252   39.0255992
  21.3750252   39.0250768
  21.3751093   39.0242641
  21.3752213   39.023611
  21.3754175   39.0231249
  21.3755669   39.022675
  21.3756323   39.0223267
  21.375651    39.0219784
  21.3755949   39.0216591
  21.3754642   39.0213616
  21.3752213   39.0210568
  21.3746703   39.0205344
  21.3742967   39.0202006
  21.3740912   39.0199321
  21.3739791   39.0196781
  21.3739324   39.0193298
  21.3739418   39.0190468
  21.3741939   39.0179002
  21.3743621   39.0175011
  21.3746049   39.017131
  21.3749878   39.0167682
  21.3757257   39.0161513
  21.3773322   39.0149104
  21.3778365   39.014475
  21.3782942   39.0140033
  21.3787892   39.0134663
  21.3793216   39.0128349
  21.3797699   39.0124793
  21.3803023   39.0121962
  21.3807786   39.0120366
  21.381255    39.011935
  21.3831043   39.0116592
  21.3837581   39.0115358
  21.3844212   39.0113471
  21.3850377   39.0110496
  21.3861585   39.0102585
  21.3866535   39.00999
  21.3872513   39.0097432
  21.3878864   39.0096344
  21.3890352   39.0095328
  21.3895676   39.0094239
  21.3899132   39.0092787
  21.3903241   39.0089812
  21.390679    39.008807
  21.3910807   39.0086909
  21.39118     39.0086678
  21.3914066   39.0086152
  21.3933316   39.0081683
  21.3945645   39.0079361
  21.3956105   39.0078345
  21.3969368   39.0077909
  21.3979829   39.007878
  21.3993279   39.0081248
  21.4025969   39.0089667
  21.4039605   39.009228
  21.4053428   39.0093731
  21.4070427   39.0094747
  21.4084437   39.0094166
  21.4099755   39.0092134
  21.4112457   39.0088651
  21.4129984   39.0080941
  21.414682    39.0070804
  21.4156529   39.0062368
  21.4167912   39.0049731
  21.4234586   38.9956717
  21.4246294   38.9944837
  21.4258653   38.9935737
  21.4270362   38.9930176
  21.4284997   38.992512
  21.4424196   38.9891572
  21.4516356   38.9870021
  21.4580873   38.986786
  21.4634868   38.9867178
  21.4646205   38.9866174
  21.4685324   38.9845906
  21.47012     38.9824738
  21.4777763   38.9792725
  21.4803354   38.9779604
  21.4832465   38.9752126
  21.4882318   38.9715546
  21.4903829   38.970173
  21.4910629   38.9700501
  21.4913234   38.9700126
  21.4919414   38.9701068
  21.4923876   38.9703742
  21.4951327   38.971996
  21.4988375   38.971826
  21.503152    38.9709957
  21.5058174   38.9697072
  21.5108927   38.9663567
  21.5115193   38.9654293
  21.5116706   38.9644781
  21.5111204   38.9634561
  21.5062195   38.9582957
  21.5051546   38.9575719
  21.5034673   38.9570341
  21.5019917   38.95621
  21.5014531   38.95556
  21.501435    38.9545713
  21.502627    38.952716
  21.5033606   38.9513436
  21.5029836   38.950154
  21.5018029   38.9489868
  21.5012478   38.9479065
  21.5010884   38.9470219
  21.5012393   38.9448557
  21.5007999   38.9436841
  21.5000057   38.9429931
  21.4939124   38.9401248
  21.4929491   38.9399591
  21.4938353   38.9392247
  21.4952198   38.9376346
  21.4954849   38.93625
  21.4948606   38.9345914
  21.4938594   38.932514
  21.4940706   38.9315502
  21.4948679   38.9306279
  21.4959066   38.9294127
  21.4964681   38.9276356
  21.4967036   38.9255076
  21.4970875   38.9237344
  21.497856    38.9224299
  21.4993724   38.920705
  21.4998878   38.91961
  21.4999041   38.9188365
  21.4993622   38.9170494
  21.4986275   38.9162265
  21.4981398   38.9153648
  21.498       38.91463
  21.4981692   38.913471
  21.4986073   38.9128703
  21.4995859   38.9121116
  21.5010613   38.9102963
  21.5017449   38.9082726
  21.5018458   38.9071722
  21.5017324   38.9062133
  21.5010315   38.9052958
  21.4995127   38.9038226
  21.4989932   38.9031204
  21.4987015   38.9024725
  21.4985426   38.9017889
  21.4988118   38.9011196
  21.4995644   38.9004965
  21.4998195   38.9003207
  21.5049129   38.8968104
  21.5060112   38.8963212
  21.5077716   38.8961095
  21.5087209   38.8957712
  21.5092207   38.895034
  21.5092646   38.8940071
  21.5088051   38.8919555
  21.5084939   38.8912927
  21.5082225   38.8907146
  21.5075112   38.8891995
  21.5161504   38.88974
  21.5190632   38.8899222
  21.5219994   38.8898126
  21.5250266   38.8891664
  21.5266794   38.8884735
  21.5284222   38.8880441
  21.5300898   38.8880498
  21.5338317   38.8885137
  21.5380011   38.8888282
  21.5408206   38.8887997
  21.5425616   38.8890103
  21.5478539   38.8904241
  21.5513803   38.890969
  21.5542168   38.8907025
  21.5562791   38.8899686
  21.5578204   38.888602
  21.559507    38.8853217
  21.5603137   38.8849724
  21.5612617   38.8848743
  21.5634377   38.8852389
  21.5654462   38.886065
  21.573422    38.8884035
  21.5750839   38.8885593
  21.5769902   38.8879587
  21.5803404   38.8864393
  21.5859554   38.8838925
  21.5906884   38.882857
  21.5951255   38.8826715
  21.5987141   38.8826927
  21.6037494   38.8833118
  21.605519    38.8835486
  21.6078054   38.8832577
  21.6100018   38.882775
  21.6120097   38.8818135
  21.6130753   38.8811029
  21.6146298   38.8798074
  21.6191143   38.8756224
  21.6204452   38.87378
  21.6215259   38.8726793
  21.6225172   38.8723084
  21.6236314   38.8722074
  21.6249861   38.8724722
  21.6257624   38.8728472
  21.6269714   38.8739408
  21.6279393   38.8747496
  21.6285977   38.8751791
  21.6294886   38.8755043
  21.630393    38.8756474
  21.6308359   38.8755562
  21.6316587   38.8751671
  21.6318973   38.8748653
  21.6320914   38.8745245
  21.6324429   38.8742223
  21.6332635   38.8738345
  21.6345614   38.873527
  21.635329    38.8730671
  21.6370661   38.8713787
  21.63749     38.8705501
  21.6378416   38.8692429
  21.6378411   38.8679245
  21.6373383   38.8645599
  21.6370414   38.8638261
  21.6362065   38.8617625
  21.6345752   38.8582388
  21.6324323   38.8553231
  21.628944    38.8515921
  21.6271843   38.8492814
  21.6217798   38.8417983
  21.6216021   38.8414698
  21.6205036   38.8400889
  21.6201987   38.8419692
  21.6197188   38.842974
  21.6193737   38.844051
  21.6192899   38.84512
  21.6190759   38.8460012
  21.6199447   38.8468243
  21.6209674   38.8480752
  21.6210489   38.8484168
  21.6206437   38.848668
  21.6203386   38.8490197
  21.6201827   38.8494216
  21.6204581   38.8503136
  21.6202393   38.8504819
  21.6201152   38.8505072
  21.6197262   38.8506347
  21.6189565   38.8505723
  21.6184285   38.8505147
  21.6172813   38.8503871
  21.6161723   38.8501858
  21.6130325   38.849657
  21.6108285   38.8491893
  21.6090271   38.848913
  21.6063046   38.8485888
  21.6049331   38.8484507
  21.6035411   38.8483922
  21.6026063   38.8484188
  21.6016919   38.8485357
  21.5981642   38.8493806
  21.5964652   38.8498642
  21.5959944   38.8499599
  21.5955645   38.8499917
  21.59508     38.8499705
  21.594657    38.8498855
  21.5942476   38.8496995
  21.5908427   38.8474782
  21.5903514   38.8474516
  21.5889731   38.8476057
  21.5885432   38.8476907
  21.5881202   38.8478661
  21.5873628   38.84827
  21.5869056   38.8484081
  21.5864757   38.8484719
  21.5832482   38.8485622
  21.582832    38.848456
  21.5824772   38.84827
  21.5821155   38.8480255
  21.5817198   38.8478555
  21.5812763   38.8477332
  21.5807986   38.8477014
  21.5767592   38.8478448
  21.5742618   38.8487057
  21.572822    38.8449114
  21.5715734   38.8410636
  21.5706249   38.8375452
  21.5701336   38.8361633
  21.5697924   38.8354724
  21.5691988   38.8345316
  21.5686461   38.8339363
  21.5683322   38.8336705
  21.5679501   38.8334898
  21.5662716   38.8328626
  21.5658963   38.8326447
  21.5656779   38.8323098
  21.565637    38.8319909
  21.5656506   38.8316029
  21.5658553   38.8309119
  21.5679092   38.8261544
  21.5681412   38.8258035
  21.5684551   38.8255803
  21.5688167   38.8253942
  21.5696901   38.8250646
  21.5705635   38.8248307
  21.5709592   38.8246394
  21.571164    38.8243204
  21.5715665   38.8232891
  21.5717985   38.8222153
  21.5718531   38.8215082
  21.5717439   38.8205194
  21.5713482   38.8191159
  21.5710207   38.8184301
  21.5708023   38.8181377
  21.5684892   38.8157346
  21.5660873   38.8143257
  21.565712    38.8140971
  21.5654664   38.8137994
  21.5653163   38.8134591
  21.5650161   38.8116886
  21.5647704   38.8109868
  21.564593    38.8106518
  21.5643381   38.8103332
  21.5602567   38.8061662
  21.5596736   38.8056209
  21.5589073   38.8051666
  21.5584908   38.8049848
  21.5580244   38.8049199
  21.5576246   38.804855
  21.5557255   38.8049978
  21.555359    38.8049719
  21.5548259   38.804842
  21.5544761   38.8046473
  21.5541263   38.8044266
  21.5531601   38.8036217
  21.5526103   38.8031024
  21.5522605   38.8028168
  21.551894    38.802674
  21.5509444   38.8026481
  21.5504613   38.8027389
  21.5486788   38.8030765
  21.5490287   38.8028298
  21.5501115   38.8016095
  21.5511777   38.7996751
  21.5514609   38.798961
  21.5520106   38.7972083
  21.5524271   38.7947154
  21.552577    38.7939883
  21.5526769   38.7936378
  21.5528269   38.7933262
  21.5538597   38.7920537
  21.5547093   38.7912747
  21.5551091   38.7910669
  21.5559754   38.7908592
  21.5564418   38.7907683
  21.5577912   38.7906774
  21.558241    38.7905865
  21.5587074   38.7904437
  21.558974    38.790171
  21.5628888   38.7844316
  21.5630887   38.7840939
  21.5635384   38.7827045
  21.5636217   38.7816396
  21.5636717   38.7808994
  21.5636217   38.7801202
  21.5631386   38.7744319
  21.5628055   38.7733929
  21.5621391   38.7720422
  21.5618892   38.7709252
  21.5618226   38.7659246
  21.5618559   38.7653531
  21.5619059   38.7650154
  21.5621558   38.7639243
  21.5626555   38.7625474
  21.5652043   38.7575203
  21.5657374   38.756533
  21.5657533   38.7565132
  21.5659873   38.7562212
  21.5667869   38.7553638
  21.5679197   38.7542856
  21.5688359   38.7534671
  21.5695189   38.7529864
  21.5704018   38.752129
  21.5709183   38.7511157
  21.5712015   38.7500633
  21.5713014   38.7494007
  21.5713514   38.749011
  21.5711182   38.7486602
  21.5705684   38.7480885
  21.5695522   38.7464775
  21.5694523   38.7461007
  21.5692357   38.7450743
  21.5691858   38.7439829
  21.5691358   38.7433072
  21.5692857   38.7421898
  21.5694523   38.7411633
  21.5697188   38.739747
  21.570102    38.7383307
  21.5704018   38.737694
  21.5706351   38.7373042
  21.5709349   38.7370313
  21.5712514   38.7367844
  21.5717012   38.7366155
  21.5738335   38.7359787
  21.5764656   38.7355109
  21.5773152   38.7351991
  21.5780815   38.7348092
  21.579181    38.7341205
  21.5815965   38.7325221
  21.5832791   38.7312486
  21.5839621   38.7307808
  21.5847617   38.7304429
  21.5852281   38.7302999
  21.585578    38.730209
  21.5874604   38.7299101
  21.58831     38.7296112
  21.5890263   38.7292213
  21.5907255   38.7279607
  21.5917583   38.7272849
  21.5932576   38.7264792
  21.59529     38.7255304
  21.5965227   38.7251146
  21.599588    38.7243478
  21.6004542   38.7242698
  21.6026198   38.7248676
  21.6034694   38.7250496
  21.6075508   38.7256214
  21.607984    38.7256344
  21.6090501   38.7255824
  21.6101663   38.7244257
  21.6107993   38.7238799
  21.6110991   38.7236979
  21.6119654   38.723347
  21.6124485   38.72323
  21.6142643   38.7230221
  21.6174628   38.7228401
  21.6178626   38.7228401
  21.6183457   38.7227102
  21.619162    38.7223982
  21.6206779   38.7215404
  21.6215942   38.7208126
  21.6224771   38.7205787
  21.6249092   38.7200718
  21.6298402   38.719071
  21.6310397   38.7191749
  21.6315561   38.7191359
  21.6319559   38.719006
  21.6330054   38.7183561
  21.6339549   38.7176022
  21.6356541   38.7163284
  21.6367536   38.7156395
  21.6374866   38.7152496
  21.6386694   38.7146777
  21.6398521   38.7141837
  21.6406851   38.7139628
  21.641618    38.7137548
  21.6424842   38.7137028
  21.6434671   38.7136898
  21.6444      38.7137418
  21.6452662   38.7138588
  21.6466656   38.7141577
  21.6475485   38.7143267
  21.6489311   38.7144827
  21.6497807   38.7143657
  21.6502472   38.7142617
  21.6533624   38.7134688
  21.6542286   38.7134818
  21.6551615   38.7135728
  21.6555613   38.7137028
  21.6564442   38.7139758
  21.6572439   38.7143527
  21.6583267   38.7150026
  21.6590763   38.7154186
  21.6599259   38.7156785
  21.6603424   38.7157955
  21.6612586   38.7158215
  21.6667727   38.7156785
  21.6680221   38.7155615
  21.6684885   38.7153926
  21.6693548   38.7150546
  21.6718702   38.7135988
  21.6729697   38.7129489
  21.674519    38.7122339
  21.6778341   38.7109341
  21.6782672   38.7108431
  21.6787503   38.7107781
  21.6800996   38.7109081
  21.6819321   38.7108691
  21.6823652   38.7108041
  21.6832648   38.7104921
  21.6835647   38.7102321
  21.6839978   38.7095691
  21.6844476   38.7085812
  21.6848307   38.7075152
  21.6850806   38.7064883
  21.6851972   38.7057343
  21.6853805   38.7039662
  21.6854638   38.7032772
  21.6856303   38.7027052
  21.6865133   38.7027312
  21.6906779   38.7026272
  21.6910778   38.7026012
  21.6924604   38.7024062
  21.6933767   38.7024712
  21.6947094   38.7027052
  21.6960587   38.70309
  21.7020559   38.7049205
  21.7024857   38.7050193
  21.703885    38.7049933
  21.7043681   38.7049543
  21.7049845   38.7048373
  21.7088826   38.7030692
  21.7098655   38.7030172
  21.7102653   38.7030432
  21.7111815   38.7032252
  21.7120644   38.7034592
  21.7124476   38.7036672
  21.7131306   38.7041613
  21.7138969   38.7045903
  21.7146965   38.7049023
  21.7156127   38.7050323
  21.722826    38.7054613
  21.7282763   38.7056736
  21.7323363   38.7063233
  21.7381771   38.7072977
  21.7386138   38.7073616
  21.7390437   38.7075
  21.7394053   38.7077343
  21.7406696   38.7087463
  21.7417524   38.7094093
  21.7429518   38.7099943
  21.7469499   38.7117361
  21.7473331   38.7118921
  21.7478328   38.7119831
  21.7500651   38.7120871
  21.7513812   38.7120091
  21.753284    38.7118085
  21.7537616   38.7118138
  21.7555903   38.7118777
  21.7560202   38.7119363
  21.7582583   38.7123037
  21.7587223   38.7123942
  21.7591317   38.7125326
  21.75993     38.7129053
  21.7616563   38.7140979
  21.76225     38.7146516
  21.7624956   38.7149817
  21.7640855   38.7127882
  21.7652386   38.7112335
  21.766344    38.7100781
  21.7689096   38.7076022
  21.769244    38.7073519
  21.769592    38.7071389
  21.7708338   38.7066277
  21.7715571   38.7062124
  21.7719051   38.7059355
  21.7728604   38.7048812
  21.773222    38.7044765
  21.7734404   38.704157
  21.7736178   38.7034488
  21.7734813   38.7027406
  21.7731401   38.702469
  21.7719733   38.7019205
  21.7713046   38.7014306
  21.7710454   38.7011324
  21.7701992   38.699865
  21.7698376   38.6991994
  21.768971    38.6975432
  21.768739    38.6968243
  21.7685616   38.6961266
  21.7684047   38.6950615
  21.7684115   38.6946941
  21.7685957   38.6943586
  21.7709908   38.6921857
  21.7722599   38.6911312
  21.7725056   38.6908382
  21.7726898   38.6904814
  21.772874    38.6897943
  21.7729218   38.6894375
  21.7727921   38.6890647
  21.7724783   38.6884149
  21.7722531   38.6880847
  21.7717482   38.6874775
  21.7685412   38.684351
  21.7678179   38.6830301
  21.7675995   38.6823163
  21.7674699   38.681251
  21.7674289   38.6801644
  21.7674631   38.6776608
  21.767504    38.6772879
  21.7676541   38.6762172
  21.7677974   38.6758816
  21.7680158   38.6755566
  21.7682955   38.675269
  21.7686776   38.6750665
  21.7691143   38.6749866
  21.7700491   38.6750239
  21.770479    38.6751038
  21.7713592   38.6753276
  21.772178    38.6756259
  21.7730924   38.675775
  21.7739999   38.6757164
  21.7758081   38.6754821
  21.7766951   38.6753169
  21.7769613   38.676345
  21.7779916   38.677991
  21.7814579   38.6814641
  21.7841054   38.6824868
  21.7887112   38.6831845
  21.7891615   38.6832271
  21.790069    38.6831313
  21.7905194   38.6830087
  21.7921775   38.6823536
  21.7930372   38.6824921
  21.7934808   38.682588
  21.7943473   38.6828117
  21.7969061   38.6836426
  21.7977181   38.6839782
  21.7980934   38.6841646
  21.7984482   38.6844149
  21.7996628   38.6854802
  21.8009319   38.6865082
  21.801355    38.686636
  21.8022488   38.6864709
  21.8035385   38.6860554
  21.8041321   38.6855281
  21.8043914   38.6852192
  21.8048076   38.6841965
  21.8049373   38.683845
  21.80491     38.6834775
  21.8050328   38.6832112
  21.8055173   38.6831259
  21.8058927   38.6832383
  21.807129    38.6838224
  21.8082678   38.6843304
  21.8097645   38.6852193
  21.8146847   38.689962
  21.8184163   38.6936235
  21.8189494   38.694206
  21.8191946   38.6945056
  21.8193119   38.6950381
  21.8192799   38.6964361
  21.819152    38.6978756
  21.8188641   38.6992735
  21.8188428   38.7007379
  21.8188641   38.7010624
  21.8189814   38.7014202
  21.8194825   38.702427
  21.819685    38.7027515
  21.8200795   38.7029678
  21.8204633   38.7031425
  21.8209324   38.7032673
  21.8212843   38.7034337
  21.8224251   38.7040827
  21.8227023   38.7043573
  21.8231287   38.7049979
  21.8235978   38.7060213
  21.824003    38.7070613
  21.8243975   38.7077019
  21.8246107   38.7079931
  21.8248986   38.7082593
  21.8256022   38.7087502
  21.8274893   38.7097568
  21.8277345   38.7100979
  21.8278518   38.7104141
  21.8277665   38.7126021
  21.8281184   38.7147317
  21.8283422   38.7161626
  21.8285981   38.7173438
  21.8300694   38.72226
  21.8311462   38.7253625
  21.8314554   38.7260695
  21.8318073   38.7285647
  21.8317859   38.7289473
  21.8316154   38.7296626
  21.8312422   38.7302864
  21.8309543   38.7305692
  21.8301227   38.7309185
  21.8288114   38.7311763
  21.8285661   38.7314841
  21.8287047   38.7325486
  21.8289393   38.7336215
  21.8292272   38.7346611
  21.8294404   38.7349937
  21.8302933   38.7362828
  21.8309863   38.7372142
  21.8313701   38.7373889
  21.8317859   38.7374887
  21.8381829   38.7378712
  21.8395369   38.7377964
  21.8409229   38.7375635
  21.8413601   38.737472
  21.8430659   38.7369564
  21.8447398   38.7363244
  21.8504224   38.7350353
  21.8535889   38.734528
  21.8548576   38.7334967
  21.8551562   38.7331807
  21.8554867   38.7329977
  21.8566061   38.7323241
  21.8570326   38.7322742
  21.8575337   38.7323158
  21.8592929   38.7326817
  21.8601458   38.7329062
  21.8622994   38.7335383
  21.8627685   38.733688
  21.8631417   38.7338876
  21.8634615   38.7341288
  21.863952    38.734711
  21.8641545   38.7350436
  21.8647516   38.7355925
  21.8650821   38.7358088
  21.8669052   38.7369148
  21.8673317   38.7370645
  21.8677688   38.7371477
  21.8682379   38.737181
  21.8743897   38.7369564
  21.875829    38.7367984
  21.8764793   38.7365905
  21.8767672   38.7363244
  21.8770124   38.7356258
  21.877183    38.7349106
  21.8775455   38.7338627
  21.87794     38.7328563
  21.8781212   38.7325154
  21.8792087   38.7313177
  21.8808932   38.730486
  21.8869384   38.7273338
  21.887706    38.7269262
  21.8894119   38.7263274
  21.8965338   38.7241731
  21.897408    38.7239235
  21.8987727   38.7237905
  21.8992525   38.723832
  21.9000841   38.7241232
  21.901662    38.7248634
  21.9062358   38.7272589
  21.9113427   38.7285315
  21.912217    38.7284067
  21.9131765   38.7285232
  21.9144559   38.7288475
  21.9153408   38.7291553
  21.9161405   38.729463
  21.9165456   38.7296709
  21.9168655   38.7299288
  21.921704    38.7342209
  21.9230724   38.7352376
  21.9259234   38.7371183
  21.9263959   38.7372962
  21.9294912   38.7377918
  21.9330916   38.7381222
  21.9358449   38.7386305
  21.936187    38.7387576
  21.9369364   38.7392405
  21.9385655   38.7404222
  21.9393312   38.7408797
  21.9406183   38.7414007
  21.9419216   38.7416548
  21.9427524   38.7417946
  21.9436159   38.742125
  21.944463    38.7425316
  21.9447563   38.7427095
  21.9449681   38.7430272
  21.945131    38.7434211
  21.945245    38.7452
  21.9446911   38.7465722
  21.9443979   38.7476141
  21.9442675   38.7511462
  21.944235    38.7522643
  21.9447074   38.7551483
  21.9452776   38.7583243
  21.9455546   38.7593787
  21.9462551   38.761081
  21.9463528   38.7614748
  21.9463528   38.7622116
  21.9463203   38.7625038
  21.9461899   38.7628849
  21.9445119   38.765489
  21.9441861   38.7665306
  21.9440883   38.7675849
  21.9435181   38.7736436
  21.9435018   38.7743803
  21.9436973   38.7761457
  21.9438603   38.7768442
  21.9443164   38.777873
  21.945131    38.7791811
  21.9462225   38.7834483
  21.9524621   38.7798542
  21.9528857   38.7796256
  21.9541871   38.7791196
  21.9556335   38.7787366
  21.9559164   38.7786617
  21.9588449   38.7776569
  21.9609168   38.7769065
  21.9613247   38.7767348
  21.9631499   38.7756426
  21.9648119   38.7743787
  21.9659845   38.7730829
  21.9662496   38.7727411
  21.968085    38.7711273
  21.9684623   38.7708729
  21.9695635   38.7702925
  21.9707769   38.7697678
  21.9720923   38.769418
  21.9725307   38.7693544
  21.9729692   38.7693942
  21.9738563   38.7695452
  21.9756203   38.7699666
  21.976487    38.7702766
  21.977731    38.7706423
  21.9795766   38.7710478
  21.9802903   38.771167
  21.9816159   38.7714612
  21.9858781   38.7726695
  21.9867754   38.7729478
  21.9871424   38.7731783
  21.9874279   38.7734406
  21.9875197   38.7737507
  21.9875401   38.7745218
  21.9878256   38.7748
  21.9881825   38.7749908
  21.9886617   38.7750703
  21.9890798   38.7750862
  21.9895386   38.7749987
  21.9911905   38.774323
  21.9938926   38.7745297
  21.9943571   38.7745243
  21.9951831   38.77427
  21.9956317   38.7736817
  21.995856    38.7733319
  21.9958458   38.7726642
  21.9958968   38.7722508
  21.9963047   38.7708675
  21.9967839   38.7702395
  21.9970796   38.7699294
  21.9977934   38.7694763
  21.9993738   38.768888
  21.9996594   38.7677273
  22.0003017   38.7666858
  22.0009645   38.7659464
  22.0027394   38.7643677
  22.0040458   38.7632621
  22.0057183   38.7615839
  22.0067649   38.7603647
  22.0086987   38.757533
  22.0091901   38.7564979
  22.0095794   38.7558509
  22.0100006   38.7552686
  22.0127958   38.7515061
  22.0130384   38.7512174
  22.0133766   38.7509785
  22.015923    38.7489876
  22.0186289   38.7458917
  22.0231282   38.7406304
  22.0233579   38.7403267
  22.02376     38.7396796
  22.0238621   38.7393262
  22.0241493   38.7378925
  22.0242705   38.735742
  22.0241365   38.7346717
  22.024111    38.7336014
  22.0241557   38.7328795
  22.0242195   38.732541
  22.0246343   38.7315005
  22.0251831   38.7305546
  22.0253555   38.7301663
  22.0262553   38.7281499
  22.0263638   38.7277516
  22.0255086   38.7261086
  22.0247683   38.7252174
  22.0246376   38.7235089
  22.0237436   38.7232718
  22.0228931   38.7232741
  22.0224435   38.7233118
  22.0221892   38.7232881
  22.0216085   38.7229439
  22.0213132   38.7227549
  22.020868    38.7226689
  22.0203015   38.7224063
  22.0200038   38.7223891
  22.0196653   38.7224373
  22.0190376   38.722338
  22.0180893   38.721957
  22.016521    38.72167
  22.0161633   38.7217966
  22.0155896   38.7220813
  22.0149148   38.7220325
  22.0137584   38.7215561
  22.0123979   38.721115
  22.0111265   38.7207909
  22.0105271   38.7207554
  22.0098304   38.7206892
  22.009303    38.72052
  22.0084344   38.7201338
  22.0078875   38.7197395
  22.0068137   38.7193576
  22.0065903   38.7191733
  22.006141    38.7182687
  22.0058499   38.7181484
  22.0053118   38.7180395
  22.0048119   38.7175898
  22.0041017   38.7174108
  22.0026497   38.7172318
  22.0018827   38.7166979
  22.0010692   38.7161358
  22.0001589   38.7160071
  21.9998179   38.7157736
  22.0000108   38.7151137
  21.999793    38.7147021
  21.9993521   38.7144776
  21.9985208   38.7143235
  21.9981462   38.7139423
  21.9979062   38.7130812
  21.9973101   38.7125945
  21.9967176   38.7125613
  21.9961059   38.7127334
  21.995612    38.7126242
  21.9952275   38.7123163
  21.9952207   38.7120302
  21.9953482   38.7117277
  21.9952082   38.7115035
  21.9948801   38.7114995
  21.9945644   38.7116106
  21.9940361   38.7116996
  21.9936375   38.711547
  21.9934667   38.7112599
  21.9933446   38.7110161
  21.9928288   38.7107257
  21.9923253   38.7103635
  21.9919259   38.7102172
  21.9913842   38.7099175
  21.9910523   38.7098415
  21.9905305   38.7099317
  21.990365    38.7096985
  21.9903125   38.7094284
  21.9904163   38.7091277
  21.9907256   38.7088699
  21.991235    38.7088445
  21.9913663   38.7084713
  21.9916346   38.7082112
  21.9915773   38.7080299
  21.991386    38.7078803
  21.9913348   38.7076609
  21.9917243   38.7073959
  21.9920152   38.7071506
  21.9920667   38.7068889
  21.991998    38.706208
  21.9919185   38.7058425
  21.9920565   38.7054493
  21.9923731   38.7052278
  21.9925309   38.705144
  21.9924771   38.7048562
  21.9926471   38.7042479
  21.9924537   38.7037962
  21.9924016   38.7035906
  21.9924925   38.7033995
  21.9924873   38.7029585
  21.9923019   38.7028287
  21.9920648   38.7026446
  21.9920353   38.7023255
  21.9923925   38.7019377
  21.9921627   38.7011811
  21.9923922   38.7008688
  21.9926859   38.7004553
  21.9927648   38.7000414
  21.9935398   38.6998841
  21.993895    38.6999023
  21.9940743   38.6997246
  21.994388    38.699631
  21.9943195   38.6983886
  21.9944243   38.6981717
  21.9943351   38.6979401
  21.9942227   38.6977574
  21.9942437   38.69762
  21.9943599   38.6974609
  21.9945082   38.6972818
  21.9946373   38.6970866
  21.9946035   38.6969248
  21.9947259   38.6967484
  21.9948929   38.6965803
  21.9950512   38.6964312
  21.995119    38.6962613
  21.9951216   38.6961126
  21.9950465   38.695969
  21.9950579   38.6957915
  21.9943563   38.6954244
  21.9939475   38.6952376
  21.9931298   38.6949963
  21.9892009   38.6940857
  21.9851823   38.6932218
  21.9829686   38.6926692
  21.9825697   38.6925136
  21.9827165   38.6921026
  21.9860078   38.6901402
  21.987562    38.6894979
  21.9879734   38.6892601
  21.9894971   38.6879042
  21.9900456   38.6873333
  21.9927122   38.6841338
  21.9937026   38.6839078
  21.9949673   38.6835272
  21.996491    38.6828017
  21.9979233   38.6818977
  21.998228    38.6816122
  21.999127    38.6803989
  21.9972833   38.6800302
  21.9964605   38.6800421
  21.9960491   38.6800183
  21.9937635   38.6797685
  21.9932759   38.6796377
  21.9923922   38.679376
  21.9912037   38.6782935
  21.9910361   38.6779961
  21.990777    38.677211
  21.9905485   38.6754505
  21.9905637   38.6748795
  21.9892838   38.6750817
  21.9888571   38.6750222
  21.9875467   38.6746059
  21.9864039   38.6741301
  21.9860078   38.6738921
  21.9852764   38.673333
  21.984225    38.6722743
  21.9837526   38.6716438
  21.9815791   38.6692246
  21.9823965   38.6691217
  21.9841336   38.6673847
  21.9847735   38.666897
  21.9870591   38.6646365
  21.9878667   38.663411
  21.9886895   38.6616382
  21.9887809   38.6613289
  21.9890857   38.6587827
  21.9890704   38.6562601
  21.9889943   38.6555938
  21.9886805   38.6545045
  21.9876746   38.6521335
  21.9870413   38.6504897
  21.986557    38.6462274
  21.986557    38.6457764
  21.9884383   38.6435505
  21.9897185   38.6427575
  21.9916794   38.6415429
  21.9947527   38.6399716
  21.9957027   38.6397824
  22.0000241   38.6379493
  22.000378    38.6376874
  22.0017377   38.6359705
  22.0019612   38.635665
  22.0046062   38.6254648
  22.0046062   38.6250574
  22.0045317   38.6246936
  22.0041033   38.6244753
  21.9996702   38.6244171
  21.9988133   38.6245189
  21.9978261   38.62481
  21.9964478   38.6251447
  21.9957772   38.6252902
  21.9947527   38.6252611
  21.9943802   38.6252029
  21.9926666   38.6245189
  21.9919215   38.6240387
  21.9909715   38.6233839
  21.9897608   38.6226999
  21.9885687   38.6221324
  21.9870041   38.6214047
  21.9865943   38.6213174
  21.98611     38.6212446
  21.9843032   38.6211428
  21.983465    38.6212155
  21.9810249   38.6210409
  21.9792927   38.6207207
  21.9784358   38.6204151
  21.9769643   38.6195565
  21.9759738   38.6188294
  21.9747934   38.6176794
  21.9741085   38.6168027
  21.9734965   38.6158007
  21.9726075   38.613808
  21.9717623   38.6120886
  21.9707131   38.6108702
  21.9693724   38.6097998
  21.9682066   38.6086497
  21.9671428   38.6072376
  21.9673905   38.6068618
  21.9674925   38.6064291
  21.9675945   38.6054839
  21.9676965   38.6047209
  21.9673905   38.6036732
  21.9669533   38.6026027
  21.9681629   38.6020219
  21.9764839   38.600268
  21.9781597   38.6000175
  21.9786261   38.5999833
  21.9791944   38.5999605
  21.9797336   38.6001086
  21.9827647   38.6008716
  21.9844551   38.6011222
  21.9858687   38.6012247
  21.9865536   38.6009969
  21.9876757   38.5993911
  21.9880546   38.59889
  21.9888124   38.5985483
  21.9902696   38.5981497
  21.9916395   38.598013
  21.9931842   38.5974321
  21.9938719   38.5967682
  21.9950679   38.5955785
  21.9962096   38.5949836
  21.9983842   38.5943888
  21.9999608   38.5940913
  22.0019723   38.5927316
  22.0046361   38.5906495
  22.0062127   38.5895022
  22.0077893   38.5890773
  22.0097464   38.5891198
  22.011323    38.5892897
  22.0131714   38.5889498
  22.0148567   38.5885674
  22.0156178   38.5881849
  22.0154935   38.5875291
  22.0154003   38.5870376
  22.0150198   38.5863151
  22.005071    38.573693
  22.0042556   38.5712703
  22.0043285   38.5698734
  22.0043643   38.5691875
  22.0046361   38.5672748
  22.0040925   38.565532
  22.0039294   38.5641717
  22.0038207   38.5619613
  22.0037993   38.561326
  22.0037663   38.5603459
  22.0031683   38.5591556
  22.0011568   38.5585179
  21.9994171   38.5583053
  21.9973513   38.5579227
  21.9955572   38.5569875
  21.9941981   38.5553294
  21.9942525   38.5532037
  21.9949048   38.5515031
  21.995231    38.5500151
  21.9949592   38.5471664
  21.9946257   38.5458754
  21.9935682   38.5434282
  21.993295    38.536241
  21.9903316   38.5322177
  21.9907322   38.5317041
  21.9908107   38.530907
  21.9911801   38.5301838
  21.9919738   38.5294736
  21.9925769   38.5292425
  21.9926271   38.5292032
  21.9926409   38.5289759
  21.9926877   38.528739
  21.9928017   38.5284407
  21.9929162   38.5279583
  21.9929884   38.5277978
  21.9931902   38.5275968
  21.993318    38.5274542
  21.9933341   38.5273789
  21.993294    38.5272722
  21.9931082   38.5270963
  21.9929628   38.5269269
  21.9929626   38.5268251
  21.992985    38.5266521
  21.993192    38.5263395
  21.993499    38.5259417
  21.9937413   38.5257469
  21.9939375   38.5255961
  21.9941671   38.525394
  21.9943553   38.5252314
  21.9944309   38.5250688
  21.9944452   38.5248941
  21.994398    38.5247435
  21.9945958   38.5244201
  21.9949412   38.5242189
  21.9950244   38.5241386
  21.9951108   38.5239142
  21.9955421   38.523133
  21.9957634   38.5229564
  21.996206    38.5227403
  21.9966099   38.5226572
  21.9967252   38.5225703
  21.9967799   38.5224429
  21.9967422   38.5220775
  21.9966387   38.5218363
  21.9966109   38.5215818
  21.9965936   38.5213783
  21.9968624   38.5209857
  21.9971805   38.5206039
  21.9973554   38.5202777
  21.997418    38.519926
  21.997411    38.5197456
  21.997406    38.5194355
  21.9974922   38.5192318
  21.9977682   38.5189671
  21.9980161   38.5186085
  21.9983326   38.5182125
  21.9984331   38.5180747
  21.9984475   38.5179252
  21.9983348   38.5176186
  21.9984062   38.5174137
  21.9986924   38.5168691
  21.9989233   38.5165763
  21.9991347   38.5161905
  21.9992405   38.5153312
  21.9992487   38.5149688
  21.9991125   38.5146554
  21.9989893   38.5144308
  21.9989325   38.5142165
  21.9990832   38.5139858
  21.999252    38.5137615
  21.9992243   38.5136254
  21.9991172   38.5133769
  21.9991975   38.5132668
  21.9995794   38.5127596
  21.9996817   38.5123159
  21.9996604   38.5120341
  21.9994806   38.5115242
  21.9994602   38.5112745
  21.9995062   38.5108013
  21.9995824   38.5106436
  21.9995998   38.5105585
  21.9995558   38.5104862
  21.999484    38.5104356
  21.9993099   38.5103939
  21.999171    38.5103751
  21.9991025   38.5103302
  21.9990841   38.5102415
  21.9990541   38.5101328
  21.9989965   38.5099207
  21.9990289   38.5097542
  21.9990686   38.5094974
  21.9990514   38.5091105
  21.9990311   38.5089865
  21.9991076   38.5087063
  21.9991138   38.5084897
  21.999119    38.5082276
  21.999036    38.5080381
  21.9987768   38.5075999
  21.9985083   38.5073756
  21.9980432   38.5072778
  21.9970088   38.5073736
  21.9967288   38.5075219
  21.9965068   38.5077755
  21.9962977   38.5079042
  21.995951    38.5079544
  21.9951698   38.5079397
  21.9939569   38.5079569
  21.9935827   38.5078379
  21.99329     38.5077714
  21.9926227   38.507796
  21.9919746   38.5079057
  21.9912716   38.5079146
  21.9906205   38.5078263
  21.9905326   38.5077709
  21.9903394   38.5075598
  21.9902689   38.5074226
  21.9902409   38.5072854
  21.9902918   38.5070749
  21.9903109   38.5069563
  21.9901464   38.5061952
  21.9901053   38.5060514
  21.990063    38.5060164
  21.9896991   38.5059543
  21.9875578   38.5059382
  21.9859832   38.5062847
  21.9852028   38.5063604
  21.9847042   38.50634
  21.9843224   38.5062771
  21.9839308   38.5061375
  21.9832753   38.5055663
  21.9828736   38.5048746
  21.9827132   38.5043786
  21.9823108   38.503764
  21.9816234   38.503263
  21.9804461   38.5027528
  21.9798049   38.5028333
  21.9791236   38.5027696
  21.9785046   38.5025685
  21.9770314   38.5018359
  21.9757253   38.5011052
  21.974818    38.5009774
  21.9735025   38.5008295
  21.9726718   38.5005254
  21.971904    38.499817
  21.9716652   38.4994788
  21.9714095   38.4993476
  21.9711589   38.4993856
  21.9709353   38.4993727
  21.9707336   38.4992344
  21.9704867   38.4990146
  21.9700142   38.4984903
  21.9693146   38.4977899
  21.9687443   38.4974495
  21.9686283   38.4972513
  21.9684594   38.4962483
  21.9679867   38.4955526
  21.9677821   38.4954127
  21.9672677   38.4952877
  21.966633    38.4954552
  21.9655928   38.4961898
  21.9654408   38.4962758
  21.9647861   38.4965388
  21.9645815   38.4965326
  21.9641874   38.496434
  21.9640679   38.4963587
  21.9639138   38.4962115
  21.9638345   38.4961727
  21.963516    38.4961137
  21.9630395   38.496075
  21.96275     38.4960439
  21.9625999   38.4960039
  21.9622614   38.4958954
  21.9614459   38.4957323
  21.9606182   38.4956252
  21.960466    38.4956654
  21.9603127   38.4957188
  21.9601905   38.4957182
  21.9598976   38.4956799
  21.9596484   38.4956325
  21.9595843   38.4956283
  21.9593772   38.4956352
  21.9591958   38.4956042
  21.9587199   38.4955098
  21.9586377   38.4954791
  21.9584198   38.4953924
  21.9580692   38.4952527
  21.9576754   38.4951489
  21.9575184   38.4951397
  21.9574112   38.4951589
  21.9561614   38.49572
  21.9521712   38.4970243
  21.9517271   38.4971891
  21.9516365   38.4971951
  21.9514782   38.4971376
  21.9513229   38.4970121
  21.9512082   38.4967657
  21.950865    38.4959166
  21.9503738   38.4947274
  21.9499918   38.4941771
  21.9499413   38.4941358
  21.9498549   38.4940892
  21.9497613   38.4940853
  21.9496893   38.4941107
  21.9496081   38.4941862
  21.9494679   38.494405
  21.9493615   38.4945559
  21.9492783   38.4946117
  21.9491669   38.4946312
  21.9489928   38.4946365
  21.9482878   38.4946521
  21.94789     38.4947067
  21.9477324   38.4946911
  21.9475633   38.4946272
  21.947375    38.4945
  21.9469122   38.4937138
  21.9468      38.4936124
  21.9466679   38.4935744
  21.9462982   38.4934539
  21.9461954   38.4934508
  21.9458577   38.4934892
  21.9455814   38.4935704
  21.9454689   38.493575
  21.9453344   38.4935674
  21.9451783   38.4935047
  21.9450246   38.4933967
  21.944524    38.4932808
  21.943835    38.4931255
  21.9436903   38.4930805
  21.9435867   38.4930027
  21.9434599   38.4928593
  21.9434641   38.4928145
  21.9435025   38.4926885
  21.943559    38.492642
  21.943704    38.4925661
  21.9437295   38.4925246
  21.9437392   38.4922094
  21.9437054   38.4921495
  21.9435546   38.492002
  21.9431564   38.491736
  21.9428913   38.4915743
  21.9425651   38.4914293
  21.942167    38.4912942
  21.9420232   38.491265
  21.9419121   38.491275
  21.941732    38.4913395
  21.941589    38.4914926
  21.9411202   38.4918923
  21.9410533   38.4919401
  21.9409701   38.4919545
  21.9405193   38.4919013
  21.9400861   38.4918321
  21.9392356   38.4913146
  21.9390997   38.4912623
  21.9389451   38.4912345
  21.9378711   38.4914709
  21.9376482   38.4915823
  21.9370981   38.4917589
  21.9369404   38.4917351
  21.9368118   38.4916538
  21.9367167   38.4914795
  21.93649     38.4912539
  21.9362229   38.4910629
  21.9359641   38.4909555
  21.9353301   38.4907538
  21.935011    38.4905765
  21.9345788   38.4902592
  21.9340881   38.4898701
  21.9340693   38.4897782
  21.9342458   38.4892973
  21.9342532   38.4891395
  21.9342214   38.4887005
  21.9341708   38.4886184
  21.9340833   38.4885769
  21.933919    38.4885591
  21.9336026   38.4885821
  21.9330804   38.4886833
  21.9329488   38.4887235
  21.9324352   38.488999
  21.9322042   38.4890513
  21.9320711   38.4890542
  21.9319309   38.4890239
  21.9315738   38.4887719
  21.9314148   38.4885817
  21.9312982   38.4883362
  21.931356    38.4879004
  21.9314747   38.4874309
  21.9315176   38.4872356
  21.9315272   38.487139
  21.931465    38.4869816
  21.9313501   38.486847
  21.9311819   38.4867937
  21.9310554   38.4868136
  21.9309171   38.4868227
  21.9308364   38.4867964
  21.9308042   38.4867127
  21.9306749   38.4865726
  21.930514    38.4864573
  21.9301509   38.4862799
  21.9299013   38.4860341
  21.9296556   38.4851789
  21.9291286   38.484342
  21.929022    38.4841726
  21.9288991   38.4838408
  21.9288422   38.4837782
  21.928539    38.4836307
  21.9281822   38.4835036
  21.927806    38.4834781
  21.9276721   38.4835218
  21.9270987   38.4838974
  21.9266138   38.4839721
  21.9255482   38.4839893
  21.9251738   38.4839041
  21.9249971   38.483831
  21.9248541   38.4837503
  21.9246609   38.483492
  21.9246152   38.4832796
  21.9246217   38.4831728
  21.9245983   38.4830569
  21.924129    38.4825697
  21.9238498   38.4823597
  21.9236753   38.4822222
  21.9235561   38.4819102
  21.9233885   38.4817184
  21.9232404   38.4813887
  21.9231202   38.4810597
  21.9228927   38.4805764
  21.9227938   38.4804851
  21.922256    38.4802534
  21.9215049   38.4800642
  21.920968    38.4799743
  21.9202673   38.4798301
  21.9195931   38.4795276
  21.9185837   38.4784797
  21.9183147   38.4784485
  21.9180457   38.4785928
  21.9176571   38.4789838
  21.9170107   38.4796925
  21.9165399   38.4799695
  21.9162891   38.4798168
  21.9162812   38.4796641
  21.9163401   38.479461
  21.9162338   38.4790695
  21.9157968   38.4786959
  21.9148477   38.4778149
  21.9139492   38.4772746
  21.9137595   38.4772282
  21.9135022   38.4772196
  21.912967    38.4774042
  21.9128611   38.4774853
  21.9127291   38.4774654
  21.9125303   38.4773623
  21.9119989   38.4768603
  21.9114423   38.4765488
  21.9106951   38.4760862
  21.9099841   38.4756988
  21.909847    38.4756745
  21.9096675   38.4756243
  21.9095197   38.4755946
  21.9094709   38.4755993
  21.9093589   38.4757702
  21.9093294   38.4760749
  21.909238    38.4763521
  21.9089546   38.4768324
  21.9087913   38.4774188
  21.9087084   38.4775426
  21.9086081   38.4775872
  21.9084719   38.477559
  21.9081664   38.4774555
  21.9079745   38.4773199
  21.9078201   38.4770927
  21.9073326   38.4765223
  21.9070885   38.4760785
  21.9067725   38.4752982
  21.9065643   38.4748494
  21.9064793   38.474742
  21.9064324   38.4746275
  21.90615     38.4743794
  21.9057557   38.4742406
  21.9054704   38.4741617
  21.9052614   38.4741993
  21.9047221   38.4744114
  21.9044342   38.4744449
  21.9041038   38.4744038
  21.9038216   38.4743205
  21.9036176   38.4741892
  21.9036125   38.4738983
  21.9035098   38.4737197
  21.9032041   38.4736262
  21.9029423   38.4735077
  21.9026581   38.4732849
  21.901667    38.4731574
  21.9005371   38.4732284
  21.8993558   38.4733578
  21.899239    38.4733806
  21.898529    38.4736195
  21.8980166   38.4737732
  21.8975373   38.4738302
  21.8970535   38.473804
  21.8968845   38.4737533
  21.8967347   38.4735928
  21.8966363   38.4735382
  21.8956973   38.4733543
  21.8949622   38.4732232
  21.8945429   38.4731137
  21.8938145   38.4729235
  21.8925809   38.4728866
  21.8922487   38.4728817
  21.8921167   38.4728401
  21.8920578   38.4727439
  21.8919936   38.4725946
  21.8918995   38.4722817
  21.8917651   38.4720745
  21.8916541   38.471956
  21.8912635   38.4716149
  21.8909409   38.4712445
  21.8907641   38.470889
  21.8907193   38.4706756
  21.8907128   38.4704917
  21.8907328   38.4704112
  21.890991    38.4693731
  21.8909755   38.4692882
  21.8902752   38.4685587
  21.8901658   38.4685105
  21.8900009   38.4685027
  21.8893591   38.4686929
  21.8889471   38.4688465
  21.8884738   38.4688731
  21.8880505   38.4688204
  21.887889    38.4687553
  21.8877727   38.4686793
  21.8877525   38.4685976
  21.8876825   38.468456
  21.8876614   38.4681508
  21.8877137   38.4679538
  21.8878595   38.4677442
  21.8879113   38.4675405
  21.8879043   38.4674427
  21.8877393   38.4673127
  21.8875203   38.4670833
  21.8873589   38.4668075
  21.8870142   38.4660293
  21.886809    38.4657629
  21.8863887   38.4655472
  21.8861224   38.4654801
  21.8856041   38.4653496
  21.8843891   38.4649663
  21.8833278   38.4647119
  21.8827913   38.4646279
  21.8824909   38.4645103
  21.8821658   38.4643465
  21.8820371   38.4642121
  21.8819759   38.4640902
  21.8819727   38.4639264
  21.8818901   38.4636702
  21.8818257   38.4635694
  21.8817184   38.463435
  21.8815468   38.4632166
  21.8814395   38.4630822
  21.881305    38.4629681
  21.881182    38.4628637
  21.8809245   38.4626117
  21.8807732   38.4624597
  21.8807067   38.4622631
  21.8806885   38.4619396
  21.8807099   38.4612004
  21.8808387   38.4608979
  21.8810522   38.4607291
  21.8811605   38.4606963
  21.8815006   38.4605661
  21.8818257   38.4603771
  21.8821014   38.4601628
  21.8823192   38.4599402
  21.8823836   38.4596042
  21.8823589   38.4592387
  21.8823836   38.4589321
  21.8824694   38.4587472
  21.8825767   38.458512
  21.8825735   38.4582978
  21.882448    38.4580079
  21.8822978   38.4577895
  21.8821444   38.4576257
  21.8820585   38.4574072
  21.8820832   38.4571678
  21.8821905   38.4567813
  21.8821873   38.4565503
  21.882183    38.4563587
  21.8821916   38.4561638
  21.8821734   38.4559109
  21.8821733   38.4556017
  21.8821733   38.4553598
  21.8821604   38.4550808
  21.8821433   38.4547918
  21.8821658   38.4545338
  21.882212    38.4543011
  21.8822516   38.4540668
  21.8822806   38.4538844
  21.8823407   38.4534878
  21.8824051   38.4531854
  21.8824791   38.4529106
  21.8825167   38.4525972
  21.8826025   38.4522847
  21.8827881   38.4518116
  21.8828342   38.4515722
  21.8829844   38.4512025
  21.8831132   38.4509
  21.8831775   38.4503791
  21.8831958   38.4497447
  21.8832387   38.4492574
  21.8831969   38.4487994
  21.8832499   38.4485924
  21.8833138   38.4484507
  21.883435    38.4482617
  21.883538    38.4481474
  21.8836384   38.4479815
  21.8838052   38.4477718
  21.8839222   38.4475832
  21.8840562   38.4473714
  21.88417     38.4471131
  21.8843073   38.4468609
  21.8844522   38.446235
  21.8845723   38.4456232
  21.8846528   38.445272
  21.8848223   38.4449283
  21.8849338   38.4445855
  21.8852257   38.4440477
  21.8854789   38.443604
  21.8855743   38.443341
  21.8857117   38.4431041
  21.8857996   38.4429057
  21.8858383   38.4426066
  21.8858887   38.4424427
  21.8858812   38.4423209
  21.8858061   38.4422032
  21.8857096   38.442094
  21.8855164   38.4418839
  21.8852697   38.4417074
  21.8850766   38.4416906
  21.8849049   38.4416822
  21.8846152   38.4416906
  21.8843792   38.4416066
  21.8841324   38.4415226
  21.8838749   38.4414637
  21.8836282   38.4414385
  21.8833674   38.4413755
  21.8832312   38.4413041
  21.8830917   38.4411948
  21.8829737   38.4411024
  21.8829705   38.441031
  21.8829705   38.4408629
  21.8829844   38.4406738
  21.8830456   38.4405772
  21.8831239   38.4405646
  21.8832312   38.4405141
  21.8833009   38.4404595
  21.883317    38.4403629
  21.8832956   38.4402284
  21.8832473   38.4398755
  21.8832634   38.439762
  21.8833278   38.4396234
  21.8834855   38.4393377
  21.8835048   38.4392704
  21.8835262   38.4391654
  21.8835209   38.4389175
  21.8832419   38.4384805
  21.8826518   38.4379595
  21.8819759   38.437346
  21.8816755   38.4369426
  21.8813429   38.4363291
  21.8808065   38.4353963
  21.8804599   38.4348492
  21.8801665   38.4346614
  21.8798194   38.4345391
  21.8795512   38.4344466
  21.879283    38.4343206
  21.879122    38.4342113
  21.8790255   38.4341273
  21.8789933   38.4340348
  21.8789901   38.4338962
  21.8789933   38.4336735
  21.8789901   38.4334339
  21.8789504   38.4332448
  21.8787787   38.4328666
  21.8786789   38.4325935
  21.87865     38.4323372
  21.8786682   38.4321649
  21.8788109   38.4318833
  21.8790223   38.4315682
  21.8790791   38.4312698
  21.8790362   38.4310009
  21.8789472   38.4306941
  21.8788538   38.4304798
  21.8787304   38.4302865
  21.8785856   38.4301898
  21.8784193   38.430089
  21.8781779   38.4299503
  21.878105    38.4298578
  21.8780599   38.4297276
  21.8780814   38.4295469
  21.8781886   38.4291855
  21.8782745   38.4290006
  21.87843     38.4288283
  21.8785212   38.428698
  21.878591    38.4285173
  21.8786607   38.4283114
  21.8788377   38.4276894
  21.879004    38.4271725
  21.8792637   38.4267397
  21.8795909   38.4262564
  21.8798516   38.4259328
  21.8800555   38.4256134
  21.8801788   38.4254159
  21.8802432   38.4252898
  21.8802432   38.4252435
  21.8802378   38.4251805
  21.8801971   38.4251007
  21.8800984   38.4249956
  21.8797679   38.4247266
  21.8796478   38.4245711
  21.8795673   38.4243316
  21.8795512   38.4241214
  21.8795437   38.4238542
  21.8800763   38.421441
  21.880874    38.4199487
  21.8809487   38.4193706
  21.880836    38.4190344
  21.8805255   38.4184774
  21.8803226   38.4178699
  21.8803147   38.4172659
  21.8805346   38.416357
  21.8806717   38.4157735
  21.8807415   38.4153236
  21.880707    38.4146503
  21.8807003   38.4141778
  21.8806301   38.4135322
  21.8804417   38.4125978
  21.8795183   38.4108114
  21.8785613   38.4097796
  21.8775046   38.4081553
  21.8773975   38.4079594
  21.8768988   38.4070766
  21.8768497   38.4069406
  21.8767991   38.4065222
  21.8767001   38.4061929
  21.8765602   38.4058604
  21.8762831   38.4055378
  21.8761197   38.4053432
  21.8758774   38.4051528
  21.8753634   38.4047075
  21.8748976   38.4043821
  21.87436     38.4038748
  21.8740251   38.4034971
  21.8738371   38.4031644
  21.873714    38.4026974
  21.8736638   38.4025084
  21.8735735   38.4022453
  21.8734302   38.4020446
  21.8731349   38.4018948
  21.8725741   38.4017141
  21.8721406   38.4015319
  21.8717209   38.4013033
  21.8714388   38.4012057
  21.8712312   38.4010839
  21.8687718   38.3983017
  21.8685791   38.3981489
  21.8654791   38.3951163
  21.8636589   38.3929329
  21.8633827   38.3927425
  21.862554    38.3917606
  21.862145    38.3910447
  21.8616877   38.3903116
  21.8614087   38.3899079
  21.8610193   38.3891805
  21.8606652   38.3887516
  21.8601717   38.3880957
  21.8601478   38.3880556
  21.8601255   38.3880198
  21.8600939   38.3879779
  21.8600617   38.3879346
  21.8600066   38.3878576
  21.8599431   38.387724
  21.8597479   38.3874692
  21.8594958   38.3872379
  21.8590484   38.386767
  21.8587984   38.3864432
  21.8584905   38.3860564
  21.8580023   38.3854256
  21.8577395   38.3850009
  21.8576107   38.3847739
  21.8574766   38.3846225
  21.8574283   38.384551
  21.8574253   38.3845381
  21.8574176   38.3845048
  21.8574391   38.3844459
  21.8574498   38.3843954
  21.8574498   38.3843324
  21.8574305   38.3842819
  21.8573945   38.3842301
  21.8573314   38.3841605
  21.8572886   38.3841041
  21.8572165   38.3839778
  21.857026    38.3837016
  21.8567599   38.3832222
  21.8566687   38.3830288
  21.8564842   38.3825452
  21.8560926   38.3815318
  21.8560517   38.3813154
  21.8560195   38.381209
  21.8559798   38.3811151
  21.8559624   38.3810605
  21.8559617   38.381016
  21.8559463   38.3809625
  21.8559375   38.3808947
  21.8559166   38.3808199
  21.8558996   38.3807665
  21.855878    38.3807034
  21.855848    38.3806025
  21.8557333   38.3802177
  21.8556811   38.3800656
  21.8556391   38.3798916
  21.8555256   38.3796548
  21.8553645   38.3794297
  21.8551295   38.3791719
  21.8550334   38.3790541
  21.8550155   38.3788603
  21.8550352   38.3787279
  21.8550893   38.3782569
  21.8551485   38.3780098
  21.8551795   38.3778427
  21.8552079   38.3776854
  21.8551867   38.3775149
  21.8551023   38.377356
  21.853229    38.374319
  21.8530973   38.373959
  21.8530517   38.3738098
  21.8528903   38.373234
  21.8528271   38.3712513
  21.8483885   38.3573721
  21.8712615   38.3547524
  21.9032546   38.3488985
  21.9759951   38.3504584
  22.0575937   38.3276013
  22.1219017   38.2995691
  22.2339404   38.27377
  22.4130845   38.2240316
  22.3795561   38.1585054
  22.3735413   38.1435205
  22.3730443   38.1424275
  22.372635    38.1411574
  22.3722562   38.1396562
  22.3723026   38.1392062
  22.3724229   38.1388114
  22.3728123   38.1384563
  22.373335    38.1381842
  22.3741205   38.1379157
  22.3752031   38.1373314
  22.3753916   38.1371628
  22.3762327   38.1359894
  22.3764805   38.1354881
  22.3773152   38.1330575
  22.3773917   38.1325674
  22.3774386   38.1313514
  22.3773579   38.1301337
  22.3772517   38.1296952
  22.376338    38.1281956
  22.3764779   38.1265667
  22.375638    38.1252459
  22.372675    38.1245718
  22.3724283   38.1242169
  22.3721994   38.1237045
  22.3721271   38.1233971
  22.3723453   38.1223368
  22.3725244   38.1209018
  22.3726989   38.1202287
  22.3736449   38.1165782
  22.3745292   38.1150674
  22.3752166   38.1141307
  22.37548     38.1136793
  22.3764862   38.1106066
  22.3769521   38.1086575
  22.3774332   38.1065824
  22.3780013   38.1023277
  22.3780635   38.1013372
  22.3780468   38.1005259
  22.3777877   38.0974944
  22.3776705   38.0961905
  22.3772381   38.0936026
  22.3770821   38.0929382
  22.3766434   38.0921602
  22.3765222   38.0913308
  22.3752913   38.088759
  22.3750346   38.0878813
  22.375023    38.0875206
  22.3752281   38.0857256
  22.375535    38.0844321
  22.3758696   38.0835266
  22.3766135   38.0822572
  22.3767773   38.0818764
  22.37713     38.080552
  22.3771717   38.080057
  22.3771143   38.0797002
  22.3768679   38.079102
  22.376146    38.077925
  22.3738559   38.0755097
  22.3731138   38.0745487
  22.3726865   38.0738128
  22.3724462   38.0732598
  22.3721325   38.0722055
  22.3719717   38.0714418
  22.371941    38.0702743
  22.3719464   38.0680665
  22.3725796   38.0568239
  22.3728268   38.055034
  22.3727534   38.052735
  22.3726569   38.0519315
  22.3721696   38.0488968
  22.3718688   38.0474778
  22.3714572   38.0459941
  22.37116     38.04503
  22.3707902   38.0443222
  22.370537    38.044084
  22.370117    38.043849
  22.369107    38.043429
  22.367862    38.042984
  22.365297    38.042232
  22.3639188   38.0419512
  22.362065    38.041709
  22.3616153   38.0415136
  22.361079    38.041177
  22.359702    38.039635
  22.3589861   38.0370972
  22.358816    38.035797
  22.3587      38.034358
  22.358739    38.032872
  22.358913    38.031712
  22.35923     38.030986
  22.359795    38.030485
  22.3611549   38.0286652
  22.36145     38.028178
  22.362607    38.025734
  22.36274     38.024884
  22.362911    38.022994
  22.3628107   38.0225106
  22.362475    38.021551
  22.362192    38.020916
  22.3607589   38.018314
  22.359921    38.017189
  22.3590482   38.0162985
  22.356968    38.01476
  22.355283    38.013551
  22.354324    38.01288
  22.3536822   38.012434
  22.3529401   38.0120181
  22.3497652   38.010455
  22.3482462   38.0097488
  22.3461383   38.0087954
  22.3415529   38.0063111
  22.3411513   38.005936
  22.3406051   38.0052974
  22.3377784   38.0016257
  22.3368465   38.0003869
  22.3362514   37.9993647
  22.3355635   37.9982284
  22.3353662   37.9980138
  22.3338932   37.9967584
  22.3310186   37.9945502
  22.3300861   37.993834
  22.329138    37.9932573
  22.3277099   37.9921601
  22.3259598   37.9894812
  22.3254578   37.9885728
  22.3244804   37.9864231
  22.3242761   37.9860507
  22.3240164   37.9858127
  22.3235201   37.9855938
  22.3231255   37.9855612
  22.3222886   37.9857024
  22.3192348   37.9866547
  22.318931    37.986781
  22.3187205   37.9869267
  22.3171961   37.9883918
  22.3168018   37.9888323
  22.3165111   37.9890444
  22.3153009   37.9897165
  22.3143916   37.990091
  22.3135043   37.9903982
  22.312828    37.9904515
  22.3106069   37.9904647
  22.3091847   37.9903947
  22.3041648   37.9889842
  22.3031869   37.9886186
  22.3025177   37.9882755
  22.3017271   37.9877594
  22.3005797   37.986738
  22.3009513   37.9854637
  22.3017508   37.9832132
  22.3024735   37.9813131
  22.3032289   37.9795667
  22.3035697   37.9784722
  22.303712    37.9776677
  22.3037365   37.9771769
  22.3036108   37.9745661
  22.3034414   37.9735363
  22.302928    37.972155
  22.302647    37.971713
  22.300468    37.969699
  22.299412    37.968756
  22.2926814   37.9635486
  22.2921066   37.9632564
  22.290601    37.9627253
  22.289947    37.962572
  22.2891051   37.9625133
  22.288872    37.962479
  22.285522    37.962449
  22.2833034   37.9624884
  22.282337    37.962452
  22.2812708   37.96231
  22.2801107   37.9620857
  22.279465    37.96191
  22.2788453   37.9616797
  22.277358    37.961018
  22.276629    37.960588
  22.27617     37.960253
  22.274492    37.958453
  22.274028    37.957711
  22.273385    37.956463
  22.2732475   37.9555462
  22.2731056   37.9553008
  22.2727866   37.9551158
  22.270641    37.9543949
  22.2675922   37.9535209
  22.2647242   37.9531948
  22.2620629   37.9530384
  22.2613809   37.9530643
  22.2563161   37.9536833
  22.2547863   37.9540346
  22.2540065   37.9543114
  22.253332    37.9547249
  22.2529851   37.9548775
  22.2523539   37.9550844
  22.2517464   37.9552015
  22.2513482   37.9552136
  22.2499903   37.9552114
  22.2494011   37.9551306
  22.2488704   37.9550551
  22.2472606   37.9547698
  22.2455757   37.9542355
  22.2446643   37.9542309
  22.244161    37.9543045
  22.2433232   37.9545849
  22.2428619   37.9548934
  22.2425555   37.9546635
  22.2424385   37.9545717
  22.2422516   37.9541904
  22.2421905   37.9533379
  22.2422647   37.951852
  22.2419445   37.9506171
  22.2413074   37.949026
  22.2406359   37.9476867
  22.2400407   37.9468171
  22.2398392   37.9463951
  22.2398193   37.9461695
  22.239918    37.9457745
  22.2404243   37.9447186
  22.2416832   37.9427503
  22.2430028   37.9409631
  22.2436272   37.9395621
  22.24381     37.9387673
  22.24394     37.9370119
  22.2438708   37.9356591
  22.2437226   37.934625
  22.24371     37.9331829
  22.2437949   37.9325128
  22.2439604   37.9318033
  22.2441698   37.9311035
  22.2450985   37.9288328
  22.2456557   37.9273181
  22.2464676   37.9240003
  22.2468161   37.9218111
  22.2470725   37.9193997
  22.247133    37.9175532
  22.2469841   37.9159312
  22.2467494   37.9133749
  22.2463319   37.9104218
  22.2462145   37.9090645
  22.2454609   37.9075836
  22.244594    37.9057728
  22.2439509   37.9046682
  22.243667    37.9042765
  22.2434208   37.904034
  22.2423669   37.9034099
  22.2413334   37.9028309
  22.2403453   37.9025291
  22.2389588   37.9023908
  22.2382219   37.9021656
  22.2375212   37.9015912
  22.2369669   37.9009466
  22.2359546   37.9003504
  22.2348666   37.899802
  22.2340053   37.8995516
  22.233194    37.898914
  22.2325076   37.8985575
  22.2318636   37.8981531
  22.2313651   37.8979596
  22.2308829   37.8974545
  22.230376    37.8971722
  22.2302984   37.8968814
  22.2300971   37.8963673
  22.2301178   37.895787
  22.2293868   37.894271
  22.22884     37.8934832
  22.2277772   37.8922596
  22.2266546   37.8911793
  22.2253898   37.8900833
  22.2227105   37.8884117
  22.2218048   37.8879474
  22.2202428   37.8872074
  22.2190006   37.8867605
  22.2184584   37.8866262
  22.2235099   37.8858148
  22.2247266   37.8855764
  22.2256479   37.8851352
  22.2267108   37.8845248
  22.2280039   37.8835755
  22.2283227   37.8833054
  22.2283513   37.8832225
  22.227511    37.8800489
  22.2274116   37.8795135
  22.2274237   37.8781168
  22.2275481   37.8775397
  22.2277311   37.8770197
  22.2280735   37.8764008
  22.2284272   37.8760501
  22.2290295   37.8757979
  22.2293112   37.8757818
  22.2306141   37.8758712
  22.2313473   37.8758147
  22.2318397   37.8756981
  22.2374717   37.8737639
  22.2381712   37.8733779
  22.238513    37.873018
  22.2387767   37.8723303
  22.2391566   37.8717254
  22.2407833   37.8694021
  22.2414187   37.8686005
  22.2421666   37.8679831
  22.2437453   37.8668171
  22.2441214   37.8666154
  22.2448927   37.8663273
  22.2459239   37.8658492
  22.2464465   37.8655777
  22.2467313   37.8653589
  22.2469408   37.8650916
  22.2480166   37.8629583
  22.2494177   37.859514
  22.2501307   37.8582547
  22.2531141   37.8529856
  22.2539861   37.8515206
  22.2566402   37.84848
  22.257219    37.8479253
  22.2578121   37.8475038
  22.2587008   37.847019
  22.2594831   37.8467512
  22.260695    37.8462622
  22.2610885   37.846081
  22.2624326   37.8451929
  22.2628695   37.8449042
  22.263515    37.8442739
  22.2635854   37.8441037
  22.2641009   37.8420813
  22.264355    37.8397532
  22.2643297   37.8393946
  22.2624653   37.8388511
  22.2610895   37.8385672
  22.2604717   37.8385198
  22.2596807   37.8386005
  22.2581502   37.8390803
  22.2569391   37.8393282
  22.2542243   37.8397656
  22.2537152   37.8398031
  22.2529769   37.83979
  22.2522415   37.8397385
  22.2513638   37.8395542
  22.2506276   37.8393157
  22.2494035   37.8388041
  22.2477861   37.8388724
  22.2432032   37.8391962
  22.2424757   37.8392957
  22.2397098   37.8395428
  22.238144    37.8395915
  22.2370184   37.8394822
  22.2363123   37.8393072
  22.2358498   37.8391358
  22.2353319   37.8388577
  22.2348187   37.838503
  22.2338249   37.8375756
  22.2334451   37.8370765
  22.2329216   37.8356966
  22.2322483   37.8341184
  22.2320529   37.8337933
  22.2309207   37.8324966
  22.2305575   37.8321509
  22.2293996   37.8314238
  22.228808    37.8311581
  22.2283236   37.8310269
  22.2279325   37.8309736
  22.2265706   37.8309351
  22.2257822   37.8310156
  22.2237318   37.8313812
  22.2231303   37.8315141
  22.2221284   37.8318324
  22.221157    37.8323787
  22.2207593   37.832553
  22.2190449   37.8330317
  22.2180757   37.8332153
  22.2178532   37.8332232
  22.217725    37.8331785
  22.2175829   37.8327235
  22.2173107   37.8308899
  22.2171404   37.8305584
  22.2168217   37.8303733
  22.2164893   37.8303165
  22.2159796   37.8303426
  22.2128578   37.8308269
  22.2122929   37.8308837
  22.2118999   37.8308349
  22.2116455   37.8307387
  22.2113317   37.8305447
  22.2096777   37.8294313
  22.2060778   37.8280044
  22.2037141   37.8277589
  22.2014434   37.8277017
  22.1997481   37.8275676
  22.1991892   37.8274825
  22.1987629   37.8273633
  22.1981901   37.8270707
  22.1977636   37.8265933
  22.197332    37.8258589
  22.1970536   37.825172
  22.1962986   37.8226281
  22.196121    37.8222964
  22.1958753   37.821993
  22.195425    37.8215873
  22.1943603   37.8208433
  22.1937106   37.8204796
  22.1927169   37.8200431
  22.1920843   37.8196616
  22.1909734   37.81882
  22.1905508   37.8184034
  22.1903393   37.817936
  22.1902827   37.8175792
  22.1901774   37.8142003
  22.1900466   37.812085
  22.1896114   37.811256
  22.1891658   37.8109112
  22.1884561   37.8105398
  22.1860598   37.809836
  22.1844322   37.8091575
  22.1828904   37.8082371
  22.1816229   37.8073343
  22.1808169   37.8064071
  22.1798048   37.8045463
  22.1788216   37.8021475
  22.1776182   37.7997722
  22.1770208   37.7986026
  22.1761111   37.797408
  22.1757187   37.796708
  22.175437    37.7960705
  22.1753114   37.795494
  22.1746117   37.7932804
  22.171568    37.7936386
  22.1584569   37.7988947
  22.156691    37.7998208
  22.1538241   37.8015165
  22.1491429   37.8035615
  22.1463214   37.8022149
  22.1457154   37.8019666
  22.145284    37.8018584
  22.1446671   37.8017743
  22.1430809   37.8016885
  22.1417748   37.8016859
  22.1408814   37.8018137
  22.1405571   37.8040616
  22.1404006   37.804726
  22.1401476   37.8054182
  22.1393579   37.8066156
  22.1373726   37.8088642
  22.1364232   37.8095093
  22.1351872   37.8102265
  22.1335471   37.8111085
  22.132354    37.8116303
  22.13148     37.8119566
  22.1295969   37.8128662
  22.1269629   37.8142573
  22.1266499   37.8144505
  22.1263043   37.8151637
  22.1262691   37.8156656
  22.126377    37.815807
  22.1274153   37.8168216
  22.1286398   37.817972
  22.1291843   37.8184268
  22.1302806   37.8194535
  22.1309784   37.8202194
  22.1311995   37.8207275
  22.131252    37.8209965
  22.131228    37.8212169
  22.1310128   37.8216393
  22.1307985   37.821904
  22.1299588   37.8225125
  22.1293463   37.8227393
  22.1276661   37.8231677
  22.1264468   37.8235381
  22.1258002   37.823823
  22.1246181   37.8244462
  22.1240689   37.824068
  22.1231965   37.8237026
  22.1226319   37.8236643
  22.1187076   37.8238923
  22.1156773   37.824299
  22.1150536   37.8243093
  22.1146332   37.8241741
  22.1139824   37.8238122
  22.1130747   37.8232074
  22.1126674   37.8228336
  22.1115716   37.8221154
  22.1112047   37.8219946
  22.1108705   37.8219442
  22.1100208   37.8220049
  22.1092968   37.8221195
  22.1088155   37.8222559
  22.1082633   37.8224836
  22.1076636   37.8226249
  22.1045824   37.8229944
  22.1040761   37.822966
  22.1036464   37.8228487
  22.1031731   37.8226
  22.1020117   37.8217454
  22.1016295   37.8213518
  22.0992938   37.8187614
  22.0985662   37.8174948
  22.0984024   37.8160097
  22.0982847   37.8156676
  22.0980121   37.8153771
  22.0976838   37.8151262
  22.0970475   37.8149402
  22.0962037   37.8148544
  22.0956395   37.8149016
  22.0941605   37.8152202
  22.0933089   37.8152221
  22.0928587   37.8151675
  22.0924492   37.8149266
  22.091172    37.8138515
  22.0887905   37.8122386
  22.0877434   37.8115294
  22.086139    37.8105233
  22.0843836   37.809697
  22.0839478   37.8094919
  22.0821406   37.8086446
  22.0813888   37.8084386
  22.0806726   37.8082985
  22.0801069   37.8082645
  22.0794838   37.8082994
  22.0774747   37.808751
  22.0770849   37.8088213
  22.076662    37.808704
  22.0763235   37.8083988
  22.0760695   37.807899
  22.076016    37.8066387
  22.0758904   37.8057873
  22.0751932   37.8035229
  22.0750283   37.8030921
  22.072252    37.7996786
  22.0697567   37.7966345
  22.0687594   37.7956516
  22.0672954   37.7946723
  22.0641072   37.7930361
  22.062205    37.7924529
  22.0615272   37.7920407
  22.0614396   37.7919874
  22.0612254   37.7917789
  22.0611033   37.7916278
  22.0573975   37.7870431
  22.0570681   37.7865195
  22.0569042   37.7861361
  22.0568065   37.7856005
  22.0567997   37.7851949
  22.0569627   37.7849587
  22.0579454   37.7842765
  22.0580482   37.784116
  22.0580999   37.7838938
  22.05803     37.783539
  22.0573985   37.7820461
  22.057337    37.7818063
  22.0569831   37.7811854
  22.0567833   37.7810379
  22.0563547   37.7809001
  22.0550621   37.7807504
  22.0542695   37.7807215
  22.0532162   37.7809046
  22.0521986   37.7811852
  22.0511166   37.7816787
  22.0506634   37.7820182
  22.0499163   37.7826321
  22.0487613   37.7837395
  22.0477667   37.7847233
  22.0450382   37.7866134
  22.0435333   37.7876338
  22.0422476   37.7883762
  22.0410476   37.7887843
  22.0403857   37.7889084
  22.0371638   37.7891409
  22.0355188   37.7891901
  22.0334011   37.7891165
  22.0317833   37.7889012
  22.0308261   37.7887738
  22.0274504   37.7884222
  22.0258043   37.7884058
  22.0246718   37.7884612
  22.021421    37.7890983
  22.0196912   37.7895311
  22.0174803   37.7901045
  22.0156132   37.7907601
  22.0145363   37.7912579
  22.0136695   37.7917683
  22.0121483   37.7924658
  22.0118092   37.7925119
  22.0114697   37.7924926
  22.0105806   37.792196
  22.0095816   37.7944185
  22.0093092   37.7949141
  22.0089029   37.7955065
  22.0077127   37.7965318
  22.0075899   37.7967843
  22.0070011   37.7982365
  22.0014357   37.7988721
  22.000294    37.7994227
  21.999446    37.7997846
  21.9993975   37.7997928
  21.9976131   37.8000891
  21.9963648   37.8000656
  21.9961089   37.8000387
  21.9936093   37.7997754
  21.9916535   37.7995213
  21.9889982   37.7989015
  21.9882908   37.7987339
  21.9877948   37.7985182
  21.9876245   37.7983981
  21.9861064   37.7968244
  21.9858586   37.7966422
  21.9855975   37.7965499
  21.9847556   37.7964476
  21.984131    37.7964324
  21.9827565   37.7964967
  21.9825445   37.796608
  21.9823627   37.7969608
  21.9838354   37.7988447
  21.9840466   37.7992629
  21.9841016   37.7995387
  21.9840412   37.7996976
  21.9834024   37.8002161
  21.9829586   37.8004969
  21.9823057   37.8008552
  21.9807157   37.8016255
  21.9789145   37.80248
  21.9777969   37.8031682
  21.9774672   37.8034149
  21.9772125   37.8036561
  21.9752267   37.8056699
  21.9747167   37.806319
  21.9738888   37.8074425
  21.9731501   37.8086103
  21.9716807   37.8105293
  21.9703368   37.8122499
  21.9699895   37.8125435
  21.9694844   37.812839
  21.9683309   37.8132201
  21.9673246   37.8135024
  21.9666547   37.8135832
  21.964837    37.813554
  21.9622251   37.8134323
  21.959665    37.8145031
  21.9592798   37.8149335
  21.9589103   37.8152133
  21.9484394   37.82211
  21.9479012   37.8224408
  21.9472573   37.8227179
  21.9466334   37.8226733
  21.9458524   37.8225538
  21.9451738   37.8222265
  21.9427182   37.8205255
  21.9420722   37.820023
  21.9404589   37.8184583
  21.938155    37.8161336
  21.9364034   37.8143388
  21.9351684   37.8149773
  21.9293151   37.8180759
  21.9287028   37.8184796
  21.9275466   37.8195182
  21.9273161   37.8197755
  21.9271794   37.8201177
  21.9272307   37.8211032
  21.9277741   37.822478
  21.9279821   37.8236847
  21.927976    37.8244484
  21.9277733   37.8249179
  21.927572    37.8251329
  21.9272792   37.8252719
  21.9262831   37.8254436
  21.9236903   37.8253303
  21.9218003   37.8275725
  21.9214067   37.8278967
  21.9209021   37.8281896
  21.9182651   37.8287131
  21.9168696   37.8289204
  21.9157879   37.8291919
  21.915247    37.8294369
  21.9142324   37.8300114
  21.913263    37.8306341
  21.9124407   37.8312526
  21.9115439   37.8320657
  21.9109773   37.8324409
  21.9102423   37.8327816
  21.9092789   37.8328231
  21.9066913   37.8321395
  21.9054771   37.8319107
  21.9048518   37.8319108
  21.903842    37.832037
  21.9031569   37.8322569
  21.9027107   37.8324517
  21.9015494   37.833438
  21.896999    37.837367
  21.8967908   37.8376877
  21.8955802   37.8395517
  21.8949713   37.8408611
  21.8940538   37.8420544
  21.8939167   37.8421196
  21.8914898   37.8424704
  21.8909159   37.8435798
  21.8908211   37.8446145
  21.8911823   37.8455603
  21.8917726   37.846382
  21.8921825   37.846752
  21.8932753   37.8479589
  21.8938858   37.8488214
  21.8947795   37.8502274
  21.8956319   37.8516484
  21.8957411   37.8521798
  21.8958423   37.8569893
  21.8958407   37.8572596
  21.8957701   37.8574791
  21.8953271   37.8579466
  21.8946534   37.8584933
  21.8932749   37.8594283
  21.891536    37.8610936
  21.8909628   37.8617615
  21.8904482   37.8629057
  21.8901791   37.8639192
  21.8902817   37.8655904
  21.8902612   37.8656534
  21.8899128   37.8656312
  21.8892997   37.8656909
  21.888758    37.8656152
  21.8882062   37.8654571
  21.8880541   37.8654053
  21.887883    37.8653008
  21.8877123   37.8651132
  21.8870428   37.8647147
  21.8858488   37.8641673
  21.8849222   37.8636204
  21.8842342   37.8634901
  21.8840533   37.8637087
  21.8839399   37.8638563
  21.8837435   37.863921
  21.8835041   37.8638724
  21.8832132   37.8637623
  21.8828673   37.863698
  21.8823264   37.863857
  21.8818493   37.86392
  21.8814102   37.8638787
  21.8810209   37.86372
  21.880382    37.8634978
  21.879794    37.8631017
  21.8792661   37.862753
  21.8786709   37.8625844
  21.8779485   37.8624167
  21.8773782   37.8621379
  21.876822    37.861796
  21.8763871   37.8615162
  21.8760119   37.8611183
  21.8756171   37.8603297
  21.8752042   37.8598577
  21.8744363   37.8596659
  21.8735847   37.8593132
  21.8730932   37.8589502
  21.8726963   37.858621
  21.8723741   37.8582785
  21.8722161   37.8574915
  21.872018    37.8570314
  21.8718195   37.8565055
  21.8715057   37.856142
  21.8711611   37.8558684
  21.8708549   37.8557131
  21.8706598   37.855691
  21.8704627   37.8557561
  21.8703587   37.8558834
  21.8704179   37.856148
  21.8705182   37.8563758
  21.8707512   37.8565696
  21.8708802   37.8567309
  21.8709268   37.857028
  21.8707381   37.8572523
  21.8705465   37.857558
  21.8702318   37.8579844
  21.8700427   37.8583009
  21.8698476   37.858407
  21.8695511   37.8585077
  21.8692383   37.8584434
  21.8687696   37.8582962
  21.8683969   37.8579955
  21.8681032   37.8576367
  21.8678388   37.857198
  21.8676454   37.8567393
  21.8675792   37.8561994
  21.8676477   37.8557103
  21.8676462   37.8554105
  21.8676869   37.8550118
  21.8677721   37.8547255
  21.8675973   37.8544314
  21.8672653   37.8540832
  21.8668016   37.853631
  21.8664139   37.8534489
  21.8660667   37.8533389
  21.8657018   37.8534169
  21.8652912   37.853613
  21.8650758   37.8538731
  21.8649115   37.8541092
  21.8647033   37.8542993
  21.8644539   37.8544241
  21.8640795   37.8545361
  21.8637228   37.8545237
  21.8634667   37.8545194
  21.8630475   37.8544916
  21.8626289   37.854268
  21.8624614   37.8539828
  21.8625457   37.8535769
  21.8625165   37.8531893
  21.8625108   37.8527971
  21.8623358   37.852621
  21.8621375   37.8525423
  21.8618947   37.8525357
  21.8615813   37.8527246
  21.8611277   37.8528306
  21.8606437   37.8529327
  21.8603573   37.8530587
  21.8599329   37.8532393
  21.8595935   37.8534403
  21.8590877   37.853687
  21.8587025   37.853723
  21.8583165   37.8536815
  21.8579394   37.8534313
  21.8575704   37.8531507
  21.8573165   37.852809
  21.8569551   37.8524767
  21.8565464   37.8520881
  21.8562631   37.851775
  21.8558638   37.8515265
  21.8554897   37.851304
  21.8549933   37.8510992
  21.8546822   37.8509618
  21.8543758   37.850962
  21.8541424   37.8510979
  21.8539645   37.851313
  21.8537095   37.851276
  21.8535692   37.8511108
  21.8534464   37.8509643
  21.8533089   37.8508391
  21.8530965   37.8506611
  21.8526709   37.8502958
  21.8523468   37.8499601
  21.8522118   37.8496913
  21.8522575   37.8493733
  21.8525102   37.8491794
  21.8527485   37.8490144
  21.8528416   37.8488257
  21.8528827   37.8485311
  21.8527875   37.848317
  21.8526018   37.8480949
  21.8522604   37.8477676
  21.8522345   37.8476359
  21.8522939   37.8474862
  21.8523807   37.8473408
  21.852691    37.8471592
  21.8528265   37.8469116
  21.852819    37.8466702
  21.8527279   37.8464434
  21.8525556   37.8463383
  21.8522892   37.8462981
  21.8520419   37.846207
  21.851637    37.8460946
  21.8512061   37.8460676
  21.8506779   37.8461685
  21.8498687   37.8463875
  21.8494416   37.846423
  21.8490819   37.8462721
  21.8488159   37.8460472
  21.8485724   37.8456271
  21.848209    37.845139
  21.8477482   37.8447396
  21.8472237   37.8443313
  21.8466355   37.8438402
  21.8458996   37.8432835
  21.8452867   37.8428419
  21.844896    37.8425817
  21.844601    37.8423155
  21.844318    37.8419198
  21.844364    37.8415315
  21.8446037   37.8412991
  21.8447964   37.841042
  21.8447121   37.8407395
  21.8445242   37.8406318
  21.8442154   37.8405612
  21.8436899   37.8404735
  21.8430751   37.8404093
  21.8425036   37.8403173
  21.8418941   37.8401355
  21.841653    37.8400264
  21.841458    37.8398853
  21.8413659   37.8397013
  21.8413957   37.8393462
  21.841412    37.8390617
  21.8413632   37.8387173
  21.8412549   37.8384906
  21.8409333   37.8381191
  21.8405678   37.8378129
  21.8400803   37.8374455
  21.839712    37.8372377
  21.839208    37.8370627
  21.8386541   37.8369315
  21.8380286   37.8367921
  21.8377725   37.836629
  21.8375793   37.8364062
  21.8372928   37.8357798
  21.8368814   37.8354638
  21.8365297   37.8348484
  21.8360585   37.8344466
  21.8348405   37.8333463
  21.8337328   37.8329441
  21.8327303   37.8327849
  21.8310159   37.8323112
  21.8303085   37.831037
  21.8302031   37.8305836
  21.8301558   37.8304708
  21.8299638   37.8303978
  21.8292967   37.8301226
  21.8283337   37.8297013
  21.8272274   37.8295825
  21.8267261   37.8294431
  21.8259034   37.8289141
  21.8254444   37.828642
  21.8245182   37.8284754
  21.8236637   37.8282547
  21.8232954   37.8277026
  21.8221002   37.8274588
  21.8215628   37.8275088
  21.8211255   37.8275436
  21.820945    37.8274688
  21.8208789   37.8272999
  21.8206768   37.8271319
  21.8205977   37.8269203
  21.8206184   37.826715
  21.8204891   37.8265518
  21.8202886   37.8264492
  21.8189121   37.8260864
  21.818228    37.825941
  21.8176974   37.825517
  21.8174725   37.8249716
  21.8172932   37.8241737
  21.8163604   37.8225623
  21.8158218   37.8217249
  21.8156217   37.8213957
  21.8153147   37.821295
  21.8149739   37.8213511
  21.8143688   37.8217004
  21.8138205   37.8217146
  21.8135243   37.8217636
  21.8132281   37.8217599
  21.8120463   37.8211101
  21.8111572   37.8203081
  21.8105484   37.8194894
  21.8105189   37.8189737
  21.8107758   37.8184296
  21.8110676   37.8177774
  21.8111234   37.81724
  21.8109684   37.8165756
  21.8104255   37.8162764
  21.809772    37.81613
  21.8091842   37.8158971
  21.8088849   37.8156081
  21.8087449   37.8151809
  21.8086907   37.8142257
  21.8090764   37.8135349
  21.8091165   37.8131642
  21.8090689   37.8130073
  21.8087586   37.8127678
  21.8085651   37.8124212
  21.8083876   37.8117838
  21.8077074   37.8107518
  21.8072868   37.8101411
  21.8067901   37.809624
  21.8063485   37.8091379
  21.8062408   37.8089153
  21.8063083   37.8085712
  21.8063829   37.808353
  21.8065251   37.8081093
  21.8064618   37.8078389
  21.8058003   37.8071107
  21.8050112   37.8066899
  21.8045933   37.8062287
  21.8042656   37.8052039
  21.804108    37.8048688
  21.8037838   37.804633
  21.803241    37.8045016
  21.8029534   37.8044122
  21.8025833   37.8041812
  21.8020029   37.803642
  21.8018097   37.803208
  21.8014095   37.8025739
  21.8009986   37.8020801
  21.8002465   37.8016206
  21.799517    37.8010798
  21.7990465   37.8002596
  21.798829    37.7995146
  21.7985374   37.7991673
  21.7981984   37.7988464
  21.7975493   37.7985539
  21.7970477   37.7981512
  21.7958547   37.796103
  21.7956605   37.7953765
  21.7958643   37.7943582
  21.7958863   37.7937978
  21.7956959   37.7934477
  21.7948349   37.7927457
  21.7945887   37.7922442
  21.7946987   37.791638
  21.7946965   37.791128
  21.7942615   37.790426
  21.7935721   37.7896659
  21.7932202   37.7892538
  21.7931821   37.7888681
  21.7935625   37.7881715
  21.7943027   37.7875986
  21.7944208   37.7873576
  21.7943784   37.7871269
  21.7938227   37.7863316
  21.7938264   37.7858052
  21.7939301   37.7855071
  21.7941295   37.7852006
  21.7944079   37.7847121
  21.7946402   37.7841872
  21.7946799   37.7835665
  21.794483    37.7826783
  21.7944712   37.7819283
  21.7944905   37.7814963
  21.7946761   37.7810977
  21.7949739   37.7805678
  21.7956235   37.7792806
  21.7961123   37.7787531
  21.7962652   37.7782646
  21.7961086   37.7778471
  21.7963619   37.7774076
  21.7969164   37.7766895
  21.7969593   37.7765533
  21.796818    37.7763578
  21.7967581   37.776154
  21.7968015   37.7756102
  21.7967041   37.7752267
  21.7964864   37.7749271
  21.7963076   37.774531
  21.7962404   37.7741447
  21.7963736   37.7737945
  21.7968961   37.773282
  21.7967993   37.772847
  21.7964987   37.772575
  21.7953665   37.7718582
  21.7952776   37.7715568
  21.7954047   37.7711754
  21.7957285   37.7706979
  21.7957913   37.7704717
  21.7955042   37.7703348
  21.7953483   37.76983
  21.7954348   37.7693615
  21.7959035   37.7690695
  21.7959681   37.7689095
  21.7959441   37.7686235
  21.7960803   37.7681915
  21.7961501   37.7679955
  21.7961349   37.7677295
  21.7959976   37.7671796
  21.7956512   37.7668039
  21.7954321   37.7663471
  21.7954014   37.7661224
  21.7954557   37.7655966
  21.7954346   37.7652721
  21.7953438   37.7651725
  21.7950451   37.7650849
  21.7949467   37.7649096
  21.7947154   37.764793
  21.7942561   37.7643375
  21.7940184   37.7641097
  21.7938317   37.7637929
  21.7938841   37.7636353
  21.7942226   37.7634159
  21.7943785   37.7630984
  21.7946308   37.762787
  21.7947543   37.7624374
  21.7949642   37.7621377
  21.7948599   37.761973
  21.794671    37.761914
  21.7946296   37.7618295
  21.794697    37.7616602
  21.7947561   37.761303
  21.794885    37.7609331
  21.7949974   37.7606191
  21.7949956   37.7603062
  21.7949212   37.7600342
  21.795002    37.7596692
  21.7950759   37.7594963
  21.7950907   37.759281
  21.7950507   37.7588546
  21.7951923   37.7579175
  21.7954249   37.7575778
  21.7956123   37.7574016
  21.7958294   37.7572796
  21.7960009   37.757147
  21.7964043   37.7569435
  21.7965765   37.7568078
  21.796636    37.7566721
  21.7966937   37.7563535
  21.7965855   37.7560545
  21.7963422   37.7557661
  21.7960576   37.7551815
  21.7960843   37.7549847
  21.7960574   37.7546415
  21.796113    37.7541008
  21.7963617   37.7535728
  21.7969148   37.7531744
  21.7972236   37.7528374
  21.7972856   37.7526997
  21.7975467   37.7523467
  21.7975691   37.7520786
  21.7974706   37.7519552
  21.7970042   37.7516838
  21.7966947   37.7513251
  21.7965422   37.7511357
  21.7964326   37.7509379
  21.7961916   37.7505237
  21.7959801   37.7502474
  21.7958832   37.7500066
  21.795942    37.7496487
  21.7961859   37.7490956
  21.7964707   37.7487409
  21.796588    37.7485699
  21.7966976   37.7483331
  21.7968314   37.7477674
  21.7968882   37.7471883
  21.796893    37.7467523
  21.7968577   37.7463151
  21.796803    37.7458051
  21.7966279   37.745314
  21.7964483   37.744851
  21.7962842   37.7444051
  21.7961817   37.7441564
  21.7961093   37.7435934
  21.7960439   37.7431536
  21.7960481   37.742874
  21.7961817   37.742609
  21.7963007   37.7424426
  21.7964264   37.7422973
  21.7965487   37.7420945
  21.7966476   37.7419729
  21.7967628   37.7418691
  21.7968434   37.7417216
  21.7969166   37.741602
  21.7970457   37.7414331
  21.7971146   37.7413328
  21.7971485   37.7412287
  21.7971608   37.741138
  21.7971962   37.7410287
  21.7972044   37.7409329
  21.7971814   37.7408154
  21.7971319   37.7407164
  21.7966378   37.7404105
  21.7963303   37.7402675
  21.7960383   37.7400635
  21.7959656   37.7392768
  21.7960547   37.7389324
  21.7961283   37.7387625
  21.7962789   37.7385608
  21.7966711   37.7381759
  21.7969589   37.7378986
  21.7970787   37.737564
  21.7970206   37.737403
  21.7970154   37.7372946
  21.7971025   37.7371106
  21.7971967   37.7369704
  21.797443    37.7367614
  21.7975476   37.7366927
  21.7976676   37.7366606
  21.7979046   37.7365963
  21.7981662   37.736487
  21.7982984   37.7363898
  21.7984715   37.7361851
  21.798395    37.7354102
  21.7982292   37.7349692
  21.7981634   37.7348541
  21.7981074   37.7347684
  21.7980432   37.7347089
  21.7979953   37.7346548
  21.7979824   37.7346081
  21.7979673   37.7345579
  21.7979575   37.734521
  21.7979385   37.734464
  21.7979092   37.7343332
  21.7979041   37.7342218
  21.7979462   37.7341209
  21.7980245   37.7340548
  21.7981859   37.7339584
  21.7985203   37.7339244
  21.7987966   37.7339289
  21.7991026   37.7340176
  21.7993948   37.7340868
  21.7997928   37.7341276
  21.7999116   37.7341383
  21.8001544   37.7341436
  21.8002365   37.7341237
  21.8003586   37.7340734
  21.8004864   37.7340083
  21.8005502   37.7339203
  21.8005815   37.73376
  21.8005871   37.7336417
  21.8005717   37.733567
  21.8005247   37.7335011
  21.8004088   37.7334601
  21.8003223   37.733393
  21.8001935   37.7333273
  21.8000728   37.7332403
  21.7999977   37.7331363
  21.7999756   37.733078
  21.7999548   37.7329666
  21.7999461   37.7328786
  21.7999058   37.7327725
  21.799728    37.7325486
  21.7995652   37.7323652
  21.7994928   37.7322337
  21.7994405   37.7320247
  21.799403    37.7318105
  21.7994039   37.7315978
  21.7994454   37.7314618
  21.7995281   37.7313578
  21.7996794   37.7312406
  21.7998689   37.7310634
  21.8001607   37.7308891
  21.8003812   37.7307251
  21.8005801   37.7306195
  21.8009505   37.7305268
  21.8012365   37.7304005
  21.8013527   37.7303004
  21.8014158   37.7302135
  21.8014273   37.730141
  21.801424    37.7300625
  21.8014005   37.7299798
  21.8013757   37.7299172
  21.8013328   37.7298026
  21.8013194   37.7297072
  21.8013315   37.7295968
  21.8013281   37.7295163
  21.8012878   37.7293001
  21.8009525   37.7287645
  21.8003933   37.7281554
  21.8002962   37.727961
  21.8003547   37.7277617
  21.8006583   37.7275454
  21.8008239   37.7274152
  21.8015548   37.7270901
  21.80183     37.726937
  21.8020946   37.7266767
  21.8022816   37.7261146
  21.8025758   37.7256184
  21.8029223   37.724937
  21.8030469   37.7243131
  21.8029513   37.7238147
  21.8027222   37.7229546
  21.8027751   37.7226183
  21.8030165   37.7223382
  21.8034242   37.7222576
  21.8037997   37.7224231
  21.8040644   37.7224429
  21.8044006   37.7223467
  21.8047117   37.722351
  21.8050166   37.7222472
  21.8053782   37.7220467
  21.8055482   37.721736
  21.8057476   37.7213138
  21.8057522   37.7207984
  21.8054041   37.7202327
  21.805279    37.7196894
  21.8051599   37.7194522
  21.8049588   37.7193645
  21.8049644   37.7192702
  21.805147    37.7190443
  21.8059137   37.7179643
  21.8061828   37.7174609
  21.8065752   37.7170671
  21.806909    37.7164662
  21.8072244   37.7161383
  21.8074798   37.7156951
  21.8076736   37.7152079
  21.8077329   37.7151005
  21.8077202   37.7148911
  21.8076659   37.7146123
  21.8075144   37.7142805
  21.8073574   37.7139544
  21.8070918   37.7136017
  21.8069722   37.7134162
  21.8068976   37.7132303
  21.80691     37.7130226
  21.807051    37.7128851
  21.8072864   37.7128132
  21.8075272   37.712774
  21.8077484   37.7127946
  21.8079402   37.7129305
  21.8080739   37.7131013
  21.8082624   37.7132673
  21.8084332   37.7133288
  21.8086292   37.7133039
  21.8088477   37.7133115
  21.8090357   37.7132975
  21.8092863   37.7132093
  21.8095234   37.7130863
  21.8097693   37.7129019
  21.8098668   37.7127248
  21.8099684   37.7125034
  21.8099976   37.7123375
  21.8099909   37.7121738
  21.8098349   37.7119577
  21.8096219   37.7117488
  21.8094801   37.7116924
  21.8093729   37.7115979
  21.809162    37.7113623
  21.8088779   37.7110349
  21.8085781   37.7107037
  21.8082587   37.7102852
  21.8082033   37.7101773
  21.8081376   37.7100829
  21.8081452   37.7099344
  21.8081753   37.7098715
  21.8083724   37.7096657
  21.8087223   37.7094792
  21.808861    37.7093751
  21.8088967   37.7088214
  21.8089946   37.7084914
  21.8090675   37.70816
  21.8089785   37.707924
  21.8085843   37.7073357
  21.8084043   37.7070534
  21.808864    37.7059157
  21.8094646   37.7046686
  21.809449    37.7043736
  21.8093157   37.7041338
  21.8090267   37.7039758
  21.8086853   37.7038849
  21.8083407   37.7037546
  21.8082689   37.7035757
  21.8083011   37.7034229
  21.8084706   37.70317
  21.8085779   37.7028389
  21.8087517   37.7025656
  21.8089447   37.7022742
  21.8091503   37.7020651
  21.809121    37.7016913
  21.8089555   37.7011904
  21.8089535   37.7009103
  21.8089388   37.7006419
  21.8090117   37.7002681
  21.8090444   37.6999565
  21.8091076   37.6996465
  21.8091696   37.6994733
  21.8091843   37.6992405
  21.8091581   37.6989403
  21.8090823   37.698756
  21.8090048   37.6985498
  21.8088745   37.6983426
  21.8088568   37.6983144
  21.8088482   37.6979731
  21.8089824   37.6977077
  21.8093298   37.6975809
  21.8096793   37.6973057
  21.8100306   37.6970602
  21.8103318   37.6967831
  21.8105313   37.6965229
  21.8108234   37.6964149
  21.811004    37.6962605
  21.8110792   37.6960562
  21.8110015   37.6958092
  21.810956    37.6954954
  21.8108939   37.6951886
  21.8109931   37.6948288
  21.8108272   37.694291
  21.8107677   37.694158
  21.8106674   37.6940025
  21.8105735   37.6938353
  21.8105319   37.6935961
  21.8105265   37.6933801
  21.8105272   37.6932425
  21.8106109   37.693126
  21.8106146   37.6930312
  21.8106078   37.6929558
  21.8106812   37.6928832
  21.8107794   37.6927861
  21.8111145   37.6925808
  21.8114447   37.6923227
  21.8116705   37.6919475
  21.8116248   37.6916016
  21.8114032   37.6913062
  21.8112575   37.6911183
  21.8111105   37.6909278
  21.8109841   37.6906793
  21.8107543   37.6903805
  21.810494    37.6899932
  21.8104357   37.6898417
  21.8103932   37.6894486
  21.8104006   37.6891332
  21.8105021   37.6887912
  21.8109259   37.6885966
  21.8111776   37.6885322
  21.8110472   37.6882003
  21.81085     37.6879018
  21.8108098   37.687529
  21.8111593   37.6873332
  21.8111751   37.6871232
  21.8111099   37.6870038
  21.8110355   37.6868424
  21.8109311   37.6866685
  21.8109082   37.6865883
  21.8108236   37.6863197
  21.8108605   37.6860414
  21.8108331   37.6859006
  21.8108137   37.6856767
  21.8108333   37.68546
  21.8109123   37.6851766
  21.8109811   37.6849537
  21.8111032   37.6848084
  21.8112328   37.6846747
  21.8113995   37.6845438
  21.8115425   37.684319
  21.811523    37.684076
  21.8114529   37.6839338
  21.8112801   37.6837037
  21.8112397   37.6835307
  21.8112493   37.6834315
  21.8114068   37.6831393
  21.8113159   37.6828779
  21.810479    37.6824873
  21.8101994   37.6823579
  21.8100284   37.6822029
  21.8100098   37.6819856
  21.8100606   37.6817996
  21.8101229   37.681555
  21.8100638   37.6813172
  21.8100142   37.6811193
  21.8099066   37.6808675
  21.8098008   37.6806752
  21.8094996   37.6804884
  21.8093582   37.6803662
  21.8091518   37.6801824
  21.8090046   37.6801003
  21.8088334   37.6800489
  21.8086653   37.6799872
  21.8085304   37.6798812
  21.8084359   37.6797761
  21.8083749   37.6796485
  21.8083848   37.6795239
  21.8084356   37.6793843
  21.8085585   37.6792522
  21.8087088   37.6790908
  21.8091379   37.6787682
  21.8093525   37.6785389
  21.8094591   37.6783623
  21.8094868   37.6781451
  21.8093512   37.6778928
  21.8091781   37.6776348
  21.8090137   37.6774234
  21.8089113   37.6771788
  21.8088064   37.6770438
  21.8085744   37.6769166
  21.8084201   37.6767445
  21.8082663   37.6764248
  21.8081018   37.6762372
  21.808       37.6761321
  21.8077895   37.67591
  21.8076262   37.675667
  21.8075476   37.6756009
  21.8074192   37.6754646
  21.8073498   37.6753606
  21.8072765   37.6751981
  21.8071983   37.6751221
  21.8069793   37.6749742
  21.8068956   37.6748154
  21.8068055   37.6746234
  21.8067722   37.6744333
  21.8065361   37.674204
  21.8062572   37.6738558
  21.8059815   37.6734371
  21.8060855   37.6731084
  21.8065524   37.673083
  21.8066716   37.6730356
  21.8067571   37.6729355
  21.8068091   37.6727521
  21.8069063   37.6723739
  21.8070458   37.6721234
  21.8071692   37.6717965
  21.8072322   37.6715794
  21.8070157   37.6712882
  21.8069802   37.671057
  21.8070024   37.6708738
  21.8069793   37.6708385
  21.8069722   37.6706022
  21.8071002   37.6703403
  21.8075139   37.6699136
  21.8079355   37.6697589
  21.8083672   37.6695501
  21.8085887   37.6692499
  21.8086181   37.669052
  21.8088849   37.6686893
  21.8090346   37.6684866
  21.8091418   37.668287
  21.8092677   37.6680661
  21.8093354   37.6677688
  21.8090413   37.6675758
  21.8086654   37.6675128
  21.8079385   37.6673297
  21.8073355   37.667028
  21.8070833   37.6665736
  21.8069224   37.6660768
  21.8067234   37.6659729
  21.8065849   37.665869
  21.8065735   37.6657999
  21.8066007   37.665767
  21.806792    37.6656611
  21.806917    37.6655481
  21.8069708   37.6654228
  21.8069279   37.6652954
  21.8068287   37.6651617
  21.8066145   37.6650806
  21.8063244   37.6649069
  21.8060721   37.6645544
  21.8059112   37.6642614
  21.8058608   37.6639467
  21.8058098   37.6636559
  21.8058792   37.6635629
  21.8061179   37.6635183
  21.8062735   37.6634355
  21.8063269   37.6632869
  21.8062899   37.6631824
  21.8062516   37.6630274
  21.8061109   37.6627458
  21.8057662   37.6625511
  21.8056606   37.6623195
  21.805563    37.6622458
  21.8051725   37.6619508
  21.8050009   37.6618336
  21.8046518   37.6616029
  21.8043375   37.6615462
  21.8040846   37.6614957
  21.8039738   37.6614959
  21.8037791   37.6615252
  21.8037941   37.6614087
  21.8037873   37.6612574
  21.8037856   37.6612187
  21.8037091   37.6609512
  21.8037369   37.660717
  21.8039344   37.6601868
  21.8040472   37.6599468
  21.8040687   37.6596708
  21.8040365   37.6594394
  21.8039001   37.6593477
  21.8036045   37.6592695
  21.8031705   37.659199
  21.8029394   37.6590359
  21.8026716   37.6587765
  21.8024002   37.6586686
  21.8020064   37.6583262
  21.8018654   37.6581811
  21.8016497   37.657959
  21.8015612   37.65777
  21.8016055   37.6571293
  21.8016514   37.6569251
  21.8015718   37.6566699
  21.8013878   37.6565212
  21.8011557   37.6564921
  21.8008285   37.6563907
  21.8005574   37.6562404
  21.800415    37.6559109
  21.8003621   37.6555166
  21.8005965   37.6551836
  21.8006518   37.6550013
  21.8006825   37.6545863
  21.8006779   37.6544062
  21.8006598   37.6542443
  21.8006381   37.6538621
  21.800614    37.653671
  21.8004368   37.6534767
  21.8001277   37.6532825
  21.7998789   37.6528191
  21.7997308   37.6524523
  21.7996753   37.6522611
  21.7996834   37.6520043
  21.799709    37.6518176
  21.799766    37.6516487
  21.7998446   37.6515332
  21.799882    37.6513767
  21.7998552   37.6512695
  21.7999596   37.6511741
  21.7997586   37.6508858
  21.799654    37.650659
  21.7995063   37.6504635
  21.7993189   37.6503707
  21.7990625   37.6501665
  21.7986647   37.64997
  21.7984655   37.6499026
  21.7981517   37.6499514
  21.797559    37.6500895
  21.7973551   37.6499982
  21.7971218   37.6495395
  21.7969125   37.6489852
  21.7971048   37.6482853
  21.7973337   37.6475623
  21.7972893   37.6473855
  21.7971612   37.6472575
  21.7966811   37.6470238
  21.7962822   37.646906
  21.7960251   37.6465952
  21.7959009   37.6463702
  21.7959054   37.6462551
  21.7958969   37.6461216
  21.7958061   37.6460308
  21.7955671   37.6460639
  21.7953623   37.6458927
  21.7952029   37.6452559
  21.7953547   37.6447694
  21.795514    37.644442
  21.7957036   37.6441777
  21.7958288   37.6439614
  21.7961862   37.6437832
  21.7966026   37.6432676
  21.7967164   37.6426549
  21.7964888   37.6423365
  21.7963296   37.6421822
  21.7960725   37.6421162
  21.7959123   37.641934
  21.7955289   37.6416706
  21.7955154   37.6413518
  21.7953462   37.640941
  21.7950959   37.6406945
  21.795044    37.6404498
  21.7953263   37.6397926
  21.7957366   37.6389747
  21.7958357   37.6387049
  21.7958131   37.6384334
  21.7956823   37.6381691
  21.795574    37.6379333
  21.7954071   37.6378369
  21.795132    37.6378083
  21.7948974   37.6378154
  21.7947305   37.6377833
  21.7945591   37.6377404
  21.7942472   37.6376578
  21.7934441   37.6371346
  21.7933998   37.6365044
  21.7934494   37.6360543
  21.7935397   37.6356648
  21.7937697   37.6351934
  21.7939263   37.634674
  21.7939501   37.6343611
  21.7938012   37.6339503
  21.7936095   37.6336201
  21.7934141   37.6335444
  21.7930321   37.633602
  21.7927818   37.6335591
  21.7926013   37.6334787
  21.7925359   37.6332894
  21.7925428   37.6331173
  21.7924303   37.6330267
  21.7922581   37.6328372
  21.7920897   37.6326909
  21.7920731   37.6324381
  21.7921799   37.6322769
  21.7922081   37.6322491
  21.7923633   37.6321703
  21.7924979   37.6319939
  21.7925164   37.6317055
  21.792542    37.6314858
  21.7927302   37.6312382
  21.7929483   37.6309778
  21.7930938   37.630834
  21.7933298   37.6304223
  21.7935588   37.6302249
  21.7937221   37.6298564
  21.7937263   37.6294412
  21.7938178   37.6292615
  21.7938848   37.6289344
  21.793971    37.6286827
  21.7940738   37.6284395
  21.7944207   37.6281007
  21.7946759   37.6278936
  21.7950746   37.6276687
  21.795553    37.627401
  21.7958214   37.6271649
  21.7958773   37.6270357
  21.7962388   37.6267694
  21.7968034   37.6266305
  21.7971164   37.6265535
  21.7974226   37.6264363
  21.7977478   37.6262978
  21.7978916   37.6261202
  21.7979318   37.6259715
  21.7980766   37.6257527
  21.7982912   37.6256443
  21.7985004   37.6256741
  21.7985997   37.6256656
  21.7987529   37.6254728
  21.7989698   37.625349
  21.7991334   37.6252322
  21.7993063   37.625099
  21.7993555   37.6248285
  21.7993051   37.6246183
  21.7993778   37.6243439
  21.799399    37.6242252
  21.799356    37.6240765
  21.7992209   37.6238998
  21.7989323   37.6237727
  21.7985939   37.6237582
  21.7982885   37.6236644
  21.7980283   37.6236389
  21.7976581   37.623484
  21.7968916   37.623382
  21.7966963   37.6233128
  21.7963355   37.6231433
  21.7960691   37.6228773
  21.7959589   37.62265
  21.7960702   37.6224465
  21.7962732   37.6223036
  21.7965845   37.6218476
  21.7965258   37.621664
  21.7963093   37.621464
  21.7961244   37.6214032
  21.79581     37.6214086
  21.7952763   37.6212424
  21.795017    37.6210876
  21.7942453   37.6210454
  21.7938788   37.6209089
  21.7935229   37.620613
  21.7934359   37.6203313
  21.7934888   37.6201723
  21.793587    37.6201004
  21.7937501   37.6200779
  21.7938601   37.6199697
  21.7941756   37.6198168
  21.794338    37.6196193
  21.7942698   37.6192621
  21.7940498   37.6190668
  21.7939777   37.6188836
  21.7940135   37.6186247
  21.7940969   37.6184036
  21.7942818   37.6179133
  21.7945736   37.6168592
  21.7944748   37.6165192
  21.794156    37.6161283
  21.793697    37.6159108
  21.79333     37.6155118
  21.7930901   37.6150136
  21.7928504   37.6145691
  21.7926494   37.6140509
  21.7924886   37.6137711
  21.792254    37.613621
  21.7919924   37.6132529
  21.7920464   37.612883
  21.7921096   37.6125383
  21.7919247   37.6123489
  21.79137     37.6120841
  21.791442    37.6116735
  21.7914014   37.6113019
  21.7911903   37.6109037
  21.7910721   37.6107444
  21.7910721   37.6105461
  21.7910522   37.6103445
  21.7910541   37.6097724
  21.7909075   37.6094955
  21.7911461   37.6091944
  21.7913653   37.6087647
  21.7917275   37.608467
  21.7921017   37.6082993
  21.7927818   37.6081429
  21.7929885   37.6079676
  21.7931088   37.6077177
  21.7929965   37.607396
  21.7929737   37.6072429
  21.7927958   37.6070398
  21.7926374   37.6065902
  21.7923284   37.606399
  21.7919282   37.6060479
  21.7918367   37.6054663
  21.7917758   37.6051553
  21.7918249   37.6048459
  21.7919337   37.6045782
  21.7921221   37.6043642
  21.7923916   37.6041761
  21.7926036   37.6041243
  21.7927855   37.6039044
  21.7928652   37.6037187
  21.7928778   37.603533
  21.7926893   37.6031683
  21.7924503   37.6027597
  21.7923104   37.6026108
  21.7919743   37.6024657
  21.7918006   37.6023857
  21.7915673   37.6021963
  21.7917796   37.6019372
  21.7918829   37.6016391
  21.7919985   37.6013601
  21.7921731   37.6011846
  21.7924248   37.6010293
  21.7930956   37.6005835
  21.7932862   37.6002603
  21.7935009   37.5999282
  21.7937767   37.5998714
  21.7940855   37.5996717
  21.7943644   37.5995569
  21.7946917   37.5995612
  21.7950291   37.5994477
  21.7952858   37.5991715
  21.7953461   37.5990405
  21.7953461   37.5988726
  21.7953825   37.5987674
  21.7956677   37.5983877
  21.7956921   37.5981884
  21.795609    37.5979163
  21.7954249   37.5976984
  21.7953274   37.5974105
  21.7952205   37.5971004
  21.7953971   37.5965881
  21.7955034   37.5964708
  21.7955669   37.5962913
  21.7956329   37.5962222
  21.795793    37.596067
  21.7958896   37.5959693
  21.7960489   37.5957784
  21.7961777   37.5955659
  21.7962892   37.5952913
  21.7963815   37.595007
  21.796426    37.5946772
  21.7964958   37.594437
  21.7966417   37.5942844
  21.7966604   37.5941407
  21.7966095   37.5940803
  21.79647     37.5940485
  21.7963871   37.5939546
  21.7963597   37.5938346
  21.7965156   37.5936298
  21.7966503   37.593503
  21.7966765   37.5933344
  21.7966953   37.5931176
  21.7966108   37.5929111
  21.7967167   37.5927839
  21.7967793   37.5926388
  21.7967221   37.5924566
  21.796731    37.5921995
  21.7966956   37.5920409
  21.7966757   37.5918091
  21.7966575   37.5917089
  21.7966122   37.5915792
  21.796559    37.5914758
  21.7964875   37.5914612
  21.7964334   37.5913924
  21.7963483   37.5913468
  21.7962662   37.5912856
  21.7961202   37.5911641
  21.7959872   37.590869
  21.7957421   37.5906263
  21.7954792   37.5904499
  21.795262    37.5902778
  21.7951037   37.5900398
  21.7950189   37.5897447
  21.7949546   37.5896597
  21.7947695   37.5895322
  21.7945458   37.5893596
  21.7945378   37.5891663
  21.7945628   37.5888495
  21.794573    37.5886117
  21.7947364   37.5884315
  21.7949943   37.5882652
  21.7951654   37.5881666
  21.7952872   37.5880827
  21.7953608   37.5880009
  21.7953475   37.5879249
  21.7953794   37.5878344
  21.7954317   37.5877458
  21.7954539   37.5876131
  21.7954392   37.5874085
  21.7952979   37.5871411
  21.7952137   37.5869749
  21.7951667   37.5868465
  21.7951257   37.5867915
  21.7949971   37.5866507
  21.7948611   37.5865559
  21.7946521   37.5864283
  21.7943364   37.5863735
  21.7942547   37.5862789
  21.794142    37.5861726
  21.7940537   37.5860888
  21.7938294   37.5858943
  21.793895    37.58588
  21.7939727   37.5858386
  21.7940729   37.5858063
  21.7942235   37.5857489
  21.7943334   37.5856781
  21.7944913   37.5855921
  21.7948174   37.5854683
  21.7949407   37.585378
  21.7950762   37.585295
  21.7952549   37.5852144
  21.7953999   37.5851563
  21.7956895   37.5850581
  21.7959363   37.5849688
  21.7961884   37.5848711
  21.7964566   37.5848073
  21.7967578   37.5847536
  21.7968536   37.5847435
  21.7971341   37.5847389
  21.7974758   37.5847776
  21.7977489   37.5848571
  21.798141    37.5850326
  21.7984494   37.5853515
  21.7987757   37.5855572
  21.7990878   37.5856681
  21.7994677   37.5857315
  21.7997128   37.5857744
  21.7999317   37.5857677
  21.8000884   37.5857531
  21.8002707   37.5857256
  21.8004815   37.5856656
  21.8007052   37.5856873
  21.8009536   37.5856996
  21.8012095   37.5856703
  21.8014579   37.5856401
  21.8016708   37.5855682
  21.8019069   37.5855257
  21.8021874   37.5855211
  21.8024004   37.5855512
  21.8027222   37.5856193
  21.8030441   37.5856958
  21.8032281   37.5857931
  21.803366    37.5858913
  21.8034963   37.5861077
  21.8035607   37.5862522
  21.8035355   37.5863026
  21.8035162   37.5864286
  21.8034119   37.5866252
  21.8033491   37.5867471
  21.8033338   37.5868095
  21.8031959   37.5868814
  21.8030012   37.5869711
  21.8027453   37.5870769
  21.8025737   37.5871874
  21.8024878   37.587315
  21.8024556   37.587417
  21.8024556   37.587553
  21.80252     37.5876975
  21.8025951   37.5878166
  21.8026917   37.5879441
  21.8028081   37.5880423
  21.8029492   37.5881056
  21.8031192   37.5881443
  21.8033123   37.5881698
  21.8035714   37.5881821
  21.8040419   37.5881358
  21.804537    37.5880546
  21.8050239   37.5877155
  21.8054293   37.5877901
  21.8057263   37.5878808
  21.806134    37.5879233
  21.8065111   37.5880801
  21.8068529   37.5882548
  21.8071103   37.5884674
  21.8074108   37.5887649
  21.8075824   37.588986
  21.8077326   37.589292
  21.8078614   37.5896491
  21.8080454   37.590248
  21.8081832   37.5907203
  21.8082905   37.5909753
  21.8084638   37.5913192
  21.8085587   37.5914429
  21.8087089   37.5915534
  21.8089342   37.5916469
  21.8092561   37.5917064
  21.8095887   37.5917659
  21.809916    37.5917206
  21.8103139   37.5915926
  21.8107039   37.5916061
  21.81159     37.5915346
  21.8125531   37.5915669
  21.8133181   37.5918623
  21.8138467   37.5918728
  21.8143256   37.5918824
  21.8146466   37.5918888
  21.8159018   37.5916856
  21.8179259   37.5907822
  21.8189772   37.5904823
  21.8197436   37.5904041
  21.8201451   37.590601
  21.8204098   37.5909092
  21.8205554   37.5912462
  21.8205339   37.5917995
  21.8205448   37.5921979
  21.8205034   37.5925647
  21.8205485   37.593609
  21.820825    37.5941297
  21.8213471   37.5946338
  21.8217539   37.5948855
  21.8220913   37.5949828
  21.8224335   37.5950609
  21.8228603   37.5950617
  21.8230778   37.5950753
  21.8233447   37.5950597
  21.8236322   37.5950049
  21.8237559   37.5949836
  21.8238846   37.5949879
  21.8241528   37.5950219
  21.824609    37.5951068
  21.8249976   37.5951076
  21.8255206   37.5952601
  21.825696    37.5954032
  21.8258393   37.5954847
  21.8259993   37.595663
  21.8260582   37.5959751
  21.8260483   37.5961095
  21.8260752   37.5962668
  21.8260733   37.596892
  21.8261074   37.5970659
  21.8261556   37.5972189
  21.8262235   37.5973936
  21.8262879   37.5975381
  21.826422    37.5976911
  21.8266384   37.5978394
  21.8269852   37.5980694
  21.8272561   37.5981225
  21.8274359   37.5982096
  21.8275879   37.5983516
  21.8277033   37.5984239
  21.8278267   37.5984685
  21.8279562   37.5985816
  21.8280493   37.5988489
  21.8280847   37.5990613
  21.8281387   37.5991638
  21.8281066   37.5993933
  21.828018    37.5994698
  21.8277659   37.5995272
  21.8276318   37.5995676
  21.8274787   37.5996423
  21.8273743   37.5997079
  21.8272777   37.5997822
  21.8272643   37.5999352
  21.8272104   37.5999994
  21.8271839   37.6000967
  21.8271943   37.6001694
  21.8272214   37.6004325
  21.827307    37.6007007
  21.8274628   37.6009723
  21.8277791   37.6013382
  21.8280583   37.6015715
  21.8284231   37.6018265
  21.8287232   37.6020012
  21.8290775   37.6022218
  21.8293294   37.602388
  21.8294581   37.6025155
  21.829544    37.602592
  21.8296086   37.6026553
  21.8297049   37.6027237
  21.829791    37.60277
  21.8298819   37.6027705
  21.8299677   37.6027322
  21.830027    37.6026893
  21.8300804   37.6026302
  21.8301287   37.6025622
  21.8301665   37.6025065
  21.8302094   37.6024683
  21.8302735   37.6024432
  21.8303647   37.6024135
  21.8305849   37.6023493
  21.8307563   37.6022945
  21.8308636   37.602269
  21.8309604   37.6022515
  21.8310299   37.6022477
  21.831105    37.6022562
  21.8311747   37.6022605
  21.8312606   37.6022732
  21.8313359   37.6022898
  21.8314164   37.6023068
  21.8314861   37.602345
  21.831561    37.602388
  21.8316203   37.602396
  21.831749    37.6024003
  21.8318295   37.602396
  21.8319043   37.602388
  21.8319687   37.6023667
  21.8320491   37.602337
  21.8320681   37.6022978
  21.8321162   37.6022043
  21.8322705   37.6022021
  21.832352    37.6022051
  21.8324373   37.6021988
  21.8325551   37.6021855
  21.8327451   37.6022108
  21.8328546   37.6022906
  21.8329601   37.6023002
  21.8330781   37.6023213
  21.8331724   37.6023959
  21.8332025   37.6025027
  21.8334308   37.6025589
  21.8336164   37.6026813
  21.8338502   37.6028773
  21.8340208   37.6031755
  21.8343031   37.6032879
  21.8345264   37.6034143
  21.8348537   37.6035455
  21.8351325   37.6036833
  21.8352281   37.6037163
  21.8353904   37.6037686
  21.835623    37.6038581
  21.8358053   37.6038973
  21.8359927   37.6039367
  21.8360832   37.603969
  21.8362763   37.603935
  21.8364911   37.6038793
  21.8373402   37.6037589
  21.8377167   37.6037738
  21.8381005   37.6033055
  21.8384864   37.603153
  21.8390443   37.6029192
  21.8392109   37.6028465
  21.8393501   37.6027875
  21.839554    37.6027237
  21.8396883   37.6026808
  21.839801    37.6026383
  21.8398597   37.6026005
  21.8398922   37.6025618
  21.8399136   37.6024725
  21.8399512   37.6024173
  21.840026    37.6023455
  21.8400907   37.6023068
  21.8401494   37.6022775
  21.8403374   37.6021665
  21.8407449   37.6019715
  21.840997    37.6018567
  21.8412491   37.6017462
  21.8413537   37.6017096
  21.8415337   37.6016395
  21.8418556   37.601512
  21.8421128   37.6013934
  21.8423813   37.6012655
  21.842569    37.601155
  21.8427729   37.601002
  21.8430304   37.6008363
  21.8431698   37.6007598
  21.8433144   37.6006879
  21.8434056   37.6006369
  21.8434917   37.60056
  21.8435883   37.6004495
  21.8436902   37.600373
  21.8438348   37.6003097
  21.8439635   37.6002672
  21.8441193   37.6002455
  21.8442803   37.6002242
  21.8444198   37.60022
  21.8444946   37.6002119
  21.8445643   37.6001992
  21.8446662   37.6001567
  21.8448221   37.6000925
  21.8449562   37.60005
  21.845101    37.600016
  21.8453156   37.6000032
  21.8455195   37.599999
  21.8457287   37.600033
  21.8459057   37.6000712
  21.8460988   37.6001222
  21.8462222   37.6001435
  21.8463831   37.6001562
  21.8464851   37.6001562
  21.8465438   37.6001397
  21.8467906   37.6000589
  21.847043    37.599999
  21.8471663   37.599982
  21.8472358   37.5999866
  21.8472951   37.600016
  21.8473863   37.600101
  21.8478744   37.600628
  21.8479549   37.6007598
  21.8479976   37.6008707
  21.8480246   37.6009765
  21.8480354   37.601087
  21.84803     37.6011763
  21.8480139   37.6012655
  21.8479764   37.6013675
  21.8478691   37.6015715
  21.8477457   37.6018308
  21.847692    37.6019923
  21.8476599   37.6021368
  21.8476652   37.6022558
  21.8476864   37.6023752
  21.8477401   37.6025112
  21.8478688   37.6027152
  21.8480729   37.603008
  21.8483465   37.6033268
  21.8487593   37.6037225
  21.8490168   37.603935
  21.8492906   37.6041428
  21.849741    37.6044662
  21.850047    37.6046953
  21.8502241   37.6048143
  21.8503689   37.6049078
  21.8504869   37.6049715
  21.8505778   37.6049932
  21.8506639   37.604997
  21.8507605   37.6049923
  21.8509536   37.6049928
  21.8512755   37.6049758
  21.8514791   37.6049634
  21.8517315   37.6049333
  21.8519299   37.6048908
  21.8520855   37.6048568
  21.8521874   37.6048483
  21.8523162   37.604844
  21.8524983   37.6048317
  21.8527397   37.6048062
  21.8528953   37.6048062
  21.8530243   37.6048015
  21.8531262   37.604793
  21.8532013   37.6047718
  21.8532925   37.6047378
  21.8533676   37.604725
  21.8534481   37.6047208
  21.8535715   37.6047165
  21.8536787   37.6047208
  21.8538501   37.6047424
  21.8541559   37.6048232
  21.8548586   37.6049889
  21.8550893   37.6050442
  21.8552556   37.6050824
  21.8553736   37.6051292
  21.8554208   37.6051578
  21.8554597   37.6051968
  21.8555667   37.6052949
  21.8556955   37.6054352
  21.8558352   37.6055792
  21.8560176   37.6058597
  21.8561997   37.6060556
  21.8563553   37.6062086
  21.8565323   37.6063404
  21.8567472   37.6064505
  21.8569553   37.6065276
  21.8571761   37.6065614
  21.8574014   37.6065656
  21.8575945   37.6065486
  21.8577986   37.6065142
  21.858029    37.6064551
  21.8582543   37.6063786
  21.858496    37.6062677
  21.8587854   37.6061364
  21.8589839   37.6060259
  21.8591448   37.6059069
  21.859365    37.605728
  21.859574    37.6055244
  21.8598207   37.6052779
  21.8600299   37.6050527
  21.8601694   37.6048954
  21.8602606   37.6047718
  21.8603145   37.604657
  21.8603679   37.6045214
  21.860443    37.6043897
  21.8605398   37.6042618
  21.8606308   37.6041815
  21.8607273   37.604139
  21.8608241   37.6041173
  21.8609204   37.604122
  21.8610545   37.6041475
  21.861135    37.6041857
  21.8612369   37.6042749
  21.8613228   37.6043599
  21.8614786   37.6044955
  21.8616232   37.6045767
  21.8617736   37.60464
  21.8619346   37.6046783
  21.8621382   37.6046787
  21.8623691   37.604674
  21.8626585   37.6046574
  21.8629694   37.6046345
  21.8631255   37.604623
  21.8635383   37.6045767
  21.8639513   37.6045427
  21.8641713   37.6045299
  21.8642949   37.6045168
  21.8645736   37.6044704
  21.864815    37.6044577
  21.8650349   37.6044577
  21.8651744   37.6044534
  21.8652656   37.6044704
  21.8653407   37.6045214
  21.8654375   37.6045805
  21.8655338   37.6046362
  21.8656519   37.6046787
  21.865754    37.6047038
  21.8659147   37.6047042
  21.8660169   37.6046783
  21.8661778   37.6046273
  21.8663655   37.6045976
  21.8665211   37.6045891
  21.8667518   37.6045806
  21.8669234   37.6045678
  21.8670522   37.6045636
  21.8672667   37.6045338
  21.8674169   37.6045126
  21.8675618   37.6044743
  21.8676798   37.6044361
  21.8677549   37.6043978
  21.8678324   37.6043557
  21.8679051   37.6042916
  21.8679587   37.6042193
  21.8680285   37.6041513
  21.8681411   37.6040961
  21.8682752   37.6040451
  21.8683343   37.6040153
  21.8683772   37.6039771
  21.8684094   37.6039303
  21.8684708   37.6038117
  21.8684952   37.6037136
  21.8685006   37.6036073
  21.8685113   37.6034586
  21.8685166   37.6033311
  21.8685166   37.6032206
  21.8685327   37.6031271
  21.8685435   37.6030633
  21.8685917   37.6029571
  21.8686293   37.6028763
  21.868699    37.6027956
  21.8687819   37.6027577
  21.8689082   37.6027403
  21.8690531   37.6027531
  21.8691789   37.602796
  21.8692915   37.6028512
  21.8694608   37.6029528
  21.8698441   37.6032295
  21.870126    37.6034033
  21.8703054   37.6035397
  21.8704264   37.6036583
  21.8705605   37.6037603
  21.8707321   37.6038411
  21.8708448   37.6038878
  21.8710441   37.6039356
  21.8717299   37.6039289
  21.8721848   37.6038192
  21.8727473   37.6036992
  21.8733036   37.6037055
  21.8738152   37.6038448
  21.875061    37.6044786
  21.875603    37.6046648
  21.876479    37.6047256
  21.8771528   37.6046433
  21.8776914   37.6044362
  21.878394    37.6040556
  21.8789137   37.6035419
  21.8792027   37.6029555
  21.8795634   37.6024965
  21.8808955   37.6011716
  21.8813499   37.6008277
  21.8817969   37.6007103
  21.8824179   37.600704
  21.8830025   37.6006631
  21.8834666   37.6005744
  21.8839008   37.6003974
  21.8844044   37.600082
  21.8846611   37.5997085
  21.8847722   37.5992935
  21.8848423   37.598809
  21.8849817   37.5984163
  21.8850218   37.5983596
  21.8852214   37.5980722
  21.8851843   37.5976501
  21.8851697   37.5973225
  21.8852839   37.5969652
  21.8854543   37.5965182
  21.8859268   37.596271
  21.8865056   37.5959883
  21.8877995   37.5951212
  21.887831    37.5946648
  21.8875427   37.5942512
  21.8871759   37.5937705
  21.8870566   37.5932319
  21.887294    37.5927581
  21.8875006   37.5921088
  21.887673    37.5917739
  21.888066    37.5913863
  21.8894076   37.5905094
  21.8911024   37.5896932
  21.8926471   37.5883471
  21.8934085   37.5878926
  21.8939422   37.5878376
  21.8941641   37.5874184
  21.8938702   37.5870727
  21.8933811   37.586624
  21.8932486   37.585778
  21.8926112   37.585228
  21.8919087   37.5849616
  21.8914987   37.5843812
  21.8917002   37.5836013
  21.8925197   37.5836977
  21.8930463   37.5833616
  21.8934528   37.5826663
  21.8941419   37.5822356
  21.8953965   37.5816678
  21.8964821   37.5808122
  21.8966407   37.5800338
  21.8962423   37.5786694
  21.8958276   37.5782329
  21.8960064   37.5779527
  21.8969865   37.5779368
  21.8999341   37.5778021
  21.9007109   37.5783334
  21.9016829   37.5784652
  21.9020007   37.5781875
  21.9022459   37.5776578
  21.9018533   37.57697
  21.9018522   37.5763886
  21.9021203   37.5760294
  21.9029143   37.5755498
  21.9043763   37.574931
  21.9048381   37.5748827
  21.9050986   37.5749127
  21.9053873   37.574992
  21.9054884   37.5749693
  21.9055873   37.5749519
  21.9057062   37.5749369
  21.9058188   37.5749195
  21.9058932   37.5748964
  21.9060809   37.5748175
  21.9061558   37.5747859
  21.9062207   37.5747415
  21.9062712   37.5746878
  21.9063205   37.5746332
  21.9063627   37.5745632
  21.906409    37.5744841
  21.906446    37.5744264
  21.9064701   37.5743608
  21.9064803   37.5742932
  21.9064734   37.5742141
  21.9064731   37.5741312
  21.9064645   37.574067
  21.9064544   37.5740229
  21.9064311   37.573983
  21.9063891   37.5739421
  21.9063309   37.5739061
  21.9060349   37.5736834
  21.9052964   37.573532
  21.9038355   37.5728098
  21.9033804   37.572632
  21.9031239   37.572438
  21.9029915   37.5719419
  21.9026775   37.5713505
  21.9022778   37.5709505
  21.9018628   37.5707209
  21.9011941   37.570773
  21.9009183   37.5706246
  21.9008826   37.5703121
  21.9026271   37.5675034
  21.9042308   37.5662329
  21.9063628   37.5653512
  21.9076656   37.5652417
  21.9083342   37.5654028
  21.9091834   37.5653899
  21.9098041   37.5649287
  21.9104411   37.5645449
  21.9113897   37.5643702
  21.9122444   37.5644661
  21.9132172   37.5640367
  21.9133311   37.5639574
  21.9135028   37.5637916
  21.913653    37.5636475
  21.9137173   37.5635322
  21.9137549   37.5633834
  21.9137549   37.5632307
  21.913712    37.5629369
  21.9136583   37.5626222
  21.9135671   37.5622948
  21.9134598   37.561955
  21.9133901   37.5616527
  21.9133687   37.5614869
  21.913374    37.5613168
  21.9133794   37.5610829
  21.9134116   37.5608192
  21.9134867   37.5605258
  21.9135028   37.5604157
  21.9135028   37.5603221
  21.9134491   37.5602286
  21.9133687   37.5601559
  21.9132345   37.5600708
  21.9131433   37.5599989
  21.9130594   37.5599639
  21.9129878   37.5599266
  21.9127893   37.5598246
  21.912623    37.5596838
  21.9124621   37.5595057
  21.9123226   37.55931
  21.9122314   37.5591527
  21.9121348   37.5589184
  21.9120758   37.5586335
  21.9119793   37.5581491
  21.9119149   37.5577366
  21.911754    37.5571157
  21.911711    37.5569579
  21.9116896   37.5568308
  21.9116789   37.5567411
  21.9116574   37.5565454
  21.9117218   37.5560394
  21.9117271   37.5557885
  21.9117164   37.5556868
  21.9116735   37.5556018
  21.9115394   37.5554653
  21.9114589   37.5552016
  21.9114696   37.5550191
  21.911534    37.554849
  21.9116467   37.5546998
  21.9117969   37.5545679
  21.91199     37.5544361
  21.9121563   37.5543553
  21.9124406   37.554232
  21.9127732   37.5541086
  21.9130253   37.55399
  21.9131648   37.5539092
  21.9132437   37.5538069
  21.9132801   37.5536206
  21.9133488   37.5533999
  21.9134779   37.553122
  21.91361     37.5529199
  21.9138995   37.5528101
  21.9143754   37.5527522
  21.9147555   37.5528269
  21.9158249   37.5530455
  21.9175479   37.5537559
  21.9194173   37.5546793
  21.9199275   37.5549039
  21.9202616   37.5549352
  21.920557    37.5548276
  21.9211959   37.5541893
  21.9227945   37.5531708
  21.9232717   37.5520831
  21.9237333   37.5516588
  21.9241944   37.5515936
  21.9250179   37.5516558
  21.9254898   37.5515755
  21.9264014   37.5511555
  21.9273062   37.5507013
  21.9277589   37.5504621
  21.9282639   37.5500586
  21.9287774   37.5495893
  21.9292755   37.549327
  21.9301305   37.5491048
  21.9305005   37.5489907
  21.9310087   37.5485975
  21.9313557   37.5482679
  21.9316597   37.5481257
  21.9320878   37.5480465
  21.9324686   37.5480591
  21.9331663   37.5481058
  21.9337333   37.5481133
  21.9345351   37.5481131
  21.9353065   37.5481946
  21.9363107   37.5483365
  21.9368398   37.5483751
  21.9372474   37.5483566
  21.9378073   37.5482009
  21.9385512   37.5480326
  21.9389443   37.5479456
  21.9392964   37.547747
  21.9396319   37.5474326
  21.9397267   37.5470959
  21.9396714   37.5466447
  21.9395477   37.5458833
  21.9397545   37.545288
  21.9402485   37.5450151
  21.9408585   37.5448904
  21.9416659   37.5446716
  21.9423386   37.5444544
  21.9425921   37.5444088
  21.9430351   37.5446821
  21.9436569   37.5452287
  21.9440136   37.5455469
  21.9443786   37.5457689
  21.9447227   37.5459477
  21.945084    37.5461469
  21.9454376   37.5463094
  21.9457613   37.5464721
  21.9460121   37.5465426
  21.9462838   37.5465822
  21.9465825   37.5465633
  21.9469024   37.546504
  21.9471321   37.5464094
  21.9473348   37.5462724
  21.9476671   37.5459479
  21.9478639   37.5457432
  21.9480204   37.5455218
  21.948141    37.5452369
  21.9483147   37.5445114
  21.948505    37.5440118
  21.9490458   37.5434894
  21.9492091   37.5433771
  21.949268    37.5432965
  21.9493047   37.5431805
  21.9493323   37.5429894
  21.9493595   37.5426615
  21.9494001   37.5424101
  21.9494573   37.5419314
  21.9494896   37.5416268
  21.9494855   37.5414495
  21.9493762   37.5410427
  21.9493839   37.5409047
  21.9494371   37.5406829
  21.9494448   37.5404695
  21.9494068   37.5402586
  21.9493435   37.5398412
  21.9493432   37.5395637
  21.9493879   37.5392542
  21.9495156   37.538865
  21.9498456   37.5383583
  21.9501551   37.5379214
  21.950402    37.5376773
  21.9505872   37.5375747
  21.9507824   37.537507
  21.951045    37.5374645
  21.9513759   37.5374876
  21.9520833   37.537594
  21.953122    37.5376538
  21.9535144   37.5376714
  21.9539082   37.5375928
  21.9542055   37.5374457
  21.9544129   37.5372458
  21.9544982   37.5369138
  21.9545084   37.5361302
  21.954746    37.535635
  21.9556191   37.5350764
  21.9571533   37.5346595
  21.9577863   37.5344468
  21.9586018   37.5331026
  21.95946     37.53249
  21.9598021   37.5319873
  21.9599911   37.5307221
  21.9600286   37.5295427
  21.9602657   37.5284457
  21.9612196   37.5272488
  21.9621852   37.5257172
  21.9625928   37.5245259
  21.9632473   37.5238452
  21.9644168   37.5234198
  21.9657043   37.5229093
  21.9667771   37.522688
  21.9681504   37.5225519
  21.9690087   37.5225519
  21.970382    37.522688
  21.9712403   37.5225519
  21.9720986   37.5218711
  21.9733002   37.5206458
  21.9738152   37.519965
  21.9748452   37.5191481
  21.9755318   37.5181951
  21.9769299   37.5180384
  21.9777634   37.5171058
  21.9779351   37.5162889
  21.9781364   37.5159393
  21.9787513   37.5157008
  21.9796982   37.5159582
  21.9804662   37.5159778
  21.981058    37.515908
  21.9815185   37.5157307
  21.9819056   37.5153305
  21.9827706   37.5149668
  21.9836465   37.5144643
  21.984682    37.5135307
  21.9853147   37.5128381
  21.9861823   37.5117888
  21.9866247   37.5112051
  21.98689     37.5104398
  21.9873829   37.5098453
  21.9879873   37.5095701
  21.988629    37.5094901
  21.9895856   37.5094576
  21.9903396   37.5092487
  21.9914754   37.5088545
  21.9927431   37.50864
  21.9934423   37.5081945
  21.994766    37.5073778
  21.9952397   37.5065091
  21.996706    37.5044785
  21.9973985   37.5035763
  21.9977729   37.5030884
  21.9985398   37.5011074
  21.9985953   37.5010056
  21.9993968   37.4989185
  21.9970759   37.4986111
  21.9929099   37.4975242
  21.9836132   37.4949213
  21.9826419   37.4945645
  21.9819701   37.494152
  21.9811629   37.4934014
  21.9802141   37.492288
  21.9794934   37.4913722
  21.978932    37.490538
  21.9778182   37.4895839
  21.9769583   37.4890712
  21.9743165   37.4877598
  21.9722039   37.4869011
  21.9677903   37.4843357
  21.9668044   37.4837307
  21.9657381   37.4832639
  21.9644762   37.4837559
  21.9640536   37.4838838
  21.9619779   37.4843031
  21.9593497   37.4846092
  21.9557122   37.4849924
  21.9545354   37.4851162
  21.953406    37.485153
  21.9517682   37.485102
  21.9514316   37.4850714
  21.9508897   37.4849449
  21.947705    37.4840176
  21.946034    37.4834659
  21.9448443   37.4829788
  21.9402609   37.481029
  21.9372985   37.4796232
  21.9340592   37.4778948
  21.9323448   37.4768645
  21.929403    37.4752741
  21.9282134   37.4747553
  21.9265145   37.4741871
  21.9257307   37.4739345
  21.9250251   37.4735616
  21.9240444   37.4729789
  21.9232751   37.4719582
  21.9231713   37.4713684
  21.9230799   37.4704701
  21.9231732   37.4699332
  21.9233461   37.4694586
  21.9237864   37.4688828
  21.925002    37.4680075
  21.9260281   37.4670477
  21.9262834   37.4666466
  21.9264949   37.4658573
  21.9218804   37.4657964
  21.9205099   37.4662162
  21.9196772   37.4665958
  21.91782     37.4676198
  21.9171884   37.4680705
  21.9135271   37.4700178
  21.9127945   37.4702775
  21.9126846   37.4702778
  21.9125336   37.4701557
  21.9119385   37.4692282
  21.9117112   37.4686763
  21.9115353   37.4682433
  21.9112066   37.4658695
  21.9110327   37.4654012
  21.9107097   37.4645315
  21.9097729   37.4632449
  21.9086972   37.4617674
  21.9076038   37.4607365
  21.9057236   37.4584546
  21.9048121   37.4570013
  21.9037639   37.4551147
  21.9032589   37.4537314
  21.9028853   37.4518299
  21.902297    37.4497197
  21.9019286   37.449062
  21.9015276   37.4485728
  21.9011248   37.4482592
  21.9004214   37.4479084
  21.8995857   37.4475538
  21.8995585   37.4475419
  21.8965395   37.4465419
  21.8961521   37.4464742
  21.8957571   37.4464649
  21.8948789   37.4466318
  21.8938931   37.4470716
  21.8931476   37.4476193
  21.8924217   37.4482462
  21.8910783   37.4495177
  21.8877621   37.4528695
  21.8868476   37.4538963
  21.8861342   37.4548341
  21.8861154   37.4548588
  21.8861139   37.454826
  21.8860836   37.4541417
  21.8856434   37.4479854
  21.8854273   37.4466905
  21.885307    37.4461589
  21.8846983   37.4445168
  21.8837403   37.4426579
  21.8834126   37.4420222
  21.8851323   37.4417624
  21.8877592   37.4411447
  21.8885144   37.4408248
  21.8887114   37.4406684
  21.8888389   37.4404926
  21.8888593   37.4402812
  21.8886011   37.4400671
  21.8880411   37.439798
  21.8867681   37.4393088
  21.8865041   37.4391396
  21.8862708   37.4388313
  21.8863095   37.4382485
  21.8866593   37.4368353
  21.8871696   37.4350803
  21.8877402   37.4336644
  21.8879871   37.4332114
  21.8897631   37.4306499
  21.890501    37.4293856
  21.8920403   37.4265655
  21.8927891   37.4252042
  21.8929044   37.4248548
  21.8929975   37.4240927
  21.8930143   37.4231017
  21.8929205   37.4224309
  21.8927518   37.4218601
  21.8919814   37.420267
  21.8918873   37.419684
  21.8919868   37.4184263
  21.8921034   37.4179846
  21.8930701   37.4154942
  21.8933969   37.4146799
  21.8939621   37.4137482
  21.8942146   37.4135049
  21.8945749   37.4132882
  21.8962471   37.4127435
  21.8969581   37.4125962
  21.8977374   37.4124929
  21.8982748   37.4123515
  21.8985711   37.4122238
  21.8989161   37.4119912
  21.899393    37.4113778
  21.8996907   37.4108423
  21.9005905   37.4082448
  21.9010428   37.4073832
  21.901629    37.404949
  21.9015738   37.404547
  21.9002402   37.4030633
  21.8996903   37.4025511
  21.8990907   37.402216
  21.8980884   37.4018017
  21.8946446   37.4026506
  21.8941563   37.403257
  21.8934905   37.4039256
  21.8929613   37.4041797
  21.8924039   37.4042419
  21.8917908   37.4041746
  21.8900892   37.4036937
  21.8888607   37.40314
  21.8877145   37.4024819
  21.8870466   37.4022424
  21.885453    37.4019436
  21.8819349   37.4019301
  21.8808749   37.4018007
  21.8768349   37.4011898
  21.8762966   37.4010607
  21.8756702   37.4007543
  21.8746351   37.4001296
  21.8726092   37.3988315
  21.8694221   37.3969919
  21.8684473   37.3965395
  21.8661572   37.3958515
  21.8639106   37.3952229
  21.8638664   37.3952125
  21.8588628   37.3942957
  21.8583021   37.3942518
  21.8567791   37.3943743
  21.8566718   37.3943822
  21.8557712   37.3943388
  21.8505596   37.3918987
  21.8495495   37.391294
  21.8484252   37.3913417
  21.8478623   37.3913743
  21.8476525   37.3914415
  21.8470123   37.3916462
  21.8444639   37.3924614
  21.8435093   37.3926533
  21.84326     37.392703
  21.8426448   37.3926422
  21.8411891   37.3920502
  21.8408068   37.3919688
  21.8401879   37.391935
  21.8398006   37.392
  21.8379399   37.3921966
  21.8365666   37.3926058
  21.8353856   37.3930877
  21.8347927   37.3928948
  21.8340399   37.3929513
  21.8327764   37.3932573
  21.8318495   37.393432
  21.8309633   37.3933495
  21.8307643   37.3936459
  21.8302565   37.3936253
  21.8290891   37.3940629
  21.8279356   37.3938962
  21.827132    37.3934616
  21.8264724   37.3928453
  21.8261134   37.3926228
  21.8257906   37.3924435
  21.8252961   37.3923125
  21.8247565   37.3923287
  21.824463    37.3923807
  21.8243637   37.3926372
  21.8243276   37.3929134
  21.8241334   37.3931861
  21.8239212   37.3933063
  21.8235786   37.3933419
  21.8231129   37.3931861
  21.8227607   37.3931646
  21.8225079   37.3932112
  21.8224645   37.3934613
  21.8222369   37.3937637
  21.8218938   37.3942085
  21.8216725   37.394621
  21.8215641   37.3952811
  21.8213555   37.395709
  21.8206952   37.3960219
  21.8204256   37.3962512
  21.8201691   37.3966779
  21.820012    37.3967667
  21.8198187   37.3966783
  21.8194007   37.3964071
  21.8190436   37.3962195
  21.8186331   37.3959519
  21.8182327   37.3955986
  21.8176702   37.3952018
  21.8171411   37.3949724
  21.8170092   37.3948149
  21.8164401   37.3940716
  21.8159853   37.3935757
  21.8152776   37.3932755
  21.8146108   37.3930845
  21.8140063   37.3928684
  21.8136495   37.3924905
  21.8129887   37.391945
  21.8120877   37.3920223
  21.8111947   37.3917458
  21.8110233   37.390948
  21.8105507   37.390536
  21.8099108   37.3907728
  21.8091623   37.3914341
  21.8085101   37.3912376
  21.8076724   37.391008
  21.8065601   37.3917244
  21.8058714   37.3924201
  21.8050562   37.3929581
  21.804316    37.3927383
  21.803479    37.392511
  21.8027495   37.3927989
  21.8021147   37.3929345
  21.8006363   37.3928578
  21.8000703   37.3928823
  21.8000001   37.3932463
  21.7998005   37.393388
  21.7993585   37.3933944
  21.7989688   37.3933311
  21.7981743   37.3933667
  21.7981601   37.3935191
  21.7982379   37.3936203
  21.7982376   37.39386
  21.7979825   37.3940004
  21.7979836   37.3942954
  21.7978251   37.3946357
  21.7977714   37.3951166
  21.7976695   37.3954103
  21.7974117   37.3956954
  21.7970985   37.3954405
  21.7967702   37.3951462
  21.7966084   37.3950035
  21.7962892   37.3944313
  21.7959735   37.3943648
  21.7953264   37.3938695
  21.7945238   37.3933352
  21.7941502   37.3931233
  21.7938224   37.3930771
  21.7934748   37.3931425
  21.7932294   37.3933507
  21.7931685   37.3943489
  21.7928783   37.394963
  21.792492    37.3957105
  21.7923579   37.3965356
  21.7920216   37.3970197
  21.790644    37.3975188
  21.7902578   37.3973833
  21.789305    37.3974063
  21.7888635   37.3971365
  21.7882134   37.3969434
  21.7876603   37.3970602
  21.7873127   37.3973854
  21.7872708   37.3976765
  21.7870391   37.3980366
  21.7864989   37.3981516
  21.7857678   37.397901
  21.7853879   37.397662
  21.7844479   37.3975762
  21.783776    37.3978563
  21.7831928   37.3979965
  21.7828228   37.3979872
  21.7824005   37.3977904
  21.7818973   37.397324
  21.7811424   37.3970707
  21.7804133   37.3969229
  21.7799827   37.3969875
  21.7794998   37.3972887
  21.7790676   37.3974706
  21.7788128   37.3975043
  21.77819     37.3972801
  21.7773634   37.3970447
  21.7766764   37.397138
  21.7762543   37.3970693
  21.7758762   37.3968684
  21.7754199   37.3967489
  21.7750523   37.3968306
  21.7744232   37.396938
  21.7738228   37.3968425
  21.7734859   37.396597
  21.7731541   37.3960944
  21.7727341   37.3959534
  21.7723269   37.3959003
  21.7719901   37.3960121
  21.7717353   37.3963086
  21.7714911   37.39653
  21.7712209   37.3967384
  21.770769    37.3968254
  21.7703492   37.3967403
  21.7698745   37.39682
  21.7689485   37.3969824
  21.7675428   37.3965925
  21.7660086   37.3969036
  21.7642813   37.3970017
  21.7633408   37.3971823
  21.7623368   37.3977186
  21.7614792   37.3974011
  21.7603107   37.3972265
  21.7590454   37.3969761
  21.7577929   37.3966547
  21.7557539   37.3965494
  21.7550089   37.3961613
  21.7541583   37.3961195
  21.7532246   37.3953384
  21.7517931   37.3947544
  21.7508626   37.3946359
  21.7505802   37.394489
  21.749584    37.3947131
  21.7478599   37.3944438
  21.7471178   37.3941256
  21.7459419   37.3932788
  21.7451975   37.3931243
  21.7438331   37.3934365
  21.742931    37.3936198
  21.7417555   37.3942047
  21.7413401   37.3943012
  21.7408768   37.3941258
  21.7399437   37.3943577
  21.7393064   37.3943393
  21.7385437   37.3941884
  21.7379912   37.394288
  21.7377146   37.3943786
  21.7374072   37.3942573
  21.7370351   37.3938179
  21.7366308   37.393566
  21.73644     37.3935242
  21.7359632   37.3937296
  21.7351939   37.3939498
  21.732392    37.3949503
  21.7311155   37.3952507
  21.73062     37.3953717
  21.7301459   37.3952797
  21.729301    37.3951554
  21.728551    37.3948546
  21.7279496   37.3944326
  21.7271469   37.3940933
  21.726269    37.3941505
  21.7254875   37.394138
  21.7240749   37.3938862
  21.7233091   37.3936408
  21.7229676   37.393225
  21.7226373   37.393004
  21.7215857   37.3927824
  21.7210683   37.3928237
  21.7197244   37.3933109
  21.7188304   37.3937349
  21.7182004   37.3937532
  21.7166499   37.3933617
  21.7160037   37.3934043
  21.7153983   37.3935194
  21.7150569   37.3937589
  21.7145977   37.3941194
  21.7137423   37.39437
  21.7130205   37.3943851
  21.7125093   37.3942485
  21.7111884   37.3942074
  21.7102167   37.3941015
  21.7086462   37.3946006
  21.7069418   37.3947781
  21.7061391   37.3947069
  21.7041963   37.3944377
  21.703309    37.3941023
  21.7018014   37.3921242
  21.7012469   37.3913861
  21.7009768   37.3905541
  21.7004567   37.3900977
  21.6999909   37.3894648
  21.6990362   37.3892517
  21.697298    37.3887805
  21.6970738   37.3886173
  21.6969866   37.3884262
  21.6965828   37.3882413
  21.6960651   37.3882759
  21.6955536   37.3881347
  21.6952899   37.3879716
  21.6946641   37.3877935
  21.6944026   37.3876377
  21.6941598   37.3873186
  21.6938982   37.3871331
  21.693335    37.3869409
  21.6931651   37.3868539
  21.6930042   37.3867303
  21.6928754   37.3866024
  21.6927628   37.3864532
  21.6926877   37.3863041
  21.6926233   37.3860867
  21.6925643   37.3859204
  21.6924409   37.38575
  21.6923283   37.3856221
  21.6922264   37.385524
  21.6921081   37.3854439
  21.6918881   37.3852351
  21.6917916   37.3851711
  21.6916467   37.3851072
  21.6915287   37.3850987
  21.6913946   37.3851242
  21.6912498   37.3851114
  21.6911156   37.3850646
  21.6909762   37.3849921
  21.6908689   37.3849154
  21.6907723   37.3848259
  21.6907082   37.3847611
  21.6906385   37.3847184
  21.6905095   37.3846724
  21.6904346   37.384646
  21.6903703   37.3845906
  21.6902898   37.3845309
  21.6902091   37.3844977
  21.6899945   37.3844252
  21.6898767   37.3843817
  21.6896353   37.3843519
  21.6895227   37.3843391
  21.6893993   37.3843007
  21.689292    37.3842581
  21.6891791   37.3842291
  21.6891303   37.3842271
  21.689056    37.384224
  21.6887985   37.3841984
  21.6885464   37.3841388
  21.6882942   37.3840748
  21.6882242   37.3840586
  21.6881384   37.3840629
  21.6880526   37.3840629
  21.6879241   37.3840663
  21.6877846   37.3840706
  21.6876505   37.3840578
  21.6875378   37.3840365
  21.6874413   37.3839896
  21.6873876   37.3839342
  21.6873125   37.3838105
  21.6872535   37.3836741
  21.6871623   37.3835377
  21.6870336   37.3833672
  21.6868244   37.3830646
  21.686642    37.3828216
  21.6864701   37.3826136
  21.6864111   37.3825071
  21.6863201   37.3823016
  21.6862069   37.3820253
  21.6861479   37.3818676
  21.6861227   37.3817436
  21.6860996   37.3816673
  21.6860621   37.3815522
  21.6860299   37.3814584
  21.685994    37.3813898
  21.6859725   37.3813173
  21.6859655   37.3812495
  21.6859548   37.3811728
  21.6859548   37.381079
  21.6859548   37.3809682
  21.6859548   37.3808702
  21.6859494   37.3807892
  21.6859387   37.3807252
  21.6859065   37.3806442
  21.6858529   37.3805291
  21.6857885   37.3804098
  21.6857509   37.3802862
  21.6857204   37.380111
  21.6856775   37.3799362
  21.6856115   37.3797064
  21.6855256   37.3794933
  21.6854291   37.3792716
  21.6853111   37.3788923
  21.6852921   37.3786151
  21.6852692   37.3784608
  21.6850858   37.3781249
  21.6849999   37.3778692
  21.6849785   37.3777328
  21.6849785   37.3776432
  21.6849999   37.3775409
  21.685016    37.3774429
  21.6850268   37.3773662
  21.6850482   37.377234
  21.6850589   37.3770209
  21.6850643   37.3768887
  21.6850804   37.3767438
  21.6850643   37.3766031
  21.6850321   37.3765093
  21.6849785   37.3764028
  21.6848782   37.376283
  21.6847961   37.3762365
  21.6847065   37.3761892
  21.6846137   37.3761171
  21.6845563   37.376057
  21.6844973   37.3759846
  21.6844367   37.3759168
  21.684383    37.37584
  21.6843347   37.3757463
  21.6842881   37.3756819
  21.6841684   37.3755928
  21.6835194   37.3752091
  21.683419    37.3751661
  21.6833048   37.3751367
  21.6832029   37.3751239
  21.6830918   37.3751277
  21.6830151   37.3751537
  21.6829148   37.3751916
  21.682829    37.3752471
  21.6827378   37.3753153
  21.6826358   37.375392
  21.6825661   37.3754389
  21.6825124   37.3754602
  21.6824534   37.3754602
  21.6824213   37.3754538
  21.6823856   37.3754236
  21.6823606   37.3753626
  21.6823553   37.375256
  21.6823553   37.375175
  21.6823553   37.375094
  21.6823553   37.375013
  21.6823553   37.3749619
  21.6823714   37.3748681
  21.6824089   37.3748041
  21.6824626   37.3747189
  21.6824733   37.3746763
  21.682476    37.374627
  21.6824218   37.3745799
  21.6009326   37.3724614
  21.5513056   37.3699896
  21.419869    37.3571788
  21.4193993   37.3581159
  21.4177494   37.3607517
  21.4172853   37.3614974
  21.4165496   37.3625691
  21.4152546   37.3644116
  21.4145067   37.3654961
  21.4138581   37.3664459
  21.412851    37.3679055
  21.4123083   37.3687026
  21.4118246   37.3693725
  21.4100816   37.3717957
  21.4096751   37.3723687
  21.4092647   37.3728894
  21.4078523   37.3746941
  21.4064345   37.3765489
  21.4050871   37.3783541
  21.403899    37.3799819
  21.4032947   37.3808238
  21.4021938   37.3822339
  21.4008169   37.3840348
  21.4001728   37.3847371
  21.3987026   37.3862989
  21.3971182   37.3880142
  21.3961844   37.389043
  21.3948259   37.3905648
  21.393931    37.3915839
  21.3929759   37.3926854
  21.3923045   37.3933745
  21.3904641   37.3952856
  21.3897337   37.3960537
  21.3886467   37.3972109
  21.3879272   37.3979865
  21.3868626   37.3991488
  21.3861793   37.3999043
  21.3857504   37.4002535
  21.384164    37.4015342
  21.3829668   37.4025139
  21.382025    37.4032956
  21.3806622   37.4044435
  21.3787889   37.4060467
  21.3776444   37.4070432
  21.3759699   37.408526
  21.3748684   37.4095177
  21.3733048   37.4109481
  21.3725177   37.4116774
  21.3711983   37.4129159
  21.3704511   37.4136225
  21.3699426   37.4139741
  21.3691899   37.4144935
  21.3675867   37.4154938
  21.3660651   37.4164818
  21.3649507   37.4172416
  21.3628574   37.4186962
  21.3622065   37.4191541
  21.3609118   37.4200773
  21.3593145   37.4212363
  21.3573491   37.422258
  21.3554782   37.4232482
  21.3539757   37.4240574
  21.3528269   37.4246836
  21.3516524   37.4251757
  21.3506822   37.4255826
  21.3492309   37.4261994
  21.3482662   37.4266148
  21.3468223   37.4272446
  21.3458491   37.4276747
  21.3442515   37.4283903
  21.3427768   37.4290609
  21.3412515   37.4297677
  21.3396295   37.4305308
  21.3386517   37.430997
  21.3372099   37.4316934
  21.3362526   37.4321615
  21.33517     37.4326447
  21.3340323   37.4325604
  21.3323939   37.4324465
  21.3313012   37.4323752
  21.3296614   37.4322754
  21.3285677   37.4322136
  21.3269267   37.4321281
  21.3258323   37.4320758
  21.3241901   37.4320045
  21.323095    37.4319617
  21.321452    37.4319047
  21.3203564   37.4318714
  21.3187128   37.4318286
  21.3176168   37.4318048
  21.3159713   37.4317763
  21.3148599   37.4317619
  21.3130418   37.4317466
  21.3114162   37.4317409
  21.3096931   37.4317459
  21.3077208   37.4317622
  21.3061744   37.4317825
  21.3050232   37.4318031
  21.303236    37.4318433
  21.3020652   37.431875
  21.2993587   37.431962
  21.2974347   37.4320377
  21.2945384   37.4321739
  21.2926086   37.4322795
  21.2897161   37.43246
  21.2877892   37.4325951
  21.2849015   37.4328199
  21.2829783   37.4329844
  21.2800965   37.4332533
  21.2781775   37.4334473
  21.2753267   37.4337575
  21.2737646   37.4339381
  21.2729745   37.4340335
  21.2702944   37.4343694
  21.2683294   37.4346278
  21.2669538   37.4348172
  21.2654498   37.4350341
  21.2636928   37.4352959
  21.262603    37.4354633
  21.2609885   37.4357187
  21.2599142   37.4358935
  21.2583046   37.4361626
  21.2572327   37.4363467
  21.2556268   37.4366298
  21.2545575   37.4368232
  21.2529556   37.4371202
  21.251889    37.4373229
  21.2502912   37.4376338
  21.2492274   37.4378457
  21.2476339   37.4381704
  21.2465731   37.4383915
  21.2449841   37.4387301
  21.2439264   37.4389604
  21.2423421   37.4393127
  21.2412875   37.4395522
  21.2397082   37.4399182
  21.2386569   37.4401668
  21.2370826   37.4405465
  21.2360348   37.4408042
  21.2344658   37.4411976
  21.2334216   37.4414643
  21.231858    37.4418713
  21.2308174   37.4421471
  21.2292582   37.4425679
  21.2282038   37.4428577
  21.2264229   37.4433566
  21.2244858   37.4439122
  21.2226661   37.4444497
  21.220409    37.4451319
  21.2190204   37.4455613
  21.2169671   37.4462101
  21.2155872   37.4466555
  21.2133806   37.4473833
  21.2117142   37.4479438
  21.2101766   37.4484711
  21.2087087   37.4489836
  21.2066728   37.4497067
  21.2052293   37.4502282
  21.2038791   37.4507239
  21.2025949   37.4512026
  21.2009211   37.4518354
  21.199881    37.4522346
  21.1983433   37.4528334
  21.1973219   37.4532369
  21.195794    37.4538491
  21.1947783   37.4542618
  21.1932592   37.4548877
  21.1922392   37.4553138
  21.1905653   37.456024
  21.1889195   37.4567369
  21.1864537   37.4578288
  21.1848303   37.4585637
  21.1813315   37.4601881
  21.180554    37.4605545
  21.1792936   37.4611567
  21.1785408   37.4615211
  21.1763039   37.4626183
  21.1755611   37.4629874
  21.1743276   37.4636082
  21.1735799   37.4639894
  21.1716076   37.4650091
  21.1701458   37.4657785
  21.1679504   37.466956
  21.1664955   37.4677511
  21.1643263   37.468959
  21.162889    37.4697743
  21.1607442   37.4710136
  21.159299    37.4718644
  21.1569518   37.473273
  21.1552057   37.4743399
  21.154017    37.4750784
  21.1523279   37.4761455
  21.1501956   37.4775152
  21.1492173   37.4781525
  21.1476138   37.4792115
  21.1466362   37.4798674
  21.1451205   37.4808977
  21.1441635   37.4815566
  21.1424953   37.4827221
  21.1404972   37.4841451
  21.1384741   37.4856171
  21.1364687   37.4871083
  21.1344838   37.4886169
  21.1325195   37.4901425
  21.1305762   37.4916852
  21.1286541   37.4932446
  21.1267533   37.4948205
  21.1248741   37.4964129
  21.123019    37.4980195
  21.1212253   37.4996065
  21.1197538   37.5009335
  21.1189149   37.5017013
  21.1176074   37.5029135
  21.1167252   37.5037424
  21.1153402   37.5050653
  21.1137176   37.506642
  21.1127794   37.5075685
  21.1114235   37.5089279
  21.1105293   37.5098379
  21.1092003   37.5112105
  21.1083226   37.5121306
  21.1070185   37.5135183
  21.1061575   37.5144483
  21.1048786   37.5158508
  21.1040344   37.5167907
  21.1028849   37.5180893
  21.1023543   37.5187487
  21.1495216   37.6628085
  21.1544006   37.6836416
  21.1547036   37.7032748
  21.1494021   37.7223753
  21.1372187   37.7366889
  21.1160321   37.750678
  21.0706498   37.7738372
  21.0519474   37.783591
  21.0335393   37.7981512
  21.0152633   37.8167238
  20.9702721   37.8743477
  20.9438354   37.916833
  20.9322844   37.9519417
  20.9272063   37.991643
  20.9291123   38.0061347
  20.941372    38.0562989
  20.9678297   38.0979529
  21.0398288   38.1690472
  21.086618    38.2050409
  21.1084563   38.2321246
  21.1296346   38.3040566
  21.1247959   38.3258189
  21.1071791   38.3259047
  21.0893971   38.3271924
  21.0759544   38.3397933
  21.0753107   38.3529803
  21.0711479   38.3660101
  21.0590561   38.3805122
  21.0706346   38.3868702
  21.0835522   38.3892652
  21.0963795   38.3897057
  21.1057393   38.3891826
  21.1111445   38.3863587
  21.1148073   38.3906122
  21.1134426   38.3971408
  21.1146421   38.4089403
  21.1147987   38.4148872
  21.1108999   38.4182278
  21.108252    38.4219079
  21.106265    38.4250448
  21.1042458   38.4292052
  21.0911911   38.4469573
  21.0813702   38.4619298
  21.0605753   38.4831939
  21.0470312   38.4945141
  21.0247473   38.4975489
  21.0048798   38.5040996
  20.9683931   38.5182102
  20.9676722   38.5437917
  20.9731482   38.583965
  20.979637    38.6109382
  20.9786585   38.6395639
  20.9770363   38.6533999
  20.9688566   38.6630447
  20.9500254   38.6605649
  20.9344204   38.6601172
  20.8949866   38.6651176
  20.8273398   38.6955713
  20.7748938   38.7231227
  20.7661391   38.7286135
  20.7604743   38.7341038
  20.7563544   38.7395938
  20.7518912   38.7470915
  20.7424498   38.7643601
  20.7336951   38.7804202
  20.729748    38.7889837
  20.7290478   38.793399
  20.7291112   38.7950241
  20.728923    38.7954963
  20.7282954   38.7987391
  20.7302026   38.8019055
  20.7308626   38.8042587
  20.7295869   38.806496
  20.7283476   38.8081923
  20.7281424   38.809049
  20.7259396   38.8185364
  20.7288266   38.8267807
  20.7298173   38.8407425
  20.7318432   38.8450788
  20.7311728   38.8493539
  20.7281339   38.8537836
  20.7365833   38.8656417
  20.6969247   38.9245462
END
END
