polygon
1
  20.7796485   40.3480878
  20.7796554   40.3480713
  20.7797274   40.3478994
  20.7804822   40.3470264
  20.7811313   40.3465086
  20.783258    40.3445818
  20.7842579   40.3438215
  20.7849724   40.3433505
  20.7857259   40.3429212
  20.7869253   40.3423511
  20.7877441   40.3419955
  20.7890202   40.3415311
  20.7908172   40.3411082
  20.7922037   40.340908
  20.7936109   40.3408255
  20.7959635   40.3408277
  20.7973719   40.3407586
  20.8015662   40.3403119
  20.802955    40.3401161
  20.8043137   40.3398249
  20.8046538   40.3397202
  20.805186    40.3395563
  20.8064235   40.3390366
  20.8087968   40.3378637
  20.8096127   40.337508
  20.8104672   40.3372073
  20.8113596   40.3369753
  20.8127321   40.3367249
  20.8141371   40.3366195
  20.8185356   40.3365966
  20.8194759   40.3366179
  20.8204108   40.3367022
  20.821336    40.3368358
  20.8222421   40.3370273
  20.8293751   40.338867
  20.8369405   40.3408397
  20.8396102   40.3415387
  20.8409337   40.3419172
  20.8417805   40.3422285
  20.8429801   40.3427972
  20.8437139   40.3432496
  20.8440158   40.3435236
  20.8442432   40.3438405
  20.8454974   40.3457752
  20.8463155   40.3474594
  20.8467633   40.3488586
  20.8471853   40.3509958
  20.8476809   40.3542158
  20.8477898   40.3560112
  20.8477902   40.357092
  20.847716    40.3581708
  20.8477493   40.3592526
  20.8479429   40.3603207
  20.8481881   40.3610164
  20.8483488   40.361354
  20.8487783   40.3619917
  20.8497472   40.3632296
  20.8505197   40.3641333
  20.8510989   40.364703
  20.8524139   40.3657296
  20.8533277   40.3665561
  20.854419    40.3677298
  20.8550775   40.3686844
  20.8555323   40.3697056
  20.855735    40.3704091
  20.8557436   40.3736474
  20.8557794   40.3740086
  20.8559569   40.3743422
  20.8562324   40.3746334
  20.8566148   40.3748465
  20.857479    40.3751357
  20.8583767   40.3753537
  20.8644138   40.3761212
  20.867233    40.3762652
  20.8692259   40.376603
  20.8696606   40.3748359
  20.8712851   40.3681246
  20.8717711   40.3652646
  20.8729361   40.3610403
  20.8733527   40.359633
  20.8738549   40.358246
  20.8740136   40.357908
  20.8749531   40.3564833
  20.8752767   40.3554337
  20.8753297   40.3550749
  20.8755114   40.3511167
  20.8757661   40.3486061
  20.8762121   40.3468348
  20.8767565   40.3454579
  20.8768363   40.3451043
  20.8768969   40.3443854
  20.8768447   40.3433031
  20.8764635   40.3397171
  20.8762345   40.3386525
  20.8757584   40.3372571
  20.8755924   40.33655
  20.8755511   40.3358284
  20.8755754   40.3347482
  20.8757015   40.3340355
  20.8758353   40.3336924
  20.8763484   40.3330893
  20.8798113   40.3292467
  20.8808906   40.3280689
  20.8818484   40.3272751
  20.8833933   40.3262378
  20.8835308   40.3261517
  20.8837387   40.3260184
  20.8840029   40.3258786
  20.8846741   40.3253743
  20.8877257   40.3226418
  20.8910284   40.3194763
  20.8918298   40.3187081
  20.8950738   40.3156248
  20.8997439   40.3116069
  20.9021766   40.309623
  20.9027228   40.3090387
  20.9039673   40.3079596
  20.9056006   40.3066613
  20.9076083   40.3051433
  20.9101471   40.3035404
  20.9133393   40.3020179
  20.9144888   40.3013911
  20.9173012   40.29948
  20.9195741   40.2976581
  20.9201285   40.2970739
  20.920562    40.296437
  20.9207308   40.2960992
  20.9214723   40.2943941
  20.922073    40.2926537
  20.9225212   40.2916298
  20.9229655   40.2909931
  20.9267196   40.2864228
  20.9295774   40.283121
  20.9304253   40.2822608
  20.9316584   40.2811722
  20.9329402   40.2801208
  20.933159    40.2799642
  20.9356888   40.2781536
  20.9375706   40.2765462
  20.9378544   40.2761123
  20.9381601   40.2754314
  20.9383826   40.2747302
  20.9391129   40.269728
  20.9391435   40.2692289
  20.9391782   40.2684597
  20.9392345   40.2659662
  20.9392445   40.2645029
  20.9396081   40.2614185
  20.9398168   40.2605233
  20.9400661   40.2599714
  20.9403696   40.2594616
  20.9408392   40.2590011
  20.9415331   40.2585466
  20.9426769   40.2580634
  20.943875    40.2576222
  20.9469973   40.2565518
  20.9522694   40.2550201
  20.9531157   40.2547091
  20.9560448   40.2535658
  20.9564128   40.2533413
  20.9567299   40.2530749
  20.9572166   40.2524617
  20.9577023   40.2514477
  20.9577957   40.2510943
  20.9578593   40.2503799
  20.9576801   40.2496726
  20.9577058   40.2490834
  20.9587449   40.2463185
  20.9590539   40.2456375
  20.9596203   40.2446481
  20.9614594   40.2404765
  20.9617212   40.2376011
  20.9618554   40.2368885
  20.9619965   40.2365455
  20.9638996   40.2328664
  20.96813     40.2248619
  20.9687399   40.2238871
  20.96901     40.2235924
  20.9693451   40.22334
  20.9697268   40.2231338
  20.9705391   40.2227678
  20.9730705   40.2218207
  20.9752788   40.221212
  20.9774368   40.2205028
  20.9791366   40.2198852
  20.9807823   40.2191896
  20.9811663   40.2189834
  20.9818668   40.2185063
  20.9834794   40.2171972
  20.9837456   40.2169025
  20.9841904   40.2162655
  20.9847912   40.2152904
  20.9855079   40.2143588
  20.9885791   40.2107368
  20.9891495   40.2101662
  20.9900777   40.2093527
  20.9908655   40.2084589
  20.9919824   40.2068756
  20.9923016   40.2061994
  20.9925149   40.2054979
  20.9925596   40.2051387
  20.9924537   40.2044244
  20.9923282   40.2040789
  20.9917963   40.2030787
  20.991335    40.2024497
  20.9904775   40.2015942
  20.9898444   40.2010598
  20.9894791   40.2008341
  20.9879032   40.2000545
  20.9871712   40.1995986
  20.9864757   40.1991166
  20.9841516   40.1973356
  20.9835829   40.1967623
  20.982164    40.1948968
  20.9816248   40.193901
  20.9815461   40.1935386
  20.9816249   40.1931894
  20.9818593   40.1928758
  20.9821267   40.192581
  20.9824879   40.1923517
  20.9828917   40.1921686
  20.9837599   40.191894
  20.9842141   40.1918023
  20.9846799   40.1917558
  20.9851489   40.1917456
  20.9860858   40.1918015
  20.9897789   40.1923255
  20.9935124   40.1926433
  20.994451    40.1926587
  20.9953876   40.1926065
  20.9962817   40.1923865
  20.9970404   40.1919648
  20.9973634   40.191703
  20.997848    40.1910895
  20.9983261   40.1900706
  20.9984962   40.1893635
  20.9986173   40.1882902
  20.9986455   40.1879306
  20.9985999   40.1867675
  20.9986237   40.1838858
  20.9985376   40.1824469
  20.9975043   40.1767409
  20.9973982   40.1756663
  20.9974243   40.1742258
  20.9979754   40.1681241
  20.9980202   40.1677694
  20.9984287   40.167118
  20.9998517   40.1657813
  21.0026864   40.1638956
  21.0029947   40.1636199
  21.0031922   40.1632963
  21.0036386   40.1618982
  21.0037059   40.1615396
  21.0037256   40.1597431
  21.0038867   40.1561444
  21.0039866   40.1554264
  21.0042496   40.1543658
  21.0028332   40.1542705
  21.0023775   40.1541822
  21.001949    40.154036
  21.0011678   40.1536374
  20.9993571   40.152487
  20.9989984   40.1522616
  20.9975035   40.1517094
  20.9911614   40.1496411
  20.9897453   40.1491793
  20.9819654   40.1466573
  20.9802453   40.1460809
  20.9794082   40.1457574
  20.9757679   40.144113
  20.9753923   40.1439005
  20.9747163   40.1434009
  20.974185    40.1428061
  20.9737396   40.1421729
  20.9733553   40.1415143
  20.9726997   40.1401641
  20.9725622   40.1398227
  20.9722777   40.1387614
  20.9720187   40.1380701
  20.9716736   40.137399
  20.971231    40.1367659
  20.9706471   40.1362057
  20.9696677   40.1354279
  20.9685359   40.1347812
  20.968129    40.1346084
  20.9667998   40.1342448
  20.9658786   40.1341171
  20.9635503   40.1338939
  20.9598043   40.13371
  20.9565588   40.1333274
  20.957142    40.1323474
  20.9573779   40.1320339
  20.9576788   40.131758
  20.9596832   40.1302389
  20.9607201   40.1295096
  20.9617964   40.1288172
  20.9641431   40.1270548
  20.970363    40.1221827
  20.9713434   40.1214067
  20.9719178   40.1208363
  20.9723692   40.1202086
  20.9724994   40.1198607
  20.9727855   40.1188053
  20.9732205   40.1170377
  20.9734769   40.115977
  20.9733933   40.1152587
  20.9731505   40.114194
  20.9731161   40.1138373
  20.9731504   40.113478
  20.9735054   40.1124334
  20.9736826   40.1121002
  20.9740539   40.1117181
  20.9772898   40.1096409
  20.9812845   40.1054576
  20.9815602   40.1051676
  20.9825839   40.1044286
  20.982953    40.1042041
  20.983798    40.1038928
  20.9851446   40.1035811
  20.9860556   40.1034112
  20.9869297   40.1031502
  20.987324    40.1029578
  20.9876685   40.1027101
  20.9882442   40.1021441
  20.9887308   40.1015262
  20.9888709   40.1011831
  20.9906982   40.0941417
  20.9908212   40.0934289
  20.9908116   40.0930683
  20.9907413   40.0927107
  20.990726    40.0926642
  20.989709    40.089572
  20.989463    40.088507
  20.9885534   40.0858172
  20.988524    40.0857218
  20.9884476   40.085364
  20.9884737   40.0846441
  20.9886595   40.0839373
  20.9888038   40.0835988
  20.9890585   40.0832946
  20.9894103   40.0830606
  20.9907189   40.0826713
  20.990785    40.0826213
  20.991053    40.0824188
  20.9936342   40.079045
  20.9937939   40.0787181
  20.9942926   40.0776974
  20.9944824   40.0773646
  20.9947292   40.0770602
  20.9956958   40.0762746
  20.9963009   40.0759207
  20.9964403   40.0758391
  20.9974374   40.0750768
  20.997663    40.074763
  20.997822    40.074425
  20.997904    40.074071
  20.9981632   40.07011
  20.998299    40.068677
  20.999136    40.067388
  20.9993582   40.0671209
  20.999561    40.066877
  21.0004424   40.0666336
  21.001718    40.0661803
  21.002053    40.065928
  21.002596    40.065343
  21.0026186   40.0652982
  21.0030156   40.0645115
  21.0048334   40.0628831
  21.0072802   40.0597803
  21.0082642   40.0577565
  21.0092305   40.0565204
  21.0095407   40.0562537
  21.0102998   40.0558364
  21.0107489   40.0557399
  21.0190312   40.0556247
  21.0208991   40.0557358
  21.0246063   40.0561645
  21.0287273   40.0568558
  21.0336495   40.0580314
  21.0340878   40.0581598
  21.0388053   40.0597533
  21.0396226   40.0600984
  21.0427833   40.061652
  21.0445387   40.0628407
  21.045689    40.063469
  21.0492936   40.0657409
  21.0504429   40.0663602
  21.0507581   40.0665107
  21.0508415   40.0665505
  21.0512657   40.0667009
  21.0521748   40.0668772
  21.0526424   40.0669071
  21.0529474   40.0669031
  21.0535797   40.0668949
  21.0545036   40.0667833
  21.0553325   40.0664441
  21.0561249   40.0660544
  21.0565001   40.0658388
  21.057128    40.0653053
  21.0575045   40.0650942
  21.0579269   40.0649383
  21.059774    40.0646925
  21.0616444   40.0645913
  21.0644439   40.0644011
  21.0658335   40.0642382
  21.0675795   40.0637149
  21.0684292   40.0634122
  21.0693243   40.0632007
  21.0697868   40.0631448
  21.070256    40.0631432
  21.0719867   40.0632906
  21.0738642   40.0622436
  21.0780347   40.0599304
  21.079655    40.0592102
  21.0809444   40.0587833
  21.0821031   40.0581685
  21.0824553   40.0579341
  21.0825229   40.0578643
  21.0827412   40.0576387
  21.085076    40.055226
  21.085261    40.055055
  21.085396    40.054711
  21.085426    40.053992
  21.0853243   40.0525523
  21.0853057   40.0524788
  21.0849668   40.0511381
  21.0846489   40.0504635
  21.0839501   40.0491308
  21.0837671   40.0488019
  21.0814936   40.0422231
  21.0813007   40.0414838
  21.0811962   40.041083
  21.0803025   40.0376577
  21.079713    40.0359696
  21.0794457   40.035204
  21.0793483   40.0348503
  21.0793104   40.0334126
  21.0795357   40.0312564
  21.079727    40.0305542
  21.0797774   40.0301951
  21.0799091   40.0276763
  21.0798539   40.0244367
  21.0798348   40.0237201
  21.0796781   40.023009
  21.0795304   40.0226675
  21.0793241   40.0219642
  21.0793088   40.0216035
  21.0793567   40.0212444
  21.0794183   40.0208857
  21.079551    40.0205422
  21.0799879   40.0199047
  21.0811174   40.0187577
  21.0823276   40.0176577
  21.0825296   40.017334
  21.0828575   40.0166383
  21.0828639   40.016603
  21.0829534   40.0165628
  21.0833243   40.016459
  21.083597    40.0163737
  21.0836971   40.0159793
  21.0832465   40.0155848
  21.0826743   40.0155373
  21.0823307   40.0153889
  21.0822622   40.0153411
  21.0818835   40.0151244
  21.0806664   40.0145892
  21.0795492   40.0139351
  21.0782682   40.0129573
  21.0782188   40.0129196
  21.077565    40.0119618
  21.0770046   40.0110841
  21.0759223   40.0093892
  21.0752026   40.0080604
  21.0741935   40.0060442
  21.0708868   40.0017406
  21.0700592   40.0008684
  21.0692738   39.9991731
  21.0686761   39.9978744
  21.0680175   39.9973443
  21.0658398   39.9954651
  21.0643473   39.9940761
  21.0636065   39.9936384
  21.0627978   39.9932756
  21.0615393   39.9927933
  21.0602286   39.9924043
  21.0593159   39.9922415
  21.0588511   39.9922072
  21.0574461   39.992221
  21.056052    39.9923432
  21.0551558   39.9925546
  21.0534254   39.9931051
  21.0521683   39.9935866
  21.0509585   39.9941367
  21.0475668   39.9960545
  21.0433332   39.9988965
  21.0432188   39.9990107
  21.0430016   39.9998204
  21.0427321   40.0001152
  21.0417329   40.0008734
  21.0408411   40.0010983
  21.0351278   40.0017899
  21.0346657   40.0017915
  21.0342092   40.0017033
  21.0337895   40.0015439
  21.0334643   40.0012879
  21.0332413   40.0009714
  21.0334142   40.0006651
  21.031849    39.9990757
  21.031206    39.9985547
  21.0267577   39.9956483
  21.0263903   39.9954271
  21.0252006   39.9948606
  21.0230306   39.9938636
  21.0252043   39.9932619
  21.0305482   39.98867
  21.0348395   39.9871931
  21.0351721   39.9870786
  21.0354688   39.9869765
  21.0358237   39.9868014
  21.0392969   39.9850882
  21.0395059   39.9847648
  21.0396322   39.9844213
  21.0397751   39.9837088
  21.0399047   39.9833608
  21.0401383   39.9830515
  21.0404712   39.9827943
  21.0408277   39.9825647
  21.0412593   39.9824226
  21.0425892   39.9822584
  21.0430387   39.9821618
  21.0434252   39.98196
  21.0443813   39.9811647
  21.0448857   39.9805605
  21.0455848   39.9792227
  21.0459275   39.9781731
  21.0463296   39.9771384
  21.0473037   39.9747447
  21.0474655   39.9744065
  21.047717    39.9741022
  21.0479991   39.9738121
  21.0483894   39.9736284
  21.0497636   39.9733977
  21.0502801   39.9731648
  21.0505768   39.9730311
  21.0508844   39.9727957
  21.0508311   39.9720647
  21.0505736   39.9717654
  21.050236    39.9715181
  21.0494927   39.9710803
  21.0490803   39.9709077
  21.0482156   39.9706334
  21.0465781   39.9699386
  21.045858    39.9694789
  21.0456018   39.9691841
  21.0454389   39.9688467
  21.0453157   39.9684967
  21.0453621   39.9681376
  21.0457297   39.9679308
  21.0461697   39.9677979
  21.0480318   39.9678093
  21.0504655   39.9652546
  21.0505196   39.9649696
  21.0505336   39.964896
  21.0507321   39.9645768
  21.0588718   39.9587126
  21.0602476   39.9577386
  21.062209    39.956757
  21.063009    39.95639
  21.0634459   39.9562569
  21.0666898   39.9558977
  21.0671374   39.955801
  21.0675515   39.9556313
  21.0688055   39.9550739
  21.0711944   39.954012
  21.0715693   39.9537963
  21.073026    39.9529053
  21.0744093   39.9519314
  21.0755881   39.9508172
  21.0766823   39.9496468
  21.076935    39.9493514
  21.0775621   39.947989
  21.077799    39.9469276
  21.0778249   39.9458473
  21.0781221   39.9447919
  21.0782825   39.9444536
  21.0784965   39.9441347
  21.0810958   39.9407323
  21.0828417   39.9386099
  21.0837307   39.9373442
  21.084304    39.9356066
  21.0842636   39.9345291
  21.0840703   39.9338217
  21.0831839   39.9313988
  21.0830119   39.9310612
  21.082573    39.9304286
  21.0815349   39.9284207
  21.0814156   39.9280709
  21.0812997   39.9269916
  21.0814308   39.9262832
  21.0821072   39.9238141
  21.0823711   39.9231272
  21.0864864   39.9144166
  21.0866568   39.9140786
  21.0877499   39.9124892
  21.0882801   39.911899
  21.0888581   39.9113325
  21.0895042   39.9108128
  21.0898811   39.9105971
  21.0905419   39.9096498
  21.0906981   39.9093114
  21.0907931   39.908958
  21.0908068   39.908598
  21.0907381   39.9082405
  21.0906372   39.9078867
  21.0904689   39.9075536
  21.0895759   39.906725
  21.089222    39.9064864
  21.088826    39.9062963
  21.0878501   39.9055152
  21.0873272   39.9039829
  21.0872157   39.9036562
  21.0866951   39.9021307
  21.0865836   39.9017901
  21.0866308   39.9014265
  21.0867268   39.9010731
  21.0868858   39.9007348
  21.0874914   39.8997637
  21.0877873   39.8994829
  21.0884582   39.8989817
  21.0887936   39.8987335
  21.0891727   39.8985223
  21.0907708   39.8977742
  21.0916063   39.8974484
  21.0931749   39.896668
  21.094436    39.8956052
  21.094989    39.8950246
  21.095204    39.8947057
  21.0957414   39.8937103
  21.0959095   39.8933767
  21.0961535   39.8926802
  21.0964225   39.8916195
  21.0965025   39.8909054
  21.0964263   39.889827
  21.0960861   39.8884133
  21.0960243   39.8880559
  21.0960482   39.8876962
  21.0962163   39.8873627
  21.0966562   39.8867296
  21.0972368   39.8861631
  21.0978761   39.8852018
  21.0983565   39.8838131
  21.0985301   39.8831058
  21.0984701   39.882753
  21.0980987   39.8817123
  21.0974813   39.8803547
  21.0972011   39.8800639
  21.0968095   39.8798695
  21.095925    39.87946
  21.0957142   39.8791394
  21.0956744   39.8787826
  21.0957157   39.8784188
  21.0960191   39.8781562
  21.0964344   39.8779909
  21.0968837   39.8778986
  21.0978176   39.87794
  21.0987296   39.8780935
  21.0993915   39.8786009
  21.0998258   39.8787244
  21.1007651   39.8787344
  21.1012253   39.8786829
  21.1020925   39.8784163
  21.1028757   39.8780215
  21.1046455   39.8768542
  21.1051755   39.8762549
  21.1054804   39.8759878
  21.1062413   39.8755699
  21.1070607   39.8752165
  21.1123113   39.873109
  21.1169525   39.87145
  21.1205025   39.8699574
  21.1212822   39.8695624
  21.1227362   39.8686526
  21.1230732   39.8684088
  21.12368     39.8678608
  21.123912    39.8675468
  21.1245382   39.8670129
  21.1284119   39.8650281
  21.128807    39.8648352
  21.1292428   39.8647109
  21.131517    39.8643078
  21.1319253   39.864471
  21.132256    39.8647269
  21.132552    39.8650045
  21.1327761   39.8653208
  21.1330596   39.8656071
  21.1340035   39.8664051
  21.1343523   39.8666434
  21.1347572   39.8668201
  21.1356412   39.8670581
  21.1370362   39.8671736
  21.1384363   39.8671677
  21.1398341   39.8670806
  21.1407603   39.8669818
  21.1457595   39.8660781
  21.1493022   39.8651745
  21.1506133   39.8647968
  21.1518314   39.8642683
  21.1542872   39.8620991
  21.1557131   39.8611703
  21.1560842   39.8609497
  21.1564744   39.8607521
  21.1581081   39.860058
  21.1602169   39.85929
  21.1610768   39.8590092
  21.1633347   39.8584024
  21.1636352   39.8586035
  21.1638793   39.8588932
  21.164675    39.8600927
  21.1672612   39.8635204
  21.1722213   39.8687806
  21.1747726   39.8721307
  21.1757585   39.8737626
  21.1770148   39.8752796
  21.1775761   39.8758563
  21.1786288   39.8769178
  21.1792527   39.8774509
  21.1803706   39.8781042
  21.1815552   39.878678
  21.1819848   39.8788191
  21.1824379   39.8789066
  21.1833685   39.8789833
  21.1852366   39.8789521
  21.1894252   39.8786709
  21.190354    39.8785898
  21.1931205   39.878238
  21.193571    39.8781453
  21.1948081   39.8776393
  21.1956844   39.8773813
  21.196137    39.8773066
  21.1966073   39.8773045
  21.1970754   39.8773068
  21.1975324   39.8773809
  21.1992903   39.8778693
  21.2043481   39.8797119
  21.205603    39.8801971
  21.2063982   39.8805721
  21.2090016   39.8820896
  21.2125383   39.8844312
  21.2133657   39.8853024
  21.2141446   39.8861949
  21.2149013   39.8871049
  21.2152277   39.8873604
  21.2156927   39.8873941
  21.2175513   39.8872811
  21.2184831   39.8872179
  21.221217    39.8867385
  21.2216778   39.886682
  21.2244822   39.8866231
  21.2249486   39.8866478
  21.2254009   39.8867397
  21.2266629   39.8872158
  21.2270333   39.8874273
  21.2276828   39.8879473
  21.2287934   39.8886089
  21.2292007   39.8887853
  21.2300494   39.8890894
  21.2305004   39.8891767
  21.231424    39.8893114
  21.2318781   39.8892592
  21.2326048   39.8888081
  21.2350132   39.8871856
  21.2363395   39.8868344
  21.2371865   39.8865258
  21.2375029   39.8862631
  21.2377023   39.885939
  21.2378292   39.8855908
  21.2380572   39.8852809
  21.2383957   39.8850322
  21.2396188   39.8845119
  21.2459679   39.8833838
  21.2478136   39.8831619
  21.2482809   39.883146
  21.2487459   39.883184
  21.2504243   39.8830388
  21.2515156   39.8828849
  21.2519387   39.8827373
  21.2522379   39.8824561
  21.2524367   39.8821366
  21.2529949   39.880758
  21.2533366   39.8797122
  21.2537017   39.8790498
  21.2542328   39.8784588
  21.2551352   39.8776289
  21.2564883   39.876634
  21.2568663   39.8764268
  21.2572814   39.8762609
  21.2577232   39.8761408
  21.2581838   39.8760796
  21.2586428   39.876122
  21.2590682   39.8762672
  21.2594505   39.8764744
  21.2606607   39.877021
  21.2615047   39.8773337
  21.2619447   39.8774522
  21.2628495   39.8776312
  21.2692623   39.8785076
  21.269728    39.8785411
  21.2701948   39.8785251
  21.2706536   39.8784548
  21.2715278   39.8782006
  21.2727794   39.8777166
  21.2788527   39.8743687
  21.2795923   39.8739311
  21.2799019   39.8736592
  21.2801073   39.8733352
  21.2803651   39.8726431
  21.2806279   39.871217
  21.28074     39.8708683
  21.2808984   39.8705297
  21.2813895   39.8699152
  21.2816937   39.8696431
  21.2823691   39.8691455
  21.2830936   39.8686895
  21.2858881   39.8667777
  21.2865056   39.8662381
  21.2872755   39.8653328
  21.288511    39.8633934
  21.2889754   39.8627692
  21.2892475   39.8624738
  21.2904598   39.8613806
  21.2911333   39.8608829
  21.2949647   39.8582519
  21.2953261   39.8580261
  21.2957212   39.8578327
  21.2964913   39.8577741
  21.2982307   39.8583146
  21.299117    39.8585334
  21.3000324   39.8586629
  21.301891    39.8588458
  21.3032611   39.8590803
  21.3041596   39.8592769
  21.3050245   39.8595492
  21.3062855   39.8600244
  21.3066987   39.8601917
  21.3074726   39.860597
  21.3081825   39.8610684
  21.3088183   39.8615966
  21.3110804   39.8643291
  21.312996    39.8663688
  21.314162    39.8674948
  21.3147839   39.8680362
  21.3154691   39.868525
  21.3162238   39.8689478
  21.3166347   39.8691195
  21.3175385   39.869307
  21.3179987   39.8693673
  21.3184659   39.8693781
  21.318916    39.8692849
  21.3193226   39.8691051
  21.3203977   39.8684138
  21.3214043   39.8676579
  21.3216772   39.8673669
  21.3218743   39.8670427
  21.3218695   39.8664255
  21.3209618   39.8647785
  21.320802    39.8644371
  21.3207251   39.8640839
  21.32073     39.8637237
  21.3215964   39.8612935
  21.3219187   39.8606163
  21.3220436   39.8599031
  21.3220185   39.8595422
  21.3219289   39.8591888
  21.3215028   39.858161
  21.3212985   39.8574582
  21.3212699   39.8570972
  21.3213149   39.8567379
  21.3216154   39.8560557
  21.3224964   39.8547879
  21.3230634   39.8537966
  21.3232375   39.8534628
  21.3234273   39.85276
  21.3234035   39.8520388
  21.3228444   39.8499225
  21.3227613   39.8492044
  21.3228093   39.8484849
  21.3229368   39.8477717
  21.3231155   39.8470641
  21.3232621   39.8467207
  21.3243092   39.844718
  21.3247503   39.8440796
  21.3263024   39.8418679
  21.3289896   39.8384887
  21.3308107   39.8363957
  21.3327487   39.8343639
  21.3346059   39.8327491
  21.3355634   39.8319603
  21.336265    39.8314855
  21.3370368   39.8310799
  21.3374463   39.8309046
  21.3382367   39.8306525
  21.3391208   39.8304206
  21.3395811   39.830359
  21.3405153   39.8303625
  21.3409772   39.8304181
  21.3428001   39.8307346
  21.3436992   39.8309309
  21.3445763   39.8311762
  21.3462868   39.8317559
  21.3471083   39.832099
  21.348285    39.8326889
  21.3523992   39.835062
  21.3568728   39.8376639
  21.3576429   39.8380733
  21.3584766   39.8383986
  21.3598207   39.8387039
  21.3607378   39.8388419
  21.3658344   39.8392731
  21.3667638   39.8393483
  21.3676961   39.8393019
  21.3685817   39.8390698
  21.3694315   39.8387738
  21.3698148   39.8385662
  21.3705267   39.8381005
  21.3715192   39.8373347
  21.3718037   39.8370484
  21.3720123   39.8367288
  21.3721275   39.8363801
  21.3721617   39.8360206
  21.3719746   39.8342237
  21.3719827   39.8335032
  21.372071    39.8331494
  21.3725434   39.8325295
  21.3728804   39.8322804
  21.3732829   39.8320958
  21.3741875   39.8319181
  21.3746532   39.8319062
  21.3760513   39.8320009
  21.3769684   39.8321387
  21.3774133   39.8322479
  21.3791117   39.8328493
  21.379578    39.8328689
  21.3809173   39.8325523
  21.3818236   39.8323791
  21.3827462   39.8322648
  21.3836803   39.8322544
  21.384126    39.8323635
  21.3845435   39.8325216
  21.3856961   39.8330836
  21.3860626   39.833308
  21.3863727   39.8335763
  21.3874147   39.8347708
  21.3884301   39.8363927
  21.3891454   39.837724
  21.3894818   39.838772
  21.3896626   39.8398436
  21.3896221   39.8405633
  21.3894742   39.8412762
  21.3894548   39.841636
  21.3895044   39.841993
  21.3896429   39.8423384
  21.3898468   39.8426628
  21.3901296   39.8429484
  21.3904832   39.8431861
  21.3909148   39.8433219
  21.3913815   39.8433414
  21.3918448   39.8432978
  21.392735    39.8430791
  21.393993    39.8425984
  21.3944369   39.8424868
  21.3957863   39.8421973
  21.3976163   39.8419051
  21.3990114   39.8417968
  21.3999453   39.8417727
  21.4008791   39.8418026
  21.4013422   39.841849
  21.4017929   39.8419447
  21.4026373   39.8422519
  21.4038226   39.842828
  21.4049746   39.8434438
  21.4072018   39.8447548
  21.4087602   39.8455509
  21.4135663   39.8477796
  21.4156698   39.8485607
  21.4173174   39.8492415
  21.4196902   39.8503934
  21.4209996   39.8511251
  21.4184374   39.8530139
  21.4178494   39.8535684
  21.4169075   39.854813
  21.416358    39.8558097
  21.4160304   39.8564826
  21.4159103   39.8568312
  21.415834    39.8571898
  21.4158165   39.8575498
  21.4158819   39.8579071
  21.4162752   39.8589428
  21.4166157   39.8596125
  21.4170124   39.8602654
  21.4176724   39.8612215
  21.4193405   39.8633891
  21.4214069   39.8662096
  21.4230753   39.8687871
  21.423278    39.8691114
  21.4238034   39.870114
  21.424085    39.8708003
  21.4241823   39.8715187
  21.4241638   39.8722389
  21.4240108   39.8725778
  21.4237319   39.8728644
  21.4233544   39.8730812
  21.4228945   39.8731386
  21.4219622   39.8730863
  21.4210384   39.8729757
  21.4187722   39.8725334
  21.414178    39.8718815
  21.4132434   39.8718922
  21.4123212   39.8720112
  21.4114618   39.8722938
  21.4102818   39.8728755
  21.4099255   39.8731108
  21.4097039   39.8734256
  21.4095361   39.874138
  21.4095541   39.8744942
  21.4097698   39.8751972
  21.4100982   39.8758711
  21.4102671   39.8762082
  21.4104958   39.8765196
  21.4123437   39.8786013
  21.4149233   39.8811586
  21.4158393   39.8819763
  21.4165424   39.8824514
  21.4198354   39.8844705
  21.4210076   39.8850641
  21.4234337   39.886145
  21.4242177   39.8865408
  21.4249209   39.8870158
  21.42555     39.8875478
  21.4258268   39.8878377
  21.4260428   39.8881578
  21.4261861   39.8884988
  21.4263709   39.8892055
  21.426502    39.8899201
  21.4266774   39.8917167
  21.4266509   39.892797
  21.4266887   39.8931537
  21.4268708   39.8934821
  21.427781    39.8943085
  21.4281234   39.8945548
  21.4285191   39.8947438
  21.4297872   39.8952043
  21.4310746   39.8956382
  21.4315231   39.8957337
  21.4324555   39.8957814
  21.4329187   39.8957286
  21.4346898   39.8952679
  21.4364127   39.8947069
  21.4372306   39.8943557
  21.4379825   39.8939309
  21.4386656   39.893437
  21.4392979   39.892906
  21.4396421   39.8926614
  21.4400329   39.8924628
  21.4404716   39.8923419
  21.4409353   39.8922936
  21.4423333   39.8923785
  21.4427938   39.8924382
  21.4432316   39.8925649
  21.4436372   39.892745
  21.4440091   39.892965
  21.4443231   39.8932286
  21.44457     39.8935358
  21.4456776   39.8951232
  21.4461617   39.8957374
  21.4464516   39.896023
  21.446753    39.8962999
  21.4470956   39.8965417
  21.4483463   39.8970332
  21.4576291   39.8994487
  21.4598455   39.9000198
  21.4612077   39.9002793
  21.4639766   39.9006282
  21.4649098   39.9006667
  21.4667708   39.9005227
  21.4690578   39.9001538
  21.4713378   39.9004918
  21.4722565   39.9006244
  21.4727245   39.9006211
  21.4731859   39.9005681
  21.4740725   39.9003397
  21.474864    39.8999561
  21.4759166   39.8992403
  21.4772571   39.8982381
  21.4801128   39.8958905
  21.4806074   39.8952797
  21.4808019   39.8949506
  21.4809195   39.8946018
  21.4809592   39.8942468
  21.4808781   39.8931686
  21.4808932   39.8924482
  21.4810285   39.8921044
  21.4821644   39.8901382
  21.4823994   39.889828
  21.4827348   39.8895785
  21.4831304   39.8893844
  21.4835657   39.8892542
  21.4840205   39.8891695
  21.4844862   39.8891346
  21.4849544   39.8891538
  21.4854138   39.8892223
  21.4858593   39.8893311
  21.4867047   39.8896377
  21.4874984   39.8900197
  21.4885879   39.8906964
  21.4892197   39.8912281
  21.4897917   39.891799
  21.4905273   39.8927202
  21.4914273   39.893546
  21.4943835   39.8953125
  21.4948052   39.8954658
  21.4952584   39.8955566
  21.4957269   39.8955758
  21.4961915   39.8955453
  21.5051425   39.8946438
  21.5089172   39.8936845
  21.5097972   39.8934421
  21.5107012   39.8932544
  21.5116345   39.8931888
  21.5124894   39.8933648
  21.512909    39.893518
  21.5136998   39.8939043
  21.5144515   39.8943303
  21.51516     39.8948004
  21.5161618   39.8955561
  21.5180476   39.8971594
  21.5190235   39.897937
  21.5200271   39.8986882
  21.5210979   39.8993912
  21.521878    39.8997817
  21.5223143   39.8999172
  21.5227649   39.9000124
  21.5232322   39.9000449
  21.5237      39.9000279
  21.5245869   39.8997991
  21.5250059   39.8996414
  21.5261705   39.8990401
  21.5272366   39.8983377
  21.5309602   39.895602
  21.5316943   39.8951582
  21.5328905   39.8945891
  21.5341521   39.8941205
  21.5367182   39.8932697
  21.5380193   39.8928694
  21.5389088   39.8926451
  21.5398133   39.8924616
  21.541841    39.891915
  21.5428343   39.891635
  21.5440847   39.8913767
  21.5449412   39.8913914
  21.5462112   39.891556
  21.5472503   39.891536
  21.5483649   39.8910077
  21.5498878   39.8904788
  21.5512577   39.8895169
  21.5524156   39.8886728
  21.5536313   39.8879454
  21.5551705   39.8874252
  21.5562398   39.8869806
  21.5570054   39.8867888
  21.5576413   39.8866886
  21.5584962   39.8864689
  21.5599087   39.8865259
  21.5613128   39.8867215
  21.5629527   39.8872562
  21.5640289   39.8875312
  21.5645665   39.8875769
  21.5654984   39.8875173
  21.566444    39.8875238
  21.5672519   39.8878508
  21.5679543   39.8879819
  21.5684292   39.8879223
  21.5689963   39.887945
  21.5697337   39.8875883
  21.5701441   39.8875446
  21.570787    39.8875064
  21.571996    39.8874862
  21.5732325   39.8875823
  21.5749037   39.8878561
  21.5757933   39.8884001
  21.5770474   39.8897508
  21.5780638   39.8909278
  21.5796132   39.89278
  21.5801984   39.8934797
  21.5805383   39.8942671
  21.5810913   39.8947924
  21.5833309   39.8936789
  21.5836939   39.8934252
  21.5857017   39.8909942
  21.5862784   39.8904297
  21.5866187   39.89018
  21.5870217   39.8899947
  21.5892862   39.8895508
  21.5897063   39.8893885
  21.590597    39.8881323
  21.5921158   39.8863171
  21.5932869   39.8851928
  21.5957192   39.8830047
  21.6004155   39.8789941
  21.600902    39.8784842
  21.601802    39.8775409
  21.6031017   39.8760498
  21.6038974   39.8751609
  21.6048154   39.8743466
  21.6051597   39.8741015
  21.6055687   39.8739298
  21.6060147   39.8738174
  21.6064799   39.8737954
  21.6086973   39.8743412
  21.6091571   39.8744092
  21.6096235   39.8744143
  21.6100566   39.8742746
  21.6108438   39.87389
  21.6143002   39.8714658
  21.6153937   39.8707901
  21.6181255   39.8694049
  21.6185349   39.8692286
  21.6194023   39.8689627
  21.6200541   39.8688229
  21.6209656   39.8686659
  21.6223535   39.8685098
  21.6242152   39.8683723
  21.6251502   39.8683689
  21.6288437   39.8688183
  21.6302143   39.8690446
  21.6315129   39.869454
  21.6323123   39.8698261
  21.632678    39.8700498
  21.6329981   39.8703131
  21.6332582   39.8706112
  21.6337166   39.8712421
  21.6340762   39.8719071
  21.6346534   39.8724729
  21.6349879   39.872723
  21.6357489   39.8731393
  21.6365547   39.8735071
  21.6369959   39.8736287
  21.6374573   39.8736741
  21.6379253   39.8736747
  21.6388577   39.8736216
  21.6393176   39.8735589
  21.6402244   39.8733792
  21.6420126   39.8729606
  21.6433722   39.872691
  21.6447561   39.8725254
  21.645223    39.8725034
  21.6461553   39.8725494
  21.6470678   39.872703
  21.6475049   39.872829
  21.6483481   39.8731389
  21.6486858   39.8733845
  21.6489775   39.8736696
  21.6503765   39.8755402
  21.6520874   39.8776874
  21.652674    39.8782939
  21.6529775   39.8785027
  21.6535502   39.8763658
  21.6539087   39.8753235
  21.6540734   39.8749845
  21.6548801   39.8736856
  21.6554581   39.8723144
  21.6555025   39.8715992
  21.6553016   39.868361
  21.6554711   39.8676528
  21.6555807   39.8672992
  21.655747    39.8669647
  21.6559899   39.8666543
  21.6562893   39.8663811
  21.6566402   39.8661404
  21.6581958   39.8653431
  21.6594865   39.8649232
  21.661769    39.8645369
  21.6636243   39.8643581
  21.6654608   39.8640888
  21.6685478   39.8632545
  21.6689699   39.8631008
  21.6697589   39.8627113
  21.6701171   39.8624798
  21.6704083   39.8621974
  21.6706382   39.8618822
  21.6716973   39.8602819
  21.6720051   39.8596034
  21.6725284   39.8578482
  21.6728476   39.85717
  21.6732389   39.8565157
  21.6735175   39.8562285
  21.6738703   39.8559924
  21.6742773   39.8558159
  21.6751513   39.8555586
  21.6760524   39.855365
  21.6774118   39.8550994
  21.6783347   39.8549828
  21.6881206   39.8545612
  21.6885876   39.8545661
  21.6920918   39.8548341
  21.6990128   39.8561607
  21.6999094   39.8563632
  21.7003455   39.8564935
  21.7007304   39.8566948
  21.7056774   39.8593918
  21.7065369   39.8602466
  21.7120308   39.8660486
  21.7170961   39.8712023
  21.7191959   39.8733382
  21.7197579   39.8727636
  21.7212101   39.8713553
  21.7225051   39.8703223
  21.7236333   39.8696823
  21.7244718   39.8693609
  21.7249081   39.8692388
  21.7263012   39.869104
  21.7272357   39.8691268
  21.7276981   39.8691764
  21.7290645   39.8694194
  21.7303618   39.8698322
  21.7316944   39.8701691
  21.732151    39.8702411
  21.7326194   39.8702502
  21.7344808   39.87012
  21.7353964   39.8699622
  21.7358167   39.8698127
  21.7370238   39.8692597
  21.7380696   39.8685415
  21.7386908   39.868004
  21.7434262   39.8636415
  21.7436341   39.8633167
  21.7441707   39.8619353
  21.7442765   39.8615815
  21.7443854   39.8608675
  21.7443955   39.860147
  21.7441216   39.8583579
  21.7440126   39.8565586
  21.7440981   39.855844
  21.7442114   39.8554949
  21.7444519   39.8551888
  21.7448074   39.8549525
  21.7460695   39.8544815
  21.7465096   39.8543594
  21.7474229   39.8542105
  21.7478922   39.8541926
  21.7492219   39.8545337
  21.7496788   39.8545696
  21.7529217   39.8542767
  21.7535416   39.8542076
  21.7541066   39.8542231
  21.7545531   39.8543308
  21.7553835   39.8546622
  21.7565402   39.8552079
  21.7569772   39.8554137
  21.7605224   39.8563291
  21.7614421   39.856455
  21.7628426   39.856509
  21.7633064   39.8564684
  21.7642162   39.8563013
  21.7650879   39.8560388
  21.7654606   39.8559095
  21.7663065   39.8555082
  21.767143    39.855182
  21.768434    39.8547609
  21.7706161   39.8541182
  21.7715058   39.8538966
  21.777307    39.8525396
  21.7813435   39.8516304
  21.7822141   39.8513633
  21.7830555   39.8510505
  21.7834048   39.8508095
  21.7835964   39.8504843
  21.7836467   39.8501249
  21.7836221   39.8497415
  21.7836005   39.8494034
  21.7836259   39.8490435
  21.7839319   39.8479908
  21.784164    39.8476799
  21.7844969   39.847425
  21.7852172   39.8469658
  21.7856313   39.8467981
  21.7864893   39.8465127
  21.7873751   39.8462818
  21.7892022   39.8459788
  21.7897267   39.8459567
  21.7906022   39.8459199
  21.7924692   39.8460006
  21.7928948   39.8461438
  21.7932617   39.846367
  21.7965095   39.8484287
  21.7984926   39.849225
  21.8030674   39.8510621
  21.8123205   39.8552549
  21.8205043   39.8586117
  21.8242014   39.8601495
  21.8287602   39.8606674
  21.8303639   39.8613506
  21.8312405   39.8615967
  21.8325938   39.8618833
  21.8330588   39.861919
  21.8344587   39.8618595
  21.8353695   39.8616964
  21.8358002   39.8615558
  21.8387269   39.860678
  21.8396159   39.8604603
  21.8400792   39.8604689
  21.8405212   39.8605853
  21.8417821   39.8610592
  21.8426529   39.8613186
  21.8435857   39.8613585
  21.8440424   39.8612859
  21.8449303   39.8610592
  21.8452435   39.8609505
  21.8457819   39.8607642
  21.8477841   39.8598329
  21.8494302   39.8591518
  21.8498647   39.8590157
  21.8507749   39.8588569
  21.853566    39.8586383
  21.8540318   39.8586379
  21.858678    39.8586383
  21.8592524   39.8586655
  21.8596111   39.8586825
  21.861459    39.8588968
  21.8623916   39.8588734
  21.8632891   39.8586648
  21.8641109   39.8583241
  21.8652709   39.8577193
  21.8657004   39.8575786
  21.8661576   39.8575149
  21.8670887   39.8575861
  21.8689046   39.8579258
  21.8698311   39.8580194
  21.8716995   39.8580807
  21.8730844   39.8579124
  21.8735314   39.857808
  21.8793257   39.8564457
  21.8797548   39.8563049
  21.8801599   39.8561276
  21.8805306   39.8559047
  21.8808423   39.8556401
  21.8817026   39.854782
  21.8827265   39.85358
  21.8830089   39.8532923
  21.8833468   39.8530417
  21.8837273   39.8528325
  21.8858116   39.8520192
  21.887925    39.8512604
  21.8883854   39.8511922
  21.8958616   39.8512515
  21.8967887   39.8513449
  21.897702    39.8514966
  21.8994687   39.8519655
  21.9003714   39.8521531
  21.901292    39.8522778
  21.9022256   39.8523172
  21.9036071   39.852135
  21.9086277   39.8513023
  21.9090824   39.8512204
  21.9099489   39.8509522
  21.9103655   39.8507886
  21.9107497   39.8505838
  21.9111027   39.8503514
  21.9114894   39.8496917
  21.9116599   39.849357
  21.9118397   39.848653
  21.9118255   39.8482924
  21.9114604   39.8468759
  21.9114359   39.8465151
  21.9115656   39.8461526
  21.9118655   39.8460454
  21.9132915   39.8469809
  21.9142867   39.8477421
  21.9148757   39.8483022
  21.9158903   39.8495096
  21.9176112   39.8516441
  21.918228    39.8526146
  21.9187218   39.8535694
  21.9189121   39.854271
  21.9189968   39.8549888
  21.9193156   39.85858
  21.9193323   39.8596614
  21.9192872   39.8607417
  21.9191106   39.8621754
  21.9188793   39.8632388
  21.9185161   39.8646557
  21.9182683   39.8653494
  21.9166582   39.8687304
  21.9160714   39.8697108
  21.9154136   39.8706674
  21.9138543   39.8724637
  21.9135425   39.8731427
  21.9134779   39.8735019
  21.9134971   39.8738581
  21.9135849   39.8742156
  21.9140097   39.8752457
  21.9143674   39.8759098
  21.9156313   39.8778379
  21.91581     39.8781744
  21.9157877   39.8785254
  21.9155543   39.8788365
  21.9146483   39.8796625
  21.9141152   39.880252
  21.9133866   39.8811758
  21.9131869   39.8815891
  21.9130607   39.8818501
  21.9123353   39.88431
  21.9120654   39.8860979
  21.9115549   39.8885887
  21.9111959   39.8900011
  21.9107372   39.8913982
  21.9104594   39.8920526
  21.9103007   39.8924264
  21.9093985   39.8940903
  21.9075797   39.8966069
  21.9065522   39.8978091
  21.9062467   39.8980828
  21.904895    39.8990809
  21.9022899   39.9006058
  21.9016327   39.901121
  21.9013301   39.9013948
  21.9008302   39.9020028
  21.9005029   39.9026771
  21.9004215   39.9030314
  21.9004518   39.9037527
  21.9005419   39.9041057
  21.901115    39.905089
  21.9039822   39.9083795
  21.904266    39.9086639
  21.9049054   39.909189
  21.9066495   39.9103916
  21.9079827   39.9114022
  21.9085678   39.9119623
  21.9091022   39.912553
  21.9095186   39.9132001
  21.9099215   39.9142344
  21.910381    39.9163642
  21.9104747   39.9170821
  21.9105889   39.9185211
  21.9106138   39.9196026
  21.9105415   39.9206824
  21.9103766   39.9213911
  21.9098596   39.9227736
  21.9093626   39.9237872
  21.9082431   39.9257669
  21.907796    39.9263985
  21.9075292   39.9266954
  21.9066487   39.9275354
  21.9052046   39.9286841
  21.9037195   39.9298653
  21.9022657   39.9307714
  21.9003178   39.9317721
  21.8995991   39.932232
  21.8992798   39.9324965
  21.8969      39.9351695
  21.8964105   39.9357823
  21.8953284   39.937776
  21.8943731   39.9394208
  21.8939395   39.9400616
  21.8934287   39.9406649
  21.8925737   39.9415187
  21.8919311   39.942043
  21.8915727   39.9422797
  21.8911785   39.9424707
  21.889872    39.9428659
  21.8886575   39.943051
  21.8863195   39.9431255
  21.8853836   39.9431129
  21.8816465   39.942932
  21.8793068   39.9429208
  21.8760305   39.9429644
  21.875101    39.9430509
  21.8746512   39.9431463
  21.8733483   39.9435503
  21.8725503   39.9439275
  21.8718856   39.9444378
  21.8716301   39.9447394
  21.8712108   39.9453804
  21.865023    39.9558788
  21.8641465   39.9575473
  21.8639177   39.9582457
  21.8662824   39.9570821
  21.8689526   39.9559132
  21.8711607   39.9549467
  21.8724333   39.9544881
  21.87377     39.9541568
  21.874228    39.9540841
  21.8765612   39.9539512
  21.8779652   39.9539859
  21.8788955   39.954066
  21.8802787   39.9542535
  21.8811851   39.9544322
  21.8838312   39.9551608
  21.8846867   39.9554511
  21.8863387   39.9561299
  21.8943426   39.9598566
  21.8955325   39.9604322
  21.8966699   39.9610655
  21.9010392   39.9637798
  21.9031431   39.9652097
  21.9050008   39.9668333
  21.9055561   39.9674109
  21.9060262   39.9680365
  21.906351    39.968709
  21.9064741   39.9695381
  21.9066254   39.9705563
  21.907036    39.9737798
  21.9073643   39.9762857
  21.9077538   39.9784278
  21.9079463   39.9791339
  21.9082399   39.9798149
  21.9092916   39.9814239
  21.9098749   39.9819884
  21.9105519   39.9824826
  21.911348    39.9828618
  21.9117972   39.9829645
  21.9122634   39.983
  21.9160023   39.9830537
  21.9178749   39.9830063
  21.9225418   39.9827343
  21.9239323   39.9825835
  21.9248187   39.9823516
  21.9278296   39.981356
  21.9287423   39.9811966
  21.9296762   39.9811503
  21.9301419   39.9811901
  21.931066    39.9813102
  21.9319652   39.9815155
  21.9323862   39.9816671
  21.9334631   39.982362
  21.9361885   39.9843294
  21.9397597   39.9866407
  21.9405484   39.9870286
  21.9413918   39.9873408
  21.9421775   39.9877331
  21.9425588   39.9879426
  21.9443355   39.9890957
  21.9459216   39.9904211
  21.9491982   39.9934385
  21.9493767   39.9937705
  21.9494546   39.9955466
  21.9495547   39.9962646
  21.9498827   39.9973154
  21.9511317   39.9996032
  21.9544851   40.0039191
  21.9547822   40.0041946
  21.9555068   40.0046533
  21.9559031   40.004845
  21.9571788   40.0052999
  21.9579475   40.0057098
  21.9586059   40.0062214
  21.9590468   40.0068553
  21.9592139   40.0079303
  21.9592236   40.009007
  21.9591465   40.0097263
  21.9588027   40.0115085
  21.9585886   40.0129416
  21.9585016   40.0147418
  21.9591104   40.0204371
  21.9593323   40.021504
  21.9605861   40.0264448
  21.9608651   40.0275038
  21.9609876   40.0278528
  21.9615781   40.0288316
  21.9620968   40.0294308
  21.9624407   40.0296755
  21.9639981   40.0304777
  21.9660156   40.0313915
  21.9730344   40.0342667
  21.9743209   40.0347036
  21.9773858   40.035604
  21.9777479   40.0357003
  21.9886997   40.0386117
  21.9896167   40.038988
  21.9907877   40.0395848
  21.9915603   40.0399946
  21.9938472   40.0412459
  21.9945959   40.0416823
  21.995256    40.0421937
  21.9961357   40.0430332
  21.9965286   40.0436886
  21.9968591   40.044361
  21.9969719   40.0447098
  21.9970932   40.0461488
  21.9970819   40.0465089
  21.9969209   40.0472178
  21.9967394   40.047548
  21.995993    40.0484675
  21.9951097   40.049736
  21.9933582   40.0526875
  21.9927381   40.0540461
  21.9923368   40.0550841
  21.9921976   40.0557934
  21.9922953   40.0565113
  21.9928462   40.0578857
  21.9930277   40.0582176
  21.9934621   40.0588602
  21.9937168   40.0591575
  21.9940392   40.0594198
  21.9944418   40.0596069
  21.9989052   40.0612291
  22.0017738   40.0619994
  22.0022345   40.0620704
  22.0027017   40.0620919
  22.0077799   40.0616118
  22.0127991   40.0610675
  22.0132568   40.0609897
  22.0137239   40.0609932
  22.0172435   40.0616076
  22.0176922   40.0617009
  22.0212677   40.0628025
  22.0216291   40.0629889
  22.0218077   40.0633252
  22.0219754   40.0639001
  22.0219695   40.0642559
  22.0216835   40.0656789
  22.0213173   40.0670915
  22.0212558   40.0678111
  22.0212708   40.0685321
  22.0220037   40.0752291
  22.022158    40.0759389
  22.0223453   40.0762664
  22.0229221   40.0768348
  22.0232535   40.0770882
  22.0235344   40.0772549
  22.023996    40.0775288
  22.0244843   40.0778575
  22.0254102   40.0784808
  22.0290696   40.0814619
  22.0300132   40.0823293
  22.0307508   40.0831391
  22.0314873   40.0839985
  22.0321497   40.0850232
  22.0328134   40.0859894
  22.0334837   40.086744
  22.0340277   40.0870731
  22.0347764   40.0875092
  22.0363576   40.0878558
  22.0378743   40.0880437
  22.0387      40.0882153
  22.0396882   40.0886374
  22.0412406   40.0897177
  22.0418809   40.090242
  22.0424399   40.0908191
  22.0435753   40.0923967
  22.0440781   40.0930043
  22.0452183   40.0941496
  22.0461695   40.0949449
  22.0527583   40.0978306
  22.0554506   40.1008397
  22.0588986   40.1042533
  22.0607119   40.1059052
  22.0613711   40.1064208
  22.0624623   40.1071012
  22.0643899   40.1081289
  22.0676951   40.1094904
  22.0705197   40.1107761
  22.0712667   40.111212
  22.0719647   40.1116966
  22.0732369   40.1127538
  22.0748279   40.1143839
  22.0760522   40.1156383
  22.0765852   40.1162282
  22.0770267   40.1168662
  22.0777199   40.118202
  22.078812    40.1209587
  22.0796547   40.123396
  22.0808797   40.1257361
  22.0822315   40.1280332
  22.0828708   40.1289987
  22.0833455   40.1296191
  22.085388    40.1320357
  22.0859438   40.132617
  22.0868877   40.1334208
  22.0941033   40.1385397
  22.0979014   40.140584
  22.0986592   40.1410064
  22.0992768   40.141548
  22.1011188   40.1436367
  22.1016061   40.1442483
  22.1020269   40.1448948
  22.1021666   40.1452394
  22.1020467   40.1455798
  22.1015335   40.146184
  22.1013017   40.146375
  22.1010558   40.1465774
  22.1006412   40.146919
  22.0983326   40.1488205
  22.0969464   40.1497887
  22.0959783   40.1505746
  22.0936104   40.1528103
  22.0928348   40.1537164
  22.0904838   40.1568306
  22.0879652   40.1618339
  22.0878169   40.1621783
  22.0876999   40.1628925
  22.0878179   40.1636062
  22.0879484   40.1639507
  22.0884927   40.1649506
  22.0905706   40.1681514
  22.0910201   40.1687804
  22.0926492   40.1708703
  22.0931355   40.1714864
  22.0934666   40.1717441
  22.098531    40.1754489
  22.0999165   40.176422
  22.10202     40.1778619
  22.1024217   40.1780667
  22.1028334   40.1782175
  22.1032037   40.1779939
  22.1038703   40.1774868
  22.1045248   40.1769705
  22.105132    40.1764219
  22.1056381   40.1758176
  22.1062211   40.1748317
  22.106454    40.1745202
  22.1123885   40.1680408
  22.1133012   40.1672179
  22.114595    40.1661715
  22.1156933   40.1654957
  22.1173691   40.16458
  22.1176065   40.1644503
  22.1184341   40.1641124
  22.1192952   40.1638246
  22.1206273   40.1634724
  22.1215425   40.1633116
  22.1220127   40.1633057
  22.1224727   40.1633897
  22.1227807   40.1636515
  22.1229583   40.1639831
  22.1238826   40.1663989
  22.1240589   40.167109
  22.1241489   40.1678266
  22.1242062   40.1707058
  22.1239881   40.1743058
  22.1237644   40.1768201
  22.1234789   40.178973
  22.1233258   40.1796822
  22.1227758   40.1810606
  22.1216639   40.1834343
  22.1209001   40.1847507
  22.1204347   40.1853738
  22.1194472   40.1866009
  22.1183196   40.1877537
  22.1176782   40.1882793
  22.1152165   40.1899509
  22.1140504   40.1908237
  22.1108572   40.1930053
  22.1091564   40.1941672
  22.105246    40.1967517
  22.1042259   40.1974963
  22.1037026   40.1980958
  22.1035128   40.198426
  22.1034161   40.1987757
  22.103392    40.1990551
  22.1033851   40.1991356
  22.103423    40.1998569
  22.1034777   40.2000489
  22.1038076   40.2012055
  22.1044396   40.2029409
  22.1048185   40.2036003
  22.1055048   40.2045439
  22.1060854   40.2051074
  22.1082189   40.2070251
  22.1088383   40.2075668
  22.1123347   40.2099706
  22.1138155   40.2108595
  22.1149897   40.2114597
  22.1162001   40.212011
  22.1198961   40.213589
  22.1220706   40.2142684
  22.1279381   40.2155707
  22.1289739   40.2158172
  22.1307957   40.2161754
  22.1331197   40.2164381
  22.1335796   40.2165131
  22.1340178   40.2166418
  22.1348001   40.2170418
  22.1358343   40.2177746
  22.1364174   40.218338
  22.1376895   40.2198539
  22.1383074   40.2203954
  22.1392896   40.2211679
  22.1417589   40.2228382
  22.1446983   40.224633
  22.1455085   40.2249973
  22.146799    40.2254324
  22.1481208   40.2258094
  22.1499372   40.2261808
  22.1512719   40.2265309
  22.1530147   40.2270677
  22.1542875   40.227534
  22.1554898   40.2280981
  22.1556623   40.2281893
  22.1570367   40.2289156
  22.1608883   40.2315578
  22.1619778   40.2322463
  22.1623809   40.2324328
  22.1628158   40.2325659
  22.1632717   40.2326587
  22.1665076   40.2329532
  22.167291    40.2332674
  22.1676646   40.2334851
  22.1683009   40.2340131
  22.1687916   40.234629
  22.1697333   40.2358735
  22.1699075   40.2361961
  22.1698554   40.236916
  22.1699182   40.2372728
  22.1704317   40.2390331
  22.1707878   40.2400792
  22.1714126   40.2418142
  22.1724578   40.2442045
  22.1729317   40.2455993
  22.1730543   40.2463129
  22.1730563   40.2477543
  22.1727361   40.249033
  22.1727034   40.2491676
  22.1730801   40.250133
  22.1731708   40.2503551
  22.1736712   40.2512864
  22.1739596   40.2517099
  22.1742629   40.252057
  22.1753129   40.2534699
  22.175968    40.254552
  22.176256    40.255066
  22.1769932   40.2567124
  22.1779857   40.2590793
  22.1782856   40.2598588
  22.178541    40.260538
  22.1791591   40.2625841
  22.179354    40.263155
  22.179655    40.263637
  22.180104    40.264085
  22.180628    40.264508
  22.1811674   40.2649129
  22.1816166   40.2653613
  22.1819629   40.2657812
  22.1822026   40.2662174
  22.1823084   40.2667145
  22.1823841   40.2672202
  22.1824143   40.26759
  22.1823711   40.2679677
  22.1822822   40.2684347
  22.1818076   40.2704812
  22.1816606   40.271623
  22.1815734   40.2726396
  22.1815753   40.273009
  22.1816961   40.2739298
  22.1817714   40.2741922
  22.1821467   40.2748917
  22.1830327   40.2762839
  22.1837081   40.2772495
  22.1841118   40.2777693
  22.1863771   40.2804894
  22.1875912   40.2817156
  22.1887749   40.2827971
  22.1898233   40.2835432
  22.1903773   40.2838582
  22.1910061   40.2841383
  22.1918142   40.2844482
  22.1933111   40.284904
  22.1951776   40.2861943
  22.1940647   40.2869607
  22.1939601   40.2872563
  22.1939761   40.2874998
  22.194021    40.2877167
  22.1941119   40.2880064
  22.1943527   40.2886408
  22.1947439   40.2895477
  22.1949098   40.2901269
  22.1950604   40.2908229
  22.1952882   40.2919885
  22.1953188   40.2923854
  22.1952597   40.2926727
  22.1950807   40.2929312
  22.194828    40.2931975
  22.194454    40.2934529
  22.193856    40.293678
  22.193527    40.293844
  22.1931241   40.2940898
  22.191989    40.294892
  22.187838    40.297971
  22.186525    40.29904
  22.185957    40.299536
  22.184188    40.3018503
  22.1812668   40.3025071
  22.1808478   40.3025546
  22.1802337   40.3025449
  22.1797404   40.3025101
  22.1792013   40.3024296
  22.1786187   40.3023123
  22.1766129   40.3018663
  22.1756394   40.3015717
  22.1745624   40.3013295
  22.1733052   40.3010844
  22.1719576   40.3008829
  22.1706258   40.3007087
  22.1677382   40.3004558
  22.164417    40.300223
  22.1636099   40.3001832
  22.1629656   40.3002
  22.162428    40.3002455
  22.1620536   40.3003026
  22.1615153   40.3004111
  22.1612011   40.3005413
  22.1608423   40.3007157
  22.1604839   40.3009172
  22.1600512   40.3012527
  22.1595739   40.3017135
  22.1586631   40.3026629
  22.156856    40.3046881
  22.1562439   40.305399
  22.1553188   40.3067896
  22.1549163   40.3073507
  22.1543047   40.3081247
  22.1527817   40.309821
  22.1513329   40.3111671
  22.1509587   40.3115125
  22.1504659   40.311928
  22.1501524   40.3121121
  22.1490903   40.3125726
  22.1471616   40.3131723
  22.1456207   40.313535
  22.1439911   40.3138602
  22.1431825   40.3140454
  22.142361    40.3142574
  22.1416274   40.3144979
  22.1409999   40.314758
  22.1404616   40.3149926
  22.1391754   40.3156296
  22.1387695   40.3158392
  22.1373518   40.316465
  22.1359164   40.3171896
  22.1338378   40.3183091
  22.1332853   40.3186605
  22.1323884   40.3193487
  22.1319706   40.3197384
  22.1288324   40.3228226
  22.1283689   40.3232925
  22.1279951   40.3237729
  22.1276676   40.3242991
  22.1274287   40.3247727
  22.1272492   40.3252112
  22.1270558   40.3258747
  22.1270563   40.3266134
  22.1271318   40.3269569
  22.1272527   40.3272652
  22.1273463   40.3296269
  22.1273344   40.3306447
  22.1284414   40.3317436
  22.128681    40.3320177
  22.1290858   40.332745
  22.1293107   40.3332981
  22.1294018   40.3336239
  22.1295519   40.3344911
  22.1297782   40.3355938
  22.1300342   40.3363817
  22.1302893   40.3370254
  22.1306497   40.3377519
  22.1319401   40.3400879
  22.1323603   40.3406082
  22.1327951   40.3411017
  22.1338442   40.3420825
  22.1349088   40.3430095
  22.1354022   40.3433958
  22.1359426   40.3436928
  22.1365713   40.3439462
  22.1373345   40.3441567
  22.138113    40.3443584
  22.1389378   40.3445068
  22.1407633   40.3447794
  22.1411831   40.3448852
  22.1415121   40.3449896
  22.1418268   40.3451478
  22.1421267   40.3453328
  22.1424416   40.345536
  22.1432807   40.3461441
  22.1435658   40.3464009
  22.1442849   40.3471331
  22.1447955   40.3476188
  22.1453352   40.3480778
  22.1459193   40.3485016
  22.146609    40.3489
  22.1473122   40.3492716
  22.1480614   40.3496079
  22.1488859   40.3499454
  22.1496348   40.3502367
  22.1518067   40.350956
  22.1524356   40.3512093
  22.1530049   40.3514887
  22.1535149   40.3517851
  22.1542495   40.3523463
  22.1546628   40.3536817
  22.1547848   40.3545754
  22.1546317   40.3557936
  22.1542856   40.3568781
  22.1539493   40.3575529
  22.1535315   40.3582444
  22.1532887   40.3585513
  22.152564    40.3591073
  22.1509594   40.3601221
  22.1478089   40.3596933
  22.142959    40.35985
  22.1381355   40.3580516
  22.133018    40.356566
  22.1326981   40.3564504
  22.131829    40.356238
  22.1309603   40.3560981
  22.1301818   40.3560494
  22.1295089   40.3560739
  22.1294938   40.3560744
  22.1287748   40.3561798
  22.1280412   40.3563842
  22.1268146   40.3567606
  22.1262015   40.357003
  22.125662    40.3572555
  22.1251538   40.3575355
  22.1247346   40.357844
  22.1243912   40.3581627
  22.1232957   40.3593338
  22.1195469   40.3629846
  22.1189628   40.3636237
  22.1156741   40.3673627
  22.11403     40.369687
  22.113716    40.3701774
  22.1125189   40.37141
  22.1117264   40.3721628
  22.1112026   40.3726136
  22.1109186   40.3727531
  22.1101694   40.3730472
  22.1093765   40.3733135
  22.1090027   40.3734155
  22.108658    40.373473
  22.1082831   40.3734938
  22.1065617   40.3734656
  22.1047198   40.3735435
  22.1028473   40.3736659
  22.1022187   40.3737277
  22.1016046   40.3738257
  22.1010808   40.3739432
  22.1005717   40.374079
  22.0997784   40.3743542
  22.098506    40.3748648
  22.0979825   40.3750904
  22.0975175   40.37538
  22.0971139   40.3756616
  22.096785    40.3759175
  22.0958721   40.3767943
  22.0955882   40.3770869
  22.092864    40.3803416
  22.092835    40.380375
  22.0926253   40.3807044
  22.0924465   40.3811069
  22.0923127   40.3815551
  22.0920729   40.3825781
  22.0920287   40.3828926
  22.0919994   40.383838
  22.0920807   40.3912352
  22.092171    40.39257
  22.0922319   40.3929763
  22.092322    40.3934102
  22.0924878   40.3939264
  22.0926974   40.3944703
  22.0929381   40.3949968
  22.0932383   40.3955152
  22.0935529   40.3959258
  22.093748    40.396154
  22.0942725   40.3965592
  22.0951263   40.3970868
  22.0962057   40.3977441
  22.0966555   40.3980128
  22.0969548   40.3982609
  22.09715     40.3985614
  22.0974658   40.3992333
  22.0976755   40.3998132
  22.0977364   40.4000845
  22.0977359   40.4003908
  22.0977063   40.4006965
  22.0976318   40.4010376
  22.0975729   40.4014961
  22.097528    40.4020449
  22.0975281   40.4024592
  22.0975741   40.4027483
  22.0977085   40.4030387
  22.097874    40.403312
  22.0980237   40.4035214
  22.0985483   40.4041426
  22.0988788   40.4044993
  22.100048    40.4051131
  22.1004828   40.4054175
  22.1010827   40.4058778
  22.1012919   40.4060614
  22.101487    40.406308
  22.101637    40.4066076
  22.1018028   40.4069976
  22.1019383   40.4073782
  22.102013    40.407686
  22.1020286   40.4080193
  22.1019993   40.4083521
  22.101625    40.409886
  22.101509    40.410463
  22.1008197   40.4135035
  22.1007607   40.414016
  22.1007457   40.4145472
  22.1007781   40.415872
  22.1008224   40.4162601
  22.1009732   40.4169382
  22.1010786   40.4172102
  22.1019649   40.4191435
  22.1025353   40.4203149
  22.1027753   40.4207512
  22.1030609   40.4213235
  22.1035861   40.4225572
  22.1042326   40.4241713
  22.104428    40.424688
  22.1044731   40.4248305
  22.1046229   40.4253037
  22.1059016   40.429973
  22.1059172   40.4302975
  22.1058419   40.4306296
  22.1056778   40.4308971
  22.1054381   40.4311545
  22.1052138   40.431376
  22.1049895   40.4315615
  22.1047195   40.4317282
  22.104165    40.4319533
  22.1039251   40.4320215
  22.1038732   40.4320206
  22.1035953   40.4320521
  22.1028611   40.43204
  22.1024564   40.4320064
  22.1020672   40.431973
  22.1006875   40.4317791
  22.1001934   40.431744
  22.099639    40.4317169
  22.094797    40.4316461
  22.0941684   40.4316628
  22.0929544   40.4317329
  22.0923546   40.431813
  22.0916802   40.431937
  22.0910359   40.4320795
  22.0903461   40.4322934
  22.0896417   40.43257
  22.0884141   40.4331172
  22.0877847   40.4334491
  22.0872005   40.4338088
  22.0865565   40.4342395
  22.085433    40.4350677
  22.0845033   40.4355928
  22.0840542   40.4358015
  22.0835601   40.4360095
  22.0804724   40.4370843
  22.0799178   40.4373093
  22.0786147   40.4378642
  22.078292    40.438021
  22.0754226   40.4398289
  22.0748979   40.4401535
  22.0743592   40.4404418
  22.0738189   40.440703
  22.0728001   40.4411184
  22.0722314   40.4413072
  22.0717059   40.4414515
  22.0711366   40.4415321
  22.0704769   40.4415481
  22.0697724   40.4415363
  22.0682138   40.4414112
  22.0667592   40.4412698
  22.0546622   40.4400128
  22.0520996   40.4396724
  22.0508705   40.4394805
  22.0441093   40.4382493
  22.0429705   40.4379688
  22.0395083   40.4370633
  22.0331374   40.4351084
  22.0323588   40.435014
  22.031715    40.434985
  22.0311292   40.4350472
  22.0233948   40.435879
  22.0230651   40.4360625
  22.0187922   40.4414213
  22.0187781   40.4417904
  22.0188968   40.4423149
  22.0190019   40.4425509
  22.0191226   40.4427061
  22.0192869   40.4428441
  22.019766    40.4430775
  22.0202906   40.4432847
  22.0205159   40.4433516
  22.0207856   40.4434012
  22.0224646   40.4438444
  22.025687    40.4448183
  22.0264368   40.4450563
  22.0277552   40.4455742
  22.028161    40.445779
  22.0285656   40.4460475
  22.0288197   40.4463041
  22.0289395   40.4465313
  22.0289699   40.446775
  22.0289405   40.4470628
  22.0288502   40.4472414
  22.028625    40.4474448
  22.02783     40.4479807
  22.0259559   40.4492008
  22.024532    40.4500323
  22.0238715   40.4503543
  22.0232729   40.4507494
  22.0221178   40.4517746
  22.0216231   40.4522346
  22.021083    40.4527928
  22.0195987   40.4543979
  22.017279    40.456952
  22.0167794   40.4574754
  22.016435    40.4579199
  22.0159236   40.458866
  22.0154442   40.4596775
  22.0151293   40.4601585
  22.0147996   40.4605942
  22.0144691   40.4610029
  22.014169    40.461295
  22.0133592   40.4619207
  22.013134    40.4619979
  22.0128039   40.4620823
  22.008283    40.4626486
  22.006717    40.4627341
  21.9985438   40.4637685
  21.9981986   40.4649651
  21.9975224   40.4658181
  21.9971915   40.4661997
  21.9963958   40.4670147
  21.9958854   40.4674833
  21.9942029   40.4689674
  21.9890947   40.4743736
  21.988734    40.474746
  21.9881034   40.4755004
  21.9878182   40.4758017
  21.9874876   40.4760842
  21.9858422   40.4774608
  21.9858046   40.4774962
  21.9849784   40.4780673
  21.9842725   40.4783973
  21.9835974   40.4786828
  21.9832518   40.4788029
  21.9796674   40.47997
  21.9779218   40.4805383
  21.9761653   40.481012
  21.9733125   40.4814935
  21.9710993   40.4818046
  21.9697134   40.4819995
  21.9688697   40.4821181
  21.9684483   40.4820837
  21.9679537   40.4818948
  21.9667536   40.4812882
  21.9651934   40.4803599
  21.9648786   40.4802373
  21.964519    40.4801949
  21.9641585   40.4801795
  21.9624028   40.4801125
  21.9615615   40.4801608
  21.9596707   40.4803436
  21.9586793   40.4804792
  21.9562623   40.4808599
  21.9554219   40.4810251
  21.9546259   40.4812092
  21.9538297   40.4814023
  21.9534424   40.4815116
  21.951584    40.4820361
  21.9461415   40.483572
  21.9451653   40.4838609
  21.9432598   40.4845959
  21.9428971   40.4846132
  21.9422814   40.4846473
  21.9415464   40.4845712
  21.9407661   40.4843951
  21.9391304   40.4840687
  21.9381708   40.4839345
  21.9372549   40.4838641
  21.9356637   40.4838897
  21.935033    40.4839235
  21.9345024   40.483986
  21.9340724   40.4840865
  21.9335923   40.484267
  21.9331716   40.4844847
  21.9327352   40.4847471
  21.9285117   40.4879684
  21.928301    40.4881899
  21.9281649   40.4883946
  21.9280803   40.4886543
  21.9279841   40.4889409
  21.9279687   40.4891658
  21.9280244   40.4914638
  21.9280532   40.4919418
  21.928127    40.4923485
  21.9283366   40.4928206
  21.928651    40.4933397
  21.9296542   40.4944837
  21.9309583   40.4960114
  21.9311527   40.4962491
  21.9312873   40.4965127
  21.9309976   40.4989217
  21.9309118   40.4990373
  21.9284986   40.5022144
  21.9283977   40.5024018
  21.9282134   40.5029254
  21.9281305   40.5033293
  21.9280705   40.5038777
  21.9280132   40.5048045
  21.9279886   40.5071507
  21.9277262   40.5091683
  21.9271386   40.5135266
  21.9268269   40.5151334
  21.9266037   40.5159131
  21.926375    40.5164765
  21.9252629   40.519204
  21.9250897   40.5195702
  21.9249442   40.5197298
  21.9245006   40.5200371
  21.9236391   40.5203278
  21.9232078   40.5204282
  21.9222682   40.5205735
  21.9211486   40.5207064
  21.9207321   40.52078
  21.9202849   40.5208891
  21.919794    40.5210424
  21.9192901   40.5212585
  21.9187419   40.5215459
  21.9181959   40.5219054
  21.9177399   40.5222665
  21.9173293   40.5226824
  21.9168898   40.523188
  21.9165267   40.5237039
  21.9157323   40.5251849
  21.9152404   40.5260137
  21.9149492   40.5264228
  21.9145849   40.5268667
  21.9129283   40.5286564
  21.9122854   40.5293305
  21.9114335   40.5302238
  21.9089982   40.5326569
  21.9084105   40.5332138
  21.9077773   40.5337608
  21.9065406   40.5347563
  21.9059353   40.5351687
  21.9034048   40.5365821
  21.9027974   40.5369043
  21.9021604   40.537217
  21.9010051   40.5378446
  21.9004438   40.5382037
  21.899913    40.5386355
  21.8987666   40.5396506
  21.8975907   40.5407461
  21.8970479   40.5413037
  21.8961692   40.5422516
  21.8956594   40.5429629
  21.8953986   40.543859
  21.8953921   40.5438769
  21.8953291   40.5444613
  21.8953097   40.5450014
  21.8953499   40.54711
  21.8954655   40.5491929
  21.8955042   40.549653
  21.8955725   40.5500776
  21.8956123   40.5506098
  21.8956374   40.5518804
  21.8956031   40.5524473
  21.8954923   40.5528956
  21.8953374   40.5533883
  21.8951668   40.5538265
  21.8949338   40.5542096
  21.894628    40.5545914
  21.8942295   40.5549084
  21.8932688   40.5555215
  21.8928849   40.5558297
  21.8924293   40.5562358
  21.8921676   40.5566003
  21.8921423   40.5568431
  21.8922635   40.5572236
  21.892381    40.5575861
  21.8926676   40.5577444
  21.8942021   40.5581508
  21.8959903   40.5585257
  21.8966836   40.5587545
  21.8972421   40.5590259
  21.8977415   40.5592962
  21.8980171   40.5595805
  21.8983544   40.560055
  21.8990817   40.5612663
  21.8994048   40.5617316
  21.8997129   40.5621245
  21.900108    40.562438
  21.9005776   40.5627528
  21.9010757   40.5629961
  21.9016505   40.5632407
  21.9023279   40.5634872
  21.903112    40.5637537
  21.9049646   40.5643458
  21.907012    40.5649774
  21.9081276   40.565376
  21.9096726   40.5659715
  21.910978    40.5664635
  21.9117626   40.566802
  21.9125485   40.5671675
  21.9132291   40.5675401
  21.9137589   40.567856
  21.9141688   40.5681606
  21.9143825   40.5683536
  21.9145208   40.5685453
  21.9146316   40.5688536
  21.9147301   40.5692967
  21.9147699   40.5705225
  21.9147327   40.5716839
  21.9145861   40.5726361
  21.9145056   40.573067
  21.9143949   40.5735154
  21.9140548   40.5745271
  21.9137986   40.5752161
  21.9135264   40.5758418
  21.91289     40.5769653
  21.9125131   40.577571
  21.9121044   40.5781401
  21.9116367   40.5787082
  21.9111389   40.5792576
  21.9106236   40.5797167
  21.9100195   40.5801832
  21.9093386   40.5806123
  21.9086575   40.5809783
  21.9083614   40.5811058
  21.907915    40.5812981
  21.9071413   40.5815183
  21.9062809   40.5816908
  21.9055753   40.5818322
  21.9049525   40.5820125
  21.9047265   40.582078
  21.9038494   40.5823954
  21.9030031   40.5827854
  21.9021752   40.583268
  21.9014525   40.5838562
  21.900764    40.5846094
  21.8998523   40.5857307
  21.8996381   40.5859941
  21.899096    40.586633
  21.897996    40.5878379
  21.896879    40.588871
  21.8963316   40.5892578
  21.8960755   40.5893908
  21.8959558   40.5894515
  21.895724    40.589571
  21.8950693   40.5897933
  21.8943689   40.5899787
  21.8935939   40.5901537
  21.8920291   40.5905035
  21.8912534   40.5906425
  21.890493    40.590845
  21.8898229   40.5910037
  21.8891522   40.5912076
  21.8884844   40.5914837
  21.8878918   40.5918331
  21.8873297   40.5922012
  21.8871855   40.5923072
  21.8868277   40.5925703
  21.8863998   40.5929048
  21.8859884   40.5932936
  21.8855803   40.5938356
  21.8852165   40.5944235
  21.8849438   40.595049
  21.8847926   40.5957218
  21.8847742   40.5963521
  21.8848932   40.5970749
  21.8850864   40.597799
  21.8853391   40.5984883
  21.8853616   40.5985401
  21.8856066   40.5991057
  21.8861502   40.6001605
  21.8863855   40.6007233
  21.8875029   40.6035182
  21.8878171   40.6043077
  21.8884659   40.6061031
  21.8889106   40.6073723
  21.8890716   40.6080058
  21.8892026   40.6093233
  21.889211    40.6097739
  21.8891314   40.6111056
  21.8890632   40.6114646
  21.8888689   40.6122268
  21.8874305   40.6176322
  21.8872207   40.618394
  21.8869457   40.6189024
  21.8865366   40.6194714
  21.8861714   40.6199241
  21.8858028   40.6202507
  21.8854339   40.6205142
  21.8849899   40.6208033
  21.8845009   40.6210826
  21.8839964   40.6213346
  21.8834771   40.6216133
  21.8829442   40.6219458
  21.8824731   40.6223695
  21.8821664   40.6228053
  21.8819965   40.6233156
  21.8819465   40.6238101
  21.8820141   40.6242077
  21.8821409   40.6245433
  21.8823105   40.6247897
  21.882554    40.6250103
  21.8829329   40.6252965
  21.8846042   40.6264711
  21.8867465   40.6280327
  21.8871147   40.6284718
  21.887255    40.6287806
  21.8874188   40.6295133
  21.8875162   40.6307041
  21.8874977   40.6312893
  21.8869086   40.6348906
  21.8867584   40.6356805
  21.8865657   40.6365778
  21.8863564   40.6373667
  21.884936    40.6411239
  21.8849632   40.6412685
  21.8851536   40.6418395
  21.8854177   40.6422767
  21.8858444   40.6427259
  21.8863477   40.6431585
  21.8869397   40.6435477
  21.8876363   40.6439207
  21.8883625   40.6442493
  21.8890553   40.6444871
  21.8898096   40.6447081
  21.8907278   40.6449231
  21.8945478   40.6456324
  21.8960532   40.6460382
  21.8966721   40.6462206
  21.8973201   40.6464486
  21.8984691   40.6469559
  21.8989834   40.6472175
  21.9003635   40.6479812
  21.9008185   40.6482868
  21.9012744   40.6486464
  21.9016872   40.6490592
  21.9020727   40.6495887
  21.9024293   40.6501807
  21.9027411   40.6508349
  21.9029952   40.6515601
  21.9031856   40.6521221
  21.9035536   40.6533178
  21.9037307   40.6539786
  21.9039097   40.6546844
  21.9046556   40.6583551
  21.9049272   40.6599635
  21.9053071   40.6633212
  21.9053155   40.6634251
  21.905446    40.6650353
  21.9055821   40.6668677
  21.9059329   40.6715927
  21.9059838   40.6740594
  21.9059718   40.674495
  21.905902    40.6770434
  21.90596     40.6790311
  21.9063399   40.6812673
  21.9052276   40.6814243
  21.9014435   40.6828104
  21.9007892   40.683061
  21.8992429   40.68382
  21.8975561   40.6843787
  21.8952453   40.6848289
  21.8939757   40.685058
  21.8926305   40.6852676
  21.8896246   40.6857351
  21.8885179   40.68585
  21.8873345   40.6859004
  21.8837525   40.6860149
  21.8822254   40.686104
  21.8815062   40.6861719
  21.8801007   40.6863442
  21.8794435   40.6865123
  21.8707251   40.6893334
  21.8701      40.689556
  21.8694906   40.689824
  21.8661445   40.6913205
  21.8653567   40.6916843
  21.8640499   40.6923267
  21.8595971   40.6948294
  21.8591522   40.6950824
  21.8580556   40.6957646
  21.8574365   40.6962936
  21.85639     40.697328
  21.8552679   40.698262
  21.8547378   40.6987386
  21.8542811   40.6992435
  21.8539464   40.6997597
  21.8536565   40.7003128
  21.8534121   40.7008397
  21.8531986   40.7014393
  21.8528961   40.7021272
  21.8525638   40.7027786
  21.8521679   40.7033117
  21.8516247   40.7039411
  21.8486528   40.7070294
  21.8481949   40.7074173
  21.8477367   40.707724
  21.8473199   40.7079414
  21.8468882   40.7080775
  21.8464083   40.7080955
  21.8459371   40.7079877
  21.8434863   40.7074915
  21.8431859   40.7074138
  21.8423256   40.7071455
  21.8418123   40.7069468
  21.8408897   40.7065602
  21.8401933   40.7062139
  21.8398755   40.7060098
  21.8395392   40.7057242
  21.8392328   40.7053852
  21.8389561   40.7049747
  21.8384309   40.7041271
  21.8376683   40.7026716
  21.8374347   40.7022078
  21.8368101   40.700845
  21.8364289   40.6997119
  21.8362689   40.6991684
  21.8357308   40.697627
  21.8354657   40.6971086
  21.8351144   40.6967417
  21.834629    40.6964173
  21.8343435   40.696394
  21.8338646   40.696448
  21.8334017   40.6965564
  21.8329699   40.6967015
  21.8321514   40.6970914
  21.8317064   40.6973443
  21.8308303   40.6977962
  21.8290583   40.6984925
  21.8285958   40.698637
  21.8280278   40.6987704
  21.8274796   40.6987524
  21.8273835   40.6987493
  21.8268407   40.698631
  21.8261774   40.6984293
  21.8254529   40.6981454
  21.8247574   40.6978441
  21.8240759   40.6975069
  21.823409    40.6971251
  21.822062    40.6962979
  21.8214766   40.696422
  21.8209247   40.6965827
  21.8204491   40.6967629
  21.8200022   40.6969616
  21.819615    40.6971525
  21.8192748   40.6973442
  21.819009    40.6975554
  21.8183435   40.6981373
  21.817768    40.6986579
  21.817312    40.6990997
  21.8162079   40.7002588
  21.8159436   40.70056
  21.8141409   40.7028769
  21.8138483   40.7032857
  21.8136608   40.7036695
  21.8136064   40.7040198
  21.8136575   40.704381
  21.8137565   40.7048243
  21.8144302   40.7072421
  21.8149879   40.7090541
  21.8150842   40.7094343
  21.8151309   40.7102909
  21.8151397   40.7108135
  21.8151188   40.7113086
  21.8150948   40.7116774
  21.8150111   40.7120001
  21.8148381   40.7123661
  21.8145467   40.712838
  21.8132256   40.7177582
  21.8133484   40.7212735
  21.8133426   40.7217778
  21.8132527   40.7225688
  21.8131112   40.7230615
  21.8129539   40.7234909
  21.8127508   40.7238744
  21.8123692   40.7243535
  21.8116058   40.7252488
  21.8112514   40.7255844
  21.8104083   40.726271
  21.8091506   40.7271839
  21.807548    40.7281804
  21.802557    40.7309859
  21.8009812   40.7318116
  21.7994945   40.7325849
  21.7971443   40.73372
  21.7901867   40.7381809
  21.7827828   40.7412185
  21.7819037   40.7415799
  21.7812194   40.741936
  21.7806695   40.7422677
  21.7803598   40.742568
  21.780178    40.7428798
  21.7801567   40.7429424
  21.7800898   40.7434186
  21.7801904   40.744033
  21.7803294   40.7442609
  21.7835244   40.7492314
  21.7853483   40.7527929
  21.7897646   40.7607907
  21.7926055   40.7658353
  21.7936908   40.7674414
  21.7948984   40.7691129
  21.7952923   40.7697419
  21.7955352   40.7703231
  21.7956464   40.7710007
  21.7956475   40.7715412
  21.7956152   40.771946
  21.7955058   40.7722861
  21.7952099   40.7726678
  21.794208    40.7735854
  21.7937387   40.7739818
  21.7931208   40.7743933
  21.7922479   40.774845
  21.791328    40.7751877
  21.7902701   40.7755007
  21.7850278   40.7769675
  21.782478    40.7776031
  21.7801493   40.7780807
  21.7764438   40.778757
  21.7755178   40.7789193
  21.7733327   40.7791744
  21.7721185   40.779295
  21.770828    40.7793061
  21.7697611   40.7792765
  21.768916    40.7791791
  21.768145    40.778993
  21.7673718   40.7787619
  21.766566    40.77844
  21.7656793   40.7779274
  21.7647885   40.7772526
  21.7633573   40.776117
  21.7627628   40.7758262
  21.762218    40.7757076
  21.7616484   40.7757325
  21.7610801   40.7758296
  21.7599484   40.7761409
  21.758388    40.7767051
  21.7573909   40.77701
  21.7556473   40.7774805
  21.7550482   40.7775679
  21.7545642   40.7774504
  21.7540889   40.7771349
  21.7528264   40.7760654
  21.7509984   40.7747237
  21.7507388   40.7745835
  21.7501609   40.7743291
  21.7492192   40.7739684
  21.7491896   40.7739678
  21.7484575   40.7741472
  21.7481654   40.7742451
  21.7476092   40.7744639
  21.7473455   40.7745759
  21.7469224   40.7748243
  21.74591     40.7755612
  21.7456015   40.7758029
  21.7453836   40.7760058
  21.7443309   40.7771562
  21.7439396   40.7775899
  21.7431586   40.7786645
  21.742838    40.779032
  21.7424653   40.779367
  21.7420618   40.7796564
  21.7381748   40.7811745
  21.7368971   40.7820953
  21.7352345   40.7831706
  21.7348136   40.7833515
  21.7339118   40.783703
  21.7332963   40.7839972
  21.7328469   40.7842856
  21.7325043   40.7846031
  21.7322653   40.7848687
  21.7319991   40.7852688
  21.7318839   40.7856268
  21.7318641   40.786383
  21.7321419   40.7867848
  21.7325234   40.7870986
  21.7330279   40.7874238
  21.7333771   40.7875747
  21.7337113   40.7876804
  21.7346823   40.7879427
  21.7359246   40.7881472
  21.7365009   40.7882756
  21.736865    40.7883728
  21.7371839   40.7884782
  21.7375645   40.7886478
  21.7379004   40.7888435
  21.7382843   40.7893285
  21.7417345   40.7938277
  21.7418389   40.7939739
  21.7419192   40.7940835
  21.7420897   40.7943661
  21.7421847   40.7946112
  21.7422478   40.7948466
  21.7423126   40.7951631
  21.7423039   40.7955953
  21.7422525   40.7962068
  21.7421394   40.7967451
  21.7420532   40.7970496
  21.7418193   40.7976215
  21.7408467   40.799422
  21.7406547   40.7997425
  21.7393962   40.8015824
  21.7390991   40.8019549
  21.7383685   40.8027332
  21.7379667   40.8031216
  21.7360739   40.8051022
  21.7359116   40.8053422
  21.7358096   40.8056194
  21.7357979   40.8058534
  21.7358787   40.8062333
  21.736033    40.8064795
  21.7363552   40.8067651
  21.7376699   40.8077997
  21.7382198   40.8081888
  21.7398502   40.8090945
  21.7401101   40.8092527
  21.7403549   40.8094827
  21.7404935   40.8096565
  21.740741    40.8100487
  21.74088     40.8102856
  21.741636    40.811658
  21.7418273   40.8119706
  21.7421065   40.8125074
  21.742232    40.812852
  21.742298    40.813241
  21.742319    40.813547
  21.7423252   40.8151149
  21.742286    40.815573
  21.742045    40.816722
  21.741959    40.817026
  21.741696    40.817706
  21.7416087   40.8178951
  21.7404197   40.820464
  21.7390516   40.8230764
  21.738652    40.8237351
  21.7383404   40.8241793
  21.7376429   40.8250664
  21.7369138   40.8259348
  21.7364075   40.8264924
  21.7359744   40.8269162
  21.7357503   40.827119
  21.7352268   40.827487
  21.7344623   40.8279674
  21.733727    40.828421
  21.733322    40.828621
  21.7329152   40.8287927
  21.7320277   40.8291175
  21.7313948   40.8293122
  21.7308086   40.8295079
  21.7299961   40.8298612
  21.7294473   40.8301619
  21.729186    40.830305
  21.728317    40.830864
  21.727943    40.831127
  21.7276125   40.8313815
  21.727327    40.831628
  21.7258786   40.8328426
  21.7256133   40.8331272
  21.725417    40.833338
  21.7252389   40.8335595
  21.7248536   40.8341735
  21.7243374   40.8351271
  21.723647    40.836573
  21.7234939   40.8369344
  21.7234124   40.8371265
  21.7231107   40.8382194
  21.722847    40.8388537
  21.7226998   40.8391391
  21.7225062   40.8394235
  21.7222983   40.8396716
  21.7218518   40.8401762
  21.7207178   40.8413517
  21.719465    40.842606
  21.7178502   40.8440063
  21.7169669   40.8447184
  21.7155602   40.8457894
  21.7147953   40.8462696
  21.7143599   40.8465132
  21.7140304   40.8467499
  21.7136264   40.8470842
  21.7134485   40.8472878
  21.7130762   40.8477668
  21.7127198   40.8483002
  21.712558    40.8485852
  21.712251    40.8493087
  21.7116952   40.8507028
  21.7116366   40.8509179
  21.7116306   40.8509628
  21.7117416   40.8518747
  21.7117289   40.8521357
  21.7116887   40.8524411
  21.7116018   40.8527907
  21.7114563   40.8531931
  21.7111022   40.8537986
  21.7106112   40.8544194
  21.7099994   40.8551008
  21.7090004   40.8561618
  21.7083574   40.8567165
  21.7078174   40.8572398
  21.706745    40.858279
  21.706417    40.85866
  21.70588     40.859207
  21.70542     40.859847
  21.705226    40.860131
  21.7050799   40.8604164
  21.7048011   40.8611044
  21.7044656   40.8619624
  21.704236    40.862877
  21.704198    40.863488
  21.704248    40.863805
  21.7043117   40.864013
  21.704481    40.864287
  21.705285    40.864969
  21.7057213   40.8653472
  21.7061353   40.8656616
  21.707279    40.866378
  21.7094433   40.8674478
  21.709745    40.86758
  21.709961    40.867674
  21.7112555   40.8682945
  21.711621    40.8684278
  21.713917    40.869203
  21.714479    40.869385
  21.7156336   40.8697144
  21.716211    40.869843
  21.716681    40.869924
  21.717121    40.869978
  21.717681    40.869998
  21.7182748   40.8700098
  21.718923    40.870023
  21.722087    40.870085
  21.7228128   40.8700455
  21.7238404   40.8699127
  21.727749    40.869161
  21.7282207   40.8690787
  21.7284444   40.8690397
  21.7290164   40.8689249
  21.7302079   40.8686061
  21.7308867   40.8684033
  21.7319396   40.8679736
  21.7330064   40.8674091
  21.7331863   40.8672866
  21.73332     40.8671181
  21.733468    40.8668868
  21.733544    40.866668
  21.733584    40.866556
  21.7336256   40.8662683
  21.733606    40.865908
  21.733478    40.865419
  21.733463    40.865363
  21.7333813   40.8650475
  21.7331113   40.8641595
  21.7329858   40.8638058
  21.7328001   40.8634778
  21.7322611   40.8628548
  21.7315394   40.862102
  21.7313545   40.8618281
  21.7298993   40.8595476
  21.7296034   40.8589743
  21.7295365   40.8585316
  21.7302005   40.8573287
  21.7312108   40.8559885
  21.7316425   40.8554746
  21.7318964   40.8552274
  21.7321499   40.8549892
  21.7324495   40.8547699
  21.7332152   40.8542985
  21.7334401   40.8542039
  21.7338483   40.8541038
  21.7342412   40.8540935
  21.7344545   40.8542418
  21.7352973   40.8549249
  21.7357557   40.8553212
  21.7359862   40.8555509
  21.736971    40.8566691
  21.7378312   40.8575688
  21.7386731   40.8582788
  21.7418716   40.8609357
  21.7421778   40.8611893
  21.7428448   40.8616258
  21.7436145   40.8620191
  21.7445046   40.8623158
  21.7448818   40.8624087
  21.7457476   40.8625608
  21.7460674   40.862567
  21.7465613   40.8625316
  21.7469552   40.8624493
  21.7480177   40.8621592
  21.7486637   40.8621223
  21.748829    40.8621436
  21.7509966   40.8627083
  21.7513905   40.8628151
  21.751938    40.8630059
  21.7529116   40.8633672
  21.7532304   40.8634905
  21.7539182   40.8638191
  21.7542699   40.8640421
  21.754611    40.8643821
  21.7573074   40.8660469
  21.762242    40.8670975
  21.7635572   40.8672942
  21.7649281   40.8673928
  21.7662826   40.8674011
  21.7667672   40.8673845
  21.767455    40.867361
  21.769373    40.867137
  21.770107    40.867043
  21.770949    40.867014
  21.771823    40.867067
  21.772686    40.867246
  21.773564    40.867461
  21.774474    40.867713
  21.7754158   40.867992
  21.77657     40.868366
  21.7767037   40.8684178
  21.7779403   40.8688964
  21.7792968   40.869526
  21.7806424   40.8702365
  21.7820528   40.8711283
  21.7849753   40.8732382
  21.7863685   40.8740846
  21.7875307   40.8746834
  21.7886296   40.8751819
  21.7896182   40.8755611
  21.7905289   40.8758308
  21.7915134   40.8760658
  21.7929368   40.8763633
  21.7937554   40.8765501
  21.797319    40.877483
  21.7986233   40.8778411
  21.7999144   40.8782711
  21.8010862   40.8786898
  21.8019758   40.8790969
  21.8021544   40.8791786
  21.802999    40.879762
  21.803573    40.880332
  21.8040116   40.8809074
  21.804425    40.881627
  21.8047496   40.8823896
  21.805249    40.8839754
  21.805511    40.884665
  21.8058517   40.8854911
  21.8064391   40.8864931
  21.807233    40.887373
  21.8083065   40.8880239
  21.8163858   40.8914559
  21.8254785   40.8954919
  21.8268518   40.8961123
  21.8281378   40.8968301
  21.8291053   40.8974428
  21.8297986   40.8979513
  21.830198    40.898334
  21.8302015   40.8983372
  21.8304342   40.8985847
  21.8304665   40.8987204
  21.830504    40.898892
  21.830458    40.8993418
  21.830338    40.899799
  21.830081    40.900308
  21.829717    40.90067
  21.8291867   40.9010563
  21.8287341   40.9014982
  21.8284312   40.9019338
  21.8282476   40.9023177
  21.828138    40.902676
  21.828105    40.903054
  21.8282719   40.9036152
  21.8286823   40.9047128
  21.8287044   40.9049114
  21.828562    40.905188
  21.8283132   40.9054355
  21.8278103   40.9057052
  21.8268396   40.9059481
  21.82583     40.906018
  21.8255176   40.9060403
  21.8241467   40.9059964
  21.8227142   40.9059063
  21.8212253   40.9059412
  21.8198767   40.9061229
  21.8185139   40.9063403
  21.8172729   40.9066321
  21.816217    40.9070174
  21.8151488   40.9075466
  21.8139944   40.9081733
  21.8102376   40.9098314
  21.8094631   40.9100959
  21.8088634   40.9102106
  21.8084662   40.9100139
  21.8081794   40.909486
  21.8077322   40.9081534
  21.8076118   40.9076647
  21.8075      40.9074555
  21.8072007   40.9074858
  21.806622    40.907754
  21.8058764   40.9084784
  21.805166    40.9093837
  21.8025448   40.9132789
  21.8018877   40.9144103
  21.8013222   40.9155975
  21.8008      40.9167766
  21.8002819   40.9180097
  21.7993178   40.9205043
  21.7987833   40.9217281
  21.7977077   40.9239684
  21.7971667   40.9249939
  21.796681    40.9258493
  21.7961452   40.9265417
  21.7955757   40.9271253
  21.79496     40.9276719
  21.7933809   40.9287316
  21.7926274   40.9292126
  21.78846     40.9312864
  21.7873466   40.9310354
  21.7868578   40.9309283
  21.7863672   40.9307188
  21.7861972   40.9306504
  21.7859175   40.9304419
  21.7857186   40.9302162
  21.7853944   40.9298113
  21.7853324   40.9296491
  21.7845974   40.9290018
  21.783785    40.9287998
  21.7832777   40.9287558
  21.7828417   40.9283211
  21.7819913   40.9284224
  21.7817591   40.9286256
  21.7814626   40.9286469
  21.7811756   40.9287045
  21.7808973   40.9287802
  21.7806073   40.9288286
  21.7803142   40.928859
  21.7800219   40.9288984
  21.7797282   40.9289378
  21.7794374   40.9289772
  21.7791459   40.9290257
  21.7788547   40.9290651
  21.7785602   40.9291045
  21.7782667   40.9291348
  21.7779759   40.9291743
  21.7776867   40.9292227
  21.7773967   40.9292712
  21.7771041   40.9293196
  21.7768109   40.9293409
  21.7762187   40.9292935
  21.7759223   40.9292788
  21.7756276   40.9292551
  21.7753315   40.9292313
  21.7750376   40.9292077
  21.7744482   40.9291422
  21.7741605   40.9290916
  21.7738825   40.9290142
  21.7736092   40.9289189
  21.7733389   40.9288326
  21.7730715   40.9287283
  21.7728041   40.9286331
  21.7725375   40.9285379
  21.7722676   40.9284426
  21.7719943   40.9283472
  21.7714719   40.9282651
  21.7711755   40.9282503
  21.7708805   40.9282266
  21.77014     40.928048
  21.7693967   40.9282069
  21.768801    40.9281954
  21.7685048   40.9282077
  21.7682181   40.9282561
  21.7679323   40.9283137
  21.7673455   40.9283924
  21.7670513   40.9284227
  21.7667593   40.9284531
  21.766472    40.9285196
  21.766185    40.9285771
  21.7658862   40.9285893
  21.7655996   40.9285387
  21.7653169   40.9284702
  21.7650381   40.9283837
  21.7647656   40.9282973
  21.7644979   40.9282021
  21.7642393   40.928089
  21.7640029   40.9279583
  21.7637958   40.9277921
  21.7635825   40.9276349
  21.7633571   40.9274864
  21.7631475   40.9273292
  21.7629464   40.9271631
  21.7627442   40.9269971
  21.7625324   40.9268399
  21.7622967   40.9267092
  21.7620208   40.9266137
  21.761737    40.9265452
  21.7614452   40.9265035
  21.7611574   40.9264439
  21.760886    40.9263575
  21.7606246   40.9262534
  21.7603685   40.9261313
  21.7601221   40.9260094
  21.7598658   40.9258963
  21.7595755   40.9258457
  21.7592776   40.9258399
  21.7589895   40.9257892
  21.7587108   40.9257118
  21.758442    40.9256165
  21.7581857   40.9255034
  21.757943    40.9253726
  21.757687    40.9252595
  21.7574003   40.9251999
  21.7571085   40.9251582
  21.7568196   40.9250985
  21.7565243   40.9250837
  21.7562273   40.925087
  21.7556339   40.9250754
  21.7553358   40.9250786
  21.7550393   40.9250999
  21.7547569   40.9251664
  21.7544713   40.9252149
  21.7541765   40.9252542
  21.7538876   40.9253026
  21.7535981   40.925369
  21.7534467   40.9255552
  21.7533645   40.9257788
  21.7533343   40.9260034
  21.7533396   40.9262287
  21.7533609   40.9264453
  21.7533447   40.9266701
  21.7533467   40.9268954
  21.7533541   40.9271387
  21.7532151   40.9273071
  21.7529642   40.9274283
  21.7527033   40.9275494
  21.7524696   40.9276889
  21.7522363   40.9278375
  21.7519831   40.9279497
  21.7517142   40.9280435
  21.7514573   40.9281556
  21.7512165   40.928286
  21.7509884   40.9284347
  21.7507449   40.928565
  21.7504884   40.9286771
  21.7502284   40.9287801
  21.749876    40.9289083
  21.7493651   40.9289794
  21.7491769   40.9290028
  21.7488599   40.9292128
  21.7486556   40.9293799
  21.7484472   40.929538
  21.7482225   40.9296867
  21.7479862   40.9298262
  21.7477434   40.9299476
  21.7474929   40.9300778
  21.7472284   40.9301717
  21.7469437   40.9302382
  21.7466488   40.9302775
  21.7463549   40.9302987
  21.7460588   40.9302749
  21.745763    40.9302421
  21.7454723   40.9302004
  21.7451802   40.9301587
  21.7448838   40.9301439
  21.7442904   40.9301322
  21.743993    40.9301444
  21.7436975   40.9301477
  21.7433999   40.9301689
  21.742809    40.9302113
  21.7425148   40.9302416
  21.7422191   40.9302718
  21.7419268   40.9303111
  21.7416416   40.9303596
  21.7413641   40.9304442
  21.7410925   40.930538
  21.7408232   40.9306318
  21.7405573   40.9307347
  21.7402906   40.9308285
  21.7400191   40.9309223
  21.7397472   40.931016
  21.7394839   40.931119
  21.7392303   40.9312401
  21.7389734   40.9313521
  21.738701    40.9314369
  21.7384106   40.9314852
  21.7381138   40.9315154
  21.7378168   40.9315186
  21.7375196   40.9314947
  21.7372354   40.9314351
  21.7369655   40.9313398
  21.7366945   40.9312444
  21.7361569   40.9310537
  21.7358892   40.9309583
  21.7356256   40.9308541
  21.7353634   40.9307498
  21.7348361   40.9305413
  21.7345698   40.930437
  21.734301    40.9303416
  21.7340246   40.9302642
  21.7337408   40.9301955
  21.7334527   40.9301448
  21.7331623   40.9300941
  21.7328705   40.9300523
  21.7325762   40.9300105
  21.7322801   40.9299866
  21.7319856   40.9299809
  21.7316891   40.930011
  21.7314003   40.9300774
  21.7311373   40.9301713
  21.7308973   40.9303107
  21.7306829   40.9304686
  21.730495    40.9306451
  21.7303156   40.9308217
  21.7301467   40.9310075
  21.7299822   40.9311934
  21.729826    40.9313885
  21.7296675   40.9315745
  21.7295064   40.9317695
  21.7293386   40.9319554
  21.7291603   40.932132
  21.7289713   40.9323084
  21.7287826   40.9324758
  21.7285961   40.9326523
  21.7284004   40.9328196
  21.7281659   40.9330181
  21.7279496   40.933117
  21.727705    40.9332472
  21.7274484   40.9333593
  21.7271915   40.9334713
  21.7269416   40.9335925
  21.7266951   40.9337137
  21.7264482   40.933844
  21.7261973   40.9339651
  21.7259403   40.9340771
  21.7256904   40.9341983
  21.7254622   40.9343379
  21.7252557   40.934505
  21.725061    40.9346723
  21.7248734   40.9348487
  21.724694    40.9350253
  21.7245098   40.9352018
  21.7243148   40.9353781
  21.724118    40.9355454
  21.7239128   40.9357035
  21.7236959   40.9358613
  21.7234654   40.9360009
  21.7232222   40.9361312
  21.7229552   40.936234
  21.7227109   40.9363553
  21.7224816   40.9365039
  21.7222541   40.9366525
  21.7220158   40.9367829
  21.7217577   40.9368949
  21.7214827   40.9369795
  21.7212089   40.9370732
  21.7209522   40.9371762
  21.7207147   40.9373156
  21.7204842   40.9374552
  21.7202467   40.9375946
  21.7199934   40.9377067
  21.7197249   40.9378094
  21.7194499   40.9378941
  21.7191685   40.9379606
  21.7188878   40.9380361
  21.7186129   40.9381297
  21.7183371   40.9382053
  21.7180542   40.9382718
  21.7177661   40.9383291
  21.7174745   40.9383774
  21.7171794   40.9383986
  21.7168829   40.9384197
  21.7165889   40.9384409
  21.7162923   40.9384621
  21.7159977   40.9384922
  21.7157042   40.9385315
  21.7154062   40.9385616
  21.7151127   40.9386008
  21.7148313   40.9386673
  21.7145724   40.9387702
  21.7143337   40.9389096
  21.7141148   40.9390584
  21.7139257   40.9392348
  21.7137404   40.9394113
  21.7135386   40.9395784
  21.7133309   40.9397454
  21.7131105   40.9398942
  21.7128643   40.9400154
  21.7125912   40.940109
  21.7123056   40.9401574
  21.7120044   40.9401514
  21.711709    40.9401366
  21.7114146   40.9400947
  21.7111157   40.9400437
  21.7108214   40.9400109
  21.7105415   40.9400323
  21.7102805   40.9401532
  21.7100612   40.940311
  21.7098769   40.9404875
  21.7097195   40.9406825
  21.7096241   40.9408968
  21.7094994   40.9411015
  21.7093702   40.9413061
  21.7092469   40.9415018
  21.709121    40.9417065
  21.7089822   40.9419109
  21.7088388   40.9421062
  21.7085237   40.9423521
  21.7082988   40.9425008
  21.7080545   40.942631
  21.7078      40.942743
  21.7075374   40.9428459
  21.707277    40.9429578
  21.7070177   40.9430698
  21.706754    40.9431726
  21.7064804   40.9432572
  21.7061998   40.9433327
  21.7059127   40.94339
  21.705618    40.9434202
  21.7050232   40.9434444
  21.7047247   40.9434565
  21.704428    40.9434506
  21.7041362   40.9434087
  21.7038432   40.9433578
  21.7035594   40.9432891
  21.7033002   40.9431939
  21.7030873   40.9430275
  21.702911    40.9428974
  21.7028742   40.9428702
  21.7026647   40.9427129
  21.7025348   40.9426072
  21.7024603   40.9425466
  21.7022556   40.9423804
  21.7020572   40.9422144
  21.7018706   40.9420395
  21.7017003   40.941856
  21.7015259   40.9416723
  21.7013275   40.9415062
  21.7011121   40.9413488
  21.7008853   40.9412092
  21.7006426   40.9410782
  21.7003782   40.9409649
  21.7000988   40.9408963
  21.6998029   40.9409084
  21.6995034   40.9409384
  21.69921     40.9409776
  21.6989263   40.941044
  21.6986569   40.9411377
  21.698392    40.9412405
  21.6981282   40.9413433
  21.6978689   40.9414552
  21.6975939   40.9415398
  21.6973121   40.9416152
  21.6970296   40.9416817
  21.6967459   40.941748
  21.6964588   40.9418054
  21.6961638   40.9418445
  21.6958676   40.9418656
  21.6955781   40.9418238
  21.6952928   40.941755
  21.6950075   40.9416953
  21.6947251   40.9416176
  21.6944512   40.941531
  21.6941876   40.9414267
  21.6939163   40.9413402
  21.6936314   40.9412714
  21.6933403   40.9412296
  21.6930417   40.9412146
  21.692751    40.9411727
  21.6924779   40.9410952
  21.6922109   40.9409908
  21.6919447   40.9408864
  21.6916734   40.9407999
  21.6913871   40.9407401
  21.6910913   40.9407072
  21.6908042   40.9406564
  21.6905344   40.9405609
  21.6902542   40.9404832
  21.6899616   40.9404323
  21.6896688   40.9404084
  21.6893667   40.9404294
  21.6890906   40.9405139
  21.6888983   40.9406722
  21.688758    40.9408856
  21.6886637   40.9410998
  21.6885369   40.9412955
  21.6882937   40.9414257
  21.6880052   40.941492
  21.6877059   40.941486
  21.6874184   40.9414171
  21.6871533   40.9413217
  21.6866363   40.9410952
  21.686379    40.9409819
  21.6861165   40.9408776
  21.6858444   40.9407821
  21.6855691   40.9407045
  21.6853028   40.9406001
  21.6850506   40.9404779
  21.6847907   40.9403736
  21.684497    40.9403136
  21.6841978   40.9402716
  21.6839384   40.9401853
  21.6837847   40.9399931
  21.6836736   40.9397747
  21.6835729   40.9395655
  21.6834855   40.9393476
  21.6834077   40.9391298
  21.683344    40.9389124
  21.6833041   40.9386954
  21.6832749   40.9384696
  21.6832401   40.9382437
  21.6831994   40.9380178
  21.6831753   40.9377921
  21.6831595   40.9375666
  21.6831396   40.93735
  21.683107    40.9371242
  21.6830603   40.9368981
  21.6830122   40.9366809
  21.6829147   40.9364448
  21.6828259   40.9362358
  21.6827418   40.936018
  21.6826522   40.9358
  21.6825526   40.9355908
  21.6824804   40.9353732
  21.6824408   40.9351472
  21.6823987   40.9349302
  21.682312    40.9347843
  21.6823265   40.9344784
  21.6823143   40.934253
  21.6822829   40.9340271
  21.6822      40.9338183
  21.6820815   40.9336088
  21.6819364   40.9334077
  21.6817403   40.9332416
  21.6814929   40.9331195
  21.6812131   40.9330328
  21.6809396   40.9329463
  21.6806581   40.9328776
  21.680366    40.9328357
  21.6800808   40.9327759
  21.6798022   40.9326982
  21.6795272   40.9326116
  21.6792599   40.9325071
  21.6789887   40.9324206
  21.6787137   40.932334
  21.6784822   40.9321942
  21.678278    40.932028
  21.6780963   40.9318532
  21.6779368   40.9316608
  21.6777739   40.9314684
  21.6775993   40.9312937
  21.6774375   40.9311013
  21.6772939   40.9309003
  21.6771373   40.930717
  21.676973    40.9305245
  21.6768002   40.9303409
  21.6766251   40.9301572
  21.6764423   40.9299824
  21.6762525   40.9298074
  21.6760553   40.9296413
  21.6758578   40.9294752
  21.675662    40.9293001
  21.6754648   40.929134
  21.6752577   40.9289767
  21.675039    40.9288192
  21.674816    40.9286706
  21.6746753   40.9285835
  21.6745904   40.9285309
  21.6743607   40.9283822
  21.674127    40.9282423
  21.6738893   40.9281114
  21.6736555   40.9279716
  21.6731903   40.927692
  21.6729639   40.9275433
  21.6727631   40.9273771
  21.6725825   40.9272024
  21.6724156   40.9270188
  21.6722587   40.9268265
  21.6721063   40.9266343
  21.6719516   40.926442
  21.6717862   40.9262495
  21.6716082   40.9260748
  21.671428    40.925891
  21.6712574   40.9257074
  21.6710883   40.9255238
  21.6709251   40.9253314
  21.6707727   40.9251392
  21.670631    40.9249472
  21.6704973   40.9247373
  21.67037     40.9245366
  21.6702549   40.9243271
  21.6701495   40.9241178
  21.6700396   40.9239084
  21.6699267   40.9236989
  21.6698046   40.9234983
  21.6696643   40.9232973
  21.6695108   40.923105
  21.6693561   40.9229128
  21.6692085   40.9227206
  21.6690612   40.9225195
  21.6689206   40.9223275
  21.6687962   40.9221178
  21.668686    40.9219084
  21.6685887   40.9216993
  21.6685099   40.9214815
  21.6684584   40.9212553
  21.668429    40.9210385
  21.6684268   40.9208043
  21.6684202   40.920579
  21.6683652   40.9203617
  21.6682475   40.9201612
  21.6681073   40.9199602
  21.6679744   40.9197503
  21.6678375   40.9195584
  21.6676973   40.9193574
  21.66755     40.9191563
  21.6673902   40.9189729
  21.6672367   40.9187806
  21.667099    40.9185797
  21.6669684   40.9183789
  21.6668374   40.9181781
  21.6666961   40.917977
  21.6665692   40.9177763
  21.6664641   40.917558
  21.6663727   40.917349
  21.666308    40.9171315
  21.6662874   40.9169059
  21.6663001   40.916681
  21.6663425   40.9164567
  21.6664049   40.9162327
  21.6664934   40.9160184
  21.6665992   40.9158043
  21.6667204   40.9155996
  21.6668686   40.9154045
  21.667047    40.9152279
  21.6672324   40.9150515
  21.6674226   40.9148752
  21.6676114   40.9147079
  21.6678099   40.9145408
  21.6680333   40.9143922
  21.668279    40.9142621
  21.6685461   40.9141594
  21.6688263   40.914093
  21.6691144   40.9140358
  21.6694048   40.9139876
  21.6696993   40.9139485
  21.6699897   40.9139003
  21.6702792   40.9138341
  21.6704978   40.9136944
  21.670512    40.9134605
  21.6704917   40.9132349
  21.6704581   40.9130091
  21.6703978   40.9127917
  21.6703042   40.9125826
  21.6701991   40.9123643
  21.6700962   40.9121551
  21.6699812   40.9119456
  21.6698406   40.9117536
  21.6696848   40.9115613
  21.6695132   40.9113777
  21.6693959   40.9111681
  21.6692953   40.9109589
  21.6691861   40.9107496
  21.6690966   40.9105316
  21.6690496   40.9103055
  21.6690445   40.9100802
  21.6691233   40.9098656
  21.6692637   40.9096613
  21.6694138   40.9094751
  21.6695877   40.9092895
  21.6697768   40.9091132
  21.6699774   40.9089461
  21.6701892   40.9087883
  21.6704048   40.9086395
  21.6706215   40.9084817
  21.6708247   40.9083147
  21.6710228   40.9081476
  21.6712105   40.9079802
  21.6713876   40.9077947
  21.6715511   40.9076088
  21.6716956   40.9074136
  21.6718159   40.9071998
  21.6719084   40.9069945
  21.6719686   40.9067706
  21.6720169   40.9065464
  21.6720722   40.9063223
  21.6721058   40.9061068
  21.6721092   40.9058817
  21.6721078   40.9056475
  21.6721109   40.9054223
  21.6721128   40.9051972
  21.6721089   40.9049719
  21.6721035   40.9047557
  21.6721057   40.9045215
  21.6721066   40.9042963
  21.6720938   40.9040799
  21.6720498   40.9038538
  21.6719825   40.9036363
  21.671924    40.90341
  21.6718745   40.9031928
  21.6718316   40.9029667
  21.6717943   40.9027408
  21.6717711   40.9025242
  21.671766    40.9022989
  21.6717653   40.9020737
  21.6717614   40.9018484
  21.6717563   40.9016231
  21.6717484   40.9011726
  21.6717466   40.9009474
  21.6717415   40.9007221
  21.6717328   40.9004967
  21.671728    40.9002625
  21.6717096   40.9000459
  21.6716641   40.8998198
  21.671572    40.8996018
  21.6714436   40.899401
  21.671361    40.8993
  21.6713834   40.8983997
  21.6708143   40.8984034
  21.6694844   40.8984185
  21.6693768   40.8985769
  21.6692466   40.898671
  21.6689635   40.8987267
  21.6686577   40.898778
  21.6684992   40.8988636
  21.6684658   40.8989431
  21.6684255   40.8990391
  21.6682613   40.8991076
  21.6674516   40.8993173
  21.6672817   40.8993473
  21.6672138   40.8992702
  21.6672194   40.8990819
  21.6673327   40.8986924
  21.667344    40.8985041
  21.6675026   40.8979349
  21.6674969   40.8978364
  21.6673497   40.8977508
  21.6667438   40.8977251
  21.6665343   40.8977551
  21.6663701   40.8978921
  21.6656674   40.8987421
  21.6653565   40.8988979
  21.6647804   40.8991513
  21.6643662   40.8991396
  21.663913    40.8992667
  21.6636132   40.8992786
  21.6633138   40.8992906
  21.6630155   40.8993025
  21.662423    40.8992725
  21.6621261   40.8992755
  21.66183     40.8992875
  21.6615328   40.8992995
  21.661236    40.8993025
  21.6609429   40.8993325
  21.6606492   40.8993716
  21.660357    40.8994107
  21.6600671   40.8994589
  21.6597779   40.8995071
  21.6594868   40.8995552
  21.6591957   40.8995943
  21.6589065   40.8996425
  21.6586196   40.8996997
  21.6583339   40.899766
  21.65805     40.8998323
  21.6574851   40.8999649
  21.6572046   40.9000403
  21.6569264   40.9001247
  21.6566481   40.9002001
  21.6563657   40.9002664
  21.6560787   40.9003236
  21.6557907   40.9003808
  21.6555038   40.900438
  21.655218    40.9004953
  21.6549318   40.9005615
  21.6546483   40.9006278
  21.6543644   40.9006941
  21.6537995   40.9008267
  21.6535179   40.900902
  21.6532332   40.9009593
  21.652944    40.9010164
  21.6526518   40.9010555
  21.6523607   40.9010946
  21.6520685   40.9011337
  21.6514818   40.9012118
  21.6511899   40.9012419
  21.6508954   40.901272
  21.6506001   40.901302
  21.6503052   40.901314
  21.6500088   40.9013349
  21.649713    40.9013469
  21.6494158   40.9013589
  21.6491189   40.9013618
  21.6488209   40.9013558
  21.6485301   40.9013228
  21.6482465   40.901254
  21.6479572   40.901212
  21.6476598   40.901197
  21.6473664   40.901164
  21.6470752   40.901113
  21.646799    40.9010353
  21.6465356   40.9009308
  21.6462758   40.9008174
  21.6460172   40.9007131
  21.6457579   40.9005997
  21.6454806   40.900522
  21.6452205   40.9004176
  21.6450102   40.9002602
  21.6448109   40.9000849
  21.6445954   40.8999364
  21.644367    40.8997876
  21.6441405   40.8996479
  21.6439372   40.8994816
  21.6437342   40.8993153
  21.6435029   40.8991755
  21.6432974   40.8990182
  21.6431262   40.8988255
  21.6429458   40.8986507
  21.6427355   40.8984933
  21.6425115   40.8983446
  21.6422853   40.8981958
  21.642055    40.898038
  21.6418119   40.8979249
  21.6415334   40.8978832
  21.6412282   40.897922
  21.6409371   40.8979611
  21.6406467   40.8980092
  21.6403553   40.8980573
  21.6400631   40.8980963
  21.6397701   40.8981264
  21.6394737   40.8981473
  21.6391775   40.8981322
  21.6388899   40.8980813
  21.6386475   40.8979502
  21.6384276   40.8977926
  21.6382317   40.8976265
  21.6380469   40.8974515
  21.6378562   40.8972765
  21.6376588   40.8971103
  21.6374474   40.8969529
  21.6371903   40.8968395
  21.6369115   40.8967617
  21.636628    40.8966929
  21.6363364   40.8966509
  21.6360416   40.8966268
  21.6357483   40.8965938
  21.6354542   40.8965607
  21.6351594   40.8965367
  21.6348591   40.8965305
  21.6345724   40.8964886
  21.6343031   40.896384
  21.6340803   40.8962353
  21.6339247   40.8960429
  21.6338182   40.8958336
  21.633737    40.8956158
  21.6336698   40.8953982
  21.6336163   40.8951719
  21.6335502   40.8949544
  21.633482    40.8947368
  21.6334114   40.8945192
  21.6333458   40.8943017
  21.6332897   40.8940753
  21.6332358   40.8938581
  21.6331857   40.8936319
  21.63314     40.8934147
  21.6330887   40.8931885
  21.6330241   40.892971
  21.6329702   40.8927447
  21.6329198   40.8925275
  21.6328541   40.89231
  21.6327598   40.8920919
  21.6326534   40.8918825
  21.6325563   40.8916734
  21.6324669   40.8914554
  21.6323782   40.8912374
  21.6322837   40.8910283
  21.6321821   40.890819
  21.6320782   40.8906007
  21.6319681   40.8903913
  21.6318495   40.8901907
  21.6317165   40.8899898
  21.6315649   40.8897885
  21.6313946   40.8896049
  21.6311961   40.8894387
  21.6309538   40.8893166
  21.6306626   40.8892565
  21.6304288   40.8891256
  21.6302151   40.8889591
  21.629996    40.8888105
  21.6297762   40.8886529
  21.6295412   40.8885219
  21.6292801   40.8884175
  21.6290083   40.8883218
  21.62873     40.888244
  21.6284476   40.8881752
  21.6281546   40.8881331
  21.6278573   40.888118
  21.6275608   40.8881119
  21.6272705   40.88816
  21.626999    40.8882534
  21.6267253   40.8883379
  21.6264474   40.8884132
  21.6261733   40.8885067
  21.6259021   40.8885912
  21.6256193   40.8886664
  21.6253283   40.8887054
  21.6250315   40.8887083
  21.6247338   40.8887022
  21.6241443   40.888654
  21.6238506   40.8886119
  21.6235559   40.8885878
  21.6232601   40.8885908
  21.6229633   40.8885936
  21.622369    40.8886174
  21.6220733   40.8886203
  21.6217771   40.8886052
  21.6214824   40.8885811
  21.6211657   40.8885346
  21.6208149   40.8882789
  21.6203782   40.8879044
  21.619683    40.8873851
  21.6190079   40.8871023
  21.6184229   40.8869127
  21.618131    40.886776
  21.6177373   40.8863074
  21.617465    40.8860519
  21.6172776   40.885886
  21.6171166   40.8857771
  21.6167387   40.8856033
  21.616519    40.8854366
  21.6163425   40.8851175
  21.6161577   40.8848427
  21.6158922   40.8845355
  21.6155019   40.8841909
  21.6150253   40.8838507
  21.6145806   40.8836065
  21.614218    40.8834102
  21.6138317   40.8831766
  21.6136821   40.8828071
  21.6135343   40.8825563
  21.6135144   40.8820382
  21.6135718   40.8815602
  21.6132105   40.881333
  21.6129187   40.8811152
  21.6121379   40.8804507
  21.6118683   40.8808177
  21.6108696   40.8803517
  21.610346    40.8801488
  21.6099303   40.8800495
  21.6095016   40.8800009
  21.6092522   40.880013
  21.6088279   40.8800981
  21.6085495   40.8802077
  21.6084095   40.8802989
  21.6082861   40.8802583
  21.6080849   40.8805889
  21.6079433   40.8806782
  21.6072775   40.8809204
  21.6073279   40.8805205
  21.6072368   40.8802933
  21.6070394   40.8800373
  21.6063237   40.8798175
  21.6057803   40.8801339
  21.6053222   40.8802288
  21.6039189   40.8801379
  21.603721    40.8800616
  21.6036163   40.8799055
  21.6034828   40.8794432
  21.6032864   40.8789908
  21.6030128   40.878492
  21.6028358   40.8782871
  21.6025502   40.8780344
  21.6023866   40.877897
  21.6022952   40.8777803
  21.60201     40.8774802
  21.6014717   40.8769395
  21.6013259   40.8767375
  21.6007043   40.8749482
  21.6006962   40.8744164
  21.6006862   40.8739644
  21.6006834   40.873835
  21.6001678   40.8727537
  21.5993422   40.8714046
  21.5985969   40.8704685
  21.5980883   40.8699092
  21.5968727   40.8684822
  21.595956    40.8676433
  21.5952854   40.8671768
  21.5951942   40.8671889
  21.5945832   40.8668056
  21.5938826   40.8663876
  21.5936149   40.866266
  21.5931075   40.8662274
  21.5928741   40.8662862
  21.5928424   40.8663208
  21.5925549   40.8663775
  21.5925313   40.866337
  21.5924342   40.8663714
  21.5922792   40.8663127
  21.592137    40.866191
  21.5920834   40.86612
  21.5919841   40.8660875
  21.5919675   40.866059
  21.5917368   40.8660347
  21.5917481   40.8662823
  21.5918044   40.8665318
  21.5916837   40.866761
  21.5914343   40.8668624
  21.5910261   40.8671239
  21.5906693   40.8673166
  21.5899644   40.8676656
  21.5885289   40.8684221
  21.5875499   40.8689332
  21.5872576   40.8689778
  21.586786    40.8689394
  21.5865226   40.8689109
  21.582994    40.8683244
  21.5828009   40.8682885
  21.5815294   40.8683779
  21.5815083   40.8683794
  21.5805574   40.8682659
  21.5788461   40.8680529
  21.5781091   40.8678989
  21.5779776   40.867907
  21.5777679   40.8678988
  21.5775941   40.8678522
  21.5773414   40.86784
  21.5769638   40.867765
  21.5763007   40.8676838
  21.575834    40.8676432
  21.5749811   40.8674973
  21.5733718   40.8665196
  21.5731947   40.8664466
  21.5721755   40.8664547
  21.5716712   40.8663898
  21.5709685   40.8662316
  21.5706466   40.8661423
  21.5705072   40.8661423
  21.5699171   40.8662843
  21.5692358   40.8664669
  21.5678089   40.8664385
  21.5666287   40.8663411
  21.566398    40.8664182
  21.566103    40.8668928
  21.5657006   40.86755
  21.5653949   40.86798
  21.5652983   40.8682356
  21.5654002   40.8685155
  21.565838    40.8694789
  21.5659474   40.8700164
  21.5657221   40.870917
  21.5653251   40.8721015
  21.5645097   40.8751518
  21.5640806   40.8759225
  21.5633832   40.8769284
  21.5618275   40.8778695
  21.5611409   40.8778208
  21.5605937   40.8778857
  21.5596388   40.878202
  21.5582334   40.8788997
  21.5579222   40.8791349
  21.5565919   40.8798082
  21.5553259   40.8803598
  21.5551757   40.8805221
  21.5545641   40.8805707
  21.5543603   40.8804653
  21.5536951   40.8806194
  21.55259     40.8809033
  21.5519248   40.8812521
  21.5511631   40.8816577
  21.5509163   40.8819335
  21.5504013   40.8824608
  21.5498971   40.8830205
  21.549779    40.8833044
  21.549616    40.8839431
  21.5489615   40.8852653
  21.5491353   40.8853971
  21.5489615   40.8857763
  21.5488671   40.8861514
  21.5486632   40.887433
  21.548513    40.8875871
  21.5483307   40.8882441
  21.5481032   40.8886395
  21.547762    40.8892011
  21.5475904   40.8893309
  21.5464531   40.8897932
  21.5459703   40.890142
  21.5456914   40.8907989
  21.5442001   40.8920155
  21.54361     40.8922345
  21.5437816   40.8920155
  21.5435671   40.8919506
  21.5432988   40.8919912
  21.5427624   40.8922345
  21.5425585   40.8922913
  21.5424191   40.8925265
  21.5413784   40.893378
  21.5408612   40.8939113
  21.5399407   40.8953812
  21.5394901   40.8957867
  21.5382134   40.8967762
  21.5372478   40.8978953
  21.5367328   40.8984792
  21.5363624   40.8989947
  21.535853    40.8997037
  21.5348338   40.9012202
  21.5344815   40.9016348
  21.5337931   40.9024447
  21.5337554   40.902487
  21.5329991   40.9033367
  21.5329755   40.903513
  21.5332245   40.9047233
  21.5336858   40.9054207
  21.5336858   40.9058666
  21.5330957   40.9070424
  21.532291    40.9076262
  21.5308641   40.9076911
  21.5298556   40.9077803
  21.5275811   40.908356
  21.5268837   40.9093209
  21.5254031   40.9101236
  21.5250598   40.909929
  21.5245126   40.9098317
  21.521927    40.9093209
  21.5209292   40.909183
  21.519116    40.9085506
  21.518762    40.9084208
  21.518011    40.90851
  21.5161869   40.9087519
  21.5161763   40.9087533
  21.5140842   40.9090127
  21.5133225   40.9091344
  21.5119706   40.9093127
  21.5060483   40.9100992
  21.5027921   40.9106384
  21.5023254   40.910679
  21.5019633   40.9107741
  21.5014354   40.9108614
  21.5009736   40.9109181
  21.5009146   40.9108431
  21.5001292   40.9108938
  21.4997097   40.9103806
  21.4985476   40.9111223
  21.497653    40.9106396
  21.4971631   40.9111856
  21.496654    40.9112577
  21.4964715   40.9114612
  21.4952556   40.9115911
  21.4953323   40.9114602
  21.4919033   40.9119603
  21.4908232   40.9121252
  21.4905206   40.9121374
  21.490227    40.9120817
  21.4899568   40.9119472
  21.4898075   40.9120593
  21.4893333   40.9119519
  21.4873587   40.91151
  21.487201    40.9114715
  21.4872004   40.9114431
  21.4860637   40.9111959
  21.4860712   40.9111714
  21.4858116   40.9111087
  21.4857901   40.911131
  21.4848084   40.9109243
  21.4845912   40.9109161
  21.4842849   40.9107681
  21.4841316   40.9106982
  21.483901    40.9106438
  21.4839125   40.9105811
  21.4835612   40.9105791
  21.4822657   40.9103419
  21.4814833   40.9101828
  21.480643    40.9100364
  21.4806428   40.9099732
  21.4804869   40.9099206
  21.4802495   40.9099375
  21.4798088   40.9098398
  21.4788057   40.9096533
  21.4786683   40.9096086
  21.4784221   40.9095459
  21.4781914   40.9095053
  21.4779495   40.9094728
  21.4779286   40.9095013
  21.4777966   40.9094768
  21.4769388   40.9092864
  21.4766245   40.9092336
  21.4762597   40.9091687
  21.4761122   40.9091262
  21.4752088   40.9088911
  21.4747287   40.9087715
  21.4739208   40.9086072
  21.4739079   40.9086316
  21.4733951   40.908518
  21.4734031   40.9084917
  21.4724435   40.9083154
  21.4704607   40.9079061
  21.4674718   40.9072792
  21.4650803   40.9067848
  21.4650401   40.9067706
  21.4650027   40.9066981
  21.4653217   40.9061057
  21.4655947   40.9054728
  21.465508    40.9054475
  21.4654262   40.9054188
  21.4652978   40.9053692
  21.464547    40.9068133
  21.4644633   40.9068254
  21.4622678   40.9077661
  21.4611857   40.9082586
  21.4610918   40.9083559
  21.4599975   40.9087674
  21.4592684   40.9090979
  21.458445    40.9094344
  21.4574065   40.9098883
  21.4554967   40.9107093
  21.4535848   40.9115019
  21.4520184   40.9121668
  21.4503522   40.9128701
  21.4494457   40.9132369
  21.4488588   40.9135087
  21.4488427   40.9134762
  21.4482177   40.9137316
  21.4481019   40.9138146
  21.4479227   40.9138958
  21.4467769   40.9143741
  21.4453317   40.914968
  21.4439396   40.9155457
  21.4418899   40.9164151
  21.4410294   40.9168024
  21.4408712   40.9168409
  21.44056     40.9168591
  21.4400043   40.9168955
  21.4400123   40.9168529
  21.4399399   40.916857
  21.4397096   40.9168883
  21.4400404   40.9165091
  21.4404786   40.9160793
  21.4405136   40.9159683
  21.4405626   40.9156195
  21.4407374   40.9149572
  21.4405304   40.9149402
  21.4399842   40.915073
  21.4397763   40.9152284
  21.4393634   40.9152078
  21.4387864   40.9153011
  21.4384556   40.915209
  21.4382839   40.9152076
  21.4382266   40.9152357
  21.4383703   40.9153342
  21.4383049   40.9157097
  21.4381796   40.916197
  21.4380895   40.9168422
  21.437328    40.9169422
  21.4367003   40.9169929
  21.435555    40.9170152
  21.4342944   40.9170618
  21.4333529   40.9170902
  21.4331732   40.9171408
  21.4327119   40.917153
  21.4318938   40.9171652
  21.4314888   40.9171408
  21.4303462   40.9172037
  21.4291526   40.9172483
  21.4287074   40.9172341
  21.4269854   40.9172928
  21.4254592   40.9173678
  21.4242683   40.9174104
  21.4236021   40.9174447
  21.4234673   40.917477
  21.4223505   40.9175255
  21.4209281   40.9176013
  21.4187597   40.9176946
  21.417484    40.9176586
  21.4173882   40.9176559
  21.4173393   40.9176494
  21.4172921   40.9176432
  21.4171399   40.9176199
  21.4162477   40.9169623
  21.4145641   40.915795
  21.413974    40.9153977
  21.4136146   40.9151444
  21.4135739   40.9151787
  21.4133601   40.9150241
  21.4125873   40.9144654
  21.4126329   40.9144289
  21.4105488   40.9129512
  21.4095161   40.912254
  21.4095403   40.9122094
  21.4084781   40.9114979
  21.4072229   40.9105979
  21.4065067   40.9101317
  21.4059139   40.9097019
  21.4058565   40.9096887
  21.405694    40.9096513
  21.4048974   40.9090654
  21.4022313   40.9072188
  21.4021642   40.9072796
  21.400233    40.9059214
  21.3990582   40.9051186
  21.3982911   40.9045976
  21.3977731   40.9042214
  21.3975347   40.9040482
  21.3964672   40.9033002
  21.395397    40.9025602
  21.3952173   40.902469
  21.3950617   40.902319
  21.39408     40.9016763
  21.3939432   40.9015527
  21.3934175   40.9012323
  21.3931198   40.9009708
  21.3924922   40.9005431
  21.3909955   40.8994969
  21.3908748   40.899428
  21.3907809   40.8993408
  21.3904805   40.8991259
  21.3903839   40.8990793
  21.390392    40.8990631
  21.3894693   40.8984468
  21.3892091   40.8983089
  21.3891045   40.898246
  21.3890938   40.8981933
  21.3883963   40.8977018
  21.3882623   40.8976074
  21.388155    40.8975547
  21.3880746   40.8974878
  21.3876508   40.89721
  21.3870446   40.8967762
  21.3865484   40.8964254
  21.3859771   40.8960219
  21.384982    40.8953427
  21.3844831   40.8949818
  21.3837348   40.8944749
  21.3827906   40.8938221
  21.3822569   40.8934571
  21.3820074   40.8932909
  21.3812671   40.8927738
  21.3806744   40.8923764
  21.379977    40.8918776
  21.3790409   40.8912268
  21.3785259   40.8908334
  21.3782818   40.8907138
  21.3767261   40.889702
  21.3765706   40.8896472
  21.3765353   40.8895822
  21.3763771   40.8895356
  21.3763158   40.8894546
  21.3762      40.8894119
  21.3761276   40.8893268
  21.3758786   40.889193
  21.3758755   40.8891625
  21.3757471   40.8890754
  21.3755272   40.8889051
  21.3753954   40.8887671
  21.3752613   40.8887022
  21.3750547   40.8885542
  21.3749769   40.8884589
  21.3750819   40.888388
  21.3742822   40.8878242
  21.3738884   40.8875567
  21.372853    40.886847
  21.3723112   40.8864617
  21.3712303   40.8857175
  21.3707846   40.8854416
  21.3706237   40.8853524
  21.370149    40.8850137
  21.3698405   40.8847704
  21.3698302   40.8847299
  21.3688213   40.8839998
  21.3684028   40.8837484
  21.3682285   40.8836145
  21.3680247   40.8834847
  21.3677854   40.8833167
  21.3673905   40.883035
  21.3667909   40.8826475
  21.3665113   40.8824509
  21.366383    40.8823596
  21.366332    40.88227
  21.3663296   40.8822207
  21.3662536   40.8822139
  21.3661881   40.8821992
  21.3659994   40.8820956
  21.365954    40.8820328
  21.3659007   40.8819578
  21.365713    40.8818706
  21.3653589   40.8816699
  21.3648052   40.8813651
  21.3645309   40.8812028
  21.3645195   40.881127
  21.3644088   40.8809407
  21.3643308   40.8809162
  21.3642191   40.8808546
  21.3641337   40.880902
  21.3640776   40.8808937
  21.3641051   40.8807957
  21.3641831   40.880562
  21.3641031   40.8805427
  21.363983    40.8806108
  21.3639111   40.8805733
  21.3637996   40.8806546
  21.363748    40.8806568
  21.3636378   40.8805942
  21.3635832   40.8806096
  21.3634566   40.8805594
  21.3633536   40.8804943
  21.363261    40.8804722
  21.3632063   40.8804222
  21.3633066   40.8803779
  21.3632911   40.88023
  21.3633635   40.8801806
  21.363292    40.8801335
  21.3632986   40.8800448
  21.3632715   40.8799772
  21.3631645   40.8799941
  21.3631048   40.8800461
  21.3630498   40.8801223
  21.3629834   40.880084
  21.3628534   40.8799285
  21.3627795   40.879759
  21.3628055   40.8796739
  21.3626384   40.879584
  21.3627679   40.8794744
  21.3626947   40.8793492
  21.3624864   40.8793395
  21.3624235   40.8793119
  21.3624168   40.8792488
  21.3622856   40.8792579
  21.3621748   40.8792129
  21.3620683   40.8792393
  21.3619634   40.8792141
  21.3619206   40.8792491
  21.3618367   40.8792038
  21.3618118   40.8791502
  21.3617017   40.8791193
  21.3616005   40.8791768
  21.3615486   40.8791366
  21.3616347   40.879044
  21.3615616   40.8790056
  21.3615424   40.8789695
  21.3615371   40.8789293
  21.3613873   40.8789316
  21.3613072   40.8788712
  21.361001    40.8788416
  21.3607769   40.8787907
  21.360152    40.8786119
  21.360077    40.8785679
  21.3600367   40.8785902
  21.3599602   40.8785459
  21.3599806   40.878494
  21.3599127   40.8784539
  21.3598379   40.87846
  21.3596554   40.8783538
  21.3596326   40.8782951
  21.3594979   40.8782157
  21.3592422   40.8782189
  21.3591547   40.8781696
  21.359015    40.8779751
  21.3589751   40.8779195
  21.3589172   40.8779262
  21.3588712   40.8779289
  21.3588141   40.8778482
  21.3588327   40.8777428
  21.3587107   40.8777292
  21.358666    40.8776579
  21.3586927   40.8776084
  21.3586537   40.8775907
  21.3586147   40.8776258
  21.3585225   40.8775792
  21.3584545   40.8775973
  21.3577388   40.8776448
  21.3576968   40.8776967
  21.3576142   40.8777018
  21.3575745   40.8777312
  21.3575769   40.8777686
  21.3574943   40.8778019
  21.3573472   40.8778613
  21.3571431   40.8778714
  21.3570924   40.8778212
  21.357001    40.877791
  21.3569647   40.8777215
  21.3567305   40.8778229
  21.3564893   40.8779301
  21.3563523   40.8779864
  21.3562656   40.8780484
  21.356143    40.8780962
  21.3560872   40.878102
  21.3559711   40.8780582
  21.3558949   40.8780295
  21.3557542   40.8779838
  21.3557105   40.8779152
  21.3555918   40.8778666
  21.3556032   40.8778323
  21.3555177   40.8777989
  21.3554637   40.8778601
  21.3553898   40.8778572
  21.3553221   40.8778646
  21.3552872   40.8777958
  21.3552368   40.8777226
  21.3552091   40.8776712
  21.3551855   40.8776273
  21.35517     40.8775425
  21.3551314   40.8775356
  21.3550622   40.877591
  21.354976    40.8775627
  21.3549707   40.8775842
  21.3548121   40.8775015
  21.3546006   40.8774395
  21.3543461   40.877349
  21.3540659   40.8773093
  21.3536779   40.8772935
  21.3533911   40.8772414
  21.3532844   40.8772389
  21.3532384   40.8771873
  21.3531374   40.8772061
  21.3530858   40.8772766
  21.3529644   40.8772768
  21.3528484   40.8772177
  21.3527935   40.8772271
  21.3527324   40.8772572
  21.3526787   40.8772458
  21.3526399   40.8771714
  21.3524088   40.8771791
  21.3520683   40.8771999
  21.3519512   40.8772641
  21.3518548   40.8772409
  21.3517579   40.8772638
  21.3516777   40.8772394
  21.3513022   40.8770669
  21.3509726   40.8767838
  21.3506447   40.8767501
  21.3504912   40.8767079
  21.3503187   40.8765947
  21.3500169   40.8763563
  21.3498652   40.8761517
  21.3498484   40.8759537
  21.3492819   40.8756563
  21.3488883   40.8759409
  21.3487007   40.8760202
  21.3483743   40.8759476
  21.3483671   40.875888
  21.3481656   40.8758372
  21.3480905   40.8758088
  21.3481763   40.8757825
  21.3482299   40.8757419
  21.3481414   40.8756973
  21.3481548   40.8756446
  21.3479215   40.8755898
  21.3479215   40.8755533
  21.347769    40.8754702
  21.3477579   40.8754174
  21.3476939   40.8753871
  21.3475062   40.8754317
  21.3474311   40.8754702
  21.3473287   40.875385
  21.3474096   40.8753039
  21.3473613   40.8752025
  21.347259    40.875243
  21.3472107   40.8752024
  21.3471172   40.8751579
  21.3471463   40.8751233
  21.347069    40.875089
  21.3470739   40.8750077
  21.3469107   40.8749571
  21.3466689   40.8748901
  21.3464735   40.8748395
  21.3465647   40.8747077
  21.3461248   40.8747056
  21.3458723   40.8747055
  21.3456845   40.8746954
  21.345706    40.8746528
  21.3458052   40.8746569
  21.3458432   40.8746265
  21.345819    40.8744947
  21.3454435   40.8743548
  21.3453761   40.8742877
  21.3453144   40.8742046
  21.3451803   40.8741863
  21.3450408   40.8741275
  21.3449554   40.8741094
  21.3446251   40.873943
  21.3441154   40.8737726
  21.3440595   40.8737321
  21.343976    40.8738253
  21.3438262   40.8738295
  21.3437055   40.8738417
  21.3436809   40.8737665
  21.3435821   40.8737707
  21.3432253   40.8736977
  21.3428391   40.8736774
  21.3425249   40.8736448
  21.3423345   40.8736002
  21.3422406   40.8736063
  21.3421655   40.8737036
  21.3420743   40.8736894
  21.3420287   40.8736103
  21.341857    40.8735475
  21.3417846   40.8736124
  21.3417122   40.8735252
  21.3416076   40.8735475
  21.3415566   40.8734988
  21.3413532   40.8734806
  21.3413367   40.8735252
  21.3412191   40.873438
  21.3411677   40.8734521
  21.3410528   40.8734015
  21.340916    40.8733792
  21.3407359   40.8734217
  21.3406286   40.873371
  21.3404945   40.8733244
  21.3403339   40.8733103
  21.340252    40.8732106
  21.3400145   40.8732129
  21.3400443   40.8731622
  21.3399072   40.8730507
  21.3396926   40.8731196
  21.3397194   40.873006
  21.3396497   40.8729614
  21.3395317   40.8729614
  21.3395156   40.8728925
  21.3395424   40.8728276
  21.3393868   40.8727505
  21.3392688   40.872645
  21.339124    40.872572
  21.3389631   40.8725598
  21.3386036   40.8725031
  21.3385768   40.8724341
  21.338432    40.8724422
  21.3382818   40.8723814
  21.3377453   40.8723165
  21.3376756   40.8722191
  21.3375468   40.8721785
  21.3375468   40.8722637
  21.3373537   40.8723854
  21.3372655   40.8723591
  21.3371552   40.8724098
  21.3369246   40.8723732
  21.3368256   40.8724321
  21.3366724   40.8724098
  21.3364257   40.872499
  21.3363881   40.8724503
  21.3361306   40.8724584
  21.336136    40.872572
  21.3359912   40.872572
  21.3359751   40.8725233
  21.3357337   40.8725761
  21.335385    40.8723773
  21.3353957   40.8723002
  21.3352509   40.8721501
  21.3350524   40.8721055
  21.334929    40.8720163
  21.3348003   40.8719554
  21.334575    40.8718743
  21.3342263   40.8717486
  21.3340224   40.8717039
  21.3340385   40.8716309
  21.3338669   40.8715863
  21.3336898   40.8716593
  21.3335235   40.8715741
  21.3333894   40.8715336
  21.3333894   40.8714808
  21.3328154   40.8713632
  21.3324775   40.8712983
  21.3324399   40.8712456
  21.3315357   40.8712176
  21.3315014   40.8711151
  21.330759    40.8710119
  21.32995     40.8710565
  21.3293213   40.8708797
  21.3285016   40.8707113
  21.3278171   40.8706736
  21.3273735   40.8707618
  21.3271372   40.8706442
  21.3272051   40.8705235
  21.3270119   40.870298
  21.3269379   40.8700507
  21.3264428   40.8697156
  21.3262555   40.8697355
  21.3262091   40.869857
  21.3260015   40.8695485
  21.3258063   40.8694964
  21.3256663   40.8693848
  21.325734    40.8693083
  21.325662    40.8692718
  21.3255284   40.8694294
  21.3252959   40.8691358
  21.3249866   40.8691445
  21.3247087   40.8692751
  21.3246704   40.8691404
  21.3244456   40.8689992
  21.3239521   40.8688496
  21.3235473   40.8685982
  21.3235564   40.8683851
  21.3233145   40.8681948
  21.3230938   40.8679101
  21.322888    40.8678656
  21.3228743   40.8679814
  21.3226574   40.867939
  21.3223983   40.8677115
  21.3222363   40.8677536
  21.3220093   40.8677056
  21.3219173   40.8677825
  21.3217256   40.867779
  21.3215622   40.8675677
  21.3214622   40.8676088
  21.3212589   40.8674857
  21.3211476   40.8675906
  21.3209984   40.867633
  21.3205787   40.867389
  21.3204663   40.8670875
  21.3186421   40.8663275
  21.3188875   40.8657634
  21.3186936   40.8656301
  21.3185493   40.8653259
  21.3181218   40.8652346
  21.3169373   40.8647464
  21.3167407   40.8645575
  21.3166771   40.8644317
  21.3166785   40.8642867
  21.3163375   40.864392
  21.3160279   40.8644447
  21.315769    40.8645576
  21.3154578   40.8646934
  21.3152421   40.8647399
  21.3150538   40.8646508
  21.3150106   40.8645626
  21.3148334   40.864606
  21.3145759   40.8648703
  21.3142867   40.8650618
  21.3143337   40.865346
  21.3140145   40.865479
  21.3138643   40.8656827
  21.3138431   40.8659961
  21.3137361   40.8660166
  21.313625    40.8662109
  21.3135605   40.8663635
  21.313497    40.8664305
  21.3133945   40.8664669
  21.3131546   40.8666092
  21.3130538   40.8665949
  21.312953    40.8666624
  21.3122514   40.8666429
  21.3120393   40.866588
  21.3114621   40.8665673
  21.3113452   40.8668129
  21.3107948   40.866632
  21.3105552   40.8667942
  21.310265    40.86658
  21.3099571   40.8667798
  21.3091237   40.8671214
  21.3089282   40.8671194
  21.3078443   40.8670756
  21.3071647   40.8670125
  21.3065882   40.8669401
  21.3058774   40.8668599
  21.3054191   40.8668042
  21.3048958   40.866622
  21.30419     40.8662212
  21.3039235   40.8661186
  21.3033203   40.8660219
  21.3029096   40.8659286
  21.3024781   40.8658717
  21.3019459   40.8657867
  21.301314    40.8657405
  21.3005745   40.8656989
  21.2996894   40.8656316
  21.2992018   40.8656019
  21.2985776   40.8655674
  21.2974109   40.8655087
  21.2970364   40.8654983
  21.2961069   40.8654651
  21.2956805   40.8654503
  21.2943603   40.8654427
  21.293616    40.8654417
  21.2930865   40.8655356
  21.2924688   40.8656469
  21.2918967   40.8656893
  21.2913002   40.8656585
  21.2905993   40.8656188
  21.2901415   40.8655718
  21.2892336   40.8654192
  21.288688    40.8653162
  21.2884276   40.8652533
  21.2881813   40.8651776
  21.2878264   40.8650859
  21.2874386   40.8649841
  21.2868048   40.8648076
  21.2861289   40.8646543
  21.2856772   40.8645494
  21.2850412   40.8644165
  21.2842784   40.8643171
  21.2838718   40.8642604
  21.2834719   40.8642496
  21.2829365   40.8642257
  21.2818288   40.8640849
  21.2814072   40.8640572
  21.2809162   40.8640326
  21.2804314   40.8640232
  21.2802554   40.8640236
  21.2797192   40.8640346
  21.279208    40.8640847
  21.278841    40.8641248
  21.2782416   40.8641857
  21.2779398   40.8642439
  21.277434    40.8643632
  21.2770918   40.8644376
  21.2768608   40.8644918
  21.2765357   40.8645924
  21.275484    40.8649338
  21.2749669   40.8650782
  21.2749052   40.8651309
  21.2746402   40.8651046
  21.2743875   40.8651934
  21.27424     40.8654206
  21.2737234   40.8651346
  21.2729955   40.8649666
  21.2726867   40.8650167
  21.2722509   40.8650875
  21.2715181   40.864836
  21.2711834   40.8651167
  21.2708984   40.8650088
  21.27039     40.8648489
  21.2695547   40.8647269
  21.2689008   40.8644283
  21.2683833   40.8642275
  21.2679331   40.8640133
  21.2673043   40.8637191
  21.2666467   40.8634615
  21.2659305   40.8631358
  21.2654767   40.8628538
  21.2653185   40.8627248
  21.2651039   40.8625617
  21.2646946   40.86224
  21.2644473   40.8620469
  21.2635584   40.8615397
  21.2631432   40.8613166
  21.2627978   40.8610314
  21.2625543   40.8608985
  21.2623026   40.860653
  21.2620523   40.8605087
  21.2617444   40.8602924
  21.2612771   40.8600803
  21.2609059   40.8599213
  21.2601346   40.8597027
  21.2596613   40.8593901
  21.2589955   40.8598579
  21.2583169   40.8600648
  21.2574885   40.8603531
  21.2561631   40.8608966
  21.255273    40.861278
  21.2540924   40.8616715
  21.2525797   40.8622435
  21.2523349   40.8620954
  21.2518715   40.8620893
  21.2512263   40.862204
  21.2509113   40.8625274
  21.2506049   40.8644385
  21.2506431   40.8663694
  21.2505324   40.8667933
  21.2503642   40.8669617
  21.2501818   40.8670955
  21.2498331   40.8672253
  21.2492001   40.8675012
  21.2479747   40.8680394
  21.247462    40.8683004
  21.2471455   40.8685438
  21.2467593   40.86942
  21.2461156   40.8704585
  21.2458098   40.8710467
  21.245673    40.8712434
  21.2455523   40.8714138
  21.2453806   40.8716308
  21.2449568   40.8722271
  21.2445438   40.8725415
  21.2438089   40.8729288
  21.2430364   40.8736184
  21.2420129   40.8742505
  21.2405252   40.8747602
  21.2399679   40.874886
  21.2388039   40.8750077
  21.2370356   40.875537
  21.2363201   40.875754
  21.2348637   40.8763179
  21.2328923   40.8770906
  21.2315478   40.877555
  21.2295529   40.8780052
  21.2283559   40.8781959
  21.2264731   40.8787251
  21.2249958   40.8788225
  21.2240785   40.8788286
  21.2235468   40.8787739
  21.2226838   40.8785548
  21.2223834   40.8785365
  21.2218067   40.8786055
  21.2215492   40.8787008
  21.2213125   40.8788569
  21.2207445   40.879297
  21.2196709   40.8801387
  21.2189421   40.8808363
  21.2185156   40.8811607
  21.2180482   40.8813899
  21.2167186   40.8819192
  21.2154948   40.8822923
  21.2139827   40.8827648
  21.2114259   40.8833996
  21.2086503   40.8837425
  21.207945    40.8838376
  21.2073415   40.8838538
  21.2069218   40.8838317
  21.2064457   40.883797
  21.2058744   40.8837057
  21.2047692   40.8833734
  21.2026477   40.8825681
  21.2019126   40.8820614
  21.201092    40.8815116
  21.2005614   40.8806493
  21.19959     40.8798892
  21.1982058   40.8788024
  21.1974088   40.8783611
  21.1963518   40.8777735
  21.19591     40.8775773
  21.1947083   40.8770743
  21.1940431   40.8769445
  21.1924037   40.8768163
  21.1914166   40.8767919
  21.1895712   40.8766378
  21.1874148   40.876078
  21.1856123   40.8759888
  21.1842048   40.8757764
  21.1826706   40.8757115
  21.1816641   40.8756724
  21.1804926   40.8755411
  21.1800313   40.8754194
  21.1790228   40.8750625
  21.1787116   40.8750016
  21.1772203   40.8749732
  21.1769361   40.874924
  21.1766812   40.874811
  21.1762762   40.8744419
  21.176008    40.8740808
  21.1758095   40.8736428
  21.1755574   40.8727828
  21.175096    40.872223
  21.1747184   40.8719157
  21.1740017   40.8715375
  21.1735564   40.8712495
  21.1723334   40.8706654
  21.1720329   40.8705153
  21.1713302   40.8700934
  21.1706757   40.8696147
  21.1703861   40.8691969
  21.170316    40.8689919
  21.1702573   40.8685478
  21.1702359   40.8674485
  21.1701071   40.8672091
  21.1697531   40.8668602
  21.1688572   40.8662923
  21.1674513   40.8654847
  21.166749    40.8651807
  21.1636827   40.8641521
  21.1625218   40.8640164
  21.1619586   40.8638622
  21.1614329   40.8636553
  21.1612183   40.8635214
  21.1608428   40.8631563
  21.1602094   40.8621582
  21.1588472   40.8606856
  21.1584288   40.8600973
  21.1579621   40.8592412
  21.1577203   40.8588841
  21.1570501   40.8581133
  21.1563635   40.8576346
  21.1555531   40.8573957
  21.1547663   40.8571709
  21.1533326   40.8568312
  21.1521149   40.8567095
  21.1513531   40.8567257
  21.1501068   40.8569384
  21.1494058   40.8570462
  21.1485261   40.8571639
  21.1480057   40.857168
  21.1474317   40.8571112
  21.1469221   40.8569407
  21.1464286   40.8566648
  21.145184    40.8557276
  21.1449426   40.8556018
  21.1436173   40.8550501
  21.143108    40.8549161
  21.1425126   40.8548999
  21.1395407   40.8552164
  21.1389828   40.8551352
  21.1376484   40.8547351
  21.1367404   40.854624
  21.1360967   40.8546159
  21.134132    40.8549154
  21.1335193   40.8548928
  21.1326005   40.854785
  21.1306578   40.8554344
  21.1302057   40.8554262
  21.129932    40.8553762
  21.1290333   40.8552571
  21.1275784   40.8548679
  21.1266346   40.8547974
  21.1255774   40.8545802
  21.1249554   40.8540955
  21.1244722   40.8540418
  21.1241523   40.8540924
  21.1231744   40.8539832
  21.1229493   40.8540341
  21.1226017   40.8539962
  21.1218795   40.8539253
  21.1215376   40.8538529
  21.1211491   40.8536596
  21.1196896   40.8537126
  21.1182496   40.8537194
  20.9797154   40.852478
  20.9842856   40.8014466
  20.9843081   40.8010457
  20.9844801   40.7979742
  20.9850793   40.7950798
  20.9851044   40.7943416
  20.9849551   40.7932437
  20.9842324   40.7911425
  20.9831265   40.7889124
  20.9826032   40.7879091
  20.9812821   40.7866785
  20.9800108   40.7857319
  20.9797868   40.7845583
  20.9790038   40.7830869
  20.9775083   40.7817616
  20.9758382   40.7812123
  20.9741681   40.7806441
  20.97362     40.7794893
  20.9697226   40.7778096
  20.9683328   40.7770953
  20.9654357   40.7759723
  20.9639901   40.7754418
  20.9625048   40.7736122
  20.9602372   40.772116
  20.9556913   40.7703043
  20.9561014   40.7701353
  20.9588585   40.7706877
  20.9604073   40.7706041
  20.9618561   40.7703206
  20.964071    40.7692913
  20.9674974   40.7670285
  20.9692682   40.7647765
  20.9715373   40.7624299
  20.9728335   40.7618624
  20.975276    40.7619008
  20.9774586   40.7622383
  20.9784306   40.7621438
  20.9803747   40.7620306
  20.9827173   40.7625988
  20.9827425   40.7615388
  20.9836399   40.7593842
  20.9844627   40.757889
  20.984762    40.7567344
  20.9849362   40.753881
  20.9848866   40.7524613
  20.9849912   40.749503
  20.9846104   40.7469141
  20.9843104   40.7445233
  20.9833663   40.7428793
  20.9832262   40.7419199
  20.9833267   40.7407016
  20.9833872   40.7393921
  20.9833668   40.7382529
  20.9835473   40.7376438
  20.9837511   40.73705
  20.9842183   40.7366389
  20.985936    40.7358722
  20.9865951   40.7352824
  20.9885039   40.7321242
  20.9895847   40.7316498
  20.9912621   40.731274
  20.9945925   40.7304015
  20.9957658   40.7298537
  20.9963238   40.7292226
  20.9971125   40.7284824
  20.9977464   40.7282768
  20.9984033   40.7280897
  20.9998683   40.7275155
  21.0027565   40.7263281
  21.0039503   40.725698
  21.0065828   40.724756
  21.0080808   40.7234373
  21.0101998   40.7215954
  21.0137243   40.7186235
  21.0147404   40.7177825
  21.0179946   40.7149444
  21.0212946   40.7120114
  21.0250972   40.7089491
  21.026641    40.7068163
  21.0273451   40.70584
  21.0281954   40.7045966
  21.0307506   40.7011448
  21.03161     40.6999681
  21.0321375   40.6992244
  21.0338884   40.6965785
  21.034824    40.6952293
  21.0356793   40.6940035
  21.0369939   40.6921045
  21.038012    40.6905883
  21.0383722   40.690054
  21.0412797   40.6857405
  21.04299     40.6834422
  21.0462629   40.6799044
  21.048113    40.6778782
  21.0525129   40.6732516
  21.0540623   40.671453
  21.055602    40.6697782
  21.0573064   40.6677684
  21.0574335   40.6661847
  21.0565929   40.6628146
  21.0555102   40.6565711
  21.0541418   40.6479921
  21.0535405   40.6442004
  21.0525449   40.6377117
  21.0520248   40.6354671
  21.0519843   40.634648
  21.0552714   40.6287552
  21.0557468   40.627565
  21.0559704   40.6235495
  21.0559868   40.6232042
  21.0560124   40.6226908
  21.0562598   40.6209413
  21.0564422   40.6196365
  21.0565055   40.6183658
  21.0565724   40.6177384
  21.0566386   40.617395
  21.0566242   40.6172236
  21.0566276   40.6169775
  21.0558483   40.6167352
  21.0551675   40.6166685
  21.0524516   40.6162691
  21.0501939   40.6162397
  21.0478705   40.6151943
  21.045266    40.6139581
  21.0447405   40.6135855
  21.0450827   40.6127964
  21.0467018   40.6101215
  21.0471186   40.6089674
  21.0470204   40.6078382
  21.0461884   40.60477
  21.0469901   40.6038831
  21.0481467   40.6029102
  21.0483037   40.6023279
  21.0461099   40.5973153
  21.0454368   40.5948821
  21.0453146   40.594246
  21.0450389   40.5942657
  21.043363    40.5943851
  21.0426485   40.5943029
  21.0421995   40.5939338
  21.0414688   40.5928559
  21.0402445   40.5920948
  21.0401646   40.5917308
  21.0439412   40.5828499
  21.0462949   40.5782516
  21.0461936   40.5757775
  21.0464109   40.5737792
  21.047139    40.5728168
  21.0471387   40.5723913
  21.046701    40.5717254
  21.0440981   40.5680841
  21.0426395   40.5663085
  21.0426557   40.5651098
  21.0432866   40.5640919
  21.0433591   40.5634999
  21.0431399   40.5625009
  21.0428963   40.5614649
  21.042556    40.561169
  21.0416329   40.5609288
  21.0412971   40.5605636
  21.0414182   40.5600085
  21.0417093   40.5595089
  21.0423891   40.5589166
  21.0433604   40.5586387
  21.0427772   40.5581024
  21.0420241   40.5578621
  21.0406151   40.5575296
  21.037724    40.556254
  21.036558    40.5558288
  21.0360484   40.5568096
  21.0354413   40.5568652
  21.0348825   40.5566619
  21.0348092   40.5557923
  21.0343717   40.5552374
  21.033643    40.5550711
  21.0329955   40.5544493
  21.0319267   40.5541906
  21.0307367   40.5543389
  21.0297168   40.5546537
  21.0268543   40.5549646
  21.0260481   40.5552105
  21.0258069   40.5571914
  21.0253231   40.557253
  21.0248796   40.5570995
  21.024315    40.5567004
  21.0239925   40.5570076
  21.022904    40.5571306
  21.0204244   40.5571157
  21.0194769   40.5570391
  21.0189527   40.5567628
  21.0188718   40.5557493
  21.0184886   40.5553194
  21.0182668   40.5551505
  21.0168155   40.5553657
  21.0139188   40.5547785
  21.0130721   40.5546558
  21.0127293   40.5543026
  21.0129308   40.5537191
  21.0130315   40.5533352
  21.01285     40.5530742
  21.0119228   40.5532585
  21.0101995   40.5515596
  21.00899     40.5512987
  21.0074177   40.5511299
  21.0058253   40.5515906
  21.0045955   40.5496251
  21.0030336   40.5478037
  21.0023281   40.5471127
  21.0016226   40.5467595
  21.0019451   40.5457307
  21.0018443   40.5445022
  21.0014616   40.5439058
  21.0008166   40.5437369
  21.0000306   40.5435679
  20.9993453   40.5431073
  20.9991035   40.5415717
  20.9987395   40.5402403
  20.9991023   40.5389658
  20.9999286   40.5371691
  21.0001729   40.5361439
  20.9999916   40.5354375
  20.9994071   40.5347465
  20.9985503   40.5337067
  20.9973199   40.5334411
  20.9959258   40.5331475
  20.9948253   40.5325185
  20.993523    40.5318894
  20.9919456   40.5310926
  20.9902583   40.53017
  20.988851    40.5293761
  20.9859533   40.5278383
  20.9837893   40.5267058
  20.9813135   40.5255034
  20.9796514   40.5246666
  20.9784962   40.5239116
  20.9779646   40.5229191
  20.9772618   40.5214472
  20.9769567   40.5208083
  20.9763665   40.5199699
  20.9754682   40.5191311
  20.974753    40.5190331
  20.9740561   40.519033
  20.9732307   40.5193682
  20.972552    40.5197734
  20.9710846   40.5203461
  20.970406    40.5204857
  20.9699109   40.5204297
  20.9693976   40.5199124
  20.9682427   40.5188218
  20.9679181   40.5185122
  20.9678449   40.5181627
  20.9679001   40.5177714
  20.9681573   40.5167511
  20.9682126   40.5162619
  20.9681211   40.5158146
  20.9677914   40.5149898
  20.9673881   40.5143212
  20.9668753   40.5128954
  20.9663073   40.5120566
  20.9658491   40.511693
  20.965244    40.511567
  20.964804    40.5114271
  20.964584    40.5112174
  20.9645842   40.5109378
  20.9647855   40.5101435
  20.9647311   40.5088435
  20.9644383   40.5078231
  20.964347    40.5071801
  20.9643838   40.5068167
  20.9646959   40.5062018
  20.9648977   40.5059362
  20.96554     40.5051126
  20.966916    40.5034496
  20.9672096   40.5029325
  20.9672282   40.5023874
  20.9670085   40.5016745
  20.9670088   40.5011294
  20.9669734   40.5005017
  20.9671019   40.5000964
  20.9673954   40.4998728
  20.9678723   40.4995125
  20.969231    40.4976536
  20.9693341   40.4971826
  20.9693345   40.4963975
  20.9684091   40.4934532
  20.9683066   40.4925896
  20.9690798   40.4903524
  20.9691833   40.489214
  20.9687719   40.4883503
  20.9670682   40.4868664
  20.9644438   40.4849421
  20.9626425   40.4843135
  20.9606866   40.4840381
  20.9600692   40.4834883
  20.9588352   40.4812112
  20.9573952   40.4792479
  20.9560583   40.4772455
  20.9551609   40.4764707
  20.9537201   40.4759206
  20.9538753   40.4748215
  20.9535159   40.4735653
  20.9538252   40.4728981
  20.9544947   40.4722703
  20.9547529   40.470975
  20.9549077   40.4702685
  20.9559371   40.4700726
  20.9566578   40.4698766
  20.9565036   40.4695233
  20.9554747   40.4689733
  20.948786    40.4668901
  20.9399679   40.4646211
  20.9318907   40.4625754
  20.9301403   40.4632809
  20.9275671   40.4635149
  20.9249412   40.4648086
  20.9231914   40.4648859
  20.9222644   40.4655526
  20.9210791   40.466965
  20.9200497   40.4671213
  20.9186087   40.4671595
  20.9178877   40.4675516
  20.9174225   40.4692391
  20.9166204   40.4711085
  20.9161048   40.4719325
  20.9158306   40.4720517
  20.9153838   40.472246
  20.9141487   40.4722058
  20.9131707   40.4723228
  20.9119857   40.4733033
  20.9100793   40.474872
  20.9084824   40.4758913
  20.9075125   40.4760976
  20.9071953   40.4761651
  20.9062688   40.4761643
  20.9049311   40.47581
  20.9028735   40.4749839
  20.9014327   40.4747864
  20.8996313   40.4748241
  20.897315    40.4749399
  20.8955654   40.474742
  20.894279    40.4745446
  20.8930606   40.4745859
  20.8923396   40.47486
  20.8916191   40.4747808
  20.8905896   40.4748584
  20.8888386   40.475524
  20.8883239   40.4755628
  20.8871407   40.4752084
  20.8865241   40.4745797
  20.8859078   40.473794
  20.8850333   40.4735184
  20.8827172   40.4735553
  20.8808641   40.4737104
  20.8788052   40.4738653
  20.8771588   40.4735495
  20.8748941   40.4735863
  20.8747416   40.4725656
  20.8742289   40.4715444
  20.8735526   40.4712468
  20.8720957   40.4710342
  20.8709318   40.4710329
  20.8691012   40.471834
  20.8681579   40.4723825
  20.8640615   40.4737068
  20.8611763   40.4751829
  20.8577896   40.477842
  20.8554042   40.4787268
  20.8540737   40.4788097
  20.8510257   40.4785099
  20.8483091   40.4787177
  20.8462008   40.4796027
  20.8442591   40.4802764
  20.8435384   40.4803177
  20.8426519   40.4801474
  20.8418782   40.4791318
  20.8412171   40.47744
  20.8396125   40.4762119
  20.8385609   40.4755763
  20.838488    40.4753099
  20.8379382   40.4733018
  20.837386    40.4724556
  20.8355026   40.4720302
  20.8351157   40.4715646
  20.8348423   40.4700424
  20.8344581   40.46852
  20.833924    40.4679379
  20.833021    40.4669538
  20.831696    40.4649228
  20.8314824   40.4605317
  20.8312166   40.4560503
  20.8311266   40.4557387
  20.8306672   40.4541472
  20.828901    40.4514391
  20.8261396   40.4479263
  20.8240435   40.4470005
  20.8217185   40.4462782
  20.8213879   40.4455591
  20.8218341   40.4444607
  20.8241125   40.4418009
  20.8241694   40.4412092
  20.8238385   40.4406591
  20.8214592   40.4395564
  20.8188033   40.4383686
  20.8154824   40.4387814
  20.8127079   40.4404679
  20.8120978   40.4407205
  20.811434    40.4403812
  20.8096088   40.4393214
  20.8049644   40.4361854
  20.8027522   40.4349557
  20.8003148   40.4349516
  20.7975455   40.4348199
  20.7968269   40.4343114
  20.7946157   40.4328279
  20.792569    40.4318942
  20.7895248   40.4302855
  20.7893658   40.4301868
  20.7872029   40.428844
  20.7862668   40.4271091
  20.7859954   40.4253753
  20.7869479   40.4219107
  20.7881217   40.4184886
  20.7906096   40.4161795
  20.7912147   40.4154716
  20.7917793   40.4148741
  20.7921631   40.4142609
  20.7923052   40.4138008
  20.7922261   40.4134016
  20.7921469   40.4130025
  20.7919669   40.4126952
  20.7918096   40.4117639
  20.7917918   40.4109965
  20.791774    40.4102752
  20.7917163   40.4094311
  20.791557    40.408955
  20.7913374   40.4084482
  20.7910569   40.4081714
  20.7900472   40.4073437
  20.7896678   40.4065604
  20.7893889   40.4057925
  20.7889103   40.4045946
  20.7885919   40.4035812
  20.788392    40.40291
  20.7880917   40.4025411
  20.7877723   40.4018499
  20.7876332   40.4013433
  20.7874134   40.4009438
  20.7871537   40.4004676
  20.7870343   40.4000837
  20.7869549   40.3997767
  20.7869156   40.3995003
  20.7871383   40.398979
  20.7874013   40.398427
  20.7882927   40.3962611
  20.7884158   40.3954634
  20.7882976   40.3946958
  20.7883996   40.3942049
  20.7886038   40.3931617
  20.7888676   40.3923488
  20.7891517   40.3914285
  20.7894989   40.3905124
  20.7898433   40.3895923
  20.7900868   40.3888407
  20.7902089   40.3883192
  20.7904125   40.3874601
  20.7904952   40.3867236
  20.7904964   40.3863246
  20.7905188   40.3857884
  20.7907621   40.3850675
  20.7914078   40.3841632
  20.7916297   40.3838567
  20.7916331   40.3827671
  20.7916351   40.3821072
  20.7915565   40.3815392
  20.7910782   40.3802953
  20.7906991   40.3792355
  20.7905811   40.3784373
  20.790403    40.3775469
  20.7905075   40.3762579
  20.79051     40.3754446
  20.7905716   40.3749735
  20.7905923   40.3748155
  20.7908159   40.3739718
  20.790909    40.3733836
  20.7909288   40.3732585
  20.7909841   40.3718394
  20.7910461   40.3712717
  20.7910298   40.3700439
  20.7904277   40.3684229
  20.7900511   40.3674551
  20.7899535   40.3670724
  20.7896579   40.3648621
  20.7899664   40.3634303
  20.7901742   40.3616372
  20.7884347   40.3610798
  20.7878818   40.3605966
  20.7870144   40.3599937
  20.7853566   40.3585952
  20.7845524   40.3580848
  20.7838694   40.3574864
  20.7832275   40.3572703
  20.781983    40.3570838
  20.7811998   40.3570824
  20.7806168   40.3572501
  20.7791704   40.3573854
  20.7778252   40.3572908
  20.7770686   40.3569509
  20.776689    40.3563516
  20.7764303   40.3556298
  20.7758507   40.3548
  20.7757312   40.3544928
  20.7755314   40.3541855
  20.775413    40.353556
  20.7753739   40.3532337
  20.7753959   40.3526506
  20.7754588   40.3520392
  20.7757409   40.3517328
  20.7763663   40.3508746
  20.7770927   40.3497864
  20.7784613   40.3488528
  20.7790849   40.3484857
  20.7795676   40.3482564
  20.7796485   40.3480878
END
END
