polygon
1
  22.8405732   36.4243042
  22.8765457   36.4351883
  22.9439009   36.4282957
  23.0066705   36.4056807
  23.039095    36.393996
  23.1225046   36.3479844
  23.1238177   36.3474975
  23.1252475   36.3469451
  23.1266663   36.3463743
  23.1280736   36.3457855
  23.1294691   36.3451788
  23.1308525   36.3445543
  23.1311397   36.3444222
  23.1324945   36.3437877
  23.1338369   36.3431361
  23.1351663   36.3424677
  23.1364826   36.3417825
  23.1377853   36.3410807
  23.1390742   36.3403625
  23.140349    36.3396282
  23.1416093   36.3388777
  23.1428548   36.3381115
  23.1440852   36.3373295
  23.1453002   36.3365321
  23.1464995   36.3357194
  23.1476828   36.3348917
  23.1488499   36.334049
  23.1500004   36.3331917
  23.1511341   36.33232
  23.1522506   36.331434
  23.1533497   36.330534
  23.1544311   36.3296202
  23.1546598   36.3294207
  23.1547546   36.3293648
  23.1559926   36.3286102
  23.1572158   36.3278402
  23.158424    36.327055
  23.1596169   36.3262548
  23.1607942   36.3254396
  23.1619557   36.3246099
  23.1631009   36.3237656
  23.1642298   36.3229071
  23.1645034   36.3226958
  23.1656164   36.3218225
  23.1667125   36.3209353
  23.1677913   36.3200345
  23.1688525   36.3191203
  23.169896    36.3181929
  23.1709214   36.3172525
  23.1719286   36.3162993
  23.1729172   36.3153336
  23.173887    36.3143556
  23.1748379   36.3133655
  23.1757694   36.3123637
  23.1766816   36.3113502
  23.177574    36.3103255
  23.1784466   36.3092896
  23.179299    36.3082429
  23.1801311   36.3071857
  23.1809427   36.3061181
  23.1817336   36.3050404
  23.1825035   36.303953
  23.1832524   36.302856
  23.18398     36.3017497
  23.1842697   36.3013008
  23.1849862   36.3001688
  23.1856805   36.2990278
  23.1863522   36.2978781
  23.1870014   36.29672
  23.1876278   36.2955537
  23.1882313   36.2943796
  23.1886442   36.2935388
  23.1888078   36.2934111
  23.1899166   36.2925176
  23.1910077   36.2916101
  23.1920811   36.290689
  23.1931364   36.2897543
  23.1941733   36.2888064
  23.1951917   36.2878455
  23.1961912   36.2868718
  23.1971716   36.2858855
  23.1981326   36.284887
  23.1990741   36.2838764
  23.1999958   36.282854
  23.2008974   36.28182
  23.2017788   36.2807747
  23.2026397   36.2797184
  23.2034799   36.2786513
  23.2042992   36.2775736
  23.2050975   36.2764858
  23.2058744   36.2753879
  23.2066299   36.2742803
  23.2073636   36.2731633
  23.2080756   36.272037
  23.2087655   36.2709019
  23.2094332   36.2697582
  23.2100785   36.2686062
  23.2107013   36.2674461
  23.2113015   36.2662783
  23.2118788   36.2651029
  23.2124331   36.2639204
  23.2129644   36.262731
  23.2134724   36.261535
  23.213957    36.2603327
  23.2144182   36.2591244
  23.2148558   36.2579104
  23.2152697   36.2566909
  23.2156597   36.2554664
  23.2160259   36.254237
  23.2163681   36.2530032
  23.2166862   36.2517651
  23.2169802   36.2505232
  23.2172499   36.2492776
  23.2174953   36.2480288
  23.2177164   36.246777
  23.2179131   36.2455225
  23.2180043   36.2449017
  23.2180972   36.2442466
  23.2181374   36.2439523
  23.2182965   36.2426972
  23.2184312   36.2414402
  23.2185415   36.2401817
  23.2186273   36.2389218
  23.2186887   36.2376611
  23.2187255   36.2363997
  23.2187378   36.2351379
  23.2187256   36.2338762
  23.2186889   36.2326147
  23.2186277   36.2313539
  23.2185419   36.2300939
  23.2184963   36.2295076
  23.2183868   36.2282548
  23.218253    36.2270036
  23.218095    36.2257542
  23.2179129   36.2245069
  23.2177067   36.223262
  23.2174764   36.2220199
  23.2172222   36.2207808
  23.2169441   36.219545
  23.2168556   36.2191685
  23.2165467   36.2179096
  23.2162131   36.2166548
  23.2158547   36.2154045
  23.2154716   36.2141589
  23.2153048   36.2136513
  23.2152172   36.2128478
  23.2150547   36.2115855
  23.2148676   36.2103254
  23.2146558   36.2090678
  23.2144196   36.207813
  23.2141588   36.2065614
  23.2138737   36.2053132
  23.2135642   36.2040688
  23.2132304   36.2028285
  23.2128725   36.2015925
  23.2124905   36.2003612
  23.2120844   36.199135
  23.2116545   36.197914
  23.2112008   36.1966986
  23.2107235   36.1954891
  23.2102225   36.1942858
  23.2096982   36.193089
  23.2091505   36.191899
  23.2085796   36.1907161
  23.2079858   36.1895406
  23.2073691   36.1883728
  23.2067296   36.1872129
  23.2060676   36.1860613
  23.2053831   36.1849183
  23.2046765   36.183784
  23.2039478   36.1826589
  23.2031972   36.1815432
  23.2024249   36.1804371
  23.2016311   36.179341
  23.2008161   36.1782552
  23.1999799   36.1771797
  23.1991228   36.1761151
  23.1982451   36.1750615
  23.1973469   36.1740191
  23.1973099   36.1739769
  23.1963944   36.1729493
  23.195459    36.1719334
  23.1945039   36.1709294
  23.1935294   36.1699377
  23.1925357   36.1689585
  23.1915231   36.167992
  23.1904918   36.1670384
  23.1894421   36.166098
  23.1883742   36.165171
  23.1872884   36.1642577
  23.186185    36.1633582
  23.1850642   36.1624729
  23.1839264   36.1616018
  23.1827717   36.1607453
  23.1819772   36.1601743
  23.182386    36.1595976
  23.1829103   36.1590146
  23.183817    36.1579721
  23.1847031   36.1569181
  23.1855685   36.1558529
  23.1864129   36.1547768
  23.1872362   36.1536901
  23.187269    36.153646
  23.1880644   36.1525579
  23.1888386   36.1514599
  23.1895913   36.1503521
  23.1903225   36.149235
  23.1910319   36.1481087
  23.1917193   36.1469736
  23.1923847   36.1458299
  23.1930277   36.1446779
  23.1936483   36.1435179
  23.1942463   36.1423502
  23.1948216   36.141175
  23.1953739   36.1399926
  23.1959033   36.1388034
  23.1964095   36.1376076
  23.1968924   36.1364056
  23.197352    36.1351975
  23.197788    36.1339838
  23.1982004   36.1327647
  23.1985892   36.1315404
  23.1989541   36.1303114
  23.1992951   36.1290779
  23.1996121   36.1278402
  23.1999051   36.1265987
  23.2001739   36.1253535
  23.2004186   36.1241051
  23.2006389   36.1228538
  23.200835    36.1215997
  23.2010067   36.1203433
  23.201154    36.1190849
  23.2012769   36.1178248
  23.2013753   36.1165632
  23.2014492   36.1153005
  23.2014986   36.114037
  23.2015235   36.1127731
  23.2015238   36.1115089
  23.2014996   36.1102449
  23.2014509   36.1089813
  23.2013777   36.1077185
  23.2013376   36.1071262
  23.2012397   36.1058629
  23.2011173   36.104601
  23.2009705   36.1033408
  23.2007991   36.1020826
  23.2006034   36.1008266
  23.2003832   36.0995733
  23.2001388   36.098323
  23.1998701   36.0970758
  23.1995772   36.0958322
  23.1992602   36.0945924
  23.1989191   36.0933568
  23.1985541   36.0921257
  23.1981652   36.0908993
  23.1977526   36.089678
  23.1973163   36.088462
  23.1968564   36.0872518
  23.1963731   36.0860474
  23.1958664   36.0848494
  23.1953366   36.0836579
  23.1947836   36.0824732
  23.1942077   36.0812957
  23.1936091   36.0801256
  23.1929878   36.0789632
  23.1923439   36.0778089
  23.1916778   36.0766628
  23.1909895   36.0755253
  23.1902791   36.0743967
  23.189547    36.0732771
  23.1887932   36.0721671
  23.1880179   36.0710666
  23.1872214   36.0699762
  23.1864038   36.068896
  23.1855653   36.0678262
  23.1847061   36.0667672
  23.1838265   36.0657193
  23.1829267   36.0646826
  23.1820068   36.0636574
  23.1810671   36.062644
  23.1801079   36.0616427
  23.1791294   36.0606536
  23.1781318   36.059677
  23.1771153   36.0587133
  23.1760803   36.0577625
  23.1750269   36.0568249
  23.1739555   36.0559009
  23.1728662   36.0549905
  23.1717594   36.0540941
  23.1706354   36.0532118
  23.1694943   36.0523438
  23.1683366   36.0514904
  23.1671624   36.0506519
  23.1659721   36.0498283
  23.1659286   36.0497987
  23.164719    36.048988
  23.1634939   36.0481929
  23.1622534   36.0474134
  23.1609979   36.0466499
  23.1597277   36.0459023
  23.1584431   36.0451711
  23.1571444   36.0444562
  23.1558319   36.043758
  23.1545061   36.0430766
  23.1531671   36.0424121
  23.1518154   36.0417647
  23.1504512   36.0411346
  23.149075    36.0405219
  23.147687    36.0399268
  23.1462875   36.0393495
  23.144877    36.03879
  23.1434558   36.0382485
  23.1420243   36.0377252
  23.1405827   36.0372202
  23.1391315   36.0367336
  23.137671    36.0362655
  23.1362015   36.035816
  23.1347235   36.0353853
  23.1332373   36.0349735
  23.1317433   36.0345806
  23.1302418   36.0342068
  23.1287332   36.0338521
  23.1272179   36.0335167
  23.1256962   36.0332006
  23.1241686   36.0329039
  23.1226354   36.0326267
  23.121097    36.032369
  23.1195538   36.032131
  23.1180061   36.0319126
  23.1164544   36.0317139
  23.114899    36.031535
  23.1133403   36.031376
  23.1117787   36.0312368
  23.1117315   36.0312329
  23.1101611   36.0311131
  23.1085886   36.0310134
  23.1070143   36.0309339
  23.1054386   36.0308744
  23.103862    36.0308351
  23.1022848   36.030816
  23.1007074   36.030817
  23.0991303   36.0308381
  23.0975537   36.0308795
  23.0959782   36.0309409
  23.0944041   36.0310225
  23.0928317   36.0311242
  23.0912615   36.031246
  23.089694    36.0313878
  23.0881293   36.0315496
  23.0865681   36.0317314
  23.0850105   36.0319331
  23.0834571   36.0321548
  23.0819083   36.0323962
  23.0803643   36.0326574
  23.0788257   36.0329383
  23.0772927   36.0332388
  23.0757658   36.0335588
  23.0742453   36.0338984
  23.0727317   36.0342573
  23.0712253   36.0346355
  23.070588    36.0348045
  23.0695375   36.0339662
  23.0684226   36.0331035
  23.0672912   36.0322549
  23.0661438   36.0314205
  23.0649806   36.0306005
  23.0638018   36.0297951
  23.0626065   36.0289912
  23.0614186   36.0282046
  23.0602158   36.0274329
  23.0589984   36.0266762
  23.0577668   36.0259347
  23.0565213   36.0252086
  23.0564248   36.0251533
  23.0551048   36.024409
  23.0537701   36.0236821
  23.0524211   36.0229727
  23.0510581   36.0222809
  23.0496815   36.021607
  23.0482917   36.0209511
  23.0468889   36.0203134
  23.0454737   36.0196941
  23.0440463   36.0190933
  23.0426071   36.0185112
  23.0411565   36.0179479
  23.040917    36.0178568
  23.0394678   36.0173171
  23.0380082   36.0167962
  23.0365384   36.0162941
  23.0350589   36.0158112
  23.0335701   36.0153474
  23.0320723   36.014903
  23.0305659   36.0144779
  23.0290513   36.0140724
  23.0275289   36.0136865
  23.025999    36.0133204
  23.0244622   36.0129741
  23.0229186   36.0126476
  23.0213688   36.0123412
  23.0198132   36.0120549
  23.0182521   36.0117886
  23.0166859   36.0115427
  23.0151151   36.0113169
  23.01354     36.0111116
  23.0119611   36.0109266
  23.0103787   36.010762
  23.0100571   36.0107307
  23.0084883   36.010588
  23.0069168   36.0104654
  23.0053432   36.010363
  23.0037678   36.0102806
  23.002191    36.0102185
  23.0006131   36.0101765
  22.9990346   36.0101547
  22.9974559   36.0101531
  22.9958774   36.0101717
  22.9942994   36.0102105
  22.9927224   36.0102695
  22.9911467   36.0103487
  22.9895728   36.010448
  22.988001    36.0105674
  22.9864317   36.0107069
  22.9848654   36.0108665
  22.9833023   36.011046
  22.981743    36.0112456
  22.9801878   36.0114651
  22.9786371   36.0117044
  22.9770912   36.0119636
  22.9755506   36.0122425
  22.9740157   36.012541
  22.9724867   36.0128592
  22.9709642   36.0131969
  22.9694485   36.013554
  22.96794     36.0139305
  22.966439    36.0143262
  22.9649459   36.014741
  22.9634611   36.0151749
  22.961985    36.0156278
  22.9605179   36.0160994
  22.9590603   36.0165898
  22.9576124   36.0170987
  22.9561746   36.0176261
  22.9559365   36.0177153
  22.9541727   36.018393
  22.9524256   36.0190984
  22.9520102   36.0192703
  22.9506339   36.0198507
  22.950404    36.0199495
  22.9490434   36.0205451
  22.9476944   36.0211577
  22.9463572   36.0217872
  22.9450323   36.0224333
  22.94372     36.023096
  22.9424205   36.023775
  22.9411341   36.0244702
  22.9398613   36.0251815
  22.9386022   36.0259086
  22.9373572   36.0266514
  22.9361266   36.0274097
  22.9349106   36.0281833
  22.9337097   36.0289721
  22.932524    36.0297758
  22.9313538   36.0305943
  22.9301995   36.0314274
  22.9290613   36.0322748
  22.9279394   36.0331363
  22.9268342   36.0340119
  22.925746    36.0349011
  22.9246748   36.0358039
  22.9236212   36.0367199
  22.9225852   36.0376491
  22.9215671   36.0385911
  22.9205672   36.0395458
  22.9195857   36.0405128
  22.9186229   36.041492
  22.917679    36.0424832
  22.9167542   36.0434861
  22.9158487   36.0445004
  22.9157987   36.0445573
  22.9148728   36.0456299
  22.9139685   36.0467145
  22.9130861   36.0478107
  22.9122258   36.0489184
  22.9113878   36.0500371
  22.9105723   36.0511667
  22.9097796   36.0523068
  22.9090098   36.0534571
  22.9082632   36.0546174
  22.90754     36.0557872
  22.9068403   36.0569664
  22.9065069   36.0575524
  22.9058755   36.0585087
  22.905157    36.0596396
  22.9044605   36.0607795
  22.9037864   36.0619281
  22.9031347   36.0630851
  22.9025057   36.0642503
  22.9018995   36.0654233
  22.9013162   36.0666039
  22.900756    36.0677918
  22.9002189   36.0689866
  22.8997053   36.0701881
  22.8992151   36.071396
  22.8987486   36.0726099
  22.8983057   36.0738296
  22.8978867   36.0750548
  22.8974916   36.0762851
  22.8974801   36.0763221
  22.8971173   36.0775289
  22.8967776   36.0787401
  22.8964609   36.0799553
  22.8961674   36.0811743
  22.8958972   36.0823968
  22.8956503   36.0836225
  22.8954267   36.0848511
  22.8952657   36.0858417
  22.8944832   36.0862075
  22.8931273   36.0868647
  22.8917845   36.0875391
  22.8904551   36.0882306
  22.889802    36.0885823
  22.8897571   36.0886036
  22.888454    36.0892451
  22.8871632   36.0899027
  22.8870411   36.0899659
  22.8857239   36.0906602
  22.8844205   36.0913711
  22.883131    36.0920985
  22.8818559   36.0928422
  22.8818231   36.0928621
  22.8817716   36.0928769
  22.8803141   36.0933188
  22.8788652   36.093779
  22.8774254   36.0942575
  22.875995    36.094754
  22.8745743   36.0952684
  22.8731637   36.0958007
  22.8717636   36.0963507
  22.8703743   36.0969183
  22.8689961   36.0975033
  22.8676294   36.0981056
  22.8662744   36.0987251
  22.8649316   36.0993615
  22.8636012   36.1000148
  22.8622836   36.1006848
  22.8609791   36.1013713
  22.859688    36.1020741
  22.8584106   36.1027931
  22.8571473   36.1035281
  22.8558983   36.1042789
  22.8546639   36.1050454
  22.8534445   36.1058273
  22.8522403   36.1066245
  22.8510517   36.1074367
  22.8498789   36.1082638
  22.8487222   36.1091056
  22.8475818   36.1099619
  22.8464582   36.1108324
  22.8453515   36.1117169
  22.844262    36.1126153
  22.84319     36.1135273
  22.8421357   36.1144526
  22.8410994   36.1153911
  22.8400813   36.1163426
  22.8390817   36.1173067
  22.8381009   36.1182833
  22.8380738   36.1183108
  22.8371212   36.11929
  22.8361873   36.120281
  22.8352725   36.1212835
  22.834377    36.1222973
  22.833501    36.1233222
  22.8326447   36.1243578
  22.8318083   36.125404
  22.830992    36.1264605
  22.830196    36.127527
  22.8294205   36.1286033
  22.8286657   36.1296891
  22.8279317   36.1307842
  22.82744     36.1315457
  22.8269497   36.1322312
  22.8268107   36.1324329
  22.8262429   36.1331999
  22.8254564   36.1343014
  22.8246914   36.1354128
  22.8239483   36.1365337
  22.8232272   36.137664
  22.8225282   36.1388033
  22.8218516   36.1399513
  22.8211974   36.1411078
  22.820566    36.1422725
  22.8204301   36.1425341
  22.8203643   36.1426056
  22.8194405   36.1436429
  22.8185371   36.1446919
  22.8176544   36.1457524
  22.8167926   36.1468239
  22.815952    36.1479064
  22.8151327   36.1489995
  22.814335    36.1501029
  22.8135591   36.1512163
  22.8128051   36.1523396
  22.8120732   36.1534723
  22.8113637   36.1546142
  22.8106767   36.1557651
  22.8104226   36.1562085
  22.8103928   36.1562555
  22.8097012   36.1573886
  22.8090317   36.1585304
  22.8083845   36.1596805
  22.8077596   36.1608386
  22.8071573   36.1620045
  22.8065777   36.1631778
  22.806021    36.1643583
  22.8054873   36.1655457
  22.8049766   36.1667397
  22.8044892   36.16794
  22.8040252   36.1691462
  22.804006    36.1691991
  22.8036195   36.1701405
  22.8031488   36.1713505
  22.8027017   36.1725663
  22.8022784   36.1737876
  22.8018789   36.1750142
  22.8015034   36.1762456
  22.801152    36.1774817
  22.8008247   36.178722
  22.8005216   36.1799663
  22.8002428   36.1812143
  22.7999884   36.1824657
  22.7999681   36.1825707
  22.7997361   36.1838371
  22.799529    36.1851062
  22.7993469   36.1863778
  22.7991899   36.1876515
  22.799058    36.1889271
  22.7989512   36.1902042
  22.7988696   36.1914825
  22.7988131   36.1927616
  22.7987979   36.1933826
  22.7987809   36.1940053
  22.7987709   36.1952693
  22.7987855   36.1965332
  22.7988247   36.1977967
  22.7988884   36.1990596
  22.7989767   36.2003215
  22.7990894   36.2015821
  22.7992267   36.2028411
  22.7993885   36.2040982
  22.7995747   36.205353
  22.7997852   36.2066054
  22.8000201   36.2078548
  22.8002792   36.2091012
  22.8005626   36.2103441
  22.8008701   36.2115832
  22.8012016   36.2128183
  22.8015571   36.214049
  22.8019366   36.215275
  22.8022624   36.2162617
  22.8021031   36.2170096
  22.8019627   36.2177372
  22.8019083   36.2179969
  22.801661    36.2192354
  22.8014378   36.2204769
  22.8012385   36.221721
  22.8010632   36.2229674
  22.8009121   36.2242158
  22.8007851   36.225466
  22.8006822   36.2267176
  22.8006035   36.2279703
  22.800549    36.2292239
  22.8005187   36.2304779
  22.8005127   36.2317322
  22.8005308   36.2329864
  22.8005615   36.2338936
  22.8002974   36.2349224
  22.8000012   36.2361763
  22.7997296   36.2374337
  22.7994828   36.2386945
  22.7992608   36.2399583
  22.7990637   36.2412247
  22.7988915   36.2424935
  22.7987443   36.2437642
  22.798622    36.2450367
  22.7985248   36.2463106
  22.7984526   36.2475855
  22.7984055   36.2488612
  22.7983835   36.2501373
  22.7983866   36.2514134
  22.7984147   36.2526894
  22.798468    36.2539648
  22.7985463   36.2552394
  22.7986496   36.2565128
  22.798778    36.2577847
  22.7989313   36.2590547
  22.7991097   36.2603226
  22.7993129   36.2615881
  22.7995409   36.2628508
  22.7997938   36.2641104
  22.8000714   36.2653666
  22.8003737   36.266619
  22.8007005   36.2678674
  22.8010519   36.2691115
  22.8014276   36.2703509
  22.8018277   36.2715853
  22.8022521   36.2728144
  22.8027005   36.2740379
  22.8031729   36.2752555
  22.8036692   36.276467
  22.8041893   36.2776719
  22.804733    36.2788699
  22.8047987   36.2790078
  22.8043252   36.2796657
  22.8035523   36.28078
  22.8028014   36.281904
  22.8020727   36.2830375
  22.8013665   36.2841802
  22.8006828   36.2853317
  22.8000218   36.2864918
  22.7999064   36.2867032
  22.7993427   36.2877088
  22.7987248   36.2888586
  22.7981291   36.2900159
  22.7975559   36.2911806
  22.7970053   36.2923523
  22.7964773   36.2935308
  22.7959722   36.2947157
  22.79549     36.2959068
  22.795031    36.2971038
  22.7945951   36.2983064
  22.7941825   36.2995142
  22.7937932   36.3007271
  22.7934275   36.3019448
  22.7930853   36.3031668
  22.7927668   36.304393
  22.7924721   36.305623
  22.7922011   36.3068565
  22.791954    36.3080933
  22.7917308   36.309333
  22.7915316   36.3105753
  22.7913564   36.31182
  22.7912054   36.3130667
  22.7910784   36.3143151
  22.7909756   36.3155649
  22.7908969   36.3168158
  22.7908424   36.3180676
  22.7908121   36.3193199
  22.7908061   36.3205724
  22.7908242   36.3218247
  22.7908665   36.3230767
  22.7909331   36.324328
  22.7910238   36.3255783
  22.7911386   36.3268273
  22.7912776   36.3280746
  22.7914407   36.3293201
  22.7916278   36.3305633
  22.791839    36.331804
  22.7920741   36.3330419
  22.7923331   36.3342766
  22.7926159   36.335508
  22.7929225   36.3367356
  22.7929318   36.3367714
  22.7932617   36.3379935
  22.7936152   36.3392114
  22.7939921   36.3404246
  22.7943924   36.3416329
  22.7948159   36.3428361
  22.7952627   36.3440338
  22.7957325   36.3452257
  22.7962253   36.3464116
  22.7967409   36.3475911
  22.7972425   36.3486838
  22.7975874   36.3499023
  22.7979634   36.3511395
  22.7983636   36.3523717
  22.7987881   36.3535986
  22.7992366   36.3548199
  22.7997091   36.3560353
  22.8002054   36.3572445
  22.8007255   36.3584473
  22.8012691   36.3596432
  22.8018362   36.360832
  22.8024267   36.3620134
  22.8030403   36.3631871
  22.8036769   36.3643529
  22.8043363   36.3655103
  22.8050185   36.3666592
  22.8057231   36.3677992
  22.8064502   36.36893
  22.8071993   36.3700514
  22.8079704   36.3711631
  22.8087634   36.3722648
  22.8095778   36.3733563
  22.8096807   36.3734892
  22.8100503   36.3742403
  22.8106469   36.3753993
  22.8109574   36.3759766
  22.8109628   36.3759885
  22.811359    36.3770324
  22.8118425   36.3782379
  22.8123496   36.3794372
  22.8128801   36.3806299
  22.8134339   36.3818156
  22.8140108   36.3829942
  22.8146108   36.3841653
  22.8152336   36.3853286
  22.815879    36.3864838
  22.8165471   36.3876307
  22.8172375   36.3887689
  22.8179501   36.3898983
  22.8186847   36.3910184
  22.8194412   36.3921291
  22.8202193   36.39323
  22.8202352   36.393252
  22.8210329   36.3943403
  22.8218517   36.3954184
  22.8226914   36.3964859
  22.823552    36.3975427
  22.824433    36.3985884
  22.8249384   36.3991684
  22.825394    36.4001804
  22.8259449   36.401347
  22.8260105   36.4014828
  22.8260222   36.4015065
  22.826378    36.4023364
  22.826904    36.4035045
  22.8274524   36.404666
  22.8280231   36.4058204
  22.8286159   36.4069676
  22.8292307   36.4081072
  22.8298673   36.4092391
  22.8305255   36.4103629
  22.8312053   36.4114783
  22.8319064   36.4125851
  22.8326287   36.4136831
  22.8333721   36.4147719
  22.8338912   36.4155185
  22.8346206   36.4165498
  22.8352866   36.4174597
  22.8353078   36.417489
  22.8353159   36.4174997
  22.8353689   36.4175722
  22.8355005   36.417749
  22.8358107   36.4181584
  22.836119    36.4185688
  22.8362188   36.4186971
  22.8363168   36.4188263
  22.8366349   36.4192317
  22.8369512   36.4196381
  22.8370535   36.4197652
  22.8371539   36.4198932
  22.8372621   36.4200263
  22.8374476   36.4202861
  22.8382442   36.4213623
  22.8390615   36.4224283
  22.8398994   36.4234839
  22.8405732   36.4243042
END
2
  22.9842397   37.3066134
  22.9840002   37.3059734
  22.9835736   37.3047637
  22.9831711   37.3035487
  22.9827928   37.3023288
  22.9824389   37.3011043
  22.9821093   37.2998755
  22.9818042   37.2986426
  22.9815237   37.2974061
  22.9812679   37.2961661
  22.9810367   37.2949231
  22.9808303   37.2936772
  22.9806486   37.2924289
  22.9804919   37.2911785
  22.98036     37.2899262
  22.980253    37.2886724
  22.980171    37.2874174
  22.980114    37.2861615
  22.980082    37.284905
  22.9800749   37.2836483
  22.9800928   37.2823916
  22.9801358   37.2811352
  22.9802037   37.2798796
  22.9802966   37.2786249
  22.9804144   37.2773715
  22.9805571   37.2761198
  22.9807247   37.2748699
  22.9809171   37.2736224
  22.9811343   37.2723774
  22.9813763   37.2711352
  22.9816429   37.2698963
  22.9819341   37.2686608
  22.9822499   37.2674291
  22.982265    37.2673725
  22.9826227   37.2660839
  22.9830074   37.2648001
  22.9834188   37.2635216
  22.9838568   37.2622487
  22.9843213   37.2609817
  22.9848122   37.259721
  22.9848768   37.2595599
  22.9853642   37.2583762
  22.9858748   37.2571988
  22.9864085   37.2560278
  22.9869653   37.2548637
  22.9875449   37.2537066
  22.9881472   37.2525568
  22.9887721   37.2514147
  22.9894194   37.2502806
  22.990089    37.2491546
  22.9907807   37.2480371
  22.9914942   37.2469284
  22.9922296   37.2458287
  22.9929865   37.2447382
  22.9932186   37.2444159
  22.9932676   37.2443378
  22.9939875   37.2432356
  22.994729    37.2421425
  22.9954918   37.2410586
  22.9962758   37.2399844
  22.9970808   37.2389201
  22.9979067   37.2378659
  22.9987531   37.2368221
  22.9996199   37.235789
  23.0005069   37.2347667
  23.0014138   37.2337556
  23.0023405   37.2327559
  23.0032868   37.2317679
  23.0042523   37.2307917
  23.0052368   37.2298277
  23.0062402   37.228876
  23.0072621   37.2279369
  23.0083023   37.2270106
  23.0083289   37.2269873
  23.0093879   37.2260735
  23.0104647   37.225173
  23.011559    37.224286
  23.0126707   37.2234127
  23.0137994   37.2225534
  23.0149448   37.2217082
  23.0161067   37.2208774
  23.0172847   37.2200612
  23.0184787   37.2192597
  23.0195759   37.2185463
  23.0201298   37.2178361
  23.0209756   37.2167885
  23.0218419   37.2157517
  23.0227285   37.2147257
  23.0236352   37.2137109
  23.0245617   37.2127076
  23.0255078   37.2117159
  23.0263547   37.2108565
  23.026768    37.2102468
  23.0275384   37.2091518
  23.0283305   37.2080666
  23.0291439   37.2069914
  23.0299786   37.2059267
  23.0308343   37.2048725
  23.0317107   37.2038292
  23.0326077   37.2027971
  23.0335251   37.2017763
  23.0344626   37.2007672
  23.03542     37.19977
  23.036397    37.198785
  23.0373935   37.1978123
  23.038409    37.1968523
  23.0394435   37.1959052
  23.0404967   37.1949712
  23.0415682   37.1940505
  23.0426578   37.1931434
  23.0437653   37.1922502
  23.0448903   37.1913709
  23.0460326   37.1905059
  23.0470242   37.1897784
  23.047417    37.1893623
  23.0483781   37.1883765
  23.0493586   37.1874028
  23.0503581   37.1864415
  23.0513764   37.1854929
  23.0524133   37.184557
  23.0534686   37.1836343
  23.0545418   37.1827248
  23.0556329   37.1818288
  23.0555818   37.1818901
  23.0560429   37.1815086
  23.0565836   37.1810611
  23.0565866   37.1810586
  23.0565896   37.1810562
  23.0571392   37.1806155
  23.0576887   37.1801748
  23.0576918   37.1801724
  23.0576948   37.18017
  23.058253    37.1797363
  23.0588111   37.1793025
  23.0588143   37.1793002
  23.0588173   37.1792978
  23.059384    37.1788711
  23.0599506   37.1784444
  23.0599538   37.1784421
  23.0599569   37.1784397
  23.0605319   37.1780202
  23.0611069   37.1776006
  23.0611101   37.1775983
  23.0611133   37.177596
  23.0616965   37.1771837
  23.0622797   37.1767713
  23.0622829   37.1767691
  23.0622861   37.1767668
  23.0628774   37.1763619
  23.0634686   37.1759569
  23.0634719   37.1759547
  23.0634751   37.1759525
  23.0640743   37.1755549
  23.0646735   37.1751574
  23.0646768   37.1751552
  23.0646801   37.175153
  23.0652871   37.1747631
  23.065894    37.174373
  23.0658973   37.1743709
  23.0659007   37.1743688
  23.0665152   37.1739865
  23.0671298   37.1736041
  23.0671332   37.173602
  23.0671365   37.1735999
  23.0677586   37.1732253
  23.0683806   37.1728507
  23.068384    37.1728487
  23.0683874   37.1728466
  23.0690168   37.1724798
  23.069646    37.172113
  23.0696495   37.172111
  23.069653    37.172109
  23.0702895   37.1717502
  23.0709259   37.1713913
  23.0709295   37.1713893
  23.070933    37.1713874
  23.0715764   37.1710365
  23.0722199   37.1706856
  23.0722234   37.1706837
  23.072227    37.1706818
  23.0728773   37.1703391
  23.0735276   37.1699963
  23.0735312   37.1699944
  23.0735348   37.1699925
  23.0741917   37.169658
  23.0748487   37.1693233
  23.0748523   37.1693215
  23.074856    37.1693197
  23.0755195   37.1689934
  23.0761829   37.168667
  23.0761866   37.1686653
  23.0761903   37.1686635
  23.0768601   37.1683455
  23.0775299   37.1680275
  23.0775336   37.1680258
  23.0775373   37.168024
  23.0782134   37.1677145
  23.0788894   37.1674049
  23.0788931   37.1674032
  23.0788968   37.1674015
  23.0795789   37.1671005
  23.0802609   37.1667994
  23.0802647   37.1667978
  23.0802684   37.1667961
  23.0809564   37.1665036
  23.0816442   37.1662111
  23.081648    37.1662096
  23.0816518   37.1662079
  23.0823454   37.1659241
  23.083039    37.1656402
  23.0830428   37.1656387
  23.0830466   37.1656372
  23.0837457   37.165362
  23.0844448   37.1650869
  23.0844487   37.1650854
  23.0844525   37.1650839
  23.0851569   37.1648175
  23.0858613   37.1645511
  23.0858652   37.1645497
  23.0858691   37.1645483
  23.0865787   37.1642908
  23.0872883   37.1640332
  23.0872922   37.1640319
  23.0872961   37.1640305
  23.0880107   37.1637819
  23.0887252   37.1635332
  23.0887292   37.1635319
  23.0887331   37.1635306
  23.0894525   37.163291
  23.0901719   37.1630513
  23.0901759   37.16305
  23.0901798   37.1630487
  23.0909038   37.1628181
  23.0916278   37.1625875
  23.0916318   37.1625863
  23.0916358   37.162585
  23.0923643   37.1623636
  23.0930928   37.162142
  23.0930968   37.1621409
  23.0931008   37.1621396
  23.0938336   37.1619273
  23.0945663   37.1617149
  23.0945703   37.1617138
  23.0945744   37.1617126
  23.0953112   37.1615095
  23.0960481   37.1613063
  23.0960521   37.1613052
  23.0960562   37.1613041
  23.0967969   37.1611102
  23.0972068   37.1610029
  23.0974302   37.1609285
  23.0976196   37.1607669
  23.0987093   37.1598655
  23.0998167   37.1589779
  23.1009414   37.1581044
  23.1020833   37.157245
  23.103242    37.1564
  23.1044172   37.1555697
  23.1056087   37.1547541
  23.1068162   37.1539537
  23.1080392   37.1531684
  23.1092777   37.1523986
  23.1105312   37.1516444
  23.1117994   37.150906
  23.113082    37.1501836
  23.1143787   37.1494773
  23.1156893   37.1487874
  23.1170132   37.148114
  23.1183503   37.1474573
  23.1188719   37.1472101
  23.1195006   37.1469013
  23.1208521   37.1462607
  23.1222161   37.1456371
  23.1235922   37.1450308
  23.1249802   37.1444418
  23.1263796   37.1438703
  23.1277902   37.1433164
  23.1292115   37.1427803
  23.1306432   37.1422621
  23.132085    37.141762
  23.1335365   37.14128
  23.1349973   37.1408163
  23.1364671   37.140371
  23.1379456   37.1399442
  23.1394322   37.139536
  23.1409268   37.1391465
  23.1424289   37.1387759
  23.1439381   37.1384241
  23.1454541   37.1380914
  23.1469764   37.1377777
  23.1485048   37.1374832
  23.1500388   37.1372079
  23.151578    37.1369519
  23.1531222   37.1367152
  23.1546708   37.136498
  23.1562235   37.1363003
  23.1577799   37.136122
  23.1593396   37.1359634
  23.1609023   37.1358243
  23.1624676   37.1357049
  23.164035    37.1356051
  23.1656041   37.1355251
  23.1671747   37.1354648
  23.1687463   37.1354241
  23.1703185   37.1354033
  23.1718908   37.1354022
  23.1734631   37.1354208
  23.1750347   37.1354591
  23.1766054   37.1355172
  23.1779937   37.1355861
  23.1794338   37.1355841
  23.1810075   37.1356018
  23.1825807   37.1356393
  23.1841529   37.1356965
  23.1857239   37.1357735
  23.1859881   37.1357881
  23.1875156   37.135882
  23.1890411   37.1359946
  23.1905643   37.1361258
  23.1920847   37.1362757
  23.1936021   37.1364441
  23.1951161   37.1366311
  23.1966263   37.1368365
  23.1981324   37.1370605
  23.199634    37.1373028
  23.2011307   37.1375635
  23.2026223   37.1378424
  23.2041083   37.1381396
  23.2055884   37.1384549
  23.2070622   37.1387883
  23.2085295   37.1391397
  23.2099898   37.1395089
  23.2114429   37.139896
  23.2128883   37.1403009
  23.2143257   37.1407233
  23.2157549   37.1411633
  23.2171754   37.1416208
  23.2177012   37.1417938
  23.2191581   37.1422842
  23.2206051   37.1427928
  23.2220418   37.1433197
  23.2234678   37.1438647
  23.2248828   37.1444276
  23.2262865   37.1450083
  23.2276784   37.1456066
  23.2290583   37.1462224
  23.2304257   37.1468556
  23.2317804   37.147506
  23.233122    37.1481733
  23.2344502   37.1488576
  23.2357646   37.1495585
  23.2370649   37.1502759
  23.2383508   37.1510096
  23.239622    37.1517595
  23.2408781   37.1525253
  23.2421188   37.1533069
  23.2433438   37.154104
  23.2445528   37.1549165
  23.2457455   37.1557441
  23.2469216   37.1565867
  23.2480808   37.157444
  23.2492228   37.1583159
  23.2503474   37.159202
  23.2514542   37.1601023
  23.2525429   37.1610163
  23.2536134   37.161944
  23.2546653   37.1628851
  23.2554769   37.1636348
  23.2559094   37.1639167
  23.2571122   37.1647262
  23.2582987   37.1655506
  23.2594688   37.1663898
  23.2606221   37.1672437
  23.2617584   37.1681119
  23.2628774   37.1689943
  23.2639788   37.1698906
  23.2650622   37.1708006
  23.2661276   37.1717242
  23.2671745   37.1726609
  23.2682028   37.1736108
  23.2692121   37.1745734
  23.2702023   37.1755485
  23.271173    37.176536
  23.2721241   37.1775355
  23.2730553   37.1785469
  23.2739663   37.1795698
  23.2741019   37.1797272
  23.2744624   37.1797178
  23.2760399   37.1796966
  23.2776176   37.1796952
  23.2791951   37.1797137
  23.2807721   37.179752
  23.2823481   37.1798103
  23.2839228   37.1798883
  23.2854957   37.1799862
  23.2870665   37.1801038
  23.2886348   37.1802413
  23.2902001   37.1803984
  23.2917621   37.1805753
  23.2933204   37.1807718
  23.2948747   37.1809879
  23.2950226   37.1810104
  23.296313    37.1808287
  23.2978595   37.1806309
  23.2994098   37.1804524
  23.3009633   37.1802933
  23.3025198   37.1801536
  23.3040789   37.1800335
  23.3056402   37.1799328
  23.3072032   37.1798517
  23.3087677   37.1797901
  23.3103331   37.1797481
  23.3118992   37.1797257
  23.3134656   37.1797228
  23.3150318   37.1797395
  23.3165975   37.1797758
  23.3181623   37.1798317
  23.3197258   37.1799071
  23.3212876   37.1800021
  23.3228473   37.1801166
  23.3244046   37.1802506
  23.3259591   37.180404
  23.3275104   37.1805768
  23.329058    37.180769
  23.3306017   37.1809805
  23.3321411   37.1812113
  23.3336757   37.1814614
  23.3352051   37.1817305
  23.3367291   37.1820188
  23.3382473   37.1823261
  23.3397592   37.1826523
  23.3412644   37.1829973
  23.3427628   37.1833612
  23.3442537   37.1837437
  23.3457369   37.1841448
  23.3472121   37.1845644
  23.3486788   37.1850024
  23.3501367   37.1854587
  23.3515854   37.1859332
  23.3530246   37.1864256
  23.3538971   37.1867372
  23.3541125   37.1868031
  23.3553404   37.1868217
  23.3569103   37.1868652
  23.358479    37.1869283
  23.3600463   37.1870111
  23.3616118   37.1871136
  23.3631751   37.1872357
  23.3647357   37.1873773
  23.3648295   37.1873864
  23.3664312   37.1875524
  23.3680292   37.1877391
  23.3696233   37.1879463
  23.371213    37.1881741
  23.3727978   37.1884223
  23.3743773   37.1886909
  23.3759512   37.1889798
  23.3775191   37.189289
  23.3775492   37.1892954
  23.3785735   37.1886053
  23.3797629   37.1878287
  23.3798543   37.1877699
  23.3811051   37.186979
  23.3823716   37.1862042
  23.3836534   37.1854456
  23.3849504   37.1847034
  23.3862621   37.1839778
  23.3875882   37.1832691
  23.3889284   37.1825773
  23.3902822   37.1819027
  23.3916495   37.1812454
  23.3930298   37.1806056
  23.3944227   37.1799835
  23.3958279   37.1793792
  23.3972452   37.1787929
  23.3986739   37.1782248
  23.400114    37.1776749
  23.4015648   37.1771434
  23.4030262   37.1766305
  23.4044977   37.1761363
  23.4059789   37.1756609
  23.4060603   37.1756354
  23.4075332   37.1751842
  23.4090148   37.1747516
  23.4105049   37.1743377
  23.412003    37.1739427
  23.4135087   37.1735665
  23.4150217   37.1732094
  23.4165416   37.1728714
  23.418068    37.1725526
  23.4196006   37.172253
  23.4211389   37.1719728
  23.4226826   37.171712
  23.4242312   37.1714706
  23.4257845   37.1712488
  23.4273419   37.1710466
  23.4289032   37.170864
  23.4304679   37.1707012
  23.4320356   37.170558
  23.433606    37.1704346
  23.4351786   37.170331
  23.4367531   37.1702473
  23.4383291   37.1701833
  23.4399061   37.1701393
  23.4414838   37.1701151
  23.4430618   37.1701107
  23.4446397   37.1701263
  23.446217    37.1701617
  23.4477935   37.170217
  23.4493687   37.1702922
  23.4509421   37.1703872
  23.4525135   37.1705019
  23.4540825   37.1706365
  23.4556485   37.1707908
  23.4572114   37.1709648
  23.4587705   37.1711585
  23.4603256   37.1713718
  23.4618763   37.1716047
  23.4634222   37.171857
  23.4649629   37.1721288
  23.466498    37.17242
  23.4680271   37.1727305
  23.4695499   37.1730602
  23.471066    37.173409
  23.4725749   37.1737769
  23.4729304   37.1738685
  23.4742369   37.174126
  23.4757342   37.1744408
  23.4772252   37.1747741
  23.4787095   37.1751258
  23.4801868   37.1754958
  23.4816567   37.175884
  23.4831188   37.1762903
  23.4845729   37.1767147
  23.4847675   37.1767742
  23.4862237   37.1772105
  23.4876965   37.1776731
  23.4891599   37.1781542
  23.4906136   37.1786537
  23.4920571   37.1791716
  23.4934901   37.1797076
  23.4949123   37.1802617
  23.4963233   37.1808337
  23.4977227   37.1814234
  23.4991102   37.1820307
  23.5004854   37.1826555
  23.5018481   37.1832975
  23.5031978   37.1839567
  23.5045341   37.1846329
  23.5058569   37.1853258
  23.5071657   37.1860354
  23.5084602   37.1867614
  23.5097401   37.1875037
  23.511005    37.188262
  23.5122547   37.1890362
  23.5134889   37.1898261
  23.5147071   37.1906315
  23.5159092   37.1914522
  23.5170948   37.1922879
  23.5182636   37.1931385
  23.5194153   37.1940037
  23.5205496   37.1948834
  23.5216663   37.1957773
  23.522765    37.1966852
  23.5238456   37.1976068
  23.5249076   37.1985419
  23.5259509   37.1994904
  23.5269752   37.2004519
  23.5279802   37.2014261
  23.5289657   37.202413
  23.5299314   37.2034122
  23.5308771   37.2044234
  23.5318025   37.2054464
  23.5327075   37.206481
  23.5335917   37.2075268
  23.534455    37.2085837
  23.5352972   37.2096513
  23.536118    37.2107295
  23.5362202   37.2108661
  23.5370193   37.2119543
  23.5377966   37.2130524
  23.538552    37.2141602
  23.5392852   37.2152774
  23.5399961   37.2164036
  23.5406845   37.2175387
  23.5413501   37.2186823
  23.541993    37.2198342
  23.5426128   37.220994
  23.5432094   37.2221615
  23.5437827   37.2233363
  23.5443326   37.2245182
  23.5448588   37.2257069
  23.5453613   37.2269021
  23.54584     37.2281034
  23.5462946   37.2293106
  23.5467252   37.2305234
  23.5471316   37.2317415
  23.5475136   37.2329645
  23.5478712   37.2341921
  23.5479884   37.2346253
  23.5482229   37.2353226
  23.5486082   37.2365454
  23.548969    37.237773
  23.5493054   37.2390049
  23.5496171   37.2402408
  23.5499042   37.2414806
  23.5501666   37.2427237
  23.5504041   37.24397
  23.5506168   37.2452192
  23.5508046   37.2464708
  23.5509674   37.2477247
  23.551042    37.2484046
  23.5511799   37.2484648
  23.551918    37.2487929
  23.5532697   37.2494048
  23.5546092   37.2500333
  23.5559363   37.2506784
  23.5572506   37.2513399
  23.5585517   37.2520175
  23.5598395   37.2527113
  23.5611135   37.2534209
  23.5623735   37.2541461
  23.5636191   37.254887
  23.5648501   37.2556431
  23.5660662   37.2564145
  23.5664558   37.2566696
  23.5672231   37.2571589
  23.568428    37.2579521
  23.5696172   37.2587602
  23.5707902   37.2595831
  23.571947    37.2604205
  23.5730871   37.2612722
  23.5742103   37.2621379
  23.5753163   37.2630176
  23.5764049   37.2639109
  23.5774758   37.2648177
  23.5785287   37.2657377
  23.5795633   37.2666708
  23.5805795   37.2676165
  23.5815769   37.2685749
  23.5815974   37.2685949
  23.5825771   37.2695668
  23.5835376   37.2705508
  23.5844785   37.2715467
  23.5853997   37.2725542
  23.5863009   37.273573
  23.5871819   37.2746029
  23.5880425   37.2756437
  23.5888825   37.2766951
  23.5897017   37.2777569
  23.5899378   37.2780739
  23.5904093   37.2781669
  23.591931    37.2784871
  23.5934462   37.2788264
  23.5949545   37.2791846
  23.5964555   37.2795618
  23.5977703   37.2799012
  23.5992742   37.2803
  23.6007699   37.2807177
  23.6022572   37.2811543
  23.6037355   37.2816096
  23.6052045   37.2820836
  23.6066639   37.282576
  23.6081133   37.2830868
  23.6095524   37.2836159
  23.6109806   37.284163
  23.6123731   37.2847183
  23.6128313   37.2848903
  23.6142252   37.2854348
  23.6156082   37.2859964
  23.6169802   37.2865751
  23.6183406   37.2871707
  23.6196892   37.2877831
  23.6210257   37.288412
  23.6223498   37.2890575
  23.623661    37.2897192
  23.6249592   37.290397
  23.6262439   37.2910909
  23.627515    37.2918005
  23.6287719   37.2925258
  23.6311407   37.2939151
  23.632401    37.2946665
  23.6336462   37.2954337
  23.6348761   37.2962163
  23.6360903   37.2970143
  23.6372884   37.2978274
  23.6384704   37.2986554
  23.6396357   37.2994982
  23.6407842   37.3003555
  23.6419155   37.301227
  23.6430295   37.3021127
  23.6441257   37.3030122
  23.6452039   37.3039253
  23.6462507   37.304826
  23.6473042   37.3057468
  23.6483394   37.3066805
  23.6493561   37.3076271
  23.6496142   37.3078752
  23.6501653   37.3083105
  23.6512492   37.3091935
  23.6513006   37.309236
  23.652381    37.3101442
  23.6534432   37.3110657
  23.6544871   37.3120005
  23.6555123   37.3129481
  23.6565187   37.3139085
  23.6575059   37.3148814
  23.6584737   37.3158665
  23.6594219   37.3168636
  23.6603502   37.3178724
  23.6612585   37.3188927
  23.6621464   37.3199242
  23.6630138   37.3209667
  23.6638605   37.32202
  23.6646862   37.3230837
  23.6654907   37.3241575
  23.6662738   37.3252413
  23.6670354   37.3263348
  23.6677753   37.3274376
  23.6684932   37.3285496
  23.669189    37.3296704
  23.6698626   37.3307997
  23.6705136   37.3319374
  23.6711421   37.333083
  23.6717478   37.3342363
  23.6723306   37.3353971
  23.6728903   37.336565
  23.6734269   37.3377397
  23.6739401   37.338921
  23.6744298   37.3401085
  23.674896    37.341302
  23.6753384   37.3425012
  23.6757571   37.3437058
  23.6761518   37.3449154
  23.6765226   37.3461298
  23.6768692   37.3473486
  23.6771917   37.3485717
  23.6774899   37.3497986
  23.6777637   37.351029
  23.6780131   37.3522627
  23.6782381   37.3534994
  23.6784386   37.3547387
  23.6786144   37.3559804
  23.6787657   37.357224
  23.6788923   37.3584694
  23.6789942   37.3597162
  23.6790595   37.3607716
  23.6791251   37.3616264
  23.6791961   37.3628757
  23.6792423   37.3641257
  23.6792637   37.3653761
  23.6792604   37.3666266
  23.6792322   37.3678768
  23.6791793   37.3691265
  23.6791016   37.3703754
  23.6789991   37.3716232
  23.6788719   37.3728695
  23.6787199   37.374114
  23.6785434   37.3753564
  23.6783421   37.3765964
  23.6781164   37.3778338
  23.6778661   37.3790682
  23.6775913   37.3802992
  23.6772922   37.3815266
  23.6769688   37.3827501
  23.6766211   37.3839694
  23.6762493   37.3851842
  23.6758535   37.3863941
  23.6754337   37.3875989
  23.67499     37.3887983
  23.6745226   37.389992
  23.6740316   37.3911796
  23.6735171   37.3923609
  23.6729792   37.3935356
  23.6724181   37.3947034
  23.6718339   37.3958641
  23.6712267   37.3970172
  23.6705967   37.3981626
  23.6699441   37.3992999
  23.669269    37.4004289
  23.6685716   37.4015493
  23.667852    37.4026608
  23.6671105   37.4037632
  23.6663472   37.4048561
  23.6655623   37.4059393
  23.664756    37.4070125
  23.6639285   37.4080755
  23.66308     37.409128
  23.6622108   37.4101697
  23.6613209   37.4112003
  23.6604108   37.4122197
  23.6594805   37.4132276
  23.6585304   37.4142237
  23.6575605   37.4152077
  23.6565713   37.4161795
  23.655563    37.4171387
  23.6545357   37.4180852
  23.6534897   37.4190187
  23.6524254   37.419939
  23.6513429   37.4208458
  23.6506311   37.4214328
  23.6495388   37.4223195
  23.6484292   37.4231926
  23.6473025   37.4240517
  23.646159    37.4248967
  23.6449991   37.4257274
  23.6449079   37.4257906
  23.6450044   37.4261354
  23.645331    37.4273989
  23.6454083   37.4277109
  23.6456968   37.4289252
  23.6459615   37.430143
  23.6462022   37.4313638
  23.6464189   37.4325875
  23.6466116   37.4338136
  23.6467802   37.435042
  23.6469246   37.4362723
  23.6470449   37.4375042
  23.647141    37.4387375
  23.6472128   37.4399717
  23.6472604   37.4412067
  23.6472838   37.4424421
  23.6472829   37.4436776
  23.6472577   37.444913
  23.6472083   37.4461478
  23.6471347   37.4473819
  23.6470368   37.4486149
  23.6469147   37.4498465
  23.6467685   37.4510764
  23.6465981   37.4523043
  23.6464036   37.45353
  23.6461851   37.4547531
  23.6459426   37.4559733
  23.6456762   37.4571904
  23.6453858   37.458404
  23.6450717   37.4596138
  23.6447339   37.4608196
  23.6443725   37.462021
  23.6439874   37.4632178
  23.643579    37.4644096
  23.6431471   37.4655963
  23.642692    37.4667774
  23.6422138   37.4679528
  23.6417126   37.469122
  23.6411884   37.4702849
  23.6406415   37.4714412
  23.6400719   37.4725905
  23.6394798   37.4737327
  23.6388653   37.4748673
  23.6382287   37.4759942
  23.6375699   37.4771131
  23.6368893   37.4782236
  23.636187    37.4793256
  23.6354631   37.4804188
  23.6347178   37.4815028
  23.6339513   37.4825775
  23.6331637   37.4836425
  23.6323554   37.4846977
  23.6322813   37.4847927
  23.6314501   37.4858405
  23.6305983   37.4868778
  23.6297263   37.4879044
  23.6297173   37.4879146
  23.6301955   37.4890857
  23.63066     37.490288
  23.6311003   37.4914961
  23.6315164   37.4927095
  23.6319082   37.493928
  23.6319662   37.4941145
  23.6323296   37.495324
  23.632669    37.4965378
  23.6329843   37.4977556
  23.6332755   37.4989772
  23.6335425   37.5002022
  23.6337852   37.5014305
  23.6340036   37.5026615
  23.6341976   37.5038951
  23.6343672   37.505131
  23.6345122   37.5063688
  23.6346328   37.5076082
  23.6347288   37.5088489
  23.6348003   37.5100907
  23.6348472   37.5113332
  23.6348695   37.5125761
  23.6348672   37.5138191
  23.6348402   37.5150619
  23.6347887   37.5163042
  23.6347126   37.5175457
  23.634612    37.518786
  23.6344868   37.520025
  23.6343371   37.5212622
  23.634163    37.5224973
  23.6339644   37.5237302
  23.6337414   37.5249603
  23.6334941   37.5261876
  23.6332226   37.5274115
  23.6329268   37.528632
  23.632607    37.5298485
  23.6322631   37.531061
  23.6318952   37.5322689
  23.6315035   37.5334722
  23.631088    37.5346703
  23.6306488   37.5358632
  23.6306327   37.5359057
  23.6301645   37.5371065
  23.6296724   37.5383013
  23.6291563   37.5394896
  23.6286166   37.5406714
  23.6280532   37.5418461
  23.6274664   37.5430136
  23.6268563   37.5441736
  23.626223    37.5453257
  23.6255667   37.5464697
  23.6248876   37.5476052
  23.6241859   37.548732
  23.6234616   37.5498499
  23.6227151   37.5509584
  23.6219465   37.5520575
  23.6211559   37.5531466
  23.6203437   37.5542257
  23.6195099   37.5552944
  23.6186548   37.5563525
  23.6177787   37.5573996
  23.6168816   37.5584356
  23.615964    37.5594601
  23.6150259   37.560473
  23.6140677   37.5614738
  23.6130895   37.5624625
  23.6120916   37.5634388
  23.6120045   37.5635226
  23.6109921   37.5644816
  23.6099607   37.5654278
  23.6089106   37.566361
  23.6078467   37.5672767
  23.6080166   37.5684971
  23.6081666   37.5697605
  23.608291    37.5710256
  23.6083899   37.5722921
  23.608463    37.5735596
  23.6085106   37.5748279
  23.6085324   37.5760966
  23.6085286   37.5773654
  23.6084991   37.578634
  23.6084439   37.579902
  23.6083631   37.5811692
  23.6082566   37.5824351
  23.6081246   37.5836995
  23.607967    37.584962
  23.6077838   37.5862223
  23.6077429   37.5864852
  23.6075379   37.5877221
  23.6073084   37.5889563
  23.6070543   37.5901874
  23.6067757   37.5914152
  23.6064727   37.5926393
  23.6061455   37.5938595
  23.6057939   37.5950754
  23.6054182   37.5962868
  23.6050185   37.5974933
  23.6045947   37.5986946
  23.6041472   37.5998904
  23.6036758   37.6010805
  23.6031809   37.6022646
  23.6026624   37.6034423
  23.6021205   37.6046133
  23.6015554   37.6057774
  23.6009672   37.6069343
  23.6003561   37.6080837
  23.5997221   37.6092253
  23.5990655   37.6103588
  23.5983864   37.6114839
  23.597685    37.6126004
  23.5969615   37.613708
  23.596216    37.6148064
  23.5954487   37.6158953
  23.5946598   37.6169745
  23.5938495   37.6180437
  23.5937101   37.6182244
  23.5928906   37.6192683
  23.5920508   37.620302
  23.5911907   37.6213253
  23.5903106   37.6223378
  23.5894108   37.6233393
  23.5884914   37.6243296
  23.5875527   37.6253085
  23.5865949   37.6262757
  23.5856182   37.6272309
  23.5846229   37.628174
  23.5843282   37.6284447
  23.5851837   37.6290454
  23.5863937   37.6299236
  23.5866297   37.6300978
  23.587635    37.6308499
  23.588627    37.631613
  23.5896056   37.6323869
  23.58967     37.6324385
  23.5898169   37.632558
  23.5906278   37.6331197
  23.591014    37.6333916
  23.5921721   37.6342199
  23.5933136   37.6350624
  23.5944384   37.6359189
  23.5955461   37.6367892
  23.5966365   37.6376731
  23.5977094   37.6385704
  23.5987644   37.6394809
  23.5998013   37.6404043
  23.6008198   37.6413404
  23.6010559   37.6415608
  23.602025    37.6424797
  23.6029763   37.64341
  23.6039098   37.6443517
  23.6048252   37.6453044
  23.6057222   37.646268
  23.6066007   37.6472422
  23.6074605   37.6482268
  23.6083013   37.6492216
  23.6085909   37.6495699
  23.6094474   37.6506179
  23.6102828   37.6516764
  23.611097    37.6527453
  23.6118898   37.6538241
  23.612661    37.6549128
  23.6134104   37.6560109
  23.6141378   37.6571183
  23.6148429   37.6582346
  23.6155258   37.6593595
  23.6161861   37.6604928
  23.6168237   37.6616343
  23.6174385   37.6627835
  23.6180302   37.6639403
  23.6185988   37.6651043
  23.6191441   37.6662752
  23.619666    37.6674528
  23.6201643   37.6686368
  23.620639    37.6698268
  23.6210898   37.6710226
  23.6215167   37.6722238
  23.6215489   37.6723172
  23.6219019   37.6733698
  23.6222365   37.6744261
  23.6225526   37.675486
  23.6228503   37.6765491
  23.6229791   37.6770246
  23.6233062   37.6782817
  23.6236073   37.6795428
  23.6238826   37.6808076
  23.6241319   37.6820757
  23.6243289   37.6831976
  23.6244447   37.6833389
  23.6252752   37.6843876
  23.6260847   37.6854465
  23.6268733   37.6865153
  23.6276405   37.6875937
  23.6283864   37.6886815
  23.6291106   37.6897784
  23.629813    37.6908841
  23.6304934   37.6919984
  23.6311517   37.6931209
  23.6317876   37.6942515
  23.6324011   37.6953897
  23.6325749   37.6957267
  23.632657    37.6958062
  23.633632    37.6967817
  23.6345876   37.6977692
  23.6355233   37.6987686
  23.6364391   37.6997794
  23.6373346   37.7008015
  23.6382097   37.7018346
  23.6390641   37.7028785
  23.6398977   37.7039329
  23.6407101   37.7049975
  23.6415013   37.7060721
  23.6422709   37.7071564
  23.6430189   37.7082501
  23.6437451   37.709353
  23.6444492   37.7104648
  23.645131    37.7115852
  23.6457905   37.712714
  23.6465139   37.7139781
  23.6471508   37.7151148
  23.647765    37.7162592
  23.6483563   37.7174111
  23.6489246   37.7185702
  23.6494697   37.7197362
  23.6499916   37.7209089
  23.6504901   37.7220879
  23.6508443   37.7229716
  23.6516012   37.7240153
  23.6523487   37.725084
  23.6530752   37.7261617
  23.6537805   37.7272481
  23.6544645   37.7283431
  23.655127    37.7294462
  23.6557679   37.7305573
  23.6563869   37.7316761
  23.656984    37.7328024
  23.6570923   37.7330112
  23.6576664   37.7341427
  23.6582183   37.7352811
  23.658748    37.736426
  23.6592552   37.7375773
  23.6597398   37.7387347
  23.6599757   37.7393286
  23.6600634   37.7395365
  23.6605384   37.7386574
  23.6611758   37.737527
  23.6618356   37.7364047
  23.6625175   37.7352907
  23.6626345   37.735107
  23.6626811   37.7350236
  23.6627179   37.734953
  23.6633098   37.7338631
  23.6639224   37.7327805
  23.6645555   37.7317052
  23.6652089   37.7306375
  23.6658825   37.7295777
  23.6665762   37.728526
  23.6666053   37.7284827
  23.6673468   37.7273993
  23.6681096   37.7263251
  23.6688935   37.7252605
  23.6696983   37.7242057
  23.6705238   37.7231609
  23.6713698   37.7221265
  23.6722361   37.7211025
  23.6731225   37.7200894
  23.6740288   37.7190874
  23.6749547   37.7180966
  23.6759001   37.7171174
  23.6768647   37.7161499
  23.6778482   37.7151944
  23.6788505   37.7142512
  23.6795632   37.7136014
  23.6797321   37.7134343
  23.6807335   37.7124752
  23.6817538   37.7115287
  23.6827929   37.710595
  23.6838504   37.7096744
  23.6849261   37.708767
  23.6860198   37.7078732
  23.6871311   37.7069931
  23.6882598   37.7061269
  23.6894056   37.7052749
  23.6905683   37.7044373
  23.6917474   37.7036143
  23.6929428   37.702806
  23.6941542   37.7020128
  23.6953811   37.7012347
  23.6966235   37.700472
  23.6978808   37.6997249
  23.6991529   37.6989935
  23.7004394   37.6982781
  23.7017399   37.6975788
  23.7030543   37.6968958
  23.704382    37.6962292
  23.7057229   37.6955793
  23.7070765   37.6949461
  23.7084426   37.6943299
  23.7098207   37.6937308
  23.7112107   37.693149
  23.712612    37.6925845
  23.7140244   37.6920376
  23.7154475   37.6915084
  23.716881    37.6909969
  23.7183244   37.6905034
  23.7197775   37.6900279
  23.7212399   37.6895706
  23.7227113   37.6891316
  23.7241911   37.6887109
  23.7256792   37.6883088
  23.7271751   37.6879253
  23.7286784   37.6875604
  23.7301888   37.6872144
  23.7317059   37.6868872
  23.7332294   37.6865789
  23.7335941   37.6865076
  23.7350796   37.6862263
  23.7365705   37.6859632
  23.7380662   37.6857181
  23.7395665   37.6854911
  23.741071    37.6852823
  23.7425794   37.6850918
  23.7434672   37.6849907
  23.7435129   37.684983
  23.7450725   37.6847409
  23.7466368   37.6845184
  23.7482054   37.6843158
  23.7497778   37.6841329
  23.7513537   37.6839698
  23.7529327   37.6838266
  23.7545144   37.6837034
  23.7560984   37.6836
  23.7576842   37.6835167
  23.7592715   37.6834533
  23.7608599   37.68341
  23.762449    37.6833866
  23.7640383   37.6833833
  23.7656275   37.6834001
  23.7672162   37.6834368
  23.7688039   37.6834936
  23.7703903   37.6835703
  23.7719749   37.683667
  23.7735574   37.6837837
  23.7739186   37.6838127
  23.7754856   37.6839481
  23.7770497   37.684103
  23.7786105   37.6842775
  23.7801676   37.6844715
  23.7817207   37.684685
  23.7832693   37.6849178
  23.7848131   37.6851699
  23.7863517   37.6854413
  23.7878847   37.6857318
  23.7894116   37.6860415
  23.7909322   37.6863703
  23.7924461   37.686718
  23.7939528   37.6870845
  23.795452    37.6874699
  23.7969434   37.6878739
  23.7976267   37.6880687
  23.7977055   37.6878404
  23.797802    37.6875519
  23.7979122   37.6872419
  23.7980195   37.6869314
  23.7981247   37.6866447
  23.7982268   37.6863575
  23.7983432   37.6860489
  23.7984566   37.6857397
  23.7985674   37.6854544
  23.7986753   37.6851684
  23.7987978   37.6848614
  23.7989174   37.6845536
  23.7990338   37.6842698
  23.7991473   37.6839851
  23.7992759   37.6836797
  23.7994016   37.6833734
  23.7995236   37.683091
  23.7996428   37.6828078
  23.7997774   37.682504
  23.7999091   37.6821993
  23.8000368   37.6819185
  23.8001616   37.6816368
  23.8003022   37.6813347
  23.8004399   37.6810317
  23.8005732   37.6807524
  23.8007035   37.6804724
  23.8008501   37.680172
  23.8009938   37.6798707
  23.8011326   37.6795932
  23.8012685   37.6793148
  23.801421    37.6790163
  23.8015707   37.6787168
  23.801715    37.678441
  23.8018564   37.6781643
  23.8020148   37.6778677
  23.8021704   37.6775702
  23.8023201   37.6772962
  23.802467    37.6770213
  23.8026313   37.6767267
  23.8027928   37.6764312
  23.802948    37.6761591
  23.8031003   37.675886
  23.8032704   37.6755935
  23.8034378   37.6753
  23.8035983   37.6750299
  23.803756    37.6747587
  23.8039319   37.6744684
  23.8041051   37.674177
  23.8042709   37.6739089
  23.804434    37.6736397
  23.8046157   37.6733516
  23.8047946   37.6730623
  23.8049657   37.6727963
  23.8051341   37.6725292
  23.8053215   37.6722434
  23.8055061   37.6719564
  23.8056825   37.6716926
  23.8058562   37.6714276
  23.8060492   37.6711441
  23.8062395   37.6708595
  23.8064211   37.6705978
  23.8066      37.670335
  23.8067986   37.670054
  23.8069946   37.6697717
  23.8071813   37.6695124
  23.8073655   37.6692519
  23.8075696   37.6689733
  23.8077711   37.6686935
  23.807963    37.6684365
  23.8081523   37.6681783
  23.808362    37.6679023
  23.808569    37.6676251
  23.808766    37.6673705
  23.8089603   37.6671147
  23.8091755   37.6668413
  23.809388    37.6665667
  23.80959     37.6663146
  23.8097894   37.6660612
  23.8100099   37.6657905
  23.8102278   37.6655186
  23.8104348   37.665269
  23.8106392   37.6650181
  23.8108651   37.6647502
  23.8110884   37.664481
  23.8113003   37.6642341
  23.8115097   37.6639857
  23.8117408   37.6637207
  23.8119694   37.6634543
  23.8121862   37.66321
  23.8124005   37.6629643
  23.8126369   37.6627022
  23.8128707   37.6624386
  23.8130923   37.662197
  23.8133115   37.661954
  23.813553    37.6616949
  23.8137921   37.6614343
  23.8140185   37.6611955
  23.8142424   37.6609552
  23.814489    37.6606991
  23.8147332   37.6604415
  23.8149643   37.6602055
  23.815193    37.6599681
  23.8154447   37.659715
  23.815694    37.6594605
  23.8159297   37.6592275
  23.8161631   37.6589929
  23.8164198   37.658743
  23.8166741   37.6584916
  23.8169144   37.6582615
  23.8171524   37.6580299
  23.817414    37.6577832
  23.8176733   37.657535
  23.8179181   37.6573079
  23.8181607   37.6570792
  23.8184272   37.6568359
  23.8186913   37.6565909
  23.8189407   37.6563669
  23.8191877   37.6561413
  23.819459    37.6559012
  23.819728    37.6556595
  23.8199817   37.6554387
  23.8202332   37.6552162
  23.8205092   37.6549795
  23.820783    37.6547412
  23.8210411   37.6545235
  23.821297    37.6543042
  23.8215776   37.654071
  23.8218561   37.6538361
  23.8221185   37.6536216
  23.8223787   37.6534055
  23.8226639   37.6531758
  23.822947    37.6529444
  23.8232136   37.6527333
  23.8234781   37.6525204
  23.8237679   37.6522943
  23.8240555   37.6520664
  23.8243263   37.6518586
  23.8245949   37.651649
  23.8248891   37.6514266
  23.8251812   37.6512023
  23.8254561   37.6509979
  23.8257289   37.6507917
  23.8260275   37.6505729
  23.826324    37.6503523
  23.8266029   37.6501513
  23.8268797   37.6499485
  23.8271826   37.6497335
  23.8274835   37.6495166
  23.8277663   37.6493191
  23.8280471   37.6491197
  23.8283543   37.6489085
  23.8286594   37.6486954
  23.8289461   37.6485014
  23.8292308   37.6483056
  23.8295422   37.6480982
  23.8298515   37.6478889
  23.830142    37.6476985
  23.8304306   37.6475063
  23.830746    37.6473028
  23.8310594   37.6470974
  23.8313537   37.6469106
  23.831646    37.6467219
  23.8319654   37.6465224
  23.8322829   37.6463209
  23.8325808   37.6461378
  23.8328769   37.6459528
  23.8332002   37.6457573
  23.8335216   37.6455598
  23.8338231   37.6453804
  23.8341228   37.6451991
  23.83445     37.6450076
  23.8347753   37.6448141
  23.8350803   37.6446385
  23.8353836   37.644461
  23.8357145   37.6442735
  23.8360436   37.6440841
  23.8362412   37.6439741
  23.8365905   37.6437594
  23.8366072   37.6437494
  23.8366746   37.6430645
  23.8368236   37.6418089
  23.8369979   37.6405553
  23.8371975   37.6393041
  23.8374222   37.6380556
  23.8376721   37.63681
  23.837947    37.6355677
  23.8382469   37.634329
  23.8383019   37.6341113
  23.83862     37.6329014
  23.8389619   37.6316956
  23.8393275   37.6304942
  23.8397168   37.6292974
  23.8401297   37.6281055
  23.840566    37.6269189
  23.8410258   37.6257379
  23.8415088   37.6245626
  23.8420149   37.6233935
  23.842544    37.6222307
  23.843096    37.6210746
  23.8436708   37.6199255
  23.8437556   37.6197634
  23.8442907   37.6187003
  23.844908    37.617529
  23.845549    37.6163658
  23.8462134   37.6152107
  23.8469012   37.6140643
  23.8476121   37.6129267
  23.848346    37.6117984
  23.8491026   37.6106794
  23.8498818   37.6095702
  23.8506834   37.6084711
  23.8515072   37.6073823
  23.8523529   37.606304
  23.8532204   37.6052367
  23.8541093   37.6041805
  23.8550196   37.6031357
  23.855706    37.6023612
  23.8566471   37.6013174
  23.8576095   37.6002858
  23.8585929   37.5992667
  23.859597    37.5982604
  23.8606216   37.597267
  23.8616664   37.596287
  23.8627311   37.5953205
  23.8638155   37.5943678
  23.8649192   37.5934291
  23.866042    37.5925048
  23.8671836   37.5915949
  23.8683436   37.5906999
  23.8687962   37.5903619
  23.8691686   37.5900515
  23.8702501   37.5891777
  23.8713485   37.5883172
  23.8724636   37.5874703
  23.8735951   37.5866371
  23.8747428   37.5858179
  23.8759063   37.5850129
  23.8770854   37.5842222
  23.8782798   37.5834461
  23.8794892   37.5826847
  23.8807133   37.5819382
  23.8819518   37.5812068
  23.8832045   37.5804907
  23.884471    37.57979
  23.885751    37.5791049
  23.8870443   37.5784356
  23.8871517   37.578381
  23.8884935   37.5777101
  23.8898485   37.5770562
  23.8912165   37.5764195
  23.8919317   37.5760985
  23.8932165   37.5755019
  23.8945623   37.5748989
  23.8959196   37.5743126
  23.8972883   37.5737429
  23.8986679   37.5731901
  23.9000582   37.5726543
  23.9014588   37.5721357
  23.9028693   37.5716342
  23.9042895   37.5711502
  23.9057189   37.5706836
  23.9062672   37.5705125
  23.9057248   37.5705332
  23.9041603   37.5705733
  23.9025952   37.570594
  23.9010299   37.5705953
  23.8994647   37.5705771
  23.8979001   37.5705395
  23.8963365   37.5704824
  23.8947741   37.5704059
  23.8932135   37.5703099
  23.8916549   37.5701946
  23.8904305   37.5700887
  23.8901203   37.5700701
  23.8900238   37.5700637
  23.8896321   37.5700371
  23.8895155   37.570029
  23.8879679   37.569912
  23.8864227   37.5697759
  23.8848804   37.5696207
  23.8833413   37.5694465
  23.8818058   37.5692533
  23.8802743   37.5690412
  23.8787471   37.5688102
  23.8772247   37.5685604
  23.8757074   37.5682918
  23.8741955   37.5680045
  23.8726895   37.5676986
  23.8711896   37.5673741
  23.8696963   37.5670311
  23.86821     37.5666698
  23.8667309   37.5662902
  23.8652594   37.5658923
  23.863796    37.5654763
  23.8623409   37.5650423
  23.8608945   37.5645904
  23.8594571   37.5641207
  23.8580292   37.5636332
  23.856611    37.5631283
  23.8552029   37.5626058
  23.8538053   37.5620661
  23.8524184   37.5615091
  23.8510426   37.5609351
  23.8496783   37.5603442
  23.8483257   37.5597364
  23.8469853   37.5591121
  23.8456573   37.5584713
  23.844342    37.5578141
  23.8430398   37.5571408
  23.841751    37.5564515
  23.8404759   37.5557464
  23.8392147   37.5550256
  23.837968    37.5542893
  23.8372244   37.5538429
  23.8359718   37.5530787
  23.8347347   37.5522988
  23.8335133   37.5515035
  23.832308    37.5506929
  23.831119    37.5498673
  23.8299466   37.5490269
  23.8287911   37.5481719
  23.8276529   37.5473024
  23.8265322   37.5464188
  23.8254293   37.5455211
  23.8243444   37.5446098
  23.8232779   37.5436849
  23.82223     37.5427467
  23.8212009   37.5417955
  23.820191    37.5408315
  23.8192004   37.5398549
  23.8182295   37.538866
  23.8172784   37.537865
  23.8163474   37.5368522
  23.8154368   37.5358278
  23.8145468   37.534792
  23.8136775   37.5337452
  23.8128293   37.5326877
  23.8120022   37.5316195
  23.8117118   37.5312377
  23.8114372   37.5308869
  23.8106255   37.5298126
  23.8098354   37.5287282
  23.8090671   37.527634
  23.8083206   37.5265303
  23.8075963   37.5254173
  23.8068942   37.5242954
  23.8062146   37.5231648
  23.8055577   37.5220258
  23.8049235   37.5208787
  23.8043124   37.5197237
  23.8037243   37.5185612
  23.8031595   37.5173915
  23.8026181   37.5162148
  23.8021002   37.5150314
  23.801606    37.5138417
  23.8011356   37.5126458
  23.8006891   37.5114443
  23.8002666   37.5102372
  23.7998683   37.509025
  23.7994941   37.5078079
  23.7991443   37.5065862
  23.7988189   37.5053603
  23.798518    37.5041304
  23.7982417   37.5028969
  23.79799     37.5016601
  23.7979791   37.5016037
  23.797754    37.5003753
  23.7975533   37.4991442
  23.7973769   37.4979108
  23.7972249   37.4966753
  23.7970973   37.4954381
  23.7969942   37.4941994
  23.7969156   37.4929595
  23.7968615   37.4917188
  23.7968318   37.4904775
  23.7968268   37.4892361
  23.7968462   37.4879946
  23.7968902   37.4867536
  23.7969586   37.4855132
  23.7970516   37.4842739
  23.797169    37.4830358
  23.7973109   37.4817993
  23.7974772   37.4805647
  23.7976678   37.4793323
  23.7978828   37.4781024
  23.798122    37.4768753
  23.7983854   37.4756513
  23.798673    37.4744307
  23.7989846   37.4732138
  23.7993203   37.472001
  23.7996798   37.4707924
  23.8000632   37.4695884
  23.8004703   37.4683894
  23.8009011   37.4671955
  23.8013553   37.4660071
  23.801833    37.4648245
  23.802334    37.463648
  23.8028581   37.4624778
  23.8034053   37.4613143
  23.8039754   37.4601577
  23.8045682   37.4590083
  23.8051837   37.4578664
  23.8058217   37.4567323
  23.8064819   37.4556063
  23.8071644   37.4544886
  23.8078688   37.4533795
  23.808595    37.4522793
  23.8093428   37.4511882
  23.8101121   37.4501066
  23.8109027   37.4490347
  23.8117143   37.4479727
  23.8125468   37.4469209
  23.8134      37.4458796
  23.8142736   37.444849
  23.8151675   37.4438295
  23.8160813   37.4428211
  23.817015    37.4418243
  23.8172      37.4416299
  23.8181392   37.440659
  23.8190973   37.4396998
  23.8200738   37.4387523
  23.8210687   37.437817
  23.8220817   37.4368939
  23.8231125   37.4359834
  23.8241608   37.4350856
  23.8252266   37.4342008
  23.8263094   37.4333291
  23.827409    37.4324708
  23.8285252   37.4316261
  23.8296577   37.4307952
  23.8308062   37.4299782
  23.8316507   37.4293959
  23.8323005   37.4288744
  23.8334416   37.4279874
  23.8346004   37.4271149
  23.8362922   37.4258615
  23.8374567   37.4250122
  23.8375916   37.424917
  23.8379467   37.4244678
  23.838814    37.4234088
  23.8397025   37.4223609
  23.8406118   37.4213244
  23.8415418   37.4202994
  23.8424923   37.4192864
  23.843463    37.4182855
  23.8444536   37.417297
  23.8454639   37.4163212
  23.8464937   37.4153582
  23.8475427   37.4144084
  23.8486106   37.413472
  23.8496972   37.4125492
  23.8508021   37.4116403
  23.8519251   37.4107455
  23.853066    37.4098649
  23.8542243   37.408999
  23.8553999   37.4081477
  23.8565924   37.4073115
  23.8578016   37.4064905
  23.859027    37.4056848
  23.8602685   37.4048948
  23.8615256   37.4041205
  23.8627981   37.4033623
  23.8640857   37.4026203
  23.865388    37.4018946
  23.8667047   37.4011855
  23.8667089   37.4011834
  23.8677353   37.4006136
  23.8690502   37.3999082
  23.8703791   37.3992194
  23.8717217   37.3985475
  23.8730775   37.3978927
  23.8744462   37.397255
  23.8758275   37.3966347
  23.8771435   37.3960654
  23.8781499   37.3955253
  23.8794606   37.3948454
  23.8807845   37.3941818
  23.8821213   37.3935349
  23.8834707   37.3929047
  23.8848324   37.3922914
  23.886206    37.3916951
  23.8875913   37.391116
  23.8889878   37.3905542
  23.8903952   37.3900098
  23.8918132   37.3894831
  23.8932414   37.3889741
  23.8946794   37.388483
  23.896127    37.3880098
  23.8975838   37.3875547
  23.8990493   37.3871178
  23.9005233   37.3866993
  23.9020054   37.3862991
  23.9034952   37.3859175
  23.9049923   37.3855544
  23.9064964   37.3852101
  23.9080072   37.3848845
  23.9095241   37.3845778
  23.911047    37.3842901
  23.9125753   37.3840213
  23.9141087   37.3837716
  23.9156469   37.3835411
  23.9171895   37.3833298
  23.918736    37.3831376
  23.9202861   37.3829648
  23.9204381   37.3829498
  23.9207759   37.3828981
  23.9223087   37.3826831
  23.9238454   37.3824872
  23.9253859   37.3823103
  23.9269296   37.3821525
  23.9284762   37.3820138
  23.9300254   37.3818944
  23.9315767   37.3817941
  23.9331298   37.3817131
  23.9346843   37.3816513
  23.9362398   37.3816088
  23.937796    37.3815856
  23.939048    37.3815824
  23.939453    37.3815736
  23.939627    37.381572
  23.9398009   37.3815687
  23.9404109   37.3815647
  23.9410208   37.3815591
  23.9411948   37.3815597
  23.9413688   37.3815586
  23.9419788   37.3815622
  23.9425888   37.3815642
  23.9427628   37.3815669
  23.9429367   37.381568
  23.9435466   37.3815793
  23.9441565   37.3815889
  23.9443303   37.3815938
  23.9445043   37.381597
  23.9451138   37.3816159
  23.9457234   37.3816331
  23.9458972   37.3816402
  23.9460711   37.3816456
  23.9466801   37.3816721
  23.9472893   37.3816969
  23.9474629   37.3817061
  23.9476367   37.3817137
  23.9482452   37.3817478
  23.9488538   37.3817802
  23.9490272   37.3817916
  23.9492008   37.3818013
  23.9498085   37.381843
  23.9504164   37.381883
  23.9505896   37.3818966
  23.9507629   37.3819085
  23.9513697   37.3819577
  23.9519768   37.3820053
  23.9521497   37.3820211
  23.9523228   37.3820351
  23.9529285   37.382092
  23.9535346   37.3821471
  23.9536868   37.3821619
  23.9538044   37.3821741
  23.9538799   37.3821812
  23.9541502   37.38221
  23.9552536   37.3823245
  23.956817    37.3825067
  23.9583766   37.3827085
  23.9596409   37.3828885
  23.9607758   37.3830372
  23.9622844   37.3832538
  23.9637887   37.3834888
  23.9652883   37.3837421
  23.9653712   37.3837572
  23.9654261   37.3837662
  23.9669568   37.3840375
  23.9684819   37.3843279
  23.9685007   37.3843316
  23.9701371   37.3846657
  23.9717662   37.3850218
  23.9733875   37.3853997
  23.9750004   37.3857993
  23.9766047   37.3862206
  23.9768582   37.3862891
  23.978326    37.3866957
  23.9797857   37.3871204
  23.9812369   37.3875632
  23.9826792   37.3880238
  23.9841123   37.3885022
  23.9855359   37.3889983
  23.9869496   37.3895119
  23.9883531   37.390043
  23.9897459   37.3905913
  23.9911279   37.3911568
  23.9924986   37.3917394
  23.9938577   37.3923388
  23.9952049   37.3929549
  23.9965399   37.3935877
  23.9978623   37.3942369
  23.9991718   37.3949023
  24.0004681   37.3955839
  24.0017509   37.3962814
  24.0030198   37.3969947
  24.0042747   37.3977236
  24.0055151   37.398468
  24.0067407   37.3992275
  24.0079513   37.4000022
  24.0091466   37.4007917
  24.0103263   37.4015959
  24.01149     37.4024146
  24.0126376   37.4032476
  24.0137687   37.4040946
  24.014883    37.4049556
  24.0159804   37.4058302
  24.0170604   37.4067182
  24.018123    37.4076195
  24.0191677   37.4085339
  24.0201944   37.409461
  24.0212027   37.4104007
  24.0221926   37.4113528
  24.0231636   37.4123169
  24.0241156   37.413293
  24.0250484   37.4142807
  24.0259617   37.4152798
  24.0268553   37.41629
  24.027729    37.4173112
  24.0277439   37.4173289
  24.0286078   37.4183736
  24.029451    37.4194289
  24.0302731   37.4204947
  24.0310739   37.4215706
  24.0318533   37.4226564
  24.032611    37.4237517
  24.0333469   37.4248565
  24.0340607   37.4259702
  24.0347524   37.4270928
  24.0354217   37.4282239
  24.0360685   37.4293631
  24.0366925   37.4305104
  24.0372937   37.4316652
  24.0378719   37.4328275
  24.038427    37.4339968
  24.0389587   37.4351729
  24.0394671   37.4363555
  24.0399519   37.4375443
  24.0404131   37.438739
  24.0408504   37.4399393
  24.0412639   37.4411449
  24.0416534   37.4423555
  24.0420188   37.4435708
  24.0423601   37.4447905
  24.042677    37.4460143
  24.0429697   37.4472419
  24.0432379   37.448473
  24.0434816   37.4497073
  24.0437008   37.4509445
  24.0438955   37.4521842
  24.0440654   37.4534262
  24.0442107   37.4546701
  24.0443312   37.4559157
  24.0444271   37.4571626
  24.0444981   37.4584106
  24.0445443   37.4596592
  24.0445658   37.4609083
  24.0445624   37.4621574
  24.0445342   37.4634064
  24.0444812   37.4646548
  24.0444034   37.4659023
  24.0443009   37.4671487
  24.0441736   37.4683937
  24.0440216   37.4696369
  24.0438449   37.470878
  24.0436436   37.4721167
  24.0434177   37.4733527
  24.0431673   37.4745858
  24.0428924   37.4758155
  24.0425932   37.4770416
  24.0422696   37.4782638
  24.0419217   37.4794818
  24.0415498   37.4806952
  24.0411537   37.4819039
  24.0407337   37.4831074
  24.0402899   37.4843055
  24.0398223   37.4854978
  24.039331    37.4866842
  24.0388163   37.4878642
  24.0382781   37.4890376
  24.0377168   37.4902042
  24.0371323   37.4913635
  24.0365249   37.4925154
  24.0358946   37.4936595
  24.0358712   37.4937011
  24.035227    37.4948222
  24.034561    37.4959353
  24.0338732   37.4970399
  24.0331638   37.498136
  24.032433    37.4992231
  24.031681    37.5003011
  24.030908    37.5013696
  24.030114    37.5024284
  24.0292995   37.5034773
  24.0285435   37.5044176
  24.0281106   37.5053215
  24.0275312   37.5064762
  24.0269291   37.5076236
  24.0263043   37.5087633
  24.0256571   37.509895
  24.0249876   37.5110186
  24.0242959   37.5121336
  24.0235822   37.5132399
  24.0228467   37.5143371
  24.0220896   37.5154251
  24.0213111   37.5165034
  24.0205114   37.517572
  24.0196906   37.5186304
  24.0188489   37.5196784
  24.0179866   37.5207159
  24.0171039   37.5217424
  24.016201    37.5227579
  24.0152781   37.5237619
  24.0143355   37.5247544
  24.0133733   37.5257349
  24.0123919   37.5267034
  24.0120033   37.5270807
  24.0109889   37.5280499
  24.0106352   37.528377
  24.0104877   37.5285364
  24.0095458   37.529521
  24.0085847   37.5304938
  24.0076046   37.5314546
  24.0066056   37.5324031
  24.0055881   37.5333391
  24.0045524   37.5342624
  24.0034985   37.5351728
  24.0024269   37.5360699
  24.0013891   37.5369253
  24.000265    37.537837
  23.9991225   37.5387342
  23.9979619   37.5396167
  23.9967836   37.5404842
  23.9955878   37.5413365
  23.9943749   37.5421735
  23.993145    37.5429948
  23.9918987   37.5438004
  23.9906362   37.5445899
  23.9893578   37.5453631
  23.9880638   37.54612
  23.9867547   37.5468602
  23.9854306   37.5475835
  23.9840921   37.5482899
  23.9827394   37.5489791
  23.9813728   37.5496509
  23.9799928   37.5503051
  23.9785996   37.5509417
  23.9771937   37.5515603
  23.9753563   37.5523536
  23.9739666   37.5529423
  23.9725653   37.5535136
  23.9711528   37.5540673
  23.9697295   37.5546032
  23.9682957   37.5551213
  23.9668517   37.5556213
  23.965398    37.5561032
  23.9647139   37.55632
  23.9633077   37.5567873
  23.9618548   37.5572491
  23.960393    37.5576927
  23.9589226   37.5581181
  23.957444    37.5585251
  23.9572653   37.5585718
  23.9560734   37.5591478
  23.9547257   37.5597763
  23.9533657   37.5603881
  23.9519938   37.5609828
  23.9506103   37.5615605
  23.9492155   37.5621209
  23.9478099   37.5626639
  23.9463937   37.5631894
  23.9449672   37.5636972
  23.943531    37.5641873
  23.9420852   37.5646594
  23.9413404   37.5648919
  23.9427155   37.5648766
  23.944288    37.5648788
  23.9458602   37.5649006
  23.9474319   37.564942
  23.947786    37.5649558
  23.9486475   37.5648938
  23.9502198   37.5648006
  23.9517938   37.5647271
  23.953369    37.5646733
  23.9549451   37.5646393
  23.9565217   37.564625
  23.9573019   37.5646228
  23.9588597   37.564628
  23.9604172   37.5646525
  23.961974    37.5646963
  23.9635298   37.5647593
  23.9650841   37.5648416
  23.9666366   37.564943
  23.968187    37.5650637
  23.9697347   37.5652035
  23.9702247   37.5652539
  23.9706407   37.5652812
  23.9722132   37.5654039
  23.973783    37.5655463
  23.9753498   37.5657085
  23.9769131   37.5658902
  23.9784727   37.5660916
  23.980028    37.5663125
  23.9815787   37.5665529
  23.9831244   37.5668127
  23.9846647   37.5670919
  23.9861993   37.5673903
  23.9877277   37.567708
  23.9892496   37.5680448
  23.9907645   37.5684006
  23.9922722   37.5687755
  23.9937722   37.5691691
  23.9952641   37.5695816
  23.9967476   37.5700127
  23.9982223   37.5704624
  23.9996879   37.5709305
  24.0011439   37.5714169
  24.0018717   37.5716655
  24.0021039   37.5717464
  24.0027388   37.5716283
  24.004289    37.5713606
  24.0058443   37.5711124
  24.0074044   37.5708838
  24.0089689   37.570675
  24.0105373   37.5704858
  24.0121094   37.5703164
  24.0136847   37.5701669
  24.0152628   37.5700372
  24.0168432   37.5699274
  24.0178703   37.5698691
  24.019404    37.5697244
  24.0210201   37.569593
  24.0226387   37.5694825
  24.0242593   37.5693929
  24.0258816   37.5693242
  24.027505    37.5692765
  24.0275033   37.5692774
  24.0276038   37.5692743
  24.0276368   37.5692737
  24.0276698   37.5692727
  24.0284206   37.5692595
  24.0291713   37.5692458
  24.0292043   37.5692456
  24.0292373   37.5692451
  24.0299883   37.5692412
  24.0307393   37.5692369
  24.0307723   37.5692371
  24.0308053   37.5692369
  24.0315562   37.5692424
  24.0323072   37.5692474
  24.0323402   37.5692481
  24.0323732   37.5692483
  24.0331239   37.5692631
  24.0338747   37.5692775
  24.0339077   37.5692786
  24.0339407   37.5692792
  24.034691    37.5693034
  24.0354414   37.5693271
  24.0354743   37.5693286
  24.0355073   37.5693296
  24.0362571   37.5693631
  24.0370069   37.5693962
  24.0370399   37.5693981
  24.0370728   37.5693995
  24.0378218   37.5694424
  24.0385709   37.5694848
  24.0386038   37.5694871
  24.0386367   37.5694889
  24.0393848   37.5695411
  24.0401329   37.5695928
  24.0401658   37.5695955
  24.0401987   37.5695978
  24.0409456   37.5696592
  24.0416926   37.5697203
  24.0417254   37.5697234
  24.0417582   37.5697261
  24.0425039   37.5697968
  24.0432496   37.5698672
  24.0432823   37.5698707
  24.0433151   37.5698738
  24.0440593   37.5699538
  24.0448035   37.5700334
  24.0448361   37.5700373
  24.0448688   37.5700408
  24.0456113   37.5701301
  24.0463539   37.570219
  24.0463864   37.5702233
  24.0464191   37.5702272
  24.0471597   37.5703257
  24.0479004   37.5704238
  24.0479329   37.5704285
  24.0479654   37.5704328
  24.048704    37.5705405
  24.0494427   37.5706479
  24.049475    37.570653
  24.0495075   37.5706577
  24.0502439   37.5707746
  24.0509803   37.5708911
  24.0510126   37.5708966
  24.0510449   37.5709018
  24.0517789   37.5710278
  24.0525129   37.5711535
  24.0525451   37.5711594
  24.0525773   37.5711649
  24.0533087   37.5713001
  24.0540402   37.5714349
  24.0540722   37.5714412
  24.0541043   37.5714471
  24.0548329   37.5715914
  24.0555617   37.5717352
  24.0555936   37.571742
  24.0556256   37.5717483
  24.0563512   37.5719016
  24.057077    37.5720545
  24.0571088   37.5720616
  24.0571406   37.5720684
  24.0578632   37.5722307
  24.0585858   37.5723926
  24.0586174   37.5724001
  24.0586492   37.5724073
  24.0593684   37.5725785
  24.0600877   37.5727495
  24.0601192   37.5727574
  24.0601508   37.5727649
  24.0608665   37.5729451
  24.0615824   37.573125
  24.0616137   37.5731333
  24.0616452   37.5731412
  24.0623572   37.5733303
  24.0630695   37.573519
  24.0631006   37.5735277
  24.0631319   37.573536
  24.0633625   37.5736005
  24.0766578   37.65507
  24.0796858   37.6670835
  24.0831119   37.6794036
  24.0869606   37.691963
  24.0912563   37.7046946
  24.0960234   37.7175312
  24.1012863   37.7304056
  24.1068896   37.7428545
  24.112631    37.7544728
  24.1184645   37.7652816
  24.124344    37.7753019
  24.1302236   37.7845543
  24.1360572   37.7930599
  24.1417989   37.8008393
  24.1474026   37.8079134
  24.1528224   37.814303
  24.1581178   37.8199453
  24.1734191   37.8323722
  24.1732181   37.8326817
  24.1724664   37.8337953
  24.1722518   37.8341072
  24.1714982   37.8351821
  24.1707235   37.8362477
  24.1699278   37.8373036
  24.1691114   37.8383495
  24.1682745   37.8393853
  24.1674173   37.8404106
  24.1665399   37.8414253
  24.1656426   37.8424289
  24.1648787   37.8432694
  24.1639332   37.8442923
  24.162967    37.8453029
  24.1619803   37.8463012
  24.1609735   37.8472869
  24.1599468   37.8482596
  24.1589004   37.8492192
  24.1587202   37.8493817
  24.1578651   37.8501409
  24.1578722   37.8502004
  24.1579941   37.8514358
  24.1580914   37.8526725
  24.1581641   37.8539102
  24.1582121   37.8551487
  24.1582354   37.8563876
  24.1582341   37.8576266
  24.1582081   37.8588654
  24.1581575   37.8601038
  24.1580822   37.8613413
  24.1579822   37.8625777
  24.1578577   37.8638127
  24.1577086   37.865046
  24.1575349   37.8662772
  24.1573368   37.8675062
  24.1571142   37.8687325
  24.1568672   37.8699558
  24.1565959   37.871176
  24.1563003   37.8723925
  24.1559805   37.8736053
  24.1556366   37.8748139
  24.1552687   37.8760181
  24.1548768   37.8772175
  24.1544611   37.8784119
  24.1540217   37.879601
  24.1535586   37.8807845
  24.153072    37.8819621
  24.1525621   37.8831334
  24.1520288   37.8842983
  24.1514724   37.8854564
  24.1508931   37.8866074
  24.1502908   37.8877511
  24.1496659   37.8888871
  24.1490184   37.8900152
  24.1483485   37.8911352
  24.1476564   37.8922467
  24.1474094   37.8926282
  24.1471502   37.8932948
  24.1466663   37.8944729
  24.146199    37.8955524
  24.1462463   37.8960801
  24.146332    37.8973121
  24.1463933   37.898545
  24.1464301   37.8997785
  24.1464424   37.9010122
  24.1464302   37.9022459
  24.1463935   37.9034793
  24.1463747   37.9039533
  24.1463116   37.905219
  24.1462227   37.9064837
  24.1461081   37.9077471
  24.1459676   37.9090088
  24.1458015   37.9102686
  24.1456098   37.911526
  24.1453924   37.9127809
  24.1451495   37.9140328
  24.1448811   37.9152815
  24.1445873   37.9165265
  24.1442681   37.9177677
  24.143939    37.9189497
  24.1439379   37.9190217
  24.1438952   37.9202586
  24.1438279   37.9214947
  24.1437359   37.9227299
  24.1436194   37.9239637
  24.1434783   37.925196
  24.1433126   37.9264263
  24.1431225   37.9276543
  24.1429079   37.9288799
  24.142669    37.9301026
  24.1424057   37.9313222
  24.1421182   37.9325383
  24.1418064   37.9337508
  24.1414706   37.9349592
  24.1411107   37.9361632
  24.1407269   37.9373626
  24.1403192   37.9385571
  24.1398878   37.9397464
  24.1394328   37.9409302
  24.1389542   37.9421082
  24.1384522   37.9432801
  24.1379269   37.9444455
  24.1373785   37.9456044
  24.136807    37.9467562
  24.1362127   37.9479009
  24.1355956   37.949038
  24.1349559   37.9501673
  24.1342939   37.9512885
  24.1336095   37.9524013
  24.1329031   37.9535055
  24.1321748   37.9546009
  24.1314247   37.955687
  24.130653    37.9567637
  24.1298601   37.9578307
  24.1296449   37.958115
  24.1301325   37.9590811
  24.1306756   37.9602072
  24.1311969   37.9613396
  24.131696    37.9624781
  24.132173    37.9636226
  24.13242     37.9642473
  24.1305044   37.973739
  24.1196307   38.012109
  24.0947454   38.0820107
  24.1269884   38.0874336
  24.1439713   38.1065699
  24.1463488   38.1187391
  24.1332939   38.1317772
  24.111656    38.1404927
  24.1231316   38.1731109
  24.1239115   38.1919152
  24.0840174   38.2067072
  24.0712887   38.2244497
  24.05747     38.2575897
  24.0350081   38.29962
  23.9785915   38.3203297
  23.9617601   38.3404949
  23.8760754   38.355176
  23.7994543   38.3617179
  23.7077013   38.3781576
  23.6902304   38.3407277
  23.6905079   38.3400781
  23.690551    38.3400324
  23.69072     38.3395822
  23.6908592   38.339141
  23.6909081   38.3386454
  23.6908462   38.3382533
  23.6904627   38.3367267
  23.6904585   38.3366192
  23.6903221   38.3360942
  23.6902997   38.336029
  23.6899109   38.3344
  23.6898777   38.3342631
  23.6892603   38.3317196
  23.6876515   38.328507
  23.6872957   38.3280194
  23.6869557   38.3275408
  23.6865955   38.326972
  23.6862522   38.3264214
  23.6859378   38.3258708
  23.6849105   38.3240025
  23.6829465   38.3231591
  23.6810254   38.3229646
  23.674628    38.3224604
  23.6696855   38.322077
  23.6681447   38.3219736
  23.6667494   38.3218885
  23.6661527   38.3218327
  23.6660623   38.3218189
  23.6658987   38.3217914
  23.6657158   38.3217594
  23.6654054   38.3216323
  23.665079    38.3214601
  23.6647198   38.3212068
  23.6644475   38.3209627
  23.6642049   38.3207096
  23.6640527   38.320529
  23.6600489   38.3156057
  23.659833    38.3152987
  23.6596404   38.3149016
  23.6595071   38.3145136
  23.6594931   38.314437
  23.6594301   38.3140898
  23.659452    38.3136032
  23.6595594   38.3131079
  23.6596809   38.3125765
  23.6598479   38.3120993
  23.6600029   38.3116852
  23.6627998   38.3049881
  23.6630804   38.3044482
  23.6644082   38.3024242
  23.6651737   38.3012638
  23.6651802   38.3012458
  23.6652481   38.300935
  23.665262    38.3007954
  23.6652474   38.3004709
  23.6651995   38.3001734
  23.6650536   38.299862
  23.6649898   38.2998213
  23.6646431   38.2996941
  23.6646038   38.299685
  23.6641649   38.2996026
  23.6636861   38.2995922
  23.6632695   38.2996451
  23.6628686   38.2997701
  23.660851    38.2989437
  23.6580085   38.2983051
  23.6542748   38.297073
  23.654016    38.2970046
  23.6539917   38.297
  23.6536036   38.2969313
  23.6529943   38.2969205
  23.6515897   38.2969343
  23.6501851   38.2969572
  23.6498079   38.29692
  23.6493673   38.2967655
  23.6489214   38.2965208
  23.6485775   38.2962584
  23.6483466   38.2959693
  23.6481044   38.2954189
  23.6480369   38.2951934
  23.6478754   38.2945169
  23.6477492   38.2939488
  23.6475225   38.2927855
  23.6474249   38.2922084
  23.6473713   38.2916765
  23.6473358   38.2911988
  23.6472835   38.2906939
  23.6470499   38.2893504
  23.6468946   38.2888002
  23.646411    38.2873567
  23.6462781   38.2869778
  23.6460572   38.2865626
  23.6452407   38.2850325
  23.6449531   38.2845675
  23.6441749   38.2837631
  23.6441151   38.2837088
  23.6429539   38.2827454
  23.6428536   38.2826685
  23.6416468   38.2819574
  23.6410718   38.2816357
  23.64055     38.2813006
  23.6401615   38.2810291
  23.6394723   38.2805042
  23.6390796   38.2801515
  23.6386571   38.2797627
  23.6382466   38.2793288
  23.6378966   38.2789312
  23.6376353   38.278606
  23.6374163   38.2782448
  23.6370231   38.2775496
  23.6364998   38.2765386
  23.6362887   38.2760243
  23.6353297   38.2736781
  23.6351642   38.2731909
  23.6349786   38.2726045
  23.6348955   38.2720635
  23.6349045   38.2716219
  23.6349405   38.2707839
  23.6349836   38.2704596
  23.6350911   38.2699642
  23.6352038   38.269568
  23.6354563   38.2687216
  23.6356328   38.2681544
  23.6362245   38.266196
  23.6362373   38.2661375
  23.6371574   38.2611205
  23.6371992   38.2607691
  23.637227    38.2604087
  23.6372148   38.2601473
  23.6372085   38.2601112
  23.6371652   38.2599128
  23.6370618   38.2594439
  23.6370481   38.2593987
  23.6367197   38.2585596
  23.6365457   38.2581445
  23.636307    38.2576571
  23.6360726   38.2572598
  23.6358546   38.2569256
  23.635638    38.2566006
  23.6353369   38.2560228
  23.6351593   38.2556167
  23.6349493   38.2551113
  23.6341649   38.2531262
  23.6340838   38.2529186
  23.6339665   38.2525758
  23.6338424   38.2520527
  23.6334272   38.2502399
  23.6333559   38.2499242
  23.6331998   38.249009
  23.6324268   38.2429367
  23.6321644   38.2404484
  23.6321333   38.2400968
  23.6324397   38.2400888
  23.6374685   38.2399197
  23.6376336   38.2398977
  23.6383911   38.2396612
  23.6384582   38.2395983
  23.6387614   38.239072
  23.6384715   38.2358176
  23.6378741   38.2328732
  23.6378486   38.232765
  23.6373624   38.232376
  23.6372995   38.2323262
  23.635886    38.2315873
  23.6369081   38.228738
  23.639687    38.227599
  23.6404273   38.2268151
  23.6406526   38.2259217
  23.6407706   38.2251969
  23.6399338   38.2251632
  23.6396226   38.2252306
  23.6389038   38.225475
  23.6383352   38.2254076
  23.6381742   38.2251885
  23.6380205   38.2247309
  23.6379747   38.2246767
  23.6357388   38.221345
  23.63561     38.2211511
  23.6355671   38.2209067
  23.6353633   38.2199879
  23.6353633   38.2189175
  23.6354062   38.2183021
  23.635374    38.217063
  23.635095    38.2161779
  23.6346216   38.2153114
  23.6341037   38.214805
  23.6336638   38.2144702
  23.6334998   38.2142061
  23.6334907   38.2141812
  23.6329707   38.2126206
  23.6333216   38.212171
  23.6333892   38.2119909
  23.6341629   38.2113174
  23.6331177   38.210485
  23.6328867   38.210268
  23.6329336   38.2099662
  23.6331773   38.209629
  23.6336973   38.2091529
  23.6338406   38.2090317
  23.6345053   38.2085291
  23.6349039   38.20826
  23.6362859   38.2070061
  23.6378084   38.2061555
  23.6394107   38.2035558
  23.6394485   38.2034749
  23.6392949   38.2014105
  23.6392648   38.2013609
  23.6365058   38.1982115
  23.6325796   38.1958065
  23.6322711   38.1956297
  23.631181    38.1949639
  23.6307894   38.1946968
  23.6290827   38.1935288
  23.6281607   38.1927283
  23.6279672   38.1924298
  23.6278384   38.1921684
  23.6275702   38.1917552
  23.6268192   38.1904904
  23.6256605   38.1886521
  23.6251861   38.186757
  23.6251724   38.1867119
  23.6252098   38.1862234
  23.6253611   38.185969
  23.6256673   38.1857447
  23.6260815   38.1856011
  23.627016    38.185429
  23.6271341   38.1854204
  23.6273234   38.185338
  23.6281033   38.1820483
  23.6284448   38.1794402
  23.6276476   38.1781309
  23.6273758   38.1777605
  23.6272469   38.1774672
  23.627233    38.1774266
  23.6271493   38.1767008
  23.6272722   38.1759712
  23.6273178   38.1758407
  23.6274105   38.1756336
  23.6276324   38.1752919
  23.6279336   38.1749999
  23.6282244   38.1748522
  23.6283049   38.1748118
  23.6291719   38.1745983
  23.6316816   38.1740068
  23.6283702   38.1716351
  23.6230362   38.1704735
  23.6216608   38.1702258
  23.6199156   38.169792
  23.6198996   38.1697875
  23.6169559   38.1688451
  23.6140285   38.1678216
  23.6107188   38.166585
  23.607145    38.1651942
  23.6070385   38.1651488
  23.6064611   38.1648402
  23.6062716   38.1647451
  23.605609    38.1642427
  23.6054828   38.1641071
  23.6053568   38.1639715
  23.6050721   38.1636641
  23.6045806   38.1629775
  23.6045597   38.1629504
  23.6030863   38.1610663
  23.6029756   38.1609668
  23.5998456   38.1587796
  23.5946128   38.1578154
  23.5941659   38.1577462
  23.5876261   38.1574666
  23.5865912   38.1576702
  23.5847408   38.1580332
  23.584678    38.1580285
  23.5833258   38.1578345
  23.5819572   38.1575277
  23.5806611   38.1571175
  23.5798815   38.1567857
  23.5796845   38.1566769
  23.5795324   38.1565907
  23.57925     38.1563148
  23.5790369   38.1559761
  23.5788885   38.1556015
  23.5787796   38.1549387
  23.5787686   38.1548711
  23.5788205   38.1545243
  23.5792843   38.1533859
  23.5794488   38.1528772
  23.5793185   38.1517232
  23.5777328   38.1494959
  23.5738874   38.1447684
  23.5723937   38.1435643
  23.5721576   38.1435004
  23.5695124   38.1430446
  23.567199    38.142752
  23.565844    38.142549
  23.5649748   38.1423609
  23.5640394   38.1421112
  23.56376     38.14196
  23.563416    38.141742
  23.562806    38.141195
  23.562135    38.140498
  23.561276    38.139801
  23.5611672   38.1397467
  23.557552    38.138473
  23.5522682   38.1376807
  23.541117    38.136011
  23.540403    38.135923
  23.5375108   38.1356791
  23.5365959   38.1356009
  23.5361951   38.1355332
  23.5306105   38.1350907
  23.5300339   38.1350794
  23.5159634   38.1353692
  23.5158546   38.1353733
  23.5158322   38.1358419
  23.5155737   38.1411312
  23.5161671   38.1423143
  23.5164502   38.1429279
  23.5163107   38.1430966
  23.5162463   38.143257
  23.5163504   38.1434936
  23.5164684   38.1438312
  23.5165328   38.1440083
  23.5166648   38.1442526
  23.5166616   38.1444977
  23.5166433   38.1447673
  23.5165146   38.1450036
  23.5163611   38.1451896
  23.5161573   38.1453837
  23.5159964   38.1455862
  23.5158172   38.1458136
  23.5156241   38.1459148
  23.5154739   38.1459486
  23.5153022   38.1459486
  23.5151735   38.1458642
  23.5150876   38.1456786
  23.5150125   38.1455014
  23.5149482   38.1453073
  23.5148301   38.1451555
  23.5147229   38.1450711
  23.5145405   38.1451133
  23.5143044   38.1452736
  23.514122    38.145417
  23.5139364   38.1457043
  23.5137465   38.1458727
  23.5136071   38.1460245
  23.5134214   38.1462275
  23.5133356   38.1464721
  23.5132712   38.1467506
  23.5132101   38.1470202
  23.5131886   38.1472142
  23.513176    38.1473745
  23.513164    38.1475268
  23.5131994   38.1476867
  23.5132176   38.1477884
  23.5130889   38.1480162
  23.5129526   38.1481508
  23.5128024   38.1481845
  23.5126415   38.1481676
  23.5125234   38.1480327
  23.5124483   38.1478639
  23.5124591   38.1477289
  23.5124698   38.1475602
  23.5124805   38.1474083
  23.5124483   38.1472986
  23.5123089   38.147248
  23.5120621   38.1472058
  23.5118046   38.1471805
  23.5115578   38.1471889
  23.5112574   38.1472564
  23.5108712   38.1473492
  23.5105815   38.1474167
  23.5102489   38.1475517
  23.5100665   38.147653
  23.5098627   38.1478217
  23.509838    38.1479993
  23.5099238   38.1483115
  23.5100022   38.148598
  23.5100022   38.1488258
  23.5099989   38.1490034
  23.5099271   38.1492982
  23.5098809   38.1496783
  23.5098305   38.1499985
  23.5097447   38.1503276
  23.5096803   38.1506482
  23.5095591   38.1512223
  23.5095269   38.151602
  23.5095698   38.1519816
  23.5095837   38.1523103
  23.5095376   38.1525469
  23.5092619   38.1527743
  23.509058    38.152884
  23.5087684   38.1529683
  23.5085752   38.1530696
  23.5083821   38.1531539
  23.5081461   38.1533227
  23.5078135   38.1533227
  23.5076311   38.1533311
  23.5073521   38.1533902
  23.5071827   38.1534068
  23.5070088   38.1534239
  23.506687    38.1534577
  23.5064295   38.1534914
  23.5061076   38.1535758
  23.5058501   38.1535842
  23.5056033   38.1536517
  23.5053459   38.1536601
  23.5050669   38.1536855
  23.5047987   38.1536601
  23.5044124   38.1535505
  23.504112    38.1534324
  23.5038331   38.1534239
  23.5035327   38.1534324
  23.5031679   38.1535252
  23.5029855   38.1537023
  23.5027924   38.1539217
  23.5026958   38.1541073
  23.5026819   38.1543608
  23.5027141   38.154673
  23.5027141   38.1548839
  23.5027141   38.1550695
  23.5026207   38.1551872
  23.5024169   38.1552462
  23.5021057   38.1552968
  23.5017946   38.1553137
  23.5014191   38.1552968
  23.5008612   38.1552378
  23.5003784   38.1552378
  23.5000136   38.1552631
  23.4995952   38.1553559
  23.499209    38.1554656
  23.4988764   38.1556259
  23.4985009   38.1558368
  23.4982755   38.1560477
  23.4980395   38.1563598
  23.4979      38.1567057
  23.4978357   38.1569757
  23.4977176   38.1572625
  23.497546    38.1574987
  23.4973529   38.1575915
  23.4970954   38.1575915
  23.4968915   38.1575662
  23.4967059   38.1574485
  23.4965482   38.1572794
  23.4964087   38.1570347
  23.4962371   38.1567395
  23.4960976   38.1564526
  23.4959796   38.1563177
  23.4957328   38.1562923
  23.495368    38.1562923
  23.4949174   38.1563936
  23.4944668   38.1565201
  23.4941557   38.1565707
  23.4938982   38.1565876
  23.49363     38.1565792
  23.4932223   38.156537
  23.4927363   38.1563687
  23.4922781   38.156208
  23.4917739   38.1560477
  23.4913984   38.1559211
  23.4910872   38.1558452
  23.4908619   38.1558705
  23.4906688   38.1560561
  23.4905615   38.1563177
  23.4904757   38.1567395
  23.4903759   38.1570099
  23.4902472   38.1571617
  23.4900465   38.1572878
  23.489832    38.1572035
  23.4895315   38.1570685
  23.4893062   38.1568407
  23.4890809   38.1566045
  23.4886518   38.1562923
  23.4882655   38.1561321
  23.4879405   38.1559975
  23.4874072   38.1559043
  23.4870532   38.1559633
  23.4863987   38.1561742
  23.4860018   38.1563177
  23.4855726   38.156537
  23.4853151   38.1565792
  23.4850147   38.1565707
  23.4847036   38.1565117
  23.4841886   38.156343
  23.4836307   38.1561827
  23.4831876   38.1560228
  23.4828689   38.1560224
  23.4825578   38.156073
  23.4823003   38.1561827
  23.4819999   38.1564273
  23.481678    38.1567985
  23.4813454   38.1571191
  23.4810987   38.1573384
  23.4807983   38.1574903
  23.4805944   38.1575072
  23.480294    38.1573806
  23.4799614   38.1572372
  23.4793713   38.1570263
  23.4788456   38.1569082
  23.4784272   38.1568238
  23.4781697   38.1569419
  23.4778478   38.1571022
  23.4776333   38.1571191
  23.4774187   38.1571022
  23.4771719   38.1572541
  23.4766462   38.1574734
  23.4761741   38.1575747
  23.4759167   38.1576337
  23.4756592   38.1577181
  23.4754017   38.157794
  23.4746936   38.1580049
  23.4742966   38.1581736
  23.4740606   38.1583002
  23.4737387   38.1583508
  23.4734168   38.1584267
  23.4730413   38.1584352
  23.4727946   38.1584605
  23.4725371   38.1584605
  23.47233     38.1585368
  23.4722045   38.1585786
  23.4720114   38.158722
  23.4717968   38.158857
  23.4715071   38.1590088
  23.4713247   38.1591269
  23.4711638   38.1592281
  23.4709599   38.1593125
  23.4706166   38.15938
  23.4702947   38.1594812
  23.4700158   38.1596246
  23.4699407   38.159844
  23.4698946   38.1600216
  23.4698656   38.1603248
  23.469798    38.1606374
  23.4697368   38.1609322
  23.4697336   38.161152
  23.4698195   38.1612701
  23.4699482   38.1614135
  23.4699514   38.1615733
  23.4698549   38.161683
  23.4697047   38.1617842
  23.4695115   38.1617927
  23.4692648   38.1617336
  23.4689504   38.1615906
  23.4685427   38.1613713
  23.4682563   38.1611853
  23.4680202   38.1609913
  23.4676769   38.1608141
  23.4674162   38.1607386
  23.4671512   38.1606791
  23.4668722   38.1606454
  23.4666148   38.1606791
  23.4664216   38.160831
  23.4664039   38.1608654
  23.4664077   38.161152
  23.4664828   38.1612785
  23.4666545   38.1615569
  23.4666652   38.1617425
  23.4666362   38.1618686
  23.4664431   38.1620204
  23.4662071   38.1620879
  23.4659603   38.1621554
  23.4657028   38.1622313
  23.4653702   38.1622313
  23.4652307   38.1622904
  23.4652597   38.1624258
  23.4654206   38.162586
  23.4655848   38.1627375
  23.4656138   38.162915
  23.465603    38.1630669
  23.4654131   38.1631592
  23.4652415   38.1632352
  23.4650483   38.1633111
  23.464866    38.1632605
  23.4646728   38.1631845
  23.4644904   38.163193
  23.4642544   38.1633026
  23.4640506   38.1633786
  23.4638038   38.1635304
  23.4636536   38.1636401
  23.4634497   38.1637244
  23.4632137   38.1638088
  23.4630742   38.1638088
  23.4628688   38.1637024
  23.4628167   38.1636569
  23.4626204   38.1635561
  23.4624058   38.1634127
  23.4622234   38.1632946
  23.4620335   38.1632605
  23.4618619   38.1632858
  23.4617546   38.1633954
  23.4617546   38.1635641
  23.4617439   38.1637329
  23.4617621   38.1639357
  23.4617836   38.1640707
  23.4617009   38.1643233
  23.4615615   38.1644836
  23.46154     38.1646355
  23.4613759   38.164813
  23.4612289   38.164956
  23.4611538   38.1651078
  23.4611645   38.1653103
  23.4611398   38.1655553
  23.4610433   38.165724
  23.4608609   38.1659349
  23.4607354   38.1660695
  23.4606034   38.1663314
  23.4604135   38.1665418
  23.4602311   38.1666684
  23.4599951   38.1668371
  23.4598569   38.1670129
  23.4598033   38.1671653
  23.4597892   38.1673317
  23.4598373   38.1675005
  23.4599219   38.16772
  23.4599602   38.167864
  23.4600907   38.1680655
  23.4602955   38.1683385
  23.4604949   38.1686347
  23.4605214   38.1687427
  23.4606208   38.1688663
  23.4606683   38.1689938
  23.4607084   38.1691405
  23.4607411   38.1692782
  23.4607856   38.1694005
  23.4607854   38.1695797
  23.4608349   38.1698854
  23.4608849   38.1700598
  23.4609986   38.1702554
  23.4610519   38.1703035
  23.4610882   38.1703362
  23.4611535   38.1704092
  23.4612381   38.1704673
  23.4612595   38.170552
  23.4612621   38.1707453
  23.4612108   38.1709399
  23.4610547   38.1711277
  23.4609319   38.1712522
  23.4608856   38.1712991
  23.4607276   38.1714162
  23.4605552   38.171589
  23.4603054   38.1718014
  23.4602214   38.1718318
  23.4601247   38.1718548
  23.460038    38.1719233
  23.4598985   38.1720751
  23.4598368   38.1721716
  23.4597558   38.1724045
  23.4597282   38.1725592
  23.4597491   38.1726623
  23.4597948   38.1727869
  23.4598206   38.1729722
  23.4598321   38.1731242
  23.4599202   38.1732773
  23.459996    38.1733632
  23.460088    38.1734232
  23.4602308   38.1735362
  23.4605964   38.1742649
  23.4606323   38.1743282
  23.4607093   38.1743961
  23.4614466   38.1750387
  23.4620713   38.175583
  23.4621096   38.1756147
  23.4634539   38.176788
  23.4635102   38.1768378
  23.4644358   38.1783922
  23.4644724   38.1784554
  23.4644946   38.1793298
  23.4625114   38.1870625
  23.4623942   38.1884904
  23.4620792   38.1923102
  23.4597153   38.1972877
  23.4576336   38.2016672
  23.4581832   38.2031748
  23.4589752   38.2040887
  23.4618514   38.2074095
  23.4600743   38.2088253
  23.4574767   38.2088223
  23.4574274   38.2088221
  23.4572642   38.2087808
  23.455565    38.2082818
  23.4538837   38.2077197
  23.4501292   38.2063819
  23.4484846   38.2058334
  23.4467845   38.2054739
  23.4467243   38.2054736
  23.4433647   38.2055704
  23.4432876   38.2055745
  23.4432439   38.2056014
  23.4426272   38.206004
  23.4426      38.2060219
  23.4425914   38.2060669
  23.4424083   38.2070484
  23.4430693   38.2094711
  23.4428543   38.2095019
  23.4425887   38.209415
  23.4347434   38.2077598
  23.4336286   38.2076949
  23.4320404   38.2076024
  23.4292665   38.2074409
  23.428158    38.2073764
  23.4248344   38.2079054
  23.4241264   38.2080687
  23.4200792   38.2092204
  23.4200555   38.2092293
  23.4199419   38.2092107
  23.4195456   38.2091186
  23.418776    38.2088174
  23.4180261   38.2084036
  23.4165351   38.2074274
  23.4161703   38.2072138
  23.4152336   38.2067269
  23.4150906   38.2066722
  23.4116568   38.2057988
  23.4088943   38.2056543
  23.4087958   38.2056493
  23.4047573   38.2067734
  23.4046597   38.2068315
  23.4015121   38.2087306
  23.4004947   38.2096853
  23.3987167   38.211357
  23.3956087   38.2125307
  23.3954486   38.2128092
  23.3952341   38.2128848
  23.3930881   38.2136172
  23.3930245   38.2136259
  23.3903575   38.2137608
  23.3902675   38.2137648
  23.3889925   38.2136726
  23.3859156   38.2133636
  23.3806793   38.2128765
  23.3799178   38.2128229
  23.3756591   38.2128904
  23.3743778   38.2132847
  23.3743644   38.2133116
  23.373679    38.214768
  23.3736765   38.2148085
  23.3738863   38.216486
  23.3743711   38.2203593
  23.3743825   38.2204495
  23.3723678   38.2234534
  23.3698973   38.2271038
  23.3699042   38.2271218
  23.3703647   38.2282869
  23.3715008   38.2294105
  23.3715815   38.229456
  23.3772547   38.2325374
  23.3775638   38.2327053
  23.3776572   38.2327283
  23.384289    38.2343179
  23.3912853   38.2360848
  23.3912708   38.2361072
  23.3904975   38.2373379
  23.3901211   38.2379398
  23.3901176   38.2379668
  23.3896601   38.2416099
  23.3896641   38.241646
  23.3899802   38.2444595
  23.3899922   38.2444776
  23.3928825   38.2489221
  23.3941168   38.251452
  23.3941866   38.25161
  23.3942045   38.2516507
  23.394491    38.2523191
  23.394717    38.252897
  23.3947921   38.2531047
  23.3948828   38.2533665
  23.3949594   38.2536824
  23.3950071   38.253962
  23.3950087   38.2540656
  23.3950105   38.2541963
  23.3949702   38.2544485
  23.3948635   38.2550427
  23.3947138   38.2557359
  23.3946032   38.2560688
  23.3945662   38.2561723
  23.3945066   38.2563387
  23.3943927   38.2565544
  23.3942653   38.256752
  23.3938907   38.2576468
  23.3935467   38.2591185
  23.3935231   38.2592896
  23.3934949   38.2594968
  23.3934698   38.2598121
  23.3932979   38.2629655
  23.3933782   38.2634886
  23.3934039   38.2635293
  23.3934356   38.2635791
  23.3935414   38.2637418
  23.3937466   38.2639411
  23.3940976   38.2642133
  23.3943618   38.264404
  23.3946795   38.2646534
  23.3948739   38.2648212
  23.3953295   38.2652201
  23.3955201   38.2654193
  23.3957261   38.2656457
  23.3958742   38.2658357
  23.3958968   38.2660431
  23.3959054   38.2661243
  23.3958974   38.266411
  23.3946826   38.2664006
  23.3915196   38.2667964
  23.3873032   38.267463
  23.386904    38.2675588
  23.386285    38.2679241
  23.3857045   38.2683695
  23.385033    38.2687108
  23.3837332   38.2689717
  23.3829862   38.2689699
  23.3802163   38.2686497
  23.3797565   38.2683876
  23.3795973   38.2681338
  23.379327    38.2672713
  23.3792816   38.2671263
  23.3792099   38.2668974
  23.3789697   38.2666415
  23.3774876   38.2657414
  23.3765385   38.2651382
  23.3733212   38.2637746
  23.3732092   38.2636753
  23.37278     38.2634142
  23.3721256   38.2631025
  23.3715784   38.2629256
  23.3710849   38.2628077
  23.3707094   38.2628329
  23.3699691   38.2629256
  23.3694863   38.2628919
  23.3690357   38.2628329
  23.3686494   38.262715
  23.3682847   38.2624707
  23.3677482   38.2621422
  23.3671796   38.2617888
  23.3666002   38.2613591
  23.3660423   38.2610474
  23.3655821   38.2607892
  23.3652484   38.2606599
  23.3651197   38.2605167
  23.3649265   38.2602556
  23.3648085   38.2601208
  23.3646047   38.2600702
  23.3642828   38.2600365
  23.3639931   38.2600534
  23.3634685   38.2601069
  23.362813    38.2600787
  23.3623945   38.2600787
  23.3619761   38.2599776
  23.3615695   38.2597699
  23.3611822   38.2596069
  23.3609569   38.2595732
  23.3606672   38.2596153
  23.3602595   38.2597164
  23.3600986   38.2598428
  23.3600127   38.2600281
  23.3599172   38.2601911
  23.3598421   38.2603596
  23.3596383   38.2605449
  23.3593797   38.2607105
  23.3590257   38.2608874
  23.3587145   38.2609969
  23.3584034   38.2611991
  23.3581684   38.2613031
  23.357867    38.2614181
  23.3574378   38.261435
  23.3569443   38.2614265
  23.3565795   38.2614013
  23.3563435   38.2613928
  23.3561396   38.2614181
  23.3558296   38.2614632
  23.3554315   38.2615361
  23.3550775   38.2616287
  23.35482     38.2617298
  23.3542953   38.2619181
  23.353908    38.2621253
  23.3534896   38.2623359
  23.3530604   38.2625465
  23.3526646   38.26271
  23.3522987   38.2628161
  23.3519768   38.2628329
  23.351773    38.2627656
  23.3514404   38.2626308
  23.3510338   38.262432
  23.3506786   38.2622348
  23.3504533   38.2620916
  23.350272    38.2620529
  23.3499609   38.262095
  23.3497989   38.2620916
  23.3495843   38.2619905
  23.3493268   38.2619484
  23.3491122   38.2619737
  23.348608    38.2620579
  23.3483076   38.2620748
  23.3481145   38.2620664
  23.3478784   38.2619147
  23.3475351   38.261713
  23.3472991   38.261435
  23.3469997   38.2612779
  23.3467519   38.2610643
  23.3463345   38.2608566
  23.3459912   38.2607724
  23.3457541   38.2607358
  23.3455513   38.2606545
  23.3453142   38.2604999
  23.3450889   38.2602556
  23.3449173   38.2601208
  23.344693    38.2600732
  23.3443497   38.2601406
  23.3440922   38.260208
  23.3438776   38.2602838
  23.3436083   38.2602556
  23.3433723   38.260264
  23.3431154   38.2603567
  23.3427828   38.260483
  23.3423863   38.2605281
  23.3420747   38.2605251
  23.3417099   38.2604914
  23.3411734   38.2604325
  23.3408087   38.2603819
  23.3404761   38.2603819
  23.3402615   38.2603988
  23.3400463   38.2604129
  23.3398752   38.2604241
  23.3393173   38.2605588
  23.3387165   38.2607273
  23.3381586   38.2608705
  23.337612    38.2610167
  23.337215    38.2610504
  23.3367102   38.2610643
  23.3363669   38.261098
  23.3361202   38.2611485
  23.3357983   38.2611401
  23.335573    38.2611317
  23.3354442   38.2610896
  23.3350473   38.2608031
  23.3348112   38.2605841
  23.3344899   38.2603849
  23.334189    38.2602724
  23.3339529   38.2602556
  23.3337169   38.2603061
  23.3333307   38.2603651
  23.3326655   38.260483
  23.332247    38.2606347
  23.331797    38.2608482
  23.3313351   38.2610811
  23.3309703   38.2612749
  23.3306055   38.2614939
  23.330348    38.2616793
  23.3263844   38.2643222
  23.322323    38.2649343
  23.3186071   38.2647054
  23.3164781   38.263467
  23.3161434   38.2615632
  23.3161194   38.2516484
  23.3020473   38.2517989
  23.2997484   38.2502009
  23.297514    38.2481079
  23.2976245   38.2446314
  23.2969464   38.243475
  23.2963742   38.2430594
  23.294295    38.2411118
  23.2918506   38.2376626
  23.2888413   38.2345432
  23.2881166   38.2324844
  23.2879264   38.2304856
  23.2883257   38.2283049
  23.2886284   38.2279316
  23.2907647   38.2262384
  23.2933829   38.2205786
  23.2933926   38.2204945
  23.2926869   38.2186881
  23.2919893   38.2171046
  23.2915533   38.2083087
  23.2920898   38.2065586
  23.2926347   38.204582
  23.2931537   38.1994509
  23.2927468   38.1937093
  23.293438    38.1928852
  23.2926327   38.1908249
  23.2898929   38.1873859
  23.2889618   38.1862171
  23.2867852   38.1845614
  23.2845386   38.183712
  23.2815543   38.1834925
  23.2763084   38.1826301
  23.273142    38.1822835
  23.271555    38.182302
  23.2692638   38.1829216
  23.2649723   38.1841411
  23.2602038   38.1849141
  23.2567686   38.1848225
  23.2529625   38.1846824
  23.2504481   38.1843711
  23.2498811   38.1843009
  23.2495968   38.1841015
  23.24876     38.1834404
  23.2412506   38.1837189
  23.2395474   38.1840207
  23.2355272   38.1851355
  23.2314343   38.1871728
  23.2286547   38.1881608
  23.225934    38.1894688
  23.2231435   38.189958
  23.2218629   38.1898488
  23.220016    38.1888383
  23.2189657   38.1879299
  23.2175508   38.1858475
  23.2155463   38.1840179
  23.2134011   38.1827643
  23.2115648   38.182202
  23.2087989   38.1821178
  23.203722    38.1816796
  23.2013652   38.180883
  23.1986749   38.1803368
  23.1960491   38.1804231
  23.1938243   38.1809186
  23.1911147   38.1812662
  23.1833334   38.1813176
  23.1808425   38.1806219
  23.1711409   38.1760793
  23.1684191   38.1753624
  23.1666383   38.1751088
  23.1651695   38.1751497
  23.1607274   38.1747655
  23.1596488   38.1744986
  23.1552393   38.1730689
  23.1539406   38.1724787
  23.1520012   38.1716514
  23.1490398   38.1708684
  23.1474621   38.1705809
  23.1425273   38.1699741
  23.1391241   38.1693735
  23.1353757   38.1686622
  23.1349249   38.1685195
  23.1325591   38.1680704
  23.1322467   38.1680336
  23.1310715   38.1679609
  23.1299158   38.1679908
  23.1258275   38.1683859
  23.1093124   38.1605057
  23.100367    38.1186963
  23.1152688   38.0657691
  23.1176307   38.0607111
  23.1177478   38.060666
  23.1192163   38.0587253
  23.1200568   38.0575465
  23.1203077   38.0568699
  23.1205062   38.0563377
  23.1206215   38.0558969
  23.1206879   38.0543653
  23.1199897   38.048957
  23.1197225   38.0475085
  23.119373    38.0459107
  23.1182558   38.0420495
  23.11716     38.0392293
  23.1160556   38.0365443
  23.1156103   38.0351936
  23.115343    38.0332674
  23.1153452   38.0326365
  23.1155522   38.031115
  23.1161372   38.0294025
  23.1163679   38.0285661
  23.1167852   38.0276815
  23.1169868   38.0274081
  23.1174615   38.0270196
  23.1180883   38.0267089
  23.1228548   38.0254197
  23.1257275   38.0247156
  23.1265849   38.0244741
  23.1275776   38.0240091
  23.1278663   38.0191108
  23.1260861   38.0192566
  23.1249123   38.0188964
  23.1202507   38.017352
  23.1190934   38.0168657
  23.1164837   38.0151923
  23.1156244   38.0145369
  23.1141952   38.0133095
  23.1135092   38.0119254
  23.1113207   38.0074386
  23.1099708   38.0047697
  23.1086459   38.0024795
  23.1081699   38.0014664
  23.106768    37.9959627
  23.1066861   37.995561
  23.1067118   37.9952007
  23.1108365   37.9883463
  23.1110969   37.9879968
  23.112674    37.9862873
  23.1149206   37.9845062
  23.1164002   37.9838278
  23.1170205   37.9836079
  23.1188399   37.9829629
  23.1194829   37.982783
  23.1231582   37.9818956
  23.1251846   37.9816584
  23.1279658   37.9810031
  23.1287148   37.9807878
  23.1320454   37.9796363
  23.1328591   37.9793133
  23.1343721   37.9783691
  23.1377246   37.9761496
  23.1383092   37.9756582
  23.1388143   37.975369
  23.1396192   37.9751496
  23.1470222   37.9733469
  23.1474668   37.9732735
  23.149896    37.9730342
  23.1522265   37.9729429
  23.1551277   37.9730268
  23.1579681   37.9730788
  23.1610885   37.9729433
  23.1622055   37.972771
  23.1635447   37.9723975
  23.165149    37.9718276
  23.1696909   37.9698139
  23.1719153   37.96873
  23.1724083   37.9682288
  23.1726426   37.9678609
  23.1771451   37.9597044
  23.1775193   37.9584633
  23.1771891   37.9544206
  23.1789667   37.9515125
  23.2317722   37.8850266
  23.2246055   37.8791288
  23.2193018   37.8702929
  23.2156894   37.8588962
  23.2135971   37.8453162
  23.2128533   37.8299305
  23.2132868   37.8131167
  23.2147261   37.7952528
  23.2169997   37.7767169
  23.2199363   37.7578878
  23.2233644   37.7391442
  23.2238908   37.7365778
  23.2271127   37.7208657
  23.2310098   37.7034318
  23.2348841   37.6872227
  23.2385644   37.6726187
  23.2418792   37.6600003
  23.244657    37.6497482
  23.2459765   37.6449632
  23.2003462   37.5967985
  23.1999336   37.5957443
  23.1998687   37.5957077
  23.1990929   37.5946073
  23.1987027   37.5942216
  23.1943336   37.5909313
  23.1934067   37.5904157
  23.1924439   37.5900328
  23.1914148   37.5897847
  23.190691    37.5896783
  23.1895588   37.5896683
  23.1873524   37.59007
  23.1862234   37.5901569
  23.186008    37.5901126
  23.1858251   37.5900032
  23.185315    37.5895242
  23.1852546   37.5886652
  23.1852841   37.5881742
  23.1866906   37.5842384
  23.1875151   37.5828538
  23.1890279   37.5816361
  23.189414    37.5812489
  23.1903298   37.5796959
  23.1904273   37.5793473
  23.1904383   37.5788945
  23.1902066   37.5758464
  23.1897938   37.5746764
  23.1879153   37.5706165
  23.1873701   37.5695289
  23.1871259   37.5691757
  23.1857125   37.567654
  23.1852033   37.5672944
  23.1847144   37.5671829
  23.1830183   37.5675182
  23.1811054   37.5679308
  23.1796913   37.5679458
  23.1783922   37.5678894
  23.1771997   37.5673718
  23.1765594   37.5670001
  23.1749623   37.5656009
  23.172       37.5628469
  23.1715704   37.5623707
  23.1712912   37.5619271
  23.169296    37.5566042
  23.1686172   37.5539112
  23.1684739   37.5525177
  23.1672989   37.5493795
  23.1666216   37.5479957
  23.1655166   37.5467418
  23.1648337   37.5458041
  23.1643158   37.5444732
  23.16498     37.5405549
  23.1650905   37.5400667
  23.1664107   37.5364369
  23.1670798   37.5346299
  23.1675306   37.5342275
  23.1678211   37.5341575
  23.1713052   37.5343352
  23.1732734   37.5312371
  23.1751557   37.5267707
  23.1765296   37.5252367
  23.1801014   37.5243356
  23.1858      37.5235217
  23.1935786   37.5216206
  23.1961011   37.5213606
  23.197226    37.5212601
  23.1987532   37.521266
  23.201291    37.5217226
  23.2043596   37.5223517
  23.207017    37.5227729
  23.2193818   37.5221274
  23.2196433   37.5220525
  23.2200921   37.5217671
  23.2209554   37.5210495
  23.2233734   37.5188841
  23.2236706   37.5185526
  23.2239795   37.5180679
  23.2240716   37.5178116
  23.2246816   37.515035
  23.2244513   37.5144341
  23.2243975   37.5140281
  23.2244516   37.5138573
  23.2246786   37.5136514
  23.2269158   37.512936
  23.2278889   37.512699
  23.228676    37.5126253
  23.230958    37.5122954
  23.2339458   37.5116095
  23.2355671   37.5109733
  23.2371949   37.5101546
  23.2398905   37.5086735
  23.2414525   37.5076673
  23.2428674   37.5065632
  23.2446237   37.5054545
  23.2462911   37.5044737
  23.2479258   37.5036797
  23.2482608   37.5035151
  23.2487738   37.50316
  23.2492766   37.5026607
  23.2502512   37.5020427
  23.2506335   37.5018514
  23.2510527   37.5017188
  23.2516725   37.5017498
  23.2530525   37.5019951
  23.2535214   37.5021536
  23.2549225   37.502834
  23.2554884   37.5032747
  23.2558979   37.5035161
  23.2573195   37.5041673
  23.2577497   37.5042804
  23.2582518   37.5043489
  23.2590968   37.5043159
  23.2602436   37.5040684
  23.2617652   37.503474
  23.2636521   37.5028661
  23.2645779   37.5026624
  23.2681127   37.5023035
  23.2686759   37.5023273
  23.2707505   37.5025519
  23.2713722   37.5025354
  23.2720322   37.5024043
  23.272218    37.5023063
  23.2725411   37.5019906
  23.2727232   37.5011061
  23.272678    37.50052
  23.2724252   37.4996509
  23.2721845   37.4990973
  23.2713401   37.4976229
  23.2704299   37.4963757
  23.2703497   37.4961138
  23.2703571   37.4957534
  23.270428    37.4955848
  23.2708676   37.495058
  23.2714297   37.4945522
  23.2731007   37.4935642
  23.273682    37.4932906
  23.2739068   37.4932695
  23.2742902   37.4933529
  23.2753704   37.4938395
  23.2758623   37.493935
  23.2791129   37.4937002
  23.2807428   37.4932752
  23.2818966   37.4930502
  23.2849768   37.4927782
  23.2862783   37.4927545
  23.2866381   37.4928738
  23.2893952   37.4942808
  23.2895792   37.4944531
  23.2902521   37.4954013
  23.2910989   37.4962469
  23.2915535   37.4965155
  23.2918286   37.4965848
  23.2932606   37.4957393
  23.2952594   37.494717
  23.2959092   37.4945654
  23.2965273   37.4945375
  23.297373    37.4947927
  23.3012455   37.4965688
  23.3019153   37.4968071
  23.3022573   37.4968001
  23.3024854   37.496673
  23.3026798   37.496451
  23.3030815   37.4953718
  23.3035189   37.4949012
  23.3040036   37.494521
  23.3043878   37.4943339
  23.3068256   37.4936159
  23.3076591   37.4932332
  23.3078617   37.4930789
  23.3085882   37.4923869
  23.3108394   37.4892543
  23.3111173   37.4888616
  23.3112247   37.4886054
  23.3116617   37.4869382
  23.3116798   37.4863096
  23.3106115   37.483365
  23.3098875   37.4809113
  23.3089005   37.4747156
  23.3088307   37.474269
  23.3087999   37.4733224
  23.3092098   37.4718714
  23.3097181   37.4709685
  23.3100186   37.4707674
  23.3109147   37.4702431
  23.3124243   37.4696412
  23.3151484   37.4686588
  23.3160294   37.4684972
  23.3257887   37.4678975
  23.3264691   37.4678811
  23.3273658   37.4681386
  23.3280998   37.4683749
  23.3298655   37.469266
  23.3333977   37.4705816
  23.3360802   37.4713944
  23.3405951   37.4725081
  23.3409301   37.4725077
  23.3412378   37.4724035
  23.3420532   37.4712701
  23.3429517   37.4686634
  23.3436975   37.4641608
  23.3436147   37.4630832
  23.3436726   37.4623625
  23.3439763   37.4614493
  23.3445066   37.4606545
  23.3455477   37.4597026
  23.346522    37.4591649
  23.3470436   37.4589921
  23.3475441   37.4589363
  23.3481469   37.4590522
  23.3488318   37.459367
  23.3492661   37.4596556
  23.3500636   37.4605861
  23.350426    37.4609306
  23.3514709   37.461547
  23.3528748   37.4621203
  23.3539835   37.4622931
  23.3641636   37.4638761
  23.3649518   37.4639344
  23.3652881   37.4639092
  23.3660579   37.4637601
  23.3673342   37.4633951
  23.3712336   37.4622081
  23.3733802   37.4622646
  23.3739983   37.4622115
  23.3758091   37.4615902
  23.3775076   37.460878
  23.3795089   37.4601585
  23.3825587   37.4590838
  23.3842702   37.458624
  23.3911134   37.4576658
  23.3915598   37.4576117
  23.3966561   37.4581651
  23.3996      37.4582364
  23.4001626   37.458183
  23.4010648   37.4577256
  23.401974    37.4573607
  23.4029334   37.4570929
  23.4052151   37.456568
  23.40824     37.4571038
  23.4091109   37.4575228
  23.4096982   37.457875
  23.4103103   37.4584053
  23.4136896   37.4616783
  23.4155782   37.4638621
  23.4163731   37.4645691
  23.416594    37.4647054
  23.417911    37.4651108
  23.418568    37.465238
  23.4197908   37.4655955
  23.4199809   37.4656866
  23.4203949   37.466119
  23.4213065   37.4674665
  23.4217011   37.4681647
  23.4220547   37.4685157
  23.4223453   37.4687312
  23.4226386   37.4688633
  23.4229725   37.4689145
  23.4261071   37.4687766
  23.4279555   37.4685782
  23.4359078   37.4667935
  23.4368949   37.4664602
  23.4372078   37.4662904
  23.4374713   37.4661538
  23.4393395   37.4651851
  23.4401123   37.4649138
  23.4419135   37.4647669
  23.4424176   37.4648233
  23.4431675   37.4650229
  23.443559    37.4650698
  23.4447428   37.4651182
  23.4457053   37.4650799
  23.4461982   37.4649921
  23.4529724   37.4636896
  23.4539961   37.4633068
  23.4543637   37.4630967
  23.4545554   37.4628271
  23.454616    37.462361
  23.4543539   37.4617671
  23.4542953   37.4613184
  23.4540354   37.4568262
  23.4539496   37.4550704
  23.4539393   37.4534727
  23.4540843   37.4525337
  23.4539747   37.451233
  23.4539097   37.4507414
  23.4536539   37.4497262
  23.4535345   37.4494237
  23.4528709   37.4483278
  23.4477872   37.4406989
  23.4459414   37.4393044
  23.4449615   37.4387702
  23.4438333   37.4379493
  23.443251    37.4368266
  23.4424084   37.4355562
  23.4421279   37.4352754
  23.4407021   37.4341149
  23.440325    37.433845
  23.4376453   37.4321603
  23.4365571   37.4316796
  23.4360457   37.4314
  23.4356772   37.4311211
  23.4336141   37.4293806
  23.4333376   37.4290548
  23.4330562   37.4281431
  23.4326326   37.4274041
  23.4323509   37.427067
  23.4308684   37.4255907
  23.4296978   37.4246769
  23.4282192   37.4232546
  23.4275767   37.422571
  23.4256209   37.4204771
  23.4249741   37.4195276
  23.4241252   37.4179055
  23.4237959   37.4169507
  23.4238217   37.41593
  23.4241204   37.4132118
  23.4241516   37.4129278
  23.4245059   37.412119
  23.4316978   37.3747741
  23.4183426   37.3733504
  23.4024352   37.3717256
  23.3864263   37.3700599
  23.3705443   37.3682767
  23.3550173   37.3662993
  23.3400735   37.3640511
  23.325941    37.3614552
  23.3128481   37.3584352
  23.301023    37.3549141
  23.2906938   37.3508153
  23.2820887   37.346062
  23.275436    37.3405774
  23.2709638   37.3342846
  23.2662395   37.3251566
  23.2613999   37.316775
  23.2564253   37.3091349
  23.2512961   37.3022314
  23.2459927   37.2960595
  23.2404954   37.2906142
  23.2347846   37.2858906
  23.2288407   37.2818834
  23.222644    37.2785878
  23.216175    37.2759986
  23.2094139   37.2741108
  23.2023412   37.2729191
  23.1949371   37.2724185
  23.1871822   37.2726038
  23.1790567   37.2734699
  23.170541    37.2750114
  23.1616155   37.2772233
  23.1522605   37.2801003
  23.1424565   37.2836371
  23.1321838   37.2878285
  23.1305918   37.2884044
  23.1260696   37.2899947
  23.1189975   37.2923936
  23.109756    37.2953953
  22.9842397   37.3066134
END
3
  23.1789972   35.8611512
  23.1785107   35.8617141
  23.1774906   35.862034
  23.1760492   35.862507
  23.1746172   35.8629981
  23.1731947   35.8635072
  23.1717822   35.8640343
  23.17038     35.8645791
  23.1689884   35.8651415
  23.1676078   35.8657214
  23.1662385   35.8663187
  23.1648809   35.8669332
  23.1635352   35.8675648
  23.1622019   35.8682132
  23.1608812   35.8688784
  23.1595734   35.8695602
  23.1582789   35.8702584
  23.156998    35.8709729
  23.1557309   35.8717034
  23.1544781   35.8724499
  23.1532398   35.873212
  23.1520162   35.8739897
  23.1508078   35.8747827
  23.1496147   35.8755909
  23.1484374   35.876414
  23.147276    35.8772519
  23.1461308   35.8781043
  23.1450022   35.8789711
  23.1438904   35.879852
  23.1427957   35.8807468
  23.1417182   35.8816554
  23.1413199   35.8819965
  23.1402819   35.8828993
  23.1392609   35.8838148
  23.1382573   35.8847428
  23.1372713   35.8856831
  23.1363031   35.8866354
  23.135353    35.8875996
  23.1344211   35.8885754
  23.1335077   35.8895626
  23.132613    35.890561
  23.1317373   35.8915703
  23.1308806   35.8925903
  23.1300432   35.8936208
  23.1292253   35.8946614
  23.1284271   35.8957121
  23.1276488   35.8967724
  23.1268906   35.8978423
  23.1261526   35.8989213
  23.1261358   35.8989464
  23.1254184   35.9000341
  23.1247215   35.9011307
  23.1240454   35.9022356
  23.1233901   35.9033488
  23.1227559   35.9044699
  23.1221429   35.9055988
  23.1215512   35.906735
  23.120981    35.9078784
  23.1204323   35.9090287
  23.1199054   35.9101857
  23.1194003   35.9113489
  23.1189172   35.9125183
  23.1184562   35.9136935
  23.1184481   35.9137147
  23.117995    35.9149349
  23.1175657   35.9161608
  23.1171603   35.9173919
  23.116779    35.918628
  23.1164217   35.9198689
  23.1160886   35.9211141
  23.1157798   35.9223634
  23.1154953   35.9236164
  23.1152353   35.924873
  23.1152235   35.9249358
  23.1148251   35.9256129
  23.1141777   35.9267588
  23.1135523   35.9279127
  23.1129493   35.9290743
  23.1123687   35.9302434
  23.1118106   35.9314197
  23.1112753   35.9326029
  23.1107628   35.9337926
  23.1102733   35.9349887
  23.1098069   35.9361907
  23.1093637   35.9373985
  23.1089438   35.9386118
  23.1085473   35.9398301
  23.1081743   35.9410533
  23.1078249   35.942281
  23.1074992   35.943513
  23.1071973   35.9447489
  23.1069192   35.9459885
  23.1069109   35.9460272
  23.1066568   35.9472694
  23.1064267   35.9485145
  23.1062205   35.9497625
  23.1060384   35.9510128
  23.1058804   35.9522653
  23.1057465   35.9535196
  23.1056368   35.9547754
  23.1055513   35.9560324
  23.1054899   35.9572903
  23.1054528   35.9585488
  23.1054399   35.9598076
  23.1054513   35.9610665
  23.1054868   35.962325
  23.1055466   35.9635828
  23.1056306   35.9648398
  23.1057388   35.9660955
  23.1058711   35.9673497
  23.1060276   35.968602
  23.1062081   35.9698522
  23.1064127   35.9710999
  23.1066413   35.9723449
  23.1068938   35.9735869
  23.1071702   35.9748255
  23.1074704   35.9760604
  23.1077944   35.9772914
  23.108142    35.9785181
  23.1085132   35.9797403
  23.1089079   35.9809576
  23.1093259   35.9821698
  23.1097673   35.9833765
  23.1102318   35.9845775
  23.1107194   35.9857725
  23.11123     35.9869612
  23.1117633   35.9881433
  23.1123194   35.9893185
  23.112898    35.9904866
  23.1134991   35.9916471
  23.1141224   35.9928
  23.1147679   35.9939448
  23.1154353   35.9950814
  23.1161245   35.9962094
  23.1168353   35.9973285
  23.1175677   35.9984385
  23.1183213   35.9995392
  23.119096    36.0006302
  23.1198916   36.0017112
  23.120708    36.0027821
  23.1215449   36.0038426
  23.122402    36.0048924
  23.1232794   36.0059312
  23.1241766   36.0069589
  23.1250935   36.0079751
  23.1260298   36.0089796
  23.1269854   36.0099722
  23.12796     36.0109526
  23.1279815   36.0109738
  23.1289885   36.0119549
  23.1300145   36.0129229
  23.1310593   36.0138777
  23.1321225   36.0148191
  23.1332041   36.0157467
  23.1343036   36.0166604
  23.1354208   36.0175599
  23.1365554   36.018445
  23.1377072   36.0193155
  23.1388758   36.0201712
  23.140061    36.0210118
  23.1412624   36.0218372
  23.1424798   36.0226472
  23.1437129   36.0234414
  23.1449613   36.0242199
  23.1462248   36.0249822
  23.147503    36.0257284
  23.1487956   36.0264581
  23.1501023   36.0271712
  23.1514227   36.0278675
  23.1527566   36.0285468
  23.1541036   36.0292091
  23.1554633   36.029854
  23.1568355   36.0304815
  23.1582198   36.0310914
  23.1596158   36.0316835
  23.1610231   36.0322578
  23.1624416   36.0328139
  23.1638707   36.0333519
  23.1653101   36.0338716
  23.1667595   36.0343728
  23.1682185   36.0348555
  23.1696867   36.0353194
  23.1711638   36.0357646
  23.1726495   36.0361908
  23.1741432   36.036598
  23.1756448   36.0369861
  23.1757083   36.0370016
  23.1762636   36.0374085
  23.1774339   36.0382395
  23.1786201   36.0390557
  23.179822    36.0398568
  23.1810391   36.0406426
  23.1822713   36.041413
  23.1835181   36.0421677
  23.1847794   36.0429066
  23.1860548   36.0436295
  23.187344    36.0443362
  23.1886467   36.0450265
  23.1899625   36.0457003
  23.1912912   36.0463575
  23.1926324   36.0469978
  23.1939857   36.047621
  23.195351    36.0482272
  23.1967278   36.048816
  23.1981157   36.0493874
  23.1995146   36.0499412
  23.2009239   36.0504772
  23.2023434   36.0509955
  23.2037728   36.0514957
  23.2052116   36.0519779
  23.2066596   36.0524419
  23.2081163   36.0528875
  23.2095815   36.0533147
  23.2110547   36.0537233
  23.2125356   36.0541134
  23.2140239   36.0544847
  23.2155192   36.0548371
  23.217021    36.0551707
  23.2185292   36.0554853
  23.2200432   36.0557808
  23.2200999   36.0557915
  23.2216266   36.0560691
  23.2231585   36.0563274
  23.2246952   36.0565662
  23.2262364   36.0567855
  23.2277816   36.0569852
  23.2293305   36.0571654
  23.2308827   36.0573259
  23.2324378   36.0574667
  23.2339954   36.0575877
  23.2355553   36.057689
  23.2371169   36.0577706
  23.2386527   36.0578312
  23.2391531   36.0578783
  23.2407128   36.0580048
  23.2422747   36.0581116
  23.2438385   36.0581985
  23.2454038   36.0582656
  23.2469702   36.0583127
  23.2485373   36.05834
  23.2501048   36.0583474
  23.2516722   36.0583349
  23.2532392   36.0583025
  23.2548054   36.0582502
  23.2563703   36.0581781
  23.2579337   36.058086
  23.259495    36.0579742
  23.2610541   36.0578425
  23.2626103   36.0576911
  23.2641634   36.0575199
  23.265713    36.057329
  23.2672588   36.0571185
  23.2688002   36.0568884
  23.270337    36.0566387
  23.2718687   36.0563696
  23.273395    36.056081
  23.2749155   36.0557731
  23.2764299   36.055446
  23.2779377   36.0550996
  23.2794386   36.0547342
  23.2809322   36.0543497
  23.2824182   36.0539464
  23.2828131   36.0538364
  23.2843342   36.0534016
  23.2858464   36.0529469
  23.2873493   36.0524725
  23.2888426   36.0519786
  23.2903258   36.0514652
  23.2917985   36.0509325
  23.2932604   36.0503806
  23.294711    36.0498097
  23.2953082   36.0495698
  23.2966393   36.0490251
  23.2979601   36.0484644
  23.2992705   36.0478877
  23.30057     36.0472953
  23.3006456   36.0472602
  23.3008917   36.0471461
  23.3022588   36.0465002
  23.303613    36.0458368
  23.3049541   36.0451562
  23.3062816   36.0444584
  23.3075952   36.0437437
  23.3088947   36.0430122
  23.3101797   36.0422642
  23.3114498   36.0414997
  23.3127048   36.0407191
  23.3139443   36.0399224
  23.3151681   36.03911
  23.3155441   36.0388563
  23.3167309   36.0380427
  23.3179019   36.0372143
  23.3190568   36.0363712
  23.3201952   36.0355136
  23.3213171   36.0346418
  23.322422    36.0337559
  23.3235096   36.0328562
  23.3245798   36.0319429
  23.3256323   36.0310162
  23.3266668   36.0300764
  23.327683    36.0291236
  23.3286808   36.0281581
  23.3296598   36.0271801
  23.3306199   36.0261899
  23.3315607   36.0251877
  23.3324822   36.0241738
  23.3333839   36.0231483
  23.3342659   36.0221116
  23.3351277   36.0210639
  23.3359692   36.0200054
  23.3367902   36.0189365
  23.3375906   36.0178573
  23.33837     36.0167681
  23.3391283   36.0156692
  23.3398654   36.0145609
  23.3405811   36.0134434
  23.3412751   36.012317
  23.3419473   36.011182
  23.3425976   36.0100386
  23.3432257   36.0088872
  23.3435735   36.0082359
  23.3441668   36.0071014
  23.3447386   36.0059596
  23.3452888   36.0048109
  23.3458173   36.0036555
  23.3463239   36.0024937
  23.3468086   36.0013257
  23.3472712   36.0001519
  23.3477116   35.9989725
  23.3481297   35.9977878
  23.3485254   35.9965981
  23.3485461   35.9965339
  23.3489263   35.9953162
  23.3492831   35.9940939
  23.3496164   35.9928672
  23.349926    35.9916364
  23.350212    35.9904019
  23.3504741   35.9891639
  23.3507125   35.9879227
  23.350927    35.9866787
  23.3511175   35.9854321
  23.3512841   35.9841832
  23.3514266   35.9829324
  23.3515451   35.9816799
  23.3516395   35.980426
  23.3517098   35.9791711
  23.3517559   35.9779154
  23.3517779   35.9766593
  23.3517758   35.975403
  23.3517496   35.9741469
  23.3516992   35.9728913
  23.3516247   35.9716364
  23.3515261   35.9703826
  23.3514034   35.9691302
  23.3512566   35.9678794
  23.3510859   35.9666306
  23.3508911   35.9653841
  23.3508741   35.9652817
  23.350747    35.9645611
  23.3513987   35.9642691
  23.3527518   35.9636403
  23.3540925   35.9629945
  23.3554206   35.9623318
  23.3567358   35.9616524
  23.3580376   35.9609564
  23.3593259   35.960244
  23.3606003   35.9595154
  23.3618604   35.9587708
  23.3620835   35.9586345
  23.3625161   35.9583782
  23.3637651   35.9576134
  23.3649991   35.9568329
  23.3662179   35.9560368
  23.3674211   35.9552252
  23.3686084   35.9543985
  23.3697795   35.9535568
  23.3709342   35.9527004
  23.3720721   35.9518293
  23.373193    35.9509439
  23.3742966   35.9500444
  23.374524    35.9498531
  23.3755168   35.9491934
  23.3766989   35.9483825
  23.3768611   35.9482695
  23.3780388   35.9474359
  23.3792001   35.9465875
  23.3803449   35.9457244
  23.3814728   35.9448468
  23.3825837   35.9439551
  23.3836771   35.9430494
  23.3847528   35.9421299
  23.3858106   35.9411968
  23.3868503   35.9402505
  23.3878715   35.939291
  23.3888739   35.9383187
  23.3897427   35.9374487
  23.389779    35.937416
  23.3907967   35.9364672
  23.391796    35.9355056
  23.3927767   35.9345316
  23.3937387   35.9335454
  23.3946815   35.9325472
  23.3956051   35.9315372
  23.3965092   35.9305157
  23.3973935   35.9294829
  23.398258    35.9284391
  23.3991022   35.9273845
  23.3999262   35.9263194
  23.4007295   35.925244
  23.4015122   35.9241587
  23.4022738   35.9230636
  23.4030144   35.921959
  23.4037337   35.9208452
  23.4044315   35.9197225
  23.4050334   35.9187154
  23.4051601   35.9185328
  23.4059042   35.9174195
  23.4066267   35.9162969
  23.4073274   35.9151652
  23.4080062   35.9140248
  23.4086628   35.9128759
  23.4092972   35.9117188
  23.409909    35.9105538
  23.4104983   35.9093811
  23.4110648   35.9082011
  23.4116085   35.907014
  23.4121291   35.9058202
  23.4126266   35.9046199
  23.4131008   35.9034134
  23.4135517   35.902201
  23.4139048   35.9011946
  23.414289    35.9004265
  23.4145733   35.899845
  23.4151398   35.8986593
  23.4156832   35.8974664
  23.4162033   35.8962668
  23.4167001   35.8950607
  23.4171735   35.8938484
  23.4176232   35.8926301
  23.4180492   35.8914063
  23.4184515   35.8901772
  23.4188298   35.8889431
  23.4191842   35.8877043
  23.419223    35.8875637
  23.4195545   35.8863156
  23.4198616   35.8850635
  23.4201443   35.8838076
  23.4202037   35.8835177
  23.4202932   35.8832493
  23.4203895   35.8829415
  23.4207241   35.8822108
  23.4212426   35.8810222
  23.4217381   35.8798272
  23.4220885   35.8789597
  23.4225637   35.8777513
  23.4230155   35.8765369
  23.4234437   35.875317
  23.4238483   35.8740917
  23.4242291   35.8728614
  23.4245861   35.8716264
  23.4249191   35.8703871
  23.4252281   35.8691436
  23.425513    35.8678963
  23.4257737   35.8666455
  23.4260102   35.8653916
  23.4262224   35.8641348
  23.4264102   35.8628754
  23.4265737   35.8616138
  23.4267127   35.8603502
  23.4268273   35.859085
  23.4269174   35.8578185
  23.4269329   35.8575661
  23.4269991   35.8562833
  23.4270401   35.8549999
  23.4270447   35.8546344
  23.4272241   35.8534837
  23.4273989   35.8521976
  23.4275483   35.8509092
  23.4276722   35.8496192
  23.4277136   35.8490769
  23.4279121   35.8476654
  23.4279382   35.8474635
  23.4280891   35.8462014
  23.4282155   35.8449376
  23.4283175   35.8436722
  23.428395    35.8424057
  23.428448    35.8411384
  23.4284688   35.8402121
  23.4285419   35.8395949
  23.428667    35.8383315
  23.4287676   35.8370665
  23.4288438   35.8358005
  23.4288608   35.8353834
  23.4289534   35.8345705
  23.4290731   35.8333035
  23.4291682   35.832035
  23.4292387   35.8307655
  23.4292846   35.8294952
  23.4293059   35.8282244
  23.4293155   35.82687
  23.4293123   35.8256035
  23.4292846   35.8243371
  23.4292325   35.8230712
  23.4291559   35.8218061
  23.429055    35.8205421
  23.4289296   35.8192796
  23.4287799   35.8180187
  23.4286059   35.8167599
  23.4284077   35.8155034
  23.4281852   35.8142496
  23.4279385   35.8129988
  23.4276677   35.8117512
  23.4273729   35.8105071
  23.4270541   35.809267
  23.4267114   35.808031
  23.4263449   35.8067995
  23.4259547   35.8055728
  23.4255409   35.8043512
  23.4251036   35.8031349
  23.4246428   35.8019244
  23.4241587   35.8007198
  23.4236515   35.7995215
  23.4231212   35.7983297
  23.422568    35.7971448
  23.4219919   35.7959671
  23.4213933   35.7947968
  23.4207721   35.7936342
  23.4201286   35.7924797
  23.4194628   35.7913334
  23.4187751   35.7901957
  23.4180654   35.7890669
  23.4173341   35.7879471
  23.4165813   35.7868368
  23.4158071   35.7857362
  23.4150119   35.7846455
  23.4141956   35.7835651
  23.4133587   35.7824951
  23.4125011   35.7814358
  23.4116233   35.7803876
  23.4111501   35.779841
  23.4107922   35.7793724
  23.4099496   35.7783067
  23.4090866   35.7772518
  23.4082034   35.7762079
  23.4073002   35.7751754
  23.4063771   35.7741544
  23.4054346   35.7731453
  23.405043    35.7727394
  23.4050085   35.7727029
  23.4049227   35.7726147
  23.4044726   35.7721482
  23.4043231   35.7719957
  23.4041788   35.7718508
  23.4040365   35.7717047
  23.403686    35.7713561
  23.4033375   35.7710063
  23.4031904   35.7708633
  23.4030452   35.770719
  23.402688    35.770375
  23.4023328   35.7700296
  23.4021829   35.7698885
  23.402035    35.769746
  23.4016712   35.7694066
  23.4013093   35.7690658
  23.4011567   35.7689266
  23.4010061   35.7687861
  23.4006357   35.7684513
  23.4002673   35.7681152
  23.400112    35.7679779
  23.3999587   35.7678393
  23.3995819   35.7675093
  23.399207    35.7671779
  23.3990491   35.7670427
  23.3988931   35.766906
  23.39851     35.7665809
  23.3981287   35.7662543
  23.3979682   35.7661211
  23.3978096   35.7659864
  23.3974202   35.7656662
  23.3970326   35.7653445
  23.3968696   35.7652133
  23.3967084   35.7650807
  23.3963128   35.7647655
  23.3959191   35.7644488
  23.3957536   35.7643197
  23.3955898   35.7641891
  23.3951882   35.763879
  23.3947884   35.7635673
  23.3946203   35.7634404
  23.3944541   35.7633119
  23.3940465   35.7630069
  23.3936407   35.7627004
  23.3934703   35.7625756
  23.3933015   35.7624493
  23.3928881   35.7621495
  23.3924765   35.7618482
  23.3923036   35.7617256
  23.3921324   35.7616015
  23.3917133   35.761307
  23.3912958   35.761011
  23.3911206   35.7608906
  23.390947    35.7607686
  23.3905222   35.7604795
  23.3900991   35.7601888
  23.3899216   35.7600707
  23.3897457   35.759951
  23.3893153   35.7596673
  23.3888866   35.7593821
  23.3887068   35.7592662
  23.3885286   35.7591488
  23.3880929   35.7588706
  23.3876587   35.7585908
  23.3874767   35.7584773
  23.3872962   35.7583621
  23.3868551   35.7580896
  23.3864156   35.7578154
  23.3862314   35.7577042
  23.3860488   35.7575913
  23.3856024   35.7573244
  23.3851576   35.7570558
  23.3849713   35.756947
  23.3847865   35.7568364
  23.3843351   35.7565753
  23.3838851   35.7563124
  23.3836967   35.7562059
  23.3835098   35.7560978
  23.3830534   35.7558424
  23.3825984   35.7555853
  23.382408    35.7554812
  23.382219    35.7553755
  23.3817576   35.7551259
  23.3812978   35.7548746
  23.3811053   35.754773
  23.3809143   35.7546697
  23.3804482   35.754426
  23.3799835   35.7541807
  23.3797891   35.7540815
  23.3795961   35.7539806
  23.3791254   35.7537429
  23.378656    35.7535035
  23.3784597   35.7534069
  23.3782648   35.7533084
  23.3777895   35.7530768
  23.3773155   35.7528434
  23.3771174   35.7527492
  23.3769206   35.7526533
  23.3764409   35.7524277
  23.3759625   35.7522004
  23.3757626   35.7521088
  23.3755639   35.7520154
  23.3750799   35.751796
  23.3745971   35.7515747
  23.3743955   35.7514857
  23.374195    35.7513948
  23.3737068   35.7511816
  23.3732198   35.7509666
  23.3730165   35.7508801
  23.3728143   35.7507918
  23.372322    35.7505848
  23.371831    35.750376
  23.3716259   35.7502921
  23.3714221   35.7502064
  23.3709259   35.7500057
  23.3704308   35.7498032
  23.3702242   35.749722
  23.3700187   35.7496389
  23.3695187   35.7494445
  23.3690197   35.7492484
  23.3688116   35.7491698
  23.3686045   35.7490893
  23.3681008   35.7489014
  23.3675981   35.7487115
  23.3673885   35.7486356
  23.3671799   35.7485578
  23.3666726   35.7483763
  23.3661663   35.7481929
  23.3659552   35.7481197
  23.3657451   35.7480445
  23.3652343   35.7478695
  23.3647246   35.7476926
  23.3645121   35.747622
  23.3643006   35.7475496
  23.3637865   35.7473811
  23.3632734   35.7472107
  23.3630596   35.7471429
  23.3628467   35.7470731
  23.3623294   35.7469112
  23.361813    35.7467474
  23.3615979   35.7466823
  23.3613837   35.7466153
  23.3608634   35.74646
  23.3603439   35.7463028
  23.3601275   35.7462404
  23.3599121   35.7461761
  23.3593888   35.7460275
  23.3588663   35.7458769
  23.3586488   35.7458173
  23.3584321   35.7457558
  23.357906    35.7456138
  23.3573807   35.7454699
  23.3571621   35.7454131
  23.3569442   35.7453543
  23.3564154   35.7452191
  23.3558874   35.7450819
  23.3556677   35.7450279
  23.3554487   35.7449719
  23.3549174   35.7448435
  23.3543868   35.744713
  23.354166    35.7446618
  23.353946    35.7446086
  23.3534122   35.7444869
  23.3528792   35.7443633
  23.3526575   35.7443149
  23.3524364   35.7442645
  23.3519004   35.7441497
  23.351365    35.7440328
  23.3511424   35.7439873
  23.3509204   35.7439397
  23.3503822   35.7438317
  23.3498446   35.7437217
  23.3496211   35.743679
  23.3493983   35.7436342
  23.348858    35.7435331
  23.3483184   35.74343
  23.3480941   35.7433901
  23.3478704   35.7433482
  23.3473283   35.743254
  23.3467867   35.7431578
  23.3465617   35.7431208
  23.3463372   35.7430817
  23.3457933   35.7429944
  23.34525     35.7429051
  23.3450243   35.742871
  23.344799    35.7428348
  23.3442535   35.7427545
  23.3437085   35.7426721
  23.3434822   35.7426408
  23.3432563   35.7426075
  23.3427093   35.7425341
  23.3421627   35.7424587
  23.3419358   35.7424304
  23.3417093   35.7424
  23.341161    35.7423335
  23.340613    35.7422651
  23.3403856   35.7422396
  23.3401585   35.7422121
  23.339609    35.7421527
  23.3390597   35.7420912
  23.3388319   35.7420687
  23.3386043   35.7420441
  23.3380536   35.7419917
  23.3375033   35.7419372
  23.337275    35.7419176
  23.337047    35.7418959
  23.3364954   35.7418505
  23.3359441   35.7418031
  23.3357154   35.7417863
  23.335487    35.7417675
  23.3349346   35.7417292
  23.3343824   35.7416888
  23.3341535   35.741675
  23.3339247   35.7416591
  23.3333717   35.7416278
  23.3328188   35.7415945
  23.3325896   35.7415836
  23.3323606   35.7415706
  23.331807    35.7415464
  23.3312535   35.7415201
  23.3310241   35.7415121
  23.3307949   35.7415021
  23.3302409   35.7414849
  23.329687    35.7414657
  23.3294575   35.7414606
  23.3292281   35.7414535
  23.3286738   35.7414434
  23.3281196   35.7414312
  23.32789     35.7414291
  23.3276605   35.7414249
  23.3271061   35.7414219
  23.3265517   35.7414167
  23.3263221   35.7414176
  23.3260926   35.7414163
  23.3255382   35.7414203
  23.3249838   35.7414223
  23.3247542   35.741426
  23.3245247   35.7414277
  23.3239704   35.7414388
  23.3234161   35.7414478
  23.3231867   35.7414545
  23.3229572   35.741459
  23.3224032   35.7414772
  23.3218492   35.7414933
  23.3216199   35.7415029
  23.3213905   35.7415104
  23.3208369   35.7415356
  23.3202833   35.7415588
  23.3200542   35.7415713
  23.319825    35.7415817
  23.319272    35.741614
  23.3187188   35.7416442
  23.31849     35.7416596
  23.3182611   35.741673
  23.3177088   35.7417123
  23.3171563   35.7417496
  23.3169278   35.7417679
  23.3166991   35.7417842
  23.3161476   35.7418305
  23.3155959   35.7418748
  23.3153678   35.7418961
  23.3151395   35.7419153
  23.314589    35.7419686
  23.3140382   35.74202
  23.3138105   35.7420441
  23.3135826   35.7420662
  23.3130332   35.7421266
  23.3124834   35.742185
  23.3122563   35.742212
  23.3120288   35.742237
  23.3114806   35.7423044
  23.3109321   35.7423697
  23.3107055   35.7423997
  23.3104785   35.7424276
  23.3099317   35.742502
  23.3093845   35.7425743
  23.3091585   35.7426071
  23.3089321   35.7426379
  23.3083868   35.7427192
  23.3078411   35.7427985
  23.3076158   35.7428343
  23.3073899   35.7428679
  23.3068463   35.7429562
  23.3063022   35.7430424
  23.3060776   35.743081
  23.3058524   35.7431176
  23.3053106   35.7432128
  23.3047682   35.7433059
  23.3045444   35.7433474
  23.30432     35.7433868
  23.3042306   35.743403
  23.3040742   35.7434314
  23.3032442   35.743588
  23.3032395   35.7435889
  23.3032378   35.7435893
  23.3024937   35.7437297
  23.3009193   35.7440488
  23.2993516   35.7443885
  23.2977909   35.744749
  23.2962376   35.7451299
  23.2946921   35.7455314
  23.2931549   35.7459531
  23.2916263   35.7463951
  23.2901068   35.7468571
  23.2885968   35.7473392
  23.2870966   35.7478411
  23.2856066   35.7483627
  23.2841273   35.748904
  23.282659    35.7494646
  23.2823846   35.7495716
  23.2810319   35.7501093
  23.2796892   35.7506636
  23.2783571   35.7512342
  23.2770357   35.751821
  23.2757253   35.752424
  23.2744264   35.7530429
  23.2733519   35.7535638
  23.2720248   35.7542185
  23.2707105   35.7548898
  23.2694091   35.7555777
  23.2681212   35.7562819
  23.2668469   35.7570023
  23.2655865   35.7577387
  23.2643404   35.7584909
  23.2631089   35.7592587
  23.2618923   35.7600419
  23.2606908   35.7608405
  23.2595048   35.7616541
  23.2583345   35.7624825
  23.2571803   35.7633256
  23.2560423   35.7641832
  23.254921    35.7650551
  23.2538165   35.7659409
  23.2527291   35.7668406
  23.2516591   35.7677539
  23.2506067   35.7686806
  23.2505144   35.7687632
  23.2494509   35.7697298
  23.2484066   35.7707101
  23.2473818   35.7717038
  23.2471629   35.7719231
  23.2468017   35.772227
  23.2457367   35.7731516
  23.2446896   35.7740895
  23.2436606   35.7750406
  23.2426501   35.7760046
  23.2416583   35.7769813
  23.2406855   35.7779704
  23.2397318   35.7789717
  23.2387975   35.779985
  23.2380879   35.7807802
  23.2376904   35.7810664
  23.2365252   35.7819325
  23.2353771   35.7828135
  23.2352753   35.7828928
  23.2351565   35.7829868
  23.2349866   35.7830826
  23.2337107   35.7838263
  23.2324493   35.7845862
  23.2312028   35.7853621
  23.2299716   35.7861538
  23.2287558   35.7869611
  23.2275559   35.7877838
  23.226372    35.7886218
  23.2252046   35.7894747
  23.2240539   35.7903425
  23.2229202   35.7912248
  23.2218037   35.7921214
  23.2207047   35.7930322
  23.2196236   35.7939569
  23.2185605   35.7948953
  23.2183265   35.7951051
  23.2172865   35.7960526
  23.2162649   35.7970131
  23.215262    35.7979865
  23.214278    35.7989725
  23.2133132   35.7999709
  23.2123678   35.8009814
  23.211442    35.8020038
  23.2105361   35.8030378
  23.2096503   35.8040832
  23.2087848   35.8051397
  23.2079398   35.8062071
  23.2073511   35.8069769
  23.2070817   35.807294
  23.206217    35.8083466
  23.2053727   35.80941
  23.204549    35.8104839
  23.2037461   35.8115682
  23.2029642   35.8126625
  23.2022034   35.8137665
  23.201464    35.81488
  23.2007461   35.8160027
  23.2000699   35.8170808
  23.1993408   35.8182673
  23.1986357   35.8194633
  23.1979548   35.8206685
  23.1972984   35.8218825
  23.1966665   35.8231051
  23.1964094   35.8236265
  23.1960365   35.8242839
  23.1954027   35.8254493
  23.1947916   35.8266226
  23.1942034   35.8278036
  23.1936381   35.8289919
  23.193096    35.8301872
  23.1925771   35.8313893
  23.1920817   35.8325978
  23.1916097   35.8338125
  23.1913      35.8346558
  23.1908641   35.8353018
  23.1901275   35.8364358
  23.1894131   35.8375791
  23.1887211   35.8387314
  23.1880517   35.8398925
  23.1874051   35.841062
  23.1867814   35.8422396
  23.1861808   35.8434251
  23.1856034   35.8446181
  23.1850494   35.8458183
  23.184519    35.8470255
  23.1840122   35.8482394
  23.1835291   35.8494595
  23.18307     35.8506857
  23.1826349   35.8519177
  23.1824639   35.8524167
  23.1820576   35.8536393
  23.1820305   35.8537264
  23.1816932   35.8546826
  23.1812857   35.8559105
  23.180902    35.8571434
  23.1807598   35.8576328
  23.1804446   35.858222
  23.1798392   35.8594046
  23.1792569   35.8605948
  23.1789972   35.8611512
END
4
  23.3505782   36.9346352
  23.3505885   36.9348554
  23.3506757   36.9361553
  23.3506956   36.9364126
  23.3508021   36.9376367
  23.3509322   36.9388594
  23.3510858   36.9400803
  23.3512628   36.9412991
  23.3514633   36.9425156
  23.3516871   36.9437295
  23.3519343   36.9449405
  23.3522048   36.9461483
  23.3524984   36.9473525
  23.3528152   36.948553
  23.3531551   36.9497495
  23.353518    36.9509416
  23.3539037   36.9521291
  23.3543123   36.9533117
  23.3547436   36.9544891
  23.3551974   36.9556611
  23.3556738   36.9568273
  23.3561726   36.9579875
  23.3566936   36.9591415
  23.3567463   36.9592554
  23.3573021   36.9604286
  23.3578808   36.9615947
  23.3584824   36.9627533
  23.3591067   36.9639042
  23.3597536   36.9650471
  23.360423    36.9661817
  23.3611145   36.9673077
  23.3618282   36.9684249
  23.3625637   36.969533
  23.363321    36.9706316
  23.3640998   36.9717206
  23.3649      36.9727997
  23.3657213   36.9738686
  23.3665635   36.974927
  23.3674264   36.9759747
  23.3683099   36.9770114
  23.3692137   36.9780368
  23.3701375   36.9790508
  23.3710812   36.980053
  23.3720445   36.9810432
  23.3730272   36.9820212
  23.374029    36.9829867
  23.3750497   36.9839395
  23.3760891   36.9848793
  23.3771468   36.9858059
  23.3782226   36.9867192
  23.3793163   36.9876188
  23.3804275   36.9885045
  23.381556    36.9893762
  23.3827016   36.9902335
  23.3838639   36.9910764
  23.3850427   36.9919045
  23.3862376   36.9927178
  23.3874484   36.9935159
  23.3886747   36.9942987
  23.3899163   36.995066
  23.3911729   36.9958176
  23.3924441   36.9965533
  23.3937296   36.9972729
  23.3950291   36.9979763
  23.3963424   36.9986633
  23.397669    36.9993337
  23.3990086   36.9999873
  23.400361    37.0006241
  23.4017257   37.0012438
  23.4031024   37.0018462
  23.4044909   37.0024313
  23.4058907   37.0029988
  23.4073014   37.0035488
  23.4087229   37.0040809
  23.4101546   37.0045951
  23.4115963   37.0050912
  23.4130476   37.0055692
  23.4145082   37.0060289
  23.4159776   37.0064702
  23.4174555   37.0068929
  23.4179306   37.0070222
  23.4186226   37.007225
  23.4201256   37.0076439
  23.4216368   37.0080436
  23.4231558   37.008424
  23.4246822   37.008785
  23.4262156   37.0091265
  23.4277557   37.0094485
  23.429302    37.0097508
  23.4308541   37.0100334
  23.4324117   37.0102962
  23.4339743   37.0105391
  23.4340743   37.0105539
  23.435632    37.0107756
  23.4371938   37.0109775
  23.4373032   37.0109903
  23.4381962   37.0111158
  23.4397444   37.0113136
  23.4412963   37.0114919
  23.4428515   37.0116507
  23.4444096   37.0117901
  23.4459703   37.0119098
  23.4475332   37.01201
  23.4490978   37.0120905
  23.4506638   37.0121514
  23.4522308   37.0121927
  23.4537985   37.0122143
  23.4553664   37.0122162
  23.4569341   37.0121985
  23.4585013   37.0121611
  23.4600675   37.0121041
  23.4616325   37.0120274
  23.4631957   37.0119311
  23.4647569   37.0118152
  23.4663155   37.0116798
  23.4678714   37.0115248
  23.4694239   37.0113503
  23.469544    37.0113353
  23.4704958   37.0112267
  23.4720332   37.0110316
  23.4735667   37.0108174
  23.4750958   37.0105841
  23.4766202   37.0103318
  23.4781394   37.0100606
  23.4796532   37.0097705
  23.4811611   37.0094615
  23.4826628   37.0091338
  23.484158    37.0087875
  23.4856461   37.0084226
  23.487127    37.0080391
  23.4886002   37.0076373
  23.4886777   37.0076157
  23.4901635   37.0071895
  23.4916407   37.0067446
  23.4931089   37.0062811
  23.4945677   37.0057991
  23.4960168   37.0052987
  23.4974558   37.0047801
  23.4988844   37.0042434
  23.5003021   37.0036887
  23.5017087   37.0031162
  23.5031038   37.002526
  23.504487    37.0019182
  23.505858    37.001293
  23.5072165   37.0006506
  23.508562    36.9999911
  23.5098943   36.9993147
  23.5112131   36.9986215
  23.512518    36.9979117
  23.5138087   36.9971856
  23.5150848   36.9964432
  23.516346    36.9956848
  23.5175921   36.9949105
  23.5188227   36.9941206
  23.5200375   36.9933153
  23.5212362   36.9924947
  23.5224185   36.991659
  23.5235841   36.9908085
  23.5247327   36.9899434
  23.5258641   36.9890639
  23.5269779   36.9881701
  23.5280738   36.9872624
  23.5291517   36.986341
  23.5302111   36.9854061
  23.5312519   36.9844578
  23.5322739   36.9834965
  23.5332766   36.9825225
  23.53426     36.9815358
  23.5352237   36.9805369
  23.5361674   36.9795259
  23.5370911   36.9785031
  23.5379944   36.9774687
  23.5388771   36.976423
  23.539739    36.9753663
  23.5405799   36.9742988
  23.5413995   36.9732208
  23.5421977   36.9721326
  23.5429742   36.9710344
  23.5437289   36.9699265
  23.5437599   36.9698801
  23.5444887   36.9687689
  23.5451955   36.9676486
  23.5458802   36.9665195
  23.5465426   36.965382
  23.5471825   36.9642362
  23.5475604   36.9635298
  23.5478196   36.9632337
  23.5485576   36.9623626
  23.5485747   36.9623435
  23.5494664   36.9613207
  23.5503379   36.9602868
  23.5511891   36.9592421
  23.5520197   36.9581869
  23.552645    36.9573644
  23.5533197   36.956535
  23.5541525   36.9554754
  23.5549643   36.9544055
  23.5557551   36.9533255
  23.5565245   36.9522357
  23.5572724   36.9511364
  23.5579987   36.9500278
  23.5587032   36.9489102
  23.5593856   36.947784
  23.5600458   36.9466493
  23.5606837   36.9455064
  23.561299    36.9443557
  23.5618917   36.9431974
  23.5624616   36.9420318
  23.5630086   36.9408591
  23.5635325   36.9396797
  23.5640331   36.9384939
  23.5645104   36.937302
  23.5649643   36.9361041
  23.5653946   36.9349008
  23.5658013   36.9336921
  23.5661841   36.9324785
  23.5665432   36.9312602
  23.5668782   36.9300376
  23.5671893   36.9288108
  23.5674762   36.9275803
  23.5675276   36.9273499
  23.5677913   36.9261112
  23.5680305   36.9248693
  23.5682453   36.9236245
  23.5684356   36.9223771
  23.5686012   36.9211275
  23.5687422   36.919876
  23.5688586   36.9186228
  23.5689502   36.9173683
  23.5690171   36.9161127
  23.5690593   36.9148565
  23.5690768   36.9135998
  23.5690695   36.9123431
  23.5690374   36.9110866
  23.5689806   36.9098306
  23.5689702   36.9096702
  23.5689783   36.9094278
  23.5689956   36.9081714
  23.5689882   36.9069149
  23.568956    36.9056587
  23.5688991   36.904403
  23.5688174   36.9031482
  23.5687704   36.9025209
  23.5686649   36.9012757
  23.5685351   36.900032
  23.5683809   36.89879
  23.5682025   36.8975501
  23.5679999   36.8963126
  23.5677731   36.8950777
  23.5675222   36.8938458
  23.5672473   36.8926171
  23.5669483   36.8913921
  23.5666255   36.8901709
  23.5662788   36.8889538
  23.5659084   36.8877412
  23.5655143   36.8865334
  23.5650966   36.8853307
  23.5646555   36.8841333
  23.564191    36.8829415
  23.5637033   36.8817557
  23.5631925   36.8805761
  23.5626587   36.879403
  23.562102    36.8782367
  23.5615226   36.8770775
  23.5609206   36.8759257
  23.5602962   36.8747815
  23.5596495   36.8736453
  23.5589806   36.8725172
  23.5582898   36.8713977
  23.5575772   36.8702869
  23.556843    36.8691851
  23.5560873   36.8680927
  23.5553104   36.8670098
  23.5545124   36.8659368
  23.5536936   36.8648738
  23.552854    36.8638212
  23.551994    36.8627793
  23.5511138   36.8617482
  23.5502135   36.8607282
  23.5492934   36.8597196
  23.5483536   36.8587226
  23.5473946   36.8577375
  23.5464164   36.8567644
  23.5454192   36.8558038
  23.5444035   36.8548557
  23.5433693   36.8539204
  23.542317    36.8529981
  23.5412468   36.8520892
  23.540159    36.8511937
  23.5390538   36.8503119
  23.5379315   36.849444
  23.5367924   36.8485903
  23.5356368   36.8477509
  23.5344649   36.8469261
  23.533277    36.8461161
  23.5320735   36.845321
  23.5308545   36.844541
  23.5296205   36.8437764
  23.5283717   36.8430273
  23.5271084   36.8422939
  23.5258309   36.8415764
  23.5245396   36.8408749
  23.5232347   36.8401897
  23.5219166   36.8395209
  23.5205856   36.8388687
  23.519242    36.8382332
  23.5178862   36.8376146
  23.5165184   36.837013
  23.5151391   36.8364286
  23.5137485   36.8358615
  23.512347    36.8353119
  23.5122491   36.8352743
  23.5110245   36.8348129
  23.5109811   36.8347955
  23.5095708   36.8342498
  23.50815     36.8337219
  23.506719    36.8332119
  23.5052782   36.83272
  23.503828    36.8322462
  23.5023686   36.8317906
  23.5009005   36.8313535
  23.499424    36.8309348
  23.4979395   36.8305348
  23.4964473   36.8301534
  23.4949478   36.8297908
  23.4934414   36.8294471
  23.4919284   36.8291224
  23.4904093   36.8288167
  23.4888843   36.8285301
  23.487354    36.8282627
  23.4858185   36.8280146
  23.4842784   36.8277857
  23.482734    36.8275763
  23.4811857   36.8273863
  23.4796338   36.8272157
  23.4780788   36.8270646
  23.4765211   36.8269331
  23.4749609   36.8268212
  23.4733987   36.8267289
  23.471835    36.8266563
  23.4702699   36.8266032
  23.4687041   36.8265699
  23.4671378   36.8265562
  23.4655714   36.8265622
  23.4640053   36.8265878
  23.4624399   36.8266332
  23.4608756   36.8266982
  23.4593127   36.8267828
  23.4577517   36.826887
  23.456193    36.8270109
  23.4546369   36.8271543
  23.4530837   36.8273172
  23.451534    36.8274996
  23.449988    36.8277015
  23.4484462   36.8279228
  23.4469089   36.8281634
  23.4453765   36.8284232
  23.4438493   36.8287023
  23.4423279   36.8290005
  23.4408125   36.8293178
  23.4393034   36.8296541
  23.4378012   36.8300093
  23.4363061   36.8303834
  23.4350034   36.8307273
  23.43494     36.8307399
  23.4334194   36.8310619
  23.4319053   36.831403
  23.4303981   36.8317632
  23.4288982   36.8321424
  23.4274059   36.8325404
  23.4259216   36.8329572
  23.4244458   36.8333927
  23.4229787   36.8338467
  23.4223321   36.8340515
  23.4208792   36.8345223
  23.4204871   36.8346522
  23.4190367   36.8351435
  23.4175962   36.8356531
  23.4161659   36.8361809
  23.4147462   36.8367266
  23.4133374   36.8372902
  23.4119399   36.8378715
  23.4105541   36.8384703
  23.4091802   36.8390866
  23.4078186   36.8397201
  23.4064697   36.8403708
  23.4051338   36.8410384
  23.4038112   36.8417228
  23.4025023   36.8424238
  23.4012074   36.8431412
  23.3999268   36.8438749
  23.3986608   36.8446246
  23.3974097   36.8453902
  23.3961739   36.8461716
  23.3949536   36.8469684
  23.3937492   36.8477805
  23.392561    36.8486077
  23.3913892   36.8494498
  23.3902342   36.8503066
  23.3890962   36.8511779
  23.3879755   36.8520634
  23.3868724   36.8529629
  23.3857872   36.8538762
  23.3847202   36.8548031
  23.3836715   36.8557434
  23.3826415   36.8566967
  23.3816305   36.857663
  23.3806386   36.8586418
  23.3796662   36.8596331
  23.3787134   36.8606365
  23.3777805   36.8616517
  23.3768678   36.8626786
  23.3759754   36.8637169
  23.3751036   36.8647664
  23.3742526   36.8658266
  23.3734226   36.8668975
  23.3726139   36.8679787
  23.3718266   36.8690699
  23.3710609   36.870171
  23.370317    36.8712815
  23.3695951   36.8724013
  23.3688953   36.8735301
  23.368218    36.8746675
  23.3675631   36.8758133
  23.3669309   36.8769672
  23.3663216   36.8781289
  23.3657352   36.8792982
  23.365172    36.8804747
  23.3646321   36.8816581
  23.3641155   36.8828482
  23.3636225   36.8840446
  23.3631532   36.8852471
  23.3627076   36.8864554
  23.362286    36.8876691
  23.3618883   36.8888879
  23.3615147   36.8901116
  23.3613716   36.8905969
  23.3610285   36.8918022
  23.3607088   36.8930116
  23.360686    36.8931047
  23.3606806   36.8931179
  23.3605566   36.8934337
  23.3604537   36.8936051
  23.3602005   36.8940359
  23.3595574   36.8951523
  23.3589358   36.8962765
  23.358336    36.8974082
  23.357758    36.8985472
  23.3572021   36.8996931
  23.3566682   36.9008456
  23.3561566   36.9020047
  23.3556674   36.9031698
  23.3552007   36.9043408
  23.3547566   36.9055174
  23.3543352   36.9066993
  23.3539366   36.9078863
  23.3535609   36.909078
  23.3532082   36.9102741
  23.3528786   36.9114745
  23.3525721   36.9126787
  23.3522241   36.9141021
  23.3519322   36.9153485
  23.3516651   36.9165985
  23.3514229   36.9178517
  23.3512056   36.9191078
  23.3510133   36.9203664
  23.350846    36.9216274
  23.3507038   36.9228902
  23.3505868   36.9241547
  23.3504949   36.9254205
  23.3504281   36.9266873
  23.3503866   36.9279548
  23.3503702   36.9292226
  23.350379    36.9304904
  23.3504131   36.931758
  23.3504193   36.9319265
  23.350478    36.9331847
  23.3505616   36.934442
  23.3505782   36.9346352
END
5
  23.6254945   36.6921193
  23.6249004   36.6919981
  23.6233833   36.6917086
  23.6218607   36.6914382
  23.6203331   36.6911869
  23.6188007   36.6909548
  23.617264    36.6907418
  23.6157233   36.6905482
  23.6141791   36.6903739
  23.6126316   36.6902189
  23.6110813   36.6900834
  23.6095286   36.6899672
  23.6079738   36.6898706
  23.6064172   36.6897934
  23.6048594   36.6897358
  23.6045174   36.6897253
  23.6030648   36.6896891
  23.6016116   36.6896699
  23.6001583   36.6896677
  23.5999491   36.6896686
  23.5983933   36.689685
  23.5968379   36.6897209
  23.5952835   36.6897762
  23.5937303   36.6898509
  23.5921787   36.6899451
  23.5906292   36.6900586
  23.5890821   36.6901914
  23.5875377   36.6903436
  23.5859965   36.6905151
  23.5844588   36.6907058
  23.582925    36.6909157
  23.5813954   36.6911448
  23.5798705   36.6913929
  23.5783506   36.6916601
  23.5768361   36.6919462
  23.5753274   36.6922513
  23.5738247   36.6925751
  23.5723285   36.6929177
  23.5708392   36.693279
  23.5693571   36.6936588
  23.5678825   36.6940571
  23.5664159   36.6944738
  23.5649575   36.6949087
  23.5635078   36.6953618
  23.562067    36.695833
  23.5606356   36.6963221
  23.5592139   36.6968291
  23.5578022   36.6973538
  23.5577415   36.6973768
  23.5563134   36.6979296
  23.5548965   36.6985005
  23.5534911   36.6990893
  23.5520975   36.699696
  23.5507162   36.7003204
  23.5493473   36.7009622
  23.5479914   36.7016214
  23.5466487   36.7022978
  23.5453196   36.7029912
  23.5440043   36.7037015
  23.5427033   36.7044284
  23.5414169   36.7051717
  23.5401454   36.7059314
  23.5388891   36.7067071
  23.5376483   36.7074987
  23.5364233   36.708306
  23.5352145   36.7091289
  23.5340222   36.7099669
  23.5328466   36.7108201
  23.5316881   36.7116881
  23.5305469   36.7125708
  23.5294234   36.7134678
  23.5283177   36.7143791
  23.5272303   36.7153043
  23.5261613   36.7162432
  23.5251111   36.7171956
  23.5240799   36.7181612
  23.5230679   36.7191398
  23.5220755   36.7201312
  23.5219531   36.7202555
  23.5209917   36.7212476
  23.5200498   36.7222517
  23.5191277   36.7232675
  23.5182257   36.7242947
  23.5173438   36.7253331
  23.5164824   36.7263826
  23.5156417   36.7274427
  23.5148218   36.7285132
  23.514023    36.7295939
  23.5132455   36.7306845
  23.5124895   36.7317848
  23.511755    36.7328944
  23.5110425   36.7340131
  23.5103519   36.7351406
  23.5096835   36.7362766
  23.5090374   36.7374209
  23.5084138   36.7385732
  23.5078129   36.7397331
  23.5072348   36.7409005
  23.5066796   36.7420749
  23.5061475   36.7432562
  23.5056386   36.744444
  23.505153    36.7456381
  23.5046909   36.7468381
  23.5042524   36.7480437
  23.5038375   36.7492547
  23.5034464   36.7504707
  23.5030792   36.7516915
  23.502736    36.7529168
  23.5024168   36.7541461
  23.5021218   36.7553794
  23.5018509   36.7566161
  23.5016043   36.7578561
  23.5013821   36.7590991
  23.5011842   36.7603446
  23.5010108   36.7615925
  23.5008618   36.7628424
  23.5007373   36.764094
  23.5006374   36.7653469
  23.5005621   36.766601
  23.5005114   36.7678558
  23.5004852   36.7691111
  23.5004837   36.7703665
  23.5005067   36.7716218
  23.5005544   36.7728766
  23.5006266   36.7741307
  23.5007235   36.7753836
  23.5008448   36.7766352
  23.5009907   36.777885
  23.5011611   36.7791329
  23.5013559   36.7803784
  23.5015751   36.7816214
  23.5018186   36.7828613
  23.5020864   36.7840981
  23.5023784   36.7853313
  23.5026946   36.7865607
  23.5030348   36.7877859
  23.503399    36.7890067
  23.5034115   36.7890472
  23.5037886   36.7902299
  23.5041883   36.7914078
  23.5046103   36.7925807
  23.5050546   36.7937483
  23.5055212   36.7949103
  23.5060099   36.7960664
  23.5061483   36.7963858
  23.5066948   36.7976147
  23.5072664   36.7988362
  23.5078627   36.8000501
  23.5084838   36.801256
  23.5091293   36.8024536
  23.5097991   36.8036427
  23.5104931   36.8048227
  23.5112111   36.8059936
  23.5119528   36.8071549
  23.5127181   36.8083063
  23.5135067   36.8094475
  23.5143185   36.8105783
  23.5143612   36.8106367
  23.5151773   36.8117321
  23.5160152   36.812817
  23.5168746   36.813891
  23.5177552   36.8149539
  23.518657    36.8160053
  23.5195796   36.8170451
  23.5205228   36.818073
  23.5214863   36.8190887
  23.52247     36.8200919
  23.5234736   36.8210824
  23.5244968   36.82206
  23.5255394   36.8230243
  23.526601    36.8239752
  23.5276815   36.8249124
  23.5287805   36.8258356
  23.5298978   36.8267447
  23.531033    36.8276394
  23.532186    36.8285195
  23.5333564   36.8293847
  23.5345438   36.8302348
  23.5357481   36.8310697
  23.5369689   36.831889
  23.5382058   36.8326927
  23.5394586   36.8334804
  23.540727    36.834252
  23.5407963   36.8342935
  23.5418238   36.8348983
  23.5419395   36.8349683
  23.5432084   36.8357112
  23.5444918   36.836438
  23.5457894   36.8371485
  23.5471007   36.8378426
  23.5484256   36.83852
  23.5497636   36.8391807
  23.5511145   36.8398244
  23.5515359   36.8400216
  23.5528762   36.8406378
  23.5542284   36.8412374
  23.5555919   36.84182
  23.5569666   36.8423858
  23.5583521   36.8429344
  23.559748    36.8434657
  23.561154    36.8439798
  23.5625698   36.8444763
  23.563995    36.8449552
  23.5654293   36.8454164
  23.5668724   36.8458597
  23.5683239   36.8462851
  23.5697834   36.8466925
  23.5712507   36.8470818
  23.5727253   36.8474528
  23.5742069   36.8478055
  23.5756952   36.8481397
  23.5771897   36.8484555
  23.5786902   36.8487528
  23.5789369   36.8488
  23.5804143   36.8490735
  23.5818968   36.8493291
  23.5833839   36.8495665
  23.5848753   36.8497859
  23.5851513   36.8498247
  23.5868264   36.8500488
  23.5885061   36.8502501
  23.5901897   36.8504285
  23.5918769   36.8505839
  23.5935672   36.8507163
  23.5952601   36.8508257
  23.5957805   36.8508558
  23.5973328   36.8509358
  23.5988866   36.8509964
  23.6004413   36.8510376
  23.6019967   36.8510594
  23.6035522   36.8510619
  23.6051077   36.8510449
  23.6066626   36.8510086
  23.6082166   36.8509528
  23.6097694   36.8508777
  23.6113205   36.8507832
  23.6128695   36.8506694
  23.6144162   36.8505363
  23.6159601   36.8503839
  23.6175008   36.8502123
  23.619038    36.8500215
  23.6205713   36.8498116
  23.6221003   36.8495826
  23.6236247   36.8493345
  23.6251441   36.8490674
  23.6266581   36.8487814
  23.6281663   36.8484766
  23.6296684   36.848153
  23.631164    36.8478107
  23.6326528   36.8474498
  23.6341344   36.8470704
  23.6356083   36.8466726
  23.6370744   36.8462564
  23.6385322   36.845822
  23.6399814   36.8453694
  23.6414215   36.8448988
  23.6414858   36.8448774
  23.642936    36.8443821
  23.6443762   36.8438686
  23.6458061   36.843337
  23.6472253   36.8427873
  23.6486335   36.8422198
  23.6500303   36.8416346
  23.6514154   36.8410317
  23.6527884   36.8404114
  23.6541491   36.8397739
  23.6554969   36.8391192
  23.6568317   36.8384475
  23.658153    36.8377591
  23.6594606   36.837054
  23.6607542   36.8363325
  23.6620333   36.8355947
  23.6632977   36.8348408
  23.664547    36.834071
  23.6657811   36.8332855
  23.6669994   36.8324846
  23.6682018   36.8316683
  23.669388    36.8308368
  23.6705576   36.8299905
  23.6717103   36.8291295
  23.6728459   36.8282541
  23.6739641   36.8273643
  23.6750646   36.8264606
  23.6761472   36.825543
  23.6772114   36.8246118
  23.6782572   36.8236673
  23.6792842   36.8227097
  23.6802922   36.8217392
  23.6812809   36.820756
  23.6822501   36.8197605
  23.6831996   36.8187528
  23.684129    36.8177332
  23.6850382   36.816702
  23.685927    36.8156594
  23.686795    36.8146057
  23.6876422   36.8135411
  23.6884682   36.812466
  23.689273    36.8113805
  23.6900562   36.8102849
  23.6908177   36.8091796
  23.6915573   36.8080647
  23.6916915   36.8078585
  23.6923882   36.8067677
  23.693064    36.8056684
  23.6937186   36.8045609
  23.694352    36.8034455
  23.6949639   36.8023224
  23.6951001   36.8020616
  23.6951145   36.8020357
  23.6957294   36.8008767
  23.6963215   36.79971
  23.6968906   36.7985361
  23.6974365   36.797355
  23.6979591   36.7961673
  23.6984583   36.794973
  23.6989339   36.7937726
  23.6993858   36.7925663
  23.6998139   36.7913544
  23.7002182   36.7901373
  23.7005984   36.7889152
  23.7009546   36.7876885
  23.7012866   36.7864573
  23.7015943   36.7852222
  23.7018777   36.7839832
  23.7021367   36.7827409
  23.7023712   36.7814954
  23.7025811   36.780247
  23.7027665   36.7789962
  23.7029273   36.7777431
  23.7030634   36.7764882
  23.7031748   36.7752317
  23.7032615   36.7739739
  23.7033234   36.7727151
  23.7033606   36.7714557
  23.703373    36.770196
  23.703373    36.7701708
  23.7033608   36.768923
  23.7033244   36.7676754
  23.7032636   36.7664284
  23.7031786   36.7651823
  23.7030692   36.7639374
  23.7029357   36.762694
  23.7027779   36.7614524
  23.702596    36.760213
  23.70239     36.7589759
  23.7021599   36.7577415
  23.7019057   36.7565101
  23.7016276   36.7552821
  23.7013257   36.7540576
  23.7009999   36.7528371
  23.7006504   36.7516207
  23.7002772   36.7504089
  23.6998805   36.7492018
  23.6994603   36.7479999
  23.6990168   36.7468033
  23.69855     36.7456124
  23.69806     36.7444274
  23.6975471   36.7432487
  23.6970112   36.7420766
  23.6964526   36.7409113
  23.6958714   36.739753
  23.6952677   36.7386022
  23.6946417   36.7374591
  23.6939934   36.7363239
  23.6933232   36.7351969
  23.692631    36.7340784
  23.6919172   36.7329687
  23.6911819   36.7318681
  23.6904252   36.7307768
  23.6896473   36.729695
  23.6888485   36.7286231
  23.688029    36.7275613
  23.6871888   36.7265099
  23.6863283   36.7254691
  23.6854476   36.7244392
  23.6845469   36.7234204
  23.6836266   36.7224129
  23.6826867   36.7214171
  23.6817276   36.7204332
  23.6807494   36.7194614
  23.6797524   36.7185019
  23.6787369   36.7175549
  23.677703    36.7166208
  23.6766511   36.7156998
  23.6755814   36.714792
  23.6744942   36.7138976
  23.6733896   36.713017
  23.6722681   36.7121503
  23.6711298   36.7112977
  23.6699751   36.7104594
  23.6688042   36.7096357
  23.6676174   36.7088267
  23.666415    36.7080327
  23.6651973   36.7072538
  23.6639645   36.7064902
  23.6627171   36.7057421
  23.6614552   36.7050098
  23.6601793   36.7042933
  23.6588895   36.7035928
  23.6575863   36.7029085
  23.6562699   36.7022407
  23.6549407   36.7015893
  23.653599    36.7009547
  23.652245    36.700337
  23.6522135   36.7003229
  23.6508303   36.6997146
  23.6494353   36.6991239
  23.6480288   36.698551
  23.6466111   36.6979959
  23.6451828   36.6974589
  23.643744    36.6969401
  23.6422951   36.6964395
  23.6408366   36.6959574
  23.6393687   36.6954938
  23.6378919   36.6950489
  23.6364066   36.6946227
  23.634913    36.6942154
  23.6334115   36.6938271
  23.6319026   36.6934578
  23.6303866   36.6931078
  23.6288639   36.6927769
  23.6273349   36.6924654
  23.6257999   36.6921734
  23.6254945   36.6921193
END
6
  23.850881    36.9239669
  23.8513125   36.9240691
  23.8528038   36.9244024
  23.8529365   36.9244312
  23.8544419   36.9247475
  23.8559533   36.925045
  23.8574702   36.9253237
  23.8589925   36.9255834
  23.8605196   36.9258241
  23.8620512   36.9260457
  23.863587    36.9262482
  23.8651265   36.9264316
  23.8666694   36.9265957
  23.8682153   36.9267406
  23.8697639   36.9268662
  23.8713147   36.9269725
  23.8728674   36.9270594
  23.873303    36.9270783
  23.8738965   36.9271327
  23.8754611   36.9272562
  23.8770279   36.92736
  23.8785965   36.927444
  23.8801666   36.9275083
  23.8817378   36.9275528
  23.8833096   36.9275775
  23.8848817   36.9275824
  23.8864538   36.9275675
  23.8880253   36.9275329
  23.889596    36.9274784
  23.8911654   36.9274042
  23.8927331   36.9273103
  23.8942989   36.9271966
  23.8958621   36.9270632
  23.8974226   36.9269101
  23.8989798   36.9267375
  23.9005335   36.9265452
  23.9020831   36.9263334
  23.9036284   36.9261021
  23.905169    36.9258514
  23.9066579   36.9255895
  23.9074777   36.9254701
  23.9089929   36.9252302
  23.9105032   36.9249715
  23.9120083   36.9246942
  23.9135078   36.9243983
  23.9150015   36.9240839
  23.9164888   36.923751
  23.9179696   36.9233998
  23.9194434   36.9230303
  23.9209099   36.9226426
  23.9214966   36.9224834
  23.9229621   36.9220757
  23.9244195   36.9216499
  23.9258685   36.9212059
  23.9273086   36.920744
  23.9287396   36.9202643
  23.9301611   36.9197668
  23.9315728   36.9192518
  23.9329742   36.9187192
  23.9343652   36.9181693
  23.9357453   36.9176022
  23.9371142   36.9170179
  23.9384715   36.9164168
  23.939817    36.9157988
  23.9411504   36.9151642
  23.9424712   36.914513
  23.9437792   36.9138456
  23.9450741   36.9131619
  23.9463555   36.9124623
  23.9476232   36.9117467
  23.9488768   36.9110155
  23.9501161   36.9102689
  23.9513407   36.9095068
  23.9525503   36.9087297
  23.9537446   36.9079376
  23.9549235   36.9071307
  23.9560865   36.9063093
  23.9572333   36.9054735
  23.9583638   36.9046236
  23.9594777   36.9037597
  23.9605746   36.902882
  23.9616543   36.9019908
  23.9627166   36.9010863
  23.9637611   36.9001687
  23.9647877   36.8992382
  23.9648625   36.8991682
  23.9654481   36.8987484
  23.9665953   36.8978997
  23.9677257   36.8970367
  23.9688391   36.8961597
  23.9699352   36.8952689
  23.9710137   36.8943644
  23.9720743   36.8934465
  23.9731169   36.8925155
  23.9741411   36.8915715
  23.9751467   36.8906148
  23.9761335   36.8896456
  23.9771012   36.8886641
  23.9780495   36.8876706
  23.9789783   36.8866654
  23.9798873   36.8856487
  23.9807762   36.8846206
  23.981645    36.8835816
  23.9824933   36.8825318
  23.9833209   36.8814715
  23.9841277   36.8804009
  23.9849135   36.8793204
  23.985678    36.8782301
  23.9864211   36.8771303
  23.9871425   36.8760214
  23.9878422   36.8749036
  23.9885199   36.8737771
  23.9891755   36.8726423
  23.9898087   36.8714994
  23.9904196   36.8703486
  23.9910078   36.8691904
  23.9911826   36.8688383
  23.9917445   36.8676804
  23.9922838   36.8665157
  23.9928004   36.8653444
  23.9932942   36.8641668
  23.993765    36.8629831
  23.9942127   36.8617937
  23.9946373   36.8605989
  23.9950386   36.8593989
  23.9954165   36.8581941
  23.995771    36.8569847
  23.9961019   36.855771
  23.9964091   36.8545533
  23.9966927   36.8533319
  23.9969525   36.8521071
  23.9971884   36.8508792
  23.9974005   36.8496485
  23.9975886   36.8484153
  23.9977527   36.8471798
  23.9978928   36.8459425
  23.9980089   36.8447035
  23.9981008   36.8434633
  23.9981686   36.842222
  23.9982123   36.84098
  23.9982318   36.8397376
  23.9982272   36.8384951
  23.9981985   36.8372527
  23.9981456   36.8360109
  23.9980686   36.8347698
  23.9979675   36.8335298
  23.9978423   36.8322913
  23.997693    36.8310544
  23.9975197   36.8298194
  23.9973225   36.8285868
  23.9971013   36.8273568
  23.9968563   36.8261296
  23.9965874   36.8249057
  23.9962948   36.8236852
  23.9959785   36.8224684
  23.9956386   36.8212558
  23.9952752   36.8200475
  23.9952411   36.8199378
  23.9948542   36.8187339
  23.9944439   36.8175349
  23.9940104   36.8163412
  23.9935537   36.815153
  23.993074    36.8139705
  23.9925714   36.8127942
  23.992046    36.8116243
  23.9914979   36.810461
  23.9909273   36.8093047
  23.9903342   36.8081557
  23.989719    36.8070141
  23.9890816   36.8058803
  23.9884222   36.8047546
  23.9877411   36.8036372
  23.9870383   36.8025284
  23.9863141   36.8014285
  23.9855686   36.8003377
  23.984802    36.7992563
  23.9840145   36.7981846
  23.9832063   36.7971228
  23.9823775   36.7960712
  23.9815284   36.79503
  23.9806592   36.7939995
  23.9797701   36.79298
  23.9788613   36.7919716
  23.9779329   36.7909747
  23.9774901   36.7905068
  23.9765115   36.7894898
  23.9755126   36.7884854
  23.9744937   36.7874941
  23.973455    36.7865159
  23.9723968   36.7855512
  23.9713194   36.7846003
  23.9702231   36.7836633
  23.9691082   36.7827405
  23.9679749   36.7818322
  23.9668235   36.7809386
  23.9656543   36.7800599
  23.9644677   36.7791963
  23.9632639   36.7783481
  23.9620433   36.7775154
  23.9608061   36.7766986
  23.9600912   36.7762419
  23.9594048   36.7757887
  23.9581816   36.7750065
  23.9569432   36.7742397
  23.9556899   36.7734886
  23.9544221   36.7727533
  23.95314     36.772034
  23.951844    36.7713309
  23.9505344   36.7706442
  23.9492116   36.769974
  23.9478757   36.7693204
  23.9465273   36.7686838
  23.9451665   36.7680641
  23.9437938   36.7674616
  23.9424095   36.7668764
  23.9421777   36.7667821
  23.9420097   36.7667056
  23.9406203   36.7660962
  23.939219    36.7655045
  23.9378061   36.7649307
  23.9363821   36.7643749
  23.9349472   36.7638373
  23.9335018   36.763318
  23.9320464   36.7628171
  23.9305812   36.7623348
  23.9291066   36.7618711
  23.9276231   36.7614263
  23.9261309   36.7610004
  23.9246305   36.7605935
  23.9231222   36.7602057
  23.9216064   36.7598372
  23.9200835   36.7594879
  23.9185539   36.7591581
  23.9170179   36.7588477
  23.915476    36.758557
  23.9139285   36.7582858
  23.9123758   36.7580344
  23.9108184   36.7578027
  23.9092566   36.7575909
  23.9076907   36.7573989
  23.9061213   36.7572269
  23.9045486   36.7570749
  23.9029732   36.7569428
  23.9013953   36.7568308
  23.8998154   36.7567389
  23.8982339   36.7566671
  23.8966511   36.7566154
  23.8950676   36.7565838
  23.8934836   36.7565724
  23.8918995   36.7565811
  23.8903159   36.75661
  23.889546    36.7566289
  23.8880048   36.7566763
  23.8876118   36.7566933
  23.8862158   36.7567077
  23.8846262   36.7567444
  23.8830376   36.7568015
  23.8814503   36.7568787
  23.8805745   36.756927
  23.8804199   36.756935
  23.8787859   36.7570304
  23.8771542   36.7571472
  23.8755251   36.7572854
  23.873899    36.7574451
  23.8722764   36.7576261
  23.8706578   36.7578285
  23.8690435   36.7580521
  23.867434    36.7582968
  23.8658297   36.7585627
  23.8642311   36.7588497
  23.8639637   36.7588996
  23.862417    36.7591983
  23.8608763   36.7595168
  23.8593423   36.759855
  23.8578151   36.7602126
  23.8562953   36.7605898
  23.8547831   36.7609863
  23.8532791   36.761402
  23.8517835   36.7618369
  23.8502967   36.7622908
  23.8488192   36.7627637
  23.8473512   36.7632553
  23.8458933   36.7637657
  23.8444456   36.7642945
  23.8430087   36.7648418
  23.8415828   36.7654074
  23.8401684   36.7659911
  23.8398468   36.7661264
  23.8384677   36.7667178
  23.8371003   36.7673265
  23.835745    36.7679522
  23.8344022   36.7685948
  23.833072    36.7692542
  23.8317549   36.7699303
  23.8304512   36.7706227
  23.8291612   36.7713315
  23.8278853   36.7720563
  23.8266236   36.7727971
  23.8253766   36.7735536
  23.8241446   36.7743257
  23.8229278   36.7751131
  23.8217266   36.7759157
  23.8205412   36.7767332
  23.8199617   36.7771458
  23.8188948   36.7777039
  23.8175909   36.7784098
  23.8163011   36.7791321
  23.8150257   36.7798705
  23.813765    36.7806249
  23.8125193   36.7813952
  23.8112889   36.7821811
  23.8100741   36.7829824
  23.8088752   36.7837989
  23.8076926   36.7846305
  23.8065265   36.7854769
  23.8053771   36.7863379
  23.8042449   36.7872132
  23.8031301   36.7881028
  23.8020329   36.7890063
  23.8009536   36.7899236
  23.7998925   36.7908543
  23.7988499   36.7917984
  23.797826    36.7927554
  23.796821    36.7937253
  23.7958353   36.7947077
  23.794869    36.7957024
  23.7939225   36.7967092
  23.7929958   36.7977278
  23.7920894   36.7987579
  23.7912033   36.7997993
  23.7903379   36.8008518
  23.7894933   36.8019151
  23.7886697   36.8029889
  23.7878673   36.8040729
  23.7870865   36.8051669
  23.7863272   36.8062706
  23.7855898   36.8073838
  23.7848744   36.8085061
  23.7841811   36.8096373
  23.7835103   36.810777
  23.7828619   36.8119251
  23.7822363   36.8130812
  23.7816335   36.814245
  23.7810536   36.8154163
  23.780497    36.8165947
  23.7799636   36.81778
  23.7794536   36.8189719
  23.7789671   36.82017
  23.7785043   36.8213741
  23.7780653   36.8225839
  23.7776501   36.823799
  23.7774702   36.8243604
  23.777434    36.8244607
  23.7770264   36.8256636
  23.7766422   36.8268713
  23.7762817   36.8280837
  23.7759447   36.8293004
  23.7756316   36.8305212
  23.7753422   36.8317457
  23.7750768   36.8329737
  23.7748353   36.8342048
  23.7746179   36.8354387
  23.7744245   36.8366752
  23.7742552   36.8379139
  23.7741101   36.8391546
  23.7741077   36.839177
  23.7739919   36.8403618
  23.7738981   36.8415477
  23.7738263   36.8427347
  23.7737766   36.8439224
  23.773749    36.8451105
  23.7737435   36.8462987
  23.7737601   36.8474869
  23.7737987   36.8486748
  23.7738595   36.849862
  23.7738608   36.8498835
  23.7739492   36.8511403
  23.7740623   36.8523958
  23.7742002   36.8536497
  23.7743627   36.8549017
  23.7745499   36.8561514
  23.7747616   36.8573987
  23.7748702   36.8579707
  23.7748929   36.8580973
  23.7749255   36.8582619
  23.7749979   36.858643
  23.7750592   36.8589345
  23.7751396   36.8593394
  23.7752551   36.859867
  23.7752587   36.8598842
  23.7752617   36.8598974
  23.7754107   36.8605782
  23.7757062   36.8618134
  23.776026    36.8630448
  23.77637     36.8642719
  23.7767381   36.8654945
  23.7771302   36.8667123
  23.7775462   36.867925
  23.777986    36.8691323
  23.7784496   36.8703339
  23.7789367   36.8715295
  23.7794473   36.8727188
  23.7799812   36.8739014
  23.7805384   36.8750772
  23.7811187   36.8762458
  23.7817218   36.8774069
  23.7823478   36.8785603
  23.7829964   36.8797056
  23.7836674   36.8808426
  23.7843608   36.881971
  23.7850762   36.8830905
  23.7858137   36.8842009
  23.7865729   36.8853018
  23.7873536   36.8863929
  23.7881558   36.8874741
  23.7889791   36.8885451
  23.7898235   36.8896055
  23.7906886   36.8906551
  23.7915742   36.8916937
  23.7924802   36.892721
  23.7934063   36.8937368
  23.7943523   36.8947408
  23.795318    36.8957327
  23.796303    36.8967123
  23.7973073   36.8976793
  23.7983304   36.8986336
  23.7993722   36.8995749
  23.8004324   36.900503
  23.8015108   36.9014175
  23.802607    36.9023184
  23.8026574   36.9023591
  23.8037804   36.9032532
  23.804921    36.904133
  23.8060789   36.9049981
  23.8072539   36.9058484
  23.8084456   36.9066837
  23.8096537   36.9075037
  23.8108779   36.9083083
  23.812118    36.9090973
  23.8133736   36.9098704
  23.8146443   36.9106274
  23.81593     36.9113682
  23.8172302   36.9120926
  23.8185446   36.9128004
  23.8198728   36.9134914
  23.8212147   36.9141655
  23.8225697   36.9148225
  23.8239377   36.9154621
  23.8253181   36.9160843
  23.8267108   36.9166889
  23.8281152   36.9172758
  23.8295312   36.9178447
  23.8309582   36.9183956
  23.8323961   36.9189283
  23.8338443   36.9194427
  23.833915    36.9194673
  23.8353528   36.9199564
  23.8368001   36.9204275
  23.8382564   36.9208805
  23.8397214   36.9213151
  23.8411947   36.9217314
  23.842676    36.9221291
  23.8441649   36.9225083
  23.845661    36.9228688
  23.847164    36.9232105
  23.8486735   36.9235334
  23.8501892   36.9238373
  23.850881    36.9239669
END
END
