polygon
1
  21.419869    37.3571788
  21.4190207   37.3565266
  21.4177591   37.3555336
  21.4162282   37.3543122
  21.4153137   37.3535724
  21.4139785   37.3524784
  21.4130953   37.3517455
  21.4117794   37.3506395
  21.410908    37.3498977
  21.4096099   37.3487783
  21.4087441   37.3480222
  21.4073592   37.3467957
  21.4061034   37.3456634
  21.4042343   37.3439455
  21.4030226   37.3428106
  21.4007081   37.3405989
  21.3994887   37.3394105
  21.3977512   37.3375357
  21.3965255   37.336383
  21.3959847   37.3358597
  21.3954407   37.3353254
  21.395052    37.3349448
  21.3938073   37.3336554
  21.393018    37.332834
  21.3915793   37.3315198
  21.3899331   37.3298366
  21.3882734   37.3281018
  21.3866356   37.3263505
  21.3850218   37.324585
  21.3834324   37.3228056
  21.3818674   37.3210124
  21.3803271   37.3192056
  21.3788135   37.3173877
  21.3774305   37.3156886
  21.3764652   37.3145845
  21.3747297   37.3125712
  21.373585    37.3112139
  21.3718779   37.3091439
  21.3707104   37.3076947
  21.3696346   37.3063308
  21.369148    37.3057229
  21.3680019   37.3042716
  21.3675558   37.3037109
  21.3667871   37.3027489
  21.3653116   37.3008687
  21.3642621   37.2995017
  21.363213    37.2981045
  21.3619559   37.2963994
  21.3612934   37.2954862
  21.3601278   37.2938462
  21.3588653   37.2920326
  21.358139    37.2909691
  21.3570928   37.2894091
  21.356398    37.2883542
  21.3552993   37.2866552
  21.3544746   37.2853572
  21.3536467   37.2840305
  21.3528563   37.2827405
  21.351834    37.281042
  21.3512067   37.2799796
  21.3502913   37.2783993
  21.3496911   37.277343
  21.3488052   37.2757535
  21.3482242   37.2746904
  21.3473672   37.2730908
  21.3468055   37.2720211
  21.3459777   37.2704118
  21.3454355   37.2693357
  21.3446365   37.2677159
  21.3441106   37.2666268
  21.3433537   37.265026
  21.3429637   37.2642117
  21.3420979   37.2623744
  21.3413396   37.2607254
  21.3408253   37.2595797
  21.3405014   37.2588419
  21.339946    37.2575474
  21.3390126   37.2557296
  21.3379695   37.2536495
  21.3371264   37.2519181
  21.3366401   37.2508955
  21.3357414   37.2489614
  21.3349148   37.2471253
  21.3340445   37.2451288
  21.3331769   37.2430679
  21.3323331   37.2409895
  21.3315176   37.2389031
  21.3307306   37.2368098
  21.3299723   37.2347098
  21.3292427   37.2326033
  21.3285419   37.2304905
  21.32787     37.2283717
  21.3272329   37.2262673
  21.3269872   37.2254229
  21.3267019   37.2246349
  21.3260703   37.2228518
  21.3256932   37.2217549
  21.3250488   37.2198234
  21.3248762   37.2192921
  21.3246963   37.2187838
  21.3240212   37.2168288
  21.3233232   37.2147237
  21.3226514   37.2126049
  21.3220087   37.2104804
  21.321395    37.2083504
  21.3208103   37.2062147
  21.3202529   37.2040667
  21.319716    37.2018751
  21.3191765   37.1995348
  21.3187482   37.1975518
  21.3184133   37.1959125
  21.3181511   37.1944562
  21.3179153   37.1929518
  21.3177861   37.1922972
  21.3176611   37.1916267
  21.3174099   37.1901938
  21.3172797   37.1894164
  21.3170523   37.1879903
  21.3169711   37.1874506
  21.3168178   37.1863702
  21.3167442   37.1858174
  21.3165515   37.1842642
  21.3164084   37.1830429
  21.3163144   37.1821246
  21.3161529   37.1802879
  21.3160962   37.1795509
  21.3158211   37.1770407
  21.3156853   37.1755051
  21.3155755   37.1737785
  21.315464    37.1716149
  21.3153809   37.1694265
  21.315327    37.1671894
  21.315302    37.1646453
  21.3153215   37.1581739
  21.3153604   37.1557463
  21.3154282   37.1534973
  21.3155251   37.1513006
  21.3156515   37.1491162
  21.315725    37.148067
  21.3146431   37.1463454
  21.3134412   37.1443827
  21.3122662   37.1424096
  21.3111182   37.1404263
  21.3099973   37.1384331
  21.3089037   37.1364302
  21.3078376   37.134418
  21.3067988   37.132396
  21.3057839   37.1303575
  21.3047742   37.1282615
  21.3036988   37.1259497
  21.3026074   37.1235035
  21.3016414   37.1212562
  21.3011053   37.1199702
  21.3003427   37.1180881
  21.2998387   37.1168075
  21.2990329   37.1146968
  21.2984697   37.1131776
  21.2981348   37.1122452
  21.2976282   37.1107912
  21.2973343   37.1099226
  21.2965046   37.1073952
  21.2962383   37.1065596
  21.295807    37.1051646
  21.2955557   37.1043261
  21.2942897   37.0999642
  21.2940732   37.0991951
  21.2937228   37.0979114
  21.2935188   37.0971401
  21.2929257   37.0948216
  21.2927321   37.0940385
  21.2924172   37.0927185
  21.2922051   37.0917911
  21.2918671   37.0902414
  21.2914093   37.0880181
  21.2908938   37.0853344
  21.2906043   37.0837128
  21.2902084   37.0813215
  21.2899648   37.079727
  21.2896293   37.0773325
  21.2894256   37.0757344
  21.2891501   37.073335
  21.2889864   37.0717339
  21.288771    37.0693306
  21.2886474   37.0677272
  21.2884921   37.065319
  21.2884078   37.0636935
  21.2883061   37.0610814
  21.2882527   37.0590882
  21.2882243   37.0571919
  21.2882152   37.0553073
  21.2882267   37.053641
  21.2882627   37.0516345
  21.2883289   37.0494729
  21.2884253   37.0472896
  21.2885514   37.045106
  21.2887072   37.0429237
  21.2888927   37.0407429
  21.2891078   37.0385638
  21.2893526   37.0363867
  21.2896269   37.0342119
  21.2899308   37.0320396
  21.2902642   37.0298701
  21.2906272   37.0277033
  21.2910211   37.0255321
  21.2914532   37.0233234
  21.2919495   37.0209595
  21.2924269   37.0188386
  21.2929635   37.016597
  21.2935564   37.0142648
  21.2941882   37.0119225
  21.294855    37.0095854
  21.2955562   37.0072564
  21.2962831   37.0049609
  21.2969836   37.0028474
  21.2976202   37.0010011
  21.298441    36.998716
  21.2994061   36.9961367
  21.3000043   36.9945972
  21.3009124   36.9923398
  21.3015332   36.9908468
  21.3024409   36.9887306
  21.3028841   36.9877204
  21.3036211   36.9860777
  21.3041517   36.9849268
  21.3050558   36.9830147
  21.3057275   36.9816284
  21.3060901   36.9809024
  21.3068055   36.9795093
  21.3071713   36.9788156
  21.308309    36.9766967
  21.3092259   36.974918
  21.3096882   36.974041
  21.3100984   36.9732548
  21.3106301   36.9722585
  21.3110847   36.9714254
  21.3122355   36.9692143
  21.3126182   36.9684987
  21.3134008   36.9670736
  21.3138114   36.9663456
  21.31477     36.9646919
  21.3153875   36.963623
  21.3162994   36.9616958
  21.3173022   36.9596406
  21.3183266   36.9576072
  21.3193753   36.9555892
  21.320451    36.953581
  21.321554    36.9515823
  21.3226839   36.9495934
  21.3238408   36.9476144
  21.3250244   36.9456457
  21.3262347   36.9436875
  21.3274714   36.94174
  21.3287347   36.939803
  21.3298961   36.9380661
  21.3306464   36.936986
  21.3310476   36.9364387
  21.3316177   36.935675
  21.3322723   36.934704
  21.3326964   36.9340879
  21.3337627   36.9325725
  21.3346372   36.9313894
  21.3358897   36.9297627
  21.3366762   36.9287611
  21.3372903   36.92791
  21.3384455   36.9263877
  21.339768    36.9247314
  21.3412608   36.9229034
  21.3427783   36.9210885
  21.3443203   36.919287
  21.3458866   36.917499
  21.347477    36.9157249
  21.3490914   36.9139648
  21.3507295   36.9122189
  21.3523891   36.9104895
  21.3540349   36.9088118
  21.3554159   36.9074312
  21.3562384   36.9066214
  21.3577676   36.9051379
  21.3593486   36.9036346
  21.3610567   36.9020433
  21.3628447   36.9004126
  21.3646649   36.8987883
  21.3665075   36.8971795
  21.3683718   36.8955869
  21.3702575   36.8940107
  21.3721645   36.8924511
  21.3740924   36.8909083
  21.3760411   36.8893824
  21.3780104   36.8878736
  21.3799999   36.8863822
  21.382007    36.88491
  21.3839894   36.8834868
  21.3856473   36.882319
  21.3866345   36.8816341
  21.3884756   36.8803756
  21.3903728   36.8791045
  21.3920572   36.8779963
  21.3929926   36.8773894
  21.3943504   36.8765193
  21.3952579   36.8759445
  21.3966254   36.8750888
  21.3975412   36.8745225
  21.3989208   36.8736795
  21.3998447   36.8731217
  21.4012363   36.8722916
  21.4021681   36.8717424
  21.4035733   36.8709243
  21.4045316   36.8703732
  21.4061208   36.8694711
  21.4074231   36.8687416
  21.4085321   36.8681294
  21.4100379   36.8673098
  21.4110187   36.8667828
  21.4133937   36.8655246
  21.4151017   36.8646385
  21.41767     36.8633354
  21.4190866   36.8626308
  21.4198053   36.8622786
  21.4222489   36.8610972
  21.4240239   36.8602542
  21.4247519   36.8598748
  21.4249995   36.8592149
  21.4253669   36.8582574
  21.4258485   36.8570272
  21.4265119   36.8553696
  21.4269346   36.8543378
  21.4275745   36.8528104
  21.4280152   36.8517815
  21.4287615   36.8500788
  21.429497    36.8484435
  21.4302072   36.8469119
  21.4306341   36.8459987
  21.4314758   36.8441616
  21.4323972   36.8422114
  21.4333837   36.8401872
  21.4344031   36.8381608
  21.4354532   36.836137
  21.4363822   36.8343978
  21.4365583   36.8337123
  21.4370955   36.8316985
  21.4374757   36.8303318
  21.4381427   36.8280337
  21.4387272   36.8261024
  21.4392078   36.8241887
  21.4396774   36.8224029
  21.4399708   36.8213312
  21.4401351   36.8207146
  21.440591    36.8190051
  21.4409804   36.8175916
  21.4412955   36.8164862
  21.4416889   36.8151514
  21.4418259   36.8141636
  21.4419487   36.8133529
  21.4420681   36.8126279
  21.4423134   36.8111847
  21.4426084   36.8095154
  21.4428044   36.8084668
  21.4429334   36.8078167
  21.4432103   36.8064951
  21.4433328   36.8059441
  21.4436771   36.8044674
  21.4439271   36.8034434
  21.4440785   36.8028434
  21.4442449   36.8020383
  21.4444992   36.8009269
  21.4443602   36.7988865
  21.4441687   36.7978763
  21.4439966   36.7967031
  21.4436946   36.7945342
  21.4435143   36.7927041
  21.4434776   36.792138
  21.4434037   36.7909144
  21.4433767   36.7901483
  21.443086    36.7879954
  21.4429449   36.7858123
  21.4428334   36.7836277
  21.4427834   36.7823329
  21.4425522   36.7810975
  21.4421731   36.7789223
  21.4418252   36.7767538
  21.4415069   36.7745828
  21.4412181   36.7724092
  21.4409588   36.7702332
  21.440729    36.768055
  21.4405287   36.765875
  21.4403581   36.7636933
  21.440217    36.7615103
  21.4401055   36.7593257
  21.4400235   36.7571316
  21.4399706   36.7548793
  21.4399483   36.7523962
  21.4399659   36.74995
  21.4399882   36.748766
  21.4400583   36.7463249
  21.4401358   36.7443892
  21.4402354   36.7424627
  21.4403407   36.7407783
  21.4405007   36.7385813
  21.4406151   36.7372131
  21.4408062   36.735186
  21.4409478   36.7338365
  21.4411812   36.7318139
  21.441351    36.7304665
  21.4416269   36.7284473
  21.441825    36.7271025
  21.4421432   36.7250874
  21.4423036   36.7241259
  21.442415    36.7230725
  21.4425574   36.7218136
  21.4427882   36.7199361
  21.4429543   36.7186854
  21.4432217   36.7168109
  21.4434121   36.7155625
  21.443716    36.7136917
  21.4439307   36.7124458
  21.4442716   36.7105761
  21.4445183   36.7092947
  21.444976    36.70705
  21.4454903   36.704691
  21.4460824   36.702166
  21.4466361   36.6999496
  21.447204    36.6978013
  21.4477984   36.6956678
  21.4484215   36.6935402
  21.4490733   36.6914181
  21.4497538   36.6893019
  21.4504629   36.6871918
  21.4512005   36.685088
  21.4519665   36.6829909
  21.4527608   36.6809005
  21.4535835   36.6788169
  21.4544303   36.67675
  21.4549747   36.6754627
  21.4553123   36.6745781
  21.4557072   36.673557
  21.4563542   36.6719231
  21.456792    36.6708438
  21.4574089   36.6693575
  21.4577449   36.6685666
  21.4583089   36.6672688
  21.4586385   36.6665259
  21.4589441   36.6658619
  21.4595525   36.66458
  21.4603077   36.6630359
  21.4606926   36.6621804
  21.4612644   36.6609521
  21.46222     36.6589661
  21.4628353   36.6577283
  21.4635043   36.6564233
  21.4645642   36.6543998
  21.4651645   36.6532781
  21.4660895   36.6515838
  21.4665046   36.6508378
  21.4672006   36.6496093
  21.4676244   36.6488745
  21.4684292   36.6475038
  21.4689676   36.6466056
  21.4698834   36.6451099
  21.470463    36.6441833
  21.4717615   36.642152
  21.4725479   36.6409447
  21.4731482   36.6400288
  21.4738433   36.6389212
  21.4750677   36.6370414
  21.4757087   36.6360888
  21.4769048   36.6343687
  21.478111    36.6326689
  21.4788287   36.6316782
  21.4798525   36.6302875
  21.4805049   36.6294141
  21.4816521   36.6279035
  21.4830569   36.6260924
  21.4845174   36.6242535
  21.4860044   36.6224253
  21.4875159   36.6206103
  21.4890518   36.6188087
  21.490612    36.6170206
  21.4921962   36.6152464
  21.4938042   36.6134862
  21.4954359   36.6117402
  21.497089    36.6100107
  21.4987283   36.6083329
  21.5001039   36.6069521
  21.5009233   36.6061422
  21.5024469   36.6046582
  21.5040212   36.6031552
  21.5057226   36.6015639
  21.5075036   36.599933
  21.5093167   36.5983086
  21.5111521   36.5966997
  21.5130091   36.595107
  21.5148874   36.5935307
  21.5167869   36.591971
  21.5187073   36.590428
  21.5206484   36.588902
  21.5226099   36.5873932
  21.5245917   36.5859016
  21.5265934   36.5844276
  21.528614    36.5829718
  21.5306348   36.5815472
  21.5325266   36.5802405
  21.5339833   36.5792512
  21.5352942   36.578374
  21.536258    36.5777379
  21.5378779   36.5766841
  21.5401754   36.5752139
  21.5408566   36.5747834
  21.5422101   36.5739402
  21.5446948   36.5724214
  21.5463784   36.5714144
  21.5489232   36.5699256
  21.5506326   36.5689474
  21.5532156   36.5675021
  21.5549501   36.5665532
  21.5575701   36.565152
  21.5593289   36.5642328
  21.5619625   36.5628875
  21.5634155   36.5621604
  21.5641528   36.561797
  21.5666598   36.5605785
  21.5684794   36.5597102
  21.5697194   36.5591292
  21.5711145   36.558488
  21.5726707   36.5577829
  21.5736316   36.5573533
  21.5750591   36.5567233
  21.5760129   36.5563079
  21.5774476   36.555691
  21.5784069   36.5552839
  21.5798499   36.5546797
  21.5808146   36.554281
  21.5822656   36.5536895
  21.5832356   36.5532994
  21.5846945   36.5527206
  21.5856697   36.552339
  21.5871363   36.5517731
  21.5881166   36.5514001
  21.5895908   36.550847
  21.590576    36.5504827
  21.5920575   36.5499426
  21.5930476   36.5495869
  21.5945362   36.5490599
  21.5955311   36.5487129
  21.5970267   36.548199
  21.5980262   36.5478608
  21.5995287   36.54736
  21.6005326   36.5470306
  21.6020417   36.5465431
  21.6029238   36.5462623
  21.6041554   36.5458858
  21.6064398   36.5452667
  21.6079082   36.5448033
  21.6093468   36.5443558
  21.6108949   36.5438819
  21.6115206   36.5436944
  21.612324    36.5434649
  21.6131018   36.5432487
  21.6143559   36.5429099
  21.6164218   36.541674
  21.6185403   36.5403952
  21.6202865   36.5393616
  21.6212162   36.5388192
  21.6225427   36.5380545
  21.6234279   36.5375501
  21.6247608   36.5367993
  21.6256527   36.5363028
  21.6269955   36.5355638
  21.6278941   36.535075
  21.6292468   36.5343479
  21.6301519   36.5338671
  21.6315144   36.5331519
  21.6324259   36.532679
  21.6337978   36.5319758
  21.6347157   36.531511
  21.636097    36.5308199
  21.6370222   36.5303626
  21.6384382   36.5296714
  21.6394987   36.5291609
  21.6415673   36.5281807
  21.6436073   36.5272352
  21.645402    36.5264198
  21.6463899   36.5259777
  21.6478187   36.5253469
  21.648772    36.5249315
  21.6502062   36.5243146
  21.6511651   36.5239075
  21.6526075   36.5233032
  21.6535718   36.5229046
  21.6550223   36.5223131
  21.6559919   36.5219229
  21.6574502   36.5213442
  21.658425    36.5209626
  21.659891    36.5203966
  21.6608709   36.5200236
  21.6623444   36.5194706
  21.6633293   36.5191062
  21.6648102   36.5185662
  21.6657999   36.5182105
  21.6672879   36.5176834
  21.6682823   36.5173365
  21.6697774   36.5168225
  21.6707764   36.5164843
  21.6722783   36.5159836
  21.6732818   36.5156541
  21.6746636   36.5151995
  21.6761848   36.5146608
  21.6772848   36.5142718
  21.6783589   36.5138974
  21.6801648   36.5132782
  21.6813944   36.5128643
  21.6832465   36.5122525
  21.6844846   36.5118514
  21.6863481   36.5112593
  21.6876079   36.510867
  21.689634    36.5102489
  21.691298    36.5097516
  21.692462    36.5094121
  21.6940043   36.5089719
  21.6963194   36.5083254
  21.6977845   36.5079265
  21.6999635   36.5073485
  21.7014186   36.5069725
  21.7036065   36.506422
  21.7050686   36.506064
  21.7072667   36.5055407
  21.7087354   36.5052008
  21.7109432   36.5047048
  21.7124181   36.5043832
  21.7146368   36.5039142
  21.7161364   36.5036073
  21.7185464   36.5031302
  21.7203714   36.5027805
  21.7219415   36.5024893
  21.7234983   36.5022094
  21.7255272   36.5018554
  21.726793    36.5016416
  21.7286735   36.5013343
  21.7299437   36.5011336
  21.7320163   36.5008178
  21.733835    36.5005514
  21.7356408   36.5003003
  21.7374593   36.5000578
  21.7385463   36.4999181
  21.7401534   36.4997189
  21.7412248   36.499591
  21.7428332   36.499406
  21.7439063   36.4992875
  21.7455171   36.4991167
  21.7465917   36.4990076
  21.7482047   36.498851
  21.7492808   36.4987513
  21.7508958   36.4986089
  21.7519731   36.4985186
  21.7535899   36.4983904
  21.7546683   36.4983097
  21.7562868   36.4981956
  21.7573663   36.4981244
  21.7589861   36.4980245
  21.7600665   36.4979628
  21.7616876   36.4978772
  21.7627688   36.4978249
  21.764391    36.4977536
  21.7654727   36.4977108
  21.7670958   36.4976537
  21.7681781   36.4976204
  21.7698018   36.4975776
  21.7708845   36.4975538
  21.7725099   36.4975253
  21.7736101   36.4975109
  21.7754554   36.4974954
  21.7773334   36.4974903
  21.7791264   36.4974981
  21.7812261   36.4975192
  21.7825153   36.497539
  21.7844241   36.4975784
  21.7856954   36.4976112
  21.7876019   36.4976703
  21.7888726   36.4977162
  21.790778    36.4977949
  21.7920479   36.4978539
  21.7939519   36.4979522
  21.7952207   36.4980243
  21.7971245   36.4981424
  21.7984081   36.4982288
  21.8004677   36.4983783
  21.8012924   36.498442
  21.8023446   36.4981531
  21.8032113   36.4979195
  21.8057904   36.4972385
  21.8066513   36.4970158
  21.8080889   36.4966517
  21.8089656   36.4964345
  21.811348    36.4958581
  21.8131307   36.4954404
  21.8158305   36.49483
  21.8176351   36.4944366
  21.8203486   36.4938672
  21.8221619   36.4935013
  21.8248882   36.4929731
  21.8267021   36.4926361
  21.8292567   36.4921808
  21.8303592   36.49199
  21.8320644   36.4917031
  21.8332537   36.491509
  21.8348981   36.4912497
  21.8370496   36.4909224
  21.8385635   36.4907002
  21.8406044   36.4904404
  21.8437892   36.4900827
  21.8446815   36.4899537
  21.8456521   36.4898226
  21.847591    36.4895767
  21.8485668   36.4894609
  21.8497741   36.4893276
  21.8505759   36.4892408
  21.8519685   36.4890935
  21.853076    36.4889828
  21.8540004   36.4888962
  21.8552173   36.4887902
  21.8566482   36.4886746
  21.8576523   36.4885968
  21.8589103   36.4885047
  21.8596249   36.4884567
  21.8610013   36.4883724
  21.8619133   36.488323
  21.8626231   36.4882823
  21.865247    36.488085
  21.8669105   36.4879825
  21.8677078   36.4879446
  21.8693163   36.4878739
  21.8703979   36.4878311
  21.8720208   36.487774
  21.8731029   36.4877407
  21.8747264   36.4876979
  21.875809    36.4876741
  21.8774342   36.4876456
  21.8785337   36.4876312
  21.8803607   36.4876158
  21.8821218   36.4876103
  21.8837397   36.4876159
  21.8855912   36.4877184
  21.8866398   36.4877526
  21.8882636   36.4877383
  21.889345    36.4877312
  21.890024    36.487728
  21.8909672   36.4877489
  21.8920494   36.4877768
  21.8936711   36.4878516
  21.8947522   36.4879045
  21.8952926   36.487932
  21.8963678   36.4880169
  21.8974448   36.4881043
  21.8989282   36.4882118
  21.8996368   36.488099
  21.9012707   36.4881564
  21.9023523   36.4881992
  21.9039743   36.4882706
  21.9050553   36.4883228
  21.9066762   36.4884084
  21.9077565   36.4884702
  21.9093762   36.48857
  21.9104555   36.4886413
  21.9120738   36.4887553
  21.9131521   36.4888361
  21.9147687   36.4889643
  21.9158459   36.4890545
  21.9174607   36.489197
  21.9185366   36.4892966
  21.9201494   36.4894532
  21.9212238   36.4895624
  21.9228344   36.4897331
  21.9239074   36.4898517
  21.9255156   36.4900366
  21.9265869   36.4901646
  21.9281938   36.4903638
  21.9292785   36.4905032
  21.9310566   36.4907401
  21.9326689   36.4909634
  21.9343844   36.4912126
  21.9361774   36.4914828
  21.9372569   36.4916508
  21.9388516   36.4919062
  21.9399127   36.492081
  21.9415026   36.4923503
  21.9425613   36.4925344
  21.9441475   36.4928176
  21.9452036   36.493011
  21.9467859   36.4933081
  21.9478394   36.4935108
  21.9494176   36.4938218
  21.9504683   36.4940337
  21.9520422   36.4943586
  21.9530901   36.4945797
  21.9546595   36.4949184
  21.9557043   36.4951487
  21.9572691   36.4955011
  21.9583107   36.4957406
  21.9598707   36.4961068
  21.960909    36.4963554
  21.962464    36.4967352
  21.9634989   36.496993
  21.9650487   36.4973865
  21.9660801   36.4976533
  21.9676245   36.4980603
  21.9686523   36.4983362
  21.9701923   36.4987572
  21.9712299   36.4990459
  21.9729054   36.4995207
  21.974356    36.4999395
  21.9754384   36.5002591
  21.9770145   36.5007341
  21.9792816   36.5014324
  21.9810567   36.5019906
  21.9822145   36.5023619
  21.983854    36.5028972
  21.9850902   36.5033087
  21.9864549   36.5037717
  21.9882479   36.5043902
  21.9895025   36.5048297
  21.9907867   36.5052866
  21.9922165   36.5058036
  21.9936989   36.5063491
  21.9952651   36.5069364
  21.996915    36.5075656
  21.997931    36.5079591
  21.9994211   36.5085446
  22.0004115   36.5089392
  22.0019496   36.5095608
  22.0029972   36.5099903
  22.0045664   36.5106432
  22.0056264   36.5110907
  22.0072652   36.5117932
  22.0088373   36.5124783
  22.0105171   36.5132245
  22.0122472   36.514007
  22.0139741   36.5148017
  22.0154963   36.5155156
  22.0170291   36.5162459
  22.0185825   36.5169981
  22.0201287   36.5177595
  22.0216521   36.5185218
  22.0231859   36.5193017
  22.0247116   36.5200903
  22.0262138   36.520879
  22.0277264   36.5216857
  22.0292307   36.522501
  22.0307111   36.5233158
  22.0322016   36.5241488
  22.0336838   36.5249905
  22.0351418   36.5258311
  22.0366094   36.52669
  22.0380688   36.5275577
  22.0395037   36.5284236
  22.0409478   36.5293081
  22.0423845   36.5302018
  22.0438101   36.5311018
  22.045286    36.532048
  22.046304    36.5327099
  22.0475021   36.5334865
  22.0492496   36.5346355
  22.0506626   36.5355824
  22.0519585   36.5364708
  22.0537935   36.5377512
  22.0550432   36.5386381
  22.0567543   36.5398747
  22.058713    36.5413186
  22.0606912   36.5428084
  22.0626516   36.5443173
  22.0645916   36.5458433
  22.0665108   36.5473862
  22.0684092   36.5489459
  22.0700998   36.5503638
  22.0717068   36.5517794
  22.0722059   36.5522408
  22.0726064   36.5525737
  22.0736182   36.5534484
  22.07518     36.5548128
  22.0761117   36.5556502
  22.0771992   36.5566558
  22.0778108   36.5572322
  22.0781888   36.5575997
  22.0787401   36.5581425
  22.0800302   36.5594196
  22.0820244   36.5612261
  22.0824772   36.5616674
  22.0831842   36.5623675
  22.084559    36.5637483
  22.0861974   36.5654261
  22.0878496   36.5671556
  22.0894803   36.5689016
  22.0910874   36.5706619
  22.0926706   36.5724361
  22.0942299   36.5742242
  22.0957649   36.5760259
  22.0972756   36.5778409
  22.0987617   36.5796691
  22.1002213   36.581508
  22.1016254   36.5833191
  22.1027719   36.5848297
  22.1034235   36.5857026
  22.1044388   36.5870825
  22.1051318   36.5880389
  22.1062465   36.5896077
  22.1076575   36.5916362
  22.1085976   36.5930146
  22.109289    36.5940475
  22.1103017   36.5955897
  22.1116681   36.5977152
  22.1124928   36.5990282
  22.113688    36.6009748
  22.1144059   36.6022987
  22.1144002   36.6003734
  22.1144209   36.5998325
  22.114072    36.5989993
  22.1131098   36.5969656
  22.1121382   36.5948369
  22.1112698   36.5928648
  22.1107815   36.591726
  22.1098267   36.589441
  22.1091783   36.5878355
  22.108234    36.5854109
  22.1076257   36.5837892
  22.1067452   36.581349
  22.1061796   36.5797173
  22.1053633   36.5772627
  22.1048407   36.5756216
  22.104089    36.5731536
  22.1036095   36.5715041
  22.1029223   36.5690218
  22.1024809   36.5673433
  22.1018084   36.5646414
  22.1013221   36.5625781
  22.1008763   36.5605788
  22.1005236   36.5589095
  22.1001327   36.5569597
  22.0999408   36.5559529
  22.0997456   36.5549647
  22.0993576   36.5528915
  22.0989835   36.5507398
  22.0986377   36.5485803
  22.0983511   36.5466342
  22.0981369   36.544818
  22.0980768   36.5441466
  22.097971    36.5434664
  22.0977719   36.5419563
  22.0975832   36.5402106
  22.0974826   36.5391028
  22.0973385   36.5371187
  22.0972681   36.5359434
  22.0971651   36.5349883
  22.0970209   36.5331784
  22.0969215   36.5312198
  22.0968384   36.5290347
  22.0967844   36.5268098
  22.0967595   36.5244476
  22.0967727   36.5190373
  22.0968111   36.5165871
  22.0968782   36.5143299
  22.0969743   36.5121308
  22.0970994   36.5099458
  22.097254    36.5077633
  22.0974381   36.5055822
  22.0976515   36.503403
  22.0978945   36.5012257
  22.0981668   36.4990507
  22.0984685   36.4968782
  22.0987994   36.4947085
  22.0991598   36.4925414
  22.099551    36.4903692
  22.0999829   36.4881461
  22.1004918   36.4857105
  22.1010114   36.4834018
  22.1012718   36.482301
  22.1017859   36.4802113
  22.1021614   36.4787531
  22.1027518   36.4765627
  22.1031755   36.4750601
  22.1034752   36.4739915
  22.1037819   36.4729075
  22.1039776   36.4722287
  22.1041114   36.4717024
  22.1046582   36.4696314
  22.1052499   36.4675011
  22.1058711   36.4653734
  22.106521    36.4632512
  22.1071995   36.4611349
  22.1079064   36.4590247
  22.1086418   36.4569208
  22.1094052   36.4548242
  22.1101732   36.452795
  22.1106958   36.4514513
  22.1110643   36.4504786
  22.1117675   36.4486682
  22.1122495   36.4474608
  22.1129911   36.4456518
  22.1135099   36.4444201
  22.1144138   36.4423328
  22.1152678   36.4404188
  22.1163065   36.4381675
  22.1172484   36.4361902
  22.1185058   36.43363
  22.1193087   36.4320453
  22.120511    36.4297217
  22.121195    36.4283117
  22.1216925   36.4273036
  22.1222966   36.4260961
  22.1229678   36.4247806
  22.1236701   36.4234314
  22.1240137   36.4227781
  22.1246367   36.4215877
  22.1258318   36.4193614
  22.1263486   36.4184222
  22.1272143   36.4168843
  22.127828    36.4160249
  22.128293    36.415145
  22.128733    36.4143098
  22.1297864   36.4124607
  22.1309157   36.4106394
  22.1315653   36.4096063
  22.1320006   36.4089815
  22.1332981   36.4067166
  22.1341735   36.4053521
  22.1354961   36.403338
  22.136402    36.4019898
  22.1377731   36.3999935
  22.1385433   36.3986367
  22.1396918   36.3966576
  22.1408669   36.3946887
  22.1420685   36.3927302
  22.1432963   36.3907825
  22.1445505   36.3888453
  22.1458356   36.3869121
  22.1471767   36.3849476
  22.1486716   36.3828156
  22.1502004   36.3806993
  22.1517229   36.3786453
  22.1526614   36.3774029
  22.1531918   36.3767122
  22.1540185   36.3756513
  22.1544977   36.3750446
  22.1555441   36.3737339
  22.1563928   36.3726118
  22.1578188   36.3707664
  22.1592762   36.3689252
  22.1607582   36.3670969
  22.1622648   36.3652818
  22.1637956   36.3634801
  22.1653506   36.3616919
  22.1669296   36.3599176
  22.1685323   36.3581573
  22.1701566   36.3564133
  22.1717717   36.3547171
  22.1731891   36.3532585
  22.1742322   36.352205
  22.175763    36.3506851
  22.1768518   36.3496221
  22.1787399   36.3478099
  22.1797967   36.346812
  22.181402    36.3453209
  22.1825176   36.3443022
  22.184062    36.3429177
  22.1858625   36.3413355
  22.1877188   36.3397388
  22.1895756   36.3381758
  22.1912816   36.3367683
  22.192631    36.335673
  22.1939844   36.334591
  22.1957167   36.3332283
  22.197639    36.3317459
  22.1996022   36.330264
  22.2015495   36.3288252
  22.2032828   36.3275699
  22.2046601   36.3265918
  22.2066864   36.3251796
  22.2081971   36.3241472
  22.2110669   36.3222268
  22.2117424   36.3217804
  22.2128464   36.3210596
  22.2135108   36.3206309
  22.2154971   36.319364
  22.2161618   36.318945
  22.2172746   36.3182516
  22.2179547   36.3178329
  22.2197752   36.3167263
  22.2211404   36.3159103
  22.2232155   36.314692
  22.2246031   36.3138919
  22.2266033   36.3127587
  22.2275982   36.3122026
  22.228112    36.3119185
  22.229197    36.3113107
  22.2304428   36.3106227
  22.2321769   36.3096804
  22.2333182   36.3090696
  22.2350352   36.3081644
  22.236185    36.3075672
  22.237973    36.306652
  22.2386053   36.3063183
  22.2401143   36.3055157
  22.2426957   36.3041711
  22.24412     36.303444
  22.2448457   36.3030791
  22.2473577   36.3018334
  22.2494897   36.3007975
  22.2510152   36.3000709
  22.2522818   36.2994763
  22.2537983   36.298776
  22.2554141   36.298041
  22.256379    36.2976081
  22.2578022   36.2969779
  22.2587528   36.2965624
  22.2600277   36.296012
  22.2612312   36.2944884
  22.2624151   36.2926503
  22.2631707   36.2914911
  22.2643051   36.2897845
  22.2650923   36.2886235
  22.266451    36.2866602
  22.2676089   36.2850224
  22.2683119   36.2840479
  22.2693274   36.2826621
  22.2699766   36.281789
  22.2711186   36.2802783
  22.2725172   36.2784671
  22.2739711   36.276628
  22.2754514   36.2747997
  22.2769561   36.2729845
  22.2784852   36.2711828
  22.2800383   36.2693946
  22.2816154   36.2676202
  22.2832162   36.2658599
  22.2848406   36.2641137
  22.2864863   36.2623841
  22.2881182   36.2607062
  22.2894877   36.2593253
  22.2903035   36.2585152
  22.2918663   36.2569865
  22.2933875   36.2555281
  22.2950812   36.2539366
  22.2968543   36.2523056
  22.2986592   36.2506811
  22.3004864   36.2490721
  22.3023351   36.2474792
  22.3042051   36.2459028
  22.3060961   36.2443429
  22.3080079   36.2427999
  22.3099403   36.2412738
  22.311893    36.2397648
  22.3138659   36.2382731
  22.3158563   36.2368007
  22.3178221   36.2353772
  22.3194664   36.2342092
  22.3204478   36.2335225
  22.3222899   36.2322527
  22.3242832   36.2309072
  22.3260833   36.2297153
  22.3270928   36.2290568
  22.3285629   36.2281107
  22.3295459   36.2274861
  22.3310278   36.2265569
  22.3320205   36.2259424
  22.3335167   36.2250283
  22.3345188   36.224424
  22.3360291   36.2235252
  22.3370405   36.2229312
  22.338567    36.2220466
  22.3396188   36.2214454
  22.3414623   36.2204073
  22.3435008   36.2192801
  22.345352    36.2182757
  22.3463327   36.2177515
  22.3484714   36.2166241
  22.3499958   36.2158357
  22.3523066   36.2146645
  22.3538721   36.2138872
  22.3563523   36.2126812
  22.3579493   36.2119184
  22.3590517   36.2114004
  22.3604198   36.2107689
  22.3619672   36.2100647
  22.3629238   36.209635
  22.364345    36.209005
  22.3652945   36.2085895
  22.3667229   36.2079725
  22.3676779   36.2075654
  22.3691144   36.2069611
  22.3700748   36.2065625
  22.3715194   36.2059709
  22.3724851   36.2055807
  22.3739375   36.2050019
  22.3749084   36.2046203
  22.3763685   36.2040543
  22.3773444   36.2036812
  22.378812    36.2031282
  22.3797928   36.2027638
  22.3812677   36.2022237
  22.3822534   36.2018679
  22.3837355   36.2013409
  22.3847259   36.2009939
  22.3862149   36.2004799
  22.3872099   36.2001416
  22.3887057   36.1996409
  22.3897051   36.1993114
  22.3912076   36.1988238
  22.3922114   36.1985032
  22.3937214   36.1980285
  22.3947445   36.1977122
  22.3964432   36.1971961
  22.3980569   36.1967154
  22.3996071   36.1962653
  22.4013041   36.1957823
  22.4023389   36.1954932
  22.403873    36.1950722
  22.4048968   36.1947963
  22.4064352   36.1943892
  22.4074626   36.1941224
  22.4090064   36.1937289
  22.4100373   36.1934711
  22.4115862   36.1930913
  22.4126206   36.1928426
  22.4141745   36.1924764
  22.4152121   36.1922369
  22.4167708   36.1918845
  22.4178116   36.1916541
  22.419375    36.1913154
  22.4204187   36.1910943
  22.4219865   36.1907694
  22.4230332   36.1905574
  22.4246053   36.1902464
  22.4256547   36.1900437
  22.4272309   36.1897466
  22.4282829   36.1895532
  22.429863    36.18927
  22.4309176   36.1890858
  22.4325013   36.1888166
  22.4335583   36.1886417
  22.4351468   36.1883863
  22.4362221   36.1882183
  22.4380082   36.187948
  22.4397173   36.1876988
  22.4413232   36.1874755
  22.4430943   36.1872386
  22.4441748   36.1870992
  22.4457755   36.1869
  22.4468427   36.186772
  22.4484447   36.186587
  22.4495135   36.1864685
  22.4511178   36.1862977
  22.4521882   36.1861886
  22.4537947   36.1860319
  22.4548664   36.1859322
  22.456475    36.1857898
  22.457548    36.1856996
  22.4591584   36.1855713
  22.4602325   36.1854906
  22.4618445   36.1853765
  22.4629197   36.1853052
  22.4645331   36.1852054
  22.4656092   36.1851436
  22.4672238   36.1850581
  22.4683006   36.1850058
  22.4699163   36.1849344
  22.4709938   36.1848916
  22.4726104   36.1848346
  22.4736883   36.1848013
  22.4752921   36.1847588
  22.4760874   36.1847406
  22.4767874   36.1847289
  22.4781338   36.184714
  22.478807    36.1847103
  22.4801443   36.184725
  22.4809836   36.1847434
  22.4817544   36.1847313
  22.4832512   36.1847113
  22.4841009   36.1847022
  22.4851173   36.1846965
  22.4857575   36.1846979
  22.486936    36.1847079
  22.4884855   36.1847318
  22.4896649   36.1847582
  22.4901917   36.1847727
  22.4910934   36.1848018
  22.4926822   36.1848604
  22.4935041   36.1848931
  22.4948472   36.1849494
  22.4955163   36.1849788
  22.4965316   36.185032
  22.4985456   36.1851544
  22.4992628   36.1852039
  22.5         36.1852299
  22.5014469   36.185281
  22.5052945   36.1856191
  22.5059153   36.1856518
  22.5068507   36.1857029
  22.5074508   36.1857369
  22.5090111   36.1858456
  22.5098749   36.1859171
  22.5108384   36.1859987
  22.5122757   36.1861249
  22.5135382   36.1862492
  22.5144653   36.1863505
  22.5159263   36.1865157
  22.5168322   36.1866252
  22.5175657   36.1867196
  22.5185285   36.1868514
  22.5201161   36.1870849
  22.5207554   36.1871787
  22.5240974   36.1875096
  22.5256842   36.1877315
  22.5273626   36.1879763
  22.528934    36.1882126
  22.5300308   36.1883827
  22.5319958   36.1886983
  22.5347857   36.1891646
  22.5356081   36.1893062
  22.5372312   36.1895949
  22.540184    36.1901428
  22.5421644   36.1905276
  22.5451275   36.1911293
  22.5470977   36.1915469
  22.550045    36.1921979
  22.5520043   36.1926482
  22.5549345   36.1933481
  22.556882    36.1938309
  22.5597696   36.1945731
  22.5613493   36.1949917
  22.5621475   36.1952081
  22.5648529   36.1959561
  22.5668325   36.196518
  22.5682074   36.1969182
  22.569612    36.1973377
  22.5712561   36.1978376
  22.5722763   36.198153
  22.5737863   36.1986277
  22.5747901   36.1989483
  22.5762926   36.1994358
  22.577292    36.1997653
  22.5787879   36.2002661
  22.5797829   36.2006044
  22.5812719   36.2011183
  22.5822623   36.2014653
  22.5837443   36.2019924
  22.58473     36.2023481
  22.5862049   36.2028882
  22.5871858   36.2032526
  22.5886534   36.2038057
  22.5896293   36.2041787
  22.5910894   36.2047447
  22.5920602   36.2051263
  22.5935126   36.2057052
  22.5944783   36.2060953
  22.5959229   36.2066869
  22.5968833   36.2070856
  22.5983199   36.2076899
  22.5992749   36.208097
  22.6007033   36.2087139
  22.6016528   36.2091294
  22.603074    36.2097595
  22.6040306   36.2101891
  22.6055786   36.2108937
  22.6069535   36.2115283
  22.6081018   36.2120682
  22.6097955   36.2128784
  22.612602    36.214247
  22.6146199   36.2152521
  22.6164916   36.2162039
  22.6182546   36.2171178
  22.6205445   36.2183266
  22.6219633   36.21909
  22.6240546   36.2202361
  22.6254397   36.2210092
  22.6275051   36.222183
  22.6288739   36.222975
  22.6309144   36.224177
  22.6322571   36.224982
  22.6340687   36.2260865
  22.6348636   36.2265783
  22.6361662   36.2273955
  22.6369438   36.22789
  22.6392622   36.2293849
  22.6400369   36.2298913
  22.6413187   36.2307407
  22.6421328   36.2312879
  22.6454874   36.2335794
  22.6463261   36.234161
  22.6477111   36.2351359
  22.6485365   36.2357257
  22.6509928   36.2375069
  22.6518061   36.2381056
  22.6532122   36.2391443
  22.6730333   36.2564565
  22.6840196   36.2697441
  22.7018724   36.2929919
  22.7183519   36.3173393
  22.7279649   36.3383605
  22.7403246   36.3737518
  22.7499376   36.4058113
  22.7513109   36.4389623
  22.7485643   36.4787249
  22.7444444   36.5129486
  22.7416978   36.5372271
  22.7465056   36.5450875
  22.7523421   36.5533617
  22.7571486   36.5610835
  22.7610114   36.5683857
  22.7634143   36.573354
  22.7654742   36.5782478
  22.7670192   36.5827968
  22.7678762   36.5859993
  22.7686063   36.585653
  22.769955    36.5850359
  22.7713154   36.5844357
  22.7726874   36.5838526
  22.7740704   36.5832866
  22.7754643   36.582738
  22.7768686   36.5822069
  22.778283    36.5816933
  22.7797073   36.5811975
  22.7811409   36.5807195
  22.7819067   36.5804697
  22.783389    36.5799974
  22.7848806   36.5795441
  22.7863809   36.57911
  22.7878897   36.5786952
  22.7894066   36.5782998
  22.7896841   36.5782313
  22.7902118   36.5775214
  22.7910389   36.5764474
  22.7918869   36.575384
  22.7927557   36.5743314
  22.793645    36.57329
  22.7945547   36.5722599
  22.7954844   36.5712414
  22.796434    36.5702348
  22.7974033   36.5692404
  22.7983919   36.5682583
  22.7993997   36.5672888
  22.8004263   36.5663322
  22.8014716   36.5653886
  22.8020877   36.5648498
  22.8021964   36.564721
  22.8027173   36.5641141
  22.8036195   36.5630803
  22.8045419   36.562058
  22.8054843   36.5610475
  22.8064463   36.5600491
  22.8074277   36.5590629
  22.8084284   36.5580892
  22.8094481   36.5571283
  22.8104864   36.5561804
  22.8111021   36.5556359
  22.811396    36.5552614
  22.812255    36.5542037
  22.8126682   36.5537037
  22.8135466   36.5526585
  22.8144453   36.5516245
  22.8153642   36.550602
  22.816303    36.5495912
  22.8172615   36.5485924
  22.8182394   36.5476058
  22.8192365   36.5466316
  22.8202525   36.5456702
  22.8212873   36.5447217
  22.8223404   36.5437864
  22.8234118   36.5428645
  22.824501    36.5419562
  22.825608    36.5410619
  22.8267322   36.5401816
  22.8278736   36.5393156
  22.8290318   36.5384641
  22.8302065   36.5376273
  22.8313974   36.5368055
  22.8326043   36.5359988
  22.8338268   36.5352075
  22.8350647   36.5344317
  22.8363175   36.5336717
  22.8375851   36.5329275
  22.8388672   36.5321995
  22.8401633   36.5314877
  22.8412993   36.5308847
  22.8411719   36.5307146
  22.8404074   36.5296579
  22.8396631   36.5285919
  22.8389391   36.5275169
  22.8382355   36.5264331
  22.8375526   36.5253409
  22.8368905   36.5242404
  22.8362493   36.5231318
  22.8356292   36.5220156
  22.8350303   36.5208919
  22.8349491   36.5207362
  22.8343585   36.519579
  22.8337905   36.5184145
  22.8332451   36.517243
  22.8327224   36.5160647
  22.8322227   36.5148801
  22.8317461   36.5136893
  22.8312926   36.5124927
  22.8308623   36.5112905
  22.8304555   36.510083
  22.8300721   36.5088706
  22.8297123   36.5076535
  22.8293761   36.5064321
  22.8290637   36.5052065
  22.8287751   36.5039772
  22.8285103   36.5027443
  22.8282695   36.5015083
  22.8280527   36.5002694
  22.82786     36.4990279
  22.8276914   36.4977841
  22.8275469   36.4965384
  22.8274266   36.4952909
  22.8274225   36.4952446
  22.8273938   36.4951679
  22.8271488   36.4945544
  22.8266963   36.4933577
  22.8262671   36.4921554
  22.8258613   36.4909479
  22.8254789   36.4897355
  22.8251201   36.4885184
  22.8247849   36.4872969
  22.8244735   36.4860713
  22.8241858   36.484842
  22.823922    36.4836092
  22.8236821   36.4823732
  22.8234663   36.4811343
  22.8232744   36.4798929
  22.8231067   36.4786492
  22.822963    36.4774035
  22.8228436   36.4761561
  22.8227483   36.4749074
  22.8226773   36.4736576
  22.8226304   36.4724071
  22.8226079   36.4711561
  22.8226095   36.469905
  22.8226354   36.468654
  22.8226856   36.4674034
  22.82276     36.4661537
  22.8228586   36.464905
  22.8229814   36.4636576
  22.8231283   36.462412
  22.8232994   36.4611683
  22.8234946   36.4599268
  22.8237138   36.458688
  22.8239569   36.457452
  22.8240541   36.4569817
  22.8243218   36.4557462
  22.8246135   36.4545141
  22.8249291   36.4532858
  22.8252685   36.4520617
  22.8256316   36.4508419
  22.8260184   36.4496268
  22.8264287   36.4484167
  22.8268624   36.4472119
  22.8273196   36.4460126
  22.8277999   36.4448193
  22.8283033   36.4436321
  22.8288298   36.4424513
  22.8293791   36.4412773
  22.8299511   36.4401103
  22.8305458   36.4389507
  22.8311628   36.4377986
  22.8318022   36.4366544
  22.8324637   36.4355184
  22.8331472   36.4343908
  22.8338525   36.4332719
  22.8345794   36.432162
  22.8353278   36.4310614
  22.8360975   36.4299702
  22.8368883   36.4288889
  22.8376999   36.4278176
  22.8385323   36.4267567
  22.8393851   36.4257063
  22.8402583   36.4246668
  22.8405732   36.4243042
  22.8765457   36.4351883
  22.9439009   36.4282957
  23.0066705   36.4056807
  23.039095    36.393996
  23.1225046   36.3479844
  23.1226605   36.3479736
  23.1231112   36.3479399
  23.1234416   36.3479194
  23.1237717   36.3478964
  23.1242233   36.3478708
  23.1246746   36.3478428
  23.1250053   36.3478265
  23.1253358   36.3478078
  23.1257878   36.3477879
  23.1262396   36.3477656
  23.1265706   36.3477534
  23.1269015   36.3477389
  23.1273538   36.3477247
  23.1278059   36.3477081
  23.1281371   36.3477002
  23.1284682   36.3476898
  23.1289208   36.3476814
  23.1293732   36.3476705
  23.1297045   36.3476668
  23.1300358   36.3476606
  23.1304884   36.3476579
  23.130941    36.3476528
  23.1312724   36.3476532
  23.1316037   36.3476512
  23.1320563   36.3476542
  23.132509    36.3476548
  23.1328403   36.3476594
  23.1331716   36.3476616
  23.1336241   36.3476704
  23.1340767   36.3476767
  23.1344079   36.3476855
  23.1347391   36.3476919
  23.1351914   36.3477064
  23.1356438   36.3477184
  23.1359748   36.3477314
  23.1363059   36.347742
  23.1367578   36.3477622
  23.1372099   36.34778
  23.1375406   36.3477972
  23.1378714   36.3478119
  23.1383229   36.3478378
  23.1387746   36.3478613
  23.1391049   36.3478827
  23.1394354   36.3479017
  23.1398864   36.3479333
  23.1403376   36.3479625
  23.1406674   36.347988
  23.1409975   36.3480111
  23.1414478   36.3480485
  23.1418983   36.3480834
  23.1422276   36.3481131
  23.1425572   36.3481404
  23.1430067   36.3481834
  23.1434565   36.348224
  23.1437852   36.3482579
  23.1441142   36.3482893
  23.1445628   36.348338
  23.1450118   36.3483843
  23.1453398   36.3484223
  23.1456682   36.348458
  23.1461158   36.3485123
  23.1465638   36.3485643
  23.146891    36.3486065
  23.1472186   36.3486462
  23.1476651   36.3487063
  23.148112    36.3487639
  23.1484384   36.3488102
  23.1487652   36.3488541
  23.1492104   36.3489198
  23.1496562   36.348983
  23.1499816   36.3490335
  23.1503075   36.3490815
  23.1507514   36.3491528
  23.1511959   36.3492217
  23.1515203   36.3492762
  23.1518452   36.3493284
  23.1522877   36.3494053
  23.1527308   36.3494798
  23.153054    36.3495384
  23.1533779   36.3495947
  23.1538189   36.3496772
  23.1542604   36.3497573
  23.1545825   36.34982
  23.1549053   36.3498804
  23.1553445   36.3499684
  23.1557845   36.3500541
  23.1561053   36.3501209
  23.1564268   36.3501853
  23.1568643   36.3502789
  23.1573025   36.3503701
  23.157622    36.350441
  23.1579423   36.3505095
  23.1583779   36.3506086
  23.1588143   36.3507054
  23.1591323   36.3507802
  23.1594512   36.3508528
  23.1598848   36.3509574
  23.1603193   36.3510597
  23.1606358   36.3511385
  23.1609532   36.3512151
  23.1613847   36.3513252
  23.1618172   36.3514329
  23.1621321   36.3515158
  23.162448    36.3515964
  23.1628773   36.3517119
  23.1633076   36.3518251
  23.1636209   36.351912
  23.1639352   36.3519966
  23.164081    36.3520379
  23.1649271   36.3522475
  23.1664123   36.3526361
  23.1678898   36.3530433
  23.1693592   36.3534691
  23.1708202   36.3539134
  23.1722723   36.354376
  23.1737153   36.3548568
  23.1751488   36.3553558
  23.1765724   36.3558728
  23.1779857   36.3564076
  23.1780058   36.3564155
  23.1780166   36.3564136
  23.1786679   36.3563115
  23.179319    36.3562081
  23.1794375   36.3561908
  23.1795556   36.3561723
  23.1802089   36.3560784
  23.1808619   36.3559832
  23.1809807   36.3559675
  23.1810992   36.3559504
  23.1817542   36.3558648
  23.182409    36.3557779
  23.1825281   36.3557637
  23.1826469   36.3557481
  23.1833035   36.3556708
  23.1839599   36.3555922
  23.1840793   36.3555795
  23.1841984   36.3555654
  23.1848564   36.3554964
  23.1855142   36.3554262
  23.1856338   36.3554149
  23.1857532   36.3554024
  23.1864125   36.3553417
  23.1870716   36.3552798
  23.1871914   36.35527
  23.1873111   36.355259
  23.1879715   36.3552067
  23.1886317   36.3551531
  23.1887517   36.3551449
  23.1888715   36.3551354
  23.1895328   36.3550914
  23.190194    36.3550462
  23.1903141   36.3550395
  23.1904342   36.3550315
  23.1910963   36.3549959
  23.1917582   36.354959
  23.1918785   36.3549539
  23.1919986   36.3549474
  23.1926613   36.3549202
  23.193324    36.3548917
  23.1934443   36.354888
  23.1935646   36.3548831
  23.1942277   36.3548643
  23.1948908   36.3548442
  23.1950112   36.354842
  23.1951316   36.3548386
  23.195795    36.3548282
  23.1964584   36.3548165
  23.1965788   36.3548159
  23.1966992   36.354814
  23.1973628   36.3548119
  23.1980264   36.3548086
  23.1981468   36.3548095
  23.1982672   36.3548091
  23.1989307   36.3548155
  23.1995942   36.3548206
  23.1997146   36.354823
  23.199835    36.3548242
  23.2004984   36.3548389
  23.2011617   36.3548524
  23.201282    36.3548563
  23.2014024   36.354859
  23.2020654   36.3548821
  23.2027284   36.354904
  23.2028486   36.3549095
  23.2029689   36.3549137
  23.2036313   36.3549452
  23.2042938   36.3549754
  23.2044139   36.3549824
  23.2045341   36.3549881
  23.2051959   36.355028
  23.2058577   36.3550666
  23.2059776   36.3550752
  23.2060977   36.3550824
  23.2067586   36.3551307
  23.2074196   36.3551777
  23.2075394   36.3551877
  23.2076593   36.3551964
  23.2083191   36.3552531
  23.2089791   36.3553084
  23.2090987   36.35532
  23.2092184   36.3553302
  23.2098771   36.3553952
  23.2105359   36.3554589
  23.2106552   36.3554719
  23.2107748   36.3554837
  23.2114321   36.355557
  23.2120896   36.355629
  23.2122086   36.3556436
  23.2123279   36.3556569
  23.2129837   36.3557384
  23.2136398   36.3558187
  23.2137585   36.3558348
  23.2138775   36.3558496
  23.2145316   36.3559395
  23.215186    36.3560281
  23.2153044   36.3560457
  23.2154231   36.356062
  23.2160754   36.3561601
  23.216728    36.356257
  23.2168461   36.3562761
  23.2169644   36.3562939
  23.2176147   36.3564002
  23.2182654   36.3565053
  23.218383    36.3565259
  23.218501    36.3565452
  23.2191492   36.3566598
  23.2197977   36.3567731
  23.2199149   36.3567952
  23.2200325   36.356816
  23.2206784   36.3569387
  23.2213246   36.3570602
  23.2214414   36.3570838
  23.2215586   36.3571061
  23.2222019   36.357237
  23.2228457   36.3573666
  23.222962    36.3573917
  23.2230787   36.3574154
  23.2237195   36.3575545
  23.2243606   36.3576922
  23.2244764   36.3577187
  23.2245927   36.357744
  23.2252306   36.3578911
  23.225869    36.358037
  23.2259843   36.3580649
  23.2261001   36.3580916
  23.2267351   36.3582468
  23.2273705   36.3584007
  23.2274852   36.3584301
  23.2276005   36.3584583
  23.2282323   36.3586215
  23.2288647   36.3587835
  23.2289789   36.3588143
  23.2290935   36.3588439
  23.2297222   36.3590151
  23.2303513   36.359185
  23.2304648   36.3592173
  23.2305789   36.3592484
  23.2312041   36.3594274
  23.2318298   36.3596053
  23.2319427   36.359639
  23.2320562   36.3596715
  23.2326778   36.3598585
  23.2333      36.3600443
  23.2334122   36.3600794
  23.233525    36.3601134
  23.2341429   36.3603082
  23.2347614   36.3605018
  23.234873    36.3605383
  23.2349851   36.3605737
  23.2355991   36.3607763
  23.2362137   36.3609777
  23.2363245   36.3610157
  23.236436    36.3610524
  23.237046    36.3612628
  23.2376566   36.361472
  23.2377667   36.3615113
  23.2378773   36.3615495
  23.2384832   36.3617675
  23.2390896   36.3619844
  23.2391989   36.3620251
  23.2393089   36.3620647
  23.2399103   36.3622904
  23.2405125   36.3625149
  23.240621    36.362557
  23.2407301   36.3625979
  23.2413271   36.3628312
  23.2419249   36.3630633
  23.2420325   36.3631068
  23.2421408   36.3631491
  23.2427332   36.3633899
  23.2433263   36.3636295
  23.2434331   36.3636743
  23.2435406   36.363718
  23.2437428   36.3638035
  23.2440318   36.3639213
  23.2454311   36.3645148
  23.2468185   36.3651259
  23.2481938   36.3657548
  23.2495565   36.366401
  23.2509063   36.3670646
  23.2522429   36.3677453
  23.2535659   36.3684429
  23.254875    36.3691574
  23.2561699   36.3698884
  23.2574503   36.3706359
  23.2587158   36.3713996
  23.2599602   36.372163
  23.2614789   36.3731135
  23.261546    36.3731563
  23.2627573   36.373942
  23.2639533   36.3747429
  23.2651337   36.3755586
  23.2662981   36.3763891
  23.2674464   36.377234
  23.2685781   36.3780933
  23.2696931   36.3789666
  23.270791    36.3798538
  23.2718716   36.3807547
  23.2729346   36.381669
  23.2739799   36.3825965
  23.275007    36.383537
  23.2760158   36.3844902
  23.2770061   36.385456
  23.2779775   36.3864341
  23.2789299   36.3874242
  23.279863    36.3884262
  23.2807765   36.3894397
  23.2816704   36.3904645
  23.2825443   36.3915004
  23.2833981   36.3925472
  23.2842314   36.3936045
  23.2850442   36.3946721
  23.2858363   36.3957498
  23.2866074   36.3968372
  23.2873573   36.3979342
  23.2880859   36.3990405
  23.288793    36.4001557
  23.2894785   36.4012796
  23.2901421   36.402412
  23.2907836   36.4035526
  23.2914031   36.404701
  23.2920002   36.4058571
  23.2925748   36.4070205
  23.2931269   36.4081909
  23.2936562   36.4093681
  23.2941627   36.4105518
  23.2946462   36.4117417
  23.2951066   36.4129375
  23.2952355   36.4132918
  23.2954488   36.4137609
  23.2954828   36.4138375
  23.2960024   36.4150385
  23.2964983   36.4162459
  23.2969704   36.4174595
  23.2974186   36.4186789
  23.2978427   36.4199038
  23.2982427   36.421134
  23.2986184   36.4223691
  23.2989698   36.4236088
  23.2992968   36.4248528
  23.2995992   36.4261008
  23.299877    36.4273525
  23.3001302   36.4286075
  23.3003587   36.4298656
  23.3005623   36.4311264
  23.3007412   36.4323897
  23.3008951   36.433655
  23.3010242   36.4349221
  23.3011283   36.4361907
  23.3012074   36.4374604
  23.3012616   36.438731
  23.3012745   36.4392966
  23.3012876   36.4393815
  23.3014572   36.440637
  23.3016022   36.4418945
  23.3017225   36.4431537
  23.3018183   36.4444142
  23.3018894   36.4456758
  23.3019358   36.446938
  23.3019575   36.4482007
  23.3019546   36.4494635
  23.3019349   36.4510892
  23.3019075   36.4523413
  23.3018559   36.4535929
  23.3017801   36.4548437
  23.30168     36.4560933
  23.3015557   36.4573415
  23.3014072   36.458588
  23.3012345   36.4598324
  23.3010378   36.4610746
  23.3008169   36.462314
  23.3005721   36.4635506
  23.3003033   36.4647838
  23.3000106   36.4660136
  23.2996941   36.4672395
  23.2993539   36.4684613
  23.29899     36.4696786
  23.2986026   36.4708912
  23.2981917   36.4720988
  23.2977574   36.4733011
  23.2972999   36.4744977
  23.2968192   36.4756884
  23.2963154   36.476873
  23.2957888   36.4780511
  23.2952393   36.4792224
  23.2946672   36.4803867
  23.2940726   36.4815436
  23.2934557   36.4826929
  23.2928165   36.4838343
  23.2921552   36.4849676
  23.291472    36.4860924
  23.2907672   36.4872084
  23.2900407   36.4883155
  23.2892928   36.4894134
  23.2885238   36.4905017
  23.2877337   36.4915802
  23.2869228   36.4926486
  23.2864463   36.493255
  23.2860557   36.493817
  23.2852628   36.4949161
  23.2845702   36.4960215
  23.2838517   36.4971253
  23.2831119   36.49822
  23.2823511   36.4993053
  23.2815694   36.5003809
  23.280767    36.5014467
  23.2799442   36.5025023
  23.2791011   36.5035474
  23.2782378   36.504582
  23.2773547   36.5056056
  23.276452    36.506618
  23.2755298   36.5076191
  23.2745883   36.5086085
  23.2736279   36.509586
  23.2726487   36.5105515
  23.271651    36.5115045
  23.270635    36.512445
  23.269601    36.5133727
  23.2685491   36.5142874
  23.2674797   36.5151888
  23.2663931   36.5160768
  23.2652894   36.5169511
  23.2641689   36.5178115
  23.263032    36.5186578
  23.2618789   36.5194898
  23.2607098   36.5203074
  23.2595251   36.5211102
  23.258325    36.5218981
  23.2571098   36.522671
  23.2563648   36.5231373
  23.2550847   36.5239253
  23.2537889   36.5246966
  23.2524777   36.5254509
  23.2524433   36.5254701
  23.2525684   36.5263129
  23.2527291   36.5275595
  23.2528654   36.528808
  23.2529775   36.5300581
  23.2530652   36.5313093
  23.2531286   36.5325615
  23.2531677   36.5338143
  23.2531824   36.5350675
  23.2531727   36.5363206
  23.2531386   36.5375735
  23.2530802   36.5388257
  23.2529975   36.5400771
  23.2528904   36.5413272
  23.252759    36.5425758
  23.2526034   36.5438226
  23.2524235   36.5450673
  23.2522194   36.5463095
  23.2519912   36.547549
  23.251739    36.5487855
  23.2514627   36.5500186
  23.2511625   36.5512481
  23.2508384   36.5524737
  23.2504904   36.553695
  23.2501188   36.5549118
  23.2497236   36.5561237
  23.2493048   36.5573306
  23.2488626   36.558532
  23.2487786   36.5587538
  23.2483183   36.5599365
  23.2478353   36.5611133
  23.2473297   36.5622839
  23.2468017   36.5634482
  23.2462513   36.5646057
  23.2456787   36.5657562
  23.2450841   36.5668995
  23.2444675   36.5680352
  23.2438291   36.5691631
  23.2431691   36.570283
  23.2424877   36.5713945
  23.2417849   36.5724974
  23.2410428   36.5736401
  23.24032     36.5747324
  23.2395764   36.5758156
  23.238812    36.5768895
  23.2380271   36.5779537
  23.2372218   36.5790081
  23.2363964   36.5800524
  23.2355509   36.5810863
  23.2346858   36.5821095
  23.233801    36.583122
  23.2328969   36.5841233
  23.2319737   36.5851133
  23.2310316   36.5860917
  23.2300708   36.5870583
  23.2290915   36.5880129
  23.228094    36.5889553
  23.2270785   36.5898851
  23.2260453   36.5908023
  23.2249945   36.5917065
  23.2248965   36.5917896
  23.2238186   36.5926888
  23.2227233   36.5935745
  23.221611    36.5944463
  23.220482    36.5953042
  23.2193364   36.5961478
  23.2181746   36.5969769
  23.2169969   36.5977915
  23.2158035   36.5985912
  23.2145947   36.5993759
  23.2138166   36.5998651
  23.2136814   36.6000407
  23.2128226   36.6011369
  23.2119419   36.6022217
  23.2110394   36.603295
  23.2101154   36.6043564
  23.2091702   36.6054057
  23.208204    36.6064426
  23.207585    36.6070958
  23.2066243   36.6080932
  23.2056441   36.6090783
  23.2046448   36.6100509
  23.2036265   36.6110107
  23.2025896   36.6119576
  23.2015342   36.6128912
  23.2004606   36.6138114
  23.1993692   36.6147179
  23.1982601   36.6156105
  23.1971336   36.616489
  23.1959901   36.6173531
  23.1948297   36.6182026
  23.1936529   36.6190374
  23.1924598   36.6198573
  23.1912508   36.6206619
  23.1900262   36.6214512
  23.1887863   36.6222249
  23.1875313   36.6229828
  23.1862617   36.6237248
  23.1849777   36.6244507
  23.1836796   36.6251602
  23.1823677   36.6258533
  23.1810424   36.6265297
  23.179704    36.6271893
  23.1783529   36.6278319
  23.1769893   36.6284573
  23.1756137   36.6290655
  23.1742262   36.6296562
  23.1728274   36.6302293
  23.1714175   36.6307847
  23.1699969   36.6313222
  23.1685659   36.6318417
  23.1674346   36.6322353
  23.1662618   36.6327066
  23.1648829   36.6332396
  23.1634941   36.6337556
  23.1620955   36.6342544
  23.1606876   36.634736
  23.1592706   36.6352002
  23.157845    36.6356469
  23.1564109   36.636076
  23.1549689   36.6364874
  23.1538424   36.636801
  23.1523572   36.6372039
  23.1508643   36.6375882
  23.1493805   36.6379495
  23.1489099   36.6387968
  23.1488469   36.6389078
  23.1481937   36.6400358
  23.1477838   36.640716
  23.1475476   36.641128
  23.1468658   36.6422698
  23.1461615   36.6434029
  23.145435    36.6445268
  23.1446865   36.6456413
  23.1439161   36.6467462
  23.1437512   36.6469741
  23.1439011   36.6471664
  23.1447035   36.6482324
  23.1454852   36.6493083
  23.1455873   36.6494514
  23.1463461   36.6505341
  23.1470839   36.6516261
  23.1478005   36.6527271
  23.1484957   36.6538369
  23.1491694   36.6549552
  23.1498213   36.6560817
  23.1504514   36.6572162
  23.1510595   36.6583583
  23.1516455   36.6595079
  23.1522092   36.6606646
  23.1527504   36.6618282
  23.153269    36.6629983
  23.153765    36.6641748
  23.1542382   36.6653572
  23.1546884   36.6665454
  23.1551157   36.667739
  23.1555198   36.6689378
  23.1559006   36.6701414
  23.1562582   36.6713496
  23.1565797   36.6725162
  23.1570977   36.6729331
  23.1581854   36.6738362
  23.1592553   36.6747529
  23.1603071   36.6756829
  23.1613407   36.676626
  23.1623556   36.677582
  23.1633518   36.6785507
  23.1643289   36.6795317
  23.1652867   36.6805249
  23.1662249   36.68153
  23.1671434   36.6825468
  23.1680418   36.683575
  23.1689201   36.6846143
  23.1696366   36.6854767
  23.1705096   36.6865459
  23.1713613   36.6876262
  23.1721913   36.6887172
  23.1727735   36.6895105
  23.1730542   36.689879
  23.173866    36.6909839
  23.1746556   36.6920989
  23.1754229   36.693224
  23.1761675   36.6943588
  23.1768894   36.695503
  23.1775883   36.6966562
  23.1782641   36.6978183
  23.1789166   36.6989889
  23.1793793   36.699856
  23.1795341   36.7000902
  23.1796141   36.7002137
  23.1803217   36.7013268
  23.1810075   36.7024486
  23.1816714   36.7035788
  23.1823132   36.7047172
  23.1829327   36.7058634
  23.1835299   36.7070173
  23.1841045   36.7081785
  23.1846565   36.7093467
  23.1851856   36.7105216
  23.1856918   36.711703
  23.1861749   36.7128906
  23.1866349   36.7140841
  23.1870715   36.7152832
  23.1874848   36.7164875
  23.1878745   36.7176969
  23.1882407   36.7189109
  23.1885831   36.7201294
  23.1886155   36.7202491
  23.1889298   36.721454
  23.1890535   36.7219677
  23.1896053   36.7225626
  23.1905202   36.723582
  23.191415    36.7246128
  23.1922895   36.7256547
  23.1931434   36.7267075
  23.1939767   36.7277709
  23.1947891   36.7288446
  23.1955803   36.7299284
  23.1963502   36.7310219
  23.1968212   36.7317162
  23.1969352   36.7318765
  23.1977004   36.7329938
  23.1984433   36.7341208
  23.1991638   36.735257
  23.1998615   36.7364023
  23.2005364   36.7375564
  23.2011883   36.7387189
  23.201817    36.7398895
  23.2021858   36.7405916
  23.2027619   36.741712
  23.2033167   36.7428392
  23.2038502   36.743973
  23.2043622   36.7451132
  23.2048526   36.7462594
  23.2053213   36.7474114
  23.20556     36.7480136
  23.205965    36.7490602
  23.2060316   36.7492366
  23.2064713   36.7504345
  23.2068876   36.7516378
  23.2072804   36.7528462
  23.2076497   36.7540593
  23.2079952   36.7552768
  23.208317    36.7564985
  23.2086149   36.757724
  23.2088889   36.7589532
  23.2091389   36.7601855
  23.2093649   36.7614208
  23.2095668   36.7626588
  23.2097445   36.7638991
  23.2098219   36.7644792
  23.2099743   36.7657111
  23.2101028   36.7669447
  23.2102075   36.7681797
  23.2102883   36.7694158
  23.2103452   36.7706528
  23.2103782   36.7718903
  23.2103872   36.7731281
  23.2103724   36.7743658
  23.2103336   36.7756032
  23.2102709   36.7768399
  23.2101843   36.7780756
  23.2100739   36.7793101
  23.2099396   36.7805431
  23.2097815   36.7817743
  23.2095996   36.7830033
  23.209394    36.7842299
  23.2091647   36.7854538
  23.2089118   36.7866746
  23.2086353   36.7878922
  23.2083353   36.7891062
  23.2080119   36.7903163
  23.2079665   36.7904799
  23.2076061   36.7917314
  23.2072207   36.7929781
  23.2068103   36.7942197
  23.206375    36.7954558
  23.205915    36.7966861
  23.2054304   36.7979103
  23.2049213   36.7991281
  23.2043878   36.8003392
  23.2038301   36.8015433
  23.2032483   36.80274
  23.2026425   36.803929
  23.202013    36.8051101
  23.2013599   36.8062829
  23.2006833   36.8074471
  23.1999834   36.8086025
  23.1992605   36.8097487
  23.1985146   36.8108854
  23.197746    36.8120124
  23.1969549   36.8131293
  23.1968169   36.8133205
  23.1965282   36.8137345
  23.1957592   36.8147982
  23.1949699   36.8158522
  23.1941604   36.8168964
  23.1933309   36.8179305
  23.1924817   36.8189542
  23.191613    36.8199674
  23.1907248   36.8209697
  23.1898936   36.8218778
  23.1898684   36.8223629
  23.1897789   36.8236133
  23.1896649   36.8248624
  23.1895265   36.82611
  23.1893636   36.8273556
  23.1891764   36.828599
  23.1889648   36.8298398
  23.188729    36.8310779
  23.1884689   36.8323128
  23.1881847   36.8335443
  23.1878765   36.834772
  23.1875442   36.8359957
  23.187188    36.8372151
  23.1868079   36.8384299
  23.1864041   36.8396397
  23.1859767   36.8408442
  23.1855257   36.8420433
  23.1850513   36.8432365
  23.1845536   36.8444236
  23.1840327   36.8456043
  23.1834888   36.8467782
  23.1829219   36.8479453
  23.1823322   36.849105
  23.1822135   36.8493333
  23.1815943   36.8504982
  23.1809521   36.851655
  23.1802871   36.8528036
  23.1795994   36.8539435
  23.1788892   36.8550746
  23.1781567   36.8561965
  23.1774021   36.8573089
  23.1766256   36.8584117
  23.1758273   36.8595044
  23.1750074   36.8605869
  23.1741662   36.8616588
  23.1733039   36.8627199
  23.1724207   36.8637699
  23.1715168   36.8648086
  23.1705925   36.8658356
  23.1696479   36.8668508
  23.1686833   36.8678539
  23.167699    36.8688446
  23.1666951   36.8698228
  23.1656721   36.870788
  23.16463     36.8717401
  23.1635692   36.8726789
  23.1624899   36.8736042
  23.1613925   36.8745156
  23.1602771   36.8754129
  23.1591441   36.8762961
  23.1579937   36.8771647
  23.1568263   36.8780186
  23.1556421   36.8788576
  23.1544414   36.8796815
  23.1532246   36.8804901
  23.1519919   36.8812831
  23.1507436   36.8820604
  23.1505265   36.8821934
  23.1492201   36.8829802
  23.1478977   36.8837497
  23.1470116   36.8842478
  23.1465761   36.8853844
  23.1463345   36.8859815
  23.146221    36.8863304
  23.1458035   36.8875353
  23.1453625   36.8887348
  23.144898    36.8899286
  23.1444103   36.8911164
  23.1438993   36.8922979
  23.1433653   36.8934729
  23.1428083   36.894641
  23.1422286   36.895802
  23.142211    36.8958357
  23.1419327   36.8964596
  23.1413865   36.8976262
  23.1408175   36.8987859
  23.1402261   36.8999383
  23.1396122   36.9010831
  23.1393159   36.901624
  23.1386936   36.9027367
  23.1380502   36.9038416
  23.1373857   36.9049385
  23.1367004   36.9060272
  23.1365398   36.9062729
  23.1365391   36.9062742
  23.1365056   36.9063989
  23.1361547   36.907614
  23.1357802   36.9088245
  23.135382    36.9100301
  23.1349603   36.9112307
  23.1345153   36.9124258
  23.1340469   36.9136151
  23.1335553   36.9147985
  23.1330407   36.9159755
  23.1325031   36.917146
  23.1319428   36.9183096
  23.1313597   36.919466
  23.1312889   36.9196004
  23.131088    36.920351
  23.1308602   36.9211413
  23.130823    36.9213056
  23.1305122   36.9225633
  23.1301762   36.9238169
  23.129815    36.925066
  23.1294288   36.9263102
  23.1290176   36.9275494
  23.1285816   36.928783
  23.1281208   36.9300109
  23.1276354   36.9312327
  23.1271255   36.9324481
  23.1265913   36.9336567
  23.1260328   36.9348583
  23.1254502   36.9360526
  23.12498     36.9369941
  23.1246888   36.9375807
  23.1240947   36.9387497
  23.1234777   36.9399111
  23.1228377   36.9410646
  23.1221749   36.9422098
  23.1214896   36.9433464
  23.1207819   36.9444743
  23.120052    36.945593
  23.1196591   36.9461726
  23.1196583   36.946314
  23.1196274   36.9475577
  23.1195723   36.9488009
  23.1194929   36.9500432
  23.1193892   36.9512843
  23.1192614   36.9525239
  23.1191094   36.9537618
  23.1189332   36.9549977
  23.118733    36.9562311
  23.1185087   36.9574619
  23.1182604   36.9586898
  23.1179882   36.9599143
  23.1176921   36.9611353
  23.1173723   36.9623525
  23.1170287   36.9635655
  23.1166615   36.9647741
  23.1162708   36.9659779
  23.1158566   36.9671766
  23.115419    36.9683701
  23.1149583   36.9695579
  23.1144744   36.9707399
  23.1139675   36.9719156
  23.1134377   36.9730849
  23.1128852   36.9742474
  23.11231     36.9754029
  23.1117124   36.9765511
  23.1110924   36.9776916
  23.1108083   36.9782033
  23.1107727   36.978266
  23.1107072   36.9787627
  23.1105176   36.980011
  23.1103033   36.9812567
  23.1100645   36.9824995
  23.1098011   36.9837392
  23.1095134   36.9849754
  23.1092013   36.9862077
  23.1091545   36.9863853
  23.1088194   36.9876088
  23.1084603   36.9888279
  23.1080773   36.9900423
  23.1076704   36.9912518
  23.1072399   36.992456
  23.1067857   36.9936547
  23.1063079   36.9948474
  23.1058068   36.996034
  23.1056847   36.9963089
  23.1056043   36.9969121
  23.1054141   36.998154
  23.1051995   36.9993932
  23.1049607   37.0006297
  23.1049082   37.0008757
  23.1049437   37.0011978
  23.1050566   37.0024453
  23.105145    37.003694
  23.1052088   37.0049436
  23.1052297   37.0054503
  23.1052689   37.0066958
  23.1052837   37.0079417
  23.1052741   37.0091875
  23.1052401   37.0104331
  23.1051817   37.0116781
  23.105099    37.0129221
  23.104992    37.014165
  23.1048606   37.0154064
  23.1047149   37.0165666
  23.1047585   37.0175401
  23.10479     37.0187927
  23.1047908   37.0189354
  23.1048696   37.0199426
  23.1049426   37.0211884
  23.1049912   37.022435
  23.1050154   37.0236821
  23.1050151   37.0249292
  23.1049904   37.0261762
  23.1049412   37.0274228
  23.1048676   37.0286685
  23.1047696   37.0299131
  23.1046472   37.0311564
  23.1045004   37.0323979
  23.1043294   37.0336374
  23.104134    37.0348746
  23.1039145   37.0361092
  23.1036707   37.0373409
  23.1034028   37.0385694
  23.1031109   37.0397944
  23.102795    37.0410155
  23.1024552   37.0422326
  23.1020916   37.0434452
  23.1017043   37.0446531
  23.1012933   37.045856
  23.1008588   37.0470536
  23.1004008   37.0482456
  23.0999196   37.0494317
  23.0994151   37.0506117
  23.0988876   37.0517852
  23.0983371   37.0529519
  23.0977638   37.0541116
  23.0971679   37.055264
  23.0965494   37.0564088
  23.0959086   37.0575457
  23.0952455   37.0586744
  23.0945604   37.0597947
  23.0938534   37.0609063
  23.0931247   37.0620089
  23.0923744   37.0631023
  23.0916028   37.0641862
  23.0915582   37.0642466
  23.0908943   37.0653666
  23.090207    37.0664806
  23.0894981   37.0675859
  23.0887677   37.0686822
  23.088016    37.0697693
  23.0874568   37.070549
  23.0872212   37.0710841
  23.0866773   37.0722601
  23.0861102   37.0734292
  23.0855201   37.074591
  23.084959    37.0756475
  23.0849306   37.0766424
  23.0848698   37.0778983
  23.0847842   37.0791532
  23.0846738   37.0804069
  23.0845386   37.081659
  23.0843787   37.0829092
  23.0842053   37.0840811
  23.0842136   37.0852405
  23.0841979   37.0864901
  23.0841577   37.0877394
  23.0840929   37.088988
  23.0840036   37.0902356
  23.0838897   37.0914818
  23.0837514   37.0927265
  23.0835885   37.0939693
  23.0834012   37.0952099
  23.0831896   37.096448
  23.0829536   37.0976832
  23.0826933   37.0989153
  23.0824088   37.100144
  23.0821002   37.1013689
  23.0817675   37.1025899
  23.0814109   37.1038064
  23.0810303   37.1050184
  23.080626    37.1062254
  23.0801979   37.1074272
  23.0797462   37.1086235
  23.0792711   37.1098139
  23.0787726   37.1109983
  23.0782508   37.1121762
  23.077706    37.1133474
  23.0771381   37.1145117
  23.0765474   37.1156687
  23.0759341   37.1168181
  23.0752981   37.1179597
  23.0746398   37.1190932
  23.0739592   37.1202183
  23.0732566   37.1213347
  23.0725321   37.1224422
  23.0717859   37.1235405
  23.0710182   37.1246292
  23.0702292   37.1257083
  23.069419    37.1267773
  23.0685878   37.127836
  23.0677359   37.1288841
  23.0668635   37.1299215
  23.0659708   37.1309478
  23.065058    37.1319628
  23.0641253   37.1329663
  23.063173    37.1339579
  23.0622013   37.1349375
  23.0612105   37.1359048
  23.0602007   37.1368595
  23.0591722   37.1378016
  23.0581253   37.1387306
  23.0570603   37.1396464
  23.0559773   37.1405487
  23.0548768   37.1414374
  23.0537588   37.1423122
  23.0526238   37.1431728
  23.0518478   37.1437431
  23.0513248   37.1447915
  23.0507445   37.1459057
  23.0501429   37.1470127
  23.0495204   37.1481123
  23.0493648   37.1483817
  23.0489699   37.1490571
  23.048632    37.1496279
  23.0479445   37.1507658
  23.0472345   37.1518948
  23.046502    37.1530147
  23.0457474   37.1541252
  23.0449707   37.155226
  23.0441722   37.1563168
  23.0433521   37.1573973
  23.0425106   37.1584673
  23.0416478   37.1595265
  23.0407641   37.1605747
  23.0398596   37.1616115
  23.0389345   37.1626368
  23.0379892   37.1636502
  23.0370238   37.1646514
  23.0360386   37.1656404
  23.0352396   37.1664168
  23.034561    37.1671329
  23.0335963   37.1681184
  23.0326123   37.1690916
  23.0316092   37.1700524
  23.0305874   37.1710005
  23.0295469   37.1719357
  23.0284881   37.1728578
  23.0274113   37.1737664
  23.0263167   37.1746615
  23.0252046   37.1755427
  23.0240752   37.1764099
  23.0229289   37.1772628
  23.0217659   37.1781013
  23.0205865   37.1789251
  23.019391    37.179734
  23.0181797   37.1805279
  23.0169529   37.1813065
  23.0157109   37.1820696
  23.014454    37.182817
  23.0131825   37.1835487
  23.0118968   37.1842643
  23.0117681   37.1843347
  23.011502    37.1844779
  23.0115641   37.1853652
  23.0116265   37.1866039
  23.0116646   37.1878431
  23.0116785   37.1890827
  23.0116682   37.1903223
  23.0116335   37.1915615
  23.0115747   37.1928002
  23.0114916   37.194038
  23.0113843   37.1952745
  23.0112528   37.1965096
  23.0110971   37.1977428
  23.0109174   37.198974
  23.0107135   37.2002028
  23.0104857   37.2014288
  23.0102339   37.2026519
  23.0100489   37.2035085
  23.0097688   37.2047464
  23.0094643   37.2059806
  23.0091352   37.2072108
  23.0087818   37.2084367
  23.008404    37.209658
  23.0080021   37.2108743
  23.007576    37.2120854
  23.0071259   37.2132909
  23.006652    37.2144906
  23.0061542   37.2156842
  23.0056328   37.2168713
  23.0050879   37.2180517
  23.0045196   37.219225
  23.0039281   37.2203911
  23.0033135   37.2215495
  23.0026759   37.2227
  23.0020156   37.2238423
  23.0013327   37.2249762
  23.0006273   37.2261012
  22.9998996   37.2272173
  22.9991499   37.228324
  22.9983783   37.2294211
  22.9975849   37.2305083
  22.9967701   37.2315854
  22.995934    37.2326521
  22.9955338   37.2331451
  22.9954951   37.2331964
  22.9946696   37.2342546
  22.9938235   37.2353023
  22.9929567   37.2363393
  22.9920697   37.2373653
  22.9911626   37.2383801
  22.9902356   37.2393835
  22.9894543   37.240202
  22.9890115   37.2413943
  22.9885445   37.2425829
  22.9880541   37.2437656
  22.9875405   37.2449419
  22.9870038   37.2461117
  22.9864442   37.2472746
  22.9858617   37.2484304
  22.9852566   37.2495787
  22.9846289   37.2507194
  22.9839788   37.2518521
  22.9833065   37.2529764
  22.9826122   37.2540923
  22.981896    37.2551993
  22.981158    37.2562973
  22.9803986   37.2573859
  22.9796178   37.2584649
  22.9788158   37.2595339
  22.978625    37.2597795
  22.9781667   37.2603944
  22.9773596   37.2614403
  22.9765322   37.2624762
  22.9756848   37.2635017
  22.9750439   37.2642518
  22.974498    37.2651158
  22.973789    37.2661962
  22.9730593   37.2672677
  22.9726747   37.2678123
  22.9725623   37.2679948
  22.971841    37.2691198
  22.9710974   37.2702355
  22.9703315   37.2713417
  22.9695437   37.272438
  22.9689922   37.2731778
  22.9685638   37.2740559
  22.9685033   37.2741771
  22.9679002   37.2753581
  22.9672734   37.2765313
  22.9666229   37.2776962
  22.9659491   37.2788527
  22.965252    37.2800005
  22.9645319   37.2811391
  22.9637888   37.2822684
  22.9630231   37.2833881
  22.962235    37.2844978
  22.9614245   37.2855972
  22.9606334   37.286632
  22.9604949   37.2871508
  22.9601409   37.2883798
  22.9597625   37.2896041
  22.9593596   37.2908235
  22.9589325   37.2920376
  22.9584812   37.2932462
  22.9580059   37.2944488
  22.9575066   37.2956453
  22.9569835   37.2968354
  22.9564367   37.2980186
  22.9558664   37.2991948
  22.9552727   37.3003637
  22.9546557   37.3015248
  22.9540156   37.302678
  22.9533526   37.303823
  22.9526669   37.3049594
  22.9525827   37.3050961
  22.9518831   37.3062099
  22.9511617   37.3073149
  22.9504186   37.3084106
  22.949654    37.309497
  22.9488681   37.3105737
  22.948061    37.3116404
  22.947233    37.3126969
  22.9463843   37.3137429
  22.9455151   37.3147783
  22.9446255   37.3158026
  22.9437159   37.3168157
  22.9427864   37.3178173
  22.9418373   37.3188072
  22.9408687   37.3197851
  22.939881    37.3207508
  22.9388744   37.3217041
  22.9378491   37.3226447
  22.9368054   37.3235723
  22.9357435   37.3244869
  22.9346638   37.325388
  22.9335664   37.3262756
  22.9333101   37.3264765
  22.9329074   37.3271419
  22.932212    37.3282469
  22.9319974   37.3285813
  22.9312867   37.3296682
  22.9305549   37.3307461
  22.9298023   37.331815
  22.9290291   37.3328744
  22.9282354   37.3339243
  22.9274214   37.3349642
  22.9265873   37.3359941
  22.9257333   37.3370135
  22.9254167   37.3373792
  22.9254166   37.3373793
  22.9251163   37.3385908
  22.9247924   37.3397985
  22.9244448   37.3410019
  22.9240738   37.3422009
  22.9236793   37.3433951
  22.9232615   37.3445843
  22.9228204   37.3457682
  22.9223563   37.3469464
  22.9218691   37.3481188
  22.9213591   37.3492849
  22.9208263   37.3504446
  22.9202709   37.3515975
  22.919693    37.3527435
  22.9190927   37.3538821
  22.9184702   37.3550131
  22.9178256   37.3561363
  22.9171592   37.3572513
  22.916471    37.358358
  22.9157612   37.359456
  22.91503     37.3605451
  22.9142776   37.361625
  22.9135041   37.3626954
  22.9127098   37.3637561
  22.912287    37.3643013
  22.9130261   37.3638959
  22.9143086   37.3632155
  22.9156042   37.362551
  22.9169125   37.3619025
  22.9182333   37.36127
  22.9195662   37.3606539
  22.9209109   37.3600542
  22.9222671   37.3594711
  22.9236344   37.3589047
  22.9250126   37.3583551
  22.9264014   37.3578226
  22.9278003   37.3573071
  22.9292091   37.3568089
  22.9306273   37.356328
  22.9320548   37.3558646
  22.9334911   37.3554188
  22.9349359   37.3549906
  22.9363888   37.3545803
  22.9378495   37.3541878
  22.9393177   37.3538133
  22.9398216   37.3536882
  22.941359    37.3533172
  22.9429037   37.3529659
  22.9444553   37.3526344
  22.9460135   37.3523229
  22.9475777   37.3520313
  22.9491477   37.3517597
  22.9507229   37.3515083
  22.952303    37.351277
  22.9538876   37.351066
  22.9554763   37.3508753
  22.9570686   37.350705
  22.9586642   37.350555
  22.9602626   37.3504255
  22.9618634   37.3503165
  22.9618853   37.3503152
  22.9620202   37.349432
  22.9622308   37.3482115
  22.9624652   37.3469937
  22.9627233   37.345779
  22.9630051   37.3445676
  22.9633106   37.3433597
  22.9636396   37.3421558
  22.963992    37.3409561
  22.9643679   37.3397608
  22.964767    37.3385703
  22.9651894   37.3373849
  22.9656348   37.3362047
  22.9661032   37.3350303
  22.9665945   37.3338617
  22.9671086   37.3326993
  22.9676453   37.3315433
  22.9682045   37.3303942
  22.968786    37.329252
  22.9693898   37.3281171
  22.9700157   37.3269898
  22.9706635   37.3258704
  22.9713331   37.3247591
  22.9720243   37.3236561
  22.9727369   37.3225618
  22.9734708   37.3214764
  22.9742259   37.3204002
  22.9750018   37.3193335
  22.9755452   37.3186125
  22.9760143   37.3178172
  22.9767045   37.3166936
  22.9774168   37.3155788
  22.9781511   37.314473
  22.9789072   37.3133766
  22.9796849   37.3122897
  22.980484    37.3112128
  22.9813044   37.3101459
  22.9821458   37.3090894
  22.983008    37.3080436
  22.9838909   37.3070087
  22.9842397   37.3066134
  23.109756    37.2953953
  23.1189975   37.2923936
  23.1260696   37.2899947
  23.1305918   37.2884044
  23.1321838   37.2878285
  23.1424565   37.2836371
  23.1522605   37.2801003
  23.1616155   37.2772233
  23.170541    37.2750114
  23.1790567   37.2734699
  23.1871822   37.2726038
  23.1949371   37.2724185
  23.2023412   37.2729191
  23.2094139   37.2741108
  23.216175    37.2759986
  23.222644    37.2785878
  23.2288407   37.2818834
  23.2347846   37.2858906
  23.2404954   37.2906142
  23.2459927   37.2960595
  23.2512961   37.3022314
  23.2564253   37.3091349
  23.2613999   37.316775
  23.2662395   37.3251566
  23.2709638   37.3342846
  23.275436    37.3405774
  23.2820887   37.346062
  23.2906938   37.3508153
  23.301023    37.3549141
  23.3128481   37.3584352
  23.325941    37.3614552
  23.3400735   37.3640511
  23.3550173   37.3662993
  23.3705443   37.3682767
  23.3864263   37.3700599
  23.4024352   37.3717256
  23.4183426   37.3733504
  23.4316978   37.3747741
  23.4245059   37.412119
  23.4241516   37.4129278
  23.4241204   37.4132118
  23.4238217   37.41593
  23.4237959   37.4169507
  23.4241252   37.4179055
  23.4249741   37.4195276
  23.4256209   37.4204771
  23.4275767   37.422571
  23.4282192   37.4232546
  23.4296978   37.4246769
  23.4308684   37.4255907
  23.4323509   37.427067
  23.4326326   37.4274041
  23.4330562   37.4281431
  23.4333376   37.4290548
  23.4336141   37.4293806
  23.4356772   37.4311211
  23.4360457   37.4314
  23.4365571   37.4316796
  23.4376453   37.4321603
  23.440325    37.433845
  23.4407021   37.4341149
  23.4421279   37.4352754
  23.4424084   37.4355562
  23.443251    37.4368266
  23.4438333   37.4379493
  23.4449615   37.4387702
  23.4459414   37.4393044
  23.4477872   37.4406989
  23.4528709   37.4483278
  23.4535345   37.4494237
  23.4536539   37.4497262
  23.4539097   37.4507414
  23.4539747   37.451233
  23.4540843   37.4525337
  23.4539393   37.4534727
  23.4539496   37.4550704
  23.4540354   37.4568262
  23.4542953   37.4613184
  23.4543539   37.4617671
  23.454616    37.462361
  23.4545554   37.4628271
  23.4543637   37.4630967
  23.4539961   37.4633068
  23.4529724   37.4636896
  23.4461982   37.4649921
  23.4457053   37.4650799
  23.4447428   37.4651182
  23.443559    37.4650698
  23.4431675   37.4650229
  23.4424176   37.4648233
  23.4419135   37.4647669
  23.4401123   37.4649138
  23.4393395   37.4651851
  23.4374713   37.4661538
  23.4372078   37.4662904
  23.4368949   37.4664602
  23.4359078   37.4667935
  23.4279555   37.4685782
  23.4261071   37.4687766
  23.4229725   37.4689145
  23.4226386   37.4688633
  23.4223453   37.4687312
  23.4220547   37.4685157
  23.4217011   37.4681647
  23.4213065   37.4674665
  23.4203949   37.466119
  23.4199809   37.4656866
  23.4197908   37.4655955
  23.418568    37.465238
  23.417911    37.4651108
  23.416594    37.4647054
  23.4163731   37.4645691
  23.4155782   37.4638621
  23.4136896   37.4616783
  23.4103103   37.4584053
  23.4096982   37.457875
  23.4091109   37.4575228
  23.40824     37.4571038
  23.4052151   37.456568
  23.4029334   37.4570929
  23.401974    37.4573607
  23.4010648   37.4577256
  23.4001626   37.458183
  23.3996      37.4582364
  23.3966561   37.4581651
  23.3915598   37.4576117
  23.3911134   37.4576658
  23.3842702   37.458624
  23.3825587   37.4590838
  23.3795089   37.4601585
  23.3775076   37.460878
  23.3758091   37.4615902
  23.3739983   37.4622115
  23.3733802   37.4622646
  23.3712336   37.4622081
  23.3673342   37.4633951
  23.3660579   37.4637601
  23.3652881   37.4639092
  23.3649518   37.4639344
  23.3641636   37.4638761
  23.3539835   37.4622931
  23.3528748   37.4621203
  23.3514709   37.461547
  23.350426    37.4609306
  23.3500636   37.4605861
  23.3492661   37.4596556
  23.3488318   37.459367
  23.3481469   37.4590522
  23.3475441   37.4589363
  23.3470436   37.4589921
  23.346522    37.4591649
  23.3455477   37.4597026
  23.3445066   37.4606545
  23.3439763   37.4614493
  23.3436726   37.4623625
  23.3436147   37.4630832
  23.3436975   37.4641608
  23.3429517   37.4686634
  23.3420532   37.4712701
  23.3412378   37.4724035
  23.3409301   37.4725077
  23.3405951   37.4725081
  23.3360802   37.4713944
  23.3333977   37.4705816
  23.3298655   37.469266
  23.3280998   37.4683749
  23.3273658   37.4681386
  23.3264691   37.4678811
  23.3257887   37.4678975
  23.3160294   37.4684972
  23.3151484   37.4686588
  23.3124243   37.4696412
  23.3109147   37.4702431
  23.3100186   37.4707674
  23.3097181   37.4709685
  23.3092098   37.4718714
  23.3087999   37.4733224
  23.3088307   37.474269
  23.3089005   37.4747156
  23.3098875   37.4809113
  23.3106115   37.483365
  23.3116798   37.4863096
  23.3116617   37.4869382
  23.3112247   37.4886054
  23.3111173   37.4888616
  23.3108394   37.4892543
  23.3085882   37.4923869
  23.3078617   37.4930789
  23.3076591   37.4932332
  23.3068256   37.4936159
  23.3043878   37.4943339
  23.3040036   37.494521
  23.3035189   37.4949012
  23.3030815   37.4953718
  23.3026798   37.496451
  23.3024854   37.496673
  23.3022573   37.4968001
  23.3019153   37.4968071
  23.3012455   37.4965688
  23.297373    37.4947927
  23.2965273   37.4945375
  23.2959092   37.4945654
  23.2952594   37.494717
  23.2932606   37.4957393
  23.2918286   37.4965848
  23.2915535   37.4965155
  23.2910989   37.4962469
  23.2902521   37.4954013
  23.2895792   37.4944531
  23.2893952   37.4942808
  23.2866381   37.4928738
  23.2862783   37.4927545
  23.2849768   37.4927782
  23.2818966   37.4930502
  23.2807428   37.4932752
  23.2791129   37.4937002
  23.2758623   37.493935
  23.2753704   37.4938395
  23.2742902   37.4933529
  23.2739068   37.4932695
  23.273682    37.4932906
  23.2731007   37.4935642
  23.2714297   37.4945522
  23.2708676   37.495058
  23.270428    37.4955848
  23.2703571   37.4957534
  23.2703497   37.4961138
  23.2704299   37.4963757
  23.2713401   37.4976229
  23.2721845   37.4990973
  23.2724252   37.4996509
  23.272678    37.50052
  23.2727232   37.5011061
  23.2725411   37.5019906
  23.272218    37.5023063
  23.2720322   37.5024043
  23.2713722   37.5025354
  23.2707505   37.5025519
  23.2686759   37.5023273
  23.2681127   37.5023035
  23.2645779   37.5026624
  23.2636521   37.5028661
  23.2617652   37.503474
  23.2602436   37.5040684
  23.2590968   37.5043159
  23.2582518   37.5043489
  23.2577497   37.5042804
  23.2573195   37.5041673
  23.2558979   37.5035161
  23.2554884   37.5032747
  23.2549225   37.502834
  23.2535214   37.5021536
  23.2530525   37.5019951
  23.2516725   37.5017498
  23.2510527   37.5017188
  23.2506335   37.5018514
  23.2502512   37.5020427
  23.2492766   37.5026607
  23.2487738   37.50316
  23.2482608   37.5035151
  23.2479258   37.5036797
  23.2462911   37.5044737
  23.2446237   37.5054545
  23.2428674   37.5065632
  23.2414525   37.5076673
  23.2398905   37.5086735
  23.2371949   37.5101546
  23.2355671   37.5109733
  23.2339458   37.5116095
  23.230958    37.5122954
  23.228676    37.5126253
  23.2278889   37.512699
  23.2269158   37.512936
  23.2246786   37.5136514
  23.2244516   37.5138573
  23.2243975   37.5140281
  23.2244513   37.5144341
  23.2246816   37.515035
  23.2240716   37.5178116
  23.2239795   37.5180679
  23.2236706   37.5185526
  23.2233734   37.5188841
  23.2209554   37.5210495
  23.2200921   37.5217671
  23.2196433   37.5220525
  23.2193818   37.5221274
  23.207017    37.5227729
  23.2043596   37.5223517
  23.201291    37.5217226
  23.1987532   37.521266
  23.197226    37.5212601
  23.1961011   37.5213606
  23.1935786   37.5216206
  23.1858      37.5235217
  23.1801014   37.5243356
  23.1765296   37.5252367
  23.1751557   37.5267707
  23.1732734   37.5312371
  23.1713052   37.5343352
  23.1678211   37.5341575
  23.1675306   37.5342275
  23.1670798   37.5346299
  23.1664107   37.5364369
  23.1650905   37.5400667
  23.16498     37.5405549
  23.1643158   37.5444732
  23.1648337   37.5458041
  23.1655166   37.5467418
  23.1666216   37.5479957
  23.1672989   37.5493795
  23.1684739   37.5525177
  23.1686172   37.5539112
  23.169296    37.5566042
  23.1712912   37.5619271
  23.1715704   37.5623707
  23.172       37.5628469
  23.1749623   37.5656009
  23.1765594   37.5670001
  23.1771997   37.5673718
  23.1783922   37.5678894
  23.1796913   37.5679458
  23.1811054   37.5679308
  23.1830183   37.5675182
  23.1847144   37.5671829
  23.1852033   37.5672944
  23.1857125   37.567654
  23.1871259   37.5691757
  23.1873701   37.5695289
  23.1879153   37.5706165
  23.1897938   37.5746764
  23.1902066   37.5758464
  23.1904383   37.5788945
  23.1904273   37.5793473
  23.1903298   37.5796959
  23.189414    37.5812489
  23.1890279   37.5816361
  23.1875151   37.5828538
  23.1866906   37.5842384
  23.1852841   37.5881742
  23.1852546   37.5886652
  23.185315    37.5895242
  23.1858251   37.5900032
  23.186008    37.5901126
  23.1862234   37.5901569
  23.1873524   37.59007
  23.1895588   37.5896683
  23.190691    37.5896783
  23.1914148   37.5897847
  23.1924439   37.5900328
  23.1934067   37.5904157
  23.1943336   37.5909313
  23.1987027   37.5942216
  23.1990929   37.5946073
  23.1998687   37.5957077
  23.1999336   37.5957443
  23.2003462   37.5967985
  23.2459765   37.6449632
  23.244657    37.6497482
  23.2418792   37.6600003
  23.2385644   37.6726187
  23.2348841   37.6872227
  23.2310098   37.7034318
  23.2271127   37.7208657
  23.2238908   37.7365778
  23.2233644   37.7391442
  23.2199363   37.7578878
  23.2169997   37.7767169
  23.2147261   37.7952528
  23.2132868   37.8131167
  23.2128533   37.8299305
  23.2135971   37.8453162
  23.2156894   37.8588962
  23.2193018   37.8702929
  23.2246055   37.8791288
  23.2317722   37.8850266
  23.1789667   37.9515125
  23.1771891   37.9544206
  23.1775193   37.9584633
  23.1771451   37.9597044
  23.1726426   37.9678609
  23.1724083   37.9682288
  23.1719153   37.96873
  23.1696909   37.9698139
  23.165149    37.9718276
  23.1635447   37.9723975
  23.1622055   37.972771
  23.1610885   37.9729433
  23.1579681   37.9730788
  23.1551277   37.9730268
  23.1522265   37.9729429
  23.149896    37.9730342
  23.1474668   37.9732735
  23.1470222   37.9733469
  23.1396192   37.9751496
  23.1388143   37.975369
  23.1383092   37.9756582
  23.1377246   37.9761496
  23.1343721   37.9783691
  23.1328591   37.9793133
  23.1320454   37.9796363
  23.1287148   37.9807878
  23.1279658   37.9810031
  23.1251846   37.9816584
  23.1231582   37.9818956
  23.1194829   37.982783
  23.1188399   37.9829629
  23.1170205   37.9836079
  23.1164002   37.9838278
  23.1149206   37.9845062
  23.112674    37.9862873
  23.1110969   37.9879968
  23.1108365   37.9883463
  23.1067118   37.9952007
  23.1066861   37.995561
  23.106768    37.9959627
  23.1081699   38.0014664
  23.1086459   38.0024795
  23.1099708   38.0047697
  23.1113207   38.0074386
  23.1135092   38.0119254
  23.1141952   38.0133095
  23.1156244   38.0145369
  23.1164837   38.0151923
  23.1190934   38.0168657
  23.1202507   38.017352
  23.1249123   38.0188964
  23.1260861   38.0192566
  23.1278663   38.0191108
  23.1275776   38.0240091
  23.1265849   38.0244741
  23.1257275   38.0247156
  23.1228548   38.0254197
  23.1180883   38.0267089
  23.1174615   38.0270196
  23.1169868   38.0274081
  23.1167852   38.0276815
  23.1163679   38.0285661
  23.1161372   38.0294025
  23.1155522   38.031115
  23.1153452   38.0326365
  23.115343    38.0332674
  23.1156103   38.0351936
  23.1160556   38.0365443
  23.11716     38.0392293
  23.1182558   38.0420495
  23.119373    38.0459107
  23.1197225   38.0475085
  23.1199897   38.048957
  23.1206879   38.0543653
  23.1206215   38.0558969
  23.1205062   38.0563377
  23.1203077   38.0568699
  23.1200568   38.0575465
  23.1192163   38.0587253
  23.1177478   38.060666
  23.1176307   38.0607111
  23.1152688   38.0657691
  23.100367    38.1186963
  23.0019675   38.1393972
  22.8886937   38.1330976
  22.7508315   38.1548797
  22.6054519   38.1922175
  22.4130845   38.2240316
  22.3795561   38.1585054
  22.3735413   38.1435205
  22.3730443   38.1424275
  22.372635    38.1411574
  22.3722562   38.1396562
  22.3723026   38.1392062
  22.3724229   38.1388114
  22.3728123   38.1384563
  22.373335    38.1381842
  22.3741205   38.1379157
  22.3752031   38.1373314
  22.3753916   38.1371628
  22.3762327   38.1359894
  22.3764805   38.1354881
  22.3773152   38.1330575
  22.3773917   38.1325674
  22.3774386   38.1313514
  22.3773579   38.1301337
  22.3772517   38.1296952
  22.376338    38.1281956
  22.3764779   38.1265667
  22.375638    38.1252459
  22.372675    38.1245718
  22.3724283   38.1242169
  22.3721994   38.1237045
  22.3721271   38.1233971
  22.3723453   38.1223368
  22.3725244   38.1209018
  22.3726989   38.1202287
  22.3736449   38.1165782
  22.3745292   38.1150674
  22.3752166   38.1141307
  22.37548     38.1136793
  22.3764862   38.1106066
  22.3769521   38.1086575
  22.3774332   38.1065824
  22.3780013   38.1023277
  22.3780635   38.1013372
  22.3780468   38.1005259
  22.3777877   38.0974944
  22.3776705   38.0961905
  22.3772381   38.0936026
  22.3770821   38.0929382
  22.3766434   38.0921602
  22.3765222   38.0913308
  22.3752913   38.088759
  22.3750346   38.0878813
  22.375023    38.0875206
  22.3752281   38.0857256
  22.375535    38.0844321
  22.3758696   38.0835266
  22.3766135   38.0822572
  22.3767773   38.0818764
  22.37713     38.080552
  22.3771717   38.080057
  22.3771143   38.0797002
  22.3768679   38.079102
  22.376146    38.077925
  22.3738559   38.0755097
  22.3731138   38.0745487
  22.3726865   38.0738128
  22.3724462   38.0732598
  22.3721325   38.0722055
  22.3719717   38.0714418
  22.371941    38.0702743
  22.3719464   38.0680665
  22.3725796   38.0568239
  22.3728268   38.055034
  22.3727534   38.052735
  22.3726569   38.0519315
  22.3721696   38.0488968
  22.3718688   38.0474778
  22.3714572   38.0459941
  22.37116     38.04503
  22.3707902   38.0443222
  22.370537    38.044084
  22.370117    38.043849
  22.369107    38.043429
  22.367862    38.042984
  22.365297    38.042232
  22.3639188   38.0419512
  22.362065    38.041709
  22.3616153   38.0415136
  22.361079    38.041177
  22.359702    38.039635
  22.3589861   38.0370972
  22.358816    38.035797
  22.3587      38.034358
  22.358739    38.032872
  22.358913    38.031712
  22.35923     38.030986
  22.359795    38.030485
  22.3611549   38.0286652
  22.36145     38.028178
  22.362607    38.025734
  22.36274     38.024884
  22.362911    38.022994
  22.3628107   38.0225106
  22.362475    38.021551
  22.362192    38.020916
  22.3607589   38.018314
  22.359921    38.017189
  22.3590482   38.0162985
  22.356968    38.01476
  22.355283    38.013551
  22.354324    38.01288
  22.3536822   38.012434
  22.3529401   38.0120181
  22.3497652   38.010455
  22.3482462   38.0097488
  22.3461383   38.0087954
  22.3415529   38.0063111
  22.3411513   38.005936
  22.3406051   38.0052974
  22.3377784   38.0016257
  22.3368465   38.0003869
  22.3362514   37.9993647
  22.3355635   37.9982284
  22.3353662   37.9980138
  22.3338932   37.9967584
  22.3310186   37.9945502
  22.3300861   37.993834
  22.329138    37.9932573
  22.3277099   37.9921601
  22.3259598   37.9894812
  22.3254578   37.9885728
  22.3244804   37.9864231
  22.3242761   37.9860507
  22.3240164   37.9858127
  22.3235201   37.9855938
  22.3231255   37.9855612
  22.3222886   37.9857024
  22.3192348   37.9866547
  22.318931    37.986781
  22.3187205   37.9869267
  22.3171961   37.9883918
  22.3168018   37.9888323
  22.3165111   37.9890444
  22.3153009   37.9897165
  22.3143916   37.990091
  22.3135043   37.9903982
  22.312828    37.9904515
  22.3106069   37.9904647
  22.3091847   37.9903947
  22.3041648   37.9889842
  22.3031869   37.9886186
  22.3025177   37.9882755
  22.3017271   37.9877594
  22.3005797   37.986738
  22.3009513   37.9854637
  22.3017508   37.9832132
  22.3024735   37.9813131
  22.3032289   37.9795667
  22.3035697   37.9784722
  22.303712    37.9776677
  22.3037365   37.9771769
  22.3036108   37.9745661
  22.3034414   37.9735363
  22.302928    37.972155
  22.302647    37.971713
  22.300468    37.969699
  22.299412    37.968756
  22.2926814   37.9635486
  22.2921066   37.9632564
  22.290601    37.9627253
  22.289947    37.962572
  22.2891051   37.9625133
  22.288872    37.962479
  22.285522    37.962449
  22.2833034   37.9624884
  22.282337    37.962452
  22.2812708   37.96231
  22.2801107   37.9620857
  22.279465    37.96191
  22.2788453   37.9616797
  22.277358    37.961018
  22.276629    37.960588
  22.27617     37.960253
  22.274492    37.958453
  22.274028    37.957711
  22.273385    37.956463
  22.2732475   37.9555462
  22.2731056   37.9553008
  22.2727866   37.9551158
  22.270641    37.9543949
  22.2675922   37.9535209
  22.2647242   37.9531948
  22.2620629   37.9530384
  22.2613809   37.9530643
  22.2563161   37.9536833
  22.2547863   37.9540346
  22.2540065   37.9543114
  22.253332    37.9547249
  22.2529851   37.9548775
  22.2523539   37.9550844
  22.2517464   37.9552015
  22.2513482   37.9552136
  22.2499903   37.9552114
  22.2494011   37.9551306
  22.2488704   37.9550551
  22.2472606   37.9547698
  22.2455757   37.9542355
  22.2446643   37.9542309
  22.244161    37.9543045
  22.2433232   37.9545849
  22.2428619   37.9548934
  22.2425555   37.9546635
  22.2424385   37.9545717
  22.2422516   37.9541904
  22.2421905   37.9533379
  22.2422647   37.951852
  22.2419445   37.9506171
  22.2413074   37.949026
  22.2406359   37.9476867
  22.2400407   37.9468171
  22.2398392   37.9463951
  22.2398193   37.9461695
  22.239918    37.9457745
  22.2404243   37.9447186
  22.2416832   37.9427503
  22.2430028   37.9409631
  22.2436272   37.9395621
  22.24381     37.9387673
  22.24394     37.9370119
  22.2438708   37.9356591
  22.2437226   37.934625
  22.24371     37.9331829
  22.2437949   37.9325128
  22.2439604   37.9318033
  22.2441698   37.9311035
  22.2450985   37.9288328
  22.2456557   37.9273181
  22.2464676   37.9240003
  22.2468161   37.9218111
  22.2470725   37.9193997
  22.247133    37.9175532
  22.2469841   37.9159312
  22.2467494   37.9133749
  22.2463319   37.9104218
  22.2462145   37.9090645
  22.2454609   37.9075836
  22.244594    37.9057728
  22.2439509   37.9046682
  22.243667    37.9042765
  22.2434208   37.904034
  22.2423669   37.9034099
  22.2413334   37.9028309
  22.2403453   37.9025291
  22.2389588   37.9023908
  22.2382219   37.9021656
  22.2375212   37.9015912
  22.2369669   37.9009466
  22.2359546   37.9003504
  22.2348666   37.899802
  22.2340053   37.8995516
  22.233194    37.898914
  22.2325076   37.8985575
  22.2318636   37.8981531
  22.2313651   37.8979596
  22.2308829   37.8974545
  22.230376    37.8971722
  22.2302984   37.8968814
  22.2300971   37.8963673
  22.2301178   37.895787
  22.2293868   37.894271
  22.22884     37.8934832
  22.2277772   37.8922596
  22.2266546   37.8911793
  22.2253898   37.8900833
  22.2227105   37.8884117
  22.2218048   37.8879474
  22.2202428   37.8872074
  22.2190006   37.8867605
  22.2184584   37.8866262
  22.2235099   37.8858148
  22.2247266   37.8855764
  22.2256479   37.8851352
  22.2267108   37.8845248
  22.2280039   37.8835755
  22.2283227   37.8833054
  22.2283513   37.8832225
  22.227511    37.8800489
  22.2274116   37.8795135
  22.2274237   37.8781168
  22.2275481   37.8775397
  22.2277311   37.8770197
  22.2280735   37.8764008
  22.2284272   37.8760501
  22.2290295   37.8757979
  22.2293112   37.8757818
  22.2306141   37.8758712
  22.2313473   37.8758147
  22.2318397   37.8756981
  22.2374717   37.8737639
  22.2381712   37.8733779
  22.238513    37.873018
  22.2387767   37.8723303
  22.2391566   37.8717254
  22.2407833   37.8694021
  22.2414187   37.8686005
  22.2421666   37.8679831
  22.2437453   37.8668171
  22.2441214   37.8666154
  22.2448927   37.8663273
  22.2459239   37.8658492
  22.2464465   37.8655777
  22.2467313   37.8653589
  22.2469408   37.8650916
  22.2480166   37.8629583
  22.2494177   37.859514
  22.2501307   37.8582547
  22.2531141   37.8529856
  22.2539861   37.8515206
  22.2566402   37.84848
  22.257219    37.8479253
  22.2578121   37.8475038
  22.2587008   37.847019
  22.2594831   37.8467512
  22.260695    37.8462622
  22.2610885   37.846081
  22.2624326   37.8451929
  22.2628695   37.8449042
  22.263515    37.8442739
  22.2635854   37.8441037
  22.2641009   37.8420813
  22.264355    37.8397532
  22.2643297   37.8393946
  22.2624653   37.8388511
  22.2610895   37.8385672
  22.2604717   37.8385198
  22.2596807   37.8386005
  22.2581502   37.8390803
  22.2569391   37.8393282
  22.2542243   37.8397656
  22.2537152   37.8398031
  22.2529769   37.83979
  22.2522415   37.8397385
  22.2513638   37.8395542
  22.2506276   37.8393157
  22.2494035   37.8388041
  22.2477861   37.8388724
  22.2432032   37.8391962
  22.2424757   37.8392957
  22.2397098   37.8395428
  22.238144    37.8395915
  22.2370184   37.8394822
  22.2363123   37.8393072
  22.2358498   37.8391358
  22.2353319   37.8388577
  22.2348187   37.838503
  22.2338249   37.8375756
  22.2334451   37.8370765
  22.2329216   37.8356966
  22.2322483   37.8341184
  22.2320529   37.8337933
  22.2309207   37.8324966
  22.2305575   37.8321509
  22.2293996   37.8314238
  22.228808    37.8311581
  22.2283236   37.8310269
  22.2279325   37.8309736
  22.2265706   37.8309351
  22.2257822   37.8310156
  22.2237318   37.8313812
  22.2231303   37.8315141
  22.2221284   37.8318324
  22.221157    37.8323787
  22.2207593   37.832553
  22.2190449   37.8330317
  22.2180757   37.8332153
  22.2178532   37.8332232
  22.217725    37.8331785
  22.2175829   37.8327235
  22.2173107   37.8308899
  22.2171404   37.8305584
  22.2168217   37.8303733
  22.2164893   37.8303165
  22.2159796   37.8303426
  22.2128578   37.8308269
  22.2122929   37.8308837
  22.2118999   37.8308349
  22.2116455   37.8307387
  22.2113317   37.8305447
  22.2096777   37.8294313
  22.2060778   37.8280044
  22.2037141   37.8277589
  22.2014434   37.8277017
  22.1997481   37.8275676
  22.1991892   37.8274825
  22.1987629   37.8273633
  22.1981901   37.8270707
  22.1977636   37.8265933
  22.197332    37.8258589
  22.1970536   37.825172
  22.1962986   37.8226281
  22.196121    37.8222964
  22.1958753   37.821993
  22.195425    37.8215873
  22.1943603   37.8208433
  22.1937106   37.8204796
  22.1927169   37.8200431
  22.1920843   37.8196616
  22.1909734   37.81882
  22.1905508   37.8184034
  22.1903393   37.817936
  22.1902827   37.8175792
  22.1901774   37.8142003
  22.1900466   37.812085
  22.1896114   37.811256
  22.1891658   37.8109112
  22.1884561   37.8105398
  22.1860598   37.809836
  22.1844322   37.8091575
  22.1828904   37.8082371
  22.1816229   37.8073343
  22.1808169   37.8064071
  22.1798048   37.8045463
  22.1788216   37.8021475
  22.1776182   37.7997722
  22.1770208   37.7986026
  22.1761111   37.797408
  22.1757187   37.796708
  22.175437    37.7960705
  22.1753114   37.795494
  22.1746117   37.7932804
  22.171568    37.7936386
  22.1584569   37.7988947
  22.156691    37.7998208
  22.1538241   37.8015165
  22.1491429   37.8035615
  22.1463214   37.8022149
  22.1457154   37.8019666
  22.145284    37.8018584
  22.1446671   37.8017743
  22.1430809   37.8016885
  22.1417748   37.8016859
  22.1408814   37.8018137
  22.1405571   37.8040616
  22.1404006   37.804726
  22.1401476   37.8054182
  22.1393579   37.8066156
  22.1373726   37.8088642
  22.1364232   37.8095093
  22.1351872   37.8102265
  22.1335471   37.8111085
  22.132354    37.8116303
  22.13148     37.8119566
  22.1295969   37.8128662
  22.1269629   37.8142573
  22.1266499   37.8144505
  22.1263043   37.8151637
  22.1262691   37.8156656
  22.126377    37.815807
  22.1274153   37.8168216
  22.1286398   37.817972
  22.1291843   37.8184268
  22.1302806   37.8194535
  22.1309784   37.8202194
  22.1311995   37.8207275
  22.131252    37.8209965
  22.131228    37.8212169
  22.1310128   37.8216393
  22.1307985   37.821904
  22.1299588   37.8225125
  22.1293463   37.8227393
  22.1276661   37.8231677
  22.1264468   37.8235381
  22.1258002   37.823823
  22.1246181   37.8244462
  22.1240689   37.824068
  22.1231965   37.8237026
  22.1226319   37.8236643
  22.1187076   37.8238923
  22.1156773   37.824299
  22.1150536   37.8243093
  22.1146332   37.8241741
  22.1139824   37.8238122
  22.1130747   37.8232074
  22.1126674   37.8228336
  22.1115716   37.8221154
  22.1112047   37.8219946
  22.1108705   37.8219442
  22.1100208   37.8220049
  22.1092968   37.8221195
  22.1088155   37.8222559
  22.1082633   37.8224836
  22.1076636   37.8226249
  22.1045824   37.8229944
  22.1040761   37.822966
  22.1036464   37.8228487
  22.1031731   37.8226
  22.1020117   37.8217454
  22.1016295   37.8213518
  22.0992938   37.8187614
  22.0985662   37.8174948
  22.0984024   37.8160097
  22.0982847   37.8156676
  22.0980121   37.8153771
  22.0976838   37.8151262
  22.0970475   37.8149402
  22.0962037   37.8148544
  22.0956395   37.8149016
  22.0941605   37.8152202
  22.0933089   37.8152221
  22.0928587   37.8151675
  22.0924492   37.8149266
  22.091172    37.8138515
  22.0887905   37.8122386
  22.0877434   37.8115294
  22.086139    37.8105233
  22.0843836   37.809697
  22.0839478   37.8094919
  22.0821406   37.8086446
  22.0813888   37.8084386
  22.0806726   37.8082985
  22.0801069   37.8082645
  22.0794838   37.8082994
  22.0774747   37.808751
  22.0770849   37.8088213
  22.076662    37.808704
  22.0763235   37.8083988
  22.0760695   37.807899
  22.076016    37.8066387
  22.0758904   37.8057873
  22.0751932   37.8035229
  22.0750283   37.8030921
  22.072252    37.7996786
  22.0697567   37.7966345
  22.0687594   37.7956516
  22.0672954   37.7946723
  22.0641072   37.7930361
  22.062205    37.7924529
  22.0615272   37.7920407
  22.0614396   37.7919874
  22.0612254   37.7917789
  22.0611033   37.7916278
  22.0573975   37.7870431
  22.0570681   37.7865195
  22.0569042   37.7861361
  22.0568065   37.7856005
  22.0567997   37.7851949
  22.0569627   37.7849587
  22.0579454   37.7842765
  22.0580482   37.784116
  22.0580999   37.7838938
  22.05803     37.783539
  22.0573985   37.7820461
  22.057337    37.7818063
  22.0569831   37.7811854
  22.0567833   37.7810379
  22.0563547   37.7809001
  22.0550621   37.7807504
  22.0542695   37.7807215
  22.0532162   37.7809046
  22.0521986   37.7811852
  22.0511166   37.7816787
  22.0506634   37.7820182
  22.0499163   37.7826321
  22.0487613   37.7837395
  22.0477667   37.7847233
  22.0450382   37.7866134
  22.0435333   37.7876338
  22.0422476   37.7883762
  22.0410476   37.7887843
  22.0403857   37.7889084
  22.0371638   37.7891409
  22.0355188   37.7891901
  22.0334011   37.7891165
  22.0317833   37.7889012
  22.0308261   37.7887738
  22.0274504   37.7884222
  22.0258043   37.7884058
  22.0246718   37.7884612
  22.021421    37.7890983
  22.0196912   37.7895311
  22.0174803   37.7901045
  22.0156132   37.7907601
  22.0145363   37.7912579
  22.0136695   37.7917683
  22.0121483   37.7924658
  22.0118092   37.7925119
  22.0114697   37.7924926
  22.0105806   37.792196
  22.0095816   37.7944185
  22.0093092   37.7949141
  22.0089029   37.7955065
  22.0077127   37.7965318
  22.0075899   37.7967843
  22.0070011   37.7982365
  22.0014357   37.7988721
  22.000294    37.7994227
  21.999446    37.7997846
  21.9993975   37.7997928
  21.9976131   37.8000891
  21.9963648   37.8000656
  21.9961089   37.8000387
  21.9936093   37.7997754
  21.9916535   37.7995213
  21.9889982   37.7989015
  21.9882908   37.7987339
  21.9877948   37.7985182
  21.9876245   37.7983981
  21.9861064   37.7968244
  21.9858586   37.7966422
  21.9855975   37.7965499
  21.9847556   37.7964476
  21.984131    37.7964324
  21.9827565   37.7964967
  21.9825445   37.796608
  21.9823627   37.7969608
  21.9838354   37.7988447
  21.9840466   37.7992629
  21.9841016   37.7995387
  21.9840412   37.7996976
  21.9834024   37.8002161
  21.9829586   37.8004969
  21.9823057   37.8008552
  21.9807157   37.8016255
  21.9789145   37.80248
  21.9777969   37.8031682
  21.9774672   37.8034149
  21.9772125   37.8036561
  21.9752267   37.8056699
  21.9747167   37.806319
  21.9738888   37.8074425
  21.9731501   37.8086103
  21.9716807   37.8105293
  21.9703368   37.8122499
  21.9699895   37.8125435
  21.9694844   37.812839
  21.9683309   37.8132201
  21.9673246   37.8135024
  21.9666547   37.8135832
  21.964837    37.813554
  21.9622251   37.8134323
  21.959665    37.8145031
  21.9592798   37.8149335
  21.9589103   37.8152133
  21.9484394   37.82211
  21.9479012   37.8224408
  21.9472573   37.8227179
  21.9466334   37.8226733
  21.9458524   37.8225538
  21.9451738   37.8222265
  21.9427182   37.8205255
  21.9420722   37.820023
  21.9404589   37.8184583
  21.938155    37.8161336
  21.9364034   37.8143388
  21.9351684   37.8149773
  21.9293151   37.8180759
  21.9287028   37.8184796
  21.9275466   37.8195182
  21.9273161   37.8197755
  21.9271794   37.8201177
  21.9272307   37.8211032
  21.9277741   37.822478
  21.9279821   37.8236847
  21.927976    37.8244484
  21.9277733   37.8249179
  21.927572    37.8251329
  21.9272792   37.8252719
  21.9262831   37.8254436
  21.9236903   37.8253303
  21.9218003   37.8275725
  21.9214067   37.8278967
  21.9209021   37.8281896
  21.9182651   37.8287131
  21.9168696   37.8289204
  21.9157879   37.8291919
  21.915247    37.8294369
  21.9142324   37.8300114
  21.913263    37.8306341
  21.9124407   37.8312526
  21.9115439   37.8320657
  21.9109773   37.8324409
  21.9102423   37.8327816
  21.9092789   37.8328231
  21.9066913   37.8321395
  21.9054771   37.8319107
  21.9048518   37.8319108
  21.903842    37.832037
  21.9031569   37.8322569
  21.9027107   37.8324517
  21.9015494   37.833438
  21.896999    37.837367
  21.8967908   37.8376877
  21.8955802   37.8395517
  21.8949713   37.8408611
  21.8940538   37.8420544
  21.8939167   37.8421196
  21.8914898   37.8424704
  21.8909159   37.8435798
  21.8908211   37.8446145
  21.8911823   37.8455603
  21.8917726   37.846382
  21.8921825   37.846752
  21.8932753   37.8479589
  21.8938858   37.8488214
  21.8947795   37.8502274
  21.8956319   37.8516484
  21.8957411   37.8521798
  21.8958423   37.8569893
  21.8958407   37.8572596
  21.8957701   37.8574791
  21.8953271   37.8579466
  21.8946534   37.8584933
  21.8932749   37.8594283
  21.891536    37.8610936
  21.8909628   37.8617615
  21.8904482   37.8629057
  21.8901791   37.8639192
  21.8902817   37.8655904
  21.8902612   37.8656534
  21.8899128   37.8656312
  21.8892997   37.8656909
  21.888758    37.8656152
  21.8882062   37.8654571
  21.8880541   37.8654053
  21.887883    37.8653008
  21.8877123   37.8651132
  21.8870428   37.8647147
  21.8858488   37.8641673
  21.8849222   37.8636204
  21.8842342   37.8634901
  21.8840533   37.8637087
  21.8839399   37.8638563
  21.8837435   37.863921
  21.8835041   37.8638724
  21.8832132   37.8637623
  21.8828673   37.863698
  21.8823264   37.863857
  21.8818493   37.86392
  21.8814102   37.8638787
  21.8810209   37.86372
  21.880382    37.8634978
  21.879794    37.8631017
  21.8792661   37.862753
  21.8786709   37.8625844
  21.8779485   37.8624167
  21.8773782   37.8621379
  21.876822    37.861796
  21.8763871   37.8615162
  21.8760119   37.8611183
  21.8756171   37.8603297
  21.8752042   37.8598577
  21.8744363   37.8596659
  21.8735847   37.8593132
  21.8730932   37.8589502
  21.8726963   37.858621
  21.8723741   37.8582785
  21.8722161   37.8574915
  21.872018    37.8570314
  21.8718195   37.8565055
  21.8715057   37.856142
  21.8711611   37.8558684
  21.8708549   37.8557131
  21.8706598   37.855691
  21.8704627   37.8557561
  21.8703587   37.8558834
  21.8704179   37.856148
  21.8705182   37.8563758
  21.8707512   37.8565696
  21.8708802   37.8567309
  21.8709268   37.857028
  21.8707381   37.8572523
  21.8705465   37.857558
  21.8702318   37.8579844
  21.8700427   37.8583009
  21.8698476   37.858407
  21.8695511   37.8585077
  21.8692383   37.8584434
  21.8687696   37.8582962
  21.8683969   37.8579955
  21.8681032   37.8576367
  21.8678388   37.857198
  21.8676454   37.8567393
  21.8675792   37.8561994
  21.8676477   37.8557103
  21.8676462   37.8554105
  21.8676869   37.8550118
  21.8677721   37.8547255
  21.8675973   37.8544314
  21.8672653   37.8540832
  21.8668016   37.853631
  21.8664139   37.8534489
  21.8660667   37.8533389
  21.8657018   37.8534169
  21.8652912   37.853613
  21.8650758   37.8538731
  21.8649115   37.8541092
  21.8647033   37.8542993
  21.8644539   37.8544241
  21.8640795   37.8545361
  21.8637228   37.8545237
  21.8634667   37.8545194
  21.8630475   37.8544916
  21.8626289   37.854268
  21.8624614   37.8539828
  21.8625457   37.8535769
  21.8625165   37.8531893
  21.8625108   37.8527971
  21.8623358   37.852621
  21.8621375   37.8525423
  21.8618947   37.8525357
  21.8615813   37.8527246
  21.8611277   37.8528306
  21.8606437   37.8529327
  21.8603573   37.8530587
  21.8599329   37.8532393
  21.8595935   37.8534403
  21.8590877   37.853687
  21.8587025   37.853723
  21.8583165   37.8536815
  21.8579394   37.8534313
  21.8575704   37.8531507
  21.8573165   37.852809
  21.8569551   37.8524767
  21.8565464   37.8520881
  21.8562631   37.851775
  21.8558638   37.8515265
  21.8554897   37.851304
  21.8549933   37.8510992
  21.8546822   37.8509618
  21.8543758   37.850962
  21.8541424   37.8510979
  21.8539645   37.851313
  21.8537095   37.851276
  21.8535692   37.8511108
  21.8534464   37.8509643
  21.8533089   37.8508391
  21.8530965   37.8506611
  21.8526709   37.8502958
  21.8523468   37.8499601
  21.8522118   37.8496913
  21.8522575   37.8493733
  21.8525102   37.8491794
  21.8527485   37.8490144
  21.8528416   37.8488257
  21.8528827   37.8485311
  21.8527875   37.848317
  21.8526018   37.8480949
  21.8522604   37.8477676
  21.8522345   37.8476359
  21.8522939   37.8474862
  21.8523807   37.8473408
  21.852691    37.8471592
  21.8528265   37.8469116
  21.852819    37.8466702
  21.8527279   37.8464434
  21.8525556   37.8463383
  21.8522892   37.8462981
  21.8520419   37.846207
  21.851637    37.8460946
  21.8512061   37.8460676
  21.8506779   37.8461685
  21.8498687   37.8463875
  21.8494416   37.846423
  21.8490819   37.8462721
  21.8488159   37.8460472
  21.8485724   37.8456271
  21.848209    37.845139
  21.8477482   37.8447396
  21.8472237   37.8443313
  21.8466355   37.8438402
  21.8458996   37.8432835
  21.8452867   37.8428419
  21.844896    37.8425817
  21.844601    37.8423155
  21.844318    37.8419198
  21.844364    37.8415315
  21.8446037   37.8412991
  21.8447964   37.841042
  21.8447121   37.8407395
  21.8445242   37.8406318
  21.8442154   37.8405612
  21.8436899   37.8404735
  21.8430751   37.8404093
  21.8425036   37.8403173
  21.8418941   37.8401355
  21.841653    37.8400264
  21.841458    37.8398853
  21.8413659   37.8397013
  21.8413957   37.8393462
  21.841412    37.8390617
  21.8413632   37.8387173
  21.8412549   37.8384906
  21.8409333   37.8381191
  21.8405678   37.8378129
  21.8400803   37.8374455
  21.839712    37.8372377
  21.839208    37.8370627
  21.8386541   37.8369315
  21.8380286   37.8367921
  21.8377725   37.836629
  21.8375793   37.8364062
  21.8372928   37.8357798
  21.8368814   37.8354638
  21.8365297   37.8348484
  21.8360585   37.8344466
  21.8348405   37.8333463
  21.8337328   37.8329441
  21.8327303   37.8327849
  21.8310159   37.8323112
  21.8303085   37.831037
  21.8302031   37.8305836
  21.8301558   37.8304708
  21.8299638   37.8303978
  21.8292967   37.8301226
  21.8283337   37.8297013
  21.8272274   37.8295825
  21.8267261   37.8294431
  21.8259034   37.8289141
  21.8254444   37.828642
  21.8245182   37.8284754
  21.8236637   37.8282547
  21.8232954   37.8277026
  21.8221002   37.8274588
  21.8215628   37.8275088
  21.8211255   37.8275436
  21.820945    37.8274688
  21.8208789   37.8272999
  21.8206768   37.8271319
  21.8205977   37.8269203
  21.8206184   37.826715
  21.8204891   37.8265518
  21.8202886   37.8264492
  21.8189121   37.8260864
  21.818228    37.825941
  21.8176974   37.825517
  21.8174725   37.8249716
  21.8172932   37.8241737
  21.8163604   37.8225623
  21.8158218   37.8217249
  21.8156217   37.8213957
  21.8153147   37.821295
  21.8149739   37.8213511
  21.8143688   37.8217004
  21.8138205   37.8217146
  21.8135243   37.8217636
  21.8132281   37.8217599
  21.8120463   37.8211101
  21.8111572   37.8203081
  21.8105484   37.8194894
  21.8105189   37.8189737
  21.8107758   37.8184296
  21.8110676   37.8177774
  21.8111234   37.81724
  21.8109684   37.8165756
  21.8104255   37.8162764
  21.809772    37.81613
  21.8091842   37.8158971
  21.8088849   37.8156081
  21.8087449   37.8151809
  21.8086907   37.8142257
  21.8090764   37.8135349
  21.8091165   37.8131642
  21.8090689   37.8130073
  21.8087586   37.8127678
  21.8085651   37.8124212
  21.8083876   37.8117838
  21.8077074   37.8107518
  21.8072868   37.8101411
  21.8067901   37.809624
  21.8063485   37.8091379
  21.8062408   37.8089153
  21.8063083   37.8085712
  21.8063829   37.808353
  21.8065251   37.8081093
  21.8064618   37.8078389
  21.8058003   37.8071107
  21.8050112   37.8066899
  21.8045933   37.8062287
  21.8042656   37.8052039
  21.804108    37.8048688
  21.8037838   37.804633
  21.803241    37.8045016
  21.8029534   37.8044122
  21.8025833   37.8041812
  21.8020029   37.803642
  21.8018097   37.803208
  21.8014095   37.8025739
  21.8009986   37.8020801
  21.8002465   37.8016206
  21.799517    37.8010798
  21.7990465   37.8002596
  21.798829    37.7995146
  21.7985374   37.7991673
  21.7981984   37.7988464
  21.7975493   37.7985539
  21.7970477   37.7981512
  21.7958547   37.796103
  21.7956605   37.7953765
  21.7958643   37.7943582
  21.7958863   37.7937978
  21.7956959   37.7934477
  21.7948349   37.7927457
  21.7945887   37.7922442
  21.7946987   37.791638
  21.7946965   37.791128
  21.7942615   37.790426
  21.7935721   37.7896659
  21.7932202   37.7892538
  21.7931821   37.7888681
  21.7935625   37.7881715
  21.7943027   37.7875986
  21.7944208   37.7873576
  21.7943784   37.7871269
  21.7938227   37.7863316
  21.7938264   37.7858052
  21.7939301   37.7855071
  21.7941295   37.7852006
  21.7944079   37.7847121
  21.7946402   37.7841872
  21.7946799   37.7835665
  21.794483    37.7826783
  21.7944712   37.7819283
  21.7944905   37.7814963
  21.7946761   37.7810977
  21.7949739   37.7805678
  21.7956235   37.7792806
  21.7961123   37.7787531
  21.7962652   37.7782646
  21.7961086   37.7778471
  21.7963619   37.7774076
  21.7969164   37.7766895
  21.7969593   37.7765533
  21.796818    37.7763578
  21.7967581   37.776154
  21.7968015   37.7756102
  21.7967041   37.7752267
  21.7964864   37.7749271
  21.7963076   37.774531
  21.7962404   37.7741447
  21.7963736   37.7737945
  21.7968961   37.773282
  21.7967993   37.772847
  21.7964987   37.772575
  21.7953665   37.7718582
  21.7952776   37.7715568
  21.7954047   37.7711754
  21.7957285   37.7706979
  21.7957913   37.7704717
  21.7955042   37.7703348
  21.7953483   37.76983
  21.7954348   37.7693615
  21.7959035   37.7690695
  21.7959681   37.7689095
  21.7959441   37.7686235
  21.7960803   37.7681915
  21.7961501   37.7679955
  21.7961349   37.7677295
  21.7959976   37.7671796
  21.7956512   37.7668039
  21.7954321   37.7663471
  21.7954014   37.7661224
  21.7954557   37.7655966
  21.7954346   37.7652721
  21.7953438   37.7651725
  21.7950451   37.7650849
  21.7949467   37.7649096
  21.7947154   37.764793
  21.7942561   37.7643375
  21.7940184   37.7641097
  21.7938317   37.7637929
  21.7938841   37.7636353
  21.7942226   37.7634159
  21.7943785   37.7630984
  21.7946308   37.762787
  21.7947543   37.7624374
  21.7949642   37.7621377
  21.7948599   37.761973
  21.794671    37.761914
  21.7946296   37.7618295
  21.794697    37.7616602
  21.7947561   37.761303
  21.794885    37.7609331
  21.7949974   37.7606191
  21.7949956   37.7603062
  21.7949212   37.7600342
  21.795002    37.7596692
  21.7950759   37.7594963
  21.7950907   37.759281
  21.7950507   37.7588546
  21.7951923   37.7579175
  21.7954249   37.7575778
  21.7956123   37.7574016
  21.7958294   37.7572796
  21.7960009   37.757147
  21.7964043   37.7569435
  21.7965765   37.7568078
  21.796636    37.7566721
  21.7966937   37.7563535
  21.7965855   37.7560545
  21.7963422   37.7557661
  21.7960576   37.7551815
  21.7960843   37.7549847
  21.7960574   37.7546415
  21.796113    37.7541008
  21.7963617   37.7535728
  21.7969148   37.7531744
  21.7972236   37.7528374
  21.7972856   37.7526997
  21.7975467   37.7523467
  21.7975691   37.7520786
  21.7974706   37.7519552
  21.7970042   37.7516838
  21.7966947   37.7513251
  21.7965422   37.7511357
  21.7964326   37.7509379
  21.7961916   37.7505237
  21.7959801   37.7502474
  21.7958832   37.7500066
  21.795942    37.7496487
  21.7961859   37.7490956
  21.7964707   37.7487409
  21.796588    37.7485699
  21.7966976   37.7483331
  21.7968314   37.7477674
  21.7968882   37.7471883
  21.796893    37.7467523
  21.7968577   37.7463151
  21.796803    37.7458051
  21.7966279   37.745314
  21.7964483   37.744851
  21.7962842   37.7444051
  21.7961817   37.7441564
  21.7961093   37.7435934
  21.7960439   37.7431536
  21.7960481   37.742874
  21.7961817   37.742609
  21.7963007   37.7424426
  21.7964264   37.7422973
  21.7965487   37.7420945
  21.7966476   37.7419729
  21.7967628   37.7418691
  21.7968434   37.7417216
  21.7969166   37.741602
  21.7970457   37.7414331
  21.7971146   37.7413328
  21.7971485   37.7412287
  21.7971608   37.741138
  21.7971962   37.7410287
  21.7972044   37.7409329
  21.7971814   37.7408154
  21.7971319   37.7407164
  21.7966378   37.7404105
  21.7963303   37.7402675
  21.7960383   37.7400635
  21.7959656   37.7392768
  21.7960547   37.7389324
  21.7961283   37.7387625
  21.7962789   37.7385608
  21.7966711   37.7381759
  21.7969589   37.7378986
  21.7970787   37.737564
  21.7970206   37.737403
  21.7970154   37.7372946
  21.7971025   37.7371106
  21.7971967   37.7369704
  21.797443    37.7367614
  21.7975476   37.7366927
  21.7976676   37.7366606
  21.7979046   37.7365963
  21.7981662   37.736487
  21.7982984   37.7363898
  21.7984715   37.7361851
  21.798395    37.7354102
  21.7982292   37.7349692
  21.7981634   37.7348541
  21.7981074   37.7347684
  21.7980432   37.7347089
  21.7979953   37.7346548
  21.7979824   37.7346081
  21.7979673   37.7345579
  21.7979575   37.734521
  21.7979385   37.734464
  21.7979092   37.7343332
  21.7979041   37.7342218
  21.7979462   37.7341209
  21.7980245   37.7340548
  21.7981859   37.7339584
  21.7985203   37.7339244
  21.7987966   37.7339289
  21.7991026   37.7340176
  21.7993948   37.7340868
  21.7997928   37.7341276
  21.7999116   37.7341383
  21.8001544   37.7341436
  21.8002365   37.7341237
  21.8003586   37.7340734
  21.8004864   37.7340083
  21.8005502   37.7339203
  21.8005815   37.73376
  21.8005871   37.7336417
  21.8005717   37.733567
  21.8005247   37.7335011
  21.8004088   37.7334601
  21.8003223   37.733393
  21.8001935   37.7333273
  21.8000728   37.7332403
  21.7999977   37.7331363
  21.7999756   37.733078
  21.7999548   37.7329666
  21.7999461   37.7328786
  21.7999058   37.7327725
  21.799728    37.7325486
  21.7995652   37.7323652
  21.7994928   37.7322337
  21.7994405   37.7320247
  21.799403    37.7318105
  21.7994039   37.7315978
  21.7994454   37.7314618
  21.7995281   37.7313578
  21.7996794   37.7312406
  21.7998689   37.7310634
  21.8001607   37.7308891
  21.8003812   37.7307251
  21.8005801   37.7306195
  21.8009505   37.7305268
  21.8012365   37.7304005
  21.8013527   37.7303004
  21.8014158   37.7302135
  21.8014273   37.730141
  21.801424    37.7300625
  21.8014005   37.7299798
  21.8013757   37.7299172
  21.8013328   37.7298026
  21.8013194   37.7297072
  21.8013315   37.7295968
  21.8013281   37.7295163
  21.8012878   37.7293001
  21.8009525   37.7287645
  21.8003933   37.7281554
  21.8002962   37.727961
  21.8003547   37.7277617
  21.8006583   37.7275454
  21.8008239   37.7274152
  21.8015548   37.7270901
  21.80183     37.726937
  21.8020946   37.7266767
  21.8022816   37.7261146
  21.8025758   37.7256184
  21.8029223   37.724937
  21.8030469   37.7243131
  21.8029513   37.7238147
  21.8027222   37.7229546
  21.8027751   37.7226183
  21.8030165   37.7223382
  21.8034242   37.7222576
  21.8037997   37.7224231
  21.8040644   37.7224429
  21.8044006   37.7223467
  21.8047117   37.722351
  21.8050166   37.7222472
  21.8053782   37.7220467
  21.8055482   37.721736
  21.8057476   37.7213138
  21.8057522   37.7207984
  21.8054041   37.7202327
  21.805279    37.7196894
  21.8051599   37.7194522
  21.8049588   37.7193645
  21.8049644   37.7192702
  21.805147    37.7190443
  21.8059137   37.7179643
  21.8061828   37.7174609
  21.8065752   37.7170671
  21.806909    37.7164662
  21.8072244   37.7161383
  21.8074798   37.7156951
  21.8076736   37.7152079
  21.8077329   37.7151005
  21.8077202   37.7148911
  21.8076659   37.7146123
  21.8075144   37.7142805
  21.8073574   37.7139544
  21.8070918   37.7136017
  21.8069722   37.7134162
  21.8068976   37.7132303
  21.80691     37.7130226
  21.807051    37.7128851
  21.8072864   37.7128132
  21.8075272   37.712774
  21.8077484   37.7127946
  21.8079402   37.7129305
  21.8080739   37.7131013
  21.8082624   37.7132673
  21.8084332   37.7133288
  21.8086292   37.7133039
  21.8088477   37.7133115
  21.8090357   37.7132975
  21.8092863   37.7132093
  21.8095234   37.7130863
  21.8097693   37.7129019
  21.8098668   37.7127248
  21.8099684   37.7125034
  21.8099976   37.7123375
  21.8099909   37.7121738
  21.8098349   37.7119577
  21.8096219   37.7117488
  21.8094801   37.7116924
  21.8093729   37.7115979
  21.809162    37.7113623
  21.8088779   37.7110349
  21.8085781   37.7107037
  21.8082587   37.7102852
  21.8082033   37.7101773
  21.8081376   37.7100829
  21.8081452   37.7099344
  21.8081753   37.7098715
  21.8083724   37.7096657
  21.8087223   37.7094792
  21.808861    37.7093751
  21.8088967   37.7088214
  21.8089946   37.7084914
  21.8090675   37.70816
  21.8089785   37.707924
  21.8085843   37.7073357
  21.8084043   37.7070534
  21.808864    37.7059157
  21.8094646   37.7046686
  21.809449    37.7043736
  21.8093157   37.7041338
  21.8090267   37.7039758
  21.8086853   37.7038849
  21.8083407   37.7037546
  21.8082689   37.7035757
  21.8083011   37.7034229
  21.8084706   37.70317
  21.8085779   37.7028389
  21.8087517   37.7025656
  21.8089447   37.7022742
  21.8091503   37.7020651
  21.809121    37.7016913
  21.8089555   37.7011904
  21.8089535   37.7009103
  21.8089388   37.7006419
  21.8090117   37.7002681
  21.8090444   37.6999565
  21.8091076   37.6996465
  21.8091696   37.6994733
  21.8091843   37.6992405
  21.8091581   37.6989403
  21.8090823   37.698756
  21.8090048   37.6985498
  21.8088745   37.6983426
  21.8088568   37.6983144
  21.8088482   37.6979731
  21.8089824   37.6977077
  21.8093298   37.6975809
  21.8096793   37.6973057
  21.8100306   37.6970602
  21.8103318   37.6967831
  21.8105313   37.6965229
  21.8108234   37.6964149
  21.811004    37.6962605
  21.8110792   37.6960562
  21.8110015   37.6958092
  21.810956    37.6954954
  21.8108939   37.6951886
  21.8109931   37.6948288
  21.8108272   37.694291
  21.8107677   37.694158
  21.8106674   37.6940025
  21.8105735   37.6938353
  21.8105319   37.6935961
  21.8105265   37.6933801
  21.8105272   37.6932425
  21.8106109   37.693126
  21.8106146   37.6930312
  21.8106078   37.6929558
  21.8106812   37.6928832
  21.8107794   37.6927861
  21.8111145   37.6925808
  21.8114447   37.6923227
  21.8116705   37.6919475
  21.8116248   37.6916016
  21.8114032   37.6913062
  21.8112575   37.6911183
  21.8111105   37.6909278
  21.8109841   37.6906793
  21.8107543   37.6903805
  21.810494    37.6899932
  21.8104357   37.6898417
  21.8103932   37.6894486
  21.8104006   37.6891332
  21.8105021   37.6887912
  21.8109259   37.6885966
  21.8111776   37.6885322
  21.8110472   37.6882003
  21.81085     37.6879018
  21.8108098   37.687529
  21.8111593   37.6873332
  21.8111751   37.6871232
  21.8111099   37.6870038
  21.8110355   37.6868424
  21.8109311   37.6866685
  21.8109082   37.6865883
  21.8108236   37.6863197
  21.8108605   37.6860414
  21.8108331   37.6859006
  21.8108137   37.6856767
  21.8108333   37.68546
  21.8109123   37.6851766
  21.8109811   37.6849537
  21.8111032   37.6848084
  21.8112328   37.6846747
  21.8113995   37.6845438
  21.8115425   37.684319
  21.811523    37.684076
  21.8114529   37.6839338
  21.8112801   37.6837037
  21.8112397   37.6835307
  21.8112493   37.6834315
  21.8114068   37.6831393
  21.8113159   37.6828779
  21.810479    37.6824873
  21.8101994   37.6823579
  21.8100284   37.6822029
  21.8100098   37.6819856
  21.8100606   37.6817996
  21.8101229   37.681555
  21.8100638   37.6813172
  21.8100142   37.6811193
  21.8099066   37.6808675
  21.8098008   37.6806752
  21.8094996   37.6804884
  21.8093582   37.6803662
  21.8091518   37.6801824
  21.8090046   37.6801003
  21.8088334   37.6800489
  21.8086653   37.6799872
  21.8085304   37.6798812
  21.8084359   37.6797761
  21.8083749   37.6796485
  21.8083848   37.6795239
  21.8084356   37.6793843
  21.8085585   37.6792522
  21.8087088   37.6790908
  21.8091379   37.6787682
  21.8093525   37.6785389
  21.8094591   37.6783623
  21.8094868   37.6781451
  21.8093512   37.6778928
  21.8091781   37.6776348
  21.8090137   37.6774234
  21.8089113   37.6771788
  21.8088064   37.6770438
  21.8085744   37.6769166
  21.8084201   37.6767445
  21.8082663   37.6764248
  21.8081018   37.6762372
  21.808       37.6761321
  21.8077895   37.67591
  21.8076262   37.675667
  21.8075476   37.6756009
  21.8074192   37.6754646
  21.8073498   37.6753606
  21.8072765   37.6751981
  21.8071983   37.6751221
  21.8069793   37.6749742
  21.8068956   37.6748154
  21.8068055   37.6746234
  21.8067722   37.6744333
  21.8065361   37.674204
  21.8062572   37.6738558
  21.8059815   37.6734371
  21.8060855   37.6731084
  21.8065524   37.673083
  21.8066716   37.6730356
  21.8067571   37.6729355
  21.8068091   37.6727521
  21.8069063   37.6723739
  21.8070458   37.6721234
  21.8071692   37.6717965
  21.8072322   37.6715794
  21.8070157   37.6712882
  21.8069802   37.671057
  21.8070024   37.6708738
  21.8069793   37.6708385
  21.8069722   37.6706022
  21.8071002   37.6703403
  21.8075139   37.6699136
  21.8079355   37.6697589
  21.8083672   37.6695501
  21.8085887   37.6692499
  21.8086181   37.669052
  21.8088849   37.6686893
  21.8090346   37.6684866
  21.8091418   37.668287
  21.8092677   37.6680661
  21.8093354   37.6677688
  21.8090413   37.6675758
  21.8086654   37.6675128
  21.8079385   37.6673297
  21.8073355   37.667028
  21.8070833   37.6665736
  21.8069224   37.6660768
  21.8067234   37.6659729
  21.8065849   37.665869
  21.8065735   37.6657999
  21.8066007   37.665767
  21.806792    37.6656611
  21.806917    37.6655481
  21.8069708   37.6654228
  21.8069279   37.6652954
  21.8068287   37.6651617
  21.8066145   37.6650806
  21.8063244   37.6649069
  21.8060721   37.6645544
  21.8059112   37.6642614
  21.8058608   37.6639467
  21.8058098   37.6636559
  21.8058792   37.6635629
  21.8061179   37.6635183
  21.8062735   37.6634355
  21.8063269   37.6632869
  21.8062899   37.6631824
  21.8062516   37.6630274
  21.8061109   37.6627458
  21.8057662   37.6625511
  21.8056606   37.6623195
  21.805563    37.6622458
  21.8051725   37.6619508
  21.8050009   37.6618336
  21.8046518   37.6616029
  21.8043375   37.6615462
  21.8040846   37.6614957
  21.8039738   37.6614959
  21.8037791   37.6615252
  21.8037941   37.6614087
  21.8037873   37.6612574
  21.8037856   37.6612187
  21.8037091   37.6609512
  21.8037369   37.660717
  21.8039344   37.6601868
  21.8040472   37.6599468
  21.8040687   37.6596708
  21.8040365   37.6594394
  21.8039001   37.6593477
  21.8036045   37.6592695
  21.8031705   37.659199
  21.8029394   37.6590359
  21.8026716   37.6587765
  21.8024002   37.6586686
  21.8020064   37.6583262
  21.8018654   37.6581811
  21.8016497   37.657959
  21.8015612   37.65777
  21.8016055   37.6571293
  21.8016514   37.6569251
  21.8015718   37.6566699
  21.8013878   37.6565212
  21.8011557   37.6564921
  21.8008285   37.6563907
  21.8005574   37.6562404
  21.800415    37.6559109
  21.8003621   37.6555166
  21.8005965   37.6551836
  21.8006518   37.6550013
  21.8006825   37.6545863
  21.8006779   37.6544062
  21.8006598   37.6542443
  21.8006381   37.6538621
  21.800614    37.653671
  21.8004368   37.6534767
  21.8001277   37.6532825
  21.7998789   37.6528191
  21.7997308   37.6524523
  21.7996753   37.6522611
  21.7996834   37.6520043
  21.799709    37.6518176
  21.799766    37.6516487
  21.7998446   37.6515332
  21.799882    37.6513767
  21.7998552   37.6512695
  21.7999596   37.6511741
  21.7997586   37.6508858
  21.799654    37.650659
  21.7995063   37.6504635
  21.7993189   37.6503707
  21.7990625   37.6501665
  21.7986647   37.64997
  21.7984655   37.6499026
  21.7981517   37.6499514
  21.797559    37.6500895
  21.7973551   37.6499982
  21.7971218   37.6495395
  21.7969125   37.6489852
  21.7971048   37.6482853
  21.7973337   37.6475623
  21.7972893   37.6473855
  21.7971612   37.6472575
  21.7966811   37.6470238
  21.7962822   37.646906
  21.7960251   37.6465952
  21.7959009   37.6463702
  21.7959054   37.6462551
  21.7958969   37.6461216
  21.7958061   37.6460308
  21.7955671   37.6460639
  21.7953623   37.6458927
  21.7952029   37.6452559
  21.7953547   37.6447694
  21.795514    37.644442
  21.7957036   37.6441777
  21.7958288   37.6439614
  21.7961862   37.6437832
  21.7966026   37.6432676
  21.7967164   37.6426549
  21.7964888   37.6423365
  21.7963296   37.6421822
  21.7960725   37.6421162
  21.7959123   37.641934
  21.7955289   37.6416706
  21.7955154   37.6413518
  21.7953462   37.640941
  21.7950959   37.6406945
  21.795044    37.6404498
  21.7953263   37.6397926
  21.7957366   37.6389747
  21.7958357   37.6387049
  21.7958131   37.6384334
  21.7956823   37.6381691
  21.795574    37.6379333
  21.7954071   37.6378369
  21.795132    37.6378083
  21.7948974   37.6378154
  21.7947305   37.6377833
  21.7945591   37.6377404
  21.7942472   37.6376578
  21.7934441   37.6371346
  21.7933998   37.6365044
  21.7934494   37.6360543
  21.7935397   37.6356648
  21.7937697   37.6351934
  21.7939263   37.634674
  21.7939501   37.6343611
  21.7938012   37.6339503
  21.7936095   37.6336201
  21.7934141   37.6335444
  21.7930321   37.633602
  21.7927818   37.6335591
  21.7926013   37.6334787
  21.7925359   37.6332894
  21.7925428   37.6331173
  21.7924303   37.6330267
  21.7922581   37.6328372
  21.7920897   37.6326909
  21.7920731   37.6324381
  21.7921799   37.6322769
  21.7922081   37.6322491
  21.7923633   37.6321703
  21.7924979   37.6319939
  21.7925164   37.6317055
  21.792542    37.6314858
  21.7927302   37.6312382
  21.7929483   37.6309778
  21.7930938   37.630834
  21.7933298   37.6304223
  21.7935588   37.6302249
  21.7937221   37.6298564
  21.7937263   37.6294412
  21.7938178   37.6292615
  21.7938848   37.6289344
  21.793971    37.6286827
  21.7940738   37.6284395
  21.7944207   37.6281007
  21.7946759   37.6278936
  21.7950746   37.6276687
  21.795553    37.627401
  21.7958214   37.6271649
  21.7958773   37.6270357
  21.7962388   37.6267694
  21.7968034   37.6266305
  21.7971164   37.6265535
  21.7974226   37.6264363
  21.7977478   37.6262978
  21.7978916   37.6261202
  21.7979318   37.6259715
  21.7980766   37.6257527
  21.7982912   37.6256443
  21.7985004   37.6256741
  21.7985997   37.6256656
  21.7987529   37.6254728
  21.7989698   37.625349
  21.7991334   37.6252322
  21.7993063   37.625099
  21.7993555   37.6248285
  21.7993051   37.6246183
  21.7993778   37.6243439
  21.799399    37.6242252
  21.799356    37.6240765
  21.7992209   37.6238998
  21.7989323   37.6237727
  21.7985939   37.6237582
  21.7982885   37.6236644
  21.7980283   37.6236389
  21.7976581   37.623484
  21.7968916   37.623382
  21.7966963   37.6233128
  21.7963355   37.6231433
  21.7960691   37.6228773
  21.7959589   37.62265
  21.7960702   37.6224465
  21.7962732   37.6223036
  21.7965845   37.6218476
  21.7965258   37.621664
  21.7963093   37.621464
  21.7961244   37.6214032
  21.79581     37.6214086
  21.7952763   37.6212424
  21.795017    37.6210876
  21.7942453   37.6210454
  21.7938788   37.6209089
  21.7935229   37.620613
  21.7934359   37.6203313
  21.7934888   37.6201723
  21.793587    37.6201004
  21.7937501   37.6200779
  21.7938601   37.6199697
  21.7941756   37.6198168
  21.794338    37.6196193
  21.7942698   37.6192621
  21.7940498   37.6190668
  21.7939777   37.6188836
  21.7940135   37.6186247
  21.7940969   37.6184036
  21.7942818   37.6179133
  21.7945736   37.6168592
  21.7944748   37.6165192
  21.794156    37.6161283
  21.793697    37.6159108
  21.79333     37.6155118
  21.7930901   37.6150136
  21.7928504   37.6145691
  21.7926494   37.6140509
  21.7924886   37.6137711
  21.792254    37.613621
  21.7919924   37.6132529
  21.7920464   37.612883
  21.7921096   37.6125383
  21.7919247   37.6123489
  21.79137     37.6120841
  21.791442    37.6116735
  21.7914014   37.6113019
  21.7911903   37.6109037
  21.7910721   37.6107444
  21.7910721   37.6105461
  21.7910522   37.6103445
  21.7910541   37.6097724
  21.7909075   37.6094955
  21.7911461   37.6091944
  21.7913653   37.6087647
  21.7917275   37.608467
  21.7921017   37.6082993
  21.7927818   37.6081429
  21.7929885   37.6079676
  21.7931088   37.6077177
  21.7929965   37.607396
  21.7929737   37.6072429
  21.7927958   37.6070398
  21.7926374   37.6065902
  21.7923284   37.606399
  21.7919282   37.6060479
  21.7918367   37.6054663
  21.7917758   37.6051553
  21.7918249   37.6048459
  21.7919337   37.6045782
  21.7921221   37.6043642
  21.7923916   37.6041761
  21.7926036   37.6041243
  21.7927855   37.6039044
  21.7928652   37.6037187
  21.7928778   37.603533
  21.7926893   37.6031683
  21.7924503   37.6027597
  21.7923104   37.6026108
  21.7919743   37.6024657
  21.7918006   37.6023857
  21.7915673   37.6021963
  21.7917796   37.6019372
  21.7918829   37.6016391
  21.7919985   37.6013601
  21.7921731   37.6011846
  21.7924248   37.6010293
  21.7930956   37.6005835
  21.7932862   37.6002603
  21.7935009   37.5999282
  21.7937767   37.5998714
  21.7940855   37.5996717
  21.7943644   37.5995569
  21.7946917   37.5995612
  21.7950291   37.5994477
  21.7952858   37.5991715
  21.7953461   37.5990405
  21.7953461   37.5988726
  21.7953825   37.5987674
  21.7956677   37.5983877
  21.7956921   37.5981884
  21.795609    37.5979163
  21.7954249   37.5976984
  21.7953274   37.5974105
  21.7952205   37.5971004
  21.7953971   37.5965881
  21.7955034   37.5964708
  21.7955669   37.5962913
  21.7956329   37.5962222
  21.795793    37.596067
  21.7958896   37.5959693
  21.7960489   37.5957784
  21.7961777   37.5955659
  21.7962892   37.5952913
  21.7963815   37.595007
  21.796426    37.5946772
  21.7964958   37.594437
  21.7966417   37.5942844
  21.7966604   37.5941407
  21.7966095   37.5940803
  21.79647     37.5940485
  21.7963871   37.5939546
  21.7963597   37.5938346
  21.7965156   37.5936298
  21.7966503   37.593503
  21.7966765   37.5933344
  21.7966953   37.5931176
  21.7966108   37.5929111
  21.7967167   37.5927839
  21.7967793   37.5926388
  21.7967221   37.5924566
  21.796731    37.5921995
  21.7966956   37.5920409
  21.7966757   37.5918091
  21.7966575   37.5917089
  21.7966122   37.5915792
  21.796559    37.5914758
  21.7964875   37.5914612
  21.7964334   37.5913924
  21.7963483   37.5913468
  21.7962662   37.5912856
  21.7961202   37.5911641
  21.7959872   37.590869
  21.7957421   37.5906263
  21.7954792   37.5904499
  21.795262    37.5902778
  21.7951037   37.5900398
  21.7950189   37.5897447
  21.7949546   37.5896597
  21.7947695   37.5895322
  21.7945458   37.5893596
  21.7945378   37.5891663
  21.7945628   37.5888495
  21.794573    37.5886117
  21.7947364   37.5884315
  21.7949943   37.5882652
  21.7951654   37.5881666
  21.7952872   37.5880827
  21.7953608   37.5880009
  21.7953475   37.5879249
  21.7953794   37.5878344
  21.7954317   37.5877458
  21.7954539   37.5876131
  21.7954392   37.5874085
  21.7952979   37.5871411
  21.7952137   37.5869749
  21.7951667   37.5868465
  21.7951257   37.5867915
  21.7949971   37.5866507
  21.7948611   37.5865559
  21.7946521   37.5864283
  21.7943364   37.5863735
  21.7942547   37.5862789
  21.794142    37.5861726
  21.7940537   37.5860888
  21.7938294   37.5858943
  21.793895    37.58588
  21.7939727   37.5858386
  21.7940729   37.5858063
  21.7942235   37.5857489
  21.7943334   37.5856781
  21.7944913   37.5855921
  21.7948174   37.5854683
  21.7949407   37.585378
  21.7950762   37.585295
  21.7952549   37.5852144
  21.7953999   37.5851563
  21.7956895   37.5850581
  21.7959363   37.5849688
  21.7961884   37.5848711
  21.7964566   37.5848073
  21.7967578   37.5847536
  21.7968536   37.5847435
  21.7971341   37.5847389
  21.7974758   37.5847776
  21.7977489   37.5848571
  21.798141    37.5850326
  21.7984494   37.5853515
  21.7987757   37.5855572
  21.7990878   37.5856681
  21.7994677   37.5857315
  21.7997128   37.5857744
  21.7999317   37.5857677
  21.8000884   37.5857531
  21.8002707   37.5857256
  21.8004815   37.5856656
  21.8007052   37.5856873
  21.8009536   37.5856996
  21.8012095   37.5856703
  21.8014579   37.5856401
  21.8016708   37.5855682
  21.8019069   37.5855257
  21.8021874   37.5855211
  21.8024004   37.5855512
  21.8027222   37.5856193
  21.8030441   37.5856958
  21.8032281   37.5857931
  21.803366    37.5858913
  21.8034963   37.5861077
  21.8035607   37.5862522
  21.8035355   37.5863026
  21.8035162   37.5864286
  21.8034119   37.5866252
  21.8033491   37.5867471
  21.8033338   37.5868095
  21.8031959   37.5868814
  21.8030012   37.5869711
  21.8027453   37.5870769
  21.8025737   37.5871874
  21.8024878   37.587315
  21.8024556   37.587417
  21.8024556   37.587553
  21.80252     37.5876975
  21.8025951   37.5878166
  21.8026917   37.5879441
  21.8028081   37.5880423
  21.8029492   37.5881056
  21.8031192   37.5881443
  21.8033123   37.5881698
  21.8035714   37.5881821
  21.8040419   37.5881358
  21.804537    37.5880546
  21.8050239   37.5877155
  21.8054293   37.5877901
  21.8057263   37.5878808
  21.806134    37.5879233
  21.8065111   37.5880801
  21.8068529   37.5882548
  21.8071103   37.5884674
  21.8074108   37.5887649
  21.8075824   37.588986
  21.8077326   37.589292
  21.8078614   37.5896491
  21.8080454   37.590248
  21.8081832   37.5907203
  21.8082905   37.5909753
  21.8084638   37.5913192
  21.8085587   37.5914429
  21.8087089   37.5915534
  21.8089342   37.5916469
  21.8092561   37.5917064
  21.8095887   37.5917659
  21.809916    37.5917206
  21.8103139   37.5915926
  21.8107039   37.5916061
  21.81159     37.5915346
  21.8125531   37.5915669
  21.8133181   37.5918623
  21.8138467   37.5918728
  21.8143256   37.5918824
  21.8146466   37.5918888
  21.8159018   37.5916856
  21.8179259   37.5907822
  21.8189772   37.5904823
  21.8197436   37.5904041
  21.8201451   37.590601
  21.8204098   37.5909092
  21.8205554   37.5912462
  21.8205339   37.5917995
  21.8205448   37.5921979
  21.8205034   37.5925647
  21.8205485   37.593609
  21.820825    37.5941297
  21.8213471   37.5946338
  21.8217539   37.5948855
  21.8220913   37.5949828
  21.8224335   37.5950609
  21.8228603   37.5950617
  21.8230778   37.5950753
  21.8233447   37.5950597
  21.8236322   37.5950049
  21.8237559   37.5949836
  21.8238846   37.5949879
  21.8241528   37.5950219
  21.824609    37.5951068
  21.8249976   37.5951076
  21.8255206   37.5952601
  21.825696    37.5954032
  21.8258393   37.5954847
  21.8259993   37.595663
  21.8260582   37.5959751
  21.8260483   37.5961095
  21.8260752   37.5962668
  21.8260733   37.596892
  21.8261074   37.5970659
  21.8261556   37.5972189
  21.8262235   37.5973936
  21.8262879   37.5975381
  21.826422    37.5976911
  21.8266384   37.5978394
  21.8269852   37.5980694
  21.8272561   37.5981225
  21.8274359   37.5982096
  21.8275879   37.5983516
  21.8277033   37.5984239
  21.8278267   37.5984685
  21.8279562   37.5985816
  21.8280493   37.5988489
  21.8280847   37.5990613
  21.8281387   37.5991638
  21.8281066   37.5993933
  21.828018    37.5994698
  21.8277659   37.5995272
  21.8276318   37.5995676
  21.8274787   37.5996423
  21.8273743   37.5997079
  21.8272777   37.5997822
  21.8272643   37.5999352
  21.8272104   37.5999994
  21.8271839   37.6000967
  21.8271943   37.6001694
  21.8272214   37.6004325
  21.827307    37.6007007
  21.8274628   37.6009723
  21.8277791   37.6013382
  21.8280583   37.6015715
  21.8284231   37.6018265
  21.8287232   37.6020012
  21.8290775   37.6022218
  21.8293294   37.602388
  21.8294581   37.6025155
  21.829544    37.602592
  21.8296086   37.6026553
  21.8297049   37.6027237
  21.829791    37.60277
  21.8298819   37.6027705
  21.8299677   37.6027322
  21.830027    37.6026893
  21.8300804   37.6026302
  21.8301287   37.6025622
  21.8301665   37.6025065
  21.8302094   37.6024683
  21.8302735   37.6024432
  21.8303647   37.6024135
  21.8305849   37.6023493
  21.8307563   37.6022945
  21.8308636   37.602269
  21.8309604   37.6022515
  21.8310299   37.6022477
  21.831105    37.6022562
  21.8311747   37.6022605
  21.8312606   37.6022732
  21.8313359   37.6022898
  21.8314164   37.6023068
  21.8314861   37.602345
  21.831561    37.602388
  21.8316203   37.602396
  21.831749    37.6024003
  21.8318295   37.602396
  21.8319043   37.602388
  21.8319687   37.6023667
  21.8320491   37.602337
  21.8320681   37.6022978
  21.8321162   37.6022043
  21.8322705   37.6022021
  21.832352    37.6022051
  21.8324373   37.6021988
  21.8325551   37.6021855
  21.8327451   37.6022108
  21.8328546   37.6022906
  21.8329601   37.6023002
  21.8330781   37.6023213
  21.8331724   37.6023959
  21.8332025   37.6025027
  21.8334308   37.6025589
  21.8336164   37.6026813
  21.8338502   37.6028773
  21.8340208   37.6031755
  21.8343031   37.6032879
  21.8345264   37.6034143
  21.8348537   37.6035455
  21.8351325   37.6036833
  21.8352281   37.6037163
  21.8353904   37.6037686
  21.835623    37.6038581
  21.8358053   37.6038973
  21.8359927   37.6039367
  21.8360832   37.603969
  21.8362763   37.603935
  21.8364911   37.6038793
  21.8373402   37.6037589
  21.8377167   37.6037738
  21.8381005   37.6033055
  21.8384864   37.603153
  21.8390443   37.6029192
  21.8392109   37.6028465
  21.8393501   37.6027875
  21.839554    37.6027237
  21.8396883   37.6026808
  21.839801    37.6026383
  21.8398597   37.6026005
  21.8398922   37.6025618
  21.8399136   37.6024725
  21.8399512   37.6024173
  21.840026    37.6023455
  21.8400907   37.6023068
  21.8401494   37.6022775
  21.8403374   37.6021665
  21.8407449   37.6019715
  21.840997    37.6018567
  21.8412491   37.6017462
  21.8413537   37.6017096
  21.8415337   37.6016395
  21.8418556   37.601512
  21.8421128   37.6013934
  21.8423813   37.6012655
  21.842569    37.601155
  21.8427729   37.601002
  21.8430304   37.6008363
  21.8431698   37.6007598
  21.8433144   37.6006879
  21.8434056   37.6006369
  21.8434917   37.60056
  21.8435883   37.6004495
  21.8436902   37.600373
  21.8438348   37.6003097
  21.8439635   37.6002672
  21.8441193   37.6002455
  21.8442803   37.6002242
  21.8444198   37.60022
  21.8444946   37.6002119
  21.8445643   37.6001992
  21.8446662   37.6001567
  21.8448221   37.6000925
  21.8449562   37.60005
  21.845101    37.600016
  21.8453156   37.6000032
  21.8455195   37.599999
  21.8457287   37.600033
  21.8459057   37.6000712
  21.8460988   37.6001222
  21.8462222   37.6001435
  21.8463831   37.6001562
  21.8464851   37.6001562
  21.8465438   37.6001397
  21.8467906   37.6000589
  21.847043    37.599999
  21.8471663   37.599982
  21.8472358   37.5999866
  21.8472951   37.600016
  21.8473863   37.600101
  21.8478744   37.600628
  21.8479549   37.6007598
  21.8479976   37.6008707
  21.8480246   37.6009765
  21.8480354   37.601087
  21.84803     37.6011763
  21.8480139   37.6012655
  21.8479764   37.6013675
  21.8478691   37.6015715
  21.8477457   37.6018308
  21.847692    37.6019923
  21.8476599   37.6021368
  21.8476652   37.6022558
  21.8476864   37.6023752
  21.8477401   37.6025112
  21.8478688   37.6027152
  21.8480729   37.603008
  21.8483465   37.6033268
  21.8487593   37.6037225
  21.8490168   37.603935
  21.8492906   37.6041428
  21.849741    37.6044662
  21.850047    37.6046953
  21.8502241   37.6048143
  21.8503689   37.6049078
  21.8504869   37.6049715
  21.8505778   37.6049932
  21.8506639   37.604997
  21.8507605   37.6049923
  21.8509536   37.6049928
  21.8512755   37.6049758
  21.8514791   37.6049634
  21.8517315   37.6049333
  21.8519299   37.6048908
  21.8520855   37.6048568
  21.8521874   37.6048483
  21.8523162   37.604844
  21.8524983   37.6048317
  21.8527397   37.6048062
  21.8528953   37.6048062
  21.8530243   37.6048015
  21.8531262   37.604793
  21.8532013   37.6047718
  21.8532925   37.6047378
  21.8533676   37.604725
  21.8534481   37.6047208
  21.8535715   37.6047165
  21.8536787   37.6047208
  21.8538501   37.6047424
  21.8541559   37.6048232
  21.8548586   37.6049889
  21.8550893   37.6050442
  21.8552556   37.6050824
  21.8553736   37.6051292
  21.8554208   37.6051578
  21.8554597   37.6051968
  21.8555667   37.6052949
  21.8556955   37.6054352
  21.8558352   37.6055792
  21.8560176   37.6058597
  21.8561997   37.6060556
  21.8563553   37.6062086
  21.8565323   37.6063404
  21.8567472   37.6064505
  21.8569553   37.6065276
  21.8571761   37.6065614
  21.8574014   37.6065656
  21.8575945   37.6065486
  21.8577986   37.6065142
  21.858029    37.6064551
  21.8582543   37.6063786
  21.858496    37.6062677
  21.8587854   37.6061364
  21.8589839   37.6060259
  21.8591448   37.6059069
  21.859365    37.605728
  21.859574    37.6055244
  21.8598207   37.6052779
  21.8600299   37.6050527
  21.8601694   37.6048954
  21.8602606   37.6047718
  21.8603145   37.604657
  21.8603679   37.6045214
  21.860443    37.6043897
  21.8605398   37.6042618
  21.8606308   37.6041815
  21.8607273   37.604139
  21.8608241   37.6041173
  21.8609204   37.604122
  21.8610545   37.6041475
  21.861135    37.6041857
  21.8612369   37.6042749
  21.8613228   37.6043599
  21.8614786   37.6044955
  21.8616232   37.6045767
  21.8617736   37.60464
  21.8619346   37.6046783
  21.8621382   37.6046787
  21.8623691   37.604674
  21.8626585   37.6046574
  21.8629694   37.6046345
  21.8631255   37.604623
  21.8635383   37.6045767
  21.8639513   37.6045427
  21.8641713   37.6045299
  21.8642949   37.6045168
  21.8645736   37.6044704
  21.864815    37.6044577
  21.8650349   37.6044577
  21.8651744   37.6044534
  21.8652656   37.6044704
  21.8653407   37.6045214
  21.8654375   37.6045805
  21.8655338   37.6046362
  21.8656519   37.6046787
  21.865754    37.6047038
  21.8659147   37.6047042
  21.8660169   37.6046783
  21.8661778   37.6046273
  21.8663655   37.6045976
  21.8665211   37.6045891
  21.8667518   37.6045806
  21.8669234   37.6045678
  21.8670522   37.6045636
  21.8672667   37.6045338
  21.8674169   37.6045126
  21.8675618   37.6044743
  21.8676798   37.6044361
  21.8677549   37.6043978
  21.8678324   37.6043557
  21.8679051   37.6042916
  21.8679587   37.6042193
  21.8680285   37.6041513
  21.8681411   37.6040961
  21.8682752   37.6040451
  21.8683343   37.6040153
  21.8683772   37.6039771
  21.8684094   37.6039303
  21.8684708   37.6038117
  21.8684952   37.6037136
  21.8685006   37.6036073
  21.8685113   37.6034586
  21.8685166   37.6033311
  21.8685166   37.6032206
  21.8685327   37.6031271
  21.8685435   37.6030633
  21.8685917   37.6029571
  21.8686293   37.6028763
  21.868699    37.6027956
  21.8687819   37.6027577
  21.8689082   37.6027403
  21.8690531   37.6027531
  21.8691789   37.602796
  21.8692915   37.6028512
  21.8694608   37.6029528
  21.8698441   37.6032295
  21.870126    37.6034033
  21.8703054   37.6035397
  21.8704264   37.6036583
  21.8705605   37.6037603
  21.8707321   37.6038411
  21.8708448   37.6038878
  21.8710441   37.6039356
  21.8717299   37.6039289
  21.8721848   37.6038192
  21.8727473   37.6036992
  21.8733036   37.6037055
  21.8738152   37.6038448
  21.875061    37.6044786
  21.875603    37.6046648
  21.876479    37.6047256
  21.8771528   37.6046433
  21.8776914   37.6044362
  21.878394    37.6040556
  21.8789137   37.6035419
  21.8792027   37.6029555
  21.8795634   37.6024965
  21.8808955   37.6011716
  21.8813499   37.6008277
  21.8817969   37.6007103
  21.8824179   37.600704
  21.8830025   37.6006631
  21.8834666   37.6005744
  21.8839008   37.6003974
  21.8844044   37.600082
  21.8846611   37.5997085
  21.8847722   37.5992935
  21.8848423   37.598809
  21.8849817   37.5984163
  21.8850218   37.5983596
  21.8852214   37.5980722
  21.8851843   37.5976501
  21.8851697   37.5973225
  21.8852839   37.5969652
  21.8854543   37.5965182
  21.8859268   37.596271
  21.8865056   37.5959883
  21.8877995   37.5951212
  21.887831    37.5946648
  21.8875427   37.5942512
  21.8871759   37.5937705
  21.8870566   37.5932319
  21.887294    37.5927581
  21.8875006   37.5921088
  21.887673    37.5917739
  21.888066    37.5913863
  21.8894076   37.5905094
  21.8911024   37.5896932
  21.8926471   37.5883471
  21.8934085   37.5878926
  21.8939422   37.5878376
  21.8941641   37.5874184
  21.8938702   37.5870727
  21.8933811   37.586624
  21.8932486   37.585778
  21.8926112   37.585228
  21.8919087   37.5849616
  21.8914987   37.5843812
  21.8917002   37.5836013
  21.8925197   37.5836977
  21.8930463   37.5833616
  21.8934528   37.5826663
  21.8941419   37.5822356
  21.8953965   37.5816678
  21.8964821   37.5808122
  21.8966407   37.5800338
  21.8962423   37.5786694
  21.8958276   37.5782329
  21.8960064   37.5779527
  21.8969865   37.5779368
  21.8999341   37.5778021
  21.9007109   37.5783334
  21.9016829   37.5784652
  21.9020007   37.5781875
  21.9022459   37.5776578
  21.9018533   37.57697
  21.9018522   37.5763886
  21.9021203   37.5760294
  21.9029143   37.5755498
  21.9043763   37.574931
  21.9048381   37.5748827
  21.9050986   37.5749127
  21.9053873   37.574992
  21.9054884   37.5749693
  21.9055873   37.5749519
  21.9057062   37.5749369
  21.9058188   37.5749195
  21.9058932   37.5748964
  21.9060809   37.5748175
  21.9061558   37.5747859
  21.9062207   37.5747415
  21.9062712   37.5746878
  21.9063205   37.5746332
  21.9063627   37.5745632
  21.906409    37.5744841
  21.906446    37.5744264
  21.9064701   37.5743608
  21.9064803   37.5742932
  21.9064734   37.5742141
  21.9064731   37.5741312
  21.9064645   37.574067
  21.9064544   37.5740229
  21.9064311   37.573983
  21.9063891   37.5739421
  21.9063309   37.5739061
  21.9060349   37.5736834
  21.9052964   37.573532
  21.9038355   37.5728098
  21.9033804   37.572632
  21.9031239   37.572438
  21.9029915   37.5719419
  21.9026775   37.5713505
  21.9022778   37.5709505
  21.9018628   37.5707209
  21.9011941   37.570773
  21.9009183   37.5706246
  21.9008826   37.5703121
  21.9026271   37.5675034
  21.9042308   37.5662329
  21.9063628   37.5653512
  21.9076656   37.5652417
  21.9083342   37.5654028
  21.9091834   37.5653899
  21.9098041   37.5649287
  21.9104411   37.5645449
  21.9113897   37.5643702
  21.9122444   37.5644661
  21.9132172   37.5640367
  21.9133311   37.5639574
  21.9135028   37.5637916
  21.913653    37.5636475
  21.9137173   37.5635322
  21.9137549   37.5633834
  21.9137549   37.5632307
  21.913712    37.5629369
  21.9136583   37.5626222
  21.9135671   37.5622948
  21.9134598   37.561955
  21.9133901   37.5616527
  21.9133687   37.5614869
  21.913374    37.5613168
  21.9133794   37.5610829
  21.9134116   37.5608192
  21.9134867   37.5605258
  21.9135028   37.5604157
  21.9135028   37.5603221
  21.9134491   37.5602286
  21.9133687   37.5601559
  21.9132345   37.5600708
  21.9131433   37.5599989
  21.9130594   37.5599639
  21.9129878   37.5599266
  21.9127893   37.5598246
  21.912623    37.5596838
  21.9124621   37.5595057
  21.9123226   37.55931
  21.9122314   37.5591527
  21.9121348   37.5589184
  21.9120758   37.5586335
  21.9119793   37.5581491
  21.9119149   37.5577366
  21.911754    37.5571157
  21.911711    37.5569579
  21.9116896   37.5568308
  21.9116789   37.5567411
  21.9116574   37.5565454
  21.9117218   37.5560394
  21.9117271   37.5557885
  21.9117164   37.5556868
  21.9116735   37.5556018
  21.9115394   37.5554653
  21.9114589   37.5552016
  21.9114696   37.5550191
  21.911534    37.554849
  21.9116467   37.5546998
  21.9117969   37.5545679
  21.91199     37.5544361
  21.9121563   37.5543553
  21.9124406   37.554232
  21.9127732   37.5541086
  21.9130253   37.55399
  21.9131648   37.5539092
  21.9132437   37.5538069
  21.9132801   37.5536206
  21.9133488   37.5533999
  21.9134779   37.553122
  21.91361     37.5529199
  21.9138995   37.5528101
  21.9143754   37.5527522
  21.9147555   37.5528269
  21.9158249   37.5530455
  21.9175479   37.5537559
  21.9194173   37.5546793
  21.9199275   37.5549039
  21.9202616   37.5549352
  21.920557    37.5548276
  21.9211959   37.5541893
  21.9227945   37.5531708
  21.9232717   37.5520831
  21.9237333   37.5516588
  21.9241944   37.5515936
  21.9250179   37.5516558
  21.9254898   37.5515755
  21.9264014   37.5511555
  21.9273062   37.5507013
  21.9277589   37.5504621
  21.9282639   37.5500586
  21.9287774   37.5495893
  21.9292755   37.549327
  21.9301305   37.5491048
  21.9305005   37.5489907
  21.9310087   37.5485975
  21.9313557   37.5482679
  21.9316597   37.5481257
  21.9320878   37.5480465
  21.9324686   37.5480591
  21.9331663   37.5481058
  21.9337333   37.5481133
  21.9345351   37.5481131
  21.9353065   37.5481946
  21.9363107   37.5483365
  21.9368398   37.5483751
  21.9372474   37.5483566
  21.9378073   37.5482009
  21.9385512   37.5480326
  21.9389443   37.5479456
  21.9392964   37.547747
  21.9396319   37.5474326
  21.9397267   37.5470959
  21.9396714   37.5466447
  21.9395477   37.5458833
  21.9397545   37.545288
  21.9402485   37.5450151
  21.9408585   37.5448904
  21.9416659   37.5446716
  21.9423386   37.5444544
  21.9425921   37.5444088
  21.9430351   37.5446821
  21.9436569   37.5452287
  21.9440136   37.5455469
  21.9443786   37.5457689
  21.9447227   37.5459477
  21.945084    37.5461469
  21.9454376   37.5463094
  21.9457613   37.5464721
  21.9460121   37.5465426
  21.9462838   37.5465822
  21.9465825   37.5465633
  21.9469024   37.546504
  21.9471321   37.5464094
  21.9473348   37.5462724
  21.9476671   37.5459479
  21.9478639   37.5457432
  21.9480204   37.5455218
  21.948141    37.5452369
  21.9483147   37.5445114
  21.948505    37.5440118
  21.9490458   37.5434894
  21.9492091   37.5433771
  21.949268    37.5432965
  21.9493047   37.5431805
  21.9493323   37.5429894
  21.9493595   37.5426615
  21.9494001   37.5424101
  21.9494573   37.5419314
  21.9494896   37.5416268
  21.9494855   37.5414495
  21.9493762   37.5410427
  21.9493839   37.5409047
  21.9494371   37.5406829
  21.9494448   37.5404695
  21.9494068   37.5402586
  21.9493435   37.5398412
  21.9493432   37.5395637
  21.9493879   37.5392542
  21.9495156   37.538865
  21.9498456   37.5383583
  21.9501551   37.5379214
  21.950402    37.5376773
  21.9505872   37.5375747
  21.9507824   37.537507
  21.951045    37.5374645
  21.9513759   37.5374876
  21.9520833   37.537594
  21.953122    37.5376538
  21.9535144   37.5376714
  21.9539082   37.5375928
  21.9542055   37.5374457
  21.9544129   37.5372458
  21.9544982   37.5369138
  21.9545084   37.5361302
  21.954746    37.535635
  21.9556191   37.5350764
  21.9571533   37.5346595
  21.9577863   37.5344468
  21.9586018   37.5331026
  21.95946     37.53249
  21.9598021   37.5319873
  21.9599911   37.5307221
  21.9600286   37.5295427
  21.9602657   37.5284457
  21.9612196   37.5272488
  21.9621852   37.5257172
  21.9625928   37.5245259
  21.9632473   37.5238452
  21.9644168   37.5234198
  21.9657043   37.5229093
  21.9667771   37.522688
  21.9681504   37.5225519
  21.9690087   37.5225519
  21.970382    37.522688
  21.9712403   37.5225519
  21.9720986   37.5218711
  21.9733002   37.5206458
  21.9738152   37.519965
  21.9748452   37.5191481
  21.9755318   37.5181951
  21.9769299   37.5180384
  21.9777634   37.5171058
  21.9779351   37.5162889
  21.9781364   37.5159393
  21.9787513   37.5157008
  21.9796982   37.5159582
  21.9804662   37.5159778
  21.981058    37.515908
  21.9815185   37.5157307
  21.9819056   37.5153305
  21.9827706   37.5149668
  21.9836465   37.5144643
  21.984682    37.5135307
  21.9853147   37.5128381
  21.9861823   37.5117888
  21.9866247   37.5112051
  21.98689     37.5104398
  21.9873829   37.5098453
  21.9879873   37.5095701
  21.988629    37.5094901
  21.9895856   37.5094576
  21.9903396   37.5092487
  21.9914754   37.5088545
  21.9927431   37.50864
  21.9934423   37.5081945
  21.994766    37.5073778
  21.9952397   37.5065091
  21.996706    37.5044785
  21.9973985   37.5035763
  21.9977729   37.5030884
  21.9985398   37.5011074
  21.9985953   37.5010056
  21.9993968   37.4989185
  21.9970759   37.4986111
  21.9929099   37.4975242
  21.9836132   37.4949213
  21.9826419   37.4945645
  21.9819701   37.494152
  21.9811629   37.4934014
  21.9802141   37.492288
  21.9794934   37.4913722
  21.978932    37.490538
  21.9778182   37.4895839
  21.9769583   37.4890712
  21.9743165   37.4877598
  21.9722039   37.4869011
  21.9677903   37.4843357
  21.9668044   37.4837307
  21.9657381   37.4832639
  21.9644762   37.4837559
  21.9640536   37.4838838
  21.9619779   37.4843031
  21.9593497   37.4846092
  21.9557122   37.4849924
  21.9545354   37.4851162
  21.953406    37.485153
  21.9517682   37.485102
  21.9514316   37.4850714
  21.9508897   37.4849449
  21.947705    37.4840176
  21.946034    37.4834659
  21.9448443   37.4829788
  21.9402609   37.481029
  21.9372985   37.4796232
  21.9340592   37.4778948
  21.9323448   37.4768645
  21.929403    37.4752741
  21.9282134   37.4747553
  21.9265145   37.4741871
  21.9257307   37.4739345
  21.9250251   37.4735616
  21.9240444   37.4729789
  21.9232751   37.4719582
  21.9231713   37.4713684
  21.9230799   37.4704701
  21.9231732   37.4699332
  21.9233461   37.4694586
  21.9237864   37.4688828
  21.925002    37.4680075
  21.9260281   37.4670477
  21.9262834   37.4666466
  21.9264949   37.4658573
  21.9218804   37.4657964
  21.9205099   37.4662162
  21.9196772   37.4665958
  21.91782     37.4676198
  21.9171884   37.4680705
  21.9135271   37.4700178
  21.9127945   37.4702775
  21.9126846   37.4702778
  21.9125336   37.4701557
  21.9119385   37.4692282
  21.9117112   37.4686763
  21.9115353   37.4682433
  21.9112066   37.4658695
  21.9110327   37.4654012
  21.9107097   37.4645315
  21.9097729   37.4632449
  21.9086972   37.4617674
  21.9076038   37.4607365
  21.9057236   37.4584546
  21.9048121   37.4570013
  21.9037639   37.4551147
  21.9032589   37.4537314
  21.9028853   37.4518299
  21.902297    37.4497197
  21.9019286   37.449062
  21.9015276   37.4485728
  21.9011248   37.4482592
  21.9004214   37.4479084
  21.8995857   37.4475538
  21.8995585   37.4475419
  21.8965395   37.4465419
  21.8961521   37.4464742
  21.8957571   37.4464649
  21.8948789   37.4466318
  21.8938931   37.4470716
  21.8931476   37.4476193
  21.8924217   37.4482462
  21.8910783   37.4495177
  21.8877621   37.4528695
  21.8868476   37.4538963
  21.8861342   37.4548341
  21.8861154   37.4548588
  21.8861139   37.454826
  21.8860836   37.4541417
  21.8856434   37.4479854
  21.8854273   37.4466905
  21.885307    37.4461589
  21.8846983   37.4445168
  21.8837403   37.4426579
  21.8834126   37.4420222
  21.8851323   37.4417624
  21.8877592   37.4411447
  21.8885144   37.4408248
  21.8887114   37.4406684
  21.8888389   37.4404926
  21.8888593   37.4402812
  21.8886011   37.4400671
  21.8880411   37.439798
  21.8867681   37.4393088
  21.8865041   37.4391396
  21.8862708   37.4388313
  21.8863095   37.4382485
  21.8866593   37.4368353
  21.8871696   37.4350803
  21.8877402   37.4336644
  21.8879871   37.4332114
  21.8897631   37.4306499
  21.890501    37.4293856
  21.8920403   37.4265655
  21.8927891   37.4252042
  21.8929044   37.4248548
  21.8929975   37.4240927
  21.8930143   37.4231017
  21.8929205   37.4224309
  21.8927518   37.4218601
  21.8919814   37.420267
  21.8918873   37.419684
  21.8919868   37.4184263
  21.8921034   37.4179846
  21.8930701   37.4154942
  21.8933969   37.4146799
  21.8939621   37.4137482
  21.8942146   37.4135049
  21.8945749   37.4132882
  21.8962471   37.4127435
  21.8969581   37.4125962
  21.8977374   37.4124929
  21.8982748   37.4123515
  21.8985711   37.4122238
  21.8989161   37.4119912
  21.899393    37.4113778
  21.8996907   37.4108423
  21.9005905   37.4082448
  21.9010428   37.4073832
  21.901629    37.404949
  21.9015738   37.404547
  21.9002402   37.4030633
  21.8996903   37.4025511
  21.8990907   37.402216
  21.8980884   37.4018017
  21.8946446   37.4026506
  21.8941563   37.403257
  21.8934905   37.4039256
  21.8929613   37.4041797
  21.8924039   37.4042419
  21.8917908   37.4041746
  21.8900892   37.4036937
  21.8888607   37.40314
  21.8877145   37.4024819
  21.8870466   37.4022424
  21.885453    37.4019436
  21.8819349   37.4019301
  21.8808749   37.4018007
  21.8768349   37.4011898
  21.8762966   37.4010607
  21.8756702   37.4007543
  21.8746351   37.4001296
  21.8726092   37.3988315
  21.8694221   37.3969919
  21.8684473   37.3965395
  21.8661572   37.3958515
  21.8639106   37.3952229
  21.8638664   37.3952125
  21.8588628   37.3942957
  21.8583021   37.3942518
  21.8567791   37.3943743
  21.8566718   37.3943822
  21.8557712   37.3943388
  21.8505596   37.3918987
  21.8495495   37.391294
  21.8484252   37.3913417
  21.8478623   37.3913743
  21.8476525   37.3914415
  21.8470123   37.3916462
  21.8444639   37.3924614
  21.8435093   37.3926533
  21.84326     37.392703
  21.8426448   37.3926422
  21.8411891   37.3920502
  21.8408068   37.3919688
  21.8401879   37.391935
  21.8398006   37.392
  21.8379399   37.3921966
  21.8365666   37.3926058
  21.8353856   37.3930877
  21.8347927   37.3928948
  21.8340399   37.3929513
  21.8327764   37.3932573
  21.8318495   37.393432
  21.8309633   37.3933495
  21.8307643   37.3936459
  21.8302565   37.3936253
  21.8290891   37.3940629
  21.8279356   37.3938962
  21.827132    37.3934616
  21.8264724   37.3928453
  21.8261134   37.3926228
  21.8257906   37.3924435
  21.8252961   37.3923125
  21.8247565   37.3923287
  21.824463    37.3923807
  21.8243637   37.3926372
  21.8243276   37.3929134
  21.8241334   37.3931861
  21.8239212   37.3933063
  21.8235786   37.3933419
  21.8231129   37.3931861
  21.8227607   37.3931646
  21.8225079   37.3932112
  21.8224645   37.3934613
  21.8222369   37.3937637
  21.8218938   37.3942085
  21.8216725   37.394621
  21.8215641   37.3952811
  21.8213555   37.395709
  21.8206952   37.3960219
  21.8204256   37.3962512
  21.8201691   37.3966779
  21.820012    37.3967667
  21.8198187   37.3966783
  21.8194007   37.3964071
  21.8190436   37.3962195
  21.8186331   37.3959519
  21.8182327   37.3955986
  21.8176702   37.3952018
  21.8171411   37.3949724
  21.8170092   37.3948149
  21.8164401   37.3940716
  21.8159853   37.3935757
  21.8152776   37.3932755
  21.8146108   37.3930845
  21.8140063   37.3928684
  21.8136495   37.3924905
  21.8129887   37.391945
  21.8120877   37.3920223
  21.8111947   37.3917458
  21.8110233   37.390948
  21.8105507   37.390536
  21.8099108   37.3907728
  21.8091623   37.3914341
  21.8085101   37.3912376
  21.8076724   37.391008
  21.8065601   37.3917244
  21.8058714   37.3924201
  21.8050562   37.3929581
  21.804316    37.3927383
  21.803479    37.392511
  21.8027495   37.3927989
  21.8021147   37.3929345
  21.8006363   37.3928578
  21.8000703   37.3928823
  21.8000001   37.3932463
  21.7998005   37.393388
  21.7993585   37.3933944
  21.7989688   37.3933311
  21.7981743   37.3933667
  21.7981601   37.3935191
  21.7982379   37.3936203
  21.7982376   37.39386
  21.7979825   37.3940004
  21.7979836   37.3942954
  21.7978251   37.3946357
  21.7977714   37.3951166
  21.7976695   37.3954103
  21.7974117   37.3956954
  21.7970985   37.3954405
  21.7967702   37.3951462
  21.7966084   37.3950035
  21.7962892   37.3944313
  21.7959735   37.3943648
  21.7953264   37.3938695
  21.7945238   37.3933352
  21.7941502   37.3931233
  21.7938224   37.3930771
  21.7934748   37.3931425
  21.7932294   37.3933507
  21.7931685   37.3943489
  21.7928783   37.394963
  21.792492    37.3957105
  21.7923579   37.3965356
  21.7920216   37.3970197
  21.790644    37.3975188
  21.7902578   37.3973833
  21.789305    37.3974063
  21.7888635   37.3971365
  21.7882134   37.3969434
  21.7876603   37.3970602
  21.7873127   37.3973854
  21.7872708   37.3976765
  21.7870391   37.3980366
  21.7864989   37.3981516
  21.7857678   37.397901
  21.7853879   37.397662
  21.7844479   37.3975762
  21.783776    37.3978563
  21.7831928   37.3979965
  21.7828228   37.3979872
  21.7824005   37.3977904
  21.7818973   37.397324
  21.7811424   37.3970707
  21.7804133   37.3969229
  21.7799827   37.3969875
  21.7794998   37.3972887
  21.7790676   37.3974706
  21.7788128   37.3975043
  21.77819     37.3972801
  21.7773634   37.3970447
  21.7766764   37.397138
  21.7762543   37.3970693
  21.7758762   37.3968684
  21.7754199   37.3967489
  21.7750523   37.3968306
  21.7744232   37.396938
  21.7738228   37.3968425
  21.7734859   37.396597
  21.7731541   37.3960944
  21.7727341   37.3959534
  21.7723269   37.3959003
  21.7719901   37.3960121
  21.7717353   37.3963086
  21.7714911   37.39653
  21.7712209   37.3967384
  21.770769    37.3968254
  21.7703492   37.3967403
  21.7698745   37.39682
  21.7689485   37.3969824
  21.7675428   37.3965925
  21.7660086   37.3969036
  21.7642813   37.3970017
  21.7633408   37.3971823
  21.7623368   37.3977186
  21.7614792   37.3974011
  21.7603107   37.3972265
  21.7590454   37.3969761
  21.7577929   37.3966547
  21.7557539   37.3965494
  21.7550089   37.3961613
  21.7541583   37.3961195
  21.7532246   37.3953384
  21.7517931   37.3947544
  21.7508626   37.3946359
  21.7505802   37.394489
  21.749584    37.3947131
  21.7478599   37.3944438
  21.7471178   37.3941256
  21.7459419   37.3932788
  21.7451975   37.3931243
  21.7438331   37.3934365
  21.742931    37.3936198
  21.7417555   37.3942047
  21.7413401   37.3943012
  21.7408768   37.3941258
  21.7399437   37.3943577
  21.7393064   37.3943393
  21.7385437   37.3941884
  21.7379912   37.394288
  21.7377146   37.3943786
  21.7374072   37.3942573
  21.7370351   37.3938179
  21.7366308   37.393566
  21.73644     37.3935242
  21.7359632   37.3937296
  21.7351939   37.3939498
  21.732392    37.3949503
  21.7311155   37.3952507
  21.73062     37.3953717
  21.7301459   37.3952797
  21.729301    37.3951554
  21.728551    37.3948546
  21.7279496   37.3944326
  21.7271469   37.3940933
  21.726269    37.3941505
  21.7254875   37.394138
  21.7240749   37.3938862
  21.7233091   37.3936408
  21.7229676   37.393225
  21.7226373   37.393004
  21.7215857   37.3927824
  21.7210683   37.3928237
  21.7197244   37.3933109
  21.7188304   37.3937349
  21.7182004   37.3937532
  21.7166499   37.3933617
  21.7160037   37.3934043
  21.7153983   37.3935194
  21.7150569   37.3937589
  21.7145977   37.3941194
  21.7137423   37.39437
  21.7130205   37.3943851
  21.7125093   37.3942485
  21.7111884   37.3942074
  21.7102167   37.3941015
  21.7086462   37.3946006
  21.7069418   37.3947781
  21.7061391   37.3947069
  21.7041963   37.3944377
  21.703309    37.3941023
  21.7018014   37.3921242
  21.7012469   37.3913861
  21.7009768   37.3905541
  21.7004567   37.3900977
  21.6999909   37.3894648
  21.6990362   37.3892517
  21.697298    37.3887805
  21.6970738   37.3886173
  21.6969866   37.3884262
  21.6965828   37.3882413
  21.6960651   37.3882759
  21.6955536   37.3881347
  21.6952899   37.3879716
  21.6946641   37.3877935
  21.6944026   37.3876377
  21.6941598   37.3873186
  21.6938982   37.3871331
  21.693335    37.3869409
  21.6931651   37.3868539
  21.6930042   37.3867303
  21.6928754   37.3866024
  21.6927628   37.3864532
  21.6926877   37.3863041
  21.6926233   37.3860867
  21.6925643   37.3859204
  21.6924409   37.38575
  21.6923283   37.3856221
  21.6922264   37.385524
  21.6921081   37.3854439
  21.6918881   37.3852351
  21.6917916   37.3851711
  21.6916467   37.3851072
  21.6915287   37.3850987
  21.6913946   37.3851242
  21.6912498   37.3851114
  21.6911156   37.3850646
  21.6909762   37.3849921
  21.6908689   37.3849154
  21.6907723   37.3848259
  21.6907082   37.3847611
  21.6906385   37.3847184
  21.6905095   37.3846724
  21.6904346   37.384646
  21.6903703   37.3845906
  21.6902898   37.3845309
  21.6902091   37.3844977
  21.6899945   37.3844252
  21.6898767   37.3843817
  21.6896353   37.3843519
  21.6895227   37.3843391
  21.6893993   37.3843007
  21.689292    37.3842581
  21.6891791   37.3842291
  21.6891303   37.3842271
  21.689056    37.384224
  21.6887985   37.3841984
  21.6885464   37.3841388
  21.6882942   37.3840748
  21.6882242   37.3840586
  21.6881384   37.3840629
  21.6880526   37.3840629
  21.6879241   37.3840663
  21.6877846   37.3840706
  21.6876505   37.3840578
  21.6875378   37.3840365
  21.6874413   37.3839896
  21.6873876   37.3839342
  21.6873125   37.3838105
  21.6872535   37.3836741
  21.6871623   37.3835377
  21.6870336   37.3833672
  21.6868244   37.3830646
  21.686642    37.3828216
  21.6864701   37.3826136
  21.6864111   37.3825071
  21.6863201   37.3823016
  21.6862069   37.3820253
  21.6861479   37.3818676
  21.6861227   37.3817436
  21.6860996   37.3816673
  21.6860621   37.3815522
  21.6860299   37.3814584
  21.685994    37.3813898
  21.6859725   37.3813173
  21.6859655   37.3812495
  21.6859548   37.3811728
  21.6859548   37.381079
  21.6859548   37.3809682
  21.6859548   37.3808702
  21.6859494   37.3807892
  21.6859387   37.3807252
  21.6859065   37.3806442
  21.6858529   37.3805291
  21.6857885   37.3804098
  21.6857509   37.3802862
  21.6857204   37.380111
  21.6856775   37.3799362
  21.6856115   37.3797064
  21.6855256   37.3794933
  21.6854291   37.3792716
  21.6853111   37.3788923
  21.6852921   37.3786151
  21.6852692   37.3784608
  21.6850858   37.3781249
  21.6849999   37.3778692
  21.6849785   37.3777328
  21.6849785   37.3776432
  21.6849999   37.3775409
  21.685016    37.3774429
  21.6850268   37.3773662
  21.6850482   37.377234
  21.6850589   37.3770209
  21.6850643   37.3768887
  21.6850804   37.3767438
  21.6850643   37.3766031
  21.6850321   37.3765093
  21.6849785   37.3764028
  21.6848782   37.376283
  21.6847961   37.3762365
  21.6847065   37.3761892
  21.6846137   37.3761171
  21.6845563   37.376057
  21.6844973   37.3759846
  21.6844367   37.3759168
  21.684383    37.37584
  21.6843347   37.3757463
  21.6842881   37.3756819
  21.6841684   37.3755928
  21.6835194   37.3752091
  21.683419    37.3751661
  21.6833048   37.3751367
  21.6832029   37.3751239
  21.6830918   37.3751277
  21.6830151   37.3751537
  21.6829148   37.3751916
  21.682829    37.3752471
  21.6827378   37.3753153
  21.6826358   37.375392
  21.6825661   37.3754389
  21.6825124   37.3754602
  21.6824534   37.3754602
  21.6824213   37.3754538
  21.6823856   37.3754236
  21.6823606   37.3753626
  21.6823553   37.375256
  21.6823553   37.375175
  21.6823553   37.375094
  21.6823553   37.375013
  21.6823553   37.3749619
  21.6823714   37.3748681
  21.6824089   37.3748041
  21.6824626   37.3747189
  21.6824733   37.3746763
  21.682476    37.374627
  21.6824218   37.3745799
  21.6009326   37.3724614
  21.5513056   37.3699896
  21.419869    37.3571788
END
END
