polygon
1
  24.8994805   39.5830825
  24.8997641   39.5836966
  24.9003108   39.5848244
  24.9008804   39.5859454
  24.9014726   39.5870593
  24.9020874   39.588166
  24.9027246   39.5892651
  24.903384    39.5903564
  24.9040655   39.5914396
  24.9047689   39.5925144
  24.9054941   39.5935805
  24.9062408   39.5946378
  24.9070089   39.5956859
  24.9077982   39.5967247
  24.9086085   39.5977537
  24.9094396   39.5987729
  24.9102912   39.5997819
  24.9111633   39.6007804
  24.9120555   39.6017684
  24.9129677   39.6027454
  24.9138997   39.6037113
  24.9148511   39.6046659
  24.9158218   39.6056088
  24.9168115   39.6065399
  24.9178201   39.607459
  24.9188471   39.6083657
  24.9198925   39.60926
  24.9206941   39.6099245
  24.9209383   39.6101991
  24.9218609   39.611202
  24.9228042   39.6121933
  24.923768    39.6131729
  24.924752    39.6141405
  24.9257559   39.6150959
  24.9267796   39.6160387
  24.9278226   39.6169688
  24.9288849   39.617886
  24.929966    39.6187899
  24.9310657   39.6196804
  24.9321838   39.6205572
  24.9322374   39.6205986
  24.9333725   39.6214608
  24.9345254   39.6223089
  24.9356957   39.6231427
  24.9368832   39.623962
  24.9380875   39.6247666
  24.9393083   39.6255562
  24.9405453   39.6263308
  24.9417983   39.62709
  24.9430668   39.6278337
  24.9443506   39.6285616
  24.9456493   39.6292737
  24.9469626   39.6299698
  24.9482902   39.6306495
  24.9496317   39.6313129
  24.9509867   39.6319596
  24.9523551   39.6325897
  24.9537363   39.6332027
  24.95513     39.6337988
  24.9565359   39.6343776
  24.9579537   39.634939
  24.9593829   39.6354829
  24.9608232   39.6360092
  24.9622743   39.6365176
  24.9637357   39.6370082
  24.9652071   39.6374807
  24.966688    39.6379351
  24.9681783   39.6383712
  24.9682507   39.6383918
  24.9697336   39.6388051
  24.9712248   39.6392004
  24.9727239   39.6395774
  24.9742306   39.6399361
  24.9757444   39.6402765
  24.9772651   39.6405984
  24.9787921   39.6409017
  24.9803252   39.6411864
  24.981864    39.6414525
  24.983408    39.6416998
  24.9849568   39.6419283
  24.9865102   39.6421379
  24.9880677   39.6423286
  24.9896289   39.6425003
  24.9911934   39.642653
  24.9927609   39.6427866
  24.9943309   39.6429012
  24.9959031   39.6429966
  24.997477    39.6430729
  24.9990523   39.6431301
  25.0006286   39.6431681
  25.0022054   39.6431869
  25.0037825   39.6431865
  25.0053593   39.6431669
  25.0069356   39.6431282
  25.0085108   39.6430702
  25.0100847   39.6429932
  25.0116568   39.6428969
  25.0132267   39.6427816
  25.0133045   39.6427754
  25.0148582   39.6426423
  25.016409    39.6424904
  25.0179566   39.6423198
  25.0195005   39.6421306
  25.0210403   39.6419228
  25.0225757   39.6416965
  25.0241064   39.6414516
  25.0256318   39.6411884
  25.0271518   39.6409067
  25.0286658   39.6406068
  25.0301735   39.6402887
  25.0316746   39.6399524
  25.0331686   39.639598
  25.0346553   39.6392257
  25.0361342   39.6388355
  25.037605    39.6384275
  25.0390673   39.6380018
  25.0405208   39.6375585
  25.0419651   39.6370977
  25.0433998   39.6366196
  25.0448246   39.6361242
  25.0462392   39.6356117
  25.0476432   39.6350822
  25.0490363   39.6345358
  25.050418    39.6339727
  25.0517882   39.633393
  25.0531464   39.6327968
  25.0544923   39.6321843
  25.0558256   39.6315556
  25.0571459   39.630911
  25.058453    39.6302505
  25.0585496   39.6302008
  25.0598761   39.629507
  25.0611879   39.6287969
  25.0624848   39.6280707
  25.0637663   39.6273285
  25.0650322   39.6265706
  25.0662822   39.625797
  25.0675158   39.6250081
  25.0687329   39.624204
  25.069933    39.623385
  25.0711158   39.6225512
  25.0722812   39.6217029
  25.0734287   39.6208402
  25.074558    39.6199635
  25.075669    39.6190729
  25.0767612   39.6181686
  25.076965    39.6179971
  25.0780114   39.6171027
  25.0782272   39.6169124
  25.0795737   39.616746
  25.0811267   39.6165347
  25.0826751   39.6163044
  25.0842186   39.6160554
  25.0857569   39.6157876
  25.0872894   39.6155011
  25.0888159   39.615196
  25.090336    39.6148724
  25.0918492   39.6145303
  25.0933552   39.6141698
  25.0948536   39.6137911
  25.0963441   39.6133941
  25.0978262   39.6129791
  25.0978732   39.6129656
  25.0993308   39.6125374
  25.1007794   39.6120916
  25.1022188   39.6116285
  25.1036487   39.6111481
  25.1050687   39.6106506
  25.1064783   39.610136
  25.1078774   39.6096045
  25.1092655   39.6090562
  25.1106424   39.6084913
  25.1120076   39.6079098
  25.1133608   39.607312
  25.1147017   39.606698
  25.1160301   39.6060678
  25.1173455   39.6054218
  25.1186476   39.60476
  25.1199361   39.6040826
  25.1212108   39.6033898
  25.1224712   39.6026816
  25.1237171   39.6019584
  25.1249482   39.6012203
  25.1261642   39.6004674
  25.1273648   39.5997
  25.1285496   39.5989182
  25.1297185   39.5981222
  25.1308711   39.5973123
  25.1320071   39.5964885
  25.1331262   39.5956512
  25.1342282   39.5948004
  25.1353129   39.5939365
  25.1363799   39.5930597
  25.137429    39.59217
  25.1374638   39.5921401
  25.1385077   39.5912264
  25.1395326   39.5903001
  25.1405385   39.5893614
  25.1415249   39.5884105
  25.1424916   39.5874478
  25.1434385   39.5864733
  25.1443653   39.5854874
  25.1452717   39.5844903
  25.1461575   39.5834822
  25.1470225   39.5824635
  25.1478664   39.5814343
  25.1486892   39.580395
  25.1494905   39.5793457
  25.1502701   39.5782868
  25.1510279   39.5772184
  25.1517637   39.576141
  25.1524773   39.5750547
  25.1531684   39.5739598
  25.153837    39.5728566
  25.1544829   39.5717454
  25.1551059   39.5706264
  25.1557058   39.5694999
  25.1562825   39.5683662
  25.1568359   39.5672256
  25.1573658   39.5660784
  25.1578721   39.5649249
  25.1583546   39.5637653
  25.1588133   39.5625999
  25.159248    39.5614291
  25.1596586   39.5602531
  25.160045    39.5590722
  25.1604072   39.5578867
  25.1607449   39.556697
  25.1610582   39.5555032
  25.161347    39.5543058
  25.1616111   39.5531049
  25.1616178   39.5530729
  25.1618393   39.5519636
  25.1620399   39.5508519
  25.1622194   39.5497381
  25.1623778   39.5486224
  25.1624853   39.5477471
  25.1625309   39.5474126
  25.1626705   39.5462042
  25.1627853   39.5449942
  25.1628755   39.543783
  25.1629408   39.5425708
  25.1629814   39.5413579
  25.1629972   39.5401447
  25.1629881   39.5389314
  25.1629543   39.5377184
  25.1628957   39.5365059
  25.1628124   39.5352942
  25.162807    39.5352259
  25.1627024   39.5340512
  25.1625745   39.5328777
  25.1624234   39.5317059
  25.1622491   39.530536
  25.1620516   39.5293683
  25.1618309   39.528203
  25.1615872   39.5270405
  25.1613204   39.5258809
  25.1610307   39.5247246
  25.1607181   39.5235719
  25.1603827   39.5224229
  25.1600245   39.521278
  25.1596437   39.5201375
  25.1592403   39.5190015
  25.1588144   39.5178704
  25.1583661   39.5167445
  25.1578956   39.515624
  25.1575443   39.5148087
  25.1570268   39.5136392
  25.1564851   39.5124762
  25.1559192   39.5113201
  25.1553294   39.5101711
  25.1547158   39.5090295
  25.1540785   39.5078956
  25.1534176   39.5067698
  25.1527335   39.5056523
  25.1521217   39.5046931
  25.1519638   39.5041084
  25.1516223   39.5029361
  25.1512572   39.501768
  25.1508685   39.5006044
  25.1504563   39.4994456
  25.1500208   39.4982919
  25.149562    39.4971436
  25.14908     39.4960009
  25.148575    39.4948642
  25.148047    39.4937336
  25.1474963   39.4926095
  25.1469229   39.4914922
  25.146327    39.4903818
  25.1457087   39.4892788
  25.1450682   39.4881833
  25.1444056   39.4870957
  25.1437212   39.4860162
  25.143015    39.484945
  25.1422872   39.4838824
  25.141538    39.4828287
  25.1407676   39.4817841
  25.1399762   39.4807489
  25.139164    39.4797234
  25.1383312   39.4787078
  25.1374779   39.4777022
  25.1366044   39.4767071
  25.1357109   39.4757226
  25.1347976   39.474749
  25.1338648   39.4737864
  25.1329126   39.4728352
  25.1319413   39.4718956
  25.1309511   39.4709678
  25.1299423   39.470052
  25.1289151   39.4691484
  25.1278698   39.4682573
  25.1268066   39.4673789
  25.1257258   39.4665134
  25.1246276   39.465661
  25.1235123   39.464822
  25.1223802   39.4639964
  25.1223427   39.4639695
  25.1211834   39.4631503
  25.1200076   39.4623452
  25.1188155   39.4615545
  25.1181958   39.4611565
  25.1175021   39.4606027
  25.1163957   39.4597467
  25.1152721   39.4589041
  25.1141314   39.4580753
  25.1129741   39.4572604
  25.1118003   39.4564596
  25.1106156   39.4556766
  25.1103616   39.4553738
  25.109492    39.4543715
  25.1086021   39.4533799
  25.1078409   39.4525594
  25.1078046   39.4525168
  25.1070007   39.4516026
  25.1062613   39.4507746
  25.1053549   39.4497766
  25.1044283   39.4487897
  25.1034815   39.4478143
  25.1025148   39.4468505
  25.1015286   39.4458987
  25.100523    39.444959
  25.0996703   39.4441875
  25.0994226   39.443955
  25.0983855   39.443013
  25.0973288   39.4420839
  25.0962531   39.441168
  25.0951584   39.4402655
  25.0940452   39.4393767
  25.0929136   39.4385018
  25.091764    39.437641
  25.0905966   39.4367946
  25.0894119   39.4359627
  25.08821     39.4351456
  25.0881711   39.4351196
  25.0869746   39.4343319
  25.0857622   39.4335588
  25.0845343   39.4328006
  25.083291    39.4320574
  25.0820327   39.4313294
  25.0807597   39.4306167
  25.0794723   39.4299197
  25.0781709   39.4292384
  25.0768558   39.428573
  25.0767753   39.4285337
  25.0764413   39.4280452
  25.0757119   39.4270166
  25.0749623   39.4259967
  25.0741927   39.4249858
  25.0734033   39.423984
  25.0725942   39.4229915
  25.0717657   39.4220087
  25.0717415   39.4219808
  25.0712181   39.4213262
  25.0703643   39.4202954
  25.0694895   39.4192751
  25.0685939   39.4182657
  25.0676776   39.4172674
  25.0667409   39.4162804
  25.0657841   39.415305
  25.0648074   39.4143415
  25.0638109   39.41339
  25.0627951   39.4124509
  25.0617601   39.4115243
  25.0607062   39.4106105
  25.0596337   39.4097098
  25.0585428   39.4088223
  25.0574338   39.4079482
  25.056307    39.4070879
  25.0551627   39.4062415
  25.0540011   39.4054092
  25.0528226   39.4045912
  25.0516274   39.4037878
  25.0504159   39.4029992
  25.0491883   39.4022255
  25.0487456   39.4019509
  25.0475254   39.4012062
  25.0462902   39.4004762
  25.0450406   39.3997612
  25.0437766   39.3990613
  25.0424987   39.3983767
  25.0412071   39.3977076
  25.0399023   39.397054
  25.0385844   39.3964163
  25.0372538   39.3957945
  25.0359108   39.3951888
  25.0345558   39.3945993
  25.0331891   39.3940262
  25.031811    39.3934696
  25.0304218   39.3929296
  25.0290219   39.3924065
  25.0276116   39.3919002
  25.0261914   39.391411
  25.0247614   39.390939
  25.0233221   39.3904842
  25.0218737   39.3900468
  25.0204168   39.3896269
  25.0189515   39.3892246
  25.0174784   39.3888399
  25.0159976   39.3884731
  25.0145097   39.3881241
  25.0143266   39.3880823
  25.0128417   39.3877534
  25.0113505   39.3874423
  25.0098532   39.3871491
  25.0083503   39.3868738
  25.006842    39.3866165
  25.0053287   39.3863773
  25.0038108   39.3861562
  25.0022887   39.3859533
  25.0007627   39.3857686
  24.9992331   39.3856022
  24.9977005   39.3854541
  24.996165    39.3853244
  24.9946271   39.385213
  24.9930872   39.38512
  24.9915456   39.3850455
  24.9900027   39.3849894
  24.9884589   39.3849518
  24.9869145   39.3849326
  24.9853699   39.3849319
  24.9838255   39.3849497
  24.9822816   39.3849859
  24.9807386   39.3850406
  24.9791969   39.3851138
  24.9776568   39.3852053
  24.9761188   39.3853153
  24.9745831   39.3854437
  24.9730502   39.3855904
  24.9715205   39.3857554
  24.9699942   39.3859387
  24.9684718   39.3861403
  24.9669535   39.38636
  24.9654399   39.3865978
  24.9639312   39.3868537
  24.9637673   39.3868826
  24.9622579   39.3871576
  24.9607542   39.3874508
  24.9592567   39.3877619
  24.9577655   39.388091
  24.9562811   39.388438
  24.9548039   39.3888027
  24.9533342   39.3891852
  24.9518724   39.3895852
  24.9504187   39.3900028
  24.9489737   39.3904377
  24.9475376   39.3908899
  24.9461107   39.3913593
  24.9446934   39.3918458
  24.9432861   39.3923492
  24.9418891   39.3928695
  24.9405027   39.3934065
  24.9391273   39.39396
  24.9377631   39.39453
  24.9364106   39.3951163
  24.93507     39.3957188
  24.9337417   39.3963372
  24.932426    39.3969716
  24.9311232   39.3976216
  24.9298337   39.3982872
  24.9285576   39.3989682
  24.9272954   39.3996645
  24.9260474   39.4003758
  24.9248138   39.4011019
  24.923595    39.4018428
  24.9223912   39.4025983
  24.9220405   39.4028218
  24.9208324   39.4036045
  24.9196404   39.4044019
  24.9184649   39.4052137
  24.9173061   39.4060397
  24.9161644   39.4068797
  24.9150399   39.4077336
  24.9139331   39.408601
  24.9128441   39.4094819
  24.9117733   39.4103759
  24.9107209   39.4112829
  24.9096871   39.4122025
  24.9086723   39.4131347
  24.9076767   39.4140791
  24.9067005   39.4150356
  24.9057439   39.4160038
  24.9048073   39.4169835
  24.9042497   39.4175865
  24.9038539   39.4179487
  24.9028376   39.4189098
  24.9018414   39.4198834
  24.9016566   39.420067
  24.9007064   39.4210266
  24.8997758   39.4219975
  24.898865    39.4229795
  24.8979743   39.4239724
  24.8971037   39.424976
  24.8962537   39.42599
  24.8954243   39.4270141
  24.8946158   39.4280481
  24.8938283   39.4290917
  24.8930622   39.4301448
  24.8923174   39.4312069
  24.8915943   39.4322779
  24.8908931   39.4333576
  24.8902138   39.4344455
  24.8895566   39.4355415
  24.8889218   39.4366454
  24.8883094   39.4377567
  24.8877197   39.4388753
  24.8871527   39.4400009
  24.8866086   39.4411332
  24.8860876   39.4422719
  24.8855897   39.4434168
  24.8851151   39.4445675
  24.8846639   39.4457238
  24.8842362   39.4468855
  24.8838322   39.4480521
  24.8834518   39.4492234
  24.8833498   39.4495597
  24.8833108   39.4496458
  24.882823    39.450776
  24.8823579   39.4519119
  24.8819155   39.4530533
  24.8814961   39.4541997
  24.8813102   39.4547232
  24.880899    39.4555422
  24.8803622   39.4566624
  24.879848    39.4577889
  24.8793565   39.4589214
  24.8788877   39.4600596
  24.8786007   39.4607756
  24.8782645   39.461632
  24.878099    39.4620626
  24.8776583   39.4632435
  24.877242    39.4644297
  24.8768503   39.4656208
  24.8764832   39.4668166
  24.8761409   39.4680168
  24.8758234   39.469221
  24.8755308   39.4704289
  24.8752633   39.4716402
  24.8750207   39.4728547
  24.8748033   39.474072
  24.8746111   39.4752918
  24.8745332   39.4758617
  24.8744403   39.4761419
  24.8740782   39.4773088
  24.8737397   39.4784799
  24.8734249   39.4796549
  24.8731338   39.4808336
  24.8728665   39.4820155
  24.8726231   39.4832005
  24.8724037   39.4843883
  24.8722082   39.4855786
  24.8720368   39.486771
  24.8718895   39.4879653
  24.8717663   39.4891613
  24.8716672   39.4903585
  24.8715923   39.4915568
  24.8715416   39.4927558
  24.8715151   39.4939552
  24.8715142   39.4944336
  24.8715038   39.4944988
  24.8713357   39.495714
  24.8711927   39.4969311
  24.8710746   39.4981497
  24.8709817   39.4993697
  24.8709138   39.5005906
  24.870871    39.5018121
  24.8708534   39.5030341
  24.8708609   39.504256
  24.8708935   39.5054777
  24.8709513   39.5066988
  24.8709689   39.5069591
  24.8709674   39.5070085
  24.8709535   39.5082098
  24.8709639   39.5094111
  24.8709985   39.5106121
  24.8710575   39.5118126
  24.8711407   39.5130121
  24.8712482   39.5142105
  24.8713619   39.5153493
  24.8714931   39.5165424
  24.8715331   39.5168493
  24.8715372   39.5170658
  24.8715855   39.518286
  24.8716588   39.5195054
  24.8717571   39.5207237
  24.8718805   39.5219407
  24.8720289   39.523156
  24.8722022   39.5243693
  24.8724005   39.5255804
  24.8726236   39.5267888
  24.8728715   39.5279943
  24.8731442   39.5291966
  24.8734416   39.5303954
  24.8737635   39.5315904
  24.87411     39.5327813
  24.8744809   39.5339678
  24.8748761   39.5351496
  24.8752956   39.5363264
  24.8754931   39.5368638
  24.8756881   39.5373786
  24.8757591   39.5376272
  24.8761226   39.538811
  24.8765103   39.5399902
  24.8769221   39.5411645
  24.8770787   39.5415844
  24.8772101   39.5421402
  24.8775151   39.5433245
  24.8778442   39.5445049
  24.8781973   39.5456812
  24.8785743   39.5468531
  24.878975    39.5480203
  24.8793994   39.5491824
  24.8798292   39.5502921
  24.8799933   39.5508737
  24.880345    39.552034
  24.8807201   39.55319
  24.8811183   39.5543414
  24.8816741   39.5558998
  24.8821007   39.5570605
  24.8825509   39.5582158
  24.8830245   39.5593655
  24.8835215   39.5605093
  24.8840416   39.5616469
  24.8845848   39.5627781
  24.8851509   39.5639026
  24.8857399   39.5650201
  24.8863514   39.5661303
  24.8869855   39.567233
  24.8876419   39.5683279
  24.8883205   39.5694147
  24.8890211   39.5704931
  24.8897435   39.5715629
  24.8904877   39.5726239
  24.8912533   39.5736757
  24.8920401   39.5747181
  24.8928481   39.5757508
  24.893677    39.5767737
  24.8945266   39.5777864
  24.8953967   39.5787887
  24.8962871   39.5797803
  24.8971975   39.5807611
  24.8981277   39.5817307
  24.8990776   39.582689
  24.8994805   39.5830825
END
2
  25.0509952   40.071307
  25.0511911   40.0715021
  25.0521643   40.0724406
  25.0531566   40.0733674
  25.0541678   40.0742821
  25.0551977   40.0751846
  25.0562459   40.0760746
  25.0573122   40.0769519
  25.0583964   40.0778162
  25.0594982   40.0786675
  25.0606172   40.0795054
  25.0617534   40.0803297
  25.0629062   40.0811403
  25.0640756   40.081937
  25.0652611   40.0827195
  25.0664626   40.0834877
  25.0676796   40.0842414
  25.0689119   40.0849804
  25.0701593   40.0857044
  25.0714213   40.0864134
  25.0726977   40.0871072
  25.0739882   40.0877856
  25.0752924   40.0884484
  25.07661     40.0890954
  25.0779408   40.0897266
  25.0792843   40.0903417
  25.0806403   40.0909406
  25.0820084   40.0915231
  25.0833882   40.0920892
  25.0841498   40.0923899
  25.0842791   40.0924445
  25.0856466   40.0930012
  25.0870253   40.0935416
  25.0884148   40.0940655
  25.0898147   40.0945729
  25.0912248   40.0950636
  25.0926446   40.0955375
  25.0940739   40.0959945
  25.0955123   40.0964344
  25.0967204   40.0967957
  25.0981945   40.0972262
  25.0996773   40.0976388
  25.1011684   40.0980334
  25.1026675   40.09841
  25.1041741   40.0987684
  25.105688    40.0991085
  25.1072088   40.0994303
  25.108736    40.0997336
  25.1101172   40.0999902
  25.1104097   40.1000502
  25.1119235   40.1003413
  25.1134431   40.1006143
  25.1149681   40.100869
  25.1164981   40.1011055
  25.1180328   40.1013236
  25.1195717   40.1015234
  25.1211145   40.1017047
  25.1226609   40.1018676
  25.1242104   40.1020119
  25.1257626   40.1021377
  25.1273172   40.1022449
  25.1288738   40.1023335
  25.1304321   40.1024035
  25.1319916   40.1024548
  25.1335519   40.1024875
  25.1338859   40.1024925
  25.1355235   40.1025067
  25.1371612   40.1025004
  25.1387985   40.1024735
  25.1393962   40.1024562
  25.1397951   40.1024542
  25.1413435   40.1024281
  25.1428911   40.1023836
  25.1444376   40.1023208
  25.1459827   40.1022396
  25.1475259   40.1021401
  25.149067    40.1020223
  25.1506054   40.1018863
  25.152141    40.101732
  25.1536732   40.1015595
  25.1552017   40.1013688
  25.1567262   40.10116
  25.1568839   40.1011365
  25.15713     40.1011095
  25.1586792   40.1009206
  25.1602243   40.1007132
  25.161765    40.1004872
  25.1633009   40.1002428
  25.1648316   40.0999799
  25.1663566   40.0996986
  25.1678757   40.099399
  25.1693885   40.0990812
  25.1708945   40.0987453
  25.1723935   40.0983913
  25.173885    40.0980193
  25.1753686   40.0976294
  25.1768441   40.0972217
  25.178311    40.0967964
  25.179769    40.0963534
  25.1812177   40.095893
  25.1826568   40.0954152
  25.1840859   40.0949202
  25.1855046   40.0944081
  25.1869127   40.0938789
  25.1883096   40.0933329
  25.1896953   40.0927702
  25.1910691   40.0921908
  25.1924309   40.0915951
  25.1937803   40.090983
  25.195117    40.0903547
  25.1964406   40.0897105
  25.1977508   40.0890504
  25.1990472   40.0883746
  25.2003297   40.0876834
  25.2015977   40.0869768
  25.2028511   40.086255
  25.2040896   40.0855182
  25.2053127   40.0847666
  25.2065202   40.0840005
  25.2077119   40.0832198
  25.2088874   40.082425
  25.2100464   40.081616
  25.2111886   40.0807933
  25.2114887   40.0805702
  25.2118618   40.0806228
  25.2134216   40.0808231
  25.2149854   40.0810045
  25.21551     40.0810589
  25.2160276   40.0811221
  25.2176255   40.0813072
  25.2192272   40.0814724
  25.2208321   40.0816178
  25.2224399   40.0817433
  25.2240501   40.0818488
  25.2256624   40.0819344
  25.2272762   40.082
  25.2288912   40.0820456
  25.230507    40.0820712
  25.2321231   40.0820768
  25.2337392   40.0820624
  25.2353547   40.0820279
  25.2369692   40.0819734
  25.2385824   40.081899
  25.2401938   40.0818045
  25.2418031   40.0816902
  25.2435546   40.0815547
  25.2451441   40.0814219
  25.2467306   40.0812697
  25.2483138   40.081098
  25.2498932   40.080907
  25.2514683   40.0806966
  25.2530389   40.080467
  25.2546044   40.0802181
  25.2561646   40.0799501
  25.2577189   40.0796629
  25.259267    40.0793568
  25.2608085   40.0790317
  25.2618659   40.0787947
  25.2629695   40.0785653
  25.2644735   40.0782331
  25.2659706   40.0778829
  25.2674603   40.0775147
  25.2689423   40.0771288
  25.2704162   40.0767251
  25.2718816   40.0763037
  25.2733382   40.0758648
  25.2747857   40.0754085
  25.2762236   40.0749349
  25.2776516   40.0744441
  25.2790694   40.0739362
  25.2804766   40.0734113
  25.2818729   40.0728696
  25.2832579   40.0723112
  25.2846313   40.0717363
  25.2859927   40.0711449
  25.2873419   40.0705373
  25.2886784   40.0699135
  25.290002    40.0692738
  25.2913124   40.0686183
  25.2926091   40.0679471
  25.2926787   40.0679098
  25.2928479   40.0680549
  25.293375    40.0685175
  25.2944202   40.069406
  25.2954833   40.070282
  25.2965643   40.071145
  25.2976627   40.0719951
  25.2987784   40.0728318
  25.2999111   40.0736551
  25.3010605   40.0744647
  25.3022263   40.0752604
  25.3034083   40.0760421
  25.304606    40.0768095
  25.3055671   40.0774059
  25.3068342   40.0782301
  25.3082337   40.0791075
  25.3083303   40.0791669
  25.3095623   40.0799129
  25.3108095   40.080644
  25.3120715   40.08136
  25.3133482   40.0820607
  25.3146391   40.0827459
  25.3159439   40.0834155
  25.3172624   40.0840693
  25.3185941   40.0847071
  25.3199388   40.0853288
  25.3212961   40.0859342
  25.3226657   40.0865232
  25.3240472   40.0870956
  25.3254404   40.0876513
  25.3268448   40.0881901
  25.3272901   40.0883543
  25.3274825   40.0884318
  25.3288911   40.0889776
  25.3303108   40.0895063
  25.3317412   40.0900177
  25.3331821   40.0905117
  25.334633    40.0909883
  25.3360936   40.0914472
  25.3375634   40.0918884
  25.3390422   40.0923117
  25.3405296   40.0927171
  25.3420252   40.0931045
  25.3435286   40.0934736
  25.3450394   40.0938246
  25.3465573   40.0941572
  25.3480819   40.0944714
  25.3496128   40.0947672
  25.3511496   40.0950443
  25.352692    40.0953029
  25.3542395   40.0955427
  25.3557918   40.0957638
  25.3573485   40.0959661
  25.3589091   40.0961495
  25.3604734   40.096314
  25.3620408   40.0964595
  25.3636111   40.0965861
  25.3651838   40.0966937
  25.3667585   40.0967822
  25.3683348   40.0968516
  25.3699124   40.096902
  25.3714908   40.0969333
  25.3730697   40.0969454
  25.3746486   40.0969385
  25.3762272   40.0969125
  25.3762371   40.0969122
  25.3767355   40.0969081
  25.3782389   40.0968782
  25.3797416   40.0968311
  25.3812433   40.0967667
  25.3814525   40.0967565
  25.3819526   40.0967291
  25.3827526   40.0970927
  25.3834735   40.0974144
  25.3842954   40.0978173
  25.3856378   40.0984526
  25.3869932   40.0990716
  25.3883612   40.0996741
  25.3897414   40.10026
  25.3911336   40.1008291
  25.3925375   40.1013813
  25.3926218   40.1014132
  25.3928499   40.1015077
  25.3943116   40.1021015
  25.395786    40.1026766
  25.3972727   40.1032329
  25.3987712   40.1037703
  25.3988648   40.1038024
  25.3993978   40.1039987
  25.3996419   40.1040869
  25.4010603   40.1045891
  25.4024888   40.1050742
  25.403927    40.1055422
  25.4053746   40.1059929
  25.4061342   40.1062189
  25.4074012   40.1066247
  25.4075058   40.1066575
  25.4090304   40.1071239
  25.4105647   40.107571
  25.4121085   40.1079988
  25.4136613   40.1084071
  25.4152227   40.1087958
  25.4167922   40.1091649
  25.4183694   40.1095141
  25.419954    40.1098434
  25.4215454   40.1101528
  25.4231432   40.1104421
  25.4233551   40.110479
  25.4252141   40.110789
  25.4254206   40.1108219
  25.4269654   40.111058
  25.4285148   40.1112755
  25.4300686   40.1114742
  25.4316262   40.1116542
  25.4331874   40.1118153
  25.4347517   40.1119576
  25.4363188   40.112081
  25.4378882   40.1121854
  25.4394595   40.1122709
  25.4410324   40.1123374
  25.4426065   40.1123849
  25.4441814   40.1124135
  25.4457567   40.112423
  25.4458586   40.112423
  25.4474338   40.1124135
  25.4490086   40.1123849
  25.4505826   40.1123374
  25.4521555   40.1122709
  25.4537267   40.1121854
  25.4552961   40.112081
  25.456863    40.1119576
  25.4584272   40.1118154
  25.4599883   40.1116543
  25.4615459   40.1114743
  25.4630996   40.1112756
  25.464649    40.1110582
  25.4661937   40.1108221
  25.4677333   40.1105673
  25.4692675   40.1102941
  25.4707958   40.1100023
  25.472318    40.1096921
  25.472423    40.1096701
  25.4739615   40.1093364
  25.4754927   40.108984
  25.4770164   40.1086129
  25.4785322   40.1082231
  25.4800396   40.1078148
  25.4815382   40.1073881
  25.4830277   40.1069431
  25.4845077   40.1064799
  25.4859778   40.1059986
  25.4874376   40.1054993
  25.4888868   40.1049822
  25.490325    40.1044475
  25.4917517   40.1038951
  25.4931668   40.1033254
  25.4945697   40.1027384
  25.4959601   40.1021343
  25.4973378   40.1015132
  25.4987022   40.1008753
  25.5000531   40.1002207
  25.5013901   40.0995497
  25.5027129   40.0988624
  25.5040211   40.0981589
  25.5042056   40.098058
  25.5054662   40.0973571
  25.5067123   40.0966413
  25.5079436   40.0959106
  25.5091599   40.0951653
  25.5103609   40.0944056
  25.5115461   40.0936316
  25.5127155   40.0928436
  25.5138686   40.0920416
  25.5150052   40.091226
  25.516125    40.0903969
  25.5172278   40.0895545
  25.5183132   40.0886991
  25.5193811   40.0878308
  25.5204311   40.0869498
  25.521463    40.0860563
  25.5224766   40.0851507
  25.5234715   40.084233
  25.5244476   40.0833035
  25.5254046   40.0823625
  25.5257931   40.081968
  25.5262469   40.0815221
  25.5272017   40.0805524
  25.5281362   40.0795712
  25.5290502   40.0785787
  25.5299434   40.0775752
  25.5308157   40.076561
  25.5316669   40.0755363
  25.5324966   40.0745013
  25.5333047   40.0734564
  25.534091    40.0724018
  25.5348554   40.0713377
  25.5355975   40.0702644
  25.5363172   40.0691822
  25.5370144   40.0680914
  25.5376888   40.0669922
  25.5383403   40.0658849
  25.5389687   40.0647699
  25.5395739   40.0636473
  25.5401557   40.0625175
  25.5407139   40.0613807
  25.5412485   40.0602372
  25.5417592   40.0590874
  25.542246    40.0579315
  25.5427088   40.0567698
  25.5431473   40.0556026
  25.5435616   40.0544302
  25.5439514   40.0532528
  25.5443168   40.0520709
  25.5445421   40.0513153
  25.5448856   40.0501191
  25.545204    40.0489189
  25.5454972   40.0477149
  25.5457652   40.0465074
  25.5460079   40.0452968
  25.5462252   40.0440834
  25.5464171   40.0428674
  25.5465835   40.0416491
  25.5467243   40.040429
  25.5468396   40.0392073
  25.5469293   40.0379843
  25.5469934   40.0367604
  25.5470319   40.0355357
  25.5470447   40.0343108
  25.5470447   40.0342164
  25.5470339   40.0330913
  25.5470014   40.0319664
  25.5469474   40.030842
  25.5468717   40.0297183
  25.5467744   40.0285956
  25.5466556   40.027474
  25.5465152   40.0263539
  25.5464991   40.0262347
  25.5463272   40.0250524
  25.5461314   40.0238723
  25.5459868   40.0230975
  25.5459451   40.0224565
  25.5458427   40.0212606
  25.5457159   40.0200661
  25.5455764   40.0189662
  25.5456921   40.0178572
  25.5457929   40.0166522
  25.5458688   40.0154462
  25.5459199   40.0142393
  25.545946    40.013032
  25.5459473   40.0118245
  25.5459236   40.0106171
  25.5458751   40.0094101
  25.5458017   40.0082038
  25.5457034   40.0069986
  25.5455802   40.0057946
  25.5454323   40.0045923
  25.5452596   40.0033919
  25.5450621   40.0021937
  25.54484     40.0009981
  25.5445933   39.9998052
  25.544322    39.9986155
  25.5440262   39.9974292
  25.543706    39.9962465
  25.5433614   39.9950679
  25.5430364   39.9940331
  25.5431013   39.9935707
  25.5432622   39.9923295
  25.5434029   39.9911518
  25.5435198   39.9899725
  25.5436128   39.988792
  25.5436821   39.9876104
  25.5437275   39.9864282
  25.543749    39.9852456
  25.5437466   39.9840628
  25.5437204   39.9828802
  25.5436703   39.981698
  25.5435964   39.9805165
  25.5434986   39.979336
  25.543377    39.9781568
  25.5432316   39.9769792
  25.5430625   39.9758034
  25.5428697   39.9746297
  25.5426532   39.9734584
  25.5424131   39.9722899
  25.5422283   39.9714726
  25.542107    39.9706919
  25.5419069   39.9695509
  25.5416845   39.9684123
  25.5414398   39.9672764
  25.5411727   39.9661434
  25.5408835   39.9650135
  25.5405721   39.9638872
  25.5402386   39.9627645
  25.5398831   39.9616458
  25.5398723   39.9616129
  25.5394525   39.9603773
  25.5390059   39.9591473
  25.5385325   39.9579231
  25.5380326   39.9567052
  25.5375062   39.9554938
  25.5374915   39.9554609
  25.5369496   39.9542793
  25.5363826   39.9531046
  25.5357905   39.9519373
  25.5351736   39.9507774
  25.5345321   39.9496255
  25.533866    39.9484817
  25.5331756   39.9473465
  25.532461    39.94622
  25.5317225   39.9451026
  25.5309603   39.9439946
  25.5301745   39.9428964
  25.5301564   39.9428715
  25.5293842   39.9418322
  25.528591    39.9408022
  25.5277769   39.9397818
  25.5269421   39.9387712
  25.5260868   39.9377708
  25.5252112   39.9367808
  25.5243155   39.9358013
  25.5234      39.9348327
  25.5224648   39.9338751
  25.5215102   39.9329289
  25.5205365   39.9319942
  25.5195438   39.9310713
  25.5185325   39.9301603
  25.5175027   39.9292616
  25.5164547   39.9283754
  25.5153888   39.9275018
  25.5143052   39.926641
  25.5132042   39.9257934
  25.512086    39.924959
  25.510951    39.9241381
  25.5101785   39.9235967
  25.5092429   39.9228788
  25.5081092   39.9220359
  25.5076823   39.9217285
  25.5069349   39.9211483
  25.505817    39.9203073
  25.504682    39.9194799
  25.5035302   39.9186662
  25.5023619   39.9178665
  25.5011774   39.9170809
  25.499977    39.9163096
  25.4987609   39.9155529
  25.4975296   39.9148109
  25.4962832   39.9140838
  25.495022    39.9133717
  25.4937465   39.9126749
  25.4924569   39.9119936
  25.4911535   39.9113278
  25.4898366   39.9106778
  25.4885067   39.9100438
  25.4871667   39.909427
  25.4867435   39.9089627
  25.4866673   39.9088819
  25.4866566   39.9083964
  25.4866049   39.9071843
  25.4865282   39.9059729
  25.4864265   39.9047626
  25.4862998   39.9035536
  25.4861481   39.9023464
  25.4859716   39.9011411
  25.4857702   39.899938
  25.4855439   39.8987376
  25.485293    39.89754
  25.4850173   39.8963456
  25.484717    39.8951547
  25.4843921   39.8939676
  25.4840428   39.8927845
  25.4836691   39.8916059
  25.4832712   39.8904318
  25.482849    39.8892628
  25.4824028   39.888099
  25.4819326   39.8869407
  25.4814385   39.8857883
  25.4809208   39.8846421
  25.4803794   39.8835022
  25.4798146   39.8823691
  25.4792264   39.8812429
  25.4786151   39.880124
  25.4779808   39.8790126
  25.4773236   39.8779091
  25.4766437   39.8768137
  25.4759413   39.8757267
  25.4752165   39.8746483
  25.4744696   39.8735789
  25.4737007   39.8725187
  25.47291     39.8714679
  25.4720978   39.8704269
  25.4712641   39.8693958
  25.4704093   39.868375
  25.4695335   39.8673647
  25.468637    39.8663651
  25.46772     39.8653766
  25.4667827   39.8643993
  25.4658253   39.8634335
  25.4648482   39.8624795
  25.4642509   39.861915
  25.4640643   39.8615478
  25.463468    39.8604267
  25.4628486   39.859313
  25.4622063   39.8582068
  25.4615414   39.8571086
  25.4608539   39.8560186
  25.4601441   39.854937
  25.4594121   39.8538641
  25.4586581   39.8528003
  25.4580554   39.8519811
  25.4586992   39.8510938
  25.4594445   39.8500271
  25.4601679   39.8489514
  25.460869    39.8478672
  25.4615477   39.8467745
  25.4622039   39.8456737
  25.462633    39.8449385
  25.4632444   39.8438693
  25.4638345   39.8427929
  25.4644032   39.8417098
  25.4649503   39.8406202
  25.4654758   39.8395242
  25.4659794   39.8384223
  25.4664611   39.8373145
  25.4669208   39.8362012
  25.4673583   39.8350826
  25.4677736   39.8339591
  25.4681665   39.8328308
  25.468537    39.831698
  25.468885    39.8305609
  25.4690567   39.8299801
  25.4693906   39.8288082
  25.4697005   39.8276325
  25.4699865   39.8264532
  25.4702483   39.8252705
  25.4704861   39.8240848
  25.4706508   39.8231685
  25.4707752   39.8225797
  25.4709659   39.8216319
  25.4711946   39.8204327
  25.4713986   39.8192308
  25.4715778   39.8180265
  25.4717322   39.8168203
  25.4718617   39.8156122
  25.4719664   39.8144027
  25.4720462   39.8131921
  25.472101    39.8119807
  25.4721309   39.8107687
  25.4721359   39.8095564
  25.4721159   39.8083443
  25.4720709   39.8071325
  25.4720011   39.8059214
  25.4719063   39.8047113
  25.4717866   39.8035024
  25.4716421   39.8022952
  25.4714727   39.8010898
  25.4712786   39.7998866
  25.4710597   39.7986859
  25.4710146   39.7984519
  25.4707696   39.7972472
  25.4704997   39.7960456
  25.470205    39.7948474
  25.4698855   39.7936529
  25.4695413   39.7924625
  25.4691725   39.7912764
  25.4687793   39.7900949
  25.4683616   39.7889184
  25.4679197   39.7877471
  25.4674536   39.7865813
  25.4669634   39.7854214
  25.4668621   39.785188
  25.4663628   39.7840666
  25.465841    39.7829512
  25.4652968   39.7818422
  25.4647304   39.7807397
  25.4641419   39.779644
  25.4635315   39.7785555
  25.4628992   39.7774743
  25.4622453   39.7764008
  25.4615097   39.775217
  25.4609027   39.7742574
  25.4602785   39.7733044
  25.459637    39.7723582
  25.4589785   39.7714188
  25.4588793   39.7712797
  25.4581      39.7702069
  25.4572986   39.7691438
  25.456475    39.7680908
  25.4556297   39.767048
  25.4547627   39.7660157
  25.4538743   39.7649942
  25.4537095   39.764811
  25.4533665   39.7638516
  25.4529505   39.7627523
  25.4528647   39.7625317
  25.4524079   39.76139
  25.4519281   39.7602538
  25.4514254   39.7591235
  25.4508998   39.7579994
  25.4503515   39.7568816
  25.4497806   39.7557705
  25.4491873   39.7546664
  25.4485717   39.7535695
  25.447934    39.75248
  25.4472743   39.7513983
  25.4465928   39.7503247
  25.4458897   39.7492592
  25.445165    39.7482024
  25.444419    39.7471543
  25.4436519   39.7461152
  25.4428639   39.7450854
  25.4420551   39.7440652
  25.4412257   39.7430548
  25.440376    39.7420544
  25.4395062   39.7410643
  25.4386164   39.7400847
  25.4377069   39.7391158
  25.4367779   39.738158
  25.4358296   39.7372113
  25.4348622   39.7362762
  25.433876    39.7353527
  25.4328713   39.7344411
  25.4318482   39.7335416
  25.4317409   39.7334487
  25.4306864   39.7325504
  25.4296135   39.7316649
  25.4285227   39.7307925
  25.4274141   39.7299334
  25.426288    39.7290879
  25.4251447   39.7282562
  25.4239845   39.7274383
  25.4239163   39.727391
  25.4231904   39.7268548
  25.422057    39.7260431
  25.4209074   39.7252451
  25.4197418   39.7244609
  25.4185605   39.7236907
  25.4173639   39.7229346
  25.4161521   39.7221929
  25.4149256   39.7214658
  25.4136845   39.7207533
  25.4124292   39.7200558
  25.41116     39.7193733
  25.4098771   39.7187061
  25.408581    39.7180542
  25.4083557   39.7179428
  25.4069967   39.7172826
  25.405624    39.7166393
  25.404238    39.7160132
  25.4028391   39.7154042
  25.4014277   39.7148127
  25.400004    39.7142387
  25.3985685   39.7136824
  25.3971216   39.713144
  25.3956635   39.7126235
  25.3941948   39.7121212
  25.393948    39.7120386
  25.3924387   39.7115449
  25.390919    39.7110703
  25.3893894   39.7106149
  25.3878503   39.710179
  25.386302    39.7097625
  25.3847451   39.7093657
  25.3831799   39.7089886
  25.3816069   39.7086314
  25.3804643   39.7083797
  25.378862    39.7080378
  25.3772526   39.7077166
  25.3756364   39.707416
  25.3740139   39.7071362
  25.3723856   39.7068771
  25.3718706   39.7067987
  25.3703361   39.7065744
  25.3698617   39.7065109
  25.3686848   39.7063336
  25.367336    39.706145
  25.3669343   39.7060911
  25.3667956   39.7060733
  25.3666571   39.7060541
  25.3660222   39.7059742
  25.3653876   39.7058929
  25.3652485   39.7058768
  25.3651097   39.7058594
  25.3644733   39.7057871
  25.3638371   39.7057135
  25.3636977   39.7056991
  25.3635586   39.7056833
  25.3629207   39.7056188
  25.3622831   39.7055528
  25.3621434   39.7055401
  25.362004    39.705526
  25.3613649   39.7054692
  25.360726    39.705411
  25.3605861   39.7053999
  25.3604464   39.7053875
  25.3598062   39.7053384
  25.3591662   39.7052879
  25.3590261   39.7052786
  25.3588862   39.7052678
  25.3582451   39.7052265
  25.3576041   39.7051837
  25.3574638   39.7051761
  25.3573237   39.7051671
  25.3566818   39.7051335
  25.3560401   39.7050985
  25.3558997   39.7050925
  25.3557593   39.7050852
  25.3551169   39.7050593
  25.3544745   39.7050321
  25.354334    39.7050278
  25.3541935   39.7050222
  25.3535506   39.7050041
  25.3529078   39.7049846
  25.3527671   39.7049821
  25.3526266   39.7049781
  25.3519834   39.7049678
  25.3513402   39.7049561
  25.3511996   39.7049553
  25.3510589   39.704953
  25.3504156   39.7049505
  25.3497723   39.7049466
  25.3496317   39.7049474
  25.349491    39.7049469
  25.3488477   39.7049521
  25.3482044   39.704956
  25.3480638   39.7049585
  25.3479231   39.7049596
  25.34728     39.7049727
  25.3466369   39.7049843
  25.3464963   39.7049885
  25.3463557   39.7049914
  25.3457129   39.7050122
  25.3450701   39.7050316
  25.3449297   39.7050375
  25.3447891   39.7050421
  25.3441469   39.7050706
  25.3435045   39.7050978
  25.3433642   39.7051054
  25.3432238   39.7051116
  25.3425822   39.705148
  25.3419404   39.7051829
  25.3418003   39.7051922
  25.34166     39.7052001
  25.3410192   39.7052442
  25.3403783   39.7052869
  25.3402384   39.7052979
  25.3400983   39.7053075
  25.3394585   39.7053593
  25.3388185   39.7054097
  25.3386788   39.7054225
  25.3385389   39.7054338
  25.3379003   39.7054933
  25.3372614   39.7055514
  25.337122    39.7055658
  25.3369823   39.7055789
  25.336345    39.7056461
  25.3357074   39.7057119
  25.3355683   39.705728
  25.3354289   39.7057427
  25.334793    39.7058176
  25.3341568   39.7058912
  25.3340181   39.705909
  25.333879    39.7059253
  25.3332447   39.7060079
  25.3326101   39.7060892
  25.3324717   39.7061086
  25.3323331   39.7061267
  25.3317005   39.7062169
  25.3310676   39.7063058
  25.3309297   39.7063269
  25.3307914   39.7063466
  25.3301608   39.7064445
  25.3295298   39.706541
  25.3293923   39.7065638
  25.3292544   39.7065852
  25.3286258   39.7066907
  25.3279969   39.7067948
  25.3278599   39.7068193
  25.3277225   39.7068423
  25.3270961   39.7069554
  25.3264694   39.7070671
  25.3263329   39.7070932
  25.326196    39.7071179
  25.3258605   39.7071828
  25.3248618   39.7073394
  25.3245763   39.7073877
  25.323573    39.7075299
  25.32207     39.7077613
  25.3205718   39.7080104
  25.3193756   39.7082167
  25.3177175   39.7085142
  25.3160663   39.7088333
  25.3144223   39.7091741
  25.3127862   39.7095364
  25.3111583   39.7099201
  25.3105467   39.7100686
  25.3101822   39.7101578
  25.3089735   39.7104553
  25.307338    39.7108699
  25.305712    39.7113061
  25.304096    39.7117638
  25.3033862   39.7119702
  25.301987    39.7123864
  25.3007885   39.7127589
  25.3000263   39.7129724
  25.2987055   39.7133589
  25.297392    39.7137596
  25.2960859   39.7141747
  25.2958683   39.7142466
  25.2949349   39.7145245
  25.2934905   39.714975
  25.2932057   39.7150486
  25.29176     39.7154412
  25.2903224   39.7158508
  25.2888931   39.7162774
  25.2886838   39.7163427
  25.288428    39.7164094
  25.2870157   39.7167958
  25.2856112   39.7171984
  25.2843278   39.7175833
  25.2838901   39.7176845
  25.2831265   39.7177959
  25.2816077   39.7180364
  25.2800938   39.7182949
  25.2785854   39.7185715
  25.2770828   39.7188661
  25.2755862   39.7191787
  25.2740962   39.719509
  25.2736046   39.7196244
  25.2731762   39.7194923
  25.271706    39.7190596
  25.2702271   39.7186447
  25.2687398   39.7182479
  25.2672447   39.7178691
  25.2657419   39.7175085
  25.2642319   39.7171662
  25.2627152   39.7168423
  25.2611919   39.7165367
  25.2596626   39.7162497
  25.2581276   39.7159813
  25.2565873   39.7157315
  25.255042    39.7155005
  25.2534922   39.7152882
  25.2519383   39.7150948
  25.2503805   39.7149202
  25.2488194   39.7147645
  25.2472553   39.7146278
  25.2456886   39.7145101
  25.2441197   39.7144114
  25.2425489   39.7143317
  25.242247    39.7143201
  25.2422019   39.7143179
  25.2415912   39.7142948
  25.2409767   39.7142712
  25.2409312   39.71427
  25.2406291   39.7142586
  25.2390553   39.7142184
  25.237481    39.7141973
  25.2359063   39.7141953
  25.2343319   39.7142124
  25.2327579   39.7142486
  25.2311849   39.7143039
  25.2296133   39.7143783
  25.2280433   39.7144717
  25.2264755   39.7145842
  25.2249102   39.7147157
  25.2233478   39.7148662
  25.2217886   39.7150356
  25.2202331   39.7152239
  25.2186817   39.7154311
  25.2171347   39.715657
  25.2155925   39.7159017
  25.2140556   39.7161651
  25.2125242   39.7164471
  25.2109988   39.7167477
  25.2094798   39.7170667
  25.2092223   39.7171224
  25.2077839   39.7174429
  25.2063519   39.7177799
  25.2049266   39.7181334
  25.2035084   39.7185033
  25.2020975   39.7188895
  25.2006944   39.719292
  25.1992993   39.7197106
  25.1979124   39.7201453
  25.1965343   39.7205959
  25.1962365   39.7206953
  25.1959518   39.7207924
  25.1947136   39.7207441
  25.1932684   39.7207038
  25.1918225   39.7206796
  25.1903763   39.7206716
  25.1901147   39.7206716
  25.1884302   39.7206825
  25.1867463   39.7207153
  25.1850633   39.72077
  25.183714    39.7208313
  25.1822699   39.7206321
  25.1807179   39.7204373
  25.1791621   39.7202613
  25.1776029   39.7201042
  25.1760406   39.719966
  25.1744758   39.7198468
  25.1729087   39.7197465
  25.1713397   39.7196652
  25.1697692   39.719603
  25.1681977   39.7195598
  25.1666255   39.7195356
  25.1650529   39.7195305
  25.1634805   39.7195445
  25.1619086   39.7195775
  25.1603375   39.7196295
  25.1587677   39.7197006
  25.1571995   39.7197907
  25.1556334   39.7198998
  25.1540697   39.7200278
  25.1525088   39.7201748
  25.1509511   39.7203406
  25.149397    39.7205254
  25.1478469   39.7207289
  25.1463012   39.7209512
  25.1447602   39.7211922
  25.1432243   39.7214518
  25.1416939   39.72173
  25.1401694   39.7220267
  25.1386512   39.7223418
  25.1371396   39.7226753
  25.1356351   39.7230271
  25.1350037   39.7231831
  25.1341623   39.7233377
  25.1326458   39.7236358
  25.1311356   39.7239521
  25.1296321   39.7242865
  25.1281355   39.7246391
  25.1266464   39.7250097
  25.1251649   39.7253981
  25.1236916   39.7258044
  25.1222267   39.7262284
  25.1207707   39.72667
  25.1193238   39.7271291
  25.1178865   39.7276056
  25.116459    39.7280994
  25.1150418   39.7286103
  25.1150312   39.7286143
  25.1135924   39.7288741
  25.1120687   39.7291687
  25.1105512   39.7294818
  25.1090403   39.7298131
  25.1075364   39.7301627
  25.1060398   39.7305305
  25.1045509   39.7309163
  25.1030701   39.7313201
  25.1015978   39.7317418
  25.1001342   39.7321813
  25.0986799   39.7326384
  25.097235    39.733113
  25.0958001   39.7336051
  25.0943754   39.7341145
  25.0929613   39.734641
  25.0915582   39.7351846
  25.0901664   39.7357451
  25.0887862   39.7363224
  25.087418    39.7369163
  25.0860621   39.7375267
  25.0847189   39.7381534
  25.0833887   39.7387963
  25.0820718   39.7394552
  25.0807685   39.74013
  25.0794792   39.7408204
  25.0782043   39.7415264
  25.0769439   39.7422477
  25.0756984   39.7429841
  25.0744682   39.7437355
  25.0732535   39.7445017
  25.073157    39.7445636
  25.0719649   39.7453399
  25.0707887   39.7461305
  25.0696288   39.7469351
  25.0684853   39.7477536
  25.0673587   39.7485857
  25.0662492   39.7494313
  25.065157    39.7502901
  25.0640824   39.7511619
  25.0630257   39.7520466
  25.0619871   39.7529438
  25.0609742   39.753847
  25.0594821   39.753665
  25.0579369   39.7534957
  25.0563886   39.7533449
  25.0548373   39.7532127
  25.0532836   39.7530992
  25.0517277   39.7530044
  25.0501701   39.7529283
  25.0486112   39.7528709
  25.0470513   39.7528323
  25.0454907   39.7528124
  25.04393     39.7528113
  25.0423694   39.752829
  25.0408094   39.7528654
  25.0392503   39.7529205
  25.0376925   39.7529944
  25.0361365   39.753087
  25.0345825   39.7531983
  25.0330309   39.7533283
  25.0314822   39.7534769
  25.0299367   39.7536441
  25.0283947   39.7538298
  25.0279599   39.7538849
  25.0264238   39.7540889
  25.0248919   39.7543114
  25.0233648   39.7545521
  25.0218428   39.7548112
  25.0203262   39.7550886
  25.0188154   39.7553841
  25.0173108   39.7556977
  25.0158128   39.7560294
  25.0143217   39.7563789
  25.0128378   39.7567464
  25.0113616   39.7571316
  25.0098934   39.7575345
  25.0084336   39.7579549
  25.0069825   39.7583928
  25.0055405   39.7588481
  25.0041079   39.7593207
  25.0026851   39.7598104
  25.0012723   39.760317
  24.9998701   39.7608406
  24.9984787   39.761381
  24.9970984   39.761938
  24.9957296   39.7625115
  24.9943726   39.7631013
  24.9930278   39.7637074
  24.9916954   39.7643295
  24.9903758   39.7649675
  24.9890694   39.7656213
  24.9877764   39.7662907
  24.9864972   39.7669755
  24.985232    39.7676756
  24.9839812   39.7683908
  24.9827451   39.7691209
  24.981524    39.7698657
  24.9803181   39.7706251
  24.9791279   39.7713989
  24.9779535   39.7721869
  24.9767952   39.7729888
  24.9756534   39.7738046
  24.9745283   39.7746339
  24.9734202   39.7754766
  24.9723294   39.7763325
  24.971256    39.7772014
  24.9702005   39.7780831
  24.969163    39.7789773
  24.9681438   39.7798838
  24.9671432   39.7808025
  24.9661613   39.781733
  24.9651985   39.7826752
  24.9642549   39.7836288
  24.9633309   39.7845936
  24.9624265   39.7855694
  24.9615421   39.7865559
  24.9606778   39.7875528
  24.9598339   39.78856
  24.9590106   39.7895772
  24.9582081   39.7906041
  24.9574265   39.7916406
  24.9566661   39.7926862
  24.955927    39.7937409
  24.9552095   39.7948042
  24.9545136   39.795876
  24.9538396   39.7969561
  24.9531877   39.798044
  24.952558    39.7991397
  24.9521747   39.7998209
  24.9515699   39.800919
  24.9509875   39.8020241
  24.9504274   39.8031361
  24.94989     39.8042546
  24.9493753   39.8053794
  24.9488833   39.8065102
  24.9484144   39.8076467
  24.9479684   39.8087886
  24.9475457   39.8099357
  24.9471462   39.8110877
  24.9467701   39.8122443
  24.9464174   39.8134053
  24.9460883   39.8145703
  24.9457828   39.815739
  24.945501    39.8169113
  24.9452429   39.8180867
  24.9450087   39.8192651
  24.9447983   39.8204461
  24.9446119   39.8216295
  24.9444495   39.8228149
  24.9443111   39.8240021
  24.9441967   39.8251908
  24.9441064   39.8263806
  24.9440402   39.8275714
  24.9439981   39.8287629
  24.9439801   39.8299546
  24.9439863   39.8311464
  24.9440166   39.832338
  24.944071    39.8335291
  24.9441495   39.8347193
  24.9442521   39.8359084
  24.9443788   39.8370962
  24.9443986   39.8372516
  24.9440635   39.838178
  24.9436656   39.8393495
  24.9432919   39.8405256
  24.9429425   39.8417061
  24.9426173   39.8428907
  24.9423166   39.8440791
  24.9420403   39.8452709
  24.9417887   39.8464659
  24.9415616   39.8476638
  24.9413592   39.8488642
  24.9411815   39.850067
  24.9410286   39.8512717
  24.9409004   39.8524782
  24.9407972   39.853686
  24.9407187   39.8548948
  24.9406652   39.8561045
  24.9406366   39.8573146
  24.9406328   39.858525
  24.940654    39.8597351
  24.9407001   39.8609449
  24.940771    39.8621539
  24.9408668   39.8633619
  24.9409875   39.8645686
  24.941133    39.8657736
  24.9413032   39.8669767
  24.9414982   39.8681775
  24.9417179   39.8693759
  24.9419622   39.8705714
  24.9422311   39.8717637
  24.9425245   39.8729526
  24.9428423   39.8741378
  24.9431845   39.875319
  24.943551    39.8764959
  24.9439416   39.8776681
  24.9443563   39.8788355
  24.9447949   39.8799977
  24.9452575   39.8811543
  24.9457438   39.8823053
  24.9462537   39.8834501
  24.9467871   39.8845886
  24.9473439   39.8857205
  24.9479239   39.8868455
  24.948527    39.8879633
  24.949153    39.8890736
  24.9498018   39.8901762
  24.9504732   39.8912708
  24.9511671   39.892357
  24.9518833   39.8934347
  24.9526215   39.8945036
  24.9533817   39.8955634
  24.9541635   39.8966138
  24.9544725   39.8970141
  24.9547385   39.897639
  24.9548241   39.8982348
  24.9550196   39.8994245
  24.9552394   39.9006118
  24.9554833   39.9017962
  24.9556248   39.9024195
  24.955623    39.9024226
  24.9550246   39.9035272
  24.9544488   39.9046389
  24.9538957   39.9057573
  24.9533654   39.9068822
  24.952858    39.9080132
  24.9523738   39.9091502
  24.9519128   39.9102928
  24.9514751   39.9114408
  24.9512826   39.9119768
  24.9510777   39.9124947
  24.9506456   39.913652
  24.9502374   39.9148143
  24.949853    39.9159813
  24.9494926   39.9171528
  24.9491562   39.9183285
  24.948844    39.9195081
  24.948556    39.9206913
  24.9482923   39.9218778
  24.948053    39.9230673
  24.9478381   39.9242595
  24.9476476   39.9254542
  24.9474816   39.9266509
  24.9473402   39.9278496
  24.9472234   39.9290497
  24.9471312   39.9302511
  24.9470637   39.9314534
  24.9470208   39.9326564
  24.9470026   39.9338597
  24.9470091   39.935063
  24.9470402   39.9362662
  24.9470794   39.9371117
  24.9468948   39.9377353
  24.9465708   39.9389154
  24.9462711   39.9400992
  24.9459958   39.9412864
  24.9457449   39.9424768
  24.9455185   39.9436701
  24.9453167   39.9448659
  24.94524     39.9453846
  24.9450965   39.946149
  24.9448996   39.9473282
  24.9447266   39.9485097
  24.9445775   39.949693
  24.9445327   39.9501171
  24.9444422   39.95025
  24.9437351   39.9513291
  24.9430503   39.9524166
  24.942388    39.9535123
  24.9417483   39.9546158
  24.9411314   39.9557269
  24.9410242   39.9559242
  24.9404358   39.9570321
  24.93987     39.9581468
  24.939327    39.9592681
  24.9388069   39.9603959
  24.9383099   39.9615296
  24.9378361   39.9626692
  24.9373856   39.9638143
  24.9369585   39.9649646
  24.9365549   39.9661199
  24.9361749   39.9672799
  24.9358187   39.9684442
  24.9354862   39.9696127
  24.9351776   39.970785
  24.9348929   39.9719608
  24.9346323   39.9731399
  24.9343958   39.9743219
  24.9341833   39.9755066
  24.9339951   39.9766936
  24.9338311   39.9778828
  24.9336914   39.9790737
  24.933576    39.9802662
  24.933485    39.9814599
  24.9334183   39.9826545
  24.933376    39.9838497
  24.9333581   39.9850453
  24.9333646   39.9862409
  24.9333954   39.9874363
  24.9334507   39.9886311
  24.9335303   39.9898251
  24.9336343   39.991018
  24.9337626   39.9922095
  24.9339152   39.9933993
  24.934092    39.994587
  24.9342931   39.9957725
  24.9345183   39.9969555
  24.9347676   39.9981355
  24.935041    39.9993124
  24.9353384   40.0004859
  24.9356597   40.0016557
  24.9360048   40.0028214
  24.9363737   40.0039828
  24.9367662   40.0051397
  24.9371823   40.0062917
  24.9376218   40.0074386
  24.9380847   40.00858
  24.9385708   40.0097158
  24.9390801   40.0108455
  24.9396123   40.011969
  24.9401674   40.013086
  24.9407453   40.0141962
  24.9413457   40.0152993
  24.9419686   40.0163951
  24.9426137   40.0174832
  24.943281    40.0185635
  24.9439703   40.0196356
  24.9446814   40.0206994
  24.9449389   40.0210773
  24.9456808   40.0221454
  24.9464446   40.0232044
  24.9472303   40.0242539
  24.9480376   40.0252938
  24.9488662   40.0263238
  24.9497161   40.0273435
  24.9505869   40.0283529
  24.9514784   40.0293515
  24.9523905   40.0303392
  24.9527062   40.0306698
  24.9529441   40.0309491
  24.9538251   40.0319489
  24.9547267   40.0329378
  24.9556485   40.0339157
  24.9565904   40.0348824
  24.9575521   40.0358375
  24.9585333   40.0367809
  24.9595339   40.0377123
  24.9605535   40.0386315
  24.9615919   40.0395383
  24.9626489   40.0404323
  24.9637242   40.0413135
  24.9648176   40.0421816
  24.9659286   40.0430363
  24.9670572   40.0438775
  24.968203    40.044705
  24.9693656   40.0455185
  24.9695014   40.045612
  24.970681    40.0464116
  24.9718769   40.0471967
  24.9730889   40.0479674
  24.9743166   40.0487232
  24.9755597   40.0494642
  24.9768179   40.05019
  24.978091    40.0509005
  24.9793785   40.0515956
  24.9806802   40.0522749
  24.9819958   40.0529385
  24.9833249   40.0535861
  24.9846672   40.0542176
  24.9860223   40.0548327
  24.9873899   40.0554314
  24.9887697   40.0560135
  24.9901614   40.0565789
  24.9915645   40.0571273
  24.9929787   40.0576588
  24.9944038   40.0581731
  24.9958393   40.0586701
  24.9972848   40.0591497
  24.99874     40.0596118
  25.0002046   40.0600562
  25.0016782   40.0604829
  25.0031604   40.0608917
  25.0046509   40.0612826
  25.0061492   40.0616554
  25.007655    40.0620101
  25.0091679   40.0623465
  25.0106876   40.0626646
  25.0122137   40.0629643
  25.0126007   40.0630379
  25.0141264   40.063318
  25.0156576   40.0635797
  25.0171941   40.063823
  25.0183721   40.0639948
  25.0194158   40.0641934
  25.0209908   40.0644724
  25.0225715   40.0647318
  25.0241575   40.0649717
  25.0257484   40.0651918
  25.0263546   40.0652718
  25.026484    40.0652888
  25.0268059   40.065331
  25.0279224   40.0654722
  25.0281745   40.065503
  25.0297035   40.0656803
  25.031236    40.0658395
  25.0327715   40.0659804
  25.0343097   40.0661032
  25.0358502   40.0662077
  25.0373926   40.0662939
  25.0389366   40.0663619
  25.0404817   40.0664115
  25.0420277   40.0664428
  25.0435742   40.0664557
  25.0451207   40.0664503
  25.0457523   40.0664407
  25.0466225   40.0673086
  25.0475966   40.0682493
  25.04859     40.0691781
  25.0496023   40.0700949
  25.0506333   40.0709994
  25.0509952   40.071307
END
3
  25.279772    38.2458424
  25.2813067   38.2460829
  25.2828461   38.2463044
  25.2843897   38.246507
  25.2859371   38.2466906
  25.287488    38.246855
  25.289042    38.2470004
  25.2905988   38.2471266
  25.2921578   38.2472337
  25.2937188   38.2473215
  25.2952814   38.2473901
  25.2968451   38.2474394
  25.2984096   38.2474695
  25.2999746   38.2474803
  25.3015395   38.2474719
  25.3031041   38.2474441
  25.304668    38.2473972
  25.3062307   38.2473309
  25.3077919   38.2472455
  25.3093512   38.2471408
  25.3109083   38.2470169
  25.3124626   38.2468739
  25.3140139   38.2467118
  25.3155618   38.2465306
  25.3171059   38.2463303
  25.3186458   38.2461111
  25.3201811   38.2458729
  25.3217115   38.2456158
  25.3232366   38.24534
  25.324756    38.2450454
  25.3262693   38.2447321
  25.3277762   38.2444002
  25.3292762   38.2440498
  25.3307691   38.243681
  25.3322544   38.2432938
  25.3337318   38.2428884
  25.335201    38.2424649
  25.3366615   38.2420233
  25.338113    38.2415638
  25.3395552   38.2410865
  25.3409877   38.2405914
  25.3424101   38.2400788
  25.3438221   38.2395487
  25.3452233   38.2390013
  25.3466134   38.2384367
  25.3479922   38.2378551
  25.3493591   38.2372565
  25.3507139   38.2366412
  25.3520563   38.2360093
  25.3533858   38.2353609
  25.3547023   38.2346962
  25.3560054   38.2340153
  25.3572947   38.2333186
  25.3585699   38.232606
  25.3598308   38.2318777
  25.3610769   38.2311341
  25.3623081   38.2303751
  25.363524    38.2296011
  25.3647242   38.2288122
  25.3659086   38.2280087
  25.3670768   38.2271906
  25.3682286   38.2263582
  25.3693635   38.2255117
  25.3704815   38.2246514
  25.3715821   38.2237773
  25.3716371   38.223733
  25.3727267   38.22284
  25.3737982   38.2219337
  25.3748514   38.2210142
  25.375886    38.2200818
  25.3769018   38.2191366
  25.3778985   38.218179
  25.3788758   38.2172091
  25.3798335   38.2162272
  25.3807714   38.2152335
  25.3816892   38.2142283
  25.3825867   38.2132119
  25.3834637   38.2121845
  25.38432     38.2111463
  25.3851553   38.2100976
  25.3859695   38.2090386
  25.3867623   38.2079697
  25.3875335   38.2068911
  25.388283    38.2058031
  25.3890106   38.2047058
  25.3897161   38.2035997
  25.3903993   38.202485
  25.39106     38.2013619
  25.3916981   38.2002307
  25.3923134   38.1990918
  25.3929057   38.1979453
  25.392937    38.1978833
  25.3934817   38.1967806
  25.3940052   38.1956715
  25.3945074   38.1945563
  25.3949881   38.1934353
  25.3954472   38.1923087
  25.3958847   38.1911768
  25.3963004   38.1900398
  25.3966942   38.188898
  25.3970661   38.1877516
  25.397416    38.1866009
  25.3977437   38.1854462
  25.3980493   38.1842878
  25.3981074   38.1840588
  25.3984007   38.1828537
  25.3986701   38.1816451
  25.3989154   38.1804333
  25.3991365   38.1792186
  25.3993335   38.1780014
  25.3995062   38.1767818
  25.3996546   38.1755603
  25.3997788   38.174337
  25.3998785   38.1731124
  25.3999539   38.1718867
  25.4000049   38.1706601
  25.4000315   38.1694331
  25.4000337   38.1682059
  25.4000115   38.1669787
  25.3999649   38.165752
  25.3998939   38.164526
  25.3997985   38.163301
  25.3996788   38.1620772
  25.3995347   38.1608551
  25.3995276   38.1607996
  25.3993586   38.1595746
  25.3991651   38.1583519
  25.3989472   38.1571316
  25.398705    38.1559142
  25.3984385   38.1546999
  25.3981478   38.153489
  25.397833    38.1522818
  25.3974941   38.1510787
  25.3971312   38.1498799
  25.3967444   38.1486856
  25.3963339   38.1474963
  25.3958996   38.1463122
  25.3954418   38.1451335
  25.3949605   38.1439606
  25.3944559   38.1427938
  25.393928    38.1416334
  25.393377    38.1404796
  25.3928031   38.1393327
  25.3922063   38.1381931
  25.3915869   38.1370609
  25.3909449   38.1359365
  25.3902806   38.1348201
  25.3895941   38.1337121
  25.3888856   38.1326127
  25.3881552   38.1315221
  25.3874031   38.1304407
  25.3866295   38.1293686
  25.3858347   38.1283063
  25.3850187   38.1272539
  25.3841819   38.1262116
  25.3833243   38.1251798
  25.3824462   38.1241588
  25.3815479   38.1231486
  25.3806296   38.1221497
  25.3796914   38.1211622
  25.3787336   38.1201865
  25.3777565   38.1192226
  25.3767603   38.1182709
  25.3757452   38.1173317
  25.3747114   38.1164051
  25.3736594   38.1154913
  25.3725892   38.1145907
  25.3718745   38.1140078
  25.3711212   38.1131964
  25.3701749   38.11221
  25.3692089   38.1112354
  25.3682236   38.1102729
  25.3672192   38.1093227
  25.3661959   38.1083851
  25.365154    38.1074602
  25.3640937   38.1065483
  25.3630153   38.1056497
  25.3619191   38.1047645
  25.3608053   38.103893
  25.3596742   38.1030354
  25.3585261   38.1021918
  25.3573613   38.1013626
  25.35618     38.1005479
  25.3549826   38.0997479
  25.3537694   38.0989629
  25.3525406   38.0981929
  25.3512965   38.0974383
  25.3500375   38.0966991
  25.3487639   38.0959756
  25.347476    38.095268
  25.3461741   38.0945764
  25.3448586   38.093901
  25.3435297   38.093242
  25.3421878   38.0925995
  25.3408332   38.0919737
  25.3394662   38.0913647
  25.3380873   38.0907727
  25.3366967   38.0901979
  25.3352947   38.0896404
  25.3338818   38.0891003
  25.3324583   38.0885778
  25.3310245   38.0880729
  25.3295808   38.0875859
  25.3281275   38.0871168
  25.3266651   38.0866657
  25.3251938   38.0862329
  25.323714    38.0858182
  25.3222261   38.085422
  25.3207305   38.0850443
  25.3192275   38.0846851
  25.3177175   38.0843446
  25.3162009   38.0840228
  25.3146781   38.0837198
  25.3131494   38.0834357
  25.3116152   38.0831706
  25.3100758   38.0829246
  25.3085318   38.0826976
  25.3069834   38.0824898
  25.3069098   38.0824804
  25.3053438   38.0822902
  25.3037741   38.0821196
  25.3022012   38.0819686
  25.3006255   38.0818373
  25.2990473   38.0817257
  25.297467    38.0816339
  25.2958851   38.0815617
  25.294302    38.0815094
  25.292718    38.0814769
  25.2911335   38.0814641
  25.289549    38.0814712
  25.2879648   38.081498
  25.2863813   38.0815447
  25.284799    38.0816111
  25.2832183   38.0816973
  25.2816394   38.0818032
  25.280063    38.0819288
  25.2784892   38.0820741
  25.2769186   38.0822391
  25.2753515   38.0824237
  25.2737883   38.0826278
  25.2722294   38.0828514
  25.2706752   38.0830945
  25.2691262   38.0833569
  25.2675826   38.0836387
  25.2660449   38.0839397
  25.2645134   38.0842599
  25.2629886   38.0845992
  25.2614709   38.0849575
  25.2599605   38.0853347
  25.258458    38.0857308
  25.2569636   38.0861455
  25.2554778   38.0865789
  25.2540009   38.0870308
  25.2525333   38.087501
  25.2510754   38.0879896
  25.2507431   38.0881034
  25.2493372   38.0885951
  25.2479411   38.0891038
  25.2465551   38.0896293
  25.2451795   38.0901717
  25.2438147   38.0907306
  25.2424611   38.091306
  25.2411189   38.0918978
  25.2397884   38.0925057
  25.23847     38.0931297
  25.2371639   38.0937697
  25.2358706   38.0944254
  25.2345902   38.0950967
  25.2333231   38.0957834
  25.2320697   38.0964854
  25.2308301   38.0972026
  25.2296047   38.0979347
  25.2283938   38.0986815
  25.2271977   38.0994429
  25.2260167   38.1002188
  25.2248509   38.1010088
  25.2237008   38.1018129
  25.2225666   38.1026309
  25.2223798   38.1027677
  25.2212446   38.1036122
  25.2201264   38.1044705
  25.2195807   38.1049028
  25.2190259   38.1053219
  25.217925    38.1061799
  25.2168411   38.1070512
  25.2157745   38.1079356
  25.2147255   38.108833
  25.2136943   38.1097431
  25.2126812   38.1106656
  25.2116864   38.1116004
  25.2107102   38.1125472
  25.2097527   38.1135058
  25.2088143   38.114476
  25.2088063   38.1144844
  25.2079104   38.1154407
  25.207033    38.1164075
  25.2061743   38.1173847
  25.2053345   38.1183719
  25.2045137   38.119369
  25.2037122   38.1203757
  25.2029302   38.1213919
  25.2021677   38.1224172
  25.2014251   38.1234515
  25.2007025   38.1244944
  25.2         38.1255459
  25.1993178   38.1266055
  25.1993111   38.1266161
  25.1985916   38.1277789
  25.1978965   38.1289508
  25.1972261   38.1301315
  25.1965805   38.1313208
  25.1965667   38.1313468
  25.1959663   38.1325042
  25.1953894   38.133669
  25.1948362   38.1348409
  25.1943068   38.1360195
  25.1938012   38.1372046
  25.1933198   38.1383959
  25.1928625   38.139593
  25.1924295   38.1407956
  25.1920209   38.1420035
  25.1916368   38.1432164
  25.1912773   38.1444339
  25.1909425   38.1456557
  25.1906324   38.1468815
  25.1903473   38.1481111
  25.190087    38.149344
  25.1898517   38.15058
  25.1896415   38.1518188
  25.1894564   38.15306
  25.1894554   38.1530672
  25.1892981   38.1542888
  25.189165    38.1555121
  25.1890564   38.1567369
  25.188972    38.1579628
  25.1889121   38.1591896
  25.1888766   38.160417
  25.1888655   38.1616447
  25.1888789   38.1628723
  25.1889166   38.1640995
  25.1889788   38.1653262
  25.1890654   38.1665519
  25.1891763   38.1677764
  25.1893116   38.1689993
  25.1894712   38.1702204
  25.189655    38.1714394
  25.1898631   38.1726559
  25.1900954   38.1738697
  25.1903518   38.1750805
  25.1906323   38.176288
  25.1909367   38.1774918
  25.1912651   38.1786918
  25.1916173   38.1798875
  25.1919932   38.1810787
  25.1923929   38.1822652
  25.192816    38.1834466
  25.1932626   38.1846226
  25.1937326   38.1857929
  25.1942258   38.1869573
  25.1947421   38.1881155
  25.1952814   38.1892672
  25.1958436   38.1904121
  25.1964285   38.1915499
  25.1964316   38.1915558
  25.1970473   38.1927014
  25.197686    38.1938391
  25.1983476   38.1949687
  25.199032    38.1960899
  25.1997388   38.1972024
  25.200468    38.198306
  25.2012193   38.1994003
  25.2019927   38.2004851
  25.2027878   38.2015601
  25.2036045   38.2026251
  25.2044425   38.2036797
  25.2053018   38.2047238
  25.206182    38.205757
  25.2070829   38.2067791
  25.2080043   38.2077898
  25.208946    38.208789
  25.2099078   38.2097762
  25.2108893   38.2107513
  25.2118904   38.2117141
  25.2129108   38.2126643
  25.2139502   38.2136016
  25.2150084   38.2145259
  25.2160851   38.2154369
  25.2160965   38.2154463
  25.2173376   38.2164615
  25.2186018   38.2174589
  25.2192773   38.2179824
  25.2203872   38.2188293
  25.2215137   38.2196626
  25.2226565   38.2204821
  25.2238153   38.2212875
  25.2249899   38.2220788
  25.2261799   38.2228556
  25.2273851   38.2236178
  25.2286052   38.2243652
  25.22984     38.2250977
  25.231089    38.2258151
  25.2311315   38.2258388
  25.2316178   38.2262033
  25.2327682   38.2270389
  25.2339351   38.2278603
  25.2351182   38.2286671
  25.2363174   38.2294593
  25.2375322   38.2302366
  25.2387624   38.2309988
  25.2400077   38.2317457
  25.2412678   38.2324771
  25.2425423   38.233193
  25.243831    38.233893
  25.2451335   38.234577
  25.2464495   38.2352449
  25.2477787   38.2358965
  25.2491207   38.2365316
  25.2504753   38.2371501
  25.2518421   38.2377518
  25.2532207   38.2383366
  25.2546108   38.2389043
  25.2560122   38.2394548
  25.2574243   38.2399879
  25.2588469   38.2405036
  25.2602797   38.2410016
  25.2617222   38.241482
  25.2631741   38.2419444
  25.2646352   38.242389
  25.2661049   38.2428154
  25.2675829   38.2432237
  25.269069    38.2436137
  25.2705626   38.2439854
  25.2720635   38.2443385
  25.2735712   38.2446732
  25.2750855   38.2449892
  25.2766059   38.2452865
  25.278132    38.245565
  25.2796636   38.2458247
  25.279772    38.2458424
END
4
  25.6696544   38.6587628
  25.6699272   38.6586159
  25.6712061   38.6579038
  25.6724705   38.657176
  25.67372     38.6564329
  25.6749544   38.6556744
  25.6761734   38.6549009
  25.6773766   38.6541125
  25.6785639   38.6533093
  25.6797347   38.6524917
  25.6805082   38.6519343
  25.6814214   38.651385
  25.6826356   38.650631
  25.6838345   38.6498623
  25.6850181   38.6490792
  25.6861859   38.6482818
  25.6873377   38.6474703
  25.6884732   38.6466449
  25.6895921   38.6458058
  25.6906942   38.6449533
  25.6917793   38.6440874
  25.6920636   38.643857
  25.6931257   38.6429827
  25.6941703   38.6420957
  25.6951973   38.6411962
  25.6962064   38.6402844
  25.6971973   38.6393605
  25.6981698   38.6384247
  25.6991237   38.6374773
  25.7000587   38.6365184
  25.7009746   38.6355484
  25.7018712   38.6345674
  25.7027483   38.6335757
  25.7036057   38.6325735
  25.7044431   38.6315611
  25.7052604   38.6305387
  25.7060574   38.6295065
  25.7068339   38.6284647
  25.7075896   38.6274138
  25.7083245   38.6263537
  25.7090383   38.625285
  25.7097308   38.6242077
  25.710402    38.6231222
  25.7110516   38.6220287
  25.7116795   38.6209274
  25.7120282   38.6203029
  25.7127646   38.6189492
  25.7129578   38.6185845
  25.7135539   38.6174336
  25.7141265   38.6162754
  25.7146754   38.6151102
  25.7152005   38.6139383
  25.7157016   38.61276
  25.7161787   38.6115756
  25.7166316   38.6103854
  25.7170602   38.6091897
  25.7174643   38.6079888
  25.717844    38.606783
  25.718199    38.6055726
  25.7185294   38.6043579
  25.7188349   38.6031392
  25.7191156   38.6019169
  25.7193714   38.6006912
  25.7196021   38.5994625
  25.7198078   38.598231
  25.7199884   38.5969971
  25.7201439   38.5957611
  25.7202741   38.5945233
  25.7203791   38.593284
  25.7204271   38.5925386
  25.7206386   38.5918487
  25.7209858   38.5906309
  25.7213081   38.5894089
  25.7216053   38.5881831
  25.7218774   38.5869536
  25.7221243   38.5857209
  25.7223459   38.5844853
  25.7225423   38.583247
  25.7227132   38.5820064
  25.7228588   38.5807637
  25.722979    38.5795195
  25.7230737   38.5782738
  25.7231429   38.5770271
  25.7231866   38.5757797
  25.7232047   38.5745318
  25.7231974   38.5732839
  25.7231645   38.5720362
  25.7231061   38.570789
  25.7230222   38.5695428
  25.7229128   38.5682977
  25.722778    38.5670541
  25.7226177   38.5658123
  25.7224321   38.5645727
  25.7222212   38.5633355
  25.7222098   38.5632725
  25.7219799   38.5620696
  25.7217261   38.5608696
  25.7214484   38.5596728
  25.7211468   38.5584795
  25.7208216   38.55729
  25.7204726   38.5561046
  25.7201001   38.5549236
  25.7197042   38.5537473
  25.7192848   38.5525759
  25.7188421   38.5514097
  25.7183762   38.5502491
  25.7178873   38.5490942
  25.7173754   38.5479454
  25.7168407   38.546803
  25.7162833   38.5456673
  25.7157034   38.5445384
  25.715101    38.5434167
  25.7144763   38.5423025
  25.7138296   38.541196
  25.7131608   38.5400975
  25.7124703   38.5390073
  25.7121463   38.5385152
  25.7120036   38.5373654
  25.7118279   38.536149
  25.711628    38.5349349
  25.7114037   38.5337233
  25.7111551   38.5325146
  25.7108824   38.5313091
  25.7105855   38.5301071
  25.7102646   38.5289088
  25.7099197   38.5277146
  25.7095509   38.5265248
  25.7093013   38.5257711
  25.7091597   38.5250062
  25.7089056   38.5237725
  25.7086263   38.5225422
  25.7083219   38.5213154
  25.7079924   38.5200927
  25.7076379   38.5188741
  25.7072586   38.5176602
  25.7068545   38.5164511
  25.7064257   38.5152473
  25.7059723   38.5140489
  25.7054945   38.5128563
  25.7049924   38.5116699
  25.7044661   38.5104899
  25.7039157   38.5093166
  25.7033414   38.5081503
  25.7024691   38.5064202
  25.7019388   38.50539
  25.7016978   38.5049312
  25.7010874   38.5037948
  25.7004542   38.5026661
  25.6997983   38.5015453
  25.6991199   38.5004327
  25.6984192   38.4993286
  25.6976962   38.4982333
  25.6969513   38.4971471
  25.6961845   38.4960701
  25.6953962   38.4950028
  25.6945864   38.4939453
  25.6937554   38.4928979
  25.6929034   38.4918609
  25.6920306   38.4908346
  25.6911372   38.4898191
  25.6910004   38.4896662
  25.6900972   38.4886734
  25.6891744   38.4876917
  25.6882321   38.4867213
  25.6872706   38.4857626
  25.6862901   38.4848157
  25.6852909   38.4838809
  25.6842731   38.4829584
  25.6832371   38.4820484
  25.6821831   38.4811512
  25.6811114   38.4802669
  25.6800221   38.4793959
  25.6789156   38.4785382
  25.6777922   38.4776941
  25.6766521   38.4768639
  25.6754956   38.4760476
  25.6743229   38.4752456
  25.6731345   38.474458
  25.6719304   38.4736849
  25.6707111   38.4729267
  25.6694769   38.4721834
  25.668228    38.4714553
  25.6669648   38.4707426
  25.6656875   38.4700453
  25.6643964   38.4693637
  25.663092    38.468698
  25.6617744   38.4680482
  25.660444    38.4674147
  25.6591012   38.4667974
  25.6577463   38.4661967
  25.6572584   38.4659881
  25.6565118   38.465639
  25.6551577   38.465028
  25.6537916   38.4644338
  25.6524137   38.4638564
  25.6510245   38.4632959
  25.6496242   38.4627525
  25.6482133   38.4622263
  25.646792    38.4617175
  25.6453607   38.4612262
  25.6439197   38.4607525
  25.6438204   38.4607205
  25.6423849   38.460269
  25.6409405   38.459835
  25.6394878   38.4594186
  25.638027    38.4590198
  25.6365585   38.4586388
  25.6350826   38.4582757
  25.6335997   38.4579305
  25.6321101   38.4576034
  25.6306143   38.4572944
  25.6291125   38.4570035
  25.6276051   38.456731
  25.6260925   38.4564767
  25.6245751   38.4562409
  25.6230532   38.4560234
  25.6229506   38.4560094
  25.6214038   38.4558079
  25.6198532   38.4556255
  25.6187082   38.4555051
  25.6173147   38.4553277
  25.6157788   38.4551513
  25.6142396   38.4549936
  25.6126975   38.4548547
  25.6111528   38.4547345
  25.6096059   38.4546332
  25.6080572   38.4545508
  25.606507    38.4544872
  25.6049557   38.4544425
  25.6034038   38.4544166
  25.6018515   38.4544097
  25.6002993   38.4544217
  25.5987475   38.4544526
  25.5971965   38.4545024
  25.5956466   38.4545711
  25.5940984   38.4546586
  25.5940329   38.4546627
  25.5925211   38.4547665
  25.5910115   38.4548883
  25.5895044   38.4550281
  25.5888623   38.4550954
  25.5884428   38.4550134
  25.5869163   38.454735
  25.5853845   38.4544754
  25.5838476   38.4542347
  25.5823062   38.454013
  25.5807604   38.4538102
  25.5792108   38.4536264
  25.5776577   38.4534617
  25.5761015   38.4533161
  25.5745425   38.4531897
  25.5729812   38.4530824
  25.571418    38.4529944
  25.5708844   38.4529709
  25.5708213   38.4529437
  25.5694324   38.4523673
  25.5680321   38.4518081
  25.5666207   38.4512662
  25.5651987   38.4507418
  25.5637662   38.450235
  25.5623238   38.4497459
  25.5608717   38.4492746
  25.5594102   38.4488213
  25.5587938   38.4486389
  25.5585855   38.4485623
  25.5571595   38.4480596
  25.5557237   38.4475744
  25.5542784   38.4471068
  25.5528238   38.4466571
  25.5513605   38.4462252
  25.5498886   38.4458114
  25.5484087   38.4454157
  25.5469211   38.4450381
  25.5454261   38.4446789
  25.5439241   38.444338
  25.5424154   38.4440157
  25.5409005   38.4437118
  25.5393797   38.4434266
  25.5378534   38.4431601
  25.5363219   38.4429123
  25.5347857   38.4426834
  25.5332451   38.4424733
  25.5317004   38.4422822
  25.5301522   38.44211
  25.5286006   38.4419569
  25.5270462   38.4418228
  25.5254894   38.4417078
  25.5239304   38.441612
  25.5223696   38.4415352
  25.5208076   38.4414776
  25.5192446   38.4414392
  25.517681    38.44142
  25.5161172   38.44142
  25.5145536   38.4414391
  25.5129905   38.4414775
  25.5114285   38.441535
  25.5098677   38.4416116
  25.5083087   38.4417074
  25.5067518   38.4418224
  25.5051974   38.4419564
  25.5036459   38.4421095
  25.5020976   38.4422815
  25.500553    38.4424726
  25.4990123   38.4426826
  25.4974761   38.4429115
  25.4959446   38.4431592
  25.4944183   38.4434256
  25.4928975   38.4437107
  25.4913825   38.4440145
  25.4898738   38.4443368
  25.4883718   38.4446776
  25.4868768   38.4450368
  25.4853891   38.4454142
  25.4839092   38.4458099
  25.4824373   38.4462237
  25.4809739   38.4466555
  25.4795194   38.4471052
  25.478074    38.4475726
  25.4766381   38.4480578
  25.4752121   38.4485605
  25.4737963   38.4490806
  25.4723912   38.449618
  25.4709969   38.4501726
  25.4696139   38.4507442
  25.4682425   38.4513328
  25.4668831   38.451938
  25.4655359   38.4525599
  25.4642013   38.4531982
  25.4628797   38.4538528
  25.4615713   38.4545235
  25.4602765   38.4552102
  25.4589956   38.4559127
  25.4577289   38.4566308
  25.4564767   38.4573644
  25.4552394   38.4581132
  25.4542807   38.4587123
  25.4541678   38.4587468
  25.4540875   38.458772
  25.4526348   38.4592369
  25.4511916   38.4597197
  25.4497583   38.4602201
  25.4483352   38.4607382
  25.4469227   38.4612737
  25.4455211   38.4618265
  25.4441308   38.4623965
  25.4427521   38.4629835
  25.4413854   38.4635875
  25.4400309   38.4642081
  25.4386891   38.4648454
  25.4373602   38.4654991
  25.4360446   38.4661691
  25.4347427   38.4668552
  25.4334547   38.4675572
  25.4321809   38.4682749
  25.4309217   38.4690083
  25.4296774   38.469757
  25.4284483   38.470521
  25.4272346   38.4713
  25.4260368   38.4720938
  25.4248551   38.4729023
  25.4236897   38.4737252
  25.422541    38.4745623
  25.4214092   38.4754135
  25.4202947   38.4762785
  25.4191977   38.477157
  25.4181185   38.478049
  25.4170573   38.4789541
  25.4160144   38.4798722
  25.4149901   38.4808029
  25.4139846   38.4817462
  25.4129982   38.4827017
  25.4120311   38.4836692
  25.4110835   38.4846484
  25.4101557   38.4856392
  25.409248    38.4866413
  25.4083604   38.4876544
  25.4074934   38.4886783
  25.406647    38.4897127
  25.4058215   38.4907574
  25.405017    38.4918121
  25.4042339   38.4928765
  25.4034722   38.4939505
  25.4027322   38.4950336
  25.4020141   38.4961258
  25.4013179   38.4972266
  25.400644    38.4983358
  25.3999924   38.4994531
  25.3993634   38.5005783
  25.398757    38.5017111
  25.3981735   38.5028512
  25.397613    38.5039984
  25.3970755   38.5051522
  25.3965613   38.5063125
  25.3960705   38.507479
  25.3956032   38.5086513
  25.3951595   38.5098293
  25.3947395   38.5110125
  25.3943434   38.5122007
  25.3939711   38.5133937
  25.3936229   38.514591
  25.3932988   38.5157925
  25.3929988   38.5169977
  25.3927231   38.5182065
  25.3924718   38.5194186
  25.3922448   38.5206335
  25.3920422   38.5218511
  25.3918642   38.523071
  25.3917107   38.5242929
  25.3915817   38.5255165
  25.3914774   38.5267415
  25.3913977   38.5279677
  25.3913426   38.5291946
  25.3913122   38.5304221
  25.3913065   38.5316497
  25.3913254   38.5328773
  25.3913691   38.5341044
  25.3914373   38.5353309
  25.3915303   38.5365563
  25.3916478   38.5377804
  25.3917899   38.5390029
  25.3919566   38.5402235
  25.3921478   38.5414418
  25.3923634   38.5426577
  25.3926035   38.5438707
  25.3928679   38.5450806
  25.3931566   38.546287
  25.3934695   38.5474898
  25.3938066   38.5486885
  25.3941677   38.5498829
  25.3945528   38.5510727
  25.3949617   38.5522577
  25.3953945   38.5534374
  25.3958508   38.5546116
  25.3963308   38.5557801
  25.3968341   38.5569425
  25.3973608   38.5580985
  25.3979107   38.5592479
  25.3984835   38.5603904
  25.3990793   38.5615257
  25.3996979   38.5626535
  25.400339    38.5637735
  25.4010026   38.5648855
  25.4016884   38.5659892
  25.4023964   38.5670843
  25.4031263   38.5681706
  25.4038779   38.5692477
  25.4046511   38.5703155
  25.4054457   38.5713736
  25.4062615   38.5724217
  25.4070982   38.5734597
  25.4079557   38.5744873
  25.4088338   38.5755042
  25.4097322   38.5765102
  25.4106507   38.577505
  25.4115891   38.5784883
  25.4125472   38.57946
  25.4135247   38.5804198
  25.4145214   38.5813675
  25.4146318   38.5814692
  25.4148373   38.5818517
  25.4154668   38.5829741
  25.4161188   38.5840887
  25.4167931   38.5851951
  25.4174895   38.586293
  25.418208    38.5873822
  25.4189482   38.5884625
  25.41971     38.5895336
  25.4204933   38.5905951
  25.4212978   38.5916469
  25.4221233   38.5926886
  25.4229696   38.5937201
  25.4238366   38.594741
  25.424724    38.5957512
  25.4256316   38.5967503
  25.4265591   38.5977382
  25.4267192   38.5979031
  25.4267458   38.598813
  25.4268062   38.6000361
  25.4268911   38.6012582
  25.4270006   38.6024791
  25.4271345   38.6036985
  25.4272929   38.6049161
  25.4274758   38.6061316
  25.427683    38.6073446
  25.4279145   38.608555
  25.4281703   38.6097623
  25.4284504   38.6109664
  25.4284641   38.6110228
  25.4287699   38.6122296
  25.4291001   38.6134325
  25.4294545   38.6146311
  25.429833    38.6158252
  25.4302356   38.6170145
  25.4306622   38.6181986
  25.4311126   38.6193773
  25.4315868   38.6205503
  25.4320846   38.6217173
  25.4326058   38.622878
  25.4331505   38.6240321
  25.4337184   38.6251794
  25.4343093   38.6263194
  25.4349232   38.6274521
  25.4355599   38.628577
  25.4362192   38.6296939
  25.436901    38.6308025
  25.4376051   38.6319026
  25.4383313   38.6329938
  25.4390795   38.634076
  25.4398494   38.6351488
  25.4406409   38.6362119
  25.4414537   38.6372651
  25.4422878   38.6383082
  25.4431427   38.6393409
  25.4440184   38.6403629
  25.4449147   38.6413739
  25.4458312   38.6423738
  25.4467679   38.6433623
  25.4477243   38.644339
  25.4487004   38.6453039
  25.4496958   38.6462566
  25.4507104   38.6471969
  25.4507723   38.6472534
  25.451821    38.6481945
  25.4528888   38.6491225
  25.4530897   38.6492915
  25.4536566   38.6498796
  25.4546198   38.6508467
  25.4556024   38.651802
  25.4566041   38.652745
  25.4576246   38.6536756
  25.4586637   38.6545936
  25.4597212   38.6554986
  25.4607968   38.6563906
  25.4618902   38.6572693
  25.4624019   38.6576678
  25.4627405   38.6579426
  25.4638942   38.6588487
  25.4650667   38.65974
  25.4662578   38.6606161
  25.4674671   38.6614768
  25.4686943   38.662322
  25.4699391   38.6631513
  25.4701564   38.6632936
  25.4713711   38.6640769
  25.4726015   38.6648451
  25.4738473   38.665598
  25.4751081   38.6663354
  25.4763837   38.6670572
  25.4776737   38.6677632
  25.4789779   38.6684533
  25.4802958   38.6691271
  25.4816272   38.6697846
  25.4829716   38.6704257
  25.4843289   38.6710501
  25.4856987   38.6716576
  25.4870805   38.6722482
  25.4884741   38.6728218
  25.4898792   38.673378
  25.4912953   38.6739169
  25.4927221   38.6744383
  25.4941593   38.674942
  25.4956064   38.6754279
  25.4970633   38.675896
  25.4985294   38.676346
  25.5000044   38.6767779
  25.5014879   38.6771916
  25.5029797   38.677587
  25.5044792   38.6779639
  25.5059862   38.6783223
  25.5075003   38.6786621
  25.509021    38.6789832
  25.510548    38.6792855
  25.512081    38.679569
  25.5121717   38.6795852
  25.5133956   38.6797972
  25.5146228   38.6799973
  25.5151675   38.6800833
  25.5166972   38.6803151
  25.5182313   38.6805283
  25.5197694   38.6807228
  25.5213113   38.6808984
  25.5228565   38.6810553
  25.5244047   38.6811934
  25.5259554   38.6813125
  25.5275083   38.6814127
  25.529063    38.681494
  25.5297852   38.681523
  25.5300255   38.6816077
  25.531466    38.6820941
  25.5329161   38.6825627
  25.5343754   38.6830136
  25.5358436   38.6834464
  25.5373204   38.6838612
  25.5388053   38.6842578
  25.540298    38.6846361
  25.5417982   38.684996
  25.5433055   38.6853375
  25.5448194   38.6856604
  25.5463396   38.6859648
  25.5478658   38.6862504
  25.5493976   38.6865173
  25.5509345   38.6867653
  25.5524763   38.6869944
  25.5540224   38.6872046
  25.5555726   38.6873958
  25.5571265   38.6875679
  25.5586837   38.687721
  25.5602437   38.6878549
  25.5618062   38.6879697
  25.5633709   38.6880652
  25.5649373   38.6881416
  25.566505    38.6881987
  25.5680737   38.6882366
  25.569643    38.6882552
  25.5712124   38.6882546
  25.5727816   38.6882346
  25.5743503   38.6881955
  25.5759179   38.6881371
  25.5774842   38.6880595
  25.5790488   38.6879626
  25.5806111   38.6878466
  25.582171    38.6877114
  25.5837279   38.6875571
  25.5852816   38.6873837
  25.5868315   38.6871912
  25.5883774   38.6869797
  25.5899189   38.6867493
  25.5912388   38.6865352
  25.5921195   38.6865298
  25.5936902   38.6865008
  25.5941167   38.6864903
  25.595657    38.6864432
  25.5971963   38.6863774
  25.598734    38.6862931
  25.6002699   38.6861903
  25.6018035   38.686069
  25.6033346   38.6859292
  25.6048627   38.685771
  25.6063876   38.6855944
  25.6079087   38.6853994
  25.6094258   38.6851861
  25.6109385   38.6849545
  25.6124464   38.6847048
  25.6128676   38.6846324
  25.6143928   38.6843603
  25.6159123   38.6840696
  25.6174258   38.6837604
  25.6189329   38.6834327
  25.6204333   38.6830866
  25.6219265   38.6827222
  25.6234122   38.6823395
  25.62489     38.6819388
  25.6263597   38.6815199
  25.6278207   38.6810832
  25.6292728   38.6806286
  25.6307155   38.6801564
  25.6321487   38.6796665
  25.6335718   38.6791591
  25.6349845   38.6786344
  25.6363865   38.6780925
  25.6377775   38.6775335
  25.6391571   38.6769575
  25.640525    38.6763647
  25.6418808   38.6757552
  25.6432242   38.6751293
  25.6445548   38.6744869
  25.6458724   38.6738284
  25.646677    38.6734192
  25.6480426   38.6727123
  25.6493931   38.671988
  25.6507282   38.6712465
  25.6520476   38.6704879
  25.6533508   38.6697126
  25.6546376   38.6689206
  25.6559075   38.6681122
  25.6571602   38.6672877
  25.6573855   38.6671369
  25.6585673   38.6663334
  25.6597327   38.6655156
  25.6608815   38.6646835
  25.6620135   38.6638374
  25.6631283   38.6629776
  25.6642256   38.6621042
  25.6642646   38.6620722
  25.6651033   38.6615901
  25.6663516   38.6608486
  25.6675849   38.6600918
  25.6688028   38.65932
  25.6696544   38.6587628
END
5
  26.068129    39.3878617
  26.0670239   39.3879364
  26.0669304   39.3879105
  26.0654781   39.3874881
  26.0643851   39.387155
  26.0630598   39.3867628
  26.0616353   39.3863217
  26.0602198   39.3858637
  26.0588136   39.385389
  26.0586513   39.385333
  26.0572606   39.3848438
  26.0558798   39.3843381
  26.0545091   39.3838162
  26.0531489   39.3832781
  26.0517996   39.382724
  26.0504614   39.382154
  26.0491346   39.3815682
  26.0478196   39.3809667
  26.0465167   39.3803498
  26.0464122   39.3802986
  26.0463048   39.380249
  26.0449671   39.3796089
  26.0436426   39.3789525
  26.0423317   39.3782801
  26.0410347   39.3775918
  26.0397518   39.3768878
  26.0384834   39.3761682
  26.0372299   39.3754333
  26.0367309   39.375131
  26.0359866   39.3751091
  26.0343838   39.375042
  26.0342959   39.3750372
  26.0331498   39.3749943
  26.0315762   39.3749162
  26.0300044   39.3748188
  26.0284348   39.3747023
  26.0268678   39.3745666
  26.0253038   39.3744117
  26.0237431   39.3742379
  26.0231938   39.3741732
  26.0212899   39.3739347
  26.0193923   39.3736677
  26.0186836   39.3735625
  26.017149    39.3733251
  26.0156195   39.3730691
  26.0140953   39.3727946
  26.0125769   39.3725017
  26.0110646   39.3721904
  26.0095588   39.3718608
  26.0080599   39.371513
  26.0065682   39.371147
  26.0050841   39.3707631
  26.003608    39.3703612
  26.0021403   39.3699414
  26.0006812   39.3695039
  25.9992311   39.3690488
  25.9977905   39.3685762
  25.9963596   39.3680861
  25.9949389   39.3675788
  25.9940425   39.3672455
  25.9928033   39.3669944
  25.9913096   39.3666724
  25.9898225   39.3663326
  25.9883424   39.3659749
  25.9868696   39.3655996
  25.9854046   39.3652065
  25.9839477   39.364796
  25.9824991   39.3643679
  25.9810594   39.3639226
  25.9796288   39.3634599
  25.9794842   39.3634111
  25.9790208   39.3633155
  25.9775167   39.3629857
  25.9760194   39.3626377
  25.9754336   39.3624937
  25.9754206   39.3624943
  25.9747657   39.3625192
  25.9732078   39.3625689
  25.9716492   39.3625999
  25.9703048   39.3626103
  25.9696733   39.3628823
  25.9682908   39.363456
  25.9668968   39.3640128
  25.9654917   39.3645526
  25.9640757   39.3650752
  25.9626493   39.3655806
  25.9612128   39.3660686
  25.9597666   39.366539
  25.958311    39.3669919
  25.9568463   39.3674269
  25.955373    39.3678442
  25.9538914   39.3682434
  25.9524018   39.3686246
  25.9509047   39.3689877
  25.9505019   39.3690827
  25.9490105   39.3694247
  25.9475123   39.3697486
  25.9460078   39.3700545
  25.9444973   39.3703422
  25.9429812   39.3706116
  25.9414599   39.3708628
  25.9399336   39.3710956
  25.9384029   39.37131
  25.936868    39.3715059
  25.9353294   39.3716833
  25.9337874   39.3718421
  25.9322423   39.3719824
  25.9306946   39.372104
  25.9296894   39.3721707
  25.9287338   39.372324
  25.9271931   39.3725516
  25.9256478   39.3727605
  25.9240986   39.3729505
  25.9225456   39.3731218
  25.9209894   39.3732741
  25.9194302   39.3734075
  25.9178686   39.373522
  25.9163048   39.3736175
  25.9147392   39.3736939
  25.9131723   39.3737514
  25.9116045   39.3737898
  25.910036    39.3738091
  25.9084673   39.3738094
  25.9068988   39.3737907
  25.9053309   39.3737529
  25.903764    39.373696
  25.9021984   39.3736201
  25.9006346   39.3735252
  25.8990728   39.3734114
  25.8975136   39.3732785
  25.8959573   39.3731268
  25.8944042   39.3729561
  25.8928548   39.3727666
  25.8913095   39.3725584
  25.8897685   39.3723313
  25.8882324   39.3720856
  25.8867015   39.3718212
  25.8851761   39.3715383
  25.8836567   39.3712369
  25.8821436   39.370917
  25.8806371   39.3705789
  25.8791378   39.3702224
  25.8776458   39.3698478
  25.8761617   39.3694551
  25.8746857   39.3690444
  25.8732183   39.3686158
  25.8717597   39.3681695
  25.8703104   39.3677055
  25.8688707   39.3672239
  25.867441    39.3667249
  25.8660216   39.3662086
  25.8646129   39.3656751
  25.8632151   39.3651246
  25.8618288   39.3645571
  25.8604541   39.3639729
  25.860103    39.363818
  25.8596637   39.3636514
  25.8582684   39.363101
  25.8568845   39.3625337
  25.8555122   39.3619497
  25.854152    39.3613491
  25.8528041   39.3607321
  25.8514689   39.3600987
  25.8501467   39.3594493
  25.8488379   39.3587839
  25.8475427   39.3581027
  25.8462615   39.3574058
  25.8449946   39.3566935
  25.8437424   39.3559659
  25.842505    39.3552232
  25.8412829   39.3544655
  25.8400763   39.3536931
  25.8388855   39.3529062
  25.8377109   39.3521049
  25.8365526   39.3512894
  25.835411    39.3504599
  25.8342864   39.3496167
  25.8331791   39.34876
  25.8320893   39.3478899
  25.8310172   39.3470067
  25.8299633   39.3461105
  25.8289276   39.3452017
  25.8279105   39.3442804
  25.8269122   39.3433469
  25.8260848   39.3425479
  25.8257982   39.3423996
  25.8245093   39.34171
  25.8232346   39.3410048
  25.8219743   39.3402842
  25.8207289   39.3395484
  25.8194985   39.3387975
  25.8182836   39.3380318
  25.8170843   39.3372514
  25.815901    39.3364565
  25.814734    39.3356474
  25.8135836   39.3348242
  25.81245     39.3339871
  25.8113335   39.3331363
  25.8102345   39.3322721
  25.8091531   39.3313946
  25.8080897   39.3305041
  25.8078751   39.3303215
  25.8068312   39.3294193
  25.8058057   39.3285045
  25.8047988   39.3275774
  25.8038109   39.3266382
  25.8028422   39.3256871
  25.8018928   39.3247244
  25.8009631   39.3237502
  25.8000532   39.3227649
  25.7991634   39.3217686
  25.7988563   39.3214129
  25.7987092   39.3212849
  25.7976786   39.3203586
  25.796667    39.3194197
  25.7961412   39.3189237
  25.7950801   39.3179053
  25.7940413   39.3168731
  25.7930253   39.3158274
  25.7920324   39.3147686
  25.7916754   39.314374
  25.7913086   39.3141326
  25.7901298   39.3133317
  25.7889675   39.3125165
  25.7878218   39.3116873
  25.7866931   39.3108443
  25.7855817   39.3099876
  25.7850253   39.309552
  25.7839354   39.3086851
  25.7828631   39.307805
  25.7818088   39.3069121
  25.7807727   39.3060065
  25.779755    39.3050885
  25.778756    39.3041582
  25.777776    39.3032159
  25.7768152   39.3022619
  25.7758738   39.3012963
  25.774952    39.3003194
  25.7740501   39.2993315
  25.7731684   39.2983327
  25.7723069   39.2973233
  25.771466    39.2963037
  25.7706458   39.2952739
  25.7698465   39.2942343
  25.7690684   39.2931852
  25.7683116   39.2921267
  25.7675763   39.2910591
  25.7668627   39.2899828
  25.766171    39.2888979
  25.7655013   39.2878048
  25.7648538   39.2867037
  25.7642286   39.2855948
  25.763626    39.2844785
  25.763046    39.283355
  25.7624888   39.2822246
  25.7619546   39.2810875
  25.7614434   39.2799441
  25.7609554   39.2787947
  25.7604908   39.2776394
  25.7600495   39.2764786
  25.7596318   39.2753126
  25.7592377   39.2741417
  25.7588674   39.2729661
  25.7585209   39.2717861
  25.7581983   39.2706021
  25.7581332   39.2703432
  25.7573606   39.2694958
  25.756478    39.2684949
  25.7563285   39.2683196
  25.7561517   39.2681297
  25.7560605   39.2680301
  25.755156    39.2670251
  25.7542722   39.2660092
  25.7534093   39.2649825
  25.7525675   39.2639454
  25.7517471   39.262898
  25.7509482   39.2618407
  25.7501711   39.2607737
  25.7494159   39.2596973
  25.7486828   39.2586118
  25.7479721   39.2575173
  25.7472838   39.2564143
  25.7466182   39.2553029
  25.7464462   39.2550034
  25.7458662   39.2545118
  25.7448481   39.2536215
  25.7438477   39.2527193
  25.7428654   39.2518052
  25.7419014   39.2508795
  25.7409559   39.2499424
  25.7400291   39.2489942
  25.7391213   39.248035
  25.7382326   39.2470651
  25.7373633   39.2460847
  25.7365135   39.245094
  25.7356836   39.2440934
  25.7348736   39.2430829
  25.7340838   39.2420629
  25.7333143   39.2410336
  25.7325654   39.2399953
  25.7318372   39.2389481
  25.7311299   39.2378924
  25.7304436   39.2368283
  25.7297786   39.2357562
  25.7291349   39.2346762
  25.7285127   39.2335887
  25.7284987   39.2335637
  25.7278716   39.2324192
  25.7272683   39.231267
  25.726689    39.2301075
  25.7261339   39.2289408
  25.725603    39.2277674
  25.7250966   39.2265875
  25.7246147   39.2254014
  25.7241575   39.2242094
  25.7237252   39.2230119
  25.7233177   39.2218091
  25.7229352   39.2206014
  25.7225779   39.2193891
  25.7222458   39.2181724
  25.7219389   39.2169518
  25.7216575   39.2157274
  25.7214014   39.2144997
  25.721394    39.2144623
  25.7211662   39.2132465
  25.7209633   39.2120281
  25.7207854   39.2108073
  25.7206326   39.2095844
  25.7205048   39.2083598
  25.7204022   39.2071337
  25.7203247   39.2059065
  25.7202724   39.2046785
  25.7202452   39.20345
  25.7202433   39.2022213
  25.7202576   39.2014622
  25.7202511   39.20114
  25.720239    39.199909
  25.7202522   39.198678
  25.7202906   39.1974473
  25.7203543   39.1962172
  25.7204433   39.194988
  25.7205575   39.1937601
  25.7206969   39.1925336
  25.7208614   39.1913091
  25.7210511   39.1900867
  25.7212659   39.1888668
  25.7215056   39.1876496
  25.7217704   39.1864356
  25.72206     39.1852249
  25.7223744   39.184018
  25.7227136   39.1828151
  25.7230775   39.1816165
  25.7230914   39.1815722
  25.7234718   39.1804018
  25.7238758   39.179236
  25.7243032   39.1780753
  25.7247539   39.1769199
  25.7252279   39.17577
  25.7257248   39.174626
  25.7262448   39.1734881
  25.7267876   39.1723567
  25.727353    39.1712319
  25.7279411   39.170114
  25.7285516   39.1690034
  25.7291843   39.1679003
  25.7298391   39.166805
  25.730516    39.1657177
  25.7312146   39.1646387
  25.7319348   39.1635683
  25.7324587   39.1628184
  25.7326918   39.1624758
  25.7327481   39.1623947
  25.7334973   39.1613348
  25.7342678   39.1602841
  25.7350593   39.1592428
  25.7358717   39.1582112
  25.7367048   39.1571896
  25.7375584   39.1561782
  25.7384322   39.1551772
  25.7393261   39.1541869
  25.7402398   39.1532075
  25.7411731   39.1522393
  25.7421258   39.1512825
  25.7430977   39.1503374
  25.7440884   39.1494041
  25.7444964   39.1490318
  25.7450994   39.1481344
  25.74586     39.1470453
  25.7466429   39.1459657
  25.747448    39.144896
  25.7482751   39.1438365
  25.7491239   39.1427872
  25.7499943   39.1417487
  25.7508859   39.140721
  25.7517987   39.1397046
  25.7527323   39.1386996
  25.7528552   39.1385716
  25.7531521   39.1382311
  25.7540466   39.1372387
  25.754961    39.1362573
  25.7558951   39.1352871
  25.7568486   39.1343283
  25.7578213   39.1333812
  25.7587612   39.1324949
  25.7593332   39.131878
  25.7602712   39.1308993
  25.761229    39.1299321
  25.7622063   39.1289768
  25.7632028   39.1280335
  25.7642184   39.1271024
  25.7652528   39.1261839
  25.7663057   39.1252781
  25.7673768   39.1243853
  25.7684659   39.1235057
  25.7695728   39.1226395
  25.7706971   39.1217869
  25.7711604   39.1214464
  25.771179    39.1214312
  25.7722672   39.1205631
  25.7733728   39.1197084
  25.7735398   39.1195813
  25.7737874   39.1193936
  25.7741224   39.1191404
  25.7752521   39.1182998
  25.7763988   39.117473
  25.777562    39.1166603
  25.7787414   39.1158618
  25.7799369   39.1150777
  25.7811481   39.1143083
  25.7823747   39.1135537
  25.7836163   39.1128141
  25.7848728   39.1120897
  25.7861438   39.1113807
  25.7874289   39.1106872
  25.7887279   39.1100094
  25.7897881   39.1094748
  25.7905864   39.1085026
  25.7914501   39.1074863
  25.7923342   39.1064807
  25.7932387   39.1054859
  25.7941631   39.1045023
  25.7951074   39.1035301
  25.7960713   39.1025695
  25.7970544   39.1016207
  25.7980567   39.1006841
  25.7990779   39.0997597
  25.8001176   39.098848
  25.8011756   39.097949
  25.8022518   39.097063
  25.8033457   39.0961902
  25.8044572   39.0953309
  25.8046243   39.0952038
  25.8050261   39.094898
  25.8051921   39.0947719
  25.8053374   39.0946617
  25.8055054   39.0945346
  25.8066369   39.093692
  25.8077852   39.0928632
  25.8089502   39.0920486
  25.8101315   39.0912482
  25.8113289   39.0904623
  25.812542    39.0896912
  25.8137706   39.0889349
  25.8150143   39.0881936
  25.8162729   39.0874676
  25.8175461   39.0867571
  25.8188334   39.0860621
  25.8201347   39.0853829
  25.8214495   39.0847197
  25.8227776   39.0840726
  25.8241186   39.0834417
  25.8254723   39.0828273
  25.8268382   39.0822294
  25.828216    39.0816483
  25.8296054   39.081084
  25.8310061   39.0805367
  25.831597    39.0803148
  25.8323109   39.0798821
  25.8335589   39.0791497
  25.8348216   39.0784326
  25.8360985   39.0777309
  25.8373895   39.0770449
  25.8386942   39.0763746
  25.8400122   39.0757203
  25.8413433   39.0750821
  25.8426871   39.0744602
  25.8440433   39.0738547
  25.8454115   39.0732657
  25.8467915   39.0726935
  25.8481828   39.0721381
  25.8495852   39.0715997
  25.8509983   39.0710785
  25.8524217   39.0705745
  25.852994    39.0703802
  25.8533774   39.0702201
  25.8547826   39.0696553
  25.856199    39.0691079
  25.8576265   39.0685781
  25.8590646   39.0680658
  25.860513    39.0675713
  25.8619713   39.0670946
  25.8634391   39.066636
  25.8649162   39.0661955
  25.866402    39.0657732
  25.8678963   39.0653693
  25.8683912   39.0652423
  25.8692117   39.0642181
  25.8700721   39.0631813
  25.8709536   39.0621552
  25.871856    39.0611401
  25.8727791   39.0601363
  25.8737227   39.059144
  25.8746865   39.0581635
  25.8756702   39.057195
  25.8766737   39.0562387
  25.8776966   39.055295
  25.8787388   39.054364
  25.8797999   39.053446
  25.8808797   39.0525412
  25.8819779   39.0516499
  25.8830942   39.0507722
  25.8842283   39.0499085
  25.8853801   39.0490588
  25.886549    39.0482235
  25.887735    39.0474027
  25.8889376   39.0465967
  25.8901566   39.0458056
  25.8913916   39.0450297
  25.8926424   39.0442692
  25.8939086   39.0435241
  25.8951899   39.0427949
  25.896486    39.0420815
  25.896663    39.0419857
  25.897993    39.0412783
  25.8993376   39.0405876
  25.9006964   39.0399138
  25.901309    39.0396154
  25.9025735   39.0390106
  25.9031511   39.0387243
  25.9045252   39.0380672
  25.9059128   39.0374275
  25.9073136   39.0368053
  25.9087271   39.0362008
  25.9101529   39.0356141
  25.9105606   39.0354528
  25.9114115   39.0350967
  25.9128149   39.0345314
  25.9142297   39.0339835
  25.9156555   39.033453
  25.9170919   39.0329401
  25.9185386   39.0324449
  25.9199952   39.0319677
  25.9214614   39.0315083
  25.9229367   39.0310671
  25.9244208   39.0306441
  25.9259134   39.0302394
  25.927414    39.0298531
  25.9289224   39.0294853
  25.930438    39.0291361
  25.9319606   39.0288056
  25.9334897   39.0284938
  25.935025    39.0282009
  25.936566    39.027927
  25.9381125   39.027672
  25.9396639   39.0274361
  25.94122     39.0272193
  25.9427803   39.0270217
  25.9443444   39.0268432
  25.945912    39.0266841
  25.9474826   39.0265443
  25.9490559   39.0264238
  25.9506314   39.0263226
  25.9522088   39.0262409
  25.9537877   39.0261786
  25.9553676   39.0261357
  25.9569482   39.0261123
  25.9585291   39.0261083
  25.9601099   39.0261238
  25.9616901   39.0261587
  25.9632695   39.026213
  25.9648475   39.0262868
  25.9664238   39.02638
  25.9672155   39.0264366
  25.9680954   39.0264443
  25.9696706   39.0264774
  25.9712449   39.0265299
  25.9728179   39.0266017
  25.9743893   39.0266927
  25.9759586   39.026803
  25.9775255   39.0269325
  25.9790896   39.0270813
  25.9806504   39.0272491
  25.9822077   39.0274362
  25.9837609   39.0276422
  25.9853098   39.0278673
  25.9860994   39.0279921
  25.9865524   39.0280358
  25.9878781   39.0276376
  25.988711    39.0273991
  25.9898279   39.0270579
  25.9912885   39.026632
  25.9927576   39.0262239
  25.9942347   39.0258336
  25.9957194   39.0254614
  25.9972115   39.0251072
  25.9981619   39.0248941
  25.9986835   39.0246746
  26.0000531   39.0241194
  26.0014335   39.0235807
  26.0028245   39.0230587
  26.0042257   39.0225535
  26.0045455   39.0224428
  26.0049264   39.0221275
  26.0060097   39.0212584
  26.0071103   39.0204024
  26.0072763   39.0202753
  26.0083998   39.0194285
  26.0095402   39.0185954
  26.0106974   39.0177764
  26.0118709   39.0169715
  26.0130605   39.016181
  26.0142659   39.0154051
  26.0154868   39.014644
  26.0167229   39.0138978
  26.017974    39.0131668
  26.0192396   39.0124511
  26.02007     39.0119969
  26.0208475   39.0115566
  26.0221326   39.0108526
  26.0234319   39.0101644
  26.024745    39.0094922
  26.0260715   39.0088361
  26.0274112   39.0081964
  26.0287637   39.0075731
  26.0301286   39.0069665
  26.0315057   39.0063766
  26.0328945   39.0058037
  26.0342948   39.0052478
  26.0357062   39.0047091
  26.0371284   39.0041878
  26.0385609   39.003684
  26.0400034   39.0031977
  26.0411475   39.0028286
  26.0412483   39.0027896
  26.0426611   39.0022647
  26.0440844   39.0017571
  26.0455177   39.0012668
  26.0469608   39.0007942
  26.0484132   39.0003391
  26.0496106   38.9999809
  26.0498618   38.9996812
  26.0501695   38.9991144
  26.0507947   38.9980107
  26.0514418   38.9969148
  26.0521109   38.9958268
  26.0528015   38.994747
  26.0535137   38.9936757
  26.0542473   38.992613
  26.055002    38.9915594
  26.0557776   38.9905149
  26.0565741   38.98948
  26.0573912   38.9884548
  26.0582286   38.9874396
  26.0590863   38.9864345
  26.059964    38.98544
  26.0608614   38.9844562
  26.0617784   38.9834833
  26.0627148   38.9825216
  26.0636703   38.9815713
  26.0638741   38.981375
  26.0643504   38.980848
  26.0644845   38.9807021
  26.0654094   38.9797124
  26.0663543   38.9787342
  26.0673188   38.9777677
  26.0683029   38.9768131
  26.0693062   38.9758707
  26.0700194   38.9752218
  26.0702292   38.9750204
  26.0712185   38.9740999
  26.0722261   38.9731914
  26.0732517   38.9722951
  26.0742949   38.9714112
  26.0753555   38.9705399
  26.0764334   38.9696815
  26.0775282   38.9688361
  26.0776489   38.9687443
  26.0787716   38.9679039
  26.079911    38.9670773
  26.0810669   38.9662645
  26.082239    38.9654659
  26.0827417   38.965134
  26.0833374   38.9643635
  26.0841637   38.9633316
  26.0850106   38.9623099
  26.0858781   38.9612986
  26.0867658   38.9602979
  26.0876736   38.9593082
  26.0886012   38.9583297
  26.0895483   38.9573625
  26.0905149   38.956407
  26.0915005   38.9554634
  26.0925051   38.9545318
  26.0935283   38.9536127
  26.0945699   38.952706
  26.0956296   38.9518122
  26.0967071   38.9509314
  26.0978023   38.9500637
  26.0989148   38.9492096
  26.1000444   38.948369
  26.1011908   38.9475423
  26.1023537   38.9467297
  26.1035328   38.9459313
  26.1047278   38.9451474
  26.1059385   38.9443781
  26.1071645   38.9436237
  26.1084055   38.9428842
  26.1096613   38.94216
  26.1109315   38.9414512
  26.1122159   38.9407579
  26.113514    38.9400803
  26.1148256   38.9394186
  26.1161504   38.938773
  26.1174881   38.9381435
  26.1188382   38.9375305
  26.1202005   38.9369339
  26.1215746   38.9363541
  26.1229603   38.935791
  26.1243571   38.9352449
  26.1257648   38.9347158
  26.1258985   38.9346666
  26.1273297   38.9341501
  26.1287712   38.9336513
  26.1302227   38.9331703
  26.1316837   38.9327072
  26.133154    38.9322621
  26.1346332   38.9318351
  26.1361208   38.9314264
  26.1376166   38.931036
  26.1391201   38.930664
  26.1406309   38.9303106
  26.1421488   38.9299758
  26.1436733   38.9296597
  26.145204    38.9293623
  26.1467405   38.9290839
  26.1482826   38.9288243
  26.1498297   38.9285838
  26.1513815   38.9283623
  26.1529376   38.9281599
  26.1544976   38.9279766
  26.1560612   38.9278126
  26.1576278   38.9276678
  26.1591973   38.9275423
  26.1607691   38.9274361
  26.1623428   38.9273492
  26.1639181   38.9272817
  26.1654946   38.9272336
  26.1670719   38.9272049
  26.1686496   38.9271955
  26.1702272   38.9272056
  26.1718045   38.927235
  26.1733809   38.9272839
  26.1749562   38.9273521
  26.1765299   38.9274397
  26.1781016   38.9275466
  26.1796709   38.9276729
  26.1812375   38.9278184
  26.1828009   38.9279831
  26.1843608   38.9281671
  26.1859167   38.9283702
  26.1874684   38.9285924
  26.1890153   38.9288337
  26.1905571   38.9290939
  26.1920935   38.9293731
  26.193624    38.9296711
  26.1951482   38.9299879
  26.1966658   38.9303235
  26.1981764   38.9306776
  26.1996796   38.9310502
  26.2011751   38.9314413
  26.2026624   38.9318507
  26.2041412   38.9322784
  26.2056112   38.9327242
  26.2058302   38.9327921
  26.2074225   38.9332987
  26.2090034   38.9338266
  26.2105724   38.9343756
  26.2121289   38.9349456
  26.21395     38.9356273
  26.2153693   38.9361695
  26.2167773   38.936729
  26.2181737   38.9373058
  26.2195583   38.9378998
  26.2195882   38.9379131
  26.2203538   38.937704
  26.2206894   38.9376147
  26.2220133   38.9372716
  26.2225564   38.9370894
  26.2240101   38.9366229
  26.2254731   38.9361742
  26.226945    38.9357434
  26.2284254   38.9353308
  26.2295543   38.9350317
  26.2305686   38.9343834
  26.231785    38.9336304
  26.2330162   38.9328923
  26.2342621   38.9321691
  26.2355224   38.9314611
  26.2367966   38.9307684
  26.2370295   38.9306439
  26.2383211   38.9299649
  26.2396261   38.9293017
  26.2409443   38.9286543
  26.2422754   38.9280231
  26.2436189   38.9274081
  26.2449746   38.9268095
  26.2463422   38.9262275
  26.2477213   38.9256621
  26.2491115   38.9251136
  26.2496389   38.9249134
  26.2502546   38.9245892
  26.2515606   38.9239243
  26.2528799   38.9232753
  26.254212    38.9226425
  26.2542298   38.9226343
  26.2546776   38.9223174
  26.2558575   38.9215084
  26.2570537   38.920714
  26.2582657   38.9199343
  26.2594934   38.9191696
  26.2607365   38.91842
  26.2619945   38.9176858
  26.2632673   38.916967
  26.2645545   38.9162639
  26.2650986   38.9159766
  26.2653086   38.9158519
  26.2665823   38.9151205
  26.2678707   38.9144048
  26.2691735   38.9137052
  26.2704904   38.9130217
  26.2718211   38.9123545
  26.2731653   38.9117038
  26.2759746   38.9103678
  26.2773144   38.9097417
  26.2786667   38.9091321
  26.280031    38.908539
  26.2814072   38.9079625
  26.2827947   38.9074029
  26.2841934   38.9068603
  26.2856028   38.9063348
  26.2870226   38.9058265
  26.2884524   38.9053356
  26.289892    38.9048621
  26.2913409   38.9044062
  26.2927988   38.9039681
  26.2942653   38.9035477
  26.2957401   38.9031453
  26.2972228   38.9027609
  26.2987131   38.9023946
  26.3002106   38.9020465
  26.3017149   38.9017167
  26.3032256   38.9014052
  26.3047424   38.9011122
  26.3062649   38.9008377
  26.3077928   38.9005818
  26.3093256   38.9003446
  26.310863    38.900126
  26.3124046   38.8999262
  26.3139501   38.8997452
  26.315047    38.8996304
  26.3160131   38.8995122
  26.3177102   38.899315
  26.3192298   38.8991477
  26.3207526   38.8989986
  26.3222782   38.8988677
  26.3238061   38.8987551
  26.3253361   38.8986608
  26.3268678   38.8985848
  26.3284008   38.8985272
  26.3299348   38.8984879
  26.3314694   38.8984669
  26.3330042   38.8984644
  26.3345388   38.8984802
  26.3359948   38.8985126
  26.3364636   38.8984542
  26.3380219   38.8982795
  26.3388144   38.8982007
  26.3392299   38.8980909
  26.340724    38.8977165
  26.3422255   38.8973605
  26.343734    38.8970228
  26.3445699   38.8968468
  26.34541     38.8964341
  26.346755    38.8957964
  26.3481128   38.8951753
  26.3494829   38.8945709
  26.3508651   38.8939834
  26.3522591   38.893413
  26.3536645   38.8928597
  26.3550809   38.8923238
  26.356508    38.8918053
  26.3579454   38.8913044
  26.3593928   38.8908212
  26.3608498   38.8903559
  26.3623161   38.8899085
  26.3637912   38.8894791
  26.3652749   38.8890679
  26.3656531   38.8889657
  26.3671233   38.8885784
  26.3686011   38.8882088
  26.370086    38.8878572
  26.3715778   38.8875236
  26.3730761   38.8872081
  26.3745806   38.8869108
  26.3760907   38.8866317
  26.3776063   38.886371
  26.3791269   38.8861286
  26.3806522   38.8859046
  26.3821817   38.8856991
  26.3837152   38.8855122
  26.3852522   38.8853438
  26.3867924   38.8851941
  26.3883354   38.885063
  26.3898808   38.8849506
  26.3914283   38.8848569
  26.3929774   38.884782
  26.3945279   38.8847258
  26.3960793   38.8846885
  26.3976313   38.8846698
  26.3991835   38.88467
  26.4007354   38.884689
  26.4022868   38.8847267
  26.4029404   38.8847505
  26.4035856   38.8846759
  26.4051318   38.8845161
  26.4066811   38.8843752
  26.408233    38.8842532
  26.4097871   38.88415
  26.4113432   38.8840658
  26.4129007   38.8840005
  26.4144593   38.8839541
  26.4160187   38.8839267
  26.4175785   38.8839183
  26.4191382   38.8839288
  26.4206975   38.8839584
  26.4222561   38.8840068
  26.4238135   38.8840743
  26.4246342   38.8841148
  26.4262316   38.8842038
  26.427827    38.8843126
  26.42942     38.8844414
  26.43101     38.8845901
  26.4325969   38.8847586
  26.43418     38.8849469
  26.4357591   38.8851549
  26.4373336   38.8853826
  26.4389033   38.88563
  26.4404677   38.8858969
  26.4420263   38.8861834
  26.4431086   38.8863966
  26.4438582   38.8865002
  26.4453927   38.8867315
  26.4458408   38.8868047
  26.4466434   38.886919
  26.4479396   38.8871116
  26.4494998   38.8873535
  26.4510549   38.8876147
  26.4526045   38.8878951
  26.4541481   38.8881948
  26.4556854   38.8885136
  26.4572159   38.8888514
  26.4587394   38.8892081
  26.4602553   38.8895837
  26.4615319   38.8899175
  26.4616521   38.8899329
  26.4631708   38.890146
  26.4646851   38.8903775
  26.4661946   38.8906271
  26.4676989   38.8908949
  26.4691978   38.8911807
  26.4698115   38.8913056
  26.4703545   38.8914097
  26.4718704   38.8917202
  26.4730877   38.8919855
  26.473787    38.8920716
  26.473827    38.892077
  26.4739954   38.8920224
  26.4754475   38.8915722
  26.4769085   38.8911398
  26.478378    38.8907253
  26.4798557   38.8903287
  26.4813412   38.8899501
  26.4828341   38.8895897
  26.484334    38.8892475
  26.4858407   38.8889237
  26.4873537   38.8886183
  26.4888726   38.8883313
  26.4903972   38.8880629
  26.4919269   38.8878131
  26.4934615   38.887582
  26.4950006   38.8873696
  26.4965437   38.8871759
  26.4980906   38.8870012
  26.4996407   38.8868452
  26.5011939   38.8867083
  26.5027495   38.8865902
  26.5043074   38.8864911
  26.5058671   38.886411
  26.5074282   38.88635
  26.5089903   38.886308
  26.5105531   38.886285
  26.5121161   38.8862811
  26.513679    38.8862962
  26.5152415   38.8863304
  26.516803    38.8863836
  26.5183633   38.8864558
  26.519922    38.8865471
  26.5214786   38.8866573
  26.5230328   38.8867865
  26.5245843   38.8869346
  26.5261325   38.8871016
  26.5276772   38.8872874
  26.529218    38.8874921
  26.5307545   38.8877155
  26.5322863   38.8879576
  26.533813    38.8882184
  26.5345712   38.8883527
  26.5361595   38.8886448
  26.5377414   38.888957
  26.5393166   38.8892894
  26.5408846   38.8896417
  26.5424449   38.8900139
  26.5439972   38.890406
  26.5455411   38.8908177
  26.5470762   38.891249
  26.5486019   38.8916998
  26.550118    38.89217
  26.5504562   38.8922798
  26.5518858   38.8923849
  26.5534357   38.8925178
  26.5549826   38.8926695
  26.5565264   38.8928401
  26.5580665   38.8930294
  26.5596027   38.8932373
  26.5611344   38.893464
  26.5626615   38.8937092
  26.5641834   38.8939729
  26.5656999   38.8942552
  26.5672105   38.8945558
  26.5687149   38.8948747
  26.5687662   38.8948859
  26.5702923   38.8952297
  26.5718111   38.8955923
  26.5733224   38.8959737
  26.5748256   38.8963737
  26.5763205   38.8967923
  26.5778067   38.8972294
  26.5792837   38.8976848
  26.5807512   38.8981585
  26.5822088   38.8986502
  26.5836562   38.89916
  26.585093    38.8996876
  26.5865188   38.9002329
  26.5879333   38.9007959
  26.5893361   38.9013762
  26.5907269   38.9019739
  26.5921052   38.9025887
  26.5934708   38.9032205
  26.5948233   38.9038691
  26.5961624   38.9045344
  26.5974877   38.9052162
  26.5987989   38.9059143
  26.6000956   38.9066285
  26.6013776   38.9073587
  26.6026445   38.9081047
  26.6038959   38.9088663
  26.6051317   38.9096433
  26.6063513   38.9104354
  26.6075547   38.9112426
  26.6087413   38.9120645
  26.609911    38.912901
  26.6110635   38.9137519
  26.6121983   38.914617
  26.6133154   38.915496
  26.6144143   38.9163887
  26.6154949   38.9172948
  26.6165567   38.9182143
  26.6175996   38.9191467
  26.6181209   38.9196203
  26.6190167   38.9204458
  26.6198977   38.9212808
  26.6207636   38.9221253
  26.6209038   38.922264
  26.6218583   38.9232236
  26.6227934   38.9241946
  26.6237089   38.9251769
  26.6246046   38.9261702
  26.6254802   38.9271742
  26.6263356   38.9281887
  26.6271704   38.9292135
  26.6279846   38.9302483
  26.6287779   38.9312929
  26.6295501   38.9323469
  26.630301    38.9334102
  26.6303422   38.9334696
  26.6305265   38.9337406
  26.6316321   38.9339511
  26.6331653   38.9342633
  26.6346919   38.9345943
  26.6362116   38.9349442
  26.6377239   38.9353128
  26.6392285   38.9357
  26.6407251   38.9361057
  26.6409879   38.9361788
  26.6424764   38.9366031
  26.6439562   38.9370458
  26.6454267   38.9375067
  26.6468876   38.9379857
  26.6483386   38.9384826
  26.6497792   38.9389975
  26.6512092   38.93953
  26.652628    38.9400801
  26.6540355   38.9406477
  26.6554312   38.9412327
  26.6568148   38.9418347
  26.6581859   38.9424538
  26.6595442   38.9430897
  26.6608893   38.9437424
  26.662221    38.9444115
  26.6635388   38.945097
  26.6648424   38.9457987
  26.6661316   38.9465164
  26.6674059   38.94725
  26.6676768   38.9474085
  26.668633    38.9479767
  26.6690611   38.948222
  26.6703143   38.9489642
  26.6715522   38.9497217
  26.6727746   38.9504942
  26.6739812   38.9512816
  26.6751717   38.9520837
  26.6763457   38.9529004
  26.677503    38.9537313
  26.6786433   38.9545763
  26.6797663   38.9554352
  26.6808718   38.9563077
  26.6819594   38.9571937
  26.6830289   38.958093
  26.68408     38.9590052
  26.6851125   38.9599302
  26.6861261   38.9608677
  26.6871205   38.9618175
  26.6880955   38.9627794
  26.6890509   38.9637532
  26.6899864   38.9647385
  26.6909018   38.9657352
  26.6917969   38.9667429
  26.6926714   38.9677615
  26.6935251   38.9687907
  26.6936015   38.9688861
  26.6939405   38.9723991
  26.6939693   38.9726825
  26.6947369   38.9781847
  26.6952794   38.9820728
  26.6953852   38.9827873
  26.6954566   38.983892
  26.6961387   38.9938204
  26.6969746   39.0052374
  26.6972337   39.0085164
  26.6981721   39.0148187
  26.6997692   39.024992
  26.7000742   39.0268208
  26.7003053   39.0280126
  26.7042161   39.0475852
  26.7043387   39.0481875
  26.7046461   39.0499252
  26.7082578   39.0613515
  26.7083489   39.0622298
  26.708644    39.0649518
  26.70877     39.0661146
  26.7085822   39.066617
  26.7081292   39.0677626
  26.7076534   39.0689026
  26.7071549   39.0700368
  26.7066339   39.0711648
  26.7060905   39.0722864
  26.7055249   39.0734013
  26.704937    39.0745093
  26.7043272   39.0756101
  26.7036956   39.0767034
  26.7030422   39.077789
  26.7023673   39.0788666
  26.701671    39.0799359
  26.7009535   39.0809968
  26.700215    39.0820489
  26.6994556   39.083092
  26.6989393   39.0837761
  26.6988966   39.0838365
  26.6988108   39.0839551
  26.6980403   39.0850012
  26.697249    39.086038
  26.696437    39.087065
  26.6956046   39.088082
  26.6947518   39.0890889
  26.693879    39.0900854
  26.6929863   39.0910712
  26.6927191   39.0913568
  26.6922551   39.0920326
  26.6914908   39.0931049
  26.6907048   39.0941676
  26.6900359   39.0950395
  26.6899236   39.0952299
  26.6898185   39.0954012
  26.6893261   39.096321
  26.6886908   39.0974562
  26.6880322   39.0985833
  26.6873505   39.0997021
  26.6866458   39.1008123
  26.6859184   39.1019136
  26.6851684   39.1030057
  26.684396    39.1040883
  26.6836014   39.1051613
  26.6827849   39.1062242
  26.6819465   39.1072768
  26.6810866   39.1083189
  26.6802054   39.1093502
  26.6795633   39.1100888
  26.6786076   39.1111683
  26.6776285   39.112235
  26.6766262   39.1132888
  26.6757742   39.1141689
  26.6748782   39.1150804
  26.6741525   39.1157964
  26.6740163   39.1159388
  26.6730602   39.1169072
  26.6720846   39.1178639
  26.6710897   39.1188084
  26.6700757   39.1197407
  26.6690429   39.1206604
  26.6679916   39.1215674
  26.6669219   39.1224614
  26.6660214   39.1231907
  26.6659147   39.1237416
  26.6656556   39.1249486
  26.6653719   39.1261523
  26.6650638   39.1273524
  26.6647312   39.1285485
  26.6643743   39.1297404
  26.6639932   39.1309277
  26.6635879   39.1321102
  26.6631586   39.1332876
  26.6627054   39.1344595
  26.6622284   39.1356257
  26.6617276   39.1367859
  26.6612033   39.1379398
  26.6606556   39.1390871
  26.6600845   39.1402275
  26.6594903   39.1413608
  26.658873    39.1424866
  26.6582329   39.1436047
  26.6580907   39.1438479
  26.6574209   39.1449696
  26.6567281   39.1460828
  26.6560124   39.1471872
  26.6552741   39.1482826
  26.6545133   39.1493688
  26.6537302   39.1504453
  26.6529251   39.151512
  26.6520982   39.1525686
  26.6512496   39.1536148
  26.6503795   39.1546504
  26.6494883   39.155675
  26.648576    39.1566884
  26.647643    39.1576904
  26.6466895   39.1586808
  26.6457157   39.1596591
  26.6447219   39.1606253
  26.6437084   39.161579
  26.6430774   39.1621538
  26.6428855   39.1626029
  26.6426923   39.1630438
  26.6421754   39.1641934
  26.6416353   39.1653365
  26.641072    39.1664729
  26.6410599   39.1664964
  26.6410287   39.167362
  26.6409604   39.1685765
  26.6408674   39.1697899
  26.6407499   39.171002
  26.6406079   39.1722126
  26.6404413   39.1734212
  26.6402503   39.1746276
  26.6400348   39.1758315
  26.639795    39.1770327
  26.6395309   39.1782307
  26.6392426   39.1794254
  26.63893     39.1806164
  26.6385934   39.1818034
  26.6382328   39.1829862
  26.6378482   39.1841644
  26.6374398   39.1853377
  26.6373007   39.1857138
  26.6372757   39.1857957
  26.636885    39.1869885
  26.6364699   39.1881762
  26.6364122   39.1883363
  26.6362698   39.1887195
  26.634688    39.1896488
  26.6235161   39.1964624
  26.6052229   39.2075455
  26.5939624   39.2123861
  26.5916682   39.2134493
  26.5837721   39.2168233
  26.5836861   39.2168452
  26.5670423   39.2211721
  26.5569841   39.2236491
  26.5563221   39.2241208
  26.5551098   39.2250973
  26.542901    39.2350549
  26.5425517   39.2353594
  26.5386492   39.2387864
  26.5380334   39.239446
  26.5227434   39.2550688
  26.5170261   39.2615922
  26.5119901   39.2674135
  26.5106719   39.2700631
  26.5054193   39.2730095
  26.4966683   39.2776332
  26.4943432   39.2826647
  26.490084    39.3035748
  26.4860652   39.3239297
  26.4858921   39.3248406
  26.4856506   39.3263288
  26.4842486   39.3355239
  26.4833727   39.3415912
  26.4831268   39.3434601
  26.4826673   39.3448938
  26.4791257   39.3562174
  26.4791511   39.3567944
  26.4794003   39.3619796
  26.4802948   39.3793729
  26.4803341   39.37997
  26.4807812   39.385931
  26.4808792   39.3871639
  26.4778284   39.3929614
  26.4728282   39.4023429
  26.471589    39.4029084
  26.4702219   39.4035099
  26.4688428   39.4040947
  26.4687146   39.404148
  26.4673087   39.4047219
  26.4658912   39.4052785
  26.4644624   39.4058175
  26.4630227   39.4063388
  26.4622322   39.4066133
  26.4618697   39.4071103
  26.4610848   39.4081484
  26.460279    39.4091768
  26.4594526   39.4101954
  26.4586057   39.411204
  26.4577386   39.4122022
  26.4568515   39.4131898
  26.4559445   39.4141666
  26.4550179   39.4151323
  26.454072    39.4160868
  26.4531069   39.4170297
  26.4522186   39.4178704
  26.4515114   39.418773
  26.4506856   39.4197908
  26.4498395   39.4207984
  26.4489732   39.4217958
  26.4480868   39.4227826
  26.4471807   39.4237586
  26.446255    39.4247235
  26.4453099   39.4256772
  26.4443921   39.4265741
  26.4431209   39.4268891
  26.4365892   39.4285078
  26.4177008   39.4288008
  26.4087008   39.4290642
  26.3885105   39.4294513
  26.3469425   39.4366895
  26.3419709   39.4362638
  26.3366188   39.4358183
  26.3074573   39.4326018
  26.3047932   39.4321494
  26.2972458   39.4311523
  26.296295    39.4309039
  26.2946599   39.4296927
  26.2796464   39.4250219
  26.2784865   39.4247927
  26.2754015   39.4242153
  26.2741179   39.4240163
  26.2661963   39.4228681
  26.2578415   39.4227435
  26.2380431   39.4236787
  26.2288804   39.4244353
  26.2281116   39.4245316
  26.2276256   39.4244507
  26.2097074   39.4215331
  26.208057    39.4212696
  26.200699    39.4195822
  26.1995313   39.4193219
  26.198918    39.4191871
  26.1912351   39.4196915
  26.1861308   39.4193501
  26.1771713   39.4188093
  26.1739058   39.4186397
  26.1727005   39.4183741
  26.1616109   39.4160423
  26.1579356   39.4148548
  26.1568572   39.4145149
  26.1529877   39.4130948
  26.1337434   39.4087318
  26.1213723   39.4054332
  26.1147321   39.4036142
  26.0989814   39.3976913
  26.0941668   39.3959079
  26.0705601   39.3876973
  26.068129    39.3878617
END
6
  26.2007991   38.1913123
  26.1993299   38.1944597
  26.1945821   38.2046948
  26.1877775   38.2199731
  26.1847404   38.2268844
  26.1843154   38.2277636
  26.1813352   38.2340679
  26.1780185   38.2413184
  26.1743571   38.2495244
  26.1733611   38.2517892
  26.171067    38.2542234
  26.1707911   38.2617907
  26.1707966   38.2623104
  26.1707911   38.2625296
  26.1719626   38.2680809
  26.1749333   38.2789717
  26.1759139   38.2819208
  26.1761182   38.2825106
  26.1779152   38.287912
  26.1787352   38.2902239
  26.1792794   38.2915887
  26.1793241   38.2916875
  26.1801139   38.2943867
  26.1825346   38.3011018
  26.1842839   38.3056808
  26.1845725   38.3063659
  26.1854568   38.3082701
  26.1863675   38.3100796
  26.1898827   38.3167528
  26.19101     38.3188482
  26.1943648   38.3221976
  26.1957584   38.3235455
  26.2100015   38.3362411
  26.2206589   38.3456248
  26.2176792   38.3563359
  26.2162136   38.3621236
  26.2136122   38.3667801
  26.2119777   38.387159
  26.2129306   38.3927239
  26.2151452   38.4053597
  26.2153618   38.4065084
  26.2178557   38.4104773
  26.2198753   38.4139034
  26.220834    38.4153504
  26.2222293   38.4169112
  26.225767    38.4208421
  26.2288646   38.4315658
  26.2302719   38.4360646
  26.2328595   38.4371009
  26.246489    38.4426592
  26.2559835   38.4451801
  26.2626038   38.4468879
  26.2684884   38.4483727
  26.2689578   38.448489
  26.2804508   38.4507956
  26.2819828   38.4510966
  26.2842619   38.4514898
  26.2935101   38.4559599
  26.2945452   38.4564667
  26.3027068   38.460335
  26.3130931   38.4661079
  26.3222671   38.471874
  26.3266366   38.4770416
  26.3329697   38.4844249
  26.3349489   38.4861293
  26.3434998   38.4924981
  26.3429418   38.4977706
  26.3425163   38.4988764
  26.3414591   38.5020034
  26.3387045   38.5079781
  26.3274787   38.5264471
  26.3235644   38.5393371
  26.3192473   38.5436435
  26.3157114   38.5467378
  26.3156029   38.5468453
  26.3142928   38.548295
  26.3046022   38.5590656
  26.2992338   38.5649415
  26.2969768   38.5674288
  26.295504    38.5692845
  26.2844964   38.5801721
  26.2828819   38.5817853
  26.2779879   38.5898542
  26.2773421   38.5906074
  26.2743359   38.593505
  26.2703163   38.5969549
  26.2675209   38.5994594
  26.2647514   38.6019667
  26.2548182   38.6120556
  26.2542296   38.6126535
  26.2531666   38.6129152
  26.2516583   38.6132663
  26.2501431   38.6135988
  26.2486214   38.6139125
  26.2470935   38.6142075
  26.2455599   38.6144836
  26.2447645   38.6146165
  26.2434992   38.6149796
  26.2420304   38.6153809
  26.2415364   38.6155124
  26.2414089   38.6155455
  26.241282    38.6155798
  26.2406648   38.6157384
  26.2400482   38.6158982
  26.2399201   38.6159297
  26.2397925   38.6159625
  26.2391722   38.6161134
  26.2385524   38.6162656
  26.2384237   38.6162955
  26.2382954   38.6163268
  26.2376722   38.6164701
  26.2370494   38.6166147
  26.2369201   38.616643
  26.2367913   38.6166726
  26.2361652   38.6168083
  26.2355396   38.6169452
  26.2354097   38.616972
  26.2352803   38.617
  26.2346516   38.617128
  26.2340234   38.6172572
  26.233893    38.6172823
  26.233763    38.6173088
  26.2331318   38.617429
  26.232501    38.6175505
  26.2323701   38.6175741
  26.2322396   38.6175989
  26.2316061   38.6177114
  26.2309729   38.6178252
  26.2308416   38.6178471
  26.2307106   38.6178703
  26.2300749   38.617975
  26.2294395   38.618081
  26.2293078   38.6181013
  26.2291763   38.6181229
  26.2285386   38.6182198
  26.2279012   38.618318
  26.227769    38.6183366
  26.2276372   38.6183567
  26.2269976   38.6184457
  26.2263583   38.618536
  26.2262257   38.6185531
  26.2260935   38.6185715
  26.2254522   38.6186526
  26.2248111   38.6187351
  26.2246783   38.6187505
  26.2245457   38.6187673
  26.2239028   38.6188406
  26.2232602   38.6189152
  26.2231271   38.618929
  26.2229941   38.6189441
  26.2223499   38.6190095
  26.2217059   38.6190762
  26.2215724   38.6190884
  26.2214392   38.6191019
  26.2211715   38.6191257
  26.2200347   38.6193059
  26.2184919   38.6195308
  26.2179338   38.6196051
  26.2170199   38.6200673
  26.2168754   38.6201849
  26.2157696   38.6210569
  26.2146462   38.6219153
  26.2135057   38.6227597
  26.2123484   38.6235899
  26.2111745   38.6244058
  26.2099842   38.6252072
  26.208778    38.6259938
  26.2075561   38.6267655
  26.2063188   38.6275221
  26.2050663   38.6282633
  26.2037992   38.6289891
  26.2025175   38.6296992
  26.2012217   38.6303934
  26.1999121   38.6310715
  26.1985889   38.6317335
  26.1972526   38.6323792
  26.1959035   38.6330083
  26.1945418   38.6336207
  26.193168    38.6342164
  26.1917823   38.634795
  26.1903851   38.6353566
  26.1889768   38.6359008
  26.1875578   38.6364277
  26.1861282   38.6369371
  26.1846886   38.6374289
  26.1832393   38.6379028
  26.1817805   38.6383589
  26.1803128   38.638797
  26.1788364   38.639217
  26.1773518   38.6396188
  26.1758592   38.6400023
  26.1743591   38.6403674
  26.1728518   38.640714
  26.1713377   38.641042
  26.1698172   38.6413514
  26.1682907   38.641642
  26.1667584   38.6419139
  26.1652209   38.6421668
  26.1636785   38.6424008
  26.1621316   38.6426159
  26.1605805   38.6428119
  26.1590257   38.6429888
  26.1574674   38.6431465
  26.1559062   38.6432851
  26.1545419   38.6433892
  26.1533074   38.6435835
  26.1517768   38.6438051
  26.150242    38.6440079
  26.1487034   38.6441921
  26.1471612   38.6443575
  26.145616    38.6445041
  26.144068    38.6446318
  26.1425176   38.6447407
  26.1409652   38.6448307
  26.1394113   38.6449018
  26.1378823   38.6449531
  26.1369237   38.6457973
  26.1358606   38.6467045
  26.1347793   38.6475984
  26.1336801   38.6484789
  26.1325632   38.6493457
  26.131429    38.6501987
  26.1302777   38.6510376
  26.1291095   38.6518621
  26.1279249   38.6526722
  26.1267241   38.6534676
  26.1255073   38.654248
  26.1242749   38.6550134
  26.1230272   38.6557635
  26.1217646   38.6564981
  26.1204872   38.6572171
  26.1191955   38.6579202
  26.1178897   38.6586073
  26.1165702   38.6592783
  26.1152374   38.6599329
  26.1138914   38.660571
  26.1125328   38.6611924
  26.1111618   38.6617971
  26.1097787   38.6623847
  26.1083839   38.6629553
  26.1069778   38.6635086
  26.1055606   38.6640445
  26.1041329   38.6645628
  26.1026948   38.6650636
  26.1012468   38.6655465
  26.0997892   38.6660116
  26.0983224   38.6664586
  26.0968467   38.6668875
  26.0967083   38.6669268
  26.0951822   38.6673488
  26.0936475   38.6677514
  26.0921046   38.6681346
  26.090554    38.6684981
  26.088996    38.668842
  26.0874311   38.6691661
  26.0872842   38.6691945
  26.0863818   38.6696941
  26.0850775   38.6703924
  26.0837591   38.6710744
  26.082427    38.6717401
  26.0810816   38.6723891
  26.0797232   38.6730215
  26.0796454   38.673057
  26.0784099   38.6736127
  26.0771643   38.6741544
  26.0769272   38.6742558
  26.0750868   38.6750235
  26.0747623   38.6751555
  26.0733512   38.6757183
  26.0719289   38.6762635
  26.0704956   38.6767911
  26.0690519   38.6773008
  26.0675979   38.6777925
  26.0661341   38.6782662
  26.0646609   38.6787217
  26.0631786   38.6791588
  26.0616876   38.6795775
  26.0601883   38.6799777
  26.058681    38.6803593
  26.0571662   38.6807221
  26.0556442   38.6810661
  26.0541153   38.6813912
  26.0525801   38.6816974
  26.0510388   38.6819844
  26.0494919   38.6822523
  26.0479397   38.6825011
  26.0463827   38.6827305
  26.0448211   38.6829406
  26.0432556   38.6831314
  26.0416863   38.6833027
  26.0401137   38.6834546
  26.0385383   38.683587
  26.0369604   38.6836998
  26.0353803   38.6837931
  26.0337986   38.6838667
  26.0322156   38.6839208
  26.0306317   38.6839552
  26.0290472   38.68397
  26.0274627   38.6839652
  26.0258785   38.6839407
  26.0242949   38.6838966
  26.0227125   38.6838329
  26.0211316   38.6837496
  26.0195525   38.6836468
  26.0179757   38.6835243
  26.0164017   38.6833824
  26.0148307   38.6832209
  26.0132632   38.68304
  26.0116996   38.6828397
  26.0101402   38.6826201
  26.0099208   38.6825864
  26.0093933   38.6825984
  26.0078383   38.6826148
  26.0062832   38.6826122
  26.0047283   38.6825908
  26.003174    38.6825505
  26.0016207   38.6824912
  26.0000688   38.6824131
  25.9992539   38.6823621
  25.9985694   38.6823547
  25.997002    38.6823184
  25.9954356   38.6822629
  25.9938705   38.6821882
  25.9923071   38.6820943
  25.9907458   38.6819813
  25.9891869   38.6818491
  25.9876309   38.6816978
  25.9860781   38.6815275
  25.9845289   38.6813381
  25.9829838   38.6811298
  25.981443    38.6809026
  25.979907    38.6806565
  25.9783761   38.6803915
  25.9768508   38.6801079
  25.9753313   38.6798055
  25.9738181   38.6794846
  25.9723116   38.6791452
  25.9717957   38.6790255
  25.9702725   38.6786618
  25.9687569   38.6782792
  25.9672493   38.6778777
  25.9657502   38.6774575
  25.9642598   38.6770187
  25.9627785   38.6765614
  25.9613068   38.6760856
  25.959845    38.6755916
  25.9583935   38.6750795
  25.9569527   38.6745493
  25.9558927   38.674143
  25.9554347   38.6740869
  25.9538516   38.6738726
  25.9522731   38.6736383
  25.9506996   38.6733843
  25.9491315   38.6731105
  25.9475694   38.672817
  25.9460134   38.672504
  25.9444642   38.6721714
  25.9429219   38.6718194
  25.9424383   38.6717058
  25.940967    38.6713502
  25.9395029   38.670977
  25.9380464   38.6705862
  25.9365978   38.6701778
  25.9351573   38.6697521
  25.9337255   38.669309
  25.9323026   38.6688488
  25.930889    38.6683715
  25.929485    38.6678772
  25.9280909   38.667366
  25.9279328   38.6673057
  25.9277005   38.667279
  25.9261492   38.6670813
  25.9246021   38.6668646
  25.9234261   38.6666849
  25.9221471   38.6666104
  25.9207153   38.6665496
  25.9194507   38.6664802
  25.9189768   38.6665239
  25.9174756   38.6666445
  25.9159722   38.6667474
  25.914467    38.6668325
  25.9129604   38.6668999
  25.9114526   38.6669494
  25.9111663   38.6669571
  25.9097672   38.6670784
  25.9081719   38.6671964
  25.9065744   38.6672945
  25.904975    38.6673725
  25.9033743   38.6674304
  25.9017725   38.6674683
  25.9001702   38.6674861
  25.8985678   38.6674838
  25.8969655   38.6674614
  25.895364    38.667419
  25.8937635   38.6673565
  25.8921646   38.6672739
  25.8905675   38.6671713
  25.8889727   38.6670487
  25.8886522   38.667022
  25.887116    38.6668847
  25.8855827   38.6667289
  25.8840527   38.6665546
  25.8825304   38.6663623
  25.8813557   38.6662821
  25.8798235   38.6661588
  25.878294    38.6660171
  25.8767675   38.6658569
  25.8752443   38.6656784
  25.8737248   38.6654816
  25.8722094   38.6652665
  25.8713142   38.6651338
  25.8697631   38.664894
  25.8682172   38.6646351
  25.8666767   38.664357
  25.865142    38.66406
  25.8636136   38.663744
  25.8620917   38.6634091
  25.8605768   38.6630555
  25.8590693   38.6626831
  25.8575696   38.6622922
  25.8574756   38.6622664
  25.8566429   38.6621409
  25.8550867   38.6618862
  25.853536    38.6616121
  25.8519911   38.6613188
  25.8504523   38.6610063
  25.8489201   38.6606748
  25.8480412   38.6604787
  25.8471556   38.6602751
  25.8463338   38.6601331
  25.8448129   38.6598506
  25.8432978   38.6595496
  25.8417889   38.6592301
  25.8402866   38.6588921
  25.8387913   38.6585359
  25.8373033   38.6581614
  25.835823    38.6577687
  25.8343507   38.657358
  25.8328869   38.6569293
  25.8314319   38.6564828
  25.8313969   38.6564718
  25.8299315   38.6560011
  25.8284759   38.6555123
  25.8270304   38.6550056
  25.8255954   38.654481
  25.8241713   38.6539386
  25.823268    38.6535807
  25.8221654   38.6532693
  25.8207198   38.6528411
  25.8192829   38.6523955
  25.8178549   38.6519326
  25.8164363   38.6514524
  25.8150274   38.6509551
  25.8136285   38.6504409
  25.81224     38.6499098
  25.8108622   38.6493619
  25.8094954   38.6487974
  25.8083538   38.6483171
  25.8069536   38.6477166
  25.8055659   38.6470987
  25.804191    38.6464635
  25.8028293   38.6458112
  25.8014811   38.6451419
  25.8001468   38.6444559
  25.7988268   38.6437533
  25.7975213   38.6430343
  25.7962307   38.642299
  25.7949553   38.6415477
  25.7936955   38.6407805
  25.7924516   38.6399977
  25.7912239   38.6391994
  25.7901351   38.6384682
  25.789513    38.63808
  25.7883504   38.6373318
  25.7872024   38.63657
  25.7860693   38.6357947
  25.7849512   38.6350062
  25.7836638   38.6340843
  25.7825124   38.6332467
  25.7813781   38.632395
  25.7802611   38.6315294
  25.7791616   38.6306502
  25.7780801   38.6297575
  25.7770167   38.6288516
  25.7759717   38.6279327
  25.7749454   38.6270011
  25.773938    38.6260569
  25.7729497   38.6251004
  25.7719809   38.6241319
  25.7710318   38.6231515
  25.7701025   38.6221595
  25.7691934   38.6211562
  25.7683046   38.6201419
  25.7674364   38.6191167
  25.766589    38.6180809
  25.7657626   38.6170348
  25.7649574   38.6159786
  25.7641736   38.6149127
  25.7634114   38.6138372
  25.762671    38.6127524
  25.7619526   38.6116586
  25.7611372   38.6103927
  25.7604533   38.6093102
  25.7597909   38.6082195
  25.7591502   38.6071208
  25.7588694   38.6066189
  25.7584033   38.6059933
  25.7576354   38.604924
  25.7568891   38.6038455
  25.7561646   38.6027579
  25.755462    38.6016615
  25.7547816   38.6005566
  25.7541235   38.5994435
  25.7534878   38.5983224
  25.7528748   38.5971936
  25.7524124   38.5963036
  25.7523898   38.5962797
  25.7514858   38.5952949
  25.7506015   38.5942992
  25.7497371   38.5932929
  25.7488928   38.5922761
  25.748189    38.591399
  25.7475232   38.5906029
  25.7466798   38.5895585
  25.7458576   38.5885038
  25.7450569   38.5874391
  25.7442778   38.5863646
  25.7435206   38.5852805
  25.7427854   38.5841872
  25.7420725   38.5830849
  25.741382    38.581974
  25.7407141   38.5808546
  25.7400689   38.579727
  25.7394466   38.5785916
  25.7388474   38.5774487
  25.7382714   38.5762984
  25.7377188   38.5751411
  25.7376997   38.5751002
  25.7371692   38.5739332
  25.7366625   38.5727598
  25.7361797   38.5715803
  25.7357209   38.5703949
  25.7352862   38.5692039
  25.7348758   38.5680077
  25.7344896   38.5668065
  25.7341279   38.5656007
  25.7337908   38.5643905
  25.7334782   38.5631762
  25.7331903   38.5619582
  25.7329271   38.5607368
  25.7327324   38.5597363
  25.7326141   38.559224
  25.7323584   38.5580077
  25.7321273   38.5567884
  25.7319209   38.5555664
  25.7317392   38.554342
  25.7315822   38.5531154
  25.73145     38.5518871
  25.7313426   38.5506572
  25.7312601   38.5494262
  25.7312024   38.5481942
  25.7311696   38.5469617
  25.7311617   38.5457289
  25.7311688   38.5452168
  25.7311543   38.545021
  25.7310746   38.5437655
  25.7310208   38.5425091
  25.7309929   38.5412522
  25.7309908   38.5399951
  25.7310146   38.5387381
  25.7310642   38.5374816
  25.7311398   38.5362258
  25.7312411   38.5349711
  25.7313683   38.5337178
  25.7315213   38.5324663
  25.7317      38.5312168
  25.7319043   38.5299698
  25.7321344   38.5287254
  25.73239     38.5274841
  25.7326711   38.5262461
  25.7329777   38.5250118
  25.7333096   38.5237815
  25.7336668   38.5225556
  25.7340492   38.5213343
  25.7342423   38.5207383
  25.7346517   38.5195163
  25.7350863   38.5182997
  25.735546    38.5170887
  25.7360307   38.5158836
  25.7365402   38.5146848
  25.7370745   38.5134926
  25.7376333   38.5123073
  25.7382165   38.5111292
  25.7388241   38.5099587
  25.7394557   38.5087959
  25.7401113   38.5076413
  25.7407907   38.5064951
  25.7414936   38.5053576
  25.74222     38.5042292
  25.7429696   38.5031101
  25.7437423   38.5020006
  25.7441178   38.5014716
  25.7448657   38.5004367
  25.7456336   38.4994107
  25.7464214   38.498394
  25.7472289   38.4973868
  25.7480559   38.4963893
  25.7489022   38.4954017
  25.7497676   38.4944244
  25.7506519   38.4934574
  25.7515549   38.4925011
  25.752175    38.4918648
  25.7523967   38.4913595
  25.7529326   38.4901981
  25.7534918   38.4890434
  25.7540743   38.4878957
  25.7546799   38.4867553
  25.7553085   38.4856226
  25.7554253   38.4854209
  25.7556877   38.484692
  25.7561431   38.4834999
  25.7566228   38.4823137
  25.7571265   38.4811335
  25.7576541   38.4799598
  25.7582056   38.4787928
  25.7587807   38.4776328
  25.7593793   38.47648
  25.7600013   38.4753349
  25.7606466   38.4741976
  25.7613148   38.4730685
  25.762006    38.4719479
  25.7627198   38.470836
  25.7634562   38.4697332
  25.7642149   38.4686396
  25.7644152   38.4683616
  25.7646757   38.4678564
  25.7652881   38.4667206
  25.7659234   38.4655925
  25.7665812   38.4644724
  25.7672616   38.4633605
  25.7679642   38.4622571
  25.7686891   38.4611626
  25.7694358   38.4600771
  25.7702044   38.459001
  25.7709945   38.4579344
  25.771806    38.4568778
  25.7726387   38.4558313
  25.7734924   38.4547951
  25.7743668   38.4537697
  25.7752618   38.4527552
  25.7761771   38.4517518
  25.7771125   38.4507598
  25.7780677   38.4497795
  25.7790218   38.4488319
  25.7793528   38.4484383
  25.7802407   38.4474184
  25.7811489   38.4464095
  25.7820774   38.445412
  25.7830259   38.444426
  25.7832859   38.4441602
  25.7842353   38.4432047
  25.7852035   38.4422609
  25.7861902   38.4413289
  25.7871952   38.440409
  25.7882183   38.4395013
  25.7892593   38.4386062
  25.7903177   38.4377238
  25.7913936   38.4368543
  25.7924864   38.435998
  25.7935961   38.435155
  25.7947223   38.4343256
  25.7958648   38.4335099
  25.7970232   38.4327082
  25.7981974   38.4319206
  25.799387    38.4311474
  25.8005917   38.4303886
  25.8018113   38.4296446
  25.8030454   38.4289154
  25.8042938   38.4282013
  25.8055562   38.4275024
  25.8068323   38.4268189
  25.8081217   38.4261509
  25.8090496   38.4256863
  25.8091398   38.4256366
  25.8104385   38.4249461
  25.8115088   38.424396
  25.8115939   38.4243409
  25.812806    38.4235797
  25.8140332   38.4228335
  25.815275    38.4221023
  25.8159137   38.4217382
  25.816177    38.4215569
  25.8165892   38.421282
  25.8175303   38.420524
  25.8186373   38.4196599
  25.8197613   38.4188095
  25.8209022   38.417973
  25.8220596   38.4171505
  25.8232334   38.4163424
  25.8244231   38.4155487
  25.8256286   38.4147697
  25.8268495   38.4140056
  25.8280855   38.4132565
  25.8293363   38.4125227
  25.8306016   38.4118043
  25.8318811   38.4111015
  25.8331745   38.4104145
  25.8344814   38.4097434
  25.8358017   38.4090885
  25.8371348   38.4084498
  25.8384805   38.4078275
  25.8398385   38.4072218
  25.8403114   38.4070185
  25.8412002   38.4066112
  25.8425699   38.4060061
  25.8439516   38.405418
  25.8453449   38.4048469
  25.8467496   38.4042932
  25.8481652   38.4037568
  25.8495914   38.403238
  25.8510278   38.4027368
  25.8524742   38.4022535
  25.8539301   38.401788
  25.8548045   38.4015148
  25.8562718   38.4010667
  25.8567461   38.4009285
  25.8570588   38.3999281
  25.8574593   38.3987292
  25.857884    38.3975353
  25.8583328   38.3963468
  25.8586171   38.3956153
  25.8589757   38.3947121
  25.8593483   38.3938122
  25.8594851   38.3934885
  25.8599902   38.3923242
  25.8605185   38.3911662
  25.86107     38.3900148
  25.8611735   38.3898086
  25.8612938   38.3893009
  25.8616061   38.3880898
  25.8619427   38.3868827
  25.8623037   38.3856798
  25.8626888   38.3844816
  25.863098    38.3832883
  25.8635312   38.3821001
  25.8639883   38.3809175
  25.8644692   38.3797406
  25.8649737   38.3785698
  25.8655017   38.3774054
  25.8660531   38.3762477
  25.8666278   38.3750969
  25.8672256   38.3739533
  25.8678064   38.3728903
  25.8675362   38.3726676
  25.8664749   38.3717645
  25.8654317   38.3708484
  25.864407    38.3699197
  25.8634011   38.3689784
  25.8624141   38.3680248
  25.8614463   38.3670592
  25.8604979   38.3660818
  25.8595692   38.3650929
  25.8586605   38.3640926
  25.8577718   38.3630813
  25.8569035   38.3620591
  25.8560558   38.3610264
  25.8559559   38.3609003
  25.8554533   38.3605846
  25.8542563   38.3598081
  25.8530748   38.3590171
  25.8523416   38.3585107
  25.8516156   38.358193
  25.8502626   38.357579
  25.848922    38.3569484
  25.8477257   38.3563655
  25.847514    38.3562978
  25.8460513   38.3558085
  25.8445987   38.355301
  25.8431567   38.3547754
  25.8417254   38.3542319
  25.8403054   38.3536705
  25.838897    38.3530915
  25.8375006   38.3524949
  25.8361164   38.351881
  25.8347448   38.3512498
  25.8333863   38.3506016
  25.8320411   38.3499365
  25.8307096   38.3492546
  25.8293921   38.3485562
  25.828089    38.3478415
  25.8268005   38.3471105
  25.8255271   38.3463635
  25.824269    38.3456007
  25.8242536   38.3455912
  25.8230248   38.3448215
  25.8218116   38.3440366
  25.8206143   38.3432369
  25.8194332   38.3424224
  25.8182686   38.3415934
  25.8171209   38.3407502
  25.8159902   38.3398928
  25.8148768   38.3390216
  25.8137811   38.3381367
  25.8127034   38.3372384
  25.8116437   38.3363269
  25.8106026   38.3354023
  25.8095801   38.334465
  25.8085766   38.3335152
  25.8077631   38.3327201
  25.8074909   38.3325216
  25.8063538   38.3316658
  25.8052342   38.3307961
  25.8041321   38.3299126
  25.803048    38.3290155
  25.8019821   38.3281051
  25.8009346   38.3271817
  25.7999058   38.3262453
  25.798896    38.3252963
  25.7979054   38.324335
  25.7969343   38.3233614
  25.7959829   38.322376
  25.7950514   38.3213788
  25.7941401   38.3203703
  25.7932493   38.3193505
  25.7926079   38.3185909
  25.7925872   38.3185669
  25.7925688   38.3185446
  25.792379    38.3183199
  25.7921755   38.3180704
  25.7917249   38.3175271
  25.7908837   38.3164766
  25.7900638   38.3154158
  25.7892654   38.314345
  25.7884887   38.3132643
  25.787734    38.3121742
  25.7870013   38.3110747
  25.786291    38.3099663
  25.7856031   38.3088491
  25.7849378   38.3077236
  25.7842953   38.3065899
  25.7836758   38.3054483
  25.7830795   38.3042992
  25.7825064   38.3031427
  25.7819567   38.3019793
  25.781752    38.3015241
  25.7814968   38.301146
  25.7807793   38.3000414
  25.7800842   38.298928
  25.7800598   38.2988881
  25.7793969   38.2977826
  25.7787561   38.296669
  25.7781374   38.2955477
  25.7775411   38.294419
  25.7769673   38.2932831
  25.7764161   38.2921403
  25.7758878   38.2909909
  25.7753823   38.2898351
  25.7748998   38.2886732
  25.7744405   38.2875056
  25.7740045   38.2863325
  25.7735918   38.2851541
  25.7732026   38.2839709
  25.772837    38.2827829
  25.7726286   38.2820566
  25.772592    38.281979
  25.7720721   38.2808203
  25.7715753   38.2796554
  25.7715537   38.2796019
  25.7710543   38.2787037
  25.7704542   38.2775768
  25.7698765   38.2764427
  25.7693214   38.2753017
  25.7687891   38.2741539
  25.7682796   38.2729998
  25.767793    38.2718396
  25.7673296   38.2706736
  25.7668894   38.269502
  25.7664724   38.2683251
  25.7660789   38.2671433
  25.7657089   38.2659567
  25.7653625   38.2647658
  25.7650398   38.2635707
  25.7647409   38.2623719
  25.7644658   38.2611694
  25.7642145   38.2599638
  25.7639873   38.2587552
  25.7637841   38.257544
  25.7636049   38.2563303
  25.7634498   38.2551147
  25.7633189   38.2538972
  25.7632122   38.2526783
  25.7631297   38.2514582
  25.7630714   38.2502372
  25.7630373   38.2490156
  25.7630275   38.2477938
  25.763042    38.2465719
  25.7630807   38.2453504
  25.7631436   38.2441294
  25.7632307   38.2429094
  25.7633421   38.2416905
  25.7634776   38.2404732
  25.7636373   38.2392576
  25.7638211   38.2380441
  25.7640289   38.236833
  25.7642607   38.2356246
  25.7645165   38.2344191
  25.7647962   38.2332169
  25.7650997   38.2320182
  25.7653204   38.2312125
  25.7653956   38.2308384
  25.7656638   38.2296273
  25.7659563   38.2284196
  25.7662727   38.2272156
  25.7666132   38.2260157
  25.7669776   38.22482
  25.7673658   38.223629
  25.7677777   38.2224429
  25.7682132   38.221262
  25.7686723   38.2200866
  25.7691216   38.2189973
  25.7693218   38.2184057
  25.7697459   38.2172267
  25.7701935   38.2160529
  25.7706644   38.2148848
  25.7711584   38.2137226
  25.7716755   38.2125666
  25.7722155   38.2114171
  25.7727782   38.2102743
  25.7733637   38.2091386
  25.7739716   38.2080101
  25.7746019   38.2068892
  25.7752544   38.2057762
  25.775929    38.2046714
  25.7766254   38.2035749
  25.7773436   38.2024871
  25.7780833   38.2014082
  25.7788444   38.2003385
  25.7796266   38.1992783
  25.7804298   38.1982278
  25.7812538   38.1971872
  25.7820984   38.1961569
  25.7829633   38.1951371
  25.7838485   38.194128
  25.7847535   38.1931299
  25.7856783   38.192143
  25.7866227   38.1911676
  25.7875862   38.1902038
  25.7885689   38.1892521
  25.7895703   38.1883124
  25.7905903   38.1873852
  25.7916285   38.1864706
  25.7926849   38.1855689
  25.792703    38.1855536
  25.7937982   38.1846478
  25.7941688   38.1843508
  25.7947436   38.1832332
  25.7953446   38.1821146
  25.7959675   38.1810034
  25.7966123   38.1799
  25.7972787   38.1788045
  25.7979665   38.1777172
  25.7986758   38.1766384
  25.7986945   38.1766105
  25.7994353   38.1755253
  25.8001978   38.1744494
  25.8009816   38.173383
  25.8017866   38.1723264
  25.8026126   38.1712798
  25.8034594   38.1702436
  25.8043268   38.1692179
  25.8052145   38.168203
  25.8061224   38.1671992
  25.8070503   38.1662067
  25.8075669   38.1656718
  25.8076721   38.1655611
  25.8077901   38.1654407
  25.8079978   38.1652258
  25.8081935   38.1650296
  25.8086368   38.1645777
  25.8096213   38.1636065
  25.8106252   38.1626476
  25.8116482   38.1617014
  25.8126902   38.1607679
  25.8137508   38.1598476
  25.8148298   38.1589405
  25.8159269   38.1580469
  25.8170419   38.1571672
  25.8181744   38.1563013
  25.8193242   38.1554497
  25.820491    38.1546125
  25.8216745   38.1537899
  25.8228745   38.1529821
  25.8240905   38.1521893
  25.8253223   38.1514118
  25.8265696   38.1506496
  25.8278321   38.1499031
  25.8291095   38.1491724
  25.8304014   38.1484577
  25.8317075   38.1477591
  25.8330275   38.1470768
  25.834361    38.1464111
  25.8357078   38.145762
  25.8370675   38.1451298
  25.8384398   38.1445145
  25.8398242   38.1439164
  25.8412205   38.1433356
  25.8426284   38.1427723
  25.8440473   38.1422265
  25.8454771   38.1416985
  25.8455258   38.1416809
  25.8469162   38.141188
  25.8483159   38.1407119
  25.8483688   38.1406943
  25.8498273   38.1402192
  25.8512952   38.1397623
  25.8527721   38.1393237
  25.8532116   38.1391994
  25.8538008   38.1386973
  25.8548955   38.1377937
  25.8560082   38.1369039
  25.8560377   38.1368807
  25.8571406   38.136026
  25.8582603   38.1351849
  25.8593963   38.1343575
  25.8605486   38.1335441
  25.8617167   38.1327448
  25.8629005   38.1319599
  25.8640996   38.1311894
  25.8653138   38.1304338
  25.8665427   38.129693
  25.8677861   38.1289672
  25.8690436   38.1282567
  25.870315    38.1275617
  25.8715999   38.1268822
  25.8728981   38.1262185
  25.8742092   38.1255707
  25.8755329   38.124939
  25.8768689   38.1243235
  25.8782169   38.1237243
  25.8795766   38.1231417
  25.8809475   38.1225758
  25.8823295   38.1220266
  25.8837221   38.1214943
  25.8851251   38.1209791
  25.886538    38.1204811
  25.8879606   38.1200004
  25.8893925   38.1195371
  25.8897464   38.1194276
  25.889833    38.1193405
  25.8903745   38.1188044
  25.8913548   38.1178494
  25.8923539   38.1169065
  25.8933716   38.1159761
  25.8944077   38.1150582
  25.8954619   38.1141532
  25.896534    38.1132613
  25.8976236   38.1123826
  25.8987306   38.1115175
  25.8998546   38.110666
  25.9009954   38.1098285
  25.9021527   38.1090051
  25.9033262   38.108196
  25.9045156   38.1074014
  25.9057207   38.1066216
  25.9069411   38.1058567
  25.9081766   38.1051068
  25.9094268   38.1043723
  25.9106914   38.1036531
  25.9119702   38.1029497
  25.9132628   38.102262
  25.9145689   38.1015903
  25.9158881   38.1009348
  25.9172203   38.1002955
  25.9185649   38.0996728
  25.9199218   38.0990666
  25.9203285   38.0988914
  25.920759    38.0979841
  25.9213295   38.0968368
  25.9216688   38.0961699
  25.9222725   38.0950102
  25.9228997   38.0938583
  25.9235501   38.0927144
  25.9242236   38.0915787
  25.92492     38.0904516
  25.9256392   38.0893334
  25.926381    38.0882244
  25.9271451   38.0871248
  25.9279315   38.0860349
  25.9287398   38.084955
  25.9295699   38.0838854
  25.9304216   38.0828263
  25.9312946   38.0817781
  25.9321888   38.0807409
  25.9331039   38.079715
  25.9340396   38.0787008
  25.9349958   38.0776985
  25.9359722   38.0767082
  25.9369685   38.0757303
  25.9379846   38.0747651
  25.93902     38.0738127
  25.9392596   38.0735959
  25.9393848   38.0734827
  25.9404045   38.0725751
  25.9414419   38.07168
  25.9424967   38.0707975
  25.9435686   38.069928
  25.9446575   38.0690716
  25.945763    38.0682284
  25.9468849   38.0673988
  25.9480228   38.0665829
  25.9491767   38.0657809
  25.9503461   38.064993
  25.9515308   38.0642193
  25.9527305   38.0634602
  25.9539449   38.0627156
  25.9551738   38.0619859
  25.9564168   38.0612712
  25.9576737   38.0605717
  25.9589441   38.0598875
  25.9602278   38.0592188
  25.9615244   38.0585658
  25.9628336   38.0579285
  25.9641552   38.0573073
  25.9654887   38.0567021
  25.9660492   38.0564523
  25.9674304   38.0558479
  25.9688236   38.0552609
  25.9702284   38.0546913
  25.9716444   38.0541393
  25.9730714   38.0536049
  25.974509    38.0530885
  25.9759567   38.05259
  25.9774143   38.0521096
  25.9788814   38.0516474
  25.9803576   38.0512036
  25.9818425   38.0507782
  25.9833357   38.0503714
  25.984837    38.0499833
  25.9863459   38.0496139
  25.987862    38.0492634
  25.9893849   38.0489318
  25.9909144   38.0486192
  25.9924499   38.0483257
  25.9939912   38.0480515
  25.9955377   38.0477964
  25.9970892   38.0475607
  25.9986453   38.0473443
  26.0002054   38.0471474
  26.0017694   38.0469699
  26.0033367   38.0468119
  26.004907    38.0466735
  26.0064799   38.0465547
  26.008055    38.0464556
  26.0096319   38.046376
  26.0112101   38.0463162
  26.0127894   38.046276
  26.0143693   38.0462555
  26.0159494   38.0462547
  26.0175294   38.0462736
  26.0191087   38.0463122
  26.0206871   38.0463704
  26.0207358   38.0463725
  26.0222677   38.046448
  26.023798    38.0465419
  26.0253262   38.0466544
  26.0268521   38.0467854
  26.0283753   38.0469349
  26.0298953   38.0471028
  26.0314119   38.047289
  26.0329247   38.0474936
  26.0344333   38.0477165
  26.0359374   38.0479577
  26.0374366   38.048217
  26.0389305   38.0484944
  26.0404189   38.0487899
  26.0419013   38.0491034
  26.0426563   38.049268
  26.0442768   38.0496328
  26.0458893   38.0500192
  26.0474933   38.0504269
  26.0490884   38.050856
  26.050674    38.0513061
  26.0511109   38.0514334
  26.0525741   38.0518702
  26.0540284   38.0523249
  26.0554735   38.0527975
  26.0569091   38.0532879
  26.0583347   38.053796
  26.05975     38.0543216
  26.0611546   38.0548646
  26.0625483   38.0554248
  26.0639306   38.0560022
  26.0653013   38.0565966
  26.06666     38.0572078
  26.0680064   38.0578357
  26.0693401   38.0584802
  26.0706608   38.059141
  26.0719681   38.059818
  26.0732619   38.0605111
  26.0745417   38.0612201
  26.0758072   38.0619447
  26.0770581   38.0626849
  26.0782941   38.0634404
  26.079515    38.0642111
  26.0807203   38.0649967
  26.0819099   38.0657971
  26.0830833   38.0666121
  26.0842404   38.0674415
  26.0853809   38.068285
  26.0865044   38.0691425
  26.0876107   38.0700137
  26.0886995   38.0708985
  26.0897706   38.0717966
  26.0908236   38.0727078
  26.0918584   38.0736318
  26.0928747   38.0745685
  26.0938721   38.0755176
  26.0948506   38.0764789
  26.0958098   38.0774521
  26.0967495   38.0784371
  26.0976694   38.0794335
  26.0985694   38.0804411
  26.0994493   38.0814597
  26.099494    38.0815123
  26.1003493   38.0825366
  26.1011842   38.0835712
  26.1019985   38.0846159
  26.1027919   38.0856705
  26.1035644   38.0867347
  26.1043157   38.0878082
  26.1050457   38.0888908
  26.1057541   38.0899822
  26.1064407   38.0910822
  26.1071055   38.0921904
  26.1077483   38.0933067
  26.1083688   38.0944307
  26.108967    38.0955621
  26.1095427   38.0967008
  26.1100957   38.0978463
  26.110626    38.0989985
  26.1111334   38.1001571
  26.1116177   38.1013217
  26.1120789   38.102492
  26.1125168   38.1036679
  26.1129314   38.104849
  26.1133225   38.1060351
  26.1136901   38.1072257
  26.114034    38.1084208
  26.1143541   38.1096198
  26.1146505   38.1108227
  26.1149229   38.112029
  26.1151715   38.1132385
  26.115396    38.1144508
  26.1155964   38.1156658
  26.1157728   38.116883
  26.1159249   38.1181023
  26.1160315   38.119119
  26.1160546   38.1193118
  26.1161766   38.1205369
  26.1162742   38.1217633
  26.1163474   38.1229907
  26.1163962   38.1242188
  26.1164206   38.1254474
  26.1164205   38.1266761
  26.116396    38.1279046
  26.116347    38.1291327
  26.1163194   38.1295945
  26.1165985   38.1301847
  26.1166592   38.1303194
  26.1171267   38.131259
  26.1183668   38.1314568
  26.1198888   38.1317192
  26.1214054   38.1320002
  26.1229163   38.1322998
  26.1244211   38.1326179
  26.1259193   38.1329544
  26.1274107   38.1333093
  26.1288949   38.1336825
  26.1303715   38.1340738
  26.1318401   38.1344832
  26.1333004   38.1349106
  26.1347521   38.1353559
  26.1361948   38.1358189
  26.1376281   38.1362996
  26.1390517   38.1367978
  26.1404652   38.1373134
  26.1418683   38.1378464
  26.1432607   38.1383964
  26.144642    38.1389635
  26.1460118   38.1395475
  26.14737     38.1401482
  26.148716    38.1407656
  26.1500496   38.1413993
  26.1513704   38.1420494
  26.1517432   38.142236
  26.1530763   38.1429153
  26.1543955   38.1436112
  26.1557004   38.1443235
  26.1569907   38.145052
  26.1582662   38.1457966
  26.1595264   38.146557
  26.160771    38.1473331
  26.1619998   38.1481246
  26.1632125   38.1489314
  26.1644086   38.1497533
  26.165588    38.1505901
  26.1667503   38.1514414
  26.1678952   38.1523073
  26.1690224   38.1531873
  26.1701317   38.1540813
  26.1712228   38.154989
  26.1714012   38.1551398
  26.1724437   38.1560348
  26.1734684   38.1569424
  26.1744752   38.1578623
  26.1754637   38.1587943
  26.1764338   38.1597383
  26.1770748   38.160382
  26.1774969   38.1607838
  26.1784647   38.1617348
  26.1794136   38.1626974
  26.1803434   38.1636715
  26.1812538   38.1646568
  26.1821447   38.165653
  26.1830159   38.16666
  26.183867    38.1676775
  26.184698    38.1687052
  26.1855086   38.169743
  26.1857473   38.1700539
  26.1865349   38.1710982
  26.1873019   38.1721519
  26.188048    38.1732148
  26.1887732   38.1742866
  26.1894771   38.1753671
  26.1901597   38.176456
  26.1908209   38.177553
  26.1914603   38.178658
  26.1920779   38.1797705
  26.1926736   38.1808905
  26.1928787   38.1812935
  26.1934545   38.1818945
  26.1943657   38.1828767
  26.1952574   38.1838698
  26.1978002   38.1867488
  26.1987122   38.1877995
  26.1996024   38.1888617
  26.2004706   38.189935
  26.2010784   38.190714
  26.2007991   38.1913123
END
7
  26.3650381   37.4611587
  26.364154    37.4615327
  26.3627858   37.4621335
  26.3614297   37.4627513
  26.3600859   37.4633858
  26.3587548   37.464037
  26.3574368   37.4647046
  26.356132    37.4653886
  26.354841    37.4660886
  26.3535638   37.4668047
  26.352301    37.4675365
  26.3510528   37.4682839
  26.3498195   37.4690467
  26.3486014   37.4698248
  26.3473988   37.4706179
  26.346212    37.4714258
  26.3450412   37.4722484
  26.3438869   37.4730855
  26.3427492   37.4739367
  26.3416285   37.474802
  26.340525    37.4756811
  26.3394389   37.4765739
  26.3383707   37.47748
  26.3373204   37.4783992
  26.3362884   37.4793314
  26.3352749   37.4802763
  26.3342802   37.4812336
  26.3333046   37.4822032
  26.3323482   37.4831848
  26.3314112   37.4841781
  26.330494    37.485183
  26.3295968   37.4861991
  26.3287197   37.4872262
  26.327863    37.4882641
  26.3270269   37.4893125
  26.3262116   37.4903711
  26.3254173   37.4914398
  26.3246441   37.4925181
  26.3238924   37.4936059
  26.3231622   37.4947029
  26.3224538   37.4958089
  26.3217673   37.4969234
  26.3211029   37.4980464
  26.3204607   37.4991775
  26.319841    37.5003163
  26.3192438   37.5014628
  26.3186693   37.5026165
  26.3186123   37.5027336
  26.3180499   37.5039175
  26.3175114   37.5051084
  26.316997    37.5063059
  26.3165067   37.5075097
  26.3160407   37.5087196
  26.3155992   37.5099353
  26.3151822   37.5111563
  26.3147899   37.5123825
  26.3144223   37.5136134
  26.3140795   37.5148489
  26.3137617   37.5160885
  26.3134689   37.5173319
  26.3132011   37.5185789
  26.3129586   37.5198291
  26.3127412   37.5210822
  26.3125491   37.5223378
  26.3123823   37.5235958
  26.3122409   37.5248556
  26.3121727   37.5255968
  26.3108881   37.5248762
  26.3095703   37.5241619
  26.3082383   37.5234643
  26.3082066   37.523448
  26.3079171   37.5233016
  26.3072836   37.5228602
  26.3068031   37.522536
  26.3066807   37.5224334
  26.3055872   37.5215452
  26.3044763   37.5206707
  26.3033482   37.5198101
  26.3022033   37.5189636
  26.3010418   37.5181315
  26.2998639   37.5173139
  26.2986701   37.5165111
  26.2974605   37.5157232
  26.2962355   37.5149504
  26.2949953   37.5141929
  26.2937404   37.513451
  26.2924709   37.5127247
  26.2911872   37.5120143
  26.2898897   37.51132
  26.2885786   37.5106419
  26.2878198   37.5102627
  26.287613    37.5101169
  26.2864239   37.5093046
  26.2852188   37.5085072
  26.2839981   37.507725
  26.282762    37.506958
  26.2815109   37.5062066
  26.2802451   37.5054708
  26.2789648   37.504751
  26.2776705   37.5040471
  26.2763623   37.5033595
  26.2750407   37.5026883
  26.2737059   37.5020336
  26.2723583   37.5013957
  26.2709983   37.5007746
  26.2696261   37.5001706
  26.2682421   37.4995837
  26.2668467   37.4990142
  26.2654401   37.4984622
  26.2640228   37.4979277
  26.2625951   37.497411
  26.2611573   37.4969122
  26.2597098   37.4964314
  26.258253    37.4959686
  26.2575954   37.4957692
  26.2573922   37.4956919
  26.2559842   37.4951776
  26.2545663   37.4946806
  26.2531389   37.4942012
  26.2531124   37.4941925
  26.2516731   37.4937299
  26.2502249   37.4932851
  26.2487681   37.4928582
  26.2473032   37.4924494
  26.2458304   37.4920587
  26.245322    37.4919307
  26.245199    37.4918982
  26.2436952   37.491521
  26.242184    37.4911628
  26.2406659   37.4908236
  26.2393967   37.4905571
  26.2392925   37.4905194
  26.238327    37.4901689
  26.2369046   37.4896735
  26.2354726   37.4891957
  26.2340314   37.4887357
  26.2325813   37.4882935
  26.2311227   37.4878692
  26.229656    37.487463
  26.2281816   37.487075
  26.2266996   37.4867052
  26.2252107   37.4863538
  26.223715    37.4860208
  26.2222129   37.4857063
  26.2207049   37.4854104
  26.2191912   37.4851332
  26.2176723   37.4848746
  26.2161485   37.4846349
  26.2146202   37.484414
  26.2130877   37.484212
  26.2115515   37.484029
  26.2100119   37.4838649
  26.2084692   37.4837199
  26.2069239   37.4835939
  26.2053762   37.4834871
  26.2043752   37.4834304
  26.2041986   37.4834184
  26.2028703   37.4833452
  26.2018678   37.4832264
  26.2002915   37.4830601
  26.1987121   37.4829137
  26.197139    37.482788
  26.1965685   37.4826885
  26.195035    37.4824411
  26.1934969   37.4822128
  26.1919544   37.4820037
  26.190408    37.4818138
  26.188858    37.4816431
  26.1873048   37.4814917
  26.1857488   37.4813597
  26.1841905   37.4812471
  26.1826301   37.4811538
  26.181068    37.48108
  26.1795047   37.4810256
  26.1779404   37.4809907
  26.1778111   37.4809894
  26.177201    37.480892
  26.1756374   37.480663
  26.1740694   37.4804538
  26.1724974   37.4802644
  26.1712682   37.4801322
  26.1709812   37.480087
  26.1694587   37.4798667
  26.1676144   37.4796115
  26.1660847   37.4794096
  26.1645512   37.4792265
  26.1630143   37.4790624
  26.1619889   37.4789657
  26.1616443   37.4786246
  26.1606349   37.477657
  26.1596063   37.4767023
  26.1585588   37.4757606
  26.1574925   37.4748322
  26.1564079   37.4739174
  26.1553051   37.4730163
  26.1541844   37.4721291
  26.1530462   37.4712562
  26.1518906   37.4703977
  26.1507181   37.4695539
  26.150453    37.469369
  26.149489    37.468505
  26.1484349   37.4675895
  26.147363    37.4666872
  26.1462733   37.4657983
  26.1451663   37.464923
  26.1440421   37.4640616
  26.1429011   37.4632143
  26.1417435   37.4623812
  26.1405697   37.4615626
  26.1393798   37.4607587
  26.1381742   37.4599696
  26.1369533   37.4591957
  26.1357172   37.4584369
  26.1344663   37.4576937
  26.1333527   37.4570533
  26.1330197   37.4568482
  26.1317691   37.4561023
  26.1305039   37.4553721
  26.1292245   37.4546577
  26.1279311   37.4539593
  26.1266241   37.4532771
  26.1253037   37.4526112
  26.1239704   37.4519618
  26.1226245   37.4513291
  26.1212662   37.4507132
  26.1198959   37.4501142
  26.118514    37.4495324
  26.1171207   37.4489678
  26.1157165   37.4484206
  26.1143017   37.447891
  26.1131191   37.4474662
  26.1128212   37.4473358
  26.1114085   37.4467411
  26.1099839   37.4461644
  26.1068874   37.4449356
  26.1054755   37.4443862
  26.1040529   37.4438546
  26.1026199   37.4433408
  26.1011768   37.442845
  26.1007793   37.4427114
  26.0991782   37.4421861
  26.0975659   37.4416829
  26.0959428   37.4412021
  26.0943094   37.4407436
  26.0933775   37.4404893
  26.0914876   37.4399901
  26.0912984   37.4399418
  26.0899267   37.4395634
  26.0884322   37.4391721
  26.0869302   37.4387994
  26.085421    37.4384457
  26.083905    37.4381108
  26.0823824   37.437795
  26.0808538   37.4374982
  26.0793195   37.4372207
  26.0777799   37.4369624
  26.0762354   37.4367233
  26.0746863   37.4365037
  26.073133    37.4363034
  26.0715759   37.4361226
  26.0700155   37.4359614
  26.068452    37.4358197
  26.0668859   37.4356975
  26.0653176   37.435595
  26.0637474   37.4355122
  26.0621758   37.4354489
  26.0606032   37.4354054
  26.0590298   37.4353816
  26.0574562   37.4353775
  26.0558827   37.435393
  26.0543097   37.4354283
  26.0527376   37.4354832
  26.0511668   37.4355578
  26.0495977   37.4356521
  26.0492674   37.435674
  26.0477217   37.4357862
  26.0461784   37.4359175
  26.0446379   37.4360678
  26.0431004   37.4362371
  26.0415665   37.4364254
  26.0400365   37.4366326
  26.0389715   37.4367904
  26.0388018   37.4367913
  26.037279    37.4368182
  26.035757    37.4368635
  26.034236    37.4369272
  26.0327829   37.4370057
  26.032527    37.4369123
  26.0322619   37.4368131
  26.0318146   37.4366525
  26.0313685   37.4364897
  26.0311003   37.4363959
  26.0308333   37.4363
  26.0303829   37.4361449
  26.0299336   37.4359877
  26.0296636   37.4358973
  26.0293947   37.4358047
  26.0289413   37.4356553
  26.028489    37.4355037
  26.0282172   37.4354167
  26.0279466   37.4353275
  26.0274902   37.4351837
  26.0270349   37.4350378
  26.0267615   37.4349541
  26.0264891   37.4348683
  26.02603     37.4347303
  26.0255719   37.4345901
  26.0252968   37.4345098
  26.0250228   37.4344274
  26.024561    37.4342951
  26.0241001   37.4341606
  26.0238235   37.4340838
  26.0235479   37.4340048
  26.0230835   37.4338783
  26.0226201   37.4337496
  26.022342    37.4336762
  26.0220648   37.4336007
  26.021598    37.43348
  26.0211321   37.4333571
  26.0208526   37.4332872
  26.0205739   37.4332151
  26.0201048   37.4331002
  26.0196365   37.4329832
  26.0193556   37.4329168
  26.0190756   37.4328482
  26.0186042   37.4327392
  26.0181337   37.4326279
  26.0178515   37.4325651
  26.0175702   37.4325
  26.0170967   37.4323968
  26.0166241   37.4322915
  26.0163407   37.4322321
  26.0160581   37.4321706
  26.0155827   37.4320734
  26.015108    37.4319739
  26.0148235   37.4319181
  26.0145397   37.4318601
  26.0140624   37.4317688
  26.0135858   37.4316753
  26.0133002   37.4316231
  26.0130153   37.4315686
  26.0125362   37.4314833
  26.0120578   37.4313957
  26.0117713   37.431347
  26.0114853   37.4312961
  26.0110046   37.4312168
  26.0105246   37.4311352
  26.0102371   37.4310901
  26.0099502   37.4310428
  26.009468    37.4309694
  26.0089863   37.4308939
  26.008698    37.4308524
  26.0084102   37.4308086
  26.0081132   37.4307653
  26.0075359   37.430685
  26.0074435   37.4306717
  26.0073872   37.4306643
  26.0065553   37.4305486
  26.0049932   37.4303515
  26.0034275   37.4301741
  26.0018584   37.4300164
  26.0002863   37.4298785
  25.9987117   37.4297603
  25.9971349   37.429662
  25.9955564   37.4295836
  25.9939765   37.429525
  25.9923956   37.4294863
  25.9908142   37.4294674
  25.9892325   37.4294685
  25.9876511   37.4294895
  25.9860703   37.4295304
  25.9844906   37.4295912
  25.9829122   37.4296718
  25.9813356   37.4297723
  25.9797613   37.4298926
  25.9781895   37.4300327
  25.9766208   37.4301926
  25.9750554   37.4303721
  25.9734938   37.4305714
  25.9719364   37.4307903
  25.9703835   37.4310287
  25.9688356   37.4312866
  25.967293    37.431564
  25.9657562   37.4318608
  25.9642255   37.4321768
  25.9627012   37.4325121
  25.9621244   37.4326468
  25.9605893   37.4328648
  25.9590556   37.4331022
  25.9575267   37.4333587
  25.9560031   37.4336342
  25.9544852   37.4339285
  25.9529732   37.4342417
  25.9514676   37.4345737
  25.9499687   37.4349243
  25.9484769   37.4352935
  25.9469925   37.4356812
  25.945516    37.4360873
  25.9440477   37.4365117
  25.9425879   37.4369543
  25.941137    37.437415
  25.9396954   37.4378937
  25.9392618   37.4380408
  25.9378448   37.438532
  25.9364375   37.4390406
  25.9350403   37.4395664
  25.9336535   37.4401093
  25.9322775   37.4406693
  25.9309126   37.441246
  25.9295591   37.4418395
  25.9282174   37.4424496
  25.9268877   37.443076
  25.9255703   37.4437188
  25.9242657   37.4443777
  25.9229741   37.4450525
  25.9216958   37.4457431
  25.9204312   37.4464493
  25.9191804   37.4471711
  25.9179439   37.4479081
  25.9167219   37.4486602
  25.9155148   37.4494272
  25.9143227   37.450209
  25.9131461   37.4510053
  25.9119851   37.451816
  25.9108401   37.4526409
  25.9097113   37.4534797
  25.9085991   37.4543323
  25.9075035   37.4551985
  25.9064251   37.456078
  25.9053639   37.4569707
  25.9044956   37.4577125
  25.9034257   37.4586413
  25.9023745   37.4595834
  25.9013422   37.4605387
  25.9003293   37.4615068
  25.9002496   37.4615854
  25.8999661   37.4618485
  25.8989653   37.4628073
  25.8979835   37.4637785
  25.8970211   37.4647618
  25.8960783   37.4657569
  25.8951553   37.4667637
  25.8942524   37.4677819
  25.8933697   37.4688111
  25.8925075   37.4698513
  25.891666    37.470902
  25.8908455   37.4719631
  25.890046    37.4730343
  25.8892679   37.4741153
  25.8885112   37.4752059
  25.8877762   37.4763058
  25.8870631   37.4774146
  25.8863721   37.4785322
  25.8857033   37.4796583
  25.8850568   37.4807926
  25.8844329   37.4819347
  25.8838317   37.4830845
  25.8832533   37.4842416
  25.8826979   37.4854058
  25.8821657   37.4865768
  25.8816567   37.4877542
  25.8811711   37.4889378
  25.8807089   37.4901272
  25.8802704   37.4913223
  25.8799857   37.4921463
  25.8798917   37.4923609
  25.8794026   37.4935357
  25.8789367   37.4947165
  25.8784942   37.4959028
  25.878075    37.4970945
  25.8776793   37.4982912
  25.8773073   37.4994927
  25.876959    37.5006986
  25.8766344   37.5019086
  25.8763337   37.5031225
  25.876057    37.50434
  25.8758043   37.5055607
  25.8755756   37.5067844
  25.8753711   37.5080108
  25.8751907   37.5092395
  25.8750345   37.5104703
  25.8749027   37.5117028
  25.8748305   37.5125302
  25.874816    37.5126139
  25.8746274   37.5138448
  25.8744631   37.5150777
  25.8743231   37.5163126
  25.8742076   37.517549
  25.8741165   37.5187867
  25.8740498   37.5200254
  25.8740076   37.5212647
  25.8739898   37.5225043
  25.8739966   37.523744
  25.8740278   37.5249835
  25.8740834   37.5262223
  25.8741636   37.5274604
  25.8742681   37.5286972
  25.8743971   37.5299326
  25.8745505   37.5311662
  25.8747282   37.5323978
  25.8749301   37.5336269
  25.8751564   37.5348534
  25.8754068   37.5360769
  25.8755261   37.5366073
  25.8755542   37.5368656
  25.8757106   37.5380855
  25.8758908   37.5393034
  25.8760948   37.5405188
  25.8763226   37.5417316
  25.876574    37.5429415
  25.876849    37.5441481
  25.8771475   37.5453511
  25.8774695   37.5465503
  25.8778149   37.5477454
  25.8781836   37.5489361
  25.8782546   37.5491579
  25.8786521   37.55036
  25.8790733   37.551557
  25.8795181   37.5527486
  25.8799865   37.5539345
  25.8804783   37.5551144
  25.8809935   37.556288
  25.8815318   37.557455
  25.8820931   37.5586152
  25.8826774   37.5597682
  25.8829839   37.5603466
  25.8832058   37.5608994
  25.8837096   37.5620889
  25.8842371   37.5632719
  25.8847882   37.564448
  25.8853628   37.5656171
  25.8859606   37.5667788
  25.8865817   37.5679328
  25.8872257   37.5690788
  25.8878926   37.5702166
  25.8885822   37.5713459
  25.8892943   37.5724663
  25.8900287   37.5735776
  25.8907852   37.5746795
  25.8915637   37.5757718
  25.8923639   37.5768541
  25.8931857   37.5779263
  25.8940289   37.5789879
  25.8948932   37.5800388
  25.8957784   37.5810787
  25.8960538   37.5813915
  25.8961344   37.581526
  25.8968313   37.5826439
  25.8975504   37.5837529
  25.8982915   37.5848528
  25.8990544   37.5859433
  25.8998388   37.587024
  25.9006447   37.5880949
  25.9014717   37.5891555
  25.9015617   37.5892669
  25.9021453   37.5901258
  25.902921    37.5912248
  25.9037186   37.592314
  25.9045379   37.5933929
  25.9053789   37.5944613
  25.9062412   37.5955189
  25.9071247   37.5965656
  25.9080291   37.5976009
  25.9089541   37.5986247
  25.9098996   37.5996367
  25.9103465   37.6000993
  25.9110443   37.6010615
  25.911851    37.6021341
  25.9118898   37.6021838
  25.9120093   37.602352
  25.9128131   37.6034418
  25.9136389   37.6045214
  25.9144862   37.6055903
  25.915355    37.6066484
  25.9154989   37.6068176
  25.9159031   37.6073234
  25.9167751   37.608377
  25.9176682   37.6094194
  25.9184674   37.6103209
  25.9191109   37.6110951
  25.9199236   37.6120395
  25.9205931   37.612902
  25.9214332   37.6139471
  25.9221615   37.6148227
  25.922414    37.6151706
  25.9232072   37.6162253
  25.924021    37.6172702
  25.9248552   37.6183049
  25.9257096   37.6193292
  25.9265839   37.6203428
  25.9274781   37.6213456
  25.9283917   37.6223372
  25.9293247   37.6233175
  25.9302768   37.6242862
  25.9312478   37.625243
  25.9322374   37.6261877
  25.9332454   37.6271202
  25.9342716   37.6280401
  25.9353157   37.6289473
  25.9363774   37.6298416
  25.9368364   37.6302222
  25.9368864   37.630263
  25.9370164   37.6303986
  25.9380009   37.6313923
  25.9390053   37.6323734
  25.9395737   37.6329197
  25.939592    37.632937
  25.9398187   37.6331843
  25.940714    37.634131
  25.9416271   37.6350669
  25.9417176   37.6351583
  25.9418352   37.6352749
  25.9422039   37.6356749
  25.9429716   37.6364812
  25.9430073   37.636523
  25.9439784   37.6376198
  25.9449729   37.6387034
  25.9459904   37.6397735
  25.9478769   37.6417228
  25.9488345   37.6426965
  25.9498112   37.6436582
  25.9508067   37.6446077
  25.9518209   37.6455447
  25.9527405   37.6463681
  25.9529352   37.646604
  25.9538151   37.647634
  25.9547152   37.648653
  25.9556355   37.6496607
  25.9565758   37.6506567
  25.9575357   37.6516408
  25.958515    37.6526129
  25.9595135   37.6535727
  25.960531    37.6545199
  25.9615672   37.6554542
  25.9626218   37.6563756
  25.9636698   37.6572627
  25.9639666   37.6575519
  25.9648011   37.6583395
  25.9654065   37.6589446
  25.9663719   37.6598799
  25.9673553   37.6608033
  25.9683564   37.6617147
  25.9690754   37.6623494
  25.9691175   37.6623883
  25.9701471   37.6633107
  25.9703883   37.6635201
  25.9705892   37.6637177
  25.9715866   37.6646675
  25.9726026   37.6656048
  25.973637    37.6665295
  25.9743786   37.6671719
  25.9749275   37.6677535
  25.9758744   37.6687252
  25.9768402   37.669685
  25.9778248   37.6706329
  25.9788278   37.6715685
  25.9798491   37.6724917
  25.9808884   37.6734022
  25.9819454   37.6742999
  25.9830199   37.6751844
  25.9840396   37.6759981
  25.9845782   37.6764794
  25.9856341   37.6773938
  25.986708    37.6782949
  25.9877996   37.6791826
  25.9889087   37.6800566
  25.9900349   37.6809168
  25.991178    37.6817628
  25.9923378   37.6825946
  25.9935139   37.6834118
  25.994706    37.6842144
  25.9959139   37.685002
  25.9971372   37.6857746
  25.9983757   37.6865318
  25.9996291   37.6872736
  25.9996859   37.6873062
  25.9999474   37.6874769
  26.0011619   37.6882449
  26.0023913   37.6889978
  26.0036354   37.6897355
  26.0048939   37.6904577
  26.0061664   37.6911644
  26.0074527   37.6918552
  26.0087524   37.6925302
  26.0100653   37.693189
  26.0113909   37.6938316
  26.0125635   37.6943802
  26.0137316   37.6951496
  26.014948    37.6959256
  26.0161796   37.6966865
  26.0174261   37.697432
  26.0186872   37.6981619
  26.0199625   37.6988761
  26.0212519   37.6995745
  26.0225549   37.7002568
  26.0238712   37.7009228
  26.0252005   37.7015725
  26.0265426   37.7022056
  26.027897    37.702822
  26.0292634   37.7034216
  26.0306415   37.7040042
  26.032031    37.7045696
  26.0334315   37.7051177
  26.0336014   37.7051816
  26.0339432   37.7053367
  26.0353008   37.7059307
  26.0366699   37.7065079
  26.0380502   37.7070682
  26.0394413   37.7076114
  26.040843    37.7081375
  26.0422548   37.7086462
  26.0436764   37.7091376
  26.0451075   37.7096114
  26.0465477   37.7100676
  26.0479968   37.7105059
  26.0494542   37.7109265
  26.0509198   37.711329
  26.0516793   37.7115324
  26.0531725   37.7119219
  26.0546733   37.7122928
  26.0561813   37.712645
  26.0576961   37.7129783
  26.0592174   37.7132927
  26.0607448   37.7135881
  26.0622778   37.7138644
  26.0638161   37.7141216
  26.0653594   37.7143595
  26.0669072   37.7145783
  26.0684592   37.7147777
  26.070015    37.7149577
  26.0715741   37.7151184
  26.0731363   37.7152596
  26.0747011   37.7153813
  26.0762681   37.7154835
  26.077837    37.7155661
  26.0794073   37.7156292
  26.0809786   37.7156727
  26.0825506   37.7156967
  26.084123    37.715701
  26.0856952   37.7156858
  26.0872669   37.715651
  26.0888377   37.7155966
  26.0904072   37.7155226
  26.0919751   37.7154291
  26.0935409   37.715316
  26.0951043   37.7151835
  26.0966649   37.7150315
  26.0982222   37.7148601
  26.0997759   37.7146693
  26.1004525   37.7145775
  26.1018031   37.714443
  26.1034964   37.7142511
  26.1035537   37.7142442
  26.1050956   37.7140489
  26.1055216   37.7139896
  26.1070399   37.7142078
  26.1086213   37.7144144
  26.1102067   37.7146009
  26.1117957   37.7147672
  26.1123927   37.7148259
  26.1139544   37.7149694
  26.1155188   37.7150934
  26.1170854   37.715198
  26.118654    37.715283
  26.120224    37.7153484
  26.1217952   37.7153943
  26.1233671   37.7154206
  26.1249393   37.7154273
  26.1265114   37.7154145
  26.1277366   37.7153892
  26.1277689   37.7153906
  26.1288152   37.715565
  26.1303648   37.7158032
  26.1319189   37.716022
  26.1334772   37.7162212
  26.1350392   37.716401
  26.1366047   37.7165612
  26.1381732   37.7167018
  26.1397443   37.7168228
  26.1413176   37.7169241
  26.1428927   37.7170057
  26.1434894   37.7170291
  26.143666    37.717039
  26.1452413   37.7171077
  26.1468177   37.7171568
  26.148395    37.717186
  26.1499726   37.7171956
  26.1501385   37.7171945
  26.1512225   37.7171999
  26.152786    37.7171883
  26.1543491   37.7171573
  26.1559113   37.7171069
  26.1574724   37.7170372
  26.1590319   37.7169482
  26.1605894   37.7168398
  26.1621446   37.7167121
  26.1636971   37.7165653
  26.1652465   37.7163991
  26.1667924   37.7162138
  26.1683345   37.7160094
  26.1698723   37.7157859
  26.1714055   37.7155434
  26.1729337   37.7152819
  26.1744565   37.7150015
  26.1759737   37.7147022
  26.1774847   37.7143842
  26.1789892   37.7140475
  26.1804868   37.7136922
  26.1812671   37.7134965
  26.1821308   37.7134756
  26.1831345   37.7134388
  26.1835532   37.7137381
  26.18472     37.7145464
  26.1859025   37.7153404
  26.1871005   37.7161197
  26.1883137   37.7168842
  26.1895417   37.7176336
  26.1907843   37.7183679
  26.1911201   37.7185631
  26.1923838   37.7192859
  26.1936616   37.7199929
  26.1949531   37.720684
  26.1950445   37.7207313
  26.196244    37.7214293
  26.1964593   37.7215504
  26.1967398   37.7217492
  26.1979322   37.7225679
  26.1991408   37.7233715
  26.2003653   37.7241599
  26.2016055   37.7249329
  26.202861    37.7256903
  26.2041314   37.7264318
  26.2054165   37.7271574
  26.206716    37.7278668
  26.2080295   37.7285598
  26.2093567   37.7292363
  26.2106973   37.7298961
  26.2120508   37.7305391
  26.2134171   37.731165
  26.2143401   37.7315726
  26.2155209   37.7323025
  26.2167737   37.7330521
  26.2180413   37.733786
  26.2193234   37.734504
  26.2203335   37.735051
  26.2205626   37.7351894
  26.2218184   37.7359235
  26.2230885   37.7366419
  26.2243726   37.7373446
  26.2256705   37.7380312
  26.2269818   37.7387017
  26.2283062   37.7393559
  26.2296434   37.7399936
  26.2309931   37.7406147
  26.2321314   37.7411199
  26.2330032   37.7416135
  26.2343089   37.7423282
  26.2362382   37.7433663
  26.237466    37.7440166
  26.2387058   37.7446524
  26.2399575   37.7452736
  26.2412206   37.74588
  26.2424949   37.7464717
  26.2437802   37.7470483
  26.2438784   37.7470916
  26.244187    37.7472473
  26.245502    37.7478884
  26.2468293   37.7485134
  26.2481687   37.749122
  26.2495199   37.7497142
  26.2508825   37.7502897
  26.2522562   37.7508485
  26.2536407   37.7513904
  26.2550356   37.7519153
  26.2564407   37.7524231
  26.2578555   37.7529136
  26.2592797   37.7533868
  26.260713    37.7538424
  26.2621551   37.7542805
  26.2636056   37.7547008
  26.2636779   37.7547208
  26.264983    37.7551749
  26.2664336   37.7556581
  26.2678936   37.7561231
  26.2693627   37.7565699
  26.2708405   37.7569983
  26.2723267   37.7574083
  26.2738209   37.7577997
  26.2753227   37.7581723
  26.2768317   37.7585263
  26.2783477   37.7588613
  26.2798701   37.7591774
  26.2813986   37.7594745
  26.2829329   37.7597525
  26.2844725   37.7600114
  26.2860171   37.760251
  26.2875663   37.7604713
  26.2891196   37.7606723
  26.2906768   37.7608539
  26.2922374   37.7610161
  26.2938011   37.7611588
  26.2953674   37.7612819
  26.296936    37.7613856
  26.2985064   37.7614696
  26.3000784   37.7615341
  26.3016514   37.761579
  26.3023703   37.7615906
  26.3027212   37.7617143
  26.3041457   37.762196
  26.3055796   37.7626602
  26.3070224   37.7631067
  26.3084738   37.7635355
  26.3099335   37.7639464
  26.311401    37.7643393
  26.3128761   37.7647142
  26.3143583   37.765071
  26.3158474   37.7654095
  26.317343    37.7657297
  26.3188446   37.7660315
  26.320352    37.7663148
  26.3218648   37.7665796
  26.3233826   37.7668258
  26.3249051   37.7670534
  26.3264318   37.7672622
  26.3279625   37.7674523
  26.3294967   37.7676236
  26.3310341   37.767776
  26.3325742   37.7679096
  26.3341169   37.7680242
  26.3356616   37.7681199
  26.3372079   37.7681967
  26.3387557   37.7682544
  26.3394864   37.7682772
  26.3396751   37.7682819
  26.3404167   37.7684097
  26.3419173   37.7686491
  26.3434223   37.7688704
  26.3449314   37.7690733
  26.3464443   37.769258
  26.3479606   37.7694243
  26.3494799   37.7695722
  26.3510019   37.7697016
  26.3525263   37.7698126
  26.3540526   37.7699051
  26.3549048   37.7699515
  26.3564703   37.7700271
  26.3580371   37.7700832
  26.3596048   37.7701199
  26.361173    37.770137
  26.3627414   37.7701347
  26.3643095   37.770113
  26.365877    37.7700717
  26.3674435   37.770011
  26.3690086   37.7699308
  26.370572    37.7698312
  26.3721331   37.7697122
  26.3736917   37.7695738
  26.3752473   37.7694161
  26.3767996   37.7692391
  26.3783482   37.7690428
  26.3798928   37.7688274
  26.3814328   37.7685927
  26.382968    37.768339
  26.3844979   37.7680662
  26.3860223   37.7677745
  26.3875406   37.7674638
  26.3890526   37.7671344
  26.3905579   37.7667862
  26.392056    37.7664193
  26.3935467   37.7660339
  26.3950295   37.76563
  26.3956498   37.7654524
  26.3961855   37.7653135
  26.3976685   37.7649084
  26.3991432   37.7644849
  26.4006094   37.7640431
  26.4020666   37.7635832
  26.4035144   37.7631052
  26.4049526   37.7626093
  26.4063807   37.7620956
  26.4077985   37.7615642
  26.4092055   37.7610152
  26.4106014   37.7604488
  26.4119859   37.7598652
  26.4133586   37.7592644
  26.4147192   37.7586466
  26.4160674   37.7580119
  26.4174027   37.7573606
  26.418725    37.7566928
  26.4200338   37.7560086
  26.4213288   37.7553082
  26.4216521   37.7551275
  26.4224459   37.7546995
  26.4237283   37.7539847
  26.4249963   37.7532539
  26.4262496   37.7525075
  26.4274879   37.7517456
  26.4287109   37.7509684
  26.4299183   37.7501761
  26.4311098   37.7493689
  26.4322851   37.748547
  26.433444    37.7477105
  26.434586    37.7468598
  26.435711    37.7459949
  26.4368187   37.7451161
  26.4379088   37.7442237
  26.438981    37.7433178
  26.440035    37.7423988
  26.4410707   37.7414667
  26.4420877   37.7405218
  26.4430858   37.7395644
  26.4440647   37.7385947
  26.4450243   37.7376129
  26.4459642   37.7366193
  26.4468842   37.7356142
  26.4477842   37.7345977
  26.4486639   37.7335701
  26.449523    37.7325318
  26.4503613   37.7314828
  26.4511788   37.7304235
  26.451975    37.7293542
  26.45275     37.7282752
  26.4535033   37.7271866
  26.454235    37.7260887
  26.4549447   37.7249819
  26.4556324   37.7238664
  26.4562978   37.7227424
  26.4565526   37.7222938
  26.4573528   37.7226925
  26.4586954   37.7233383
  26.4600507   37.7239673
  26.4614183   37.7245793
  26.4627979   37.7251742
  26.4641892   37.7257519
  26.4655918   37.7263122
  26.466421    37.7266305
  26.4663972   37.7269793
  26.4663372   37.7282185
  26.4663017   37.7294583
  26.466291    37.7306983
  26.4663048   37.7319383
  26.4663433   37.7331779
  26.4664063   37.7344169
  26.466494    37.735655
  26.4666063   37.7368917
  26.4666796   37.7376193
  26.4668169   37.7388587
  26.4669788   37.7400961
  26.4671655   37.7413314
  26.4673767   37.7425642
  26.4676125   37.7437942
  26.4678727   37.7450211
  26.4681574   37.7462446
  26.4684664   37.7474643
  26.4687997   37.74868
  26.4691572   37.7498914
  26.4695388   37.7510982
  26.4699444   37.7523001
  26.4703739   37.7534967
  26.4708272   37.7546878
  26.4713042   37.7558731
  26.4718047   37.7570523
  26.4723287   37.7582251
  26.472876    37.7593911
  26.4734465   37.7605502
  26.47404     37.7617021
  26.4746564   37.7628464
  26.4752955   37.7639828
  26.4759573   37.7651111
  26.4766414   37.766231
  26.4773478   37.7673423
  26.4780762   37.7684446
  26.4788265   37.7695376
  26.4795985   37.7706212
  26.4803921   37.771695
  26.4812069   37.7727587
  26.4820429   37.7738122
  26.4828997   37.7748551
  26.4837772   37.7758871
  26.4846752   37.7769081
  26.4855935   37.7779178
  26.486188    37.7785503
  26.4867555   37.7791887
  26.4876838   37.7801987
  26.4886322   37.7811969
  26.4896004   37.7821831
  26.4905883   37.783157
  26.4915955   37.7841185
  26.4920012   37.7844936
  26.4925      37.7851142
  26.4933662   37.7861555
  26.4942532   37.7871859
  26.4951606   37.788205
  26.4960883   37.7892126
  26.497036    37.7902086
  26.4980036   37.7911926
  26.4989906   37.7921643
  26.499192    37.7923562
  26.4994526   37.7926209
  26.5004335   37.7935857
  26.5014334   37.7945381
  26.5017653   37.7948443
  26.5022094   37.7952816
  26.5032143   37.7962398
  26.5042382   37.7971853
  26.5052808   37.798118
  26.5063419   37.7990375
  26.506449    37.7991274
  26.5066383   37.7993297
  26.5075995   37.8003234
  26.5085806   37.801305
  26.5094413   37.8021386
  26.5101664   37.8029976
  26.5110604   37.8040213
  26.5119747   37.8050337
  26.5129092   37.8060347
  26.5138635   37.8070238
  26.5148374   37.8080009
  26.5156824   37.808835
  26.5166605   37.8097853
  26.5169434   37.8100517
  26.5174382   37.8105624
  26.51841     37.8115337
  26.5194011   37.8124928
  26.520411    37.8134394
  26.5214397   37.8143734
  26.5224868   37.8152945
  26.523552    37.8162025
  26.5246352   37.8170972
  26.525736    37.8179783
  26.5268542   37.8188456
  26.5279895   37.819699
  26.5290585   37.82049
  26.5302063   37.821326
  26.5313705   37.8221478
  26.5325508   37.8229551
  26.533747    37.8237476
  26.5349587   37.8245253
  26.5361856   37.825288
  26.5374275   37.8260353
  26.5386841   37.8267672
  26.539955    37.8274835
  26.5412399   37.828184
  26.5425386   37.8288686
  26.5438506   37.829537
  26.5451757   37.8301891
  26.546431    37.8307856
  26.5473433   37.8312894
  26.5486585   37.8319916
  26.5499877   37.8326771
  26.5501536   37.8327597
  26.5509676   37.8332187
  26.5522377   37.8339117
  26.5535212   37.8345892
  26.5548178   37.8352509
  26.5561273   37.8358966
  26.5564843   37.8360697
  26.5578156   37.8367038
  26.5591594   37.8373215
  26.5605151   37.8379225
  26.5618826   37.8385068
  26.5632614   37.8390742
  26.5646512   37.8396246
  26.5660517   37.8401578
  26.5674626   37.8406737
  26.5688834   37.8411722
  26.5703139   37.8416531
  26.5717538   37.8421164
  26.5732026   37.842562
  26.57466     37.8429896
  26.5761256   37.8433993
  26.5775992   37.8437909
  26.5790803   37.8441643
  26.5805686   37.8445194
  26.5820637   37.8448562
  26.5837278   37.8452201
  26.5854159   37.8455766
  26.5871116   37.8459097
  26.5882704   37.8461205
  26.5893121   37.8469265
  26.5904485   37.8477786
  26.5916018   37.8486166
  26.5927716   37.8494402
  26.5939576   37.8502491
  26.5951595   37.8510432
  26.5963771   37.8518223
  26.59761     37.8525863
  26.598858    37.8533348
  26.6001207   37.8540678
  26.6013978   37.854785
  26.602689    37.8554863
  26.603994    37.8561715
  26.6053125   37.8568404
  26.6066441   37.8574929
  26.6079885   37.8581288
  26.6093454   37.858748
  26.6107144   37.8593502
  26.6120953   37.8599354
  26.6134876   37.8605034
  26.614891    37.8610541
  26.6163052   37.8615873
  26.6172299   37.861922
  26.6185098   37.8625418
  26.6198529   37.8631697
  26.6212084   37.8637808
  26.6220111   37.8641298
  26.6220609   37.8641535
  26.6234213   37.8647791
  26.6247941   37.8653877
  26.6261788   37.8659791
  26.6275752   37.8665532
  26.6289829   37.8671098
  26.6304015   37.8676488
  26.6318307   37.8681701
  26.6332702   37.8686736
  26.6347195   37.869159
  26.6361784   37.8696264
  26.6376464   37.8700755
  26.6391232   37.8705062
  26.6406084   37.8709186
  26.6421017   37.8713124
  26.6436027   37.8716875
  26.6451109   37.8720439
  26.6466261   37.8723815
  26.6481479   37.8727002
  26.6488378   37.8728355
  26.6490782   37.8728977
  26.6505637   37.8732618
  26.6512945   37.873436
  26.651876    37.8735747
  26.6534708   37.8739435
  26.6550733   37.8742912
  26.6566828   37.8746179
  26.658299    37.8749234
  26.6589657   37.8750448
  26.6601268   37.8752563
  26.6616333   37.8755211
  26.6631448   37.8757674
  26.664661    37.8759953
  26.6657892   37.8761506
  26.6662917   37.8762273
  26.6678329   37.8764426
  26.6693782   37.8766388
  26.6709272   37.8768159
  26.6724795   37.8769738
  26.6738405   37.8770951
  26.6748885   37.8774506
  26.6763411   37.8779221
  26.6778029   37.8783755
  26.6792735   37.8788107
  26.6807526   37.8792276
  26.681744    37.8794932
  26.6818684   37.8795511
  26.6832308   37.880163
  26.6846052   37.880758
  26.6859912   37.8813359
  26.6873886   37.8818965
  26.688797    37.8824397
  26.690216    37.8829654
  26.6916453   37.8834734
  26.6930845   37.8839637
  26.6945333   37.884436
  26.6946552   37.8844749
  26.6961044   37.8849265
  26.6975623   37.8853602
  26.6990285   37.8857759
  26.7005029   37.8861735
  26.7019849   37.8865529
  26.7034742   37.886914
  26.7049705   37.8872567
  26.7050949   37.8872835
  26.7051473   37.8872974
  26.7066498   37.8876762
  26.7081597   37.8880361
  26.7096766   37.8883772
  26.7112002   37.8886994
  26.71273     37.8890024
  26.7142657   37.8892864
  26.7158069   37.8895512
  26.7168506   37.8897169
  26.717973    37.8899258
  26.7195125   37.8901921
  26.7196312   37.8902111
  26.7198637   37.8902537
  26.7214011   37.8905157
  26.7229437   37.8907584
  26.7244908   37.890982
  26.7260422   37.8911862
  26.7275976   37.8913712
  26.7291564   37.8915368
  26.7307183   37.891683
  26.732283    37.8918098
  26.73385     37.891917
  26.7354189   37.8920048
  26.7369894   37.8920731
  26.7385611   37.8921218
  26.7401335   37.892151
  26.7417063   37.8921606
  26.7432792   37.8921507
  26.7448516   37.8921212
  26.7464232   37.8920722
  26.7479937   37.8920036
  26.7495626   37.8919155
  26.7511296   37.8918079
  26.7526942   37.8916808
  26.7537181   37.8915848
  26.7542547   37.8915831
  26.7558252   37.8915586
  26.757395    37.8915146
  26.7589638   37.8914512
  26.7605311   37.8913682
  26.7620965   37.8912659
  26.7636597   37.891144
  26.7652203   37.8910028
  26.7667778   37.8908423
  26.768332    37.8906624
  26.7698824   37.8904632
  26.7714286   37.8902448
  26.7729703   37.8900072
  26.7740423   37.8898281
  26.7740518   37.8898272
  26.7754121   37.8897262
  26.7769269   37.8895954
  26.778439    37.8894463
  26.7795936   37.8893183
  26.7798879   37.8893009
  26.7799201   37.8892989
  26.7807472   37.8892398
  26.7814392   37.889202
  26.7829939   37.8890977
  26.7844065   37.8889853
  26.7858425   37.8890246
  26.7873869   37.889048
  26.7889315   37.8890525
  26.790476    37.8890382
  26.79202     37.889005
  26.7935632   37.8889529
  26.7951052   37.888882
  26.7966456   37.8887923
  26.7981841   37.8886838
  26.7987545   37.8886365
  26.7989875   37.8886253
  26.8005467   37.8885307
  26.8021038   37.8884169
  26.8036584   37.8882838
  26.8052102   37.8881315
  26.8067588   37.8879601
  26.8074362   37.8878765
  26.8078394   37.8878542
  26.8085363   37.8878068
  26.8086624   37.887812
  26.8102304   37.887857
  26.8117991   37.8878824
  26.8133681   37.8878884
  26.814937    37.887875
  26.8165055   37.8878421
  26.8180731   37.8877897
  26.8196395   37.8877179
  26.8212043   37.8876267
  26.8227671   37.887516
  26.8243274   37.887386
  26.8255171   37.8872795
  26.8268888   37.887149
  26.8282581   37.8870035
  26.8290739   37.8869123
  26.8306414   37.886727
  26.832205    37.8865221
  26.8337642   37.8862977
  26.8353188   37.8860537
  26.8368682   37.8857903
  26.8384122   37.8855075
  26.8399502   37.8852054
  26.8416373   37.8848627
  26.8417191   37.8848456
  26.8424745   37.8848848
  26.8440422   37.8849468
  26.8456108   37.8849892
  26.8471802   37.8850122
  26.8487498   37.8850158
  26.8503192   37.8849998
  26.8518882   37.8849644
  26.8534563   37.8849095
  26.855023    37.8848352
  26.8565881   37.8847414
  26.8581512   37.8846282
  26.8597117   37.8844956
  26.8612695   37.8843437
  26.862824    37.8841725
  26.864375    37.8839819
  26.8659219   37.8837722
  26.8674645   37.8835433
  26.8690023   37.8832953
  26.870535    37.8830282
  26.8720622   37.8827421
  26.8735835   37.8824372
  26.8750985   37.8821133
  26.8766069   37.8817707
  26.8781083   37.8814095
  26.8796023   37.8810296
  26.8810885   37.8806313
  26.8825666   37.8802145
  26.8840363   37.8797794
  26.8854971   37.8793262
  26.8869487   37.8788549
  26.8883907   37.8783656
  26.8898228   37.8778585
  26.8912446   37.8773337
  26.8926558   37.8767913
  26.894056    37.8762314
  26.8954448   37.8756542
  26.896822    37.8750599
  26.897368    37.8748154
  26.8983056   37.8744868
  26.8997369   37.8739638
  26.9011576   37.873423
  26.9025672   37.8728645
  26.9039655   37.8722885
  26.9053521   37.8716951
  26.9067266   37.8710845
  26.9080888   37.8704569
  26.9094382   37.8698123
  26.9107746   37.8691509
  26.9120975   37.868473
  26.9134067   37.8677786
  26.9147018   37.867068
  26.9150657   37.8668616
  26.9150828   37.8668688
  26.916487    37.8674339
  26.9179022   37.8679815
  26.9193283   37.8685113
  26.9207647   37.8690233
  26.9222112   37.8695174
  26.9236675   37.8699933
  26.925133    37.8704511
  26.9266075   37.8708905
  26.9280907   37.8713114
  26.929582    37.8717139
  26.9310813   37.8720977
  26.932588    37.8724627
  26.9341018   37.872809
  26.9356224   37.8731363
  26.9371493   37.8734446
  26.9386822   37.8737339
  26.9402207   37.874004
  26.9417644   37.8742549
  26.9433129   37.8744865
  26.9433792   37.874496
  26.9450741   37.8747267
  26.9467737   37.8749343
  26.9484776   37.8751188
  26.9501853   37.8752801
  26.9505196   37.8753094
  26.9520848   37.8754366
  26.9536523   37.8755443
  26.9552218   37.8756324
  26.9567928   37.8757011
  26.9583651   37.8757502
  26.9599381   37.8757797
  26.9615115   37.8757896
  26.9630849   37.87578
  26.9646579   37.8757508
  26.9662301   37.875702
  26.9678012   37.8756337
  26.9693707   37.8755458
  26.9705724   37.8754635
  26.9710966   37.8755779
  26.9725966   37.8758858
  26.9741025   37.8761752
  26.975614    37.8764461
  26.9771306   37.8766984
  26.9786519   37.8769321
  26.9801777   37.8771472
  26.9817075   37.8773435
  26.9832411   37.8775211
  26.9845065   37.8776518
  26.9859312   37.8778157
  26.9874782   37.8779742
  26.9890282   37.8781136
  26.9905807   37.8782339
  26.9921354   37.8783351
  26.9936919   37.878417
  26.9952499   37.8784797
  26.9968089   37.8785232
  26.9983686   37.8785475
  26.9985597   37.8785481
  26.9989189   37.8785545
  27.000616    37.8785617
  27.0023131   37.8785461
  27.0040096   37.8785078
  27.005705    37.8784467
  27.005983    37.8784348
  27.0075647   37.8783572
  27.0091445   37.8782599
  27.0107222   37.8781427
  27.0122974   37.8780058
  27.0138696   37.8778491
  27.0154384   37.8776728
  27.0170035   37.8774769
  27.0185645   37.8772613
  27.0201209   37.8770262
  27.0216725   37.8767717
  27.0232186   37.8764977
  27.0247591   37.8762044
  27.0262935   37.8758919
  27.0278215   37.8755601
  27.0293425   37.8752092
  27.0308563   37.8748394
  27.0323625   37.8744505
  27.0338607   37.8740429
  27.0339738   37.8740113
  27.0354488   37.8735893
  27.0369152   37.873149
  27.0383727   37.8726906
  27.0398209   37.8722142
  27.0412594   37.8717198
  27.0426879   37.8712077
  27.044106    37.8706779
  27.0455134   37.8701305
  27.0469097   37.8695658
  27.0482946   37.8689838
  27.0496677   37.8683847
  27.0510288   37.8677686
  27.0523774   37.8671357
  27.0537132   37.8664861
  27.055036    37.8658201
  27.0563453   37.8651377
  27.0576409   37.8644391
  27.0589224   37.8637246
  27.0601895   37.8629942
  27.0614419   37.8622482
  27.0626794   37.8614867
  27.0639015   37.8607099
  27.065108    37.8599181
  27.0662986   37.8591114
  27.0674206   37.8583266
  27.0685126   37.8582555
  27.0699714   37.8581434
  27.0714279   37.8580143
  27.0728818   37.8578684
  27.0732457   37.8578298
  27.0733666   37.8578162
  27.0746947   37.8577316
  27.0762416   37.857614
  27.077786    37.8574773
  27.0793275   37.8573217
  27.0808657   37.8571471
  27.0824003   37.8569536
  27.0839309   37.8567414
  27.0854571   37.8565103
  27.0869786   37.8562605
  27.088495    37.855992
  27.0900059   37.8557049
  27.091511    37.8553993
  27.0930098   37.8550752
  27.0931918   37.8550346
  27.0940691   37.8548357
  27.0944212   37.8547545
  27.0959215   37.8543983
  27.0974145   37.8540236
  27.0988999   37.8536304
  27.1003773   37.8532189
  27.1018464   37.8527891
  27.1033067   37.8523411
  27.1047579   37.8518751
  27.1061997   37.8513912
  27.1076317   37.8508894
  27.1090535   37.85037
  27.1104649   37.849833
  27.1118654   37.8492786
  27.1132547   37.8487069
  27.1146324   37.848118
  27.1159983   37.8475122
  27.117352    37.8468895
  27.1186932   37.84625
  27.1200214   37.8455941
  27.1213365   37.8449217
  27.1226381   37.8442331
  27.1239258   37.8435285
  27.1251993   37.842808
  27.1264584   37.8420718
  27.1277026   37.84132
  27.1289318   37.8405529
  27.1301456   37.8397707
  27.1313437   37.8389735
  27.1314022   37.8389333
  27.1324377   37.8382618
  27.1336346   37.8374603
  27.1348154   37.8366441
  27.1359799   37.8358133
  27.1364669   37.8354546
  27.1366944   37.8350612
  27.1370085   37.8345198
  27.1463047   37.818664
  27.1578304   37.795755
  27.1604652   37.7905587
  27.1648046   37.7806161
  27.1614583   37.7766209
  27.1521086   37.7662068
  27.1507765   37.7648896
  27.1491041   37.7632184
  27.1313795   37.7507366
  27.1245426   37.7371575
  27.1244189   37.7369066
  27.1237272   37.73515
  27.1091513   37.7179129
  27.1041843   37.7112889
  27.0967759   37.7051896
  27.0959923   37.7043916
  27.0864454   37.7013348
  27.0792621   37.6989699
  27.0785788   37.6987351
  27.0746622   37.6984466
  27.0746076   37.6984417
  27.0744974   37.6984434
  27.0725849   37.6983289
  27.0707062   37.6981964
  27.0693462   37.698086
  27.0690234   37.6980563
  27.0671174   37.6978568
  27.0642016   37.6975078
  27.0597321   37.6968989
  27.0588238   37.6964249
  27.0568048   37.6953715
  27.054796    37.6942941
  27.0533594   37.6945009
  27.0507547   37.694834
  27.0463003   37.6953004
  27.0450678   37.6955641
  27.044529    37.6958123
  27.0428026   37.6958854
  27.0384583   37.6959438
  27.0316273   37.6972693
  27.0307146   37.6971715
  27.0291355   37.6970532
  27.0273786   37.6968892
  27.0266346   37.6967467
  27.0265702   37.6967757
  27.0243433   37.6976498
  27.0241858   37.6977149
  27.0223842   37.6983784
  27.0208438   37.6982407
  27.014974    37.6975477
  27.0143955   37.6974553
  27.0142627   37.6974017
  27.0137069   37.6972687
  27.0008122   37.6938759
  26.9996519   37.6933691
  26.9987984   37.6929098
  26.9987892   37.6929045
  26.9937084   37.6897556
  26.9931782   37.6894165
  26.9929153   37.6893069
  26.9926355   37.6891584
  26.992628    37.6891469
  26.9891061   37.6855608
  26.9884402   37.684864
  26.9871729   37.6823456
  26.9868142   37.6816062
  26.9855277   37.6802642
  26.9776746   37.6723519
  26.9768936   37.6716411
  26.9756044   37.6701028
  26.9751645   37.6695632
  26.9742772   37.6684488
  26.9741719   37.6683475
  26.9708787   37.6650816
  26.967559    37.6612924
  26.9468589   37.6451297
  26.9420495   37.6406324
  26.9422215   37.6368432
  26.9427757   37.6272425
  26.9433475   37.6165028
  26.9434701   37.6145804
  26.9473654   37.5822917
  26.948149    37.5757968
  26.9478488   37.5756202
  26.9465767   37.574896
  26.9452905   37.5741878
  26.9439903   37.5734956
  26.9426766   37.5728196
  26.9413497   37.5721601
  26.94001     37.5715172
  26.9386576   37.570891
  26.937293    37.5702816
  26.9359165   37.5696894
  26.9345285   37.5691143
  26.9331292   37.5685565
  26.9317191   37.5680162
  26.9302985   37.5674935
  26.9288677   37.5669885
  26.927427    37.5665014
  26.925977    37.5660323
  26.9245177   37.5655812
  26.9230498   37.5651483
  26.9215735   37.5647338
  26.9200891   37.5643377
  26.9185971   37.56396
  26.9170978   37.563601
  26.917075    37.5635957
  26.9155521   37.5632517
  26.9140226   37.5629269
  26.9124868   37.5626214
  26.9109451   37.5623352
  26.9093978   37.5620685
  26.9078454   37.5618212
  26.9062883   37.5615935
  26.9047268   37.5613854
  26.9031613   37.561197
  26.9015922   37.5610283
  26.90002     37.5608793
  26.898445    37.5607501
  26.8968675   37.5606407
  26.8952881   37.5605512
  26.8937072   37.5604815
  26.8934531   37.5604736
  26.8930754   37.560399
  26.8915227   37.5601135
  26.8899645   37.5598477
  26.8884011   37.5596016
  26.8873228   37.559446
  26.8866357   37.5593362
  26.8851036   37.5591109
  26.8835673   37.5589045
  26.8820271   37.5587172
  26.8804833   37.558549
  26.8789365   37.5583999
  26.8773869   37.5582699
  26.8764141   37.5582005
  26.8762398   37.5581759
  26.8746975   37.5579778
  26.8731515   37.5577988
  26.8716022   37.5576391
  26.8700499   37.5574986
  26.868495    37.5573774
  26.8669379   37.5572755
  26.865379    37.557193
  26.8638186   37.5571298
  26.8622572   37.5570859
  26.8606952   37.5570614
  26.8591328   37.5570564
  26.8575705   37.5570707
  26.8574769   37.5570727
  26.856658    37.5566591
  26.8553171   37.5560052
  26.8539634   37.5553681
  26.8525971   37.5547481
  26.8512187   37.5541452
  26.8498284   37.5535596
  26.8484267   37.5529914
  26.8470139   37.5524409
  26.8455902   37.551908
  26.8441562   37.5513931
  26.8427121   37.5508961
  26.8412583   37.5504172
  26.8397951   37.5499566
  26.8383229   37.5495143
  26.8368422   37.5490905
  26.8353532   37.5486852
  26.8338563   37.5482987
  26.8323519   37.5479308
  26.8308404   37.5475819
  26.8293221   37.5472518
  26.8277975   37.5469408
  26.8262668   37.5466489
  26.8259634   37.5465931
  26.8244496   37.5463242
  26.8229306   37.5460739
  26.8214069   37.5458425
  26.8198789   37.5456298
  26.8183468   37.545436
  26.8168112   37.5452611
  26.8152723   37.5451051
  26.8137306   37.5449681
  26.8121863   37.5448502
  26.8106399   37.5447512
  26.8090918   37.5446714
  26.8084149   37.5446406
  26.8068739   37.5445801
  26.8053319   37.5445385
  26.8037892   37.5445158
  26.8022463   37.544512
  26.8007035   37.5445272
  26.7991612   37.5445612
  26.7976197   37.5446141
  26.7960795   37.5446859
  26.7945408   37.5447766
  26.7930041   37.5448861
  26.7914697   37.5450144
  26.789938    37.5451615
  26.7892088   37.5452361
  26.7875567   37.5454162
  26.7859087   37.5456182
  26.7849904   37.5457432
  26.7837541   37.5458533
  26.7821063   37.5460222
  26.7804622   37.5462128
  26.7798943   37.5462825
  26.7776073   37.5465847
  26.7772171   37.54664
  26.7770645   37.5466617
  26.7769475   37.5466784
  26.7753975   37.5469099
  26.7738522   37.5471608
  26.7723121   37.5474311
  26.7707776   37.5477205
  26.769742    37.5479297
  26.7695708   37.5479584
  26.7680541   37.5482322
  26.7665429   37.5485247
  26.7650377   37.5488358
  26.7635388   37.5491655
  26.7620465   37.5495137
  26.7605612   37.5498803
  26.7590834   37.5502651
  26.7576132   37.5506682
  26.7561512   37.5510894
  26.7546976   37.5515286
  26.7532529   37.5519857
  26.7518173   37.5524606
  26.7503912   37.5529532
  26.748975    37.5534633
  26.7483789   37.553687
  26.7472331   37.5540934
  26.7458249   37.5546139
  26.7444272   37.5551517
  26.7430401   37.5557067
  26.7416642   37.5562787
  26.7402996   37.5568677
  26.7389468   37.5574733
  26.737606    37.5580956
  26.7362776   37.5587344
  26.7349619   37.5593895
  26.7336592   37.5600607
  26.7323699   37.5607479
  26.7310942   37.5614509
  26.7298325   37.5621696
  26.728585    37.5629037
  26.7273521   37.5636532
  26.7261341   37.5644177
  26.7249312   37.5651972
  26.7237437   37.5659914
  26.723654    37.5660524
  26.7224581   37.5668781
  26.7212789   37.5677188
  26.7201167   37.5685743
  26.7189718   37.5694442
  26.7178444   37.5703285
  26.7169958   37.5710155
  26.7168291   37.5711183
  26.7156023   37.5718991
  26.7143911   37.5726952
  26.713196    37.5735062
  26.7120172   37.5743321
  26.7108549   37.5751726
  26.7097094   37.5760275
  26.7085812   37.5768966
  26.7074703   37.5777797
  26.7063771   37.5786765
  26.7063442   37.5787039
  26.7052683   37.5796149
  26.7042106   37.5805393
  26.7031714   37.5814767
  26.7021511   37.582427
  26.7011497   37.5833899
  26.7001677   37.5843652
  26.6992052   37.5853527
  26.6982624   37.586352
  26.6973397   37.587363
  26.6964372   37.5883854
  26.6955552   37.5894189
  26.6946938   37.5904633
  26.6938534   37.5915183
  26.693034    37.5925837
  26.692236    37.5936592
  26.6914595   37.5947445
  26.6907047   37.5958393
  26.6899717   37.5969435
  26.6892608   37.5980566
  26.6885722   37.5991785
  26.687906    37.6003088
  26.6872624   37.6014473
  26.6866416   37.6025936
  26.6860436   37.6037476
  26.6854687   37.6049089
  26.6849169   37.6060772
  26.6843885   37.6072522
  26.6838836   37.6084337
  26.6834022   37.6096213
  26.6829446   37.6108147
  26.6825108   37.6120137
  26.6821009   37.613218
  26.681715    37.6144272
  26.6813533   37.6156411
  26.6813256   37.6157409
  26.6801571   37.6151068
  26.6791589   37.6145741
  26.6778446   37.6138846
  26.6765166   37.6132117
  26.6751754   37.6125554
  26.6738213   37.6119159
  26.6724546   37.6112935
  26.6710757   37.6106883
  26.6696849   37.6101003
  26.6688563   37.6097633
  26.6688745   37.6089062
  26.668876    37.6076596
  26.6688528   37.6064131
  26.6688048   37.605167
  26.668732    37.6039216
  26.6686344   37.6026773
  26.668512    37.6014343
  26.668365    37.600193
  26.6681932   37.5989537
  26.6679969   37.5977166
  26.6678333   37.5968025
  26.6678325   37.5962115
  26.6678058   37.594955
  26.6677539   37.593699
  26.6676768   37.5924438
  26.6675745   37.5911897
  26.6674471   37.589937
  26.6672946   37.588686
  26.6671171   37.5874371
  26.6669145   37.5861906
  26.666687    37.5849467
  26.6664345   37.5837059
  26.6661572   37.5824684
  26.6658551   37.5812345
  26.6655283   37.5800045
  26.6651769   37.5787788
  26.664801    37.5775577
  26.6644007   37.5763414
  26.663976    37.5751303
  26.6638075   37.5746641
  26.663368    37.5734832
  26.6629054   37.5723078
  26.6624198   37.5711382
  26.6619113   37.5699747
  26.66138     37.5688177
  26.660826    37.5676673
  26.6602495   37.5665239
  26.6596507   37.5653877
  26.6590296   37.564259
  26.6583864   37.5631381
  26.6577213   37.5620252
  26.6570344   37.5609207
  26.6563259   37.5598247
  26.655596    37.5587376
  26.6548449   37.5576597
  26.6540726   37.5565911
  26.6532795   37.5555321
  26.6524657   37.5544831
  26.6516314   37.5534442
  26.6507768   37.5524157
  26.6499022   37.5513979
  26.6490076   37.5503909
  26.6480934   37.5493952
  26.6471598   37.5484108
  26.6462069   37.547438
  26.6452351   37.5464771
  26.6448597   37.5461175
  26.645037    37.5454254
  26.6453312   37.5441736
  26.6453902   37.5439109
  26.6456982   37.5424612
  26.6459722   37.5410072
  26.6460115   37.5407845
  26.6462191   37.5395361
  26.6464016   37.5382852
  26.646559    37.5370322
  26.6466912   37.5357773
  26.6467983   37.5345209
  26.6468801   37.5332632
  26.6469367   37.5320047
  26.6469465   37.531724
  26.64695     37.53158
  26.6471588   37.5307097
  26.6474276   37.5294852
  26.6476721   37.5282574
  26.6478923   37.5270267
  26.648088    37.5257933
  26.6482594   37.5245577
  26.6484062   37.5233201
  26.6485285   37.5220808
  26.6486263   37.52084
  26.6486995   37.5195982
  26.6487481   37.5183557
  26.6487721   37.5171126
  26.6487715   37.5158694
  26.6487463   37.5146263
  26.6486965   37.5133837
  26.648622    37.5121418
  26.6485231   37.510901
  26.6483995   37.5096615
  26.6482515   37.5084238
  26.6480789   37.5071879
  26.6478819   37.5059544
  26.6478546   37.5057936
  26.6476292   37.5045414
  26.6473786   37.5032922
  26.6471029   37.5020463
  26.6468022   37.5008041
  26.6464764   37.4995658
  26.6461258   37.4983317
  26.6457504   37.4971023
  26.6453502   37.4958777
  26.6449255   37.4946583
  26.6444763   37.4934445
  26.6440027   37.4922365
  26.6435048   37.4910346
  26.6429828   37.4898392
  26.6424368   37.4886505
  26.641867    37.4874689
  26.6412734   37.4862946
  26.6406563   37.485128
  26.6400157   37.4839693
  26.6393519   37.4828189
  26.6386651   37.481677
  26.6379553   37.480544
  26.6372229   37.4794201
  26.6364679   37.4783056
  26.6356906   37.4772008
  26.6348911   37.4761059
  26.6340697   37.4750213
  26.6332266   37.4739473
  26.6323619   37.4728841
  26.6321568   37.4726362
  26.631478    37.4718268
  26.6307867   37.4710239
  26.6306636   37.4708829
  26.6297642   37.4698692
  26.628845    37.4688668
  26.6279062   37.4678759
  26.6269479   37.4668968
  26.6259705   37.4659297
  26.6251029   37.4650983
  26.6249931   37.4649708
  26.6240627   37.4639268
  26.6231112   37.4628947
  26.6221388   37.461875
  26.6211458   37.4608679
  26.6201324   37.4598736
  26.6190989   37.4588924
  26.6180457   37.4579245
  26.6169729   37.4569703
  26.6158808   37.4560299
  26.6147698   37.4551036
  26.61364     37.4541917
  26.6124919   37.4532943
  26.6121956   37.4530664
  26.6110872   37.452227
  26.61053     37.4518178
  26.3650381   37.4611587
END
END
